Model,Scenario,2010,2020,2030,2040,2050,2060,2070,2080,2090,2100,Category,Category_name
AIM/CGE 2.0,ADVANCE_2020_1.5C-2100,1.2983,1.3201,3.5329,21.2439,35.517,51.4854,64.2675,66.3909,64.8697,73.2471,failed-vetting,failed-vetting
AIM/CGE 2.0,ADVANCE_2020_Med2C,1.2983,1.3201,2.6258,10.3527,17.4426,23.8578,30.4015,35.2675,39.6459,40.3533,failed-vetting,failed-vetting
AIM/CGE 2.0,ADVANCE_2020_WB2C,1.2983,1.3201,2.6396,14.7203,20.9528,28.4415,34.6304,37.1662,39.9379,42.4109,failed-vetting,failed-vetting
AIM/CGE 2.0,ADVANCE_2030_Med2C,1.2983,1.3589,1.7414,11.8495,20.8651,24.7868,31.3622,34.2925,37.5166,40.8855,failed-vetting,failed-vetting
AIM/CGE 2.0,ADVANCE_2030_Price1.5C,1.3049,1.3546,1.7406,18.436,32.1246,34.7618,38.817,40.7117,42.5066,44.0352,failed-vetting,failed-vetting
AIM/CGE 2.0,ADVANCE_2030_WB2C,1.2983,1.3589,1.7414,11.9248,27.4584,31.5471,36.4499,37.9808,38.9338,39.7772,failed-vetting,failed-vetting
AIM/CGE 2.0,ADVANCE_INDC,1.3049,1.3599,1.7495,5.825,12.5513,21.6659,18.4657,21.2273,22.6464,24.0208,failed-vetting,failed-vetting
AIM/CGE 2.0,ADVANCE_NoPolicy,1.2977,1.3441,1.456999999999999,1.8715,2.9255,4.3243,5.7164,7.0148,8.0638,9.3567,failed-vetting,failed-vetting
AIM/CGE 2.0,ADVANCE_Reference,1.3049,1.3599,1.4001,2.6406,5.1772,8.8853,11.8921,13.8344,15.9908,18.4757,failed-vetting,failed-vetting
AIM/CGE 2.0,EMF30_BCOC-EndU,1.3606,1.5161,1.7266,2.1552,3.1428,4.5081,6.3218,8.0692,9.0716,10.2462,failed-vetting,failed-vetting
AIM/CGE 2.0,EMF30_Baseline,1.3609,1.5164,1.7254,2.1523,3.1352,4.4978,6.3086,8.0544,9.0557,10.2427,failed-vetting,failed-vetting
AIM/CGE 2.0,EMF30_CH4-Only,1.3613,1.5188,1.771999999999999,2.5867,3.7172,5.2911,6.3773,7.4594,8.2942,9.2923,failed-vetting,failed-vetting
AIM/CGE 2.0,EMF30_ClimPolicy,1.3613,1.5247,2.4508,7.2319,11.163,14.8046,18.4668,20.17,21.0168,19.0493,failed-vetting,failed-vetting
AIM/CGE 2.0,EMF30_ClimPolicy+SLCF,1.3608,1.5245,2.5838,7.5336,11.141,14.9562,18.628,20.2997,21.1282,19.0803,failed-vetting,failed-vetting
AIM/CGE 2.0,EMF30_D_BCOC-Red,1.3609,1.5164,1.7254,2.1523,3.1352,4.4978,6.3086,8.0544,9.0557,10.2427,failed-vetting,failed-vetting
AIM/CGE 2.0,EMF30_D_CH4-ClimPolicy,1.3613,1.5182,1.7619,2.5437,3.6961,5.3671,6.8905,8.0272,8.8109,9.8803,failed-vetting,failed-vetting
AIM/CGE 2.0,EMF30_D_CO2-Only,1.3613,1.5246,2.2695,7.622000000000001,12.0201,14.3903,14.9171,15.9866,17.3115,16.9458,failed-vetting,failed-vetting
AIM/CGE 2.0,EMF30_D_Frozen-CH4,1.3609,1.5164,1.7254,2.1523,3.1352,4.4978,6.3086,8.0544,9.0557,10.2427,failed-vetting,failed-vetting
AIM/CGE 2.0,EMF30_D_Frozen-EF,1.3609,1.5164,1.7254,2.1523,3.1352,4.4978,6.3086,8.0544,9.0557,10.2427,failed-vetting,failed-vetting
AIM/CGE 2.0,EMF30_D_Frozen-EF-EndU,1.3609,1.5164,1.7254,2.1523,3.1352,4.4978,6.3086,8.0544,9.0557,10.2427,failed-vetting,failed-vetting
AIM/CGE 2.0,EMF30_D_Frozen-EF-SLCF,1.3609,1.5164,1.7254,2.1523,3.1352,4.4978,6.3086,8.0544,9.0557,10.2427,failed-vetting,failed-vetting
AIM/CGE 2.0,EMF30_SLCF,1.361,1.5185,1.7739,2.5957,3.7372,5.3166,6.4063,7.4924,8.3302,9.336,failed-vetting,failed-vetting
AIM/CGE 2.0,EMF30_Slower-Action,1.3613,1.5237,1.9459,4.3588,8.9612,14.2086,18.7064,21.3902,22.9818,24.2475,failed-vetting,failed-vetting
AIM/CGE 2.0,EMF30_Slower-Action+SLCF,1.361,1.5236,1.9477,4.2769,8.7553,14.1146,18.8267,21.2586,22.6887,22.9608,failed-vetting,failed-vetting
AIM/CGE 2.0,EMF30_Slower-to-faster,1.3613,1.5237,1.9461,7.1109,13.4111,15.092,18.073,19.7062,20.005,17.9705,failed-vetting,failed-vetting
AIM/CGE 2.0,EMF30_Slower-to-faster+SLCF,1.361,1.5232,1.9474,7.3222,14.9872,14.8743,15.384,16.6872,17.9547,17.2823,failed-vetting,failed-vetting
AIM/CGE 2.0,EMF30_Slower-to-faster+SLCF+HFC,1.361,1.5232,1.9474,7.3133,14.9621,14.8342,15.386,16.6935,17.9612,17.2906,failed-vetting,failed-vetting
AIM/CGE 2.0,SFCM_SSP2_Bio_1p5Degree,1.3606,1.5365,6.1808,24.9352,30.6534,41.1429,48.6875,52.7459,57.6327,62.7313,failed-vetting,failed-vetting
AIM/CGE 2.0,SFCM_SSP2_Bio_2Degree,1.3606,1.5365,2.9377,19.7896,27.0848,34.7602,43.8732,48.5658,53.2388,58.1146,failed-vetting,failed-vetting
AIM/CGE 2.0,SFCM_SSP2_Bio_Baseline,1.3606,1.5182,1.7589,2.4795,4.962,8.357000000000001,12.6196,17.2918,19.3066,21.6047,failed-vetting,failed-vetting
AIM/CGE 2.0,SFCM_SSP2_EEEI_1p5Degree,1.3535,1.5082,4.7285,17.2148,21.1631,27.2679,30.35,31.5401,33.0531,34.3916,failed-vetting,failed-vetting
AIM/CGE 2.0,SFCM_SSP2_EEEI_2Degree,1.3535,1.5082,2.2533,13.2493,18.1604,21.0137,26.4175,28.5475,30.6411,32.3309,failed-vetting,failed-vetting
AIM/CGE 2.0,SFCM_SSP2_EEEI_Baseline,1.3542,1.5055,1.6867,2.0536,3.1268,4.428999999999999,6.023,7.6084,8.4584,8.9917,failed-vetting,failed-vetting
AIM/CGE 2.0,SFCM_SSP2_LifeStyle_1p5Degree,1.3589,1.5264,4.9897,19.2885,24.1902,32.7679,38.9732,42.6262,46.6633,50.6479,failed-vetting,failed-vetting
AIM/CGE 2.0,SFCM_SSP2_LifeStyle_2Degree,1.3589,1.5264,2.4616,15.0883,21.0286,25.7918,33.0798,36.6882,40.2069,43.6946,failed-vetting,failed-vetting
AIM/CGE 2.0,SFCM_SSP2_LifeStyle_Baseline,1.359,1.5139,1.7267,2.2378,3.6654,5.5733,8.0514,10.6968,11.9153,13.0856,failed-vetting,failed-vetting
AIM/CGE 2.0,SFCM_SSP2_Ref_1p5Degree,1.3605,1.5326,5.4031,20.1777,24.8756,33.5994,39.7189,43.2038,47.0761,51.0585,failed-vetting,failed-vetting
AIM/CGE 2.0,SFCM_SSP2_Ref_2Degree,1.3605,1.5326,2.6132,15.2048,20.9831,27.5513,35.1484,39.4947,43.7612,47.6459,failed-vetting,failed-vetting
AIM/CGE 2.0,SFCM_SSP2_Ref_Baseline,1.3605,1.5167,1.7365,2.2716,3.7992,5.9015,8.6412,11.5651,12.9034,14.4599,failed-vetting,failed-vetting
AIM/CGE 2.0,SFCM_SSP2_ST_CCS_1p5Degree,1.3605,1.5326,5.3826,21.8275,27.4893,38.5204,44.87300000000001,48.7233,53.2582,58.0117,failed-vetting,failed-vetting
AIM/CGE 2.0,SFCM_SSP2_ST_CCS_2Degree,1.3605,1.5326,2.6001,15.4856,22.7025,32.0237,40.3819,44.8519,49.6263,54.1288,failed-vetting,failed-vetting
AIM/CGE 2.0,SFCM_SSP2_ST_CCS_Baseline,1.3605,1.5167,1.7365,2.2716,3.7992,5.9015,8.6412,11.5651,12.9034,14.4599,failed-vetting,failed-vetting
AIM/CGE 2.0,SFCM_SSP2_ST_bio_1p5Degree,1.3605,1.5357,5.8089,22.3917,27.4987,36.92,43.4426,47.3752,51.8163,56.5822,failed-vetting,failed-vetting
AIM/CGE 2.0,SFCM_SSP2_ST_bio_2Degree,1.3605,1.5357,2.8362,17.7512,24.1358,31.1548,39.5953,44.035,48.6669,53.0363,failed-vetting,failed-vetting
AIM/CGE 2.0,SFCM_SSP2_ST_bio_Baseline,1.3605,1.5179,1.7532,2.4228,4.6275,7.646,11.4684,15.6459,17.455,19.5312,failed-vetting,failed-vetting
AIM/CGE 2.0,SFCM_SSP2_ST_nuclear_1p5Degree,1.36,1.5324,5.3966,20.0848,24.4878,32.9337,38.4304,41.613,44.9952,48.1133,failed-vetting,failed-vetting
AIM/CGE 2.0,SFCM_SSP2_ST_nuclear_2Degree,1.36,1.5324,2.6375,15.3743,20.8564,27.1112,34.4045,38.2728,42.0293,45.1978,failed-vetting,failed-vetting
AIM/CGE 2.0,SFCM_SSP2_ST_nuclear_Baseline,1.36,1.5162,1.7387,2.2832,3.831,5.9543,8.7084,11.5959,12.8466,14.2342,failed-vetting,failed-vetting
AIM/CGE 2.0,SFCM_SSP2_ST_solar_1p5Degree,1.3605,1.5326,5.2729,19.2673,23.4014,31.854,37.159,40.4214,44.1967,47.9565,failed-vetting,failed-vetting
AIM/CGE 2.0,SFCM_SSP2_ST_solar_2Degree,1.3605,1.5326,2.5991,15.3353,20.7027,26.3537,33.5562,37.241,41.1995,45.0981,failed-vetting,failed-vetting
AIM/CGE 2.0,SFCM_SSP2_ST_solar_Baseline,1.3605,1.5167,1.7359,2.2688,3.7802,5.8528,8.5618,11.4447,12.7641,14.2931,failed-vetting,failed-vetting
AIM/CGE 2.0,SFCM_SSP2_ST_wind_1p5Degree,1.3604,1.5324,5.1598,18.8008,22.8007,30.949,36.2985,39.2572,42.7204,46.3004,failed-vetting,failed-vetting
AIM/CGE 2.0,SFCM_SSP2_ST_wind_2Degree,1.3604,1.5324,2.5802,14.8634,20.1212,25.9831,33.4418,37.5878,41.8535,45.7992,failed-vetting,failed-vetting
AIM/CGE 2.0,SFCM_SSP2_ST_wind_Baseline,1.3605,1.5166,1.7356,2.2663,3.7631,5.8276,8.5215,11.3774,12.6841,14.1586,failed-vetting,failed-vetting
AIM/CGE 2.0,SFCM_SSP2_SupTech_1p5Degree,1.3599,1.5352,5.3972,21.9671,26.9169,37.0999,43.3631,46.6567,50.402,53.9742,failed-vetting,failed-vetting
AIM/CGE 2.0,SFCM_SSP2_SupTech_2Degree,1.3599,1.5352,2.7798,16.8515,23.6586,33.2843,41.7032,45.69300000000001,49.3076,52.6864,failed-vetting,failed-vetting
AIM/CGE 2.0,SFCM_SSP2_SupTech_Baseline,1.3599,1.5173,1.7549,2.4269,4.6084,7.5689,11.2845,15.2697,16.8721,18.656,failed-vetting,failed-vetting
AIM/CGE 2.0,SFCM_SSP2_combined_1p5Degree,1.3479,1.4963,4.7725,20.3956,24.9212,32.3769,36.5162,37.5386,38.5035,38.74800000000001,failed-vetting,failed-vetting
AIM/CGE 2.0,SFCM_SSP2_combined_2Degree,1.3479,1.4963,2.2449,15.7119,22.3292,25.8503,31.5233,33.0242,33.8226,33.7855,failed-vetting,failed-vetting
AIM/CGE 2.0,SFCM_SSP2_combined_Baseline,1.3493,1.4961,1.6868,2.1601,3.8098,5.7349,7.8542,9.9664,10.7697,11.1115,failed-vetting,failed-vetting
AIM/CGE 2.0,SSP1-19,1.3591,1.5108,2.4489,8.3421,10.5545,15.8156,19.1771,20.0627,20.9585,21.4884,failed-vetting,failed-vetting
AIM/CGE 2.0,SSP1-26,1.3591,1.5107,1.8137,6.42,12.6828,18.0496,16.2155,17.6795,19.3143,20.2667,C3,C3: limit warming to 2°C (>67%)
AIM/CGE 2.0,SSP1-34,1.3591,1.5107,1.6434,4.4498,9.6828,16.8954,22.3625,24.482,26.8437,28.9067,C5,C5: limit warming to 2.5°C (>50%)
AIM/CGE 2.0,SSP1-45,1.3591,1.5116,1.6113,4.0106,8.2177,13.6699,18.0102,20.5403,22.8111,24.619,C6,C6: limit warming to 3°C (>50%)
AIM/CGE 2.0,SSP1-Baseline,1.3592,1.5163,1.6359,2.3402,5.7485,10.1107,15.125,20.303,22.0407,22.9253,C7,C7: limit warming to 4°C (>50%)
AIM/CGE 2.0,SSP2-19,1.3613,1.5249,4.3248,18.0928,24.1587,35.6863,44.9885,49.3121,53.4004,57.8626,failed-vetting,failed-vetting
AIM/CGE 2.0,SSP2-26,1.3613,1.5248,2.5257,13.3424,20.8009,29.361,39.8163,44.8871,49.7954,54.4812,failed-vetting,failed-vetting
AIM/CGE 2.0,SSP2-34,1.3613,1.5248,2.1351,9.512,22.7344,34.5895,37.3241,37.959,42.7668,48.0408,failed-vetting,failed-vetting
AIM/CGE 2.0,SSP2-45,1.3613,1.5248,1.9068,6.4097,17.1912,30.5415,42.3204,50.4393,54.8678,55.6197,failed-vetting,failed-vetting
AIM/CGE 2.0,SSP2-60,1.3613,1.5248,1.8554,5.5973,14.8232,25.1317,34.7769,40.204,45.4808,50.9878,failed-vetting,failed-vetting
AIM/CGE 2.0,SSP2-Baseline,1.3614,1.5178,1.7407,2.2919,3.8975,6.1397,9.1062,12.2202,13.7977,15.5759,failed-vetting,failed-vetting
AIM/CGE 2.0,SSP3-34,1.3574,1.5166,1.9252,8.4,22.2104,32.8662,49.6196,60.5389,69.8049,76.7733,failed-vetting,failed-vetting
AIM/CGE 2.0,SSP3-45,1.3574,1.5166,1.7642,4.9231,15.9239,32.8394,38.2578,46.0906,54.6409,65.0226,failed-vetting,failed-vetting
AIM/CGE 2.0,SSP3-60,1.3574,1.5166,1.7481,4.4343,13.1581,22.8802,34.1408,41.3412,47.2849,56.2362,failed-vetting,failed-vetting
AIM/CGE 2.0,SSP3-Baseline,1.3574,1.5095,1.7083,2.1244,3.1544,4.5504,6.4579,8.3624,9.738,11.5741,failed-vetting,failed-vetting
AIM/CGE 2.0,SSP4-26,1.3619,1.5208,2.1208,9.7284,18.3122,25.9085,29.4207,31.9347,33.4502,34.1283,C3,C3: limit warming to 2°C (>67%)
AIM/CGE 2.0,SSP4-34,1.3619,1.5208,1.8749,6.3172,15.0483,24.8071,31.9893,35.2291,38.6826,40.6091,C5,C5: limit warming to 2.5°C (>50%)
AIM/CGE 2.0,SSP4-45,1.3619,1.5208,1.7744,5.0626,12.5717,21.708,29.3617,32.5853,34.8918,36.2763,C6,C6: limit warming to 3°C (>50%)
AIM/CGE 2.0,SSP4-Baseline,1.3619,1.5212,1.7655,2.9093,8.7756,16.381,24.1542,31.6085,33.381,34.2993,C7,C7: limit warming to 4°C (>50%)
AIM/CGE 2.0,SSP5-26,1.3574,1.518,3.401999999999999,36.8128,62.8935,83.223,106.7951,120.8154,134.0859,147.076,failed-vetting,failed-vetting
AIM/CGE 2.0,SSP5-34,1.3574,1.518,2.3558,19.9302,43.0276,64.6606,87.7636,103.6679,118.3024,131.4883,failed-vetting,failed-vetting
AIM/CGE 2.0,SSP5-45,1.3574,1.518,2.1243,11.7896,35.147,59.8155,75.7345,88.2704,103.01,117.6374,failed-vetting,failed-vetting
AIM/CGE 2.0,SSP5-60,1.3574,1.518,2.0757,11.0504,31.5956,52.7488,70.5099,82.6635,95.6777,109.9182,failed-vetting,failed-vetting
AIM/CGE 2.0,SSP5-Baseline,1.3575,1.511999999999999,1.7273,2.3397,4.5279,7.7883,12.1756,17.3618,21.50800000000001,26.2752,failed-vetting,failed-vetting
AIM/CGE 2.1,CD-LINKS_INDC2030i_1600,1.2651,1.2642,1.9885,6.8082,14.4547,26.4946,36.659,40.2276,45.0152,53.0375,C5,C5: limit warming to 2.5°C (>50%)
AIM/CGE 2.1,CD-LINKS_INDCi,1.2651,1.2638,1.8484,4.0283,8.1395,13.7901,18.2821,21.2342,23.9605,27.1089,C7,C7: limit warming to 4°C (>50%)
AIM/CGE 2.1,CD-LINKS_NDC2030i_1000,1.2651,1.2642,1.9885,6.851,24.521,32.3002,40.5172,45.6311,50.5143,53.9605,C4,C4: limit warming to 2°C (>50%)
AIM/CGE 2.1,CD-LINKS_NPi,1.2465,1.3199,1.5411,2.1299,3.2139,4.6381,6.11,7.3248,8.1732,9.3946,failed-vetting,failed-vetting
AIM/CGE 2.1,CD-LINKS_NPi2020_1000,1.2342,1.3014,2.1721,13.7978,20.2375,33.198,41.4551,45.9322,51.0565,55.6873,C3,C3: limit warming to 2°C (>67%)
AIM/CGE 2.1,CD-LINKS_NPi2020_1600,1.2651,1.2542,2.02,6.6144,12.9747,23.7888,32.3898,35.5507,39.26300000000001,47.9609,C5,C5: limit warming to 2.5°C (>50%)
AIM/CGE 2.1,CD-LINKS_NPi2020_400,1.2343,1.3017,2.3066,16.4838,23.1944,30.6645,36.672,37.8952,39.7211,39.2181,C1,C1: limit warming to 1.5°C (>50%) with no or limited overshoot
AIM/CGE 2.1,CD-LINKS_NoPolicy,1.2588,1.3548,1.5075,1.8907,3.0579,4.7863,6.6984,8.3199,9.3321,10.742,failed-vetting,failed-vetting
AIM/CGE 2.1,CO_2Deg2020,2.0046,2.8466,3.818,8.2024,25.4147,10.125999836666516,12.618474006490132,14.993021706113096,17.0354550704976,18.388380460947275,no-climate-assessment,no-climate-assessment
AIM/CGE 2.1,CO_2Deg2030,2.0046,2.8468,3.5448,7.8352,39.6294,10.125999836666516,12.618474006490132,14.993021706113096,17.0354550704976,18.388380460947275,no-climate-assessment,no-climate-assessment
AIM/CGE 2.1,CO_BAU,2.005,2.869699999999999,3.255,3.8628,5.124700000000001,10.125999836666516,12.618474006490132,14.993021706113096,17.0354550704976,18.388380460947275,no-climate-assessment,no-climate-assessment
AIM/CGE 2.1,CO_Bridge,2.0046,2.8675,3.7666,7.2344,20.19,25.5739,28.6272,31.3668,34.2299,36.6337,C3,C3: limit warming to 2°C (>67%)
AIM/CGE 2.1,CO_CurPol,2.0046,2.9063,3.3237,4.0546,5.3523,6.433,6.9601,7.1971,7.485100000000001,7.8071,C7,C7: limit warming to 4°C (>50%)
AIM/CGE 2.1,CO_GPP,2.0046,2.8675,3.7666,6.8848,15.5598,10.125999836666516,12.618474006490132,14.993021706113096,17.0354550704976,18.388380460947275,no-climate-assessment,no-climate-assessment
AIM/CGE 2.1,CO_NDCplus,2.0046,2.8468,3.5448,5.904200000000001,15.8677,10.125999836666516,12.618474006490132,14.993021706113096,17.0354550704976,18.388380460947275,no-climate-assessment,no-climate-assessment
AIM/CGE 2.1,EMF33_Baseline,1.2857,1.2878,1.3687,1.7418,2.7951,4.135,5.3606,6.6579,7.6093,9.0676,failed-vetting,failed-vetting
AIM/CGE 2.1,EMF33_Med2C_cost100,1.2859,1.3016,1.9305,7.4151,14.3691,22.2154,26.4519,29.2101,32.847,36.0989,failed-vetting,failed-vetting
AIM/CGE 2.1,EMF33_Med2C_full,1.286,1.3033,2.107,10.2123,21.1499,33.0936,38.7864,44.2353,49.567,53.7223,failed-vetting,failed-vetting
AIM/CGE 2.1,EMF33_Med2C_nobeccs,1.286,1.3033,2.0939,8.3364,17.127,25.7742,31.233,34.1365,37.0654,40.0049,failed-vetting,failed-vetting
AIM/CGE 2.1,EMF33_Med2C_nofuel,1.286,1.2865,1.3808,1.5228,1.6792,1.8513,2.0381,2.2348,2.4409,2.6578,failed-vetting,failed-vetting
AIM/CGE 2.1,EMF33_Med2C_none,1.2865,1.2917,1.3849,1.5273,1.6841,1.8567,2.0441,2.2414,2.4482,2.6659,failed-vetting,failed-vetting
AIM/CGE 2.1,EMF33_WB2C_cost100,1.2859,1.3016,1.9305,11.8537,18.1323,24.0114,29.7041,32.3432,34.9955,37.4001,failed-vetting,failed-vetting
AIM/CGE 2.1,EMF33_WB2C_full,1.286,1.3033,2.107,14.8574,23.6225,31.2057,37.3672,40.599,44.292,47.7573,failed-vetting,failed-vetting
AIM/CGE 2.1,EMF33_tax_hi_full,1.286,1.2556,1.5217,2.9618,6.0777,11.141,11.1911,12.1974,13.545,14.6883,failed-vetting,failed-vetting
AIM/CGE 2.1,EMF33_tax_hi_none,1.2865,1.2448,1.3592,1.4993,1.6535,1.8234,2.0077,2.2017,2.4049,2.6188,failed-vetting,failed-vetting
AIM/CGE 2.1,EMF33_tax_lo_full,1.286,1.2556,1.4841,2.544,4.5536,7.1758,9.0142,10.528,13.9111,13.1038,failed-vetting,failed-vetting
AIM/CGE 2.1,EMF33_tax_lo_none,1.2865,1.2448,1.3592,1.4993,1.6535,1.8234,2.0077,2.2017,2.4049,2.6188,failed-vetting,failed-vetting
AIM/CGE 2.1,TERL_15D_LowCarbonTransportPolicy,1.2781,1.2477,2.2463,17.2686,27.9843,38.7635,50.5221,54.6107,53.3776,48.249,failed-vetting,failed-vetting
AIM/CGE 2.1,TERL_15D_NoTransportPolicy,1.2866,1.2718,2.4505,17.8913,27.7347,37.8667,47.0011,47.0608,41.2117,31.1396,failed-vetting,failed-vetting
AIM/CGE 2.1,TERL_2D_LowCarbonTransportPolicy,1.2781,1.2477,1.8942,6.0618,15.1165,32.6705,45.9471,51.4865,55.2209,55.2743,failed-vetting,failed-vetting
AIM/CGE 2.1,TERL_2D_NoTransportPolicy,1.2866,1.2718,2.0401,7.1072,16.8814,34.995,45.4854,49.5574,49.9807,46.1805,failed-vetting,failed-vetting
AIM/CGE 2.1,TERL_Baseline_LowCarbonTransportPolicy,1.2769,1.2608,1.3361,1.6535,2.5425,3.6576,4.9813,6.1977,7.1996,8.2499,failed-vetting,failed-vetting
AIM/CGE 2.1,TERL_Baseline_NoTransportPolicy,1.2855,1.2833,1.3604,1.6934,2.5752,3.7102,5.0512,6.1963,7.1888,8.3679,failed-vetting,failed-vetting
AIM/CGE 2.2,EN_INDCi2030_1000f,1.2602,1.9263,2.4074,4.2004,8.2102,25.3914,50.3874,61.0169,65.1251,68.4231,C3,C3: limit warming to 2°C (>67%)
AIM/CGE 2.2,EN_INDCi2030_1200,1.2602,1.9263,2.4074,4.146,7.9858,24.0315,42.2514,45.3105,48.2753,50.5048,C4,C4: limit warming to 2°C (>50%)
AIM/CGE 2.2,EN_INDCi2030_1200f,1.2602,1.9263,2.4074,3.8751,7.4705,15.3957,39.1091,59.5394,63.9325,67.3299,C4,C4: limit warming to 2°C (>50%)
AIM/CGE 2.2,EN_INDCi2030_1400,1.2602,1.9263,2.4074,3.7417,7.2301,11.6837,35.2058,44.4506,47.3219,49.4281,C4,C4: limit warming to 2°C (>50%)
AIM/CGE 2.2,EN_INDCi2030_1400f,1.2602,1.9263,2.4074,3.6153,7.1162,10.7439,28.5005,49.2009,63.2474,66.2785,C4,C4: limit warming to 2°C (>50%)
AIM/CGE 2.2,EN_INDCi2030_1600,1.2602,1.9263,2.4074,3.5742,7.0393,10.4037,23.3539,44.8731,46.9995,49.1403,C5,C5: limit warming to 2.5°C (>50%)
AIM/CGE 2.2,EN_INDCi2030_1600f,1.2602,1.9263,2.4074,3.5443,6.9949,10.2008,18.8895,40.611,55.0817,57.225,C5,C5: limit warming to 2.5°C (>50%)
AIM/CGE 2.2,EN_INDCi2030_1800,1.2602,1.9263,2.4074,3.4916,6.9229,10.0283,15.0407,33.8379,44.9874,47.1759,C5,C5: limit warming to 2.5°C (>50%)
AIM/CGE 2.2,EN_INDCi2030_1800f,1.2602,1.9263,2.4074,3.4916,6.9229,10.0283,15.0407,33.8379,44.9874,47.1759,C5,C5: limit warming to 2.5°C (>50%)
AIM/CGE 2.2,EN_INDCi2030_800f,1.2602,1.9263,2.4074,4.3267,17.1048,37.2062,54.1914,59.7052,64.3489,67.9496,C3,C3: limit warming to 2°C (>67%)
AIM/CGE 2.2,EN_INDCi2030_900f,1.2602,1.9263,2.4074,4.3244,9.8749,30.5306,54.7657,60.4164,64.7671,68.2303,C3,C3: limit warming to 2°C (>67%)
AIM/CGE 2.2,EN_INDCi2100,1.2602,1.9263,2.4074,3.5446,7.3557,11.5422,17.1753,24.1215,31.0427,36.9622,C6,C6: limit warming to 3°C (>50%)
AIM/CGE 2.2,EN_NPi2020_1000,1.2602,1.9263,2.5396,3.9403,8.9767,28.5047,42.8097,45.5836,48.4562,50.753,C3,C3: limit warming to 2°C (>67%)
AIM/CGE 2.2,EN_NPi2020_1000f,1.2602,1.9263,2.4775,3.7709,8.3496,15.1895,36.6892,57.5705,66.7698,71.9308,C3,C3: limit warming to 2°C (>67%)
AIM/CGE 2.2,EN_NPi2020_1200,1.2602,1.9263,2.4809,3.7807,8.3723,16.5974,38.2618,45.412,48.1477,50.2061,C3,C3: limit warming to 2°C (>67%)
AIM/CGE 2.2,EN_NPi2020_1200f,1.2602,1.9263,2.463,3.7429,8.3119,11.9669,29.4659,51.001,64.858,70.2891,C4,C4: limit warming to 2°C (>50%)
AIM/CGE 2.2,EN_NPi2020_1400,1.2602,1.9263,2.4611,3.7343,8.2614,11.623,27.1544,45.5766,47.7609,49.6457,C4,C4: limit warming to 2°C (>50%)
AIM/CGE 2.2,EN_NPi2020_1400f,1.2602,1.9263,2.4537,3.7235,8.199,11.1401,22.9899,44.5675,59.2086,62.1567,C4,C4: limit warming to 2°C (>50%)
AIM/CGE 2.2,EN_NPi2020_1600,1.2602,1.9263,2.4421,3.708,8.0893,10.5499,16.3671,36.6125,46.883,48.9725,C5,C5: limit warming to 2.5°C (>50%)
AIM/CGE 2.2,EN_NPi2020_1600f,1.2602,1.9263,2.4421,3.708,8.0893,10.5499,16.3671,36.6125,48.6977,50.6525,C5,C5: limit warming to 2.5°C (>50%)
AIM/CGE 2.2,EN_NPi2020_1800,1.2602,1.9263,2.4332,3.689,7.9991,10.4407,14.2621,30.7847,40.0124,42.1859,C5,C5: limit warming to 2.5°C (>50%)
AIM/CGE 2.2,EN_NPi2020_1800f,1.2602,1.9263,2.4332,3.689,7.9991,10.4407,14.2621,30.7847,40.0124,42.1859,C5,C5: limit warming to 2.5°C (>50%)
AIM/CGE 2.2,EN_NPi2020_300f,1.2602,1.9263,2.679,6.6569,23.0319,48.4979,59.9466,65.9326,70.9724,75.6441,C1,C1: limit warming to 1.5°C (>50%) with no or limited overshoot
AIM/CGE 2.2,EN_NPi2020_400f,1.2602,1.9263,2.6638,4.8752,16.8332,44.3301,59.4453,66.1614,71.0699,75.8989,C2,C2: return warming to 1.5°C (>50%) after a high overshoot
AIM/CGE 2.2,EN_NPi2020_500f,1.2602,1.9263,2.6275,4.2844,12.6408,38.7774,57.9056,65.5828,70.3916,75.3427,C2,C2: return warming to 1.5°C (>50%) after a high overshoot
AIM/CGE 2.2,EN_NPi2020_600,1.2602,1.9263,2.679,11.5938,30.3699,36.976,41.5472,45.2683,48.2362,50.8274,C1,C1: limit warming to 1.5°C (>50%) with no or limited overshoot
AIM/CGE 2.2,EN_NPi2020_600f,1.2602,1.9263,2.5893,4.078,10.2621,33.8137,54.698,64.4028,69.6554,74.6334,C2,C2: return warming to 1.5°C (>50%) after a high overshoot
AIM/CGE 2.2,EN_NPi2020_700,1.2602,1.9263,2.679,5.9228,20.8355,37.9952,42.2443,45.795,48.6532,51.1811,C3,C3: limit warming to 2°C (>67%)
AIM/CGE 2.2,EN_NPi2020_700f,1.2602,1.9263,2.5488,3.9694,9.1889,29.8572,50.2845,62.6586,68.7049,73.6759,C3,C3: limit warming to 2°C (>67%)
AIM/CGE 2.2,EN_NPi2020_800,1.2602,1.9263,2.6425,4.39,14.0247,40.1025,43.1682,46.348,49.1097,51.3667,C3,C3: limit warming to 2°C (>67%)
AIM/CGE 2.2,EN_NPi2020_800f,1.2602,1.9263,2.5158,3.8419,8.5888,25.1459,45.7508,60.4872,67.6887,72.6148,C3,C3: limit warming to 2°C (>67%)
AIM/CGE 2.2,EN_NPi2020_900,1.2602,1.9263,2.5893,4.078,10.2621,33.8137,42.9288,45.9696,48.8628,51.1253,C3,C3: limit warming to 2°C (>67%)
AIM/CGE 2.2,EN_NPi2020_900f,1.2602,1.9263,2.4902,3.7976,8.42,19.8117,41.308,59.6504,67.5876,72.3613,C3,C3: limit warming to 2°C (>67%)
AIM/CGE 2.2,EN_NPi2100,1.2602,1.9263,2.2719,2.6542,3.0484,3.4518,3.8436,4.2837,4.7009,5.0942,C7,C7: limit warming to 4°C (>50%)
AIM/Hub-Global 2.0,1.5C,1.995,2.8409,3.458200000000001,8.1335,18.9453,29.13809999999999,41.2148,48.02320000000001,50.9117,54.1171,C1,C1: limit warming to 1.5°C (>50%) with no or limited overshoot
AIM/Hub-Global 2.0,2.5C,1.995,2.4517,2.6633,3.6493,9.8789,11.6914,14.2263,16.7865,18.4052,19.735,C6,C6: limit warming to 3°C (>50%)
AIM/Hub-Global 2.0,2C,1.995,2.4517,2.850599999999999,4.0031,10.0597,12.5479,15.3694,17.6097,19.979,22.4356,C5,C5: limit warming to 2.5°C (>50%)
AIM/Hub-Global 2.0,450ppmCancunP,1.3765,1.5411,2.0742,7.8565,13.2,16.4878,21.076,23.32450000000001,25.5753,27.8309,failed-vetting,failed-vetting
AIM/Hub-Global 2.0,450ppmRCP,1.3686,1.5421,2.3549,9.4114,12.8722,17.1085,20.8113,22.9689,25.2689,27.39569999999999,failed-vetting,failed-vetting
AIM/Hub-Global 2.0,450ppmeINDC,1.3751,1.5467,1.9166,4.3977,12.5041,16.4148,20.2145,21.0342,25.4018,28.8565,failed-vetting,failed-vetting
AIM/Hub-Global 2.0,Baseline,1.995,2.4461,2.7696,3.2581,4.1506,5.7327,6.2082,6.869800000000001,7.639500000000001,8.457,C7,C7: limit warming to 4°C (>50%)
AIM/Hub-Global 2.0,INDCSamePrice,1.3765,1.5474,1.9184,3.745400000000001,6.193000000000001,9.063,11.6222,13.1286,14.3297,15.6341,failed-vetting,failed-vetting
AIM/Hub-Global 2.0,WB2C,1.995,2.8409,3.419,4.910000000000001,10.9318,14.4406,21.0514,32.2122,49.3628,51.7433,C3,C3: limit warming to 2°C (>67%)
BET EMF33,EMF33_1.5C_cost100,1.180512,0.8227106491593531,2.78343378179777,6.32946300961401,12.9841524228636,28.8546634605248,50.7436681561565,81.10115625934759,109.893485397086,86.174263798397,failed-vetting,failed-vetting
BET EMF33,EMF33_1.5C_full,1.180512,0.822143773755525,2.806262981954789,6.684516662965598,13.3732414614871,29.6885551741445,51.2793097008988,82.0189705093492,110.326707730155,85.2706223172001,failed-vetting,failed-vetting
BET EMF33,EMF33_1.5C_nofuel,1.180512,0.7539373250392221,2.75516576646416,6.67652081041805,13.4840562969381,29.8740247085288,51.0769045428453,82.2599504908932,110.32479802036,85.00753873290209,failed-vetting,failed-vetting
BET EMF33,EMF33_Baseline,1.180512,0.7810682854526151,0.478762331600373,0.293997006987569,0.147002163984156,0.1436855275214849,0.14698903781273,0.117802980210617,0.058919222684803,0.058279796404602,failed-vetting,failed-vetting
BET EMF33,EMF33_Med2C_cost100,1.180512,0.83153608999449,0.567776667148091,1.03150421001859,3.52418894227044,9.28018132533642,19.1070560962164,30.4588723222793,50.3246702395574,45.09393309140661,failed-vetting,failed-vetting
BET EMF33,EMF33_Med2C_full,1.180512,0.8315360834757851,1.56388645551991,3.798938883795769,6.35333089574036,12.2751933766823,20.5467615120898,29.9990810465703,51.7505658198347,47.05401795347221,failed-vetting,failed-vetting
BET EMF33,EMF33_Med2C_limbio,1.180512,0.830791821996504,1.63406939847856,4.299192732238549,8.0075802594965,13.1922316493668,20.9616871333874,24.1573890949644,24.6013198709493,24.8006600422233,failed-vetting,failed-vetting
BET EMF33,EMF33_Med2C_nofuel,1.180512,0.83153608307813,1.25832609664418,3.12816069143724,6.30117116998234,12.7348090641379,21.2951153262593,32.7066748658513,49.9814426501922,46.1046152133917,failed-vetting,failed-vetting
BET EMF33,EMF33_WB2C_cost100,1.180512,0.8184186003642541,1.97937775121383,4.588509396164079,8.39219084770231,15.2434570475197,28.5707712030144,56.4625751642923,79.1249360592436,70.0658120029111,failed-vetting,failed-vetting
BET EMF33,EMF33_WB2C_full,1.180512,0.818418590418241,2.10695743485424,5.00239909662659,9.33045620234818,16.0678917730258,29.3634284853717,57.4868133261775,81.7466758607512,69.4956108262847,failed-vetting,failed-vetting
BET EMF33,EMF33_WB2C_limbio,1.180512,0.690565813173027,2.41790824754828,6.266084465039951,14.1077786248589,22.1044197353261,24.489032830275,24.7445164140019,24.8722581269403,24.93612881732589,failed-vetting,failed-vetting
BET EMF33,EMF33_WB2C_nofuel,1.180512,0.7511213856246659,2.07183961056034,4.468458789048009,9.83477310078989,16.9979966698823,30.0101259886287,57.4953616302615,81.0350792850089,69.79592100730561,failed-vetting,failed-vetting
BET EMF33,EMF33_tax_hi_full,1.180512,0.8272018648819449,0.9290442029201272,1.41215472393008,3.464811777764029,8.3360169649666,16.4237316048355,24.86601953355169,41.9916294923049,70.2688017840412,failed-vetting,failed-vetting
BET EMF33,EMF33_tax_hi_none,1.180512,0.8340303514025451,0.4886100776647971,0.244305873399988,0.122153881913228,0.216948158464307,0.711461315709882,2.62165441210341,5.66482206954878,12.2988215190127,failed-vetting,failed-vetting
BET EMF33,EMF33_tax_lo_full,1.180512,0.7657083467013871,0.5617714703342901,0.4194913375555471,0.623158870970282,1.65404139111157,4.274799589276999,9.68890600004423,18.8099477785353,25.4202653570718,failed-vetting,failed-vetting
BET EMF33,EMF33_tax_lo_none,1.180512,0.765404058675294,0.5493570164071551,0.2746827029864861,0.137343981383482,0.078317147896048,0.0874589754311,0.0697970519012859,1.01258196926741,3.07074786471143,failed-vetting,failed-vetting
COFFEE 1.1,CO_2Deg2020,0.0819936,0.0819936,0.2504510328250079,0.8907943311789119,2.465537633360352,3.313665385783632,2.485588436605152,1.130261190939072,0.3729941652741119,0.183664008107712,C4,C4: limit warming to 2°C (>50%)
COFFEE 1.1,CO_2Deg2030,0.0819936,0.0819936,0.392408077049856,0.93558207887928,2.561612451623424,3.505609928154528,2.827839649244976,1.39902442446528,0.4546977346739519,0.2084853803325119,C4,C4: limit warming to 2°C (>50%)
COFFEE 1.1,CO_BAU,0.0819936,0.0819936,1.268509279802112,0.4991680970377919,0.7817299554879359,0.915992973775152,0.881677963018944,1.048481761659696,1.107837404672544,1.102113148578624,C7,C7: limit warming to 4°C (>50%)
COFFEE 1.1,CO_Bridge,0.0819936,0.0819936,0.9047791855805758,0.498153921069168,1.20541867334136,1.900806115500864,2.416205671586495,2.018661142487904,0.646684202611584,0.27286379833176,C3,C3: limit warming to 2°C (>67%)
COFFEE 1.1,CO_CurPol,0.0819936,0.0819936,0.16745616,0.4807774711295999,0.6260429841408,1.0544570717184,1.64762891748864,1.70135454523392,1.44832908722688,1.769062431085056,C6,C6: limit warming to 3°C (>50%)
COFFEE 1.1,CO_GPP,0.0819936,0.0819936,0.9047791855805758,0.4910390770766399,0.738559958040432,0.913321166907312,0.9288083516624638,0.908839107199296,0.7916684640458399,0.7223922048031199,C5,C5: limit warming to 2.5°C (>50%)
COFFEE 1.1,CO_NDCplus,0.0819936,0.0819936,0.392408077049856,0.252042089146848,0.488171959687584,0.92656223825256,0.9988890736406398,0.935130393576288,0.905686509034944,0.8255054560560479,C6,C6: limit warming to 3°C (>50%)
COFFEE 1.1,EN_INDCi2030_1000,0.0819936,0.0819936,0.392408077049856,1.295604270978336,2.850801383852784,4.256523892749168,4.347359566867583,3.97840642882776,4.243362356646575,4.306016330977823,C4,C4: limit warming to 2°C (>50%)
COFFEE 1.1,EN_INDCi2030_1000_COV_NDCp,0.5299371884433599,0.0819936040996799,0.31431026369088,0.8646830002239839,2.599231782132144,3.985503350627664,4.215708177002352,4.53647592386136,4.660748435803967,5.184039370872095,failed-vetting,failed-vetting
COFFEE 1.1,EN_INDCi2030_1000_NDCp,0.5299371884433599,0.0819936040996799,0.28832455554048,1.256646910184784,2.844882584476992,3.929622522588575,4.109259898384559,4.396525274034576,4.998322640310912,5.407794941789519,C4,C4: limit warming to 2°C (>50%)
COFFEE 1.1,EN_INDCi2030_1000f,0.0819936,0.0819936,0.392408077049856,0.435521508989112,0.967508717313816,2.608567959687379,3.397737286202119,2.31997124202094,0.7742086039596094,0.4209286440568247,C5,C5: limit warming to 2.5°C (>50%)
COFFEE 1.1,EN_INDCi2030_1000f_COV_NDCp,0.5299371884433599,0.0819936040996799,0.31431026369088,0.3463693534042559,0.915402053973168,3.63600003286152,4.738700988323568,3.510877987972944,1.530130773889728,0.7679602790036639,failed-vetting,failed-vetting
COFFEE 1.1,EN_INDCi2030_1000f_NDCp,0.5299371884433599,0.0819936040996799,0.28832455554048,0.400240102599792,1.234429481878704,3.7869783011028,4.591268579609135,2.786014887364511,0.8996078460119039,0.4802245506623519,failed-vetting,failed-vetting
COFFEE 1.1,EN_INDCi2030_1200,0.0819936,0.0819936,0.392408077049856,1.687613439668072,3.285018677034325,5.395469346593874,6.365768749478422,6.664238973326179,7.068691668653427,7.190093313741198,C4,C4: limit warming to 2°C (>50%)
COFFEE 1.1,EN_INDCi2030_1200f,0.0819936,0.0819936,0.392408077049856,0.379676105669952,0.77351402786112,3.402555705387216,4.520089174012416,3.738981617971632,2.296701832837248,0.8738319278217599,C5,C5: limit warming to 2.5°C (>50%)
COFFEE 1.1,EN_INDCi2030_1400,0.0819936,0.0819936,0.392408077049856,0.4169177943446879,1.057338038268,3.544854740281872,4.197638386500623,4.177224679077648,4.577108039759808,4.413934795115088,C5,C5: limit warming to 2.5°C (>50%)
COFFEE 1.1,EN_INDCi2030_1400f,0.0819936,0.0819936,0.392408077049856,0.325339990286976,0.7108827546564,2.219255214573168,3.723198637236336,3.69507174865704,2.576583142987248,1.122642469941984,C5,C5: limit warming to 2.5°C (>50%)
COFFEE 1.1,EN_INDCi2030_1600,0.0819936,0.0819936,0.392408077049856,0.354911410543536,0.7679054132700479,2.599034922625679,4.616095832824895,5.05950800850864,5.089936310482175,4.894452042620255,C5,C5: limit warming to 2.5°C (>50%)
COFFEE 1.1,EN_INDCi2030_1600f,0.0819936,0.0819936,0.392408077049856,0.25380260722368,0.5402439300065759,0.91022642579232,3.442660518173472,4.36867727139072,3.471328748903759,2.90903037466248,C5,C5: limit warming to 2.5°C (>50%)
COFFEE 1.1,EN_INDCi2030_1800,0.0819936,0.0819936,0.392408077049856,0.25380288915552,0.53623235619792,0.91022642579232,3.265648426423584,4.66474683374568,4.71559740336864,4.969064208610224,C5,C5: limit warming to 2.5°C (>50%)
COFFEE 1.1,EN_INDCi2030_1800f,0.0819936,0.0819936,0.392408077049856,0.25380951486912,0.525577491947376,0.91022642579232,2.483849065087727,4.670560456051823,4.837647323499984,4.161824789786351,C5,C5: limit warming to 2.5°C (>50%)
COFFEE 1.1,EN_INDCi2030_2000,0.0819936,0.0819936,0.392408077049856,0.251398466160912,0.4833875076143039,0.909165983515776,1.682130179072448,4.031267755349807,4.998640795756559,4.911090646975344,C5,C5: limit warming to 2.5°C (>50%)
COFFEE 1.1,EN_INDCi2030_2000f,0.0819936,0.0819936,0.392408077049856,0.235310142268368,0.4794479862177599,0.9091701170969758,1.415328483106368,3.77633468413512,4.907252881749312,4.257614825449632,C5,C5: limit warming to 2.5°C (>50%)
COFFEE 1.1,EN_INDCi2030_2500,0.0819936,0.0819936,0.392408077049856,0.2980977911125919,0.5372998577134559,0.8800716751559998,1.00443041021232,0.7541485326123839,3.694522175893872,4.851785697041807,C6,C6: limit warming to 3°C (>50%)
COFFEE 1.1,EN_INDCi2030_2500f,0.0819936,0.0819936,0.392408077049856,0.2980977911125919,0.5372998577134559,0.8800716751559998,1.00443041021232,0.7541485326123839,3.694522175893872,4.851785697041807,C6,C6: limit warming to 3°C (>50%)
COFFEE 1.1,EN_INDCi2030_400f,0.0819936,0.0819936,0.392408077049856,1.354730166441792,2.857940414096688,3.72609798419664,2.830042199392127,1.08682627160232,0.378017015505408,0.162174390220944,C2,C2: return warming to 1.5°C (>50%) after a high overshoot
COFFEE 1.1,EN_INDCi2030_500,0.0819936,0.0819936,0.392408077049856,0.362851647178608,1.580474596132944,1.482718264474032,1.60343499039768,3.254207286816431,4.20614882425872,2.382549988208112,C3,C3: limit warming to 2°C (>67%)
COFFEE 1.1,EN_INDCi2030_500f,0.0819936,0.0819936,0.392408077049856,1.260025947384235,2.824294622312678,3.628393424838878,2.79146307670421,1.118268332309009,0.3819973106147112,0.169655848728192,C2,C2: return warming to 1.5°C (>50%) after a high overshoot
COFFEE 1.1,EN_INDCi2030_600,0.0819936,0.0819936,0.392408077049856,2.106568198206756,2.140171096147416,2.017910740403519,2.44798104359196,3.655030807402992,4.63657694018544,3.924213360725015,C3,C3: limit warming to 2°C (>67%)
COFFEE 1.1,EN_INDCi2030_600_COV_NDCp,0.5299371884433599,0.0819936040996799,0.31431026369088,2.922242009926896,2.806064220684815,2.102382006893424,2.03660732426328,3.066628979678832,4.349526450807888,4.221415026674928,failed-vetting,failed-vetting
COFFEE 1.1,EN_INDCi2030_600_NDCp,0.5299371884433599,0.0819936040996799,0.28832455554048,2.666638710032976,2.500079884900848,2.048037112455696,2.15250456483432,3.290163980937407,4.890290236416432,5.341139287691183,C3,C3: limit warming to 2°C (>67%)
COFFEE 1.1,EN_INDCi2030_600f,0.0819936,0.0819936,0.392408077049856,0.9817417827682056,2.600124153326647,3.52144115549771,2.82136195129271,1.357743300484075,0.4438980318179591,0.2028589891994087,C4,C4: limit warming to 2°C (>50%)
COFFEE 1.1,EN_INDCi2030_600f_COV_NDCp,0.5299371884433599,0.0819936040996799,0.31431026369088,0.6615823390371359,2.207929655604384,3.259625357962656,2.759351827151664,1.624758385686624,0.5100678716618879,0.2369031365404799,failed-vetting,failed-vetting
COFFEE 1.1,EN_INDCi2030_600f_NDCp,0.5299371884433599,0.0819936040996799,0.28832455554048,0.8091543183612478,2.55224975005944,3.655300363602048,2.376089277898032,0.6848541270191519,0.2456125341026399,0.1324781246483999,failed-vetting,failed-vetting
COFFEE 1.1,EN_INDCi2030_700,0.0819936,0.0819936,0.392408077049856,2.388796473949848,3.216863342204423,2.636197290786384,2.476410953939892,3.291283612548936,4.531061405505708,4.632403300799291,C3,C3: limit warming to 2°C (>67%)
COFFEE 1.1,EN_INDCi2030_700f,0.0819936,0.0819936,0.392408077049856,0.7386576122540448,2.136409485782357,3.234997165556037,3.226251030340391,1.957501910302056,0.6283889172405215,0.2586745528825824,C4,C4: limit warming to 2°C (>50%)
COFFEE 1.1,EN_INDCi2030_800,0.0819936,0.0819936,0.392408077049856,2.779945955796038,4.704425534490364,4.89311574696049,5.229533973433306,5.972544441173461,6.930495041024534,7.292323663617656,C3,C3: limit warming to 2°C (>67%)
COFFEE 1.1,EN_INDCi2030_800f,0.0819936,0.0819936,0.392408077049856,0.5160976235946,1.464761870783668,2.545462854968479,3.048744798892016,2.049153442013081,0.66119997182526,0.2665500731580815,C4,C4: limit warming to 2°C (>50%)
COFFEE 1.1,EN_INDCi2030_900,0.0819936,0.0819936,0.392408077049856,3.442552514858226,6.312077458352902,7.742005586512666,9.060138498071986,9.81605632558888,10.28177665696984,10.79578018626656,C3,C3: limit warming to 2°C (>67%)
COFFEE 1.1,EN_INDCi2030_900f,0.0819936,0.0819936,0.392408077049856,0.463640425125696,1.026304052220288,2.303514201498026,3.115422842041354,2.306167592108191,0.7779679463990375,0.3858099290816471,C4,C4: limit warming to 2°C (>50%)
COFFEE 1.1,EN_INDCi2100,0.0819936,0.0819936,0.392408077049856,0.4807774711295999,0.7274307700223999,1.41192685536768,1.82546113798656,1.77222612966912,1.571083609047552,1.460525737655808,C6,C6: limit warming to 3°C (>50%)
COFFEE 1.1,EN_INDCi2100_COV_NDCp,0.0819936040996799,0.0819936040996799,0.31431026369088,0.2494074970295999,0.525284407432512,0.750082109784192,0.815485798999872,0.792742870116288,0.8072600544370079,0.8577383085617759,C6,C6: limit warming to 3°C (>50%)
COFFEE 1.1,EN_INDCi2100_NDCp,0.5299371884433599,0.0819936040996799,0.28832455554048,0.240530408868816,0.5456364656652,0.8720802325085759,0.959740596740016,0.893211865391664,0.8628425067880799,0.8404301322015839,failed-vetting,failed-vetting
COFFEE 1.1,EN_NPi2020_1000,0.0819936,0.0819936,0.2614028536435679,0.988943073422112,2.4337457658036,3.620147179009392,3.548058811757712,3.970174707940608,4.766568714748655,5.427780745869359,C4,C4: limit warming to 2°C (>50%)
COFFEE 1.1,EN_NPi2020_1000_COV,0.0819936040996799,0.0819936040996799,0.1917705193119359,0.722385499366512,2.499373116909072,4.453025725627488,4.560461429801904,4.047223176762191,4.109184215548128,4.903505316610415,failed-vetting,failed-vetting
COFFEE 1.1,EN_NPi2020_1000f,0.0819936,0.0819936,0.1747154353089599,0.445937658002928,1.12948400413152,3.003562784131919,3.464155605758688,2.105986217071104,0.7257400709466238,0.3859889442436799,C5,C5: limit warming to 2.5°C (>50%)
COFFEE 1.1,EN_NPi2020_1000f_COV,0.0819936040996799,0.0819936040996799,0.135005718681216,0.3173246977511519,0.6144836689555201,3.857510039190048,4.894162021260144,3.299047686612432,1.693735633349424,0.7779315100089599,failed-vetting,failed-vetting
COFFEE 1.1,EN_NPi2020_1200,0.0819936,0.0819936,0.2030978356243199,0.5686313109916321,1.603761870088512,3.041090707040064,3.64699323380016,3.674998538516592,4.048802971073855,4.988362806794447,C4,C4: limit warming to 2°C (>50%)
COFFEE 1.1,EN_NPi2020_1200f,0.0819936,0.0819936,0.1463330349935999,0.3740544813751199,0.73133733175776,3.615853615649855,4.475468127216383,2.913137354994192,1.588506973107552,0.6780771859055038,C5,C5: limit warming to 2.5°C (>50%)
COFFEE 1.1,EN_NPi2020_1400,0.0819936,0.0819936,0.1747154353089599,0.445937658002928,0.99184619457936,3.84654697758504,4.635993095232768,4.358818776981167,4.75102391028408,4.846976803180944,C5,C5: limit warming to 2.5°C (>50%)
COFFEE 1.1,EN_NPi2020_1400f,0.0819936,0.0819936,0.1463330349935999,0.334304688830112,0.67417564110624,2.88522062449488,4.03903330808904,3.706361382193055,2.94687266532192,1.238104672969824,C5,C5: limit warming to 2.5°C (>50%)
COFFEE 1.1,EN_NPi2020_1600,0.0819936,0.0819936,0.1463330349935999,0.34076532370608,0.67417564110624,3.512199816227807,4.753732233600864,4.550296693049136,4.772902799094048,4.955931835612848,C5,C5: limit warming to 2.5°C (>50%)
COFFEE 1.1,EN_NPi2020_1600f,0.0819936,0.0819936,0.1463330349935999,0.31239500514768,0.59037829669728,2.028024579502944,5.010034901911055,5.076074421693216,3.605334721417728,2.442345111618912,C5,C5: limit warming to 2.5°C (>50%)
COFFEE 1.1,EN_NPi2020_1800,0.0819936,0.0819936,0.1463330349935999,0.3123329318928,0.583312372104816,2.070074270799648,5.135893976800079,5.547469946540975,5.364519548570208,5.89808735975808,C5,C5: limit warming to 2.5°C (>50%)
COFFEE 1.1,EN_NPi2020_1800f,0.0819936,0.0819936,0.1463330349935999,0.3216142179432,0.5995975094928,1.554868943739648,3.823187358784032,5.134045991009758,4.894894630228752,3.965514135582527,C5,C5: limit warming to 2.5°C (>50%)
COFFEE 1.1,EN_NPi2020_2000,0.0819936,0.0819936,0.1179506346782399,0.29323181762784,0.59002359869088,0.9588273881004,3.05826296904288,5.264323776689183,5.59809560469168,5.651087103496224,C5,C5: limit warming to 2.5°C (>50%)
COFFEE 1.1,EN_NPi2020_2000f,0.0819936,0.0819936,0.1179506346782399,0.28985432085792,0.58485700551096,0.9588273881004,2.201931197964,5.143972076338894,6.149120264769743,5.218375256694287,C5,C5: limit warming to 2.5°C (>50%)
COFFEE 1.1,EN_NPi2020_2500,0.0819936,0.0819936,0.1179506346782399,0.28985432085792,0.505496194746624,0.857674774874736,1.010579921193024,2.282622241926384,5.816671021066176,6.057696925206863,C6,C6: limit warming to 3°C (>50%)
COFFEE 1.1,EN_NPi2020_2500f,0.0819936,0.0819936,0.1179506346782399,0.28985432085792,0.505496194746624,0.857674774874736,1.010579921193024,2.282622241926384,5.816671021066176,6.057696925206863,C6,C6: limit warming to 3°C (>50%)
COFFEE 1.1,EN_NPi2020_400,0.0819936,0.0819936,1.594305636312096,2.6057662138656,2.022861210405984,1.844383393588464,2.476534556020032,3.590859816339984,4.848495866788319,5.265763507735776,C1,C1: limit warming to 1.5°C (>50%) with no or limited overshoot
COFFEE 1.1,EN_NPi2020_400_lowBECCS,0.0819936,0.0819936,0.7792421623153918,1.087918993182384,0.7284934742816158,0.6189771988428479,0.4210954349317919,0.6655448404330558,0.763655524179984,0.698878044527904,C3,C3: limit warming to 2°C (>67%)
COFFEE 1.1,EN_NPi2020_400f,0.0819936,0.0819936,0.4777109601588,1.247126961862368,2.667251344042368,3.660123425263199,2.696262365794608,1.054097136181584,0.3176683214811839,0.106431247191024,C2,C2: return warming to 1.5°C (>50%) after a high overshoot
COFFEE 1.1,EN_NPi2020_400f_lowBECCS,0.0819936,0.0819936,0.5380966271155679,1.271258473081104,2.023030120438656,2.250424007591616,1.572658609256496,0.8763134927289119,2.277251382127392,2.900937076916112,C3,C3: limit warming to 2°C (>67%)
COFFEE 1.1,EN_NPi2020_500,0.0819936,0.0819936,1.351382037130368,2.663068261287744,2.41108999781976,2.001718369218528,2.279112982229664,3.413051045317872,4.955899374598895,5.470972675028063,C3,C3: limit warming to 2°C (>67%)
COFFEE 1.1,EN_NPi2020_500f,0.0819936,0.0819936,0.7941648308791679,2.119273648922304,3.437505537021792,3.647288977241328,2.776495950969264,1.265494607676576,0.3815199272891519,0.1635244504490879,C2,C2: return warming to 1.5°C (>50%) after a high overshoot
COFFEE 1.1,EN_NPi2020_600,0.0819936,0.0819936,1.077333523048368,2.371641261711984,3.132196901255376,2.514713970934512,2.584392893556624,3.690513451709713,4.733055560088287,5.486772387692735,C3,C3: limit warming to 2°C (>67%)
COFFEE 1.1,EN_NPi2020_600_COV,0.0819936040996799,0.0819936040996799,0.979589510076384,2.5030882697256,3.756354343162704,2.978655915855888,2.983149745682112,3.089565025786368,3.850782810701472,5.07521668156632,failed-vetting,failed-vetting
COFFEE 1.1,EN_NPi2020_600f,0.0819936,0.0819936,0.2504510328250079,0.8907943311789119,2.465537633360352,3.313665385783632,2.485588436605152,1.130261190939072,0.3729941652741119,0.183664008107712,C4,C4: limit warming to 2°C (>50%)
COFFEE 1.1,EN_NPi2020_600f_COV,0.0819936040996799,0.0819936040996799,0.1917705193119359,0.5250591444915359,1.661844910587264,3.244586031837648,3.028423411959552,1.445976719099136,0.482383739850192,0.2314569278712959,failed-vetting,failed-vetting
COFFEE 1.1,EN_NPi2020_700,0.0819936,0.0819936,0.961371160637328,2.062347623802864,3.099894745709088,2.449730320708896,2.665711005587136,3.059222302393776,4.066113281096735,5.522128413477264,C3,C3: limit warming to 2°C (>67%)
COFFEE 1.1,EN_NPi2020_700f,0.0819936,0.0819936,0.2030978356243199,0.7763804580807361,2.208515048343936,3.390090609425616,2.85564309303456,1.452954096311616,0.4766662969513919,0.2093679170585279,C4,C4: limit warming to 2°C (>50%)
COFFEE 1.1,EN_NPi2020_800,0.0819936,0.0819936,0.6393378548298239,1.761426057906576,2.68095743070552,2.744668742972544,2.899841633747712,3.04361505302256,4.11400489024944,5.669470179812159,C3,C3: limit warming to 2°C (>67%)
COFFEE 1.1,EN_NPi2020_800f,0.0819936,0.0819936,0.2030978356243199,0.5321870021613601,1.587930894273312,2.843453472926112,3.174867557426592,1.890550411421616,0.6162801117397919,0.2510711662844159,C4,C4: limit warming to 2°C (>50%)
COFFEE 1.1,EN_NPi2020_900,0.0819936,0.0819936,0.4831509218932799,1.324298386552032,2.59746977407392,3.441120302487888,3.422637096817536,3.523197760464672,4.063775334381791,5.291265641632271,C3,C3: limit warming to 2°C (>67%)
COFFEE 1.1,EN_NPi2020_900f,0.0819936,0.0819936,0.1747154353089599,0.48295493306424,1.626973560672192,2.969691224976,3.447228367974384,2.28124734615216,0.728632725273936,0.3061420742201759,C4,C4: limit warming to 2°C (>50%)
COFFEE 1.1,EN_NPi2100,0.0819936,0.0819936,0.16745616,0.4807774711295999,0.6260429841408,1.0544570717184,1.64762891748864,1.70135454523392,1.44832908722688,1.769062431085056,C6,C6: limit warming to 3°C (>50%)
COFFEE 1.1,EN_NPi2100_COV,0.0819936040996799,0.0819936040996799,0.10596096883008,0.266009311644768,0.32531698143216,0.6363209759096159,0.8606323952857439,0.8340045289650719,0.8093599288238879,0.7874915882382719,failed-vetting,failed-vetting
COPPE-COFFEE 1.0,CD-LINKS_INDC2030i_1600,0.1844856,1.0044216,4.08705266178835,14.8312015941571,25.4857125250071,30.7710182398415,44.5776972095161,52.26938540339889,54.1245276685742,59.685575897408,failed-vetting,failed-vetting
COPPE-COFFEE 1.0,CD-LINKS_INDCi,0.08593729537536,1.0044216,4.09494877861334,11.7955922530651,18.9750648520832,25.0972615113169,32.1239716974033,38.0806411090699,42.7927440950025,46.8864130915214,failed-vetting,failed-vetting
COPPE-COFFEE 1.0,CD-LINKS_NDC2030i_1000,0.1844856,1.02013607457792,4.18177616522659,14.3321262300518,22.7546580691993,35.19741730527421,40.9610711329176,46.1159883128439,49.4037016644603,52.7864550745085,failed-vetting,failed-vetting
COPPE-COFFEE 1.0,CD-LINKS_NPi,0.08308315113984,0.0819936,1.45179361673424,10.653213423253,18.5122161819464,24.8382497073226,31.5514983475531,37.8262280911248,43.338479383391,46.1656255256899,failed-vetting,failed-vetting
COPPE-COFFEE 1.0,CD-LINKS_NPi2020_1000,0.1844856,0.550847637504,3.57704378975664,14.5028138959555,23.3929919297419,34.9335784462781,39.4485429253356,44.5908871525222,48.67050465011521,53.6392928066465,failed-vetting,failed-vetting
COPPE-COFFEE 1.0,CD-LINKS_NPi2020_1600,0.1844856,0.4427192208384,1.44347569941283,14.3910925657805,25.26660770370911,31.3810271051126,45.5847489601978,52.412156368321,54.7980346767859,60.1618774529254,failed-vetting,failed-vetting
COPPE-COFFEE 1.0,CD-LINKS_NPi2020_400,0.1844856,1.05449051501568,7.154813835617759,16.352344581935,26.7006010709088,27.29765689605249,29.6404850492626,37.177607987892,46.3092392764623,55.6595989130315,failed-vetting,failed-vetting
DNE21+ V.14C,CD-LINKS_INDC2030i_1600,0.18467723592,1.7907822828,2.65137316128,0.793726845119999,1.5988677444,10.125999836666516,12.618474006490132,14.993021706113096,17.0354550704976,18.388380460947275,no-climate-assessment,no-climate-assessment
DNE21+ V.14C,CD-LINKS_INDCi,0.18467723592,1.75257940752,2.63246975928,1.3965113268,1.18536932808,10.125999836666516,12.618474006490132,14.993021706113096,17.0354550704976,18.388380460947275,no-climate-assessment,no-climate-assessment
DNE21+ V.14C,CD-LINKS_NDC2030i_1000,0.18467723592,1.82135178432,2.69674132608,2.5127122068,3.5624811312,10.125999836666516,12.618474006490132,14.993021706113096,17.0354550704976,18.388380460947275,no-climate-assessment,no-climate-assessment
DNE21+ V.14C,CD-LINKS_NPi,0.18467723592,1.49045223312,0.82836507888,0.11043187416,0.07611769872,10.125999836666516,12.618474006490132,14.993021706113096,17.0354550704976,18.388380460947275,no-climate-assessment,no-climate-assessment
DNE21+ V.14C,CD-LINKS_NPi2020_1000,0.18467723592,2.12823501336,3.285267241679999,3.718785260880001,5.25763020312,10.125999836666516,12.618474006490132,14.993021706113096,17.0354550704976,18.388380460947275,no-climate-assessment,no-climate-assessment
DNE21+ V.14C,CD-LINKS_NPi2020_1600,0.18467723592,1.57650772032,1.09164446064,0.7341721272,1.244023884,10.125999836666516,12.618474006490132,14.993021706113096,17.0354550704976,18.388380460947275,no-climate-assessment,no-climate-assessment
DNE21+ V.14C,CD-LINKS_NPi2020_400,0.18467723592,3.658690445759999,16.26902389728,10.26422322768,14.49307628424,10.125999836666516,12.618474006490132,14.993021706113096,17.0354550704976,18.388380460947275,no-climate-assessment,no-climate-assessment
DNE21+ V.14C,CD-LINKS_NoPolicy,0.18467723592,0.062111177999999,0.09160048512,0.10737132336,0.0365465772,10.125999836666516,12.618474006490132,14.993021706113096,17.0354550704976,18.388380460947275,failed-vetting,failed-vetting
DNE21+ V.14E1,EMF30_BCOC-EndU,0.40557699072,0.40204835568,0.4052889388800001,0.582404814,1.02892117248,0.8113880235600001,0.59385487464,0.744854049599999,0.8958532245599999,1.04685239952,failed-vetting,failed-vetting
DNE21+ V.14E1,EMF30_Baseline,0.40557699072,0.410941956239999,0.41421854592,0.59385487464,1.04685239952,0.8203536370800001,0.59385487464,0.744854049599999,0.8958532245599999,1.04685239952,failed-vetting,failed-vetting
DNE21+ V.14E1,EMF30_CH4-Only,0.40557699072,0.410941956239999,0.41421854592,0.59385487464,1.04685239952,0.8203536370800001,0.59385487464,0.744854049599999,0.8958532245599999,1.04685239952,failed-vetting,failed-vetting
DNE21+ V.14E1,EMF30_ClimPolicy,0.40557699072,2.50237834704,5.17474328616,12.74582583576,18.38775319992,29.22055475328,40.05335630664,49.92074011608,59.78812392551999,69.65550773496,failed-vetting,failed-vetting
DNE21+ V.14E1,EMF30_ClimPolicy+SLCF,0.40557699072,2.63722261464,5.27228484048,12.42850072752,17.34064875504,28.5753726414,39.81009652776,49.99995437208001,60.1898122164,70.37967006072,failed-vetting,failed-vetting
DNE21+ V.14E1,EMF30_D_BCOC-Red,0.40557699072,0.410941956239999,0.41421854592,0.59385487464,1.04685239952,0.8203536370800001,0.59385487464,0.744854049599999,0.8958532245599999,1.04685239952,failed-vetting,failed-vetting
DNE21+ V.14E1,EMF30_D_CH4-ClimPolicy,0.40557699072,0.410941956239999,0.41421854592,0.59385487464,1.04685239952,0.8203536370800001,0.59385487464,0.744854049599999,0.8958532245599999,1.04685239952,failed-vetting,failed-vetting
DNE21+ V.14E1,EMF30_D_CO2-Only,0.40557699072,2.50237834704,5.17474328616,12.74582583576,18.38775319992,29.22055475328,40.05335630664,49.92074011608,59.78812392551999,69.65550773496,failed-vetting,failed-vetting
DNE21+ V.14E1,EMF30_D_Frozen-EF-EndU,0.40557699072,0.410941956239999,0.41421854592,0.59385487464,1.04685239952,0.8203536370800001,0.59385487464,0.744854049599999,0.8958532245599999,1.04685239952,failed-vetting,failed-vetting
DNE21+ V.14E1,EMF30_SLCF,0.40557699072,0.40204835568,0.4052889388800001,0.582404814,1.02892117248,0.8113880235600001,0.59385487464,0.744854049599999,0.8958532245599999,1.04685239952,failed-vetting,failed-vetting
DNE21+ V.14E1,EMF30_Slower-Action,0.40557699072,0.0689524092,0.2032565796,0.27048067776,1.97077867632,4.159648602,6.34851852768,10.80796908432,15.26741964096,19.7268701976,failed-vetting,failed-vetting
DNE21+ V.14E1,EMF30_Slower-Action+SLCF,0.40557699072,0.0689524092,0.1334040084,0.2382188716800001,1.89012416112,4.20471071172,6.51929726232,11.42950093992,16.33970461752,21.24990829512,failed-vetting,failed-vetting
DNE21+ V.14E1,EMF30_Slower-to-faster,0.40557699072,0.5897861424,2.131295564159999,15.91716857472,20.51663632992,34.6959341442,48.87523195847999,73.9529891424,99.03074632632,124.10850351024,failed-vetting,failed-vetting
DNE21+ V.14E1,EMF30_Slower-to-faster+SLCF,0.40557699072,0.59709545784,2.06090289576,14.90787093384,19.662238566,34.00718419152,48.35212981704,73.71211779336,99.07210576968,124.432093746,failed-vetting,failed-vetting
DNE21+ V.14E1,EMF30_Slower-to-faster+SLCF+HFC,0.40557699072,0.5923426024799999,2.15163922536,15.92400980592,20.52214532136,34.70117308704,48.88020085272,73.95804205176,99.0358832508,124.11372444984,failed-vetting,failed-vetting
DNE21+ V.14E2,EMF33_1.5C_cost100,0.032333819039999,0.27102077496,7.002612243360001,23.30519418,43.87367984112,51.392048904,58.91041796688,68.93126139408001,78.95210482128,88.97294824848,failed-vetting,failed-vetting
DNE21+ V.14E2,EMF33_1.5C_full,0.032333819039999,0.2711648008800001,13.95402327216,31.31152305984,50.77641010896,60.4578504546,70.13929080024,82.14739186944,94.15549293864,106.16359400784,failed-vetting,failed-vetting
DNE21+ V.14E2,EMF33_1.5C_limbio,0.03229781256,0.271092787919999,21.41402583096,38.91627166824,43.3942895664,42.56446622508,41.73464288376,41.27959298952,40.82454309528,40.36949320104,failed-vetting,failed-vetting
DNE21+ V.14E2,EMF33_1.5C_nofuel,0.032333819039999,0.2711648008800001,13.97721144528,31.92853010112,51.38545971816,60.76118704536,70.13691437256,82.37771331984,94.61851226712,106.8593112144,failed-vetting,failed-vetting
DNE21+ V.14E2,EMF33_Baseline,0.06884438976,0.07230101184,0.07737792552,0.12865115304,0.96054486696,1.9656837594,2.97082265184,3.59161037352,4.2123980952,4.83318581688,failed-vetting,failed-vetting
DNE21+ V.14E2,EMF33_Med2C_cost100,0.032333819039999,0.27102077496,0.30871955952,0.42912522864,10.71488033136,25.25024622636,39.78561212136,53.577342186,67.36907225064,81.16080231528002,failed-vetting,failed-vetting
DNE21+ V.14E2,EMF33_Med2C_full,0.032333819039999,0.27102077496,1.4368385844,9.57365494776,24.15516314688,35.18601834348,46.21687354007999,62.85227537351999,79.48767720696,96.1230790404,failed-vetting,failed-vetting
DNE21+ V.14E2,EMF33_Med2C_limbio,0.032333819039999,0.27105678144,6.329759151599999,16.63128509256,23.54809389408,24.61019503788,25.67229618168,28.18841700192,30.70453782216,33.2206586424,failed-vetting,failed-vetting
DNE21+ V.14E2,EMF33_Med2C_nobeccs,0.032333819039999,0.27102077496,2.92502240928,3.5048707632,3.47001649056,1.79992792872,0.12983936688,0.11722509672,0.10461082656,0.0919965564,failed-vetting,failed-vetting
DNE21+ V.14E2,EMF33_Med2C_nofuel,0.032333819039999,0.27102077496,1.43114956056,9.68005409616,24.50460603528,35.46319622652,46.42178641776,63.05175127272,79.68171612768,96.31168098264,failed-vetting,failed-vetting
DNE21+ V.14E2,EMF33_Med2C_none,0.032333819039999,0.27102077496,3.6980455284,4.3094355588,4.3569641124,2.29456694772,0.23216978304,0.30666719016,0.38116459728,0.4556620044,failed-vetting,failed-vetting
DNE21+ V.14E2,EMF33_WB2C_cost100,0.032333819039999,0.27102077496,0.99907180056,12.74542976448,29.54266872336,37.23469703928,44.92672535520001,59.73526641288,74.54380747056,89.35234852824,failed-vetting,failed-vetting
DNE21+ V.14E2,EMF33_WB2C_full,0.032333819039999,0.27105678144,5.50672303176,19.44562358232,39.61713780144,46.84945338396,54.08176896648,71.0927543928,88.10373981912,105.11472524544,failed-vetting,failed-vetting
DNE21+ V.14E2,EMF33_WB2C_limbio,0.032333819039999,0.2711648008800001,15.48822337848,24.41264548536,26.20591221528,28.25732740356,30.30874259184,32.18351599032,34.0582893888,35.93306278727999,failed-vetting,failed-vetting
DNE21+ V.14E2,EMF33_WB2C_nobeccs,0.032333819039999,0.27105678144,3.11614480512,3.408013332,3.25358153928,1.67278904784,0.0919965564,0.0919965564,0.0919965564,0.0919965564,failed-vetting,failed-vetting
DNE21+ V.14E2,EMF33_WB2C_nofuel,0.032333819039999,0.27105678144,5.45217321456,19.4620425372,40.00881629088,47.30992225344,54.611028216,71.44907451888001,88.28712082176003,105.12516712464,failed-vetting,failed-vetting
DNE21+ V.14E2,EMF33_WB2C_none,0.032333819039999,0.27105678144,4.43538622584,2.5200935352,2.64085926912,1.56543572772,0.49001218632,0.7108879368000001,0.9317636872799988,1.15263943776,failed-vetting,failed-vetting
DNE21+ V.14E2,EMF33_tax_hi_full,0.0337380717599999,0.10312255872,0.55230339672,7.51566857688,19.91900077488,34.82883406187999,49.73866734887999,76.85701977384,103.9753721988,131.09372462376,failed-vetting,failed-vetting
DNE21+ V.14E2,EMF33_tax_hi_none,0.04162349088,0.10776739464,1.0218639024,2.67308506872,4.616714859119999,4.78155252456,4.94639019,3.40545687192,1.86452355384,0.323590235759999,failed-vetting,failed-vetting
DNE21+ V.14E2,EMF33_tax_lo_full,0.034206156,0.10618310952,0.21276229032,1.57081869648,5.0059809144,11.50702289136,18.00806486832,30.12246906864,42.23687326896,54.35127746927999,failed-vetting,failed-vetting
DNE21+ V.14E2,EMF33_tax_lo_none,0.03453021432,0.10632713544,0.20170830096,1.66598382312,5.10305438448,7.674439150439999,10.2458239164,11.25773802816,12.26965213992,13.28156625168,failed-vetting,failed-vetting
E3ME 6.1,PR_Baseline,1.37,2.219,3.045,3.998,4.91,10.125999836666516,12.618474006490132,14.993021706113096,17.0354550704976,18.388380460947275,no-climate-assessment,no-climate-assessment
E3ME 6.1,PR_CP_Intensity,1.37,2.219,3.046,4.085,5.379,10.125999836666516,12.618474006490132,14.993021706113096,17.0354550704976,18.388380460947275,no-climate-assessment,no-climate-assessment
E3ME 6.1,PR_CP_Price,1.37,2.219,3.045,4.021,4.916,10.125999836666516,12.618474006490132,14.993021706113096,17.0354550704976,18.388380460947275,no-climate-assessment,no-climate-assessment
E3ME 6.1,PR_NDC_Intensity,1.37,2.227,2.899,3.589,4.532,10.125999836666516,12.618474006490132,14.993021706113096,17.0354550704976,18.388380460947275,no-climate-assessment,no-climate-assessment
E3ME 6.1,PR_NDC_Price,1.37,2.227,2.898,3.642,4.389,10.125999836666516,12.618474006490132,14.993021706113096,17.0354550704976,18.388380460947275,no-climate-assessment,no-climate-assessment
EPPA 6,1.5CNow_Gradual,0.905081050086552,2.439038284715749,3.25480357602854,4.162072543821921,4.278338539054818,4.636248404059861,5.858179846303861,7.005518631120744,7.93112029898009,9.024418117939558,failed-vetting,failed-vetting
EPPA 6,1.5CNow_OptTax,0.9052048458786852,2.379611800998288,3.067313895766566,4.086196294770502,4.360156751095201,4.85158983332706,5.326923275217976,6.643163853803463,7.593664049985738,8.676411863411776,failed-vetting,failed-vetting
EPPA 6,2CNow_Gradual,0.9052048458786852,2.514600052763173,3.488273238107968,4.349657657141496,4.692284464659306,5.018308922155307,5.350504423658949,5.636311564004125,6.07683522275481,6.54346782518605,C4,C4: limit warming to 2°C (>50%)
EPPA 6,2CNow_OptTax,0.9052048458786852,2.31478954892848,3.315636525548442,4.336287675026873,4.821033412145614,5.181957488337427,5.394854733029477,5.671901554583616,6.050561086383755,6.609007574029348,failed-vetting,failed-vetting
EPPA 6,Paris1.5C_OptTax,0.905081050086552,2.652512822542572,3.770597791181402,4.354900360257496,4.353576424537515,5.496068849641635,6.373634483998072,7.103048963952048,7.977395229454253,8.531913639978955,C3,C3: limit warming to 2°C (>67%)
EPPA 6,Paris2C_Gradual,0.9052048458786852,2.652665792708781,3.704360857663343,4.682399315786089,4.914509668232979,5.063936919874644,5.258832955152213,5.988108119217608,7.735788223415632,8.898849508580188,C4,C4: limit warming to 2°C (>50%)
EPPA 6,Paris2C_OptTax,0.9052048458786852,2.652665792708781,3.704360857663343,4.482803504660343,4.797481608780299,5.182804497037078,5.255766507741815,5.716782480852688,6.306818324398482,8.063108617971352,C4,C4: limit warming to 2°C (>50%)
EPPA 6,ParisFlat,0.9052048458786852,2.652665792708781,3.704360857663343,4.827425556991848,5.275355064870856,5.741287032284283,6.179241111960845,6.632171095115753,7.134108744921912,7.539586786942463,C6,C6: limit warming to 3°C (>50%)
EPPA 6,ParisForever,0.9052048458786852,2.652665792708781,3.704360857663343,4.912059968500508,5.550278243757943,6.039257284844372,6.642371199937879,7.080489881267494,7.540885131917722,8.72614387660947,C7,C7: limit warming to 4°C (>50%)
EPPA 6,Ref,0.9052119570502892,2.57398988552785,3.789216006117691,5.131261277994208,5.864806676003949,6.535416421448549,7.130691200404718,7.656054795235701,8.30483048108184,9.84855970137974,C7,C7: limit warming to 4°C (>50%)
En-ROADS-96,Ratchet-1.5-allCDR,1.52704,2.29243,3.2973,3.486119999999999,5.27085,9.49483,11.2427,14.0336,17.4709,20.1268,failed-vetting,failed-vetting
En-ROADS-96,Ratchet-1.5-limCDR,1.52704,2.11368,3.882009999999999,3.751969999999999,1.8023,4.218459999999999,3.517169999999999,1.57378,1.78198,1.59212,failed-vetting,failed-vetting
En-ROADS-96,Reference,1.52704,2.2032,3.31059,4.75117,6.55089,9.24879,13.0327,15.6123,18.2342,21.1534,failed-vetting,failed-vetting
FARM 3.2,EMF33_Baseline,1.4379726083038,1.32341219859146,1.3050246898098,1.28402690510602,1.32795155277104,1.39537744655227,1.44829681365778,1.486142949453029,1.51096995053802,1.523933946286209,failed-vetting,failed-vetting
FARM 3.2,EMF33_Med2C_full,1.437972803049469,1.32341048602288,1.84868863719186,1.89708619779281,3.40971966306378,14.9841002837655,40.8536983617019,60.5095796872216,72.96126858906351,85.0509248142431,failed-vetting,failed-vetting
FARM 3.2,EMF33_Med2C_nobeccs,1.43798106848869,1.32333083271806,1.842537280699899,1.857837421824469,2.16313169606598,2.615549023912089,3.09532379877923,3.412602494168278,3.57432518227899,3.684617485128639,failed-vetting,failed-vetting
FARM 3.2,EMF33_Med2C_nofuel,1.43794221721991,1.323706409617409,1.85271081211339,1.909152240214429,3.7187896737815,17.62050873080511,47.4943555527011,70.0999247993978,84.85466912496041,99.3560004285384,failed-vetting,failed-vetting
FARM 3.2,EMF33_Med2C_none,1.437941292666399,1.32371526229396,1.84817416784246,1.872293717117159,2.22087093229021,2.78693876600908,3.458390924273088,3.81991360260333,3.90818970579584,3.879210541955959,failed-vetting,failed-vetting
FARM 3.2,EMF33_WB2C_full,1.437972803049469,1.32341048602288,3.77748738146644,33.3078823235219,54.5093160965814,65.64896611583079,76.13588667299359,86.57558067438343,97.5133117029824,109.111519944672,failed-vetting,failed-vetting
FARM 3.2,EMF33_WB2C_nobeccs,1.43798106848869,1.32333083271806,2.59366072027971,3.17043186800825,3.38106847353253,3.59120889630487,3.71653843660417,3.7299980365431,3.63603837212414,3.52376690779732,failed-vetting,failed-vetting
FARM 3.2,EMF33_WB2C_nofuel,1.43794221721991,1.323706409617409,3.915208020817899,36.20178426605922,60.00565863281589,73.1304452936591,85.59276098267641,97.9921720756682,111.131636984857,124.938991073237,failed-vetting,failed-vetting
FARM 3.2,EMF33_WB2C_none,1.43794202957171,1.323708098083229,2.631822573342289,3.41774351172562,3.688408297553879,3.840444550592351,3.84059057625411,3.72520365105502,3.611361641802399,4.36814348920583,failed-vetting,failed-vetting
FARM 3.2,EMF33_tax_hi_full,1.43798126016787,1.32332910797343,1.87339274730394,1.84584540533836,2.09449895530521,3.84419660734815,15.4753643882413,62.6414069313639,124.741731016128,144.885962988222,failed-vetting,failed-vetting
FARM 3.2,EMF33_tax_hi_none,1.437941292666399,1.32371526229396,1.87052117271706,1.82777154521736,1.96723736748439,2.25170334998033,2.61248538602941,3.033579362700369,3.483074454328259,3.81699686932922,failed-vetting,failed-vetting
FARM 3.2,EMF33_tax_lo_full,1.43798126016787,1.32332910797343,1.65485650176811,1.59527536395989,1.66144363891042,1.80187682728382,1.96655564186112,2.3117762020084,3.33498451833866,6.431073861981031,failed-vetting,failed-vetting
FARM 3.2,EMF33_tax_lo_none,1.437941292666399,1.32371526229396,1.65591584551266,1.59639969601967,1.6614905084682,1.795661352669749,1.92974815105746,2.06489978424986,2.20972376728958,2.3726443295411,failed-vetting,failed-vetting
GCAM 4.0,20% abatement (FF&I),0.7890967719999998,1.591226564,3.999035979,7.327602740000002,11.39868178,14.726372091,18.50532472,22.026501408,25.209228052,26.90126126,no-climate-assessment,no-climate-assessment
GCAM 4.0,20% abatement (GHG),0.7890967719999998,1.420952724,3.815431738000001,7.664393796000001,12.306175085,15.720967059,19.524960739,23.258325424,26.47991059300001,27.876687992,no-climate-assessment,no-climate-assessment
GCAM 4.0,450 concentration,0.7890967719999998,1.457722182,3.22668465,6.621168592,13.6765129,21.809761416,31.016022027,41.703441996,51.370746093,59.27808484626001,no-climate-assessment,no-climate-assessment
GCAM 4.0,50% abatement (FF&I),0.7890967719999998,1.892370753,5.484751663000001,10.279264186,16.501723452,19.961277236,24.23636221600001,28.51720199200001,32.013685997,33.673030399,no-climate-assessment,no-climate-assessment
GCAM 4.0,50% abatement (GHG),0.7890967719999998,1.58850562,5.861899032999999,11.935734094,19.604352105,23.19316207500001,27.74494736999999,32.77853019800001,36.76444238500001,38.659522103,no-climate-assessment,no-climate-assessment
GCAM 4.0,550 concentration,0.7890967719999998,1.429739471,2.976552874999999,5.524292057999999,10.014661479,16.760915576,25.088310869,44.52274056,51.72667067688199,53.64720832900002,no-climate-assessment,no-climate-assessment
GCAM 4.0,650 concentration,0.7890967719999998,1.399781724,2.727309561000001,4.682645489,7.272477865000001,10.52601183,14.737921006,21.360994646,27.77091260199999,37.86136806099999,no-climate-assessment,no-climate-assessment
GCAM 4.0,Core baseline,0.7890967719999998,1.402095521,2.592508393,4.232207745000001,6.233419923,8.498248479,10.981225876,13.385668848,15.387452813,16.829192289,no-climate-assessment,no-climate-assessment
GCAM 4.0,High CO2 price,0.7890967719999998,2.280925318,8.012609342,15.963765456,25.029887063,33.042944622,42.126992118,51.4407843405,57.74776825316,59.720353942082,failed-vetting,failed-vetting
GCAM 4.0,Low CO2 price,0.7890967719999998,1.42441195,2.903630991,5.137404227999999,8.232914258000001,12.187131274,17.429077097,23.970465737,30.52324548299999,36.62011071699999,no-climate-assessment,no-climate-assessment
GCAM 4.0,Policy baseline,0.7890967719999998,1.620656273999999,3.209107003999999,5.843227711999998,9.168516707,12.883365217,17.1893223,21.316007949,25.260585061,28.20605477100001,no-climate-assessment,no-climate-assessment
GCAM 4.2,ADVANCE_2020_1.5C-2100,0.7892551218000001,1.261718988,5.199270406,9.432311047,9.95811936878,12.030832846828,10.8336905850433,7.542992691819491,4.667856481551969,2.061545405,failed-vetting,failed-vetting
GCAM 4.2,ADVANCE_2020_Med2C,0.7892551218000001,1.261718988,2.066254952,3.906975695,6.326260355,9.792833745,13.7852712457,16.90952810345,19.050196501691,12.7221031028283,failed-vetting,failed-vetting
GCAM 4.2,ADVANCE_2020_WB2C,0.7892551218000001,1.261718988,2.790822213,6.381842053,9.402457664,11.8880168368,14.60572001587,14.9014666962512,11.9255429866499,8.762753629696821,failed-vetting,failed-vetting
GCAM 4.2,ADVANCE_2030_1.5C-2100,0.7892551218000001,1.261719098,2.509237911999999,9.7295454378,10.06898822201,9.635069516,7.62048630010397,4.72939165600198,1.865856763401169,0.96217858,failed-vetting,failed-vetting
GCAM 4.2,ADVANCE_2030_Med2C,0.7892551218000001,1.261719135,2.509242238,3.936289581,6.194498029,9.766402183,13.898443773,16.95769198603999,19.180458560543,13.4796217408263,failed-vetting,failed-vetting
GCAM 4.2,ADVANCE_2030_Price1.5C,0.7892551218000001,1.261718988,2.509237052,9.255793937,10.15383532056,11.398126029044,11.199106251091,7.76273897464226,4.33410061988101,2.044005724,failed-vetting,failed-vetting
GCAM 4.2,ADVANCE_2030_WB2C,0.7892551218000001,1.261719135,2.509242238,6.891168799,9.91058364,12.1058753002,14.766039939757,14.4097526608062,10.858430803286,7.708487334755469,failed-vetting,failed-vetting
GCAM 4.2,ADVANCE_NoPolicy,0.789254415999999,1.105236046,1.767042645,2.576884528,3.375525183,4.424049821000001,5.72594371,7.34905514,9.004346225,10.559294784,failed-vetting,failed-vetting
GCAM 4.2,EMF30_BCOC-EndU,0.789254415999999,0.954836949,1.590650263,2.370482603,3.21350692,4.364392294,5.823452952999999,7.678954785,9.431432741,11.047368116,failed-vetting,failed-vetting
GCAM 4.2,EMF30_Baseline,0.789254415999999,0.926203993,1.502540067,2.276773529,3.115248313999999,4.257789551,5.708086747,7.539120085,9.30616289,10.95056981,failed-vetting,failed-vetting
GCAM 4.2,EMF30_CH4-Only,0.789254415999999,0.941518843,1.597260282,2.477440793,3.384227518,4.590774144,6.054410387999999,7.876715777,9.689157181,11.36996,failed-vetting,failed-vetting
GCAM 4.2,EMF30_ClimPolicy,0.789254415999999,0.961564637999999,1.68758452,1.814543349,1.91070577,2.789139874,4.08103085,5.163983643,5.902694652999999,5.586764005,failed-vetting,failed-vetting
GCAM 4.2,EMF30_ClimPolicy+SLCF,0.789254415999999,0.990867839,1.783548964,1.862566043,1.931970344,2.804612025,4.10430251,5.233499848,6.154890285669999,6.124459610874999,failed-vetting,failed-vetting
GCAM 4.2,EMF30_D_CH4-ClimPolicy,0.789254415999999,0.927397823,1.509840188,2.295807798,3.150955758,4.321094199,5.815599562,7.655771308999999,9.509850981,11.327447597,failed-vetting,failed-vetting
GCAM 4.2,EMF30_D_CO2-Only,0.789254415999999,0.956913088,1.681265136999999,1.796816854,1.883310994,2.750051893,4.047379739,5.216329153999999,6.21138164505,6.226299012925,failed-vetting,failed-vetting
GCAM 4.2,EMF30_D_Frozen-CH4,0.789254415999999,0.926203993,1.502540067,2.276773529,3.115248313999999,4.257789551,5.708086747,7.539120085,9.30616289,10.950569811,failed-vetting,failed-vetting
GCAM 4.2,EMF30_D_Frozen-EF,0.789254415999999,0.926203993,1.502540067,2.276773529,3.115248313999999,4.257789551,5.708086747,7.539120085,9.30616289,10.95056981,failed-vetting,failed-vetting
GCAM 4.2,EMF30_D_Frozen-EF-EndU,0.789254415999999,0.926203993,1.502540067,2.276773529,3.115248313999999,4.257789551,5.708086747,7.539120085,9.30616289,10.95056981,failed-vetting,failed-vetting
GCAM 4.2,EMF30_D_Frozen-EF-SLCF,0.789254415999999,0.926203993,1.502540067,2.276773529,3.115248313999999,4.257789551,5.708086747,7.539120085,9.30616289,10.95056981,failed-vetting,failed-vetting
GCAM 4.2,EMF30_SLCF,0.789254415999999,0.966423727,1.67368832,2.561301149,3.470751638,4.683950057,6.16377086,7.996974287,9.795271168,11.454995318,failed-vetting,failed-vetting
GCAM 4.2,EMF33_Baseline,1.0366524128,1.2446577901,2.0199942838,2.93279228555,3.832792795440001,5.008419478015,6.503812497,8.468580945,10.334880587,12.219280337,failed-vetting,failed-vetting
GCAM 4.2,EMF33_Med2C_cost100,1.0366524128,1.5394436647,2.9569178836162,4.1323159261057,4.093729375462,2.2696191002781,2.6971999809491,4.33854527951385,4.329645254922641,2.972637571121789,failed-vetting,failed-vetting
GCAM 4.2,EMF33_Med2C_full,1.0366524128,1.5526183397,2.755175774599999,4.02897081422,5.720217430577001,8.93147835067966,12.1733744119945,14.2187688910508,9.11807084088312,4.850151570468871,failed-vetting,failed-vetting
GCAM 4.2,EMF33_Med2C_limbio,1.0366524128,1.5526189617,2.91386494457,4.40488021409,6.5177858155101,9.63111299587071,11.1026989680284,11.3763382435567,4.95884464105319,1.04355787900039,failed-vetting,failed-vetting
GCAM 4.2,EMF33_Med2C_nobeccs,1.0366524128,1.546649264,3.17828844233,3.780090563909999,2.712965203674,1.52140823461947,0.614032812122,0.2405795805076,0.09788569072354,0.031729599074922,failed-vetting,failed-vetting
GCAM 4.2,EMF33_Med2C_nofuel,1.0366524128,1.5678460606,2.9689203283,5.69644493867,10.189720631351,16.7357381918787,24.6178668899584,33.2249436620632,43.7200687508868,58.06805913613461,failed-vetting,failed-vetting
GCAM 4.2,EMF33_Med2C_none,1.0366524128,1.5609832637,3.598638507799999,5.31596099105,5.511563162003,4.1298280982867,1.536592057649999,0.3883378401169989,0.10993823109151,0.031326670768814,failed-vetting,failed-vetting
GCAM 4.2,EMF33_WB2C_full,1.0366524128,1.5526183397,3.43798705106,5.799386809601002,8.41041308983302,10.9246334021928,12.6753282587382,11.248561695001,9.809361210167689,7.847439642219991,failed-vetting,failed-vetting
GCAM 4.2,EMF33_WB2C_limbio,1.0366524128,1.5526189617,4.66396278945,7.611815783366799,8.98664501789173,9.38896503763115,8.84355913205968,5.38371862575905,2.70945921166302,1.26561672645,failed-vetting,failed-vetting
GCAM 4.2,EMF33_WB2C_nobeccs,1.0366524128,1.546649264,3.44468617364,1.948108098933,0.67975111278138,0.327383320459429,0.150388758464059,0.048995373320341,0.016640220095408,0.006506434620714,failed-vetting,failed-vetting
GCAM 4.2,EMF33_WB2C_nofuel,1.0366524128,1.5678460606,4.36355694779,9.871094915936,16.2173317397764,23.2932241517658,30.6875641388276,37.8633048453059,46.143010532365,79.3278885163795,failed-vetting,failed-vetting
GCAM 4.2,EMF33_WB2C_none,1.0366524128,1.5609834525,3.98503135627,4.019426474721,2.1539620626791,0.625303948211499,0.19250694667072,0.050919799152877,0.016309655858365,0.003830381908299,failed-vetting,failed-vetting
GCAM 4.2,EMF33_tax_hi_full,1.0366524128,1.2446577901,2.45188050418,3.63483055196,5.140386826362001,8.223106019660719,11.5820663644914,13.8744308168914,9.74206543788818,5.59900840079016,failed-vetting,failed-vetting
GCAM 4.2,EMF33_tax_hi_none,1.0366524128,1.250982251,2.5794282315,4.46541577197,5.769578195348,6.045145693586,4.9549810091,2.27551975349,0.5038053003,0.13868851270662,failed-vetting,failed-vetting
GCAM 4.2,EMF33_tax_lo_full,1.0366524128,1.2446577901,2.163815106609,3.270025822775999,3.783194722016,4.417634996686,5.519443407624,7.550271002644,9.6343151019,12.52862257158,failed-vetting,failed-vetting
GCAM 4.2,EMF33_tax_lo_none,1.0366524128,1.250982251,2.2581490358,3.64314965171,5.116257275430001,6.352195375136,7.615027604410001,9.31567561419,10.807972623,12.840237292,failed-vetting,failed-vetting
GCAM 4.2,SSP1-19,0.7892478878,1.3261123655,2.981616282,5.149073172,8.048283942000001,10.795930507,13.52158538514,14.728639360155,17.2230245491025,26.0314027810671,C1,C1: limit warming to 1.5°C (>50%) with no or limited overshoot
GCAM 4.2,SSP1-26,0.7892478878,1.3422641274,2.51620695994,4.22897700141,5.983112800076999,7.4867263153329,8.71825817214,10.4506021850351,11.9329516710252,13.974446378554,no-climate-assessment,no-climate-assessment
GCAM 4.2,SSP1-34,0.7892478878,1.3422641274,2.34690932762,3.84594988233,5.433959750038,6.691812443882,7.72423275017,6.926740940696501,5.5776879716217,6.33949211610445,no-climate-assessment,no-climate-assessment
GCAM 4.2,SSP1-45,0.7892478878,1.3422641274,2.29089929813,3.693096184586,5.262710466852,6.562633805354,7.7300048337879,8.0364243861885,6.92375517068694,5.276806813807982,no-climate-assessment,no-climate-assessment
GCAM 4.2,SSP1-Baseline,0.7892471820000001,1.296550323,2.227413095,3.515997762,4.93664601,6.198947789,7.421750772999999,8.114937973,8.164797757,7.420676081,no-climate-assessment,no-climate-assessment
GCAM 4.2,SSP2-19,0.7892478878,1.4409646,4.319203515,13.817581155,19.3669849228,21.33689583814,24.244934440258,31.3352813985356,61.11132801519651,107.031781007111,failed-vetting,failed-vetting
GCAM 4.2,SSP2-26,0.7892478878,1.4504346128,2.52039402306,10.864196458767,17.02517887158081,19.8590905149109,23.1771597143662,26.79423115299469,37.1653051738414,73.4542080144852,failed-vetting,failed-vetting
GCAM 4.2,SSP2-34,0.7892478878,1.4504346128,2.52039402306,4.520217630259999,7.587123181452,11.0513431039218,14.912806149302,18.8054176531353,22.609702670957,30.2028910381267,failed-vetting,failed-vetting
GCAM 4.2,SSP2-45,0.7892478878,1.4504346128,2.52039402306,4.11045681958,6.331388629756,9.1954563685471,12.77828198674,15.243380618668,16.9781043118283,19.718236670295,failed-vetting,failed-vetting
GCAM 4.2,SSP2-60,0.7892478878,1.4504346128,2.52039402306,3.66482974257,5.112796943882,6.550823447703,8.160776164362,9.852881661942,11.402154541406,13.018157441221,failed-vetting,failed-vetting
GCAM 4.2,SSP2-Baseline,0.7892471820000001,1.388873831999999,2.341303511,3.509797592,4.830543277,6.185670625,7.809870516,9.434713835,10.866606586,11.973676518,no-climate-assessment,no-climate-assessment
GCAM 4.2,SSP3-Baseline,0.789247180999999,1.392189011,2.161535318,3.026774807,3.927849296,4.94142583,6.223394657,7.39455564,8.422585044,9.266447394,C8,C8: exceed warming of 4°C (>=50%)
GCAM 4.2,SSP4-26,0.789247180999999,1.393833893,5.053510619,8.881183161000001,13.686402542,18.382980947,22.536507367,26.814095654761,33.41009492322,55.62554907600001,failed-vetting,failed-vetting
GCAM 4.2,SSP4-34,0.7892478868,1.39383414398,2.79127804909,4.750653638308,7.625503154462299,11.0978098634689,15.5277057635166,19.6234390067325,23.3539685736805,29.07779058682389,failed-vetting,failed-vetting
GCAM 4.2,SSP4-45,0.7892478868,1.39383414398,2.427920438531,3.690220205014,5.253438751478,7.2747818413155,10.487540051591,11.3841908141106,12.3580029184184,14.1304834524468,failed-vetting,failed-vetting
GCAM 4.2,SSP4-60,0.7892478868,1.39383414398,2.15305255856289,2.97979852897708,3.71067059158776,4.30622195527785,4.766026737315059,4.939962170061361,4.8921746394748,4.8076036553698,failed-vetting,failed-vetting
GCAM 4.2,SSP4-Baseline,0.789247180999999,1.325833146,2.091598795,2.836360497,3.464765425,3.980880172,4.450531643,4.659130333999999,4.609468589,4.268470327,C7,C7: limit warming to 4°C (>50%)
GCAM 4.2,SSP5-19,0.7892478878,1.45582245042,7.234581029,21.980629694,29.286571168,31.41126936146,33.9830417562689,35.3286296410698,31.92279754348051,44.6904022943916,failed-vetting,failed-vetting
GCAM 4.2,SSP5-26,0.7892471820000001,1.475615642,2.912896755,19.983416155,30.464782598,34.661278489,38.519007755,39.920109072,26.480109065378,29.757212657692,failed-vetting,failed-vetting
GCAM 4.2,SSP5-34,0.7892478878,1.47561461085,2.912896758118,9.075188502476,17.7901999795273,24.8334384188266,31.5580029240456,35.9743154595886,33.443560050399,27.0571361529372,failed-vetting,failed-vetting
GCAM 4.2,SSP5-45,0.7892478878,1.47561461085,2.912896758118,6.080312604627,11.799376783116,18.454693517745,25.739235590783,32.2391912675323,33.9055676056553,35.8819761852729,failed-vetting,failed-vetting
GCAM 4.2,SSP5-60,0.7892478878,1.47561461085,2.912896758118,4.898848375639,7.444724228062,9.943986512481,13.381880046,19.28861045913,24.88074868384,30.8806405351452,no-climate-assessment,no-climate-assessment
GCAM 4.2,SSP5-Baseline,0.7892471820000001,1.413615936,2.682367807,4.501028778999999,6.481620554,8.510522062,10.557319519,12.329859949,13.646971692,13.997149969,no-climate-assessment,no-climate-assessment
GCAM 5.2,"NGFS1_Current policies (Hot house world, Rep)",0.793591464,1.272016056,1.982475189,2.886458538,4.037932315,5.076803162,6.40283937,8.04293218,9.61870358,11.2462407,C7,C7: limit warming to 4°C (>50%)
GCAM 5.2,"NGFS1_Immediate 2C with CDR (Orderly, Rep)",0.793591464,1.272016056,4.773949098,11.95140639,18.94497508,26.37814486,30.73221155,28.91673184,26.3818223,30.7938225,C4,C4: limit warming to 2°C (>50%)
GCAM 5.3,NGFS2_Below 2°C,0.7935924,1.193255,2.280086,3.383741,7.214886,13.46267,17.59771,18.72929,20.38338,22.20436,C3,C3: limit warming to 2°C (>67%)
GCAM 5.3,NGFS2_Current Policies,0.7935924,1.193127,2.075683,1.514267,1.561932,2.103817,2.925933,3.919811,5.301812,6.875896,C7,C7: limit warming to 4°C (>50%)
GCAM 5.3,NGFS2_Delayed Transition,0.7935924,1.193127,2.075683,7.056598,11.57636,15.11497,10.70369,6.95272,6.860444,11.45193,C4,C4: limit warming to 2°C (>50%)
GCAM 5.3,NGFS2_Divergent Net Zero Policies,0.7935924,1.193127,4.954176,10.35109,12.12293,15.65747,17.75787,20.11633,23.33193,26.69158,C2,C2: return warming to 1.5°C (>50%) after a high overshoot
GCAM 5.3,NGFS2_Nationally Determined Contributions (NDCs),0.7935924,0.9124224,3.358645,4.830742,6.609275,9.181179,12.10612,12.82397,14.40652,15.94377,C5,C5: limit warming to 2.5°C (>50%)
GCAM 5.3,NGFS2_Net-Zero 2050,0.7935924,1.205659,5.418117,13.38082,14.74421,13.24585,9.901827,4.271637,3.782484,2.662225,C2,C2: return warming to 1.5°C (>50%) after a high overshoot
GCAM 5.3,R_BAU,0.7935914636,1.2291633072,2.0588677504,3.068771805,4.155573562,5.05204659,6.24709998,7.75722495,9.277495,10.7307689,C7,C7: limit warming to 4°C (>50%)
GCAM 5.3,R_MAC_30_n0,0.7935914636,1.2291633072,19.685673135921,22.5974498254398,20.6210073597641,24.865378654544,28.1072506292706,26.6996730890603,23.7742711186391,24.2934829017781,C1,C1: limit warming to 1.5°C (>50%) with no or limited overshoot
GCAM 5.3,R_MAC_30_n8,0.7935914636,1.2291633072,20.2730686486044,24.3608302611405,23.2192411479936,25.2230047350477,29.204888626835,31.5502742577376,33.6492053978641,34.591932838761,failed-vetting,failed-vetting
GCAM 5.3,R_MAC_35_n0,0.7935914636,1.2291633072,12.617090847941,22.6774062798419,21.8839193485732,23.4654666540132,28.184065872152,27.1071270741458,24.1833324742331,23.61116244372,C3,C3: limit warming to 2°C (>67%)
GCAM 5.3,R_MAC_35_n8,0.7935914636,1.2291633072,16.0960859250338,25.6441689321192,25.7911311902854,25.5362689891604,30.5686516414909,32.3863946711575,31.4573851880727,32.1780084128537,C1,C1: limit warming to 1.5°C (>50%) with no or limited overshoot
GCAM 5.3,R_MAC_40_n0,0.7935914636,1.2291633072,8.35562644031,21.4455305627227,22.4740393381861,22.9915692446984,27.3456354261608,27.0991197188304,24.7164497887599,23.4976206189725,C3,C3: limit warming to 2°C (>67%)
GCAM 5.3,R_MAC_40_n8,0.7935914636,1.2291633072,10.899471478355,25.4992172888891,27.5364186131547,26.9164660734796,31.5345935139347,33.3969116779159,30.5681974431466,30.2926392512544,C1,C1: limit warming to 1.5°C (>50%) with no or limited overshoot
GCAM 5.3,R_MAC_45_n0,0.7935914636,1.2291633072,6.33686656158,16.030494221129,21.718718808433,22.2222298609618,25.5085901299085,26.4968340742125,24.9206842799966,23.8556252755276,C3,C3: limit warming to 2°C (>67%)
GCAM 5.3,R_MAC_45_n8,0.7935914636,1.2291633072,7.98259605775,20.6283046992284,26.9009447881207,26.9371065454934,30.5725503690215,33.6317800686976,30.190926348525,30.4296001363647,C1,C1: limit warming to 1.5°C (>50%) with no or limited overshoot
GCAM 5.3,R_MAC_50_n0,0.7935914636,1.2291633072,5.2229318092,12.21776035794,20.6300865463743,21.923590624019,24.2397642132907,25.5551467663138,25.0735609964757,24.4183750843026,C3,C3: limit warming to 2°C (>67%)
GCAM 5.3,R_MAC_50_n8,0.7935914636,1.2291633072,6.38015086908,16.173409036884,25.498492230102,26.9028315755435,29.8244987165944,33.1128855740716,29.7076790813211,30.8035698122763,C1,C1: limit warming to 1.5°C (>50%) with no or limited overshoot
GCAM 5.3,R_MAC_55_n0,0.7935914636,1.2291633072,4.5253723346,9.9460847678,16.668484907858,22.1040986488627,23.90636923843,24.3979833968551,25.0307728309851,25.1978129470506,C3,C3: limit warming to 2°C (>67%)
GCAM 5.3,R_MAC_55_n8,0.7935914636,1.2291633072,5.4040703018,12.84237572874,21.5236981127434,26.7523976446291,29.6750577034384,31.8811058464968,28.9566492427705,31.237816794653,C2,C2: return warming to 1.5°C (>50%) after a high overshoot
GCAM 5.3,R_MAC_60_n0,0.7935914636,1.2291633072,4.0611693297,8.5561942482,13.63331087871,21.7451361187864,24.1772904113314,23.8591031576128,24.6596103595504,25.8340619904928,C3,C3: limit warming to 2°C (>67%)
GCAM 5.3,R_MAC_60_n8,0.7935914636,1.2291633072,4.7515151044,10.6569741137,18.044100177707,26.2218542540679,30.0279538982829,31.0350244638944,27.9994369524413,31.7327787303991,C2,C2: return warming to 1.5°C (>50%) after a high overshoot
GCAM 5.3,R_MAC_65_n0,0.7935914636,1.2291633072,3.738860411,7.6217134395,11.5501717595,18.700546713086,24.0124385568294,23.5095982552953,23.8515724328244,25.9260697794503,C3,C3: limit warming to 2°C (>67%)
GCAM 5.3,R_MAC_65_n8,0.7935914636,1.2291633072,4.2919077302,9.2361653073,15.17299273927,23.5600929909812,29.9850525308063,30.1248892402319,27.7827879056017,32.0346184499399,C3,C3: limit warming to 2°C (>67%)
GCAM 5.3,R_MAC_70_n0,0.7935914636,1.2291633072,3.5043344776,6.9659821406,10.1690899932,16.277058991109,23.2253639011663,23.1516977439267,22.8451632158332,25.3889225906468,C4,C4: limit warming to 2°C (>50%)
GCAM 5.3,R_MAC_70_n8,0.7935914636,1.2291633072,3.9580576253,8.2561843014,12.95736627648,20.8637074616491,29.0472718482294,29.0768664898306,27.7202034760305,32.0349158784824,C3,C3: limit warming to 2°C (>67%)
GCAM 5.3,R_MAC_75_n0,0.7935914636,1.2291633072,3.3308213212,6.5023723774,9.2233217963,14.29999128116,21.095231108453,22.9753801297285,22.1353173934026,24.4095766943317,C4,C4: limit warming to 2°C (>50%)
GCAM 5.3,R_MAC_75_n8,0.7935914636,1.2291633072,3.7089526607,7.5353195988,11.366431844,18.398309988065,25.8927261392193,27.8739012843845,27.1708611611169,31.3978334969491,C3,C3: limit warming to 2°C (>67%)
GCAM 5.3,R_MAC_80_n0,0.7935914636,1.2291633072,3.2075111145,6.1477127939,8.5400243789,12.72169896108,19.347567283072,22.951723265248,21.885980920174,23.5255294292347,C4,C4: limit warming to 2°C (>50%)
GCAM 5.3,R_MAC_80_n8,0.7935914636,1.2291633072,3.5163047944,6.9980880888,10.236420194,16.405582661711,23.385633541706,26.5512853051773,26.3962895872919,30.4845287215163,C4,C4: limit warming to 2°C (>50%)
GCAM 5.3,R_MAC_85_n0,0.7935914636,1.2291633072,3.111499213,5.870453109,8.0254311212,11.5226641468,17.761690576853,22.0550145257942,22.2607728794333,23.1103724433619,C5,C5: limit warming to 2.5°C (>50%)
GCAM 5.3,R_MAC_85_n8,0.7935914636,1.2291633072,3.3661986879,6.5982008677,9.4139857283,14.72389476693,21.5306101290702,24.4937106239428,26.0198389898918,30.0515029094562,C4,C4: limit warming to 2°C (>50%)
GCAM 5.3,R_MAC_90_n0,0.7935914636,1.2291633072,3.0350628352,5.6479605407,7.625296231,10.6251312945,16.33819025507,21.1235576784923,23.1189348302647,23.3116495559927,C5,C5: limit warming to 2.5°C (>50%)
GCAM 5.3,R_MAC_90_n8,0.7935914636,1.2291633072,3.253381509,6.2796551174,8.7905803301,13.30828549007,20.030267375713,23.3876702970285,26.0853959433381,30.2500734294749,C4,C4: limit warming to 2°C (>50%)
GCAM 5.3,R_MAC_95_n0,0.7935914636,1.2291633072,2.9720577533,5.4665173638,7.306274013,9.948671253,15.09662345174,20.157281303359,22.8298446941732,23.96916411911,C5,C5: limit warming to 2.5°C (>50%)
GCAM 5.3,R_MAC_95_n8,0.7935914636,1.2291633072,3.1638439609,6.0215615185,8.3039153301,12.1687137628,18.652666128144,22.5682767367372,23.3493688106369,30.6019742371668,C4,C4: limit warming to 2°C (>50%)
GCAM 5.3,R_MAC_99_n0,0.7935914636,1.2291633072,2.9200627398,5.3162138171,7.046787644,9.4145492199,14.03252422254,19.16120345426,22.3689057148507,24.8385863822786,C5,C5: limit warming to 2.5°C (>50%)
GCAM 5.3,R_MAC_99_n8,0.7935914636,1.2291633072,3.0904312225,5.8090755155,7.9142834581,11.2694557534,17.38352375701,21.8200454211245,23.1840278156454,30.6490239737883,C5,C5: limit warming to 2.5°C (>50%)
GCAM 5.3,SSP1-DACCS-1p9-3pctHR,0.79357457,1.409441153,4.809949112,8.0685842574,10.04496216515,12.89960848894,14.91970875652,16.51711538086,17.1994716494055,16.5438430695837,failed-vetting,failed-vetting
GCAM 5.3,SSP1-DACCS-2p6-3pctHR,0.79357457,1.409443713,3.2505645237,5.2262711632,6.96914402376,8.048839972708,8.773611387697,10.15175258397,13.780247273689,15.41541833611,failed-vetting,failed-vetting
GCAM 5.3,SSP1-highcostDACCS-2p6-3pctHR,0.79357457,1.41231013,3.385805056,5.477833855,7.114747182,7.917262874,8.499406589,9.934867897,15.47871502,18.69409314,failed-vetting,failed-vetting
GCAM 5.3,SSP1-lowcostDACCS-2p6-3pctHR,0.79357457,1.41230971,3.211331598,5.138242566,6.840668702,7.826916091,8.459566797,9.419509363,9.678437033,10.77226601,failed-vetting,failed-vetting
GCAM 5.3,SSP1-noDACCS-1p9-3pctHR,0.79357457,1.409440803,4.338865057,7.2506807458,8.90847523045,11.60520564015,16.54079145918,24.29997047958,29.180349600219,31.4993851704044,failed-vetting,failed-vetting
GCAM 5.3,SSP1-noDACCS-2p6-3pctHR,0.79357457,1.409440363,3.2720682745,5.27872824,7.01587834965,8.07601937625,8.811884547659,10.165795637023,15.808763203501,27.631617996386,failed-vetting,failed-vetting
GCAM 5.3,SSP2-DACCS-2p6-3pctHR,0.79357457,1.61210761,2.9261968979,7.180318173,11.7839436554,17.0135127073962,26.3599918849087,29.3607831116683,31.7935177232851,36.335999869957,failed-vetting,failed-vetting
GCAM 5.3,SSP2-noDACCS-2p6-3pctHR,0.79357457,1.60840356,2.8904138011,9.374942474,15.556533307,21.4138440140645,30.8535710894413,33.517103990116,38.204639627841,45.4526929641194,failed-vetting,failed-vetting
GCAM 5.3,SSP4-DACCS-1p9-3pctHR,0.79357457,1.572568988,3.58583961085,5.4810209929,7.84707204,12.61575948,17.324872298,20.3750245057,24.00061742397,26.362042370061,failed-vetting,failed-vetting
GCAM 5.3,SSP4-DACCS-2p6-3pctHR,0.79357457,1.571905412,3.16046571169,4.5152522809,5.6438085319,7.320729037,10.56145943,16.57892035,19.755929685,22.936721379,failed-vetting,failed-vetting
GCAM 5.3,SSP4-highcostDACCS-2p6-3pctHR,0.79357457,1.572568794,3.53529549,5.335250864,7.30310738,10.82917609,16.3390971,26.21961024,34.8376161,40.43052238,failed-vetting,failed-vetting
GCAM 5.3,SSP4-medcostDACCS-2p6-3pctHR,0.79357457,1.572682003,3.37801873,4.952142681,6.482443395,9.134141925,13.61536011,22.54162114,28.31417247,31.64093373,failed-vetting,failed-vetting
GCAM 5.3,SSP4-noDACCS-1p9-3pctHR,0.79357457,1.569582463,5.898659574,11.394522321,17.481411158,27.7280085113,35.17787568667,40.515611451917,42.4019274108522,43.720634691129,failed-vetting,failed-vetting
GCAM 5.3,SSP4-noDACCS-2p6-3pctHR,0.79357457,1.568432229,3.4049140491,5.236888221,7.390378276,11.15193483,16.800683503,26.56794307,35.01522457837,40.630389036227,failed-vetting,failed-vetting
GCAM 5.3,SSP5-DACCS-1p9-3pctHR,0.79357457,1.66491401,3.55219760776,10.074874193,17.34432256,24.780256863,31.428544655,40.8294349361,50.04796537059,55.0975307022836,failed-vetting,failed-vetting
GCAM 5.3,SSP5-DACCS-2p6-3pctHR,0.79357457,1.66491401,3.44629151825,7.176242972,11.420773609,16.65793752,25.57486481,36.574723471,46.5840620462,55.95175621065,failed-vetting,failed-vetting
GCAM 5.3,SSP5-noDACCS-2p6-3pctHR,0.79357457,1.66052228,3.38765596869,16.48225823,25.934519092,33.172819096,44.2939131028,55.3271420942,65.3199654512102,70.1595739101241,failed-vetting,failed-vetting
GCAM 5.3,SSP_SSP1,0.7935914636,1.208847239,3.681870489,6.9881621567,9.7448509637,13.9062431823581,15.2490177256795,16.8678247885517,19.3411415773116,18.8994167515642,no-climate-assessment,no-climate-assessment
GCAM 5.3,SSP_SSP2,0.7935914636,1.37297226,4.619737179,9.763510872,15.64948726176,20.9997951778406,21.4286076132233,21.6756726637234,21.3105085903356,25.0139403506357,C3,C3: limit warming to 2°C (>67%)
GCAM 5.3,SSP_SSP3,0.7935914636,1.273700833,3.302121064,6.745482027,11.9069299008,19.0968046646631,19.4576897020481,20.5206423815811,25.6679877278812,29.1359721726706,C2,C2: return warming to 1.5°C (>50%) after a high overshoot
GCAM 5.3,SSP_SSP4,0.7935914636,1.326379659,4.244393203,8.510399414,13.95033164291,20.2992967814757,22.0282811735345,23.7320187547143,24.5026621216557,23.0971782029078,C2,C2: return warming to 1.5°C (>50%) after a high overshoot
GCAM 5.3,SSP_SSP5,0.7935914636,1.41684202,6.586868958,15.974900253,24.679965256589,31.1111531565284,33.5106927656,28.714313357096,30.5827478804883,34.3962953959736,C3,C3: limit warming to 2°C (>67%)
GCAM-PR 5.3,CSH,0.7935913746,1.57744402102,2.42262040318,4.739899219451857,7.4481213641800394,10.125999836666516,12.618474006490132,14.993021706113096,17.0354550704976,18.388380460947275,no-climate-assessment,no-climate-assessment
GCAM-PR 5.3,PCSH,0.7935913746,2.73882126011,4.10241149682,4.739899219451857,7.4481213641800394,10.125999836666516,12.618474006490132,14.993021706113096,17.0354550704976,18.388380460947275,failed-vetting,failed-vetting
GCAM-PR 5.3,PR_CP_Intensity,0.7935913746,2.02118190962,3.01025971662,5.24274036356,6.5641749906,7.9566068132,10.18173179816,12.795924973309,16.2879410047017,20.2914777097486,failed-vetting,failed-vetting
GCAM-PR 5.3,PR_CP_Price,0.7935913746,2.02159905636,3.01366786902,4.627835831411,5.9581538559,6.4169482918,6.834808237,7.0183692859,7.7220854518,9.1147576233,failed-vetting,failed-vetting
GCAM-PR 5.3,PR_CP_PriceOnly,0.7935913746,1.8292698986,3.100636058,4.831508732487,6.1082976351,6.5010853981,6.8493764146,7.1961712801,8.0177311374,10.0160296898,C7,C7: limit warming to 4°C (>50%)
GCAM-PR 5.3,PR_NDC_Intensity,0.7935913746,2.02159905636,3.73536110409,8.454634703149,11.8559745223,15.60609672362,19.763202758617,23.830980935407,27.850344261748,31.6395307837857,failed-vetting,failed-vetting
GCAM-PR 5.3,PR_NDC_Price,0.7935913746,2.02159905636,3.73944883937,6.122999250335,8.2333122887,8.9171823241,9.8253505728,10.717903338,12.777999910858,15.557506729433,failed-vetting,failed-vetting
GCAM-PR 5.3,PR_NDC_PriceOnly,0.793591375,1.827793384,4.046059047,6.387772542,8.475722044,9.028481237,9.998460429,11.02221987,13.04013833,15.96987759,C6,C6: limit warming to 3°C (>50%)
GCAM-PR 5.3,PR_baseline,0.793591375,1.580989669,2.462818646,3.519637362,4.6783785,5.276744815,5.96786041,6.47710605,7.03626593,7.76309553,C7,C7: limit warming to 4°C (>50%)
GCAM-PR 5.3,R,0.7935914636,1.2374870369,2.04031052403,4.739899219451857,7.4481213641800394,10.125999836666516,12.618474006490132,14.993021706113096,17.0354550704976,18.388380460947275,no-climate-assessment,no-climate-assessment
GCAM-PR 5.3,SH,0.7935914636,1.22745477146,1.99476355666,4.739899219451857,7.4481213641800394,10.125999836666516,12.618474006490132,14.993021706113096,17.0354550704976,18.388380460947275,no-climate-assessment,no-climate-assessment
GCAM5.2_NET,GCAM_1.5C_high_os_high-cost-DAC,0.7653114,0.9443535,1.72414,10.94486,23.50975,26.73639,29.17018,31.96062,33.07262,32.54801,failed-vetting,failed-vetting
GCAM5.2_NET,GCAM_1.5C_high_os_low-cost-DAC,0.7653114,0.9443535,1.72414,10.94486,19.40651,22.59488,24.73531,27.73815,29.60467,29.50491,failed-vetting,failed-vetting
GCAM5.2_NET,GCAM_1.5C_low_os_high-cost-DAC,0.7653114,0.9443535,11.48234,25.03148,26.29342,27.23075,31.82994,32.16881,30.66564,27.9886,failed-vetting,failed-vetting
GCAM5.2_NET,GCAM_1.5C_low_os_low-cost-DAC,0.7653114,0.9443535,11.48234,21.20111,22.94181,24.47663,27.25023,28.29232,27.22174,25.52548,failed-vetting,failed-vetting
GCAM5.2_NET,GCAM_1.5C_low_os_noDAC,0.7653114,0.9443538,11.48232,25.37674,29.04867,30.94475,35.53895,34.55429,32.87932,31.87446,failed-vetting,failed-vetting
GEM-E3 V1,CD-LINKS_INDCi,1.381413548983706,1.502232202941693,2.87011666666683,5.740449784634039,10.94740358027148,10.125999836666516,12.618474006490132,14.993021706113096,17.0354550704976,18.388380460947275,failed-vetting,failed-vetting
GEM-E3 V1,CD-LINKS_INDCi_recGenTaxation,1.088981922351115,2.574737090822107,2.917028295761385,2.914345080173738,4.262845682579811,10.125999836666516,12.618474006490132,14.993021706113096,17.0354550704976,18.388380460947275,no-climate-assessment,no-climate-assessment
GEM-E3 V1,CD-LINKS_INDCi_recSocialSecurity,1.088981922351115,2.574737087582216,2.917610827674111,2.917930466764914,4.265870039751024,10.125999836666516,12.618474006490132,14.993021706113096,17.0354550704976,18.388380460947275,no-climate-assessment,no-climate-assessment
GEM-E3 V1,CD-LINKS_NPi,1.381413548983706,1.500760864409469,2.391079707822853,3.924440961289095,6.293304864313781,10.125999836666516,12.618474006490132,14.993021706113096,17.0354550704976,18.388380460947275,failed-vetting,failed-vetting
GEM-E3 V1,CD-LINKS_NPi2020_1000,1.381413548983706,1.501052367438687,3.060504712877481,7.954623873052725,13.54262015987937,10.125999836666516,12.618474006490132,14.993021706113096,17.0354550704976,18.388380460947275,failed-vetting,failed-vetting
GEM-E3 V1,CD-LINKS_NPi2020_1000_recGenTaxation,1.088981922351115,2.576227719857134,5.3332362792971,10.97998429194881,13.15945737548384,10.125999836666516,12.618474006490132,14.993021706113096,17.0354550704976,18.388380460947275,no-climate-assessment,no-climate-assessment
GEM-E3 V1,CD-LINKS_NPi2020_1000_recSocialSecurity,1.088981922351115,2.576227726458084,5.337138773186748,10.97414271983652,13.12372932739736,10.125999836666516,12.618474006490132,14.993021706113096,17.0354550704976,18.388380460947275,no-climate-assessment,no-climate-assessment
GEM-E3 V1,CD-LINKS_NPi2020_1600,1.381413548983706,1.501052367438687,2.814081231823751,5.965136717948239,13.48616146167238,10.125999836666516,12.618474006490132,14.993021706113096,17.0354550704976,18.388380460947275,failed-vetting,failed-vetting
GEM-E3 V1,CD-LINKS_NPi2020_400,1.381413548983706,1.501030357315176,3.623788491857259,11.98804062258887,22.66601761714054,10.125999836666516,12.618474006490132,14.993021706113096,17.0354550704976,18.388380460947275,failed-vetting,failed-vetting
GEM-E3 V1,CD-LINKS_NPi2020_400_recGenTaxation,1.088981922351115,2.576227715958582,6.244722470184426,15.48967491732549,24.95927933830635,10.125999836666516,12.618474006490132,14.993021706113096,17.0354550704976,18.388380460947275,failed-vetting,failed-vetting
GEM-E3 V1,CD-LINKS_NPi2020_400_recSocialSecurity,1.088981922351115,2.57622771777864,6.271085994002766,15.58125985147698,24.96308480059788,10.125999836666516,12.618474006490132,14.993021706113096,17.0354550704976,18.388380460947275,failed-vetting,failed-vetting
GEM-E3_V2021,EN_INDCi2030_1000,1.0385926794175624,1.424229215220853,2.747732576221875,6.124674613996333,11.53621219410039,18.41691947901805,22.82617351982765,25.06997329627425,25.24688512578973,25.77662655092638,C3,C3: limit warming to 2°C (>67%)
GEM-E3_V2021,EN_INDCi2030_1000_COV,1.0385926794175624,1.312658228742453,2.559164596002244,5.589170940353285,10.20602017666226,16.27326965796718,20.60569262258189,22.89424413813472,23.25000813772868,23.69787097874826,C3,C3: limit warming to 2°C (>67%)
GEM-E3_V2021,EN_INDCi2030_1000_COV_NDCp,1.0385926794175624,1.31265822724695,2.672871837156827,5.56110124899639,9.862843212234264,16.048990272281,20.36571683887837,22.74153946836193,23.10572681339109,23.61937637169773,C3,C3: limit warming to 2°C (>67%)
GEM-E3_V2021,EN_INDCi2030_1000_NDCp,1.0385926794175624,1.424229215220853,2.867090753584487,6.156900854160907,11.55291073996331,18.10443629020429,22.64650632873197,24.91722948746749,25.08069759180696,25.52359414965537,C3,C3: limit warming to 2°C (>67%)
GEM-E3_V2021,EN_INDCi2030_1000f,1.0385926794175624,1.424229215220853,2.747732576221875,5.28665617050584,9.742941148466912,17.01098332467514,24.37155074461299,27.70931850470362,28.72185679786685,30.2622454300985,C4,C4: limit warming to 2°C (>50%)
GEM-E3_V2021,EN_INDCi2030_1000f_COV,1.0385926794175624,1.312658228742453,2.559164596002244,4.936297609606505,9.013728302234876,15.67295088087299,22.09787144958792,25.34796001700599,26.07296026326685,26.9832766228428,C3,C3: limit warming to 2°C (>67%)
GEM-E3_V2021,EN_INDCi2030_1000f_COV_NDCp,1.0385926794175624,1.31265822724695,2.672871837156827,4.998363419619505,9.029992708633248,15.17525414138918,22.02505817261433,25.20301449618304,25.83508465026362,26.91383352813514,C3,C3: limit warming to 2°C (>67%)
GEM-E3_V2021,EN_INDCi2030_1000f_NDCp,1.0385926794175624,1.424229215220853,2.867090753584487,5.343878990129616,9.75332687755829,16.90695862792208,24.44374570187108,27.60034180845028,28.53599164377404,29.57608944754128,C4,C4: limit warming to 2°C (>50%)
GEM-E3_V2021,EN_INDCi2030_1400,1.0385926794175624,1.424229215220853,2.747732576221875,4.993209900095968,7.755331472554738,12.34539097652761,17.96946367420166,23.41052962333529,24.91627870014756,25.50527182067245,C4,C4: limit warming to 2°C (>50%)
GEM-E3_V2021,EN_INDCi2030_1400f,1.0385926794175624,1.424229215220853,2.747732576221875,4.993209900095968,7.755331472554738,12.24700206969831,17.83282258523189,23.30834242582354,24.91359894507122,26.11719364736605,C4,C4: limit warming to 2°C (>50%)
GEM-E3_V2021,EN_INDCi2030_1800,1.0385926794175624,1.424229215220853,2.747732576221875,4.497430229915198,6.82302589330326,9.76823570906728,14.21076455501226,17.87930287485049,20.72083787937682,23.16930852503298,C5,C5: limit warming to 2.5°C (>50%)
GEM-E3_V2021,EN_INDCi2030_1800f,1.0385926794175624,1.424229215220853,2.747732576221875,4.497430229915198,6.82302589330326,9.76823570906728,14.21076455501226,17.87930287485049,20.72083787937682,23.16930852503298,C5,C5: limit warming to 2.5°C (>50%)
GEM-E3_V2021,EN_INDCi2030_600f,1.0385926794175624,1.424229215220853,2.747732576221875,7.380553507834265,16.42484367909745,24.33479645543552,28.28467957446909,30.75240616226052,30.59938632883259,29.88816400182941,C2,C2: return warming to 1.5°C (>50%) after a high overshoot
GEM-E3_V2021,EN_INDCi2030_600f_COV,1.0385926794175624,1.312658228742453,2.559164596002244,6.793226008875203,15.0078116665063,22.60148532815644,26.2929875036974,28.64041172085681,28.23203197666788,27.81916504380932,C2,C2: return warming to 1.5°C (>50%) after a high overshoot
GEM-E3_V2021,EN_INDCi2030_600f_COV_NDCp,1.0385926794175624,1.31265822724695,2.672871837156827,6.802131255368144,14.81886431015862,22.44131084314491,26.28080297977448,28.64300101544049,28.23429413063202,27.8339091325239,C2,C2: return warming to 1.5°C (>50%) after a high overshoot
GEM-E3_V2021,EN_INDCi2030_600f_NDCp,1.0385926794175624,1.424229215220853,2.867090753584487,7.361704597682486,15.98834103440319,24.26789935663514,28.31322594845444,30.79648202627975,30.5380773315825,29.87103844316575,C2,C2: return warming to 1.5°C (>50%) after a high overshoot
GEM-E3_V2021,EN_INDCi2030_800,1.0385926794175624,1.424229215220853,2.747732576221875,8.522677838832685,14.96794174721219,20.72035285489302,23.38366677561685,25.10875295979671,24.69460919851459,24.37292589947704,C3,C3: limit warming to 2°C (>67%)
GEM-E3_V2021,EN_INDCi2030_800f,1.0385926794175624,1.424229215220853,2.747732576221875,6.389641860664341,12.38670150666439,21.64897036441813,25.59451898347969,28.42275411641123,28.41948350886148,28.05006008040064,C2,C2: return warming to 1.5°C (>50%) after a high overshoot
GEM-E3_V2021,EN_INDCi2100,1.0385926794175624,1.424229215220853,2.747732576221875,4.240978844407869,5.289646670776487,7.021362207792975,9.574632219819044,12.96129686342219,14.15828390003464,14.35693542441876,C7,C7: limit warming to 4°C (>50%)
GEM-E3_V2021,EN_INDCi2100_COV,1.0385926794175624,1.312658228742453,2.559164596002244,3.884649295788872,4.822119939068171,5.987477447153415,8.485144620412541,11.64338575569203,12.52311385535725,12.64417513081731,C6,C6: limit warming to 3°C (>50%)
GEM-E3_V2021,EN_INDCi2100_COV_NDCp,1.0385926794175624,1.31265822724695,2.672871837156827,4.424375354530268,5.827559333468377,7.269401286897075,9.43151361395034,12.37987411581508,13.23695285548568,13.25727458619133,C6,C6: limit warming to 3°C (>50%)
GEM-E3_V2021,EN_INDCi2100_NDCp,1.0385926794175624,1.424229215220853,2.867090753584487,4.771906627087064,6.450006975457192,7.970883320309269,10.47647695179917,13.76712217015326,14.69663394878834,14.87426085757894,C6,C6: limit warming to 3°C (>50%)
GEM-E3_V2021,EN_NPi2020_1000,1.0385926794175624,1.424229214716548,3.303511685900554,5.405482674275741,9.987291293003276,16.10985256298938,20.74675603745478,23.95768590407367,24.07602615763371,24.50249532330479,C3,C3: limit warming to 2°C (>67%)
GEM-E3_V2021,EN_NPi2020_1000_COV,1.0385926794175624,1.312658228742453,3.04407494731627,4.833784638794495,8.946613131060232,15.01940365891248,19.79119070196435,22.76773485671486,23.01252104319027,23.56091613311265,C3,C3: limit warming to 2°C (>67%)
GEM-E3_V2021,EN_NPi2020_1000f,1.0385926794175624,1.424229214228939,3.148530011629993,5.234965447606074,9.145271100362322,15.28745387606493,23.06585406214788,26.79037452595593,27.77672520931692,28.92489475046253,C4,C4: limit warming to 2°C (>50%)
GEM-E3_V2021,EN_NPi2020_1000f_COV,1.0385926794175624,1.312658228742453,2.672745134980437,4.847974862393396,8.352806885569468,13.81047403102279,20.53385128738831,24.30852723979792,25.20696626753066,25.9255135756209,C3,C3: limit warming to 2°C (>67%)
GEM-E3_V2021,EN_NPi2020_1400,1.0385926794175624,1.424229215815711,2.906099554170976,5.050950522648493,7.545771106103642,11.69474875221377,16.42775622354886,22.10946908517806,24.90887667311441,25.49269049206974,C5,C5: limit warming to 2.5°C (>50%)
GEM-E3_V2021,EN_NPi2020_1400f,1.0385926794175624,1.424229215815711,2.906099554170976,5.050950522648493,7.545771106103642,11.6410506593573,16.39533356524038,22.05369042287048,24.87955758142999,26.18627445598837,C4,C4: limit warming to 2°C (>50%)
GEM-E3_V2021,EN_NPi2020_1800,1.0385926794175624,1.424229215815711,2.84385776351977,4.386782899526391,6.49943298415149,9.16453970452632,13.56648886005883,17.74047639127598,19.77222271725148,22.76019111333039,C5,C5: limit warming to 2.5°C (>50%)
GEM-E3_V2021,EN_NPi2020_1800f,1.0385926794175624,1.424229215815711,2.84385776351977,4.386782899526391,6.49943298415149,9.16453970452632,13.56648886005883,17.74047639127598,19.77222271725148,22.76019111333039,C5,C5: limit warming to 2.5°C (>50%)
GEM-E3_V2021,EN_NPi2020_400f,1.0385926794175624,1.424229214228939,3.569059895525255,7.053593070583336,16.42414204980415,24.6743198862855,29.40357334623127,32.17462414894946,32.96066121925288,33.23427911824233,C2,C2: return warming to 1.5°C (>50%) after a high overshoot
GEM-E3_V2021,EN_NPi2020_500,1.0385926794175624,1.424229214716548,3.99359033558254,11.28528071676215,17.65803456607964,22.04850774973782,25.55653497723593,27.04884113368212,27.33115049373883,28.62821229303042,C1,C1: limit warming to 1.5°C (>50%) with no or limited overshoot
GEM-E3_V2021,EN_NPi2020_500f,1.0385926794175624,1.424229214228939,3.536741654505271,6.539084130631055,14.12923520914882,23.32801945243479,28.53081329027991,31.33317174065775,32.16320795433914,33.15380658613347,C2,C2: return warming to 1.5°C (>50%) after a high overshoot
GEM-E3_V2021,EN_NPi2020_600,1.0385926794175624,1.424229214716548,3.608824054174514,9.11150690734549,14.99911611190448,19.74897529002661,23.22888273921751,25.48365606746601,25.74265347083157,26.08366190123625,C2,C2: return warming to 1.5°C (>50%) after a high overshoot
GEM-E3_V2021,EN_NPi2020_600_COV,1.0385926794175624,1.312658228742453,3.555407669206585,8.117520454241962,14.52726772348117,19.17464193344089,22.16185777224484,23.58835657538386,23.25280131435357,22.97892802247881,C1,C1: limit warming to 1.5°C (>50%) with no or limited overshoot
GEM-E3_V2021,EN_NPi2020_600f,1.0385926794175624,1.424229214228939,3.45592341597723,6.075938406498495,11.89810571871933,22.07141891463719,27.43541951377364,30.22830420840645,31.2158012710995,32.63392529636918,C2,C2: return warming to 1.5°C (>50%) after a high overshoot
GEM-E3_V2021,EN_NPi2020_600f_COV,1.0385926794175624,1.312658228742453,3.292242692455534,5.969556175329389,10.3042496547138,20.24459372850501,24.23223990914048,27.38885144909436,27.23553892868268,26.87068365029494,C2,C2: return warming to 1.5°C (>50%) after a high overshoot
GEM-E3_V2021,EN_NPi2020_800,1.0385926794175624,1.424229214716548,3.550734919031207,6.83361220364662,12.38262539267865,18.46260569533757,22.63161656120396,24.9919381688345,25.11958343462958,25.65335558203288,C3,C3: limit warming to 2°C (>67%)
GEM-E3_V2021,EN_NPi2020_800f,1.0385926794175624,1.424229214228939,3.346707088777037,5.527844955402291,10.03855377665211,18.2109253278944,25.62054717384643,28.80274205268025,29.5372044024579,31.15263738488206,C3,C3: limit warming to 2°C (>67%)
GEM-E3_V2021,EN_NPi2100,1.0385926794175624,1.424229215220853,2.663236026049674,4.056192082046225,5.001544599182816,5.849195424113436,6.91323819670656,8.681108550233256,9.60456835134335,11.35500159692137,C7,C7: limit warming to 4°C (>50%)
GEM-E3_V2021,EN_NPi2100_COV,1.0385926794175624,1.312658228742453,2.508123881146365,3.76554325094714,4.642109749352926,5.401377217179123,6.36062624354985,7.992913881550407,8.861007062926733,10.55744454063938,C7,C7: limit warming to 4°C (>50%)
GEMINI-E3 7.0,PR_Baseline,1.0385926794175624,2.000456127,2.7155238041,3.424293645,4.1058693013,10.125999836666516,12.618474006490132,14.993021706113096,17.0354550704976,18.388380460947275,no-climate-assessment,no-climate-assessment
GEMINI-E3 7.0,PR_CP_Intensity,1.0385926794175624,2.0343901344,3.4626994208,4.7664750836,6.0611958818,10.125999836666516,12.618474006490132,14.993021706113096,17.0354550704976,18.388380460947275,no-climate-assessment,no-climate-assessment
GEMINI-E3 7.0,PR_CP_Price,1.0385926794175624,2.0343901344,3.4626994208,4.447171957999999,5.312079245199999,10.125999836666516,12.618474006490132,14.993021706113096,17.0354550704976,18.388380460947275,no-climate-assessment,no-climate-assessment
GEMINI-E3 7.0,PR_CP_PriceOnly,1.0385926794175624,2.0080746622,3.2156001821,4.0752955093,4.785783299999999,10.125999836666516,12.618474006490132,14.993021706113096,17.0354550704976,18.388380460947275,no-climate-assessment,no-climate-assessment
GEMINI-E3 7.0,PR_NDC_Intensity,1.0385926794175624,2.0368170045,3.7932352165,5.6227405968,6.9960707993,10.125999836666516,12.618474006490132,14.993021706113096,17.0354550704976,18.388380460947275,no-climate-assessment,no-climate-assessment
GEMINI-E3 7.0,PR_NDC_Price,1.0385926794175624,2.0368170045,3.7932352165,4.8377547159,5.695171516,10.125999836666516,12.618474006490132,14.993021706113096,17.0354550704976,18.388380460947275,no-climate-assessment,no-climate-assessment
GENeSYS-MOD 1.0,1,1.0385926794175624,2.867,4.779,4.783,2.617,10.125999836666516,12.618474006490132,14.993021706113096,17.0354550704976,18.388380460947275,no-climate-assessment,no-climate-assessment
GMM-17,Hard_Rock,0.78298,2.42502,3.284679999999999,4.09034,5.795960000000001,7.259730000000002,12.618474006490132,14.993021706113096,17.0354550704976,18.388380460947275,no-climate-assessment,no-climate-assessment
GMM-17,Modern_Jazz,0.78298,2.67935,3.3216,5.042699999999999,7.19434,9.24133,12.618474006490132,14.993021706113096,17.0354550704976,18.388380460947275,no-climate-assessment,no-climate-assessment
GMM-17,Symphony_1.5C,1.36968,2.66293,4.681629999999999,7.815749999999996,12.40806,17.89726,12.618474006490132,14.993021706113096,17.0354550704976,18.388380460947275,no-climate-assessment,no-climate-assessment
GMM-17,Unfinished_Symphony,0.78298,2.49043,3.61598,5.263959999999999,7.822009999999999,10.33899,12.618474006490132,14.993021706113096,17.0354550704976,18.388380460947275,no-climate-assessment,no-climate-assessment
GRAPE-15 1.0,EMF33_1.5C_cost100,1.1941,1.4408,29.0644,43.4742,58.6782,74.5078,88.2466,108.8034,125.3667,135.4425,failed-vetting,failed-vetting
GRAPE-15 1.0,EMF33_1.5C_full,1.1941,1.4178,29.0649,43.4467,58.6664,74.533,88.2673,108.8383,125.3832,135.4867,failed-vetting,failed-vetting
GRAPE-15 1.0,EMF33_1.5C_nofuel,1.1941,1.4589,29.3868,43.6647,59.0604,74.543,88.2651,108.8176,125.396,135.4895,failed-vetting,failed-vetting
GRAPE-15 1.0,EMF33_Baseline,1.1941,0.1318,0.5218,0.3474,0.5115000000000001,0.8628,1.311999999999999,3.6345,6.0567,15.9566,failed-vetting,failed-vetting
GRAPE-15 1.0,EMF33_Med2C_cost100,1.1941,0.3144,1.8368,12.3337,31.5118,48.9041,66.4193,100.6928,113.9194,120.4422,failed-vetting,failed-vetting
GRAPE-15 1.0,EMF33_Med2C_full,1.1941,0.3214,1.7465,10.7937,30.3641,46.9377,64.7901,100.2635,113.772,119.8408,failed-vetting,failed-vetting
GRAPE-15 1.0,EMF33_Med2C_limbio,1.1941,0.2846,17.0743,24.8379,32.5675,38.239,42.113,45.9814,51.1873,55.4403,failed-vetting,failed-vetting
GRAPE-15 1.0,EMF33_Med2C_nobeccs,1.1941,1.0463,14.88,15.8745,25.3679,47.6005,65.6327,90.6092,106.719,115.2314,failed-vetting,failed-vetting
GRAPE-15 1.0,EMF33_Med2C_nofuel,1.1941,0.3328,1.7119,11.0316,30.6855,48.3868,65.1506,100.0952,113.8273,120.0403,failed-vetting,failed-vetting
GRAPE-15 1.0,EMF33_Med2C_none,1.1941,1.088,15.7744,18.2385,30.6761,50.9712,66.5968,91.4675,107.864,116.1662,failed-vetting,failed-vetting
GRAPE-15 1.0,EMF33_WB2C_cost100,1.1941,0.2383,14.1868,30.8776,51.0336,65.8961,80.6948,106.9661,125.2959,134.5777,failed-vetting,failed-vetting
GRAPE-15 1.0,EMF33_WB2C_full,1.1941,0.2442,13.7378,30.4393,50.6118,65.0682,80.6058,106.759,125.0247,133.8345,failed-vetting,failed-vetting
GRAPE-15 1.0,EMF33_WB2C_limbio,1.1941,1.7177,29.4847,35.7974,37.8367,42.6646,45.1175,47.3988,52.0216,56.6867,failed-vetting,failed-vetting
GRAPE-15 1.0,EMF33_WB2C_nofuel,1.1941,0.2327,14.0305,30.823,50.8886,65.7288,80.7254,107.0326,125.1967,134.0732,failed-vetting,failed-vetting
GRAPE-15 1.0,EMF33_tax_hi_full,1.1941,0.0353,4.7333,15.0218,31.5598,46.908,64.6292,89.4182,112.4691,122.9683,failed-vetting,failed-vetting
GRAPE-15 1.0,EMF33_tax_hi_none,1.1941,0.0751,3.7163,7.0787,10.2299,17.6847,24.47300000000001,46.4637,58.2296,67.6883,failed-vetting,failed-vetting
GRAPE-15 1.0,EMF33_tax_lo_full,1.1941,0.0923,1.4786,1.6025,5.3752,14.3597,26.0901,58.7854,81.7799,114.0362,failed-vetting,failed-vetting
GRAPE-15 1.0,EMF33_tax_lo_none,1.1941,0.0835,1.3454,1.7825,3.7167,6.9695,12.3576,25.6985,36.1397,54.1312,failed-vetting,failed-vetting
IEA Energy Technology Perspectives Model 2020,B2DS,1.330516844264414,2.40156,5.730570224312846,9.747995484578608,14.08941280064223,17.10846149820451,18.09530500780098,14.993021706113096,17.0354550704976,18.388380460947275,no-climate-assessment,no-climate-assessment
IMACLIM 1.1,ADVANCE_2020_1.5C-2100_WP6,0.0009628,0.05686,6.265,40.2,43.63,10.125999836666516,12.618474006490132,14.993021706113096,17.0354550704976,18.388380460947275,no-climate-assessment,no-climate-assessment
IMACLIM 1.1,ADVANCE_2020_Med2C_WP6,0.0009628,0.009655,0.1497,0.9943,1.215,10.125999836666516,12.618474006490132,14.993021706113096,17.0354550704976,18.388380460947275,failed-vetting,failed-vetting
IMACLIM 1.1,ADVANCE_2020_WB2C_WP6,0.0009628,0.0191199999999999,1.104,9.099,11.01,10.125999836666516,12.618474006490132,14.993021706113096,17.0354550704976,18.388380460947275,no-climate-assessment,no-climate-assessment
IMACLIM 1.1,ADVANCE_2030_Med2C_WP6,0.001357,0.0121,0.07351,2.359,4.067,10.125999836666516,12.618474006490132,14.993021706113096,17.0354550704976,18.388380460947275,failed-vetting,failed-vetting
IMACLIM 1.1,ADVANCE_2030_Price1.5C_WP6,0.001357,0.0121,0.1964,7.01,9.849,10.125999836666516,12.618474006490132,14.993021706113096,17.0354550704976,18.388380460947275,failed-vetting,failed-vetting
IMACLIM 1.1,ADVANCE_2030_WB2C_WP6,0.001357,0.0121,0.1154,8.144,17.14,10.125999836666516,12.618474006490132,14.993021706113096,17.0354550704976,18.388380460947275,failed-vetting,failed-vetting
IMACLIM 1.1,ADVANCE_INDC_WP6,0.001357,0.01208,0.05615,0.07647,0.0706,10.125999836666516,12.618474006490132,14.993021706113096,17.0354550704976,18.388380460947275,failed-vetting,failed-vetting
IMACLIM 1.1,ADVANCE_NoPolicy_WP6,0.0003492,0.001165,0.002878,0.004059,0.004679,10.125999836666516,12.618474006490132,14.993021706113096,17.0354550704976,18.388380460947275,no-climate-assessment,no-climate-assessment
IMACLIM 1.1,ADVANCE_Reference_WP6,0.0009628,0.005754,0.009647,0.01064,0.01064,10.125999836666516,12.618474006490132,14.993021706113096,17.0354550704976,18.388380460947275,failed-vetting,failed-vetting
IMACLIM 1.1,SSP1_NoPolicy_TranspBase,0.0004307,0.001483,0.005369,0.01788,0.04561,0.0814899999999999,0.1519,0.2814,17.0354550704976,18.388380460947275,no-climate-assessment,no-climate-assessment
IMACLIM 1.1,SSP1_NoPolicy_TranspOpt,0.0004185,0.001172,0.0036409999999999,0.008636,0.0153199999999999,0.02738,0.0413,0.07006,17.0354550704976,18.388380460947275,no-climate-assessment,no-climate-assessment
IMACLIM 1.1,SSP1_RCP34_TranspBase,0.001987,0.01007,0.01624,0.02898,0.0848,1.451,13.05,14.993021706113096,17.0354550704976,18.388380460947275,failed-vetting,failed-vetting
IMACLIM 1.1,SSP1_RCP34_TranspOpt,0.001757,0.00689,0.01073,0.0195,0.0384899999999999,0.1376,5.13,11.71,17.0354550704976,18.388380460947275,failed-vetting,failed-vetting
IMACLIM 1.1,SSP1_RCP45_TranspBase,0.002131,0.008029,0.0134,0.03675,0.0884,0.1755,1.281,11.73,17.0354550704976,18.388380460947275,failed-vetting,failed-vetting
IMACLIM 1.1,SSP1_RCP45_TranspOpt,0.001914,0.0056799999999999,0.008961,0.01794,0.03161,0.06425,0.178,6.424,17.0354550704976,18.388380460947275,failed-vetting,failed-vetting
IMACLIM 1.1,SSP3_NoPolicy_TranspBase,0.0004421,0.00108,0.002446,0.004274,0.006428,0.0113099999999999,0.01724,0.02359,17.0354550704976,18.388380460947275,no-climate-assessment,no-climate-assessment
IMACLIM 1.1,SSP3_NoPolicy_TranspOpt,0.000435,0.0009614,0.002064,0.003554,0.005085,0.008533,0.01231,0.01686,17.0354550704976,18.388380460947275,no-climate-assessment,no-climate-assessment
IMACLIM 1.1,SSP3_NoPolicy_Transp_111,0.0003929,0.001071,0.00322,0.004471,0.005097,0.009051,0.01274,0.01629,17.0354550704976,18.388380460947275,no-climate-assessment,no-climate-assessment
IMACLIM 1.1,SSP3_NoPolicy_Transp_112,0.0003926,0.00106,0.003187,0.004362,0.004783,0.008415,0.0115,0.01238,17.0354550704976,18.388380460947275,no-climate-assessment,no-climate-assessment
IMACLIM 1.1,SSP3_NoPolicy_Transp_121,0.0003918,0.0009561,0.002907,0.004329,0.00462,0.007817,0.01107,0.0144,17.0354550704976,18.388380460947275,no-climate-assessment,no-climate-assessment
IMACLIM 1.1,SSP3_NoPolicy_Transp_211,0.0003915,0.001032,0.002889,0.004024,0.004508,0.007947,0.01159,0.01515,17.0354550704976,18.388380460947275,no-climate-assessment,no-climate-assessment
IMACLIM 1.1,SSP3_NoPolicy_Transp_222,0.0003884,0.0008928,0.002671,0.004165,0.006042,0.006669,0.008523,0.01166,17.0354550704976,18.388380460947275,no-climate-assessment,no-climate-assessment
IMACLIM 1.1,SSP3_RCP26_Transp_111,0.0004651,0.002805,0.006873,0.01175,0.07742,10.125999836666516,12.618474006490132,14.993021706113096,17.0354550704976,18.388380460947275,no-climate-assessment,no-climate-assessment
IMACLIM 1.1,SSP3_RCP26_Transp_112,0.0004639,0.00272,0.006631,0.01156,0.06056,10.125999836666516,12.618474006490132,14.993021706113096,17.0354550704976,18.388380460947275,no-climate-assessment,no-climate-assessment
IMACLIM 1.1,SSP3_RCP26_Transp_121,0.0004233,0.001891,0.005663,0.0106,0.04486,3.605,12.618474006490132,14.993021706113096,17.0354550704976,18.388380460947275,no-climate-assessment,no-climate-assessment
IMACLIM 1.1,SSP3_RCP26_Transp_211,0.0004219,0.002388,0.006222,0.01112,0.04891,3.79,12.618474006490132,14.993021706113096,17.0354550704976,18.388380460947275,no-climate-assessment,no-climate-assessment
IMACLIM 1.1,SSP3_RCP26_Transp_222,0.0004131,0.001568,0.005046,0.01077,0.02451,3.344,12.618474006490132,14.993021706113096,17.0354550704976,18.388380460947275,no-climate-assessment,no-climate-assessment
IMACLIM 1.1,SSP3_RCP34_TranspBase,0.0007563,0.004196,0.007244,0.0124,0.02265,0.04198,0.1769,6.221,17.0354550704976,18.388380460947275,failed-vetting,failed-vetting
IMACLIM 1.1,SSP3_RCP34_TranspOpt,0.0006407,0.003202,0.005607,0.009653,0.01474,0.02519,0.0545299999999999,5.522,17.0354550704976,18.388380460947275,failed-vetting,failed-vetting
IMACLIM 1.1,SSP3_RCP34_Transp_111,0.0004316,0.001405,0.004575,0.0106,0.01709,0.0317,0.124,3.552,17.0354550704976,18.388380460947275,no-climate-assessment,no-climate-assessment
IMACLIM 1.1,SSP3_RCP34_Transp_112,0.0004307,0.001372,0.004441,0.01035,0.0165,0.02901,0.105,3.75,17.0354550704976,18.388380460947275,no-climate-assessment,no-climate-assessment
IMACLIM 1.1,SSP3_RCP34_Transp_121,0.0004212,0.001144,0.003969,0.009315,0.01443,0.02534,0.06913,3.166,17.0354550704976,18.388380460947275,no-climate-assessment,no-climate-assessment
IMACLIM 1.1,SSP3_RCP34_Transp_211,0.00042,0.001308,0.004289,0.009904,0.01567,0.02564,0.06559,3.405,17.0354550704976,18.388380460947275,no-climate-assessment,no-climate-assessment
IMACLIM 1.1,SSP3_RCP34_Transp_222,0.0004097,0.00101,0.003723,0.007995,0.01237,0.02017,0.03555,2.482,17.0354550704976,18.388380460947275,no-climate-assessment,no-climate-assessment
IMACLIM 1.1,SSP3_RCP45_TranspBase,0.0007606,0.003339,0.006035,0.009755,0.01547,0.03041,0.04809,0.09004,17.0354550704976,18.388380460947275,failed-vetting,failed-vetting
IMACLIM 1.1,SSP3_RCP45_TranspOpt,0.0006843,0.002561,0.004547,0.007414,0.01105,0.022,0.03673,0.06134,17.0354550704976,18.388380460947275,failed-vetting,failed-vetting
IMACLIM 1.1,SSP3_RCP45_Transp_111,0.000432,0.00124,0.003265,0.004873,0.007891,0.01862,0.03092,0.06172,17.0354550704976,18.388380460947275,no-climate-assessment,no-climate-assessment
IMACLIM 1.1,SSP3_RCP45_Transp_112,0.0004314,0.001204,0.003434,0.005934,0.008,0.01899,0.03338,0.05947,17.0354550704976,18.388380460947275,no-climate-assessment,no-climate-assessment
IMACLIM 1.1,SSP3_RCP45_Transp_121,0.0004235,0.001009,0.00266,0.004437,0.005905,0.01409,0.02519,0.05053,17.0354550704976,18.388380460947275,no-climate-assessment,no-climate-assessment
IMACLIM 1.1,SSP3_RCP45_Transp_211,0.0004212,0.001128,0.003112,0.005315,0.006905,0.01583,0.02681,0.04814,17.0354550704976,18.388380460947275,no-climate-assessment,no-climate-assessment
IMACLIM 1.1,SSP3_RCP45_Transp_222,0.0004126,0.0009248,0.002551,0.004017,0.004839,0.01305,0.02798,0.0434,17.0354550704976,18.388380460947275,no-climate-assessment,no-climate-assessment
IMACLIM 1.1,base_DemandHigh_FossilHigh_TechHigh,0.0004886,0.002052,0.007536,0.01843,0.0351,10.125999836666516,12.618474006490132,14.993021706113096,17.0354550704976,18.388380460947275,failed-vetting,failed-vetting
IMACLIM 1.1,base_DemandHigh_FossilLow_TechHigh,0.0004462,0.001902,0.006443,0.01496,0.02233,10.125999836666516,12.618474006490132,14.993021706113096,17.0354550704976,18.388380460947275,failed-vetting,failed-vetting
IMACLIM 1.1,base_DemandHigh_FossilLow_TechLow,0.0004986,0.0025989999999999,0.01094,0.03709,0.1049,10.125999836666516,12.618474006490132,14.993021706113096,17.0354550704976,18.388380460947275,no-climate-assessment,no-climate-assessment
IMACLIM 1.1,base_DemandLow_FossilHigh_TechHigh,0.00043,0.001077,0.002605,0.005151,0.006817,10.125999836666516,12.618474006490132,14.993021706113096,17.0354550704976,18.388380460947275,failed-vetting,failed-vetting
IMACLIM 1.1,base_DemandLow_FossilHigh_TechLow,0.0004393,0.001408,0.004484,0.01073,0.01816,10.125999836666516,12.618474006490132,14.993021706113096,17.0354550704976,18.388380460947275,no-climate-assessment,no-climate-assessment
IMACLIM 1.1,base_DemandLow_FossilLow_TechHigh,0.0004353,0.001299,0.003467,0.00729,0.009322,10.125999836666516,12.618474006490132,14.993021706113096,17.0354550704976,18.388380460947275,failed-vetting,failed-vetting
IMACLIM 1.1,base_DemandLow_FossilLow_TechLow,0.0004469,0.0017469999999999,0.005804,0.01675,0.04535,10.125999836666516,12.618474006490132,14.993021706113096,17.0354550704976,18.388380460947275,no-climate-assessment,no-climate-assessment
IMACLIM 1.1,peak2016_DemandHigh_FossilHigh_TechHigh,0.001117,0.02306,0.04339,0.07476,3.741,10.125999836666516,12.618474006490132,14.993021706113096,17.0354550704976,18.388380460947275,failed-vetting,failed-vetting
IMACLIM 1.1,peak2016_DemandHigh_FossilLow_TechHigh,0.001098,0.02178,0.04141,0.0974,4.778,10.125999836666516,12.618474006490132,14.993021706113096,17.0354550704976,18.388380460947275,failed-vetting,failed-vetting
IMACLIM 1.1,peak2016_DemandHigh_FossilLow_TechLow,0.0006554999999999,0.008795,0.01575,0.02335,0.6967,10.125999836666516,12.618474006490132,14.993021706113096,17.0354550704976,18.388380460947275,failed-vetting,failed-vetting
IMACLIM 1.1,peak2016_DemandLow_FossilHigh_TechHigh,0.0004398,0.004849,0.009594,0.01542,0.5273,10.125999836666516,12.618474006490132,14.993021706113096,17.0354550704976,18.388380460947275,failed-vetting,failed-vetting
IMACLIM 1.1,peak2016_DemandLow_FossilHigh_TechLow,0.0005181,0.0107,0.02086,0.03708,2.395,10.125999836666516,12.618474006490132,14.993021706113096,17.0354550704976,18.388380460947275,failed-vetting,failed-vetting
IMACLIM 1.1,peak2016_DemandLow_FossilLow_TechHigh,0.0004398,0.003631,0.009096,0.01598,0.5759,10.125999836666516,12.618474006490132,14.993021706113096,17.0354550704976,18.388380460947275,failed-vetting,failed-vetting
IMACLIM 1.1,peak2016_DemandLow_FossilLow_TechLow,0.0004892,0.008267,0.0181,0.03923,2.796,10.125999836666516,12.618474006490132,14.993021706113096,17.0354550704976,18.388380460947275,failed-vetting,failed-vetting
IMACLIM 1.1,peak2020_DemandHigh_FossilHigh_TechHigh,0.001117,0.01329,0.02304,0.04809,3.222,10.125999836666516,12.618474006490132,14.993021706113096,17.0354550704976,18.388380460947275,failed-vetting,failed-vetting
IMACLIM 1.1,peak2020_DemandHigh_FossilLow_TechHigh,0.0006554999999999,0.0061579999999999,0.01177,0.02027,0.9769,10.125999836666516,12.618474006490132,14.993021706113096,17.0354550704976,18.388380460947275,failed-vetting,failed-vetting
IMACLIM 1.1,peak2020_DemandHigh_FossilLow_TechLow,0.001098,0.01251,0.02229,0.05776,4.187,10.125999836666516,12.618474006490132,14.993021706113096,17.0354550704976,18.388380460947275,failed-vetting,failed-vetting
IMACLIM 1.1,peak2020_DemandLow_FossilHigh_TechHigh,0.0004398,0.002493,0.006758,0.01495,0.7353,10.125999836666516,12.618474006490132,14.993021706113096,17.0354550704976,18.388380460947275,failed-vetting,failed-vetting
IMACLIM 1.1,peak2020_DemandLow_FossilHigh_TechLow,0.0005181,0.005226,0.0111,0.02883,2.706,10.125999836666516,12.618474006490132,14.993021706113096,17.0354550704976,18.388380460947275,failed-vetting,failed-vetting
IMACLIM 1.1,peak2020_DemandLow_FossilLow_TechHigh,0.0004398,0.001704,0.007121,0.0149,0.8031,10.125999836666516,12.618474006490132,14.993021706113096,17.0354550704976,18.388380460947275,failed-vetting,failed-vetting
IMACLIM 1.1,peak2020_DemandLow_FossilLow_TechLow,0.0004892,0.002196,0.009636,0.03233,2.74,10.125999836666516,12.618474006490132,14.993021706113096,17.0354550704976,18.388380460947275,failed-vetting,failed-vetting
IMACLIM 1.1,peak2025_DemandHigh_FossilHigh_TechHigh,0.001117,0.01151,0.01983,0.03696,3.342,10.125999836666516,12.618474006490132,14.993021706113096,17.0354550704976,18.388380460947275,failed-vetting,failed-vetting
IMACLIM 1.1,peak2025_DemandHigh_FossilLow_TechHigh,0.0006554999999999,0.005247,0.0116,0.01852,1.101,10.125999836666516,12.618474006490132,14.993021706113096,17.0354550704976,18.388380460947275,failed-vetting,failed-vetting
IMACLIM 1.1,peak2025_DemandHigh_FossilLow_TechLow,0.001098,0.01086,0.01968,0.0396899999999999,3.528,10.125999836666516,12.618474006490132,14.993021706113096,17.0354550704976,18.388380460947275,failed-vetting,failed-vetting
IMACLIM 1.1,peak2025_DemandLow_FossilHigh_TechHigh,0.0004398,0.002098,0.006349,0.01312,0.7871,10.125999836666516,12.618474006490132,14.993021706113096,17.0354550704976,18.388380460947275,failed-vetting,failed-vetting
IMACLIM 1.1,peak2025_DemandLow_FossilHigh_TechLow,0.0005181,0.004253,0.01002,0.0246,2.222,10.125999836666516,12.618474006490132,14.993021706113096,17.0354550704976,18.388380460947275,failed-vetting,failed-vetting
IMACLIM 1.1,peak2025_DemandLow_FossilLow_TechHigh,0.0004398,0.001573,0.006773,0.0139099999999999,0.7679,10.125999836666516,12.618474006490132,14.993021706113096,17.0354550704976,18.388380460947275,failed-vetting,failed-vetting
IMACLIM-NLU 1.0,EMF33_Baseline,0.0004446,0.001066,0.002465,0.004659,0.005013,0.003738,0.003479,0.001604,0.002109,0.002937,no-climate-assessment,no-climate-assessment
IMACLIM-NLU 1.0,EMF33_tax_hi_none,0.0004473,0.001146,0.002837,0.005801,0.009141,0.012969999999999,0.018269999999999,0.02519,0.02673,0.02968,failed-vetting,failed-vetting
IMACLIM-NLU 1.0,EMF33_tax_lo_none,0.0004473,0.001146,0.003763,0.005646,0.006311,0.007712999999999,0.01272,0.02124,0.026289999999999,0.04175,failed-vetting,failed-vetting
IMAGE 3.0,CO_2Deg2020,1.214417536,1.868840704,2.963165025296876,10.18823740380078,11.65938283456561,15.13618183820933,18.65054040632461,25.02048651394197,25.72312122631889,27.86381921826456,C3,C3: limit warming to 2°C (>67%)
IMAGE 3.0,CO_2Deg2030,1.214417536,1.875997728,1.662601203120117,5.743157180419923,11.03469170228139,13.81871343653312,14.35894753157197,16.8348576893607,20.56391938353207,21.36761131924709,C3,C3: limit warming to 2°C (>67%)
IMAGE 3.0,CO_BAU,1.214453344,1.139321024,0.91631002390625,0.59428966,0.284803777,0.120730184,0.16309735,0.128788953,0.095192215125,0.0703328013125,C7,C7: limit warming to 4°C (>50%)
IMAGE 3.0,CO_Bridge,1.214404032,1.1443152,0.991917271765625,4.458461791990236,11.07862526336608,13.67575934512012,15.13163453202462,16.3411254908088,17.53690322848991,18.01465445409012,C3,C3: limit warming to 2°C (>67%)
IMAGE 3.0,CO_CurPol,1.214417536,1.761670528,1.217261956799805,0.555166909375,0.2834350483125,0.2128977202335968,0.2222109256238556,0.0700433671137082,0.0497427834508018,0.0402680100111317,C7,C7: limit warming to 4°C (>50%)
IMAGE 3.0,CO_GPP,1.214404032,1.1443152,0.991917271765625,0.53553845,1.094891354,3.03943839,7.429934094222168,10.46914872164988,11.02348727456974,10.47938572201401,C5,C5: limit warming to 2.5°C (>50%)
IMAGE 3.0,CO_NDCplus,1.214417536,1.768771936,1.574691047929688,0.8905801923125001,1.665224803,3.224796291,5.0522995403125,6.665512262125,7.6194740479375,7.886906165687502,C7,C7: limit warming to 4°C (>50%)
IMAGE 3.0,EN_INDCi2030_1000,1.214493248,2.034684352,1.739965224429688,11.1110735261875,28.92786483078619,31.67769322152358,33.1311530004702,36.37983752151177,39.94328266292113,38.86614049358509,C4,C4: limit warming to 2°C (>50%)
IMAGE 3.0,EN_INDCi2030_1000f,1.214493248,2.034684352,1.721272901621094,3.014431503,23.649935925375,30.28405210235364,32.89398871490695,35.58948272531985,36.81094796458885,36.03859707463347,C4,C4: limit warming to 2°C (>50%)
IMAGE 3.0,EN_INDCi2030_1200,1.214493248,2.034684352,1.703379866578125,3.9051050571875,25.674687928,32.10145403988501,34.32604325810387,39.48546408910719,42.18101614616897,39.62399924556077,C4,C4: limit warming to 2°C (>50%)
IMAGE 3.0,EN_INDCi2030_1200f,1.214493248,2.034684352,1.721272901621094,2.068249363,21.027742152,32.41165204246138,37.13533613803197,40.41989192943971,48.35839481530724,48.97743840079993,C4,C4: limit warming to 2°C (>50%)
IMAGE 3.0,EN_INDCi2030_1400,1.214493248,2.034684352,1.702928191601563,3.446417911625,22.96977387709375,27.0427189704375,31.43281023606201,38.22352200712953,40.49489447435109,39.21972171494915,C5,C5: limit warming to 2.5°C (>50%)
IMAGE 3.0,EN_INDCi2030_1400f,1.214493248,2.034684352,1.721272901621094,1.998774711,20.506252589,26.66606044447632,30.97748976474662,38.57939119786817,46.49480618561886,45.36362885853288,C4,C4: limit warming to 2°C (>50%)
IMAGE 3.0,EN_INDCi2030_3000,1.214493248,2.034684352,1.721272901621094,0.744610807,0.6474555320000001,0.845568144,1.536251504,3.754232736,8.330148016,8.225956182000001,C6,C6: limit warming to 3°C (>50%)
IMAGE 3.0,EN_INDCi2030_3000f,1.214493248,2.034684352,1.721272901621094,0.744610807,0.6474555320000001,0.845568144,1.536251504,3.754232736,8.330148016,8.225956182000001,C6,C6: limit warming to 3°C (>50%)
IMAGE 3.0,EN_INDCi2030_800f,1.214493248,2.034684352,1.721272901621094,10.8669458503125,28.72511233548665,30.57229864748957,34.43608908399207,35.419874308776,35.84805109915612,35.81048050394158,C3,C3: limit warming to 2°C (>67%)
IMAGE 3.0,EN_INDCi2100,1.214493248,2.034684352,1.738300543421875,1.533516406,3.691524322,6.963896782000001,11.807838335,16.190202755,19.176059287,20.871310402,C7,C7: limit warming to 4°C (>50%)
IMAGE 3.0,EN_NPi2020_1000,1.214493248,2.018818752,2.7438006621875,12.579776653875,29.190759852,31.42136764827455,33.86695471259751,39.17272542173047,40.7037191942936,38.44457125762893,C3,C3: limit warming to 2°C (>67%)
IMAGE 3.0,EN_NPi2020_1000f,1.214493248,2.02903744,2.918846602203125,13.91640442109375,27.23528240686036,29.68124346303027,33.89271315444159,40.40009624965501,43.76855910384253,46.09254656009928,C3,C3: limit warming to 2°C (>67%)
IMAGE 3.0,EN_NPi2020_1200,1.214493248,2.014268128,2.532646733054688,7.9802887238125,27.45588031053125,31.36465811186719,35.27369969370606,39.81398725565919,42.12505737951278,40.1617997435732,C4,C4: limit warming to 2°C (>50%)
IMAGE 3.0,EN_NPi2020_1200f,1.214493248,2.024906912,2.607896657796875,10.85599462790625,22.35086330400977,21.01579412991016,30.80486533840625,38.72668130093897,41.6989538802141,43.8571387075809,C4,C4: limit warming to 2°C (>50%)
IMAGE 3.0,EN_NPi2020_1400,1.214493248,2.012428352,2.164764887641113,4.4735554283125,23.06500624868751,25.15196419872657,31.7416291826875,38.59786010576172,43.85164605110172,41.54213740910631,C4,C4: limit warming to 2°C (>50%)
IMAGE 3.0,EN_NPi2020_1400f,1.214493248,2.018763456,2.45131128890625,5.458764157999999,21.70176113590625,18.06556170344922,29.48366230690625,38.72511239229688,43.29002469671052,43.840540663749,C4,C4: limit warming to 2°C (>50%)
IMAGE 3.0,EN_NPi2020_3000,1.214493248,1.973038624,1.70327965609961,0.687027319,0.7020272000000001,0.784308,1.5741908,5.384349792,13.136733072,12.20200695,C6,C6: limit warming to 3°C (>50%)
IMAGE 3.0,EN_NPi2020_3000f,1.214493248,1.973038624,1.70327965609961,0.687027319,0.7020272000000001,0.784308,1.5741908,5.384349792,13.136733072,12.20200695,C6,C6: limit warming to 3°C (>50%)
IMAGE 3.0,EN_NPi2020_600f,1.214493248,2.05339408,3.197799062290038,20.4691692125,29.07988390783328,32.24527769733687,34.05605146173372,35.5570960091189,35.4124514701982,35.04123411204093,C3,C3: limit warming to 2°C (>67%)
IMAGE 3.0,EN_NPi2020_800,1.214493248,2.033782208,2.89494527259375,18.9307985088125,28.34519479720382,31.16951219293125,23.20035174800259,31.09402919020775,33.75453340819799,36.08743541734021,C3,C3: limit warming to 2°C (>67%)
IMAGE 3.0,EN_NPi2020_800f,1.214493248,2.02903744,3.01922769,15.2347729133125,29.15513597699024,32.41513163723896,37.08835478021375,43.36216795634783,46.45322900057208,47.60579423919589,C3,C3: limit warming to 2°C (>67%)
IMAGE 3.0,EN_NPi2100,1.214493248,2.003904832,1.744765018219727,0.6843928640000001,0.6511183060000001,0.6611455079240723,1.158217205313965,0.7889847152260743,0.1867097916725579,0.154580268040494,C7,C7: limit warming to 4°C (>50%)
IMAGE 3.0,EN_NoPolicy,1.214453344,1.139321024,0.91631002390625,0.59428966,0.284803777,0.120730184,0.16309735,0.128788953,0.095192215125,0.0703328013125,C7,C7: limit warming to 4°C (>50%)
IMAGE 3.0.1,ADVANCE_2020_1.5C-2100,1.21589984,2.80836368,5.722769363999999,25.301259072,40.322566064,44.439501123651,46.8109906000029,50.9515800414494,52.2005086852893,52.53627995330339,C2,C2: return warming to 1.5°C (>50%) after a high overshoot
IMAGE 3.0.1,ADVANCE_2020_Med2C,1.215830848,2.52749185932813,2.901252305375,5.796303374,12.0270050006016,15.1180552584297,18.5175394377656,23.6225771566075,27.3666103643905,28.0702124070148,C4,C4: limit warming to 2°C (>50%)
IMAGE 3.0.1,ADVANCE_2020_WB2C,1.215830848,2.55981888,4.352607175,9.948386074601562,11.2230799519048,14.2067251581152,20.14159592980531,23.0374766222468,23.5548326214246,22.6339836227098,C3,C3: limit warming to 2°C (>67%)
IMAGE 3.0.1,ADVANCE_2030_Med2C,1.215830848,2.51912580079688,2.87470903109375,2.596647276,6.472843929,13.567167284,15.4833720808821,18.2026278346777,21.2139311450137,21.3418459274099,C4,C4: limit warming to 2°C (>50%)
IMAGE 3.0.1,ADVANCE_2030_WB2C,1.215830848,2.53076752,3.332033736,5.840017236,8.0970741606875,8.5906784520005,9.9860798401602,10.7285744307901,17.3971639002683,22.07651998708989,C3,C3: limit warming to 2°C (>67%)
IMAGE 3.0.1,ADVANCE_INDC,1.215830848,2.51912580079688,2.779142096203129,3.028473318999998,3.703389623999998,5.2952659,6.563868858999999,6.484508549406249,5.616651256934,4.46622628963602,C6,C6: limit warming to 3°C (>50%)
IMAGE 3.0.1,ADVANCE_NoPolicy,1.215782944,1.09620368,0.8921925118125,0.6304706010000001,0.393600837999999,0.159366146999999,0.179503978,0.149264683,0.102725389296875,0.083791532145979,C7,C7: limit warming to 4°C (>50%)
IMAGE 3.0.1,ADVANCE_Reference,1.215830848,2.50067169910156,2.21947329690625,2.202621296,1.334986145,0.384852701,0.2462820520000001,0.200788279,0.14391634909375,0.083842595453247,C7,C7: limit warming to 4°C (>50%)
IMAGE 3.0.1,CD-LINKS_INDC2030i_1600,1.215880448,1.331847616,1.367991432,2.433137180999999,9.861075443,13.0546651098086,18.5124896942003,23.58764216065351,24.039616490611,23.87323700018331,C4,C4: limit warming to 2°C (>50%)
IMAGE 3.0.1,CD-LINKS_INDCi,1.215880448,1.338406423296879,1.12929703071377,1.160902785999999,0.566582551,0.476756644,0.569079711,0.381342202,0.139664330296875,0.049060790710583,C7,C7: limit warming to 4°C (>50%)
IMAGE 3.0.1,CD-LINKS_NDC2030i_1000,1.215880448,1.356923616,1.62278572,3.008011098,9.164461806,12.4768391174719,13.8527457793893,18.2037420886942,20.7798042592018,20.4141922401125,C3,C3: limit warming to 2°C (>67%)
IMAGE 3.0.1,CD-LINKS_NPi,1.215880448,1.316070815999999,1.114519962,0.5044931189999989,0.201038326,0.162363508979004,0.2074615200834961,0.139759201425995,0.098012125412536,0.060283278034514,C7,C7: limit warming to 4°C (>50%)
IMAGE 3.0.1,CD-LINKS_NPi2020_1000,1.215880448,1.415944576,1.779997889,7.061430635,10.6634167078809,14.2811438454579,18.8579481254348,22.6963453897764,23.4110909843422,22.1544658486269,C3,C3: limit warming to 2°C (>67%)
IMAGE 3.0.1,CD-LINKS_NPi2020_1600,1.215880448,1.346026111999999,1.4504563029375,4.93146294,10.6948485052969,13.4645779348569,18.635125985512,23.9899968977423,25.2706699224309,26.0199172709248,C4,C4: limit warming to 2°C (>50%)
IMAGE 3.0.1,CD-LINKS_NPi2020_400,1.215954048,2.532829055999999,5.661652362000001,23.5375762585,38.940274462157,41.842546981797,47.70834210752729,52.96997751729459,54.33590721403901,54.7588179708678,C2,C2: return warming to 1.5°C (>50%) after a high overshoot
IMAGE 3.0.1,CD-LINKS_NoPolicy,1.21592784,1.182563072,1.0994001728125,0.600917075,0.291066041999999,0.155032143,0.16693845,0.138895145,0.099838381687499,0.06787138379737,C7,C7: limit warming to 4°C (>50%)
IMAGE 3.0.1,EMF30_BCOC-EndU,1.21582704,2.269116928,1.775103168,1.506505501999999,0.495408606,0.196162771999999,0.14399901,0.110771977,0.073238338,0.052702054825195,C7,C7: limit warming to 4°C (>50%)
IMAGE 3.0.1,EMF30_Baseline,1.21582704,2.269116928,1.76699088,1.510678077,0.49632024,0.191684963999999,0.144846195999999,0.111559975999999,0.073506111,0.052484141807128,C7,C7: limit warming to 4°C (>50%)
IMAGE 3.0.1,EMF30_CH4-Only,1.21582704,2.269116928,1.76699088,1.510678077,0.49632024,0.191684963999999,0.144846195999999,0.111559975999999,0.073506111,0.052484141807128,C7,C7: limit warming to 4°C (>50%)
IMAGE 3.0.1,EMF30_ClimPolicy,1.21582704,2.923626623999998,5.622112736,11.57405288,14.302281136,17.4148775612305,22.179831481798,25.6001498168341,26.5224437957097,26.8254473871824,C3,C3: limit warming to 2°C (>67%)
IMAGE 3.0.1,EMF30_ClimPolicy+SLCF,1.21582704,2.923626623999998,5.644218528,11.595067376,14.345985682,17.4709921465703,22.4312062733669,25.57743007278231,27.4412130719832,27.7491638322919,C3,C3: limit warming to 2°C (>67%)
IMAGE 3.0.1,EMF30_D_BCOC-Red,1.21582704,2.269116928,1.76699088,1.510678077,0.49632024,0.191684963999999,0.144846195999999,0.111559975999999,0.073506111,0.052484141807128,C7,C7: limit warming to 4°C (>50%)
IMAGE 3.0.1,EMF30_D_CH4-ClimPolicy,1.21582704,2.269116928,1.76699088,1.510678077,0.49632024,0.191684963999999,0.144846195999999,0.111559975999999,0.073506111,0.052484141807128,C7,C7: limit warming to 4°C (>50%)
IMAGE 3.0.1,EMF30_D_CO2-Only,1.21582704,2.923626623999998,5.622112736,11.57405288,14.302281136,17.4148775612305,22.179831481798,25.6001498168341,26.5224437957097,26.8254473871824,C5,C5: limit warming to 2.5°C (>50%)
IMAGE 3.0.1,EMF30_D_Frozen-CH4,1.21582704,2.269116928,1.76699088,1.510678077,0.49632024,0.191684963999999,0.144846195999999,0.111559975999999,0.073506111,0.052484141807128,C7,C7: limit warming to 4°C (>50%)
IMAGE 3.0.1,EMF30_D_Frozen-EF,1.21582704,2.269116928,1.76699088,1.510678077,0.49632024,0.191684963999999,0.144846195999999,0.111559975999999,0.073506111,0.052484141807128,C7,C7: limit warming to 4°C (>50%)
IMAGE 3.0.1,EMF30_D_Frozen-EF-EndU,1.21582704,2.269116928,1.76699088,1.510678077,0.49632024,0.191684963999999,0.144846195999999,0.111559975999999,0.073506111,0.052484141807128,C7,C7: limit warming to 4°C (>50%)
IMAGE 3.0.1,EMF30_D_Frozen-EF-SLCF,1.21582704,2.269116928,1.76699088,1.510678077,0.49632024,0.191684963999999,0.144846195999999,0.111559975999999,0.073506111,0.052484141807128,C7,C7: limit warming to 4°C (>50%)
IMAGE 3.0.1,EMF30_SLCF,1.21582704,2.269116928,1.775103168,1.506505501999999,0.495408606,0.196162771999999,0.14399901,0.110771977,0.073238338,0.052702054825195,C7,C7: limit warming to 4°C (>50%)
IMAGE 3.0.1,EMF30_Slower-Action,1.21592032,2.08622090858398,3.650552111488279,3.221270653,1.6077378,0.7814948620000001,0.7404442280000001,0.368600312,0.313031302,0.245523534,C6,C6: limit warming to 3°C (>50%)
IMAGE 3.0.1,EMF30_Slower-Action+SLCF,1.21592032,2.08622090858398,3.66129545526953,3.21769539,1.610879011,0.783533937999999,0.741545595999999,0.3676665120000001,0.311975908,0.247120516,C6,C6: limit warming to 3°C (>50%)
IMAGE 3.0.1,EMF30_Slower-to-faster,1.215898336,2.07883629566016,2.957219093,5.829199956,10.6615763071875,13.124909152812,16.1669410024091,19.4897951938019,22.8505702285495,23.6192224577038,C4,C4: limit warming to 2°C (>50%)
IMAGE 3.0.1,EMF30_Slower-to-faster+SLCF,1.215898336,2.07883629566016,2.963149305,5.853828587000001,10.6744735721875,13.1404103070365,15.2037049074546,18.713033507273,22.044788487084,22.7659756905967,C3,C3: limit warming to 2°C (>67%)
IMAGE 3.0.1,EMF30_Slower-to-faster+SLCF+HFC,1.215898336,2.07883629566016,2.963149305,5.853828587000001,10.6744735721875,13.1404103070365,15.2037049074546,18.713033507273,22.044788487084,22.7659756905967,C3,C3: limit warming to 2°C (>67%)
IMAGE 3.0.1,IMA15-AGInt,1.215851936,2.998556288,6.030073388179691,2.623851552,22.5865070924697,32.3158193145232,38.510913658011,42.043319492296,38.3516592235801,48.06409441276179,failed-vetting,failed-vetting
IMAGE 3.0.1,IMA15-Def,1.215851936,2.99860241360156,11.956777024,33.40887304,39.28224409425,42.5602841462956,49.2019453914773,54.0120952966953,54.21353798601621,57.2833384253979,failed-vetting,failed-vetting
IMAGE 3.0.1,IMA15-Eff,1.21579792,2.787918016,9.14218732470313,30.3229492685996,38.99471566833,41.5949050817282,47.0274479410734,50.3428586916443,51.1882946488233,55.3475651661371,failed-vetting,failed-vetting
IMAGE 3.0.1,IMA15-LiStCh,1.21586704,2.829262976,5.798716722879879,0.8318871040000001,11.2991726222305,20.5601055687532,27.5193403507969,34.3656566757871,34.847599317284,37.3961795015338,failed-vetting,failed-vetting
IMAGE 3.0.1,IMA15-LoNCO2,1.215851936,2.998556288,6.03002569167285,0.7451504745800781,2.41843448458008,6.07766713048668,12.4073603164255,20.4695941772911,25.837502182785,25.13501434901431,failed-vetting,failed-vetting
IMAGE 3.0.1,IMA15-Pop,1.21595072,2.969686016,6.027827331687501,8.604439999999999,30.97854331537011,41.7213148259615,47.403094753287,50.96522818842379,50.6484044899296,59.30153870567221,failed-vetting,failed-vetting
IMAGE 3.0.1,IMA15-RenElec,1.215948544,6.471130624,6.0979852285,11.547463152,29.1576053189492,39.96731429551871,49.16113404964401,53.3596872703139,55.8814251955022,57.7177028472308,failed-vetting,failed-vetting
IMAGE 3.0.1,IMA15-TOT,1.216010432,6.070450048,6.086844576323769,0.7505400886446991,0.425559889707031,0.087096795167247,0.015695512150138,0.026264293645739,0.022952231710502,0.022233574780609,failed-vetting,failed-vetting
IMAGE 3.0.1,SSP1-19,1.215081536,2.12598460405078,5.128051808,7.021015072000001,7.92284493840625,10.7025397786191,14.350214460913,16.0000805156753,16.3994486381726,18.24018634940289,failed-vetting,failed-vetting
IMAGE 3.0.1,SSP1-26,1.215081536,1.017455776,1.259882039418949,2.176511168,4.703406544,9.197857468,10.719490026,13.5996544152734,13.6837941957564,9.69058376063184,C3,C3: limit warming to 2°C (>67%)
IMAGE 3.0.1,SSP1-34,1.215081536,1.029906272,1.0124817661875,0.5929377760000001,0.399850329882813,0.315219321999999,0.362511843999999,2.44104078,9.12064303798828,8.67639602063033,C5,C5: limit warming to 2.5°C (>50%)
IMAGE 3.0.1,SSP1-45,1.215081536,1.045720607999999,0.7377707925,0.38505118,0.230487069,0.10420699,0.11383587,0.0969189915,0.093850785999999,0.1057392593125,C6,C6: limit warming to 3°C (>50%)
IMAGE 3.0.1,SSP1-Baseline,1.215081536,1.06357472,0.9688787572968752,0.418999124,0.231286632,0.123777301999999,0.073688442999999,0.024748358624999,0.016832925828125,0.01224821388667,C7,C7: limit warming to 4°C (>50%)
IMAGE 3.0.1,SSP2-26,1.21502864,1.67741629755591,3.837088752,10.135470016,11.420334945,15.8791797869281,20.7904194124962,24.9879611686047,25.7067124516296,26.7311589945796,C3,C3: limit warming to 2°C (>67%)
IMAGE 3.0.1,SSP2-34,1.21502864,1.029895488,1.614450639812499,1.195665264,3.050406158,13.202491693,18.176395769,25.18670125440629,30.235780964747,32.1149235226479,C5,C5: limit warming to 2.5°C (>50%)
IMAGE 3.0.1,SSP2-45,1.21502864,1.00792352,1.0607685898125,1.039127394,0.5669701460000001,0.465998756,0.932849432,3.43180699,8.628949586000001,8.606842483,C6,C6: limit warming to 3°C (>50%)
IMAGE 3.0.1,SSP2-60,1.21502864,1.01875424,0.977677084874999,0.766223909,0.508399727,0.216508676,0.291957496,0.3030179035,0.272047105375,0.227595877625,C7,C7: limit warming to 4°C (>50%)
IMAGE 3.0.1,SSP2-Baseline,1.21502864,1.063939104,0.98242959140625,0.638804695,0.319693821,0.156508703,0.17263005,0.144087557,0.10089153540625,0.0833293287441649,C7,C7: limit warming to 4°C (>50%)
IMAGE 3.0.1,SSP3-34,1.214946144,1.068042688,1.626448790999999,4.601668915,9.598419746203133,10.1122590117539,14.9043545296805,16.5454843064186,17.6163319334631,17.5465901155526,C5,C5: limit warming to 2.5°C (>50%)
IMAGE 3.0.1,SSP3-45,1.214946144,1.018893888,1.103641401,1.354279044,1.54565006,2.260086886,9.072840656,15.643381159,18.3769571948253,21.2803608983615,C6,C6: limit warming to 3°C (>50%)
IMAGE 3.0.1,SSP3-60,1.214946144,1.047625472,0.975680256,0.6814204181875,0.4089526180000001,0.359157676,0.50670772,1.032129496,1.143322698,0.990987975,C7,C7: limit warming to 4°C (>50%)
IMAGE 3.0.1,SSP3-Baseline,1.214946144,1.077360032,0.929758335999999,0.6028627999999999,0.270157768,0.1692527453125,0.154498201,0.127380290875,0.09698812790625,0.07766266359375,C7,C7: limit warming to 4°C (>50%)
IMAGE 3.0.1,SSP4-26,1.21508192,1.58029696,4.56882312,8.793297368,8.402631799191411,9.134927358573233,10.5191203915796,11.9310070394836,12.0086858306916,12.0293327736775,C3,C3: limit warming to 2°C (>67%)
IMAGE 3.0.1,SSP4-34,1.21508192,1.023069632,1.37424396110547,2.885058356,4.873659327,10.208220814,13.9912250005078,17.2487376216211,20.504349496437,21.6553237011923,C5,C5: limit warming to 2.5°C (>50%)
IMAGE 3.0.1,SSP4-45,1.215076544,0.990867424,0.978605316858032,0.590748199179688,0.4113610345000001,1.02579286,3.050481946,4.156052923,9.2104783646875,11.6432367106487,C6,C6: limit warming to 3°C (>50%)
IMAGE 3.0.1,SSP4-60,1.215076544,0.991439487999999,0.90019088,0.4522570929999991,0.297975032,0.146171316,0.110357908,0.114179761999999,0.127116828,0.117581148,C7,C7: limit warming to 4°C (>50%)
IMAGE 3.0.1,SSP4-Baseline,1.215076544,1.010212095999999,0.7825015040000001,0.366834605,0.227265957,0.152052136,0.127825358,0.110099306,0.080908529,0.054607135999999,C7,C7: limit warming to 4°C (>50%)
IMAGE 3.0.1,SSP5-34,1.215077248,1.391038655999999,1.708602716,1.935178295,7.013998974,12.092889392,16.1515603906738,20.0875539962008,23.2809821227739,24.1997601689383,C5,C5: limit warming to 2.5°C (>50%)
IMAGE 3.0.1,SSP5-45,1.215077248,1.332286367999999,1.291984883,0.7084164310000001,1.079253654,7.898187284,10.732918629,14.321710197584,17.543694309632,20.1529882185744,C6,C6: limit warming to 3°C (>50%)
IMAGE 3.0.1,SSP5-60,1.215066144,1.114042368,0.899584273499999,0.51397842,0.308173514400391,0.268038208999999,0.7116076720000001,2.328552831999999,2.61046209270313,2.41540996663625,C7,C7: limit warming to 4°C (>50%)
IMAGE 3.0.1,SSP5-Baseline,1.215066144,1.134818784,0.78117888,0.3873528,0.177176182,0.101952135441406,0.110186036999999,0.09998702,0.093050748500106,0.092554016401558,C8,C8: exceed warming of 4°C (>=50%)
IMAGE 3.0.2,EMF33_Baseline,1.21578352,2.239399424,2.1585270266875,1.419175511999999,0.358052529,0.1602141,0.151280216,0.144398008,0.0835972128125,0.05514901190456,C7,C7: limit warming to 4°C (>50%)
IMAGE 3.0.2,EMF33_Med2C_cost100,1.215783424,2.29771136,2.3932945774502,2.046550844,6.789625424,8.46059860009375,12.3189764193032,17.7081096946773,22.4691387035247,24.0517752829916,C5,C5: limit warming to 2.5°C (>50%)
IMAGE 3.0.2,EMF33_Med2C_full,1.21578352,2.294919104,2.860058727390629,2.886184914,8.063633722,9.878027069,12.6699775965,18.0286855325313,23.1596402572265,25.1702055636742,C5,C5: limit warming to 2.5°C (>50%)
IMAGE 3.0.2,EMF33_Med2C_limbio,1.21578352,1.230897856,1.6163511836875,2.806904192,4.027241516,1.67850480839844,6.489243245571291,11.7109571037958,10.3362754358125,7.8370286311875,C5,C5: limit warming to 2.5°C (>50%)
IMAGE 3.0.2,EMF33_Med2C_nobeccs,1.21578352,2.305637568,3.189376544,2.023044413874999,0.2393244857363281,0.1446861875,0.123819458,0.083433778,0.055045742406249,0.033790459296875,C4,C4: limit warming to 2°C (>50%)
IMAGE 3.0.2,EMF33_Med2C_nofuel,1.21578352,2.291297952,2.85590883103027,3.310901872,8.9090954943125,11.426859753375,15.2658489783906,21.1603999441355,25.7614948015934,27.1114869905301,C4,C4: limit warming to 2°C (>50%)
IMAGE 3.0.2,EMF33_Med2C_none,1.21578352,2.300830048,3.185168703999999,2.06275575259375,0.2364961926381831,0.142690991050781,0.11179962,0.072913293,0.09155162959375,0.064111295601562,C4,C4: limit warming to 2°C (>50%)
IMAGE 3.0.2,EMF33_WB2C_cost100,1.215783424,2.313257088,2.897629867,7.17354321512012,11.7824875645576,15.4262853621791,19.7137992892051,23.3400112780023,24.9287553113733,24.0313887530061,C3,C3: limit warming to 2°C (>67%)
IMAGE 3.0.2,EMF33_WB2C_full,1.21578352,2.314115328,3.033580485,7.730906422259768,11.115019153113,14.6817357401812,18.3966990056665,21.2939812411412,22.50010439225581,21.7223513639717,C3,C3: limit warming to 2°C (>67%)
IMAGE 3.0.2,EMF33_WB2C_limbio,1.21578352,1.236494784,2.40431745259375,11.221845952,11.4171365563125,12.5865429167979,14.650954718,11.2897591454746,9.575154355844733,5.70558684294824,C3,C3: limit warming to 2°C (>67%)
IMAGE 3.0.2,EMF33_WB2C_nobeccs,1.21578352,2.319650816,3.23107344,1.91826028278906,0.301861073705704,0.213898348938224,0.041550400142413,0.013423021898437,0.02223207890625,0.0164734896875,C3,C3: limit warming to 2°C (>67%)
IMAGE 3.0.2,EMF33_WB2C_nofuel,1.21578352,2.309736832,3.031544776,7.76806422546973,11.757594245896,15.8561587418513,22.1562887914004,25.9081742293993,27.82517056707449,26.89089491926001,C3,C3: limit warming to 2°C (>67%)
IMAGE 3.0.2,EMF33_tax_hi_full,1.21578352,2.332718272,3.46825011690625,3.205090572,9.582401588,13.450624364,17.0914643586094,22.167508826418,25.5141980367182,26.5598294280426,C4,C4: limit warming to 2°C (>50%)
IMAGE 3.0.2,EMF33_tax_hi_none,1.21578352,2.31626592,3.409241124796879,1.23788863,0.413071544,0.165645273,0.089834776999999,0.093022086999999,0.06793523,0.070861,C5,C5: limit warming to 2.5°C (>50%)
IMAGE 3.0.2,EMF33_tax_lo_full,1.21578352,2.298974144,2.795388790466799,1.683955841999999,1.381317455999999,2.078723336,4.04071057,7.414750346,10.0344796185,12.2292329943064,C5,C5: limit warming to 2.5°C (>50%)
IMAGE 3.0.2,EMF33_tax_lo_none,1.21578352,2.28352112,2.8025264543125,1.599016472,0.588921064,0.283196444,0.233794118,0.193305768,0.20589369,0.153235342,C5,C5: limit warming to 2.5°C (>50%)
IMAGE 3.2,SSP1-baseline,1.268839104,1.834590528,1.582913536,2.299410708,5.348584320000001,7.216325056,7.305555472000001,8.61681064,6.518051648,3.667252036,C7,C7: limit warming to 4°C (>50%)
IMAGE 3.2,SSP1_SPA1_19I_D,1.268839104,1.834590528,3.9078836,14.746799996,19.516555312,23.585894304,25.930947672375,25.4843203653125,24.2175225625,20.89475560874219,C2,C2: return warming to 1.5°C (>50%) after a high overshoot
IMAGE 3.2,SSP1_SPA1_19I_D_LB,1.268839104,1.834590528,4.922388666000001,6.101269903230469,5.446399459,5.072514483875,3.629708989125,1.984846284796875,1.769652285984375,1.659073563246582,C1,C1: limit warming to 1.5°C (>50%) with no or limited overshoot
IMAGE 3.2,SSP1_SPA1_19I_LI,1.270427104,1.848817152,4.251290184,11.837883864,15.932539136,20.658625612,22.360932820625,19.05201510709375,16.78117864039844,13.87326333188281,C2,C2: return warming to 1.5°C (>50%) after a high overshoot
IMAGE 3.2,SSP1_SPA1_19I_LIRE,1.2687352,1.847658432,3.820825812,15.682862981,19.69528389,22.977973536,28.185655464125,23.91001461729688,26.1673323363125,22.9952259373125,C2,C2: return warming to 1.5°C (>50%) after a high overshoot
IMAGE 3.2,SSP1_SPA1_19I_LIRE_LB,1.2687352,1.847658432,5.418309542,6.550030336000001,6.594824057,6.821724527254883,5.29700569169331,4.013411007610901,3.87819999559961,3.365310242898438,C1,C1: limit warming to 1.5°C (>50%) with no or limited overshoot
IMAGE 3.2,SSP1_SPA1_19I_RE,1.2687016,1.8495936,4.845858992,12.428182464,16.027944824,17.249321292,20.674340661,19.770746122,21.0365935101875,20.8620707085,C2,C2: return warming to 1.5°C (>50%) after a high overshoot
IMAGE 3.2,SSP1_SPA1_19I_RE_LB,1.2687016,1.8495936,5.13848075,6.264283061,5.948934982,4.98897381,4.135698898141868,2.4921770041875,2.07249641440625,2.897182410242188,C1,C1: limit warming to 1.5°C (>50%) with no or limited overshoot
IMAGE 3.2,SSP1_SPA1_26I_D,1.268839104,1.834590528,2.634785642,8.854644096000001,12.260049792,15.896141152,20.197201952,24.488661184,23.580081358,18.96036653829688,C3,C3: limit warming to 2°C (>67%)
IMAGE 3.2,SSP1_SPA1_26I_LI,1.270427104,1.848817152,2.215862848,6.127209248000001,8.442754816,11.827544672,15.405085664,15.537901936,14.275344192,10.7419013931875,C3,C3: limit warming to 2°C (>67%)
IMAGE 3.2,SSP1_SPA1_26I_LIRE,1.2687352,1.847658432,2.49043728,6.843218719,9.25468728,18.001506176,23.066043968,23.836700864,17.465691184,12.04163828859375,C3,C3: limit warming to 2°C (>67%)
IMAGE 3.2,SSP1_SPA1_26I_RE,1.2687016,1.8495936,3.074251626,6.821610560000001,10.275073216,12.966991872,14.09692512,15.241052088,16.036321748,15.57370380990625,C3,C3: limit warming to 2°C (>67%)
IMAGE 3.2,SSP1_SPA1_34I_D,1.268839104,1.834590528,2.36227248,4.610738304,7.481504633370117,8.785621216000001,9.978348784,10.828592928,9.745978912,8.550643872,C5,C5: limit warming to 2.5°C (>50%)
IMAGE 3.2,SSP1_SPA1_34I_LI,1.270427104,1.848817152,2.116335456,2.75398272,6.15485824,6.90869448,10.838200576,10.505065136,9.356513968,6.769467504000001,C5,C5: limit warming to 2.5°C (>50%)
IMAGE 3.2,SSP1_SPA1_34I_LIRE,1.2687016,1.849593216,2.287829952,2.274577769,3.414978912,4.400970944,5.337783624,7.929394576000001,9.827802176,6.294793696,C5,C5: limit warming to 2.5°C (>50%)
IMAGE 3.2,SSP1_SPA1_34I_RE,1.2687016,1.8495936,2.86608256,3.887145504,3.874073408,4.9274436,6.189458048000001,7.557656000000001,9.425052064,7.447860336000001,C5,C5: limit warming to 2.5°C (>50%)
IMAGE 3.2,SSP2-baseline,1.268908896,1.833748096,1.563791328,2.094592768,4.25001488,10.472695456,11.901741504,13.61781816,12.16628752,9.991545544,C7,C7: limit warming to 4°C (>50%)
IMAGE 3.2,SSP2_SPA1_19I_D_LB,1.270530304,1.837584256,4.956990654,6.442335168000001,5.363328926,5.2391188988125,3.58656380609375,1.64337949971875,1.37985948028125,1.0145490455,C1,C1: limit warming to 1.5°C (>50%) with no or limited overshoot
IMAGE 3.2,SSP2_SPA1_19I_LIRE_LB,1.2687352,1.847658432,5.050593214,6.368274634,5.99610464,5.955103648000001,4.543978064132836,3.4772879711875,3.457060619406901,3.1176394011875,C1,C1: limit warming to 1.5°C (>50%) with no or limited overshoot
IMAGE 3.2,SSP2_SPA1_19I_RE_LB,1.270398784,1.846125856,5.435441610000001,6.393488344539063,6.273057862000001,6.226566944268101,4.932825012,3.871907134,3.850336547,3.743697181,C1,C1: limit warming to 1.5°C (>50%) with no or limited overshoot
IMAGE 3.2,SSP2_SPA2_19I_D,1.270530304,1.837584256,4.124110554,11.84189408,17.74302407,22.684300526,29.420178302,32.405750805,32.420516362,31.197404416,C2,C2: return warming to 1.5°C (>50%) after a high overshoot
IMAGE 3.2,SSP2_SPA2_19I_LI,1.2687352,1.847658432,3.5177455018125,7.946292322000001,14.751751161,16.785892174,16.488433652,14.551078611,12.762314171,13.285813428,C1,C1: limit warming to 1.5°C (>50%) with no or limited overshoot
IMAGE 3.2,SSP2_SPA2_19I_LIRE,1.270398784,1.84612544,4.681762744,10.443980829,15.915434144,16.684005616,21.32642177,22.746651937,28.82673,34.28002898,C2,C2: return warming to 1.5°C (>50%) after a high overshoot
IMAGE 3.2,SSP2_SPA2_19I_RE,1.270398784,1.846125856,5.104765946000001,13.226979314,17.478901448,18.85613328,22.35970498,22.397575215,24.42139060979688,28.922913513,C2,C2: return warming to 1.5°C (>50%) after a high overshoot
IMAGE 3.2,SSP2_SPA2_26I_D,1.270530304,1.837584256,3.3512807893125,9.682477167,18.712911452,25.101095376,34.70083417,38.857353731,38.86429484479688,36.32846393490625,C3,C3: limit warming to 2°C (>67%)
IMAGE 3.2,SSP2_SPA2_26I_LI,1.2687352,1.847658432,3.395462071595215,5.909621504,14.250483712,24.965760736,28.604681824,29.639380288,26.972391942,23.51425539971876,C3,C3: limit warming to 2°C (>67%)
IMAGE 3.2,SSP2_SPA2_26I_LIRE,1.2687352,1.847658432,3.73828297597641,5.650672800000001,8.621406624,17.055662784,24.690230592,26.972050032,30.256387849,27.98942512190625,C3,C3: limit warming to 2°C (>67%)
IMAGE 3.2,SSP2_SPA2_26I_RE,1.270398784,1.846125856,3.877796617,12.559692834,17.435381376,21.075808448,25.362272784,33.076281099,35.68442073890625,31.483409069,C3,C3: limit warming to 2°C (>67%)
IMAGE 3.2,SSP2_SPA2_34I_D,1.270530304,1.837584256,3.2091839073125,5.144289056000001,14.724148352,19.007484864,24.640796096,28.1090232,26.58116124,21.063232062,C5,C5: limit warming to 2.5°C (>50%)
IMAGE 3.2,SSP2_SPA2_34I_LI,1.2687352,1.847658432,3.355812352,2.795810301601563,7.281175309000001,14.35875632,19.55455696,22.45321776,19.003033344,11.822645568,C5,C5: limit warming to 2.5°C (>50%)
IMAGE 3.2,SSP2_SPA2_34I_LIRE,1.270398784,1.84612544,3.55855776559375,3.981358021296875,6.356739213687501,11.431328848,17.245400672,18.032111488,15.1328648,8.430275892000001,C5,C5: limit warming to 2.5°C (>50%)
IMAGE 3.2,SSP2_SPA2_34I_RE,1.270398784,1.846125856,3.877630042321503,6.915648448000001,11.0763104,13.049791232,19.439983232,20.224860288,18.776923412,12.941541074,C5,C5: limit warming to 2.5°C (>50%)
IMAGE 3.2,SSP2_SPA2_45I_D,1.270530304,1.837584256,3.1790880195,2.8670780718125,9.55001818790625,14.0146945255,14.246327463,17.583740368,16.78943184,10.183323984,C6,C6: limit warming to 3°C (>50%)
IMAGE 3.2,SSP2_SPA2_45I_LI,1.2687352,1.847658432,3.318444448,2.14911552,3.773556682,8.0168331558125,9.145902563125,10.05500746700977,12.88618291251953,9.581979533382814,C6,C6: limit warming to 3°C (>50%)
IMAGE 3.2,SSP2_SPA2_45I_LIRE,1.2687352,1.847658432,3.47906452209375,2.789629604703125,3.872901854625,7.423038031000001,7.830452615,10.5373593600842,11.69118489606776,9.246396450051892,C6,C6: limit warming to 3°C (>50%)
IMAGE 3.2,SSP2_SPA2_45I_RE,1.270398784,1.846125856,3.78019454,3.797300195875,7.705947744,8.24097581,12.990515362,15.372722256,16.661452704,12.064000704,C6,C6: limit warming to 3°C (>50%)
IMAGE 3.2,SSP3-baseline,1.268864608,1.835396096,1.3564704,1.8360896488125,2.407482304,1.59194224,1.848264784,2.227047168,4.769299072,6.292114176,C7,C7: limit warming to 4°C (>50%)
IMAGE 3.2,SSP4-baseline,1.270492608,1.833467552,1.751484256,2.551199785,3.186113856,2.829059488,3.016045216,5.823994944000001,4.917836608,4.147706896,C7,C7: limit warming to 4°C (>50%)
IMAGE 3.2,SSP5-baseline,1.270492608,1.830931232,1.61258224,2.177347536,2.82282984,2.987578584,3.207089056,5.496147104,7.929936192,7.646843328,C8,C8: exceed warming of 4°C (>=50%)
MERGE-ETL 6.0,BAU,1.9,2.9,2.9,3.6,2.7,4.7,4.4,3.9,2.0,1.3,failed-vetting,failed-vetting
MERGE-ETL 6.0,DAC15_50,1.9,7.0,9.8,15.8,34.1,36.7,39.7,36.3,30.9,20.6,failed-vetting,failed-vetting
MERGE-ETL 6.0,DAC2_66,1.9,4.4,5.6,11.2,33.7,32.4,25.8,11.2,13.3,16.8,C4,C4: limit warming to 2°C (>50%)
MESSAGE V.3,GEA_Eff_1p5C,0.89,2.19,3.498,3.528,3.085,3.356,3.665,3.788,3.285,3.566,failed-vetting,failed-vetting
MESSAGE V.3,GEA_Eff_1p5C_Delay2020,0.893,0.092,2.202,3.965,3.643999999999999,3.59,3.599,2.901999999999999,3.273999999999999,3.866,failed-vetting,failed-vetting
MESSAGE V.3,GEA_Eff_2C_Delay2020,0.893,0.092,1.283,3.118,4.513999999999999,4.409,4.809,4.762,4.15,4.056,failed-vetting,failed-vetting
MESSAGE V.3,GEA_Eff_AdvNCO2_1p5C,0.89,0.795,1.043,1.203,2.417,3.521,4.386,3.963,3.703999999999999,3.753999999999999,failed-vetting,failed-vetting
MESSAGE V.3,GEA_Eff_base,0.89,0.195,0.144,0.171,0.457,0.527,0.475,0.8310000000000001,1.402,1.845999999999999,failed-vetting,failed-vetting
MESSAGE V.3,GEA_Mix_1p5C_AdvNCO2_PartialDelay2020,0.894,0.74,2.545,3.808,4.152,4.803999999999999,5.452999999999999,5.843,6.545,6.85,failed-vetting,failed-vetting
MESSAGE V.3,GEA_Mix_1p5C_AdvTrans_PartialDelay2020,0.894,0.7140000000000001,2.164,2.976,3.788,5.101,4.785,4.617,4.079,4.249,failed-vetting,failed-vetting
MESSAGE V.3,GEA_Mix_2C_AdvNCO2_PartialDelay2020,0.894,0.74,1.208,2.113,3.567,4.152,4.899,5.515,5.986000000000002,6.362,failed-vetting,failed-vetting
MESSAGE V.3,GEA_Mix_2C_AdvTrans_PartialDelay2020,0.894,0.7140000000000001,1.077,2.11,3.562,4.119,4.83,5.407999999999999,5.742000000000001,5.081,failed-vetting,failed-vetting
MESSAGE V.3,GEA_Mix_base,0.89,0.273,0.273999999999999,0.246,0.25,0.705,2.418,3.957,6.032,7.039,failed-vetting,failed-vetting
MESSAGE-GLOBIOM 1.0,ADVANCE_2020_1.5C-2100,0.763,1.529,1.450999999999999,2.117,4.508999999999999,5.537999999999999,5.145,5.7,5.036,4.699,C1,C1: limit warming to 1.5°C (>50%) with no or limited overshoot
MESSAGE-GLOBIOM 1.0,ADVANCE_2020_Med2C,0.763,1.529,1.238,0.7090000000000001,0.58,1.281999999999999,2.819,3.986,4.556,4.54,C4,C4: limit warming to 2°C (>50%)
MESSAGE-GLOBIOM 1.0,ADVANCE_2020_WB2C,0.763,1.529,1.396999999999999,0.6900000000000001,1.186,2.724,5.149,5.622999999999998,5.571000000000002,3.748,C3,C3: limit warming to 2°C (>67%)
MESSAGE-GLOBIOM 1.0,ADVANCE_2030_Med2C,0.763,1.529,0.857,0.642,0.779,1.726999999999999,3.24,4.861000000000002,5.585,5.099,C4,C4: limit warming to 2°C (>50%)
MESSAGE-GLOBIOM 1.0,ADVANCE_2030_Price1.5C,0.763,1.529,0.856,1.38,3.06,5.263,4.813,5.17,6.478,5.35,C2,C2: return warming to 1.5°C (>50%) after a high overshoot
MESSAGE-GLOBIOM 1.0,ADVANCE_2030_WB2C,0.763,1.529,0.856,0.653,2.041,4.899,5.819,5.603,5.627000000000002,4.497,C3,C3: limit warming to 2°C (>67%)
MESSAGE-GLOBIOM 1.0,ADVANCE_INDC,0.763,1.529,0.857,0.643,0.8170000000000001,1.124,1.059,1.599,1.969,2.193,C5,C5: limit warming to 2.5°C (>50%)
MESSAGE-GLOBIOM 1.0,ADVANCE_NoPolicy,0.763,1.675,1.206,0.8109999999999989,1.571999999999999,1.573,1.946,3.449,4.667,6.546,failed-vetting,failed-vetting
MESSAGE-GLOBIOM 1.0,ADVANCE_Reference,0.763,1.529,1.154,0.5329999999999989,0.6980000000000001,0.8109999999999989,0.519,0.7829999999999989,1.394,2.022,C6,C6: limit warming to 3°C (>50%)
MESSAGE-GLOBIOM 1.0,EMF30_BCOC-EndU,0.789,1.703,1.673,1.865,3.569,5.04,6.399,7.055,5.774,7.580999999999999,C7,C7: limit warming to 4°C (>50%)
MESSAGE-GLOBIOM 1.0,EMF30_Baseline,0.789,1.699,1.217,0.8200000000000001,1.601,1.538,1.834,3.266,4.383999999999999,5.805,C7,C7: limit warming to 4°C (>50%)
MESSAGE-GLOBIOM 1.0,EMF30_CH4-Only,0.789,1.706999999999999,1.217,0.622,1.246,1.879,2.9,4.037,3.787,6.984,failed-vetting,failed-vetting
MESSAGE-GLOBIOM 1.0,EMF30_ClimPolicy,0.789,1.578,1.104,0.295,0.8130000000000001,2.338,5.08,5.483,5.631,4.126,failed-vetting,failed-vetting
MESSAGE-GLOBIOM 1.0,EMF30_ClimPolicy+SLCF,0.789,1.633,1.523,0.649,0.7340000000000001,1.61,3.676,4.809,5.662999999999999,4.494,failed-vetting,failed-vetting
MESSAGE-GLOBIOM 1.0,EMF30_D_BCOC-Red,0.789,1.699,1.217,0.8290000000000001,1.615,1.548,1.833,3.263,4.373,5.98,C7,C7: limit warming to 4°C (>50%)
MESSAGE-GLOBIOM 1.0,EMF30_D_CH4-ClimPolicy,0.789,1.714,1.207,0.463999999999999,0.77,1.151,1.002,0.515,0.325,0.4,C7,C7: limit warming to 4°C (>50%)
MESSAGE-GLOBIOM 1.0,EMF30_D_Frozen-CH4,0.789,1.698,1.237,0.765,1.286,1.230999999999999,1.704,2.946,3.877,5.263,C7,C7: limit warming to 4°C (>50%)
MESSAGE-GLOBIOM 1.0,EMF30_D_Frozen-EF,0.789,1.698,1.237,0.765,1.286,1.230999999999999,1.699,2.938,3.873,5.257000000000001,C7,C7: limit warming to 4°C (>50%)
MESSAGE-GLOBIOM 1.0,EMF30_D_Frozen-EF-EndU,0.789,1.699,1.217,0.8290000000000001,1.615,1.548,1.833,3.263,4.373,5.98,C7,C7: limit warming to 4°C (>50%)
MESSAGE-GLOBIOM 1.0,EMF30_D_Frozen-EF-SLCF,0.789,1.698,1.237,0.765,1.286,1.230999999999999,1.704,2.946,3.877,5.263,C7,C7: limit warming to 4°C (>50%)
MESSAGE-GLOBIOM 1.0,EMF30_SLCF,0.789,1.716999999999999,1.403,0.835,1.583,3.011,4.425,4.978,4.633,7.504,failed-vetting,failed-vetting
MESSAGE-GLOBIOM 1.0,EMF30_Slower-Action,0.763,1.489,1.168,1.068,1.072,1.271,1.994,2.937,2.67,2.728999999999999,C5,C5: limit warming to 2.5°C (>50%)
MESSAGE-GLOBIOM 1.0,EMF30_Slower-Action+SLCF,0.763,1.478,1.368,0.8250000000000001,0.376,0.465,0.836,1.501999999999999,2.018,2.42,failed-vetting,failed-vetting
MESSAGE-GLOBIOM 1.0,EMF30_Slower-to-faster,0.763,1.489,1.168,1.047,2.482,5.396,6.007000000000001,5.334,5.678,4.736000000000002,C2,C2: return warming to 1.5°C (>50%) after a high overshoot
MESSAGE-GLOBIOM 1.0,EMF30_Slower-to-faster+SLCF,0.763,1.478,1.367,0.7809999999999989,1.74,3.714,5.462000000000002,5.576000000000001,5.357,3.901,failed-vetting,failed-vetting
MESSAGE-GLOBIOM 1.0,EMF30_Slower-to-faster+SLCF+HFC,0.763,1.478,1.371,0.79,1.835999999999999,3.824,5.422000000000001,5.546,5.364,3.901999999999999,failed-vetting,failed-vetting
MESSAGE-GLOBIOM 1.0,EMF33_1.5C_cost100,0.7571351988461501,2.01613277367427,3.628642454112081,2.63865180250877,4.54473699266199,5.4704363541208,5.81802206712279,5.76344484853004,5.47308784862642,5.50813675242106,C1,C1: limit warming to 1.5°C (>50%) with no or limited overshoot
MESSAGE-GLOBIOM 1.0,EMF33_1.5C_full,0.7571351988461501,2.01613277367427,4.110721792437411,3.67566853933442,5.371281183426219,6.02472106182343,5.905977348826211,5.852680722889628,5.45851951471745,5.50200483047385,C1,C1: limit warming to 1.5°C (>50%) with no or limited overshoot
MESSAGE-GLOBIOM 1.0,EMF33_Baseline,0.7571351988461501,1.13528849474917,1.07148681224544,0.8389289966931841,1.647643916673879,1.500947794954429,0.998275681070889,0.9194639970785212,2.82646214447017,5.35312610267999,C7,C7: limit warming to 4°C (>50%)
MESSAGE-GLOBIOM 1.0,EMF33_Med2C_cost100,0.7571351988461501,2.01613277367427,1.44810799693231,1.63252518142086,1.84871984987218,3.24738858657089,4.38786974847526,5.2969245081331,6.1416903251372,6.039221660626389,C4,C4: limit warming to 2°C (>50%)
MESSAGE-GLOBIOM 1.0,EMF33_Med2C_full,0.7571351988461501,2.01613277367427,1.51499598521383,1.993339832333759,3.651776876657549,4.710295955829901,5.11448064167695,5.932273731959652,6.66517974906708,6.517224022666018,C4,C4: limit warming to 2°C (>50%)
MESSAGE-GLOBIOM 1.0,EMF33_Med2C_limbio,0.7571351988461501,2.01613277367427,1.51633692143823,1.97442349540968,3.22404194677641,4.24508958448492,4.35034596707899,3.976547251844471,3.63712133808778,3.11538793036218,C4,C4: limit warming to 2°C (>50%)
MESSAGE-GLOBIOM 1.0,EMF33_Med2C_nobeccs,0.7571351988461501,2.01613277367427,1.14917647442994,1.15363732838409,1.15576504480074,1.43134078976299,1.721598996261899,2.248391951079839,2.86593177515089,3.40709566937995,C3,C3: limit warming to 2°C (>67%)
MESSAGE-GLOBIOM 1.0,EMF33_Med2C_nofuel,0.7571351988461501,2.01613277367427,1.744709603709729,3.87973457346413,7.695631909205281,10.6097212448101,9.16180109211269,8.20647779868731,7.09080575329194,7.33956389013057,C4,C4: limit warming to 2°C (>50%)
MESSAGE-GLOBIOM 1.0,EMF33_Med2C_none,0.7571351988461501,2.01613277367427,1.84222640113431,3.86375653926848,4.431603999015309,5.34473849802843,7.15810393404516,7.26118769695823,8.33849441761233,10.5318452536493,C3,C3: limit warming to 2°C (>67%)
MESSAGE-GLOBIOM 1.0,EMF33_WB2C_cost100,0.7571351988461501,2.01613277367427,2.532163329899839,3.93289479823379,3.632177744515421,4.59876483935276,5.09475732289591,6.190357790038282,6.16845735218279,5.07993105719433,C2,C2: return warming to 1.5°C (>50%) after a high overshoot
MESSAGE-GLOBIOM 1.0,EMF33_WB2C_full,0.7571351988461501,2.01613277367427,2.17086369334278,2.51308771090993,2.95963975893666,4.65081159562141,5.67065340855662,6.57209680948942,6.410759086843799,5.32631188365874,C2,C2: return warming to 1.5°C (>50%) after a high overshoot
MESSAGE-GLOBIOM 1.0,EMF33_WB2C_limbio,0.7571351988461501,2.01613277367427,1.773998227628229,2.19388605167865,2.53865540027687,3.62530167079857,3.81407954237767,3.42432060786359,2.71907417292617,2.60316180087643,C2,C2: return warming to 1.5°C (>50%) after a high overshoot
MESSAGE-GLOBIOM 1.0,EMF33_WB2C_nofuel,0.7571351988461501,2.01613277367427,3.54767938065952,6.53914287930876,7.379663173496589,9.471770276242198,8.92209497008502,8.40070390469543,9.28792209706412,10.099008956889,C2,C2: return warming to 1.5°C (>50%) after a high overshoot
MESSAGE-GLOBIOM 1.0,EMF33_tax_hi_full,0.7571351988461501,1.13528849474917,0.585896467010478,1.00507788142844,3.02098608039097,4.513845405678572,4.77452438004775,5.84886566161237,5.872883177393613,4.75822084548001,C3,C3: limit warming to 2°C (>67%)
MESSAGE-GLOBIOM 1.0,EMF33_tax_hi_none,0.7571351988461501,1.13528849474917,0.5397818677577431,2.18044740167747,3.0110960285132,4.42271637826321,4.93409962125365,6.749459875602668,10.2094542290348,10.8077262487451,C4,C4: limit warming to 2°C (>50%)
MESSAGE-GLOBIOM 1.0,EMF33_tax_lo_full,0.7571351988461501,1.13528849474917,0.516558541851839,0.502420898156289,1.78070094196722,2.633740856357419,3.054542547801339,3.09492776903459,3.3036964532996,4.35023222153077,C5,C5: limit warming to 2.5°C (>50%)
MESSAGE-GLOBIOM 1.0,EMF33_tax_lo_none,0.7571351988461501,1.13528849474917,0.486456024174364,0.1135321945569871,1.70067160779641,2.79641012316553,3.38981307327002,4.13344776366247,4.83835432801318,5.76490722226137,C5,C5: limit warming to 2.5°C (>50%)
MESSAGE-GLOBIOM 1.0,SSP1-19,0.7959999999999989,0.795,0.79,1.206,2.255,3.628,4.915,6.197999999999999,5.782,4.796,failed-vetting,failed-vetting
MESSAGE-GLOBIOM 1.0,SSP1-26,0.8,0.809,0.637,0.5489999999999989,1.265,2.095,2.823,3.33,4.008999999999999,4.948,C4,C4: limit warming to 2°C (>50%)
MESSAGE-GLOBIOM 1.0,SSP1-34,0.8,0.8059999999999989,0.583,0.670999999999999,2.04,2.462,2.787,2.775,3.346,3.654,C5,C5: limit warming to 2.5°C (>50%)
MESSAGE-GLOBIOM 1.0,SSP1-45,0.8,0.8009999999999989,0.581,0.598,2.23,3.5,5.109,5.028,4.173,2.821,C6,C6: limit warming to 3°C (>50%)
MESSAGE-GLOBIOM 1.0,SSP1-Baseline,0.8,0.812,0.612,0.593,2.125,3.868999999999999,5.813,7.941,9.777,7.375,C7,C7: limit warming to 4°C (>50%)
MESSAGE-GLOBIOM 1.0,SSP2-19,0.765,1.66,0.8280000000000001,1.480999999999999,4.064,5.925,5.795,6.181,4.911,4.343999999999999,C1,C1: limit warming to 1.5°C (>50%) with no or limited overshoot
MESSAGE-GLOBIOM 1.0,SSP2-26,0.789,1.685,1.136,0.301,0.629,1.567,3.697,4.676,5.1,4.713,C3,C3: limit warming to 2°C (>67%)
MESSAGE-GLOBIOM 1.0,SSP2-34,0.789,1.669,1.295,0.6920000000000001,0.9209999999999988,1.473,2.274,3.412,4.306,4.843,C5,C5: limit warming to 2.5°C (>50%)
MESSAGE-GLOBIOM 1.0,SSP2-45,0.789,1.666999999999999,1.2,0.474,0.296,0.483,0.8200000000000001,1.62,2.543,3.366,C6,C6: limit warming to 3°C (>50%)
MESSAGE-GLOBIOM 1.0,SSP2-60,0.789,1.699,1.196,0.7190000000000001,1.355999999999999,1.476,1.723,3.242,4.186,5.769,C7,C7: limit warming to 4°C (>50%)
MESSAGE-GLOBIOM 1.0,SSP2-Baseline,0.789,1.699,1.217,0.8290000000000001,1.62,1.557,1.839,3.268999999999999,4.398,5.746,C7,C7: limit warming to 4°C (>50%)
MESSAGE-GLOBIOM 1.0,SSP3-34,0.797,0.758,0.64,1.706999999999999,3.287,4.835,6.143,6.381,5.904,5.829,C4,C4: limit warming to 2°C (>50%)
MESSAGE-GLOBIOM 1.0,SSP3-45,0.6920000000000001,0.665,0.1860000000000001,0.487,1.837,3.281,4.735,5.69,6.34,6.997000000000001,C5,C5: limit warming to 2.5°C (>50%)
MESSAGE-GLOBIOM 1.0,SSP3-60,0.6920000000000001,0.7020000000000001,0.166999999999999,0.094,0.314,0.762,1.744,2.901,4.013,4.993,C6,C6: limit warming to 3°C (>50%)
MESSAGE-GLOBIOM 1.0,SSP3-Baseline,0.6920000000000001,0.792,0.344,0.006999999999999,0.053,0.083,0.599,1.845,3.756999999999999,4.082,failed-vetting,failed-vetting
MESSAGEix-GLOBIOM 1.0,CD-LINKS_INDC2030i_1600,0.7571351988461501,1.173233967080239,1.619352647887719,1.40735238398875,1.84860266746106,3.01166041051229,5.0303504810652,6.35138911583839,7.037782730699201,7.25945301446734,C4,C4: limit warming to 2°C (>50%)
MESSAGEix-GLOBIOM 1.0,CD-LINKS_INDCi,0.7571351988461501,1.173233967080239,1.619352647887719,1.38897191244657,1.261821923605889,1.250740729192659,1.23418417377941,1.23879519770676,1.21486428126189,1.49888181383863,C7,C7: limit warming to 4°C (>50%)
MESSAGEix-GLOBIOM 1.0,CD-LINKS_NDC2030i_1000,0.7571351988461501,1.173233967080239,1.619352647887719,1.31758881309913,2.759085815669019,4.93922417266817,7.75671713068774,8.65443853613573,8.31568882393374,7.509236299042059,C2,C2: return warming to 1.5°C (>50%) after a high overshoot
MESSAGEix-GLOBIOM 1.0,CD-LINKS_NPi,0.7571351988461501,1.173233967080239,1.527837719356699,1.36854575407973,1.24123850184077,1.24728438773927,1.22846507653823,1.22082065695199,1.27442893498735,1.43143439796237,C7,C7: limit warming to 4°C (>50%)
MESSAGEix-GLOBIOM 1.0,CD-LINKS_NPi2020_1000,0.7571351988461501,1.173233967080239,1.39991938216541,1.19298191465517,2.80336923949865,4.557060127814389,5.839843819010191,6.4447325634513,6.78852286502022,7.11333565031667,C2,C2: return warming to 1.5°C (>50%) after a high overshoot
MESSAGEix-GLOBIOM 1.0,CD-LINKS_NPi2020_1600,0.7571351988461501,1.173233967080239,1.32090851767605,1.09940935809868,1.79559593228906,3.7662561601002,5.172883783484309,6.42831397235406,6.813641253521861,6.90457870907844,C4,C4: limit warming to 2°C (>50%)
MESSAGEix-GLOBIOM 1.0,CD-LINKS_NPi2020_400,0.7571351988461501,1.173233967080239,2.14197480283987,1.40397770554502,3.99140022488584,6.86345562414742,8.29686281005656,7.68560283301718,6.52028911466078,6.96720853312276,C1,C1: limit warming to 1.5°C (>50%) with no or limited overshoot
MESSAGEix-GLOBIOM 1.0,CD-LINKS_NoPolicy,0.7571351988461501,0.263290585732088,0.102825011909436,0.048161072039609,0.03767087653399,0.030429609803021,0.02588596134202,0.043322153727469,0.173971480160992,0.4421596229117271,C7,C7: limit warming to 4°C (>50%)
MESSAGEix-GLOBIOM 1.0,LowEnergyDemand_1.3_IPCC,1.030898074933249,1.32851609429126,2.746291361959059,1.741187542357862,1.367348067767528,1.414573185621702,1.179663461602926,1.238044627864937,1.234649922700156,1.219219074989804,C1,C1: limit warming to 1.5°C (>50%) with no or limited overshoot
MESSAGEix-GLOBIOM_1.0,CO_2Deg2020,0.7571351988461505,1.113020515888179,1.327026586534878,1.200831706865584,2.985315755588745,5.279894154794182,6.438944190794499,6.93097792112883,8.500336926265705,8.562488366432548,failed-vetting,failed-vetting
MESSAGEix-GLOBIOM_1.0,CO_2Deg2030,0.7571351988461505,1.113020515888179,1.468390504785335,1.372918781993958,2.861973434813686,5.101204015801065,7.845206141356658,8.694709895680731,8.341288780466375,7.740625457790452,failed-vetting,failed-vetting
MESSAGEix-GLOBIOM_1.0,CO_BAU,0.7571351988461505,0.2114931734403787,0.0711507845511488,0.0316652085882633,0.0235671235246957,0.0200078472669106,0.0208949089617987,0.1266257118141245,0.2015617762632899,0.3575163212488845,failed-vetting,failed-vetting
MESSAGEix-GLOBIOM_1.0,CO_Bridge,0.7571351988461505,1.113020515888179,2.185459886863788,1.36462191913137,2.039848244891284,3.748093972238554,5.991255052610648,6.35405387727053,6.990947707315851,6.257941762603928,failed-vetting,failed-vetting
MESSAGEix-GLOBIOM_1.0,CO_CurPol,0.7571351988461505,1.113020515888179,1.472656409638133,1.355115952859816,1.22695928602058,1.213732994309117,1.195763004820939,1.245778995751106,1.240195401272536,1.385588362502676,failed-vetting,failed-vetting
MESSAGEix-GLOBIOM_1.0,CO_GPP,0.7571351988461505,1.113020515888179,2.195892743179472,2.401656072196018,1.885578029416421,1.962469107762063,2.260770195688104,2.837930036528183,5.051086846795966,7.597203834799508,failed-vetting,failed-vetting
MESSAGEix-GLOBIOM_1.0,CO_NDC_2050convergence,0.7571351988461505,1.113020515888179,1.468390504785335,1.398238663574076,1.796877443185077,3.286863170706888,5.249658860330253,7.809878351696176,9.71725955523665,9.858067701629988,failed-vetting,failed-vetting
MESSAGEix-GLOBIOM_1.0,CO_NDCplus,0.7571351988461505,1.113020515888179,1.468390504785335,1.370021620685874,1.59255504771728,1.929718802207191,2.806800618619545,3.646451715281203,4.365214333883653,4.637460972255139,failed-vetting,failed-vetting
MESSAGEix-GLOBIOM_1.1,EN_INDCi2030_1000,1.031028727548375,1.554275453775553,1.837728546734494,2.018445043806171,3.032885735823401,3.959913989536429,4.072447578844788,3.890185431735762,4.750735285605406,4.764955668865108,C3,C3: limit warming to 2°C (>67%)
MESSAGEix-GLOBIOM_1.1,EN_INDCi2030_1000_COV,1.031028727548375,1.373024531402365,1.7584438175157,1.545910161986344,2.121787874189578,2.881862905760601,3.269035245149399,3.499811373767028,4.140473369606418,4.266425060014884,C3,C3: limit warming to 2°C (>67%)
MESSAGEix-GLOBIOM_1.1,EN_INDCi2030_1000_COV_NDCp,1.031028727548375,1.373024531402365,1.737859632094823,1.50414038963218,2.035981351986402,3.102971057960762,3.655161441172024,3.504946684055958,4.131063263674466,4.07027237214948,C3,C3: limit warming to 2°C (>67%)
MESSAGEix-GLOBIOM_1.1,EN_INDCi2030_1000_NDCp,1.031028727548375,1.554275453775553,1.75402609304418,1.792443596496629,2.635790882315435,3.43841196749377,3.886285053945637,3.87843618517412,4.824571260610679,4.808261723021378,C3,C3: limit warming to 2°C (>67%)
MESSAGEix-GLOBIOM_1.1,EN_INDCi2030_1000f,1.031028727548375,1.554275453775553,1.837728546734494,1.63180474123295,1.853830955558021,2.718165644081709,3.439547101440684,3.908770291322504,3.604577595258558,4.109474660769709,C4,C4: limit warming to 2°C (>50%)
MESSAGEix-GLOBIOM_1.1,EN_INDCi2030_1000f_COV,1.031028727548375,1.373024531402365,1.7584438175157,1.510589625129005,1.813790825094312,3.012185437829876,3.775663890245327,4.32421456328482,4.083244118538143,4.21871616437397,C3,C3: limit warming to 2°C (>67%)
MESSAGEix-GLOBIOM_1.1,EN_INDCi2030_1000f_COV_NDCp,1.031028727548375,1.373024531402365,1.737859632094823,1.496821195231675,1.693082818198514,2.878813852243592,3.74692512857245,4.337158041747571,4.103099028600536,4.207045741088473,C3,C3: limit warming to 2°C (>67%)
MESSAGEix-GLOBIOM_1.1,EN_INDCi2030_1000f_NDCp,1.031028727548375,1.554275453775553,1.75402609304418,1.53690514514139,1.890885574536395,2.788385251248862,3.50270831592704,3.931959195315504,3.609615262598972,4.110011052239038,C4,C4: limit warming to 2°C (>50%)
MESSAGEix-GLOBIOM_1.1,EN_INDCi2030_1200,1.031028727548375,1.554275453775553,1.837728546734494,1.533008186112079,1.795234340455595,2.259495504497065,3.346458330960396,3.787922207260224,4.524103116031885,5.000272371977697,C4,C4: limit warming to 2°C (>50%)
MESSAGEix-GLOBIOM_1.1,EN_INDCi2030_1200_COV,1.031028727548375,1.373024531402365,1.7584438175157,1.533189953026104,1.776167204896251,2.641568488988266,3.237598587136066,3.368989574185675,3.940810381610522,4.628373030072844,C3,C3: limit warming to 2°C (>67%)
MESSAGEix-GLOBIOM_1.1,EN_INDCi2030_1200_COV_NDCp,1.031028727548375,1.373024531402365,1.737859632094823,1.577796110581642,1.636613458702131,2.522296697685982,3.077285673484114,3.322995917177584,3.858044872115165,4.532828078734577,C3,C3: limit warming to 2°C (>67%)
MESSAGEix-GLOBIOM_1.1,EN_INDCi2030_1200_NDCp,1.031028727548375,1.554275453775553,1.75402609304418,1.48330791845002,1.769338884893057,2.226221113103433,3.330475180728277,3.619381628311671,4.323523562941636,4.94488845112717,C4,C4: limit warming to 2°C (>50%)
MESSAGEix-GLOBIOM_1.1,EN_INDCi2030_1200f,1.031028727548375,1.554275453775553,1.837728546734494,1.552268944436324,1.652505756509976,2.561246906029266,4.01299063755806,4.901796498424465,3.943088419279651,4.044537586618803,C4,C4: limit warming to 2°C (>50%)
MESSAGEix-GLOBIOM_1.1,EN_INDCi2030_1200f_COV,1.031028727548375,1.373024531402365,1.7584438175157,1.576768848791935,1.658658627731126,2.512900777405092,3.243315911102177,4.227310721961958,4.226826830423562,4.587992717676682,C4,C4: limit warming to 2°C (>50%)
MESSAGEix-GLOBIOM_1.1,EN_INDCi2030_1200f_COV_NDCp,1.031028727548375,1.373024531402365,1.737859632094823,1.557534917185788,1.574735452332623,2.533732531647667,3.294883397220809,4.454258499324899,4.202870710104844,4.504415369041019,C4,C4: limit warming to 2°C (>50%)
MESSAGEix-GLOBIOM_1.1,EN_INDCi2030_1200f_NDCp,1.031028727548375,1.554275453775553,1.75402609304418,1.513192880599792,1.676364539225868,2.5948378398105,4.113625323486721,4.90646606221561,3.989175279576091,4.050938070741577,C4,C4: limit warming to 2°C (>50%)
MESSAGEix-GLOBIOM_1.1,EN_INDCi2030_1400,1.031028727548375,1.554275453775553,1.837728546734494,1.55535541920565,1.589896561128236,2.355540657034924,3.269799064218941,3.789326281767384,4.132974727204898,4.746124235492731,C4,C4: limit warming to 2°C (>50%)
MESSAGEix-GLOBIOM_1.1,EN_INDCi2030_1400_COV,1.031028727548375,1.373024531402365,1.7584438175157,1.557100901952306,1.54215482040649,2.360227947149375,3.366763498542119,3.999601904515807,3.967449063446923,4.55685722962447,C4,C4: limit warming to 2°C (>50%)
MESSAGEix-GLOBIOM_1.1,EN_INDCi2030_1400_COV_NDCp,1.031028727548375,1.373024531402365,1.737859632094823,1.563804378109534,1.523713547959251,2.243610541738772,3.318333343899931,4.047308234344789,4.050620168866685,4.586277047919922,C4,C4: limit warming to 2°C (>50%)
MESSAGEix-GLOBIOM_1.1,EN_INDCi2030_1400_NDCp,1.031028727548375,1.554275453775553,1.75402609304418,1.518050188113276,1.60014710929882,2.41455506439511,3.342267970608645,3.844132148248248,4.206765153890821,4.807318370349155,C4,C4: limit warming to 2°C (>50%)
MESSAGEix-GLOBIOM_1.1,EN_INDCi2030_1400f,1.031028727548375,1.554275453775553,1.837728546734494,1.549767832933659,1.442968327407432,2.025898189026786,3.28272411231448,4.091957732060981,4.022469334050701,4.043475419817012,C4,C4: limit warming to 2°C (>50%)
MESSAGEix-GLOBIOM_1.1,EN_INDCi2030_1400f_COV,1.031028727548375,1.373024531402365,1.7584438175157,1.534120247441599,1.43009053235564,1.92425382943635,3.176763231244876,3.83309964072629,4.351611998101487,4.66678739439136,C4,C4: limit warming to 2°C (>50%)
MESSAGEix-GLOBIOM_1.1,EN_INDCi2030_1400f_COV_NDCp,1.031028727548375,1.373024531402365,1.737859632094823,1.553326495416846,1.444338666857168,1.968084738903521,3.2491081016596,3.75679157662268,4.266222644261112,4.64139046229612,C4,C4: limit warming to 2°C (>50%)
MESSAGEix-GLOBIOM_1.1,EN_INDCi2030_1400f_NDCp,1.031028727548375,1.554275453775553,1.75402609304418,1.487563702532436,1.434700550728157,1.977569091903256,3.265993182191277,4.045331167827374,4.019540868234618,4.048306690389158,C4,C4: limit warming to 2°C (>50%)
MESSAGEix-GLOBIOM_1.1,EN_INDCi2030_1600,1.031028727548375,1.554275453775553,1.837728546734494,1.507415811598395,1.427480686927581,1.806009693137492,3.079196222506345,3.835872231131067,3.972404789785525,4.202648009439445,C5,C5: limit warming to 2.5°C (>50%)
MESSAGEix-GLOBIOM_1.1,EN_INDCi2030_1600_COV,1.031028727548375,1.373024531402365,1.7584438175157,1.520368925502062,1.379636168128907,1.568628481864873,2.402525497692625,3.548481603640611,3.953286894516751,4.600311927228229,C4,C4: limit warming to 2°C (>50%)
MESSAGEix-GLOBIOM_1.1,EN_INDCi2030_1600_COV_NDCp,1.031028727548375,1.373024531402365,1.737859632094823,1.547121873378722,1.37676621155943,1.56756110147599,2.338618124563137,3.596667615422759,3.985660039337259,4.581619108897422,C4,C4: limit warming to 2°C (>50%)
MESSAGEix-GLOBIOM_1.1,EN_INDCi2030_1600_NDCp,1.031028727548375,1.554275453775553,1.75402609304418,1.476070298906294,1.425224823486868,1.776140456922325,3.017661346188484,3.801322731150188,3.954912394867045,4.433789423322041,C5,C5: limit warming to 2.5°C (>50%)
MESSAGEix-GLOBIOM_1.1,EN_INDCi2030_1600f,1.031028727548375,1.554275453775553,1.837728546734494,1.482882073348023,1.383886045404677,1.768059044175026,2.944402816353599,3.440545015687795,4.200610712522234,3.887512927826687,C5,C5: limit warming to 2.5°C (>50%)
MESSAGEix-GLOBIOM_1.1,EN_INDCi2030_1600f_COV,1.031028727548375,1.373024531402365,1.7584438175157,1.53446382185836,1.368080808702615,1.623278501435451,2.628850057535391,3.663659015755699,4.557609770184254,4.712863674887362,C5,C5: limit warming to 2.5°C (>50%)
MESSAGEix-GLOBIOM_1.1,EN_INDCi2030_1600f_COV_NDCp,1.031028727548375,1.373024531402365,1.737859632094823,1.582147885588489,1.375906134976698,1.62738251508954,2.564804333556639,3.703827159938405,4.390361303957358,4.586011783174429,C5,C5: limit warming to 2.5°C (>50%)
MESSAGEix-GLOBIOM_1.1,EN_INDCi2030_1600f_NDCp,1.031028727548375,1.554275453775553,1.75402609304418,1.437180317179092,1.391859693178633,1.777617980267983,2.981856964372495,3.470601796156933,4.31995537615528,3.972666459766589,C5,C5: limit warming to 2.5°C (>50%)
MESSAGEix-GLOBIOM_1.1,EN_INDCi2030_1800,1.031028727548375,1.554275453775553,1.837728546734494,1.498699222074125,1.3651717180573,1.555006859474861,2.214424459466964,3.583141121795095,4.069519996255553,4.168103182125909,C5,C5: limit warming to 2.5°C (>50%)
MESSAGEix-GLOBIOM_1.1,EN_INDCi2030_1800_COV,1.031028727548375,1.373024531402365,1.7584438175157,1.569364977621467,1.314439633394503,1.429942612968648,1.920766334187034,3.183425341442321,3.956316879160546,4.0319513119562,C5,C5: limit warming to 2.5°C (>50%)
MESSAGEix-GLOBIOM_1.1,EN_INDCi2030_1800_COV_NDCp,1.031028727548375,1.373024531402365,1.737859632094823,1.565877371150898,1.3154794409571,1.449361150347316,1.941923031268487,3.22011069546563,3.95450959558139,4.133207502821372,C5,C5: limit warming to 2.5°C (>50%)
MESSAGEix-GLOBIOM_1.1,EN_INDCi2030_1800_NDCp,1.031028727548375,1.554275453775553,1.75402609304418,1.470237498235482,1.36661030673896,1.551238453229539,2.211850844538856,3.588886354579121,4.084039681695042,4.24299617085962,C5,C5: limit warming to 2.5°C (>50%)
MESSAGEix-GLOBIOM_1.1,EN_INDCi2030_1800f,1.031028727548375,1.554275453775553,1.837728546734494,1.478860013835925,1.354837622003785,1.455622234094773,2.13918993149674,3.213146970870614,4.001360442778623,4.026894309640698,C5,C5: limit warming to 2.5°C (>50%)
MESSAGEix-GLOBIOM_1.1,EN_INDCi2030_1800f_COV,1.031028727548375,1.373024531402365,1.7584438175157,1.560962595918772,1.308103323662674,1.409784679187868,1.70816955951305,2.655484109557327,3.598371001705657,3.92964740206425,C5,C5: limit warming to 2.5°C (>50%)
MESSAGEix-GLOBIOM_1.1,EN_INDCi2030_1800f_COV_NDCp,1.031028727548375,1.373024531402365,1.737859632094823,1.555737789703474,1.30902698574522,1.411145724970936,1.741239265521449,2.739890823507996,3.612713502231035,3.894870572871535,C5,C5: limit warming to 2.5°C (>50%)
MESSAGEix-GLOBIOM_1.1,EN_INDCi2030_1800f_NDCp,1.031028727548375,1.554275453775553,1.75402609304418,1.464683453742149,1.354456006125274,1.472039080955177,2.176215233712111,3.290501640174711,4.05074485336167,4.030488855924718,C5,C5: limit warming to 2.5°C (>50%)
MESSAGEix-GLOBIOM_1.1,EN_INDCi2030_2000,1.031028727548375,1.554275453775553,1.837728546734494,1.501585384189799,1.307930193260292,1.415773153830633,1.863359144704114,2.933881341604579,4.64831796835497,4.808560609341647,C5,C5: limit warming to 2.5°C (>50%)
MESSAGEix-GLOBIOM_1.1,EN_INDCi2030_2000_COV,1.031028727548375,1.373024531402365,1.7584438175157,1.59639604070084,1.291451222960909,1.370538032468396,1.765751219490205,2.630523163907597,4.282871912902261,4.493009258523186,C5,C5: limit warming to 2.5°C (>50%)
MESSAGEix-GLOBIOM_1.1,EN_INDCi2030_2000_COV_NDCp,1.031028727548375,1.373024531402365,1.737859632094823,1.664355297914142,1.28561484522909,1.367115509038427,1.746527070287197,2.668909298853543,4.391459426471954,4.547616462510612,C5,C5: limit warming to 2.5°C (>50%)
MESSAGEix-GLOBIOM_1.1,EN_INDCi2030_2000_NDCp,1.031028727548375,1.554275453775553,1.75402609304418,1.473636524245861,1.308507508845348,1.423395088134667,1.877006360011916,2.946308199892878,4.677695156887467,4.823091532968382,C5,C5: limit warming to 2.5°C (>50%)
MESSAGEix-GLOBIOM_1.1,EN_INDCi2030_2000f,1.031028727548375,1.554275453775553,1.837728546734494,1.503141666184379,1.304020755841626,1.369301258454741,1.808493216821194,2.817052990865356,4.386549685271934,4.54560912278722,C5,C5: limit warming to 2.5°C (>50%)
MESSAGEix-GLOBIOM_1.1,EN_INDCi2030_2000f_COV,1.031028727548375,1.373024531402365,1.7584438175157,1.579800539960607,1.299038481608551,1.379365382709932,1.803009223930677,2.988264440289057,4.568840341188964,4.981295859373422,C5,C5: limit warming to 2.5°C (>50%)
MESSAGEix-GLOBIOM_1.1,EN_INDCi2030_2000f_COV_NDCp,1.031028727548375,1.373024531402365,1.737859632094823,1.665637048385904,1.289406069286674,1.377341621443029,1.782429513807229,3.107572626401523,4.547190158773506,4.918669885964452,C5,C5: limit warming to 2.5°C (>50%)
MESSAGEix-GLOBIOM_1.1,EN_INDCi2030_2000f_NDCp,1.031028727548375,1.554275453775553,1.75402609304418,1.455323080769987,1.30362378613597,1.378382129877375,1.819798605796538,2.846466340633997,4.421490025274958,4.588177279362994,C5,C5: limit warming to 2.5°C (>50%)
MESSAGEix-GLOBIOM_1.1,EN_INDCi2030_2500,1.031028727548375,1.554275453775553,1.837728546734494,1.606479108935605,1.299873442291855,1.295070696557528,1.377726728986995,1.743357101631269,2.652710017313851,4.10181208853278,C5,C5: limit warming to 2.5°C (>50%)
MESSAGEix-GLOBIOM_1.1,EN_INDCi2030_2500_COV,1.031028727548375,1.373024531402365,1.7584438175157,1.67030808580374,1.277424390546597,1.284107097448851,1.381143418653663,1.777908100280361,2.328356393508735,3.699126471798146,C5,C5: limit warming to 2.5°C (>50%)
MESSAGEix-GLOBIOM_1.1,EN_INDCi2030_2500_COV_NDCp,1.031028727548375,1.373024531402365,1.737859632094823,1.688179680528355,1.276870407600157,1.286755355003914,1.383607588997152,1.718151383325754,2.331299398469131,3.719017066582402,C5,C5: limit warming to 2.5°C (>50%)
MESSAGEix-GLOBIOM_1.1,EN_INDCi2030_2500_NDCp,1.031028727548375,1.554275453775553,1.75402609304418,1.603347729561985,1.300179146049799,1.296032609487431,1.375609651709994,1.749903623381059,2.65628181885012,4.113862022836491,C5,C5: limit warming to 2.5°C (>50%)
MESSAGEix-GLOBIOM_1.1,EN_INDCi2030_2500f,1.031028727548375,1.554275453775553,1.837728546734494,1.602116745382289,1.297595291745646,1.291468989942955,1.375027658835057,1.75742049925615,2.681641375414628,4.142088110322669,C5,C5: limit warming to 2.5°C (>50%)
MESSAGEix-GLOBIOM_1.1,EN_INDCi2030_2500f_COV,1.031028727548375,1.373024531402365,1.7584438175157,1.671314053550866,1.278276595131741,1.282095765090352,1.35297865904375,1.667350326702564,2.137508956332387,3.32956018057012,C5,C5: limit warming to 2.5°C (>50%)
MESSAGEix-GLOBIOM_1.1,EN_INDCi2030_2500f_COV_NDCp,1.031028727548375,1.373024531402365,1.737859632094823,1.622937487080113,1.276839491771602,1.287038623537216,1.371681234199658,1.66034951513404,2.14329340369195,3.272357427483978,C5,C5: limit warming to 2.5°C (>50%)
MESSAGEix-GLOBIOM_1.1,EN_INDCi2030_2500f_NDCp,1.031028727548375,1.554275453775553,1.75402609304418,1.600134334529496,1.300086134562917,1.296566781644466,1.380976110240127,1.769402021564215,2.705563538769022,4.169724649056688,C5,C5: limit warming to 2.5°C (>50%)
MESSAGEix-GLOBIOM_1.1,EN_INDCi2030_3000,1.031028727548375,1.554275453775553,1.837728546734494,1.796485063318367,1.303266033007052,1.273359908832093,1.313996196569875,1.454281933048863,1.973598969335726,2.636208920439675,C6,C6: limit warming to 3°C (>50%)
MESSAGEix-GLOBIOM_1.1,EN_INDCi2030_3000_COV,1.031028727548375,1.373024531402365,1.7584438175157,1.748639294263866,1.291914619728457,1.269649065388916,1.292668054259322,1.43545895541323,1.86149336717123,2.628941658823447,C6,C6: limit warming to 3°C (>50%)
MESSAGEix-GLOBIOM_1.1,EN_INDCi2030_3000_COV_NDCp,1.031028727548375,1.373024531402365,1.737859632094823,1.741928604951849,1.286072981168256,1.268641389813198,1.292661762963123,1.43037485356103,1.839095249974025,2.627232439984023,C6,C6: limit warming to 3°C (>50%)
MESSAGEix-GLOBIOM_1.1,EN_INDCi2030_3000_NDCp,1.031028727548375,1.554275453775553,1.75402609304418,1.725533776328747,1.302578218962571,1.272074004479776,1.312868476397892,1.455570728718338,1.979018826937095,2.670781650938858,C6,C6: limit warming to 3°C (>50%)
MESSAGEix-GLOBIOM_1.1,EN_INDCi2030_3000f,1.031028727548375,1.554275453775553,1.837728546734494,1.787589716500078,1.298975901476662,1.267672107462253,1.308215586531647,1.444739534717663,1.975705731520941,2.702021336759637,C6,C6: limit warming to 3°C (>50%)
MESSAGEix-GLOBIOM_1.1,EN_INDCi2030_3000f_COV,1.031028727548375,1.373024531402365,1.7584438175157,1.742840163638844,1.288254066058718,1.268845711716559,1.289223685994369,1.415514175901825,1.788117164411769,2.499584751743539,C6,C6: limit warming to 3°C (>50%)
MESSAGEix-GLOBIOM_1.1,EN_INDCi2030_3000f_COV_NDCp,1.031028727548375,1.373024531402365,1.737859632094823,1.742249493259524,1.287812104470063,1.267745096474806,1.285243229871329,1.38667336175899,1.61963278796601,2.378548488044112,C6,C6: limit warming to 3°C (>50%)
MESSAGEix-GLOBIOM_1.1,EN_INDCi2030_3000f_NDCp,1.031028727548375,1.554275453775553,1.75402609304418,1.699211819621033,1.299013519097653,1.266851841523251,1.305062323574038,1.438355920384701,1.942654444240036,2.669666975777192,C6,C6: limit warming to 3°C (>50%)
MESSAGEix-GLOBIOM_1.1,EN_INDCi2030_600f_COV,1.031028727548375,1.373024531402365,1.7584438175157,1.829293612767178,3.018637896374206,4.083178467119796,3.810031013907823,4.535921882328845,5.234544517033468,5.317361489950467,C2,C2: return warming to 1.5°C (>50%) after a high overshoot
MESSAGEix-GLOBIOM_1.1,EN_INDCi2030_600f_COV_NDCp,1.031028727548375,1.373024531402365,1.737859632094823,1.774141319342639,2.786191084865603,3.783583488386562,3.102393379809197,3.962843206291426,5.076652838695841,5.338926921494352,C2,C2: return warming to 1.5°C (>50%) after a high overshoot
MESSAGEix-GLOBIOM_1.1,EN_INDCi2030_700f,1.031028727548375,1.554275453775553,1.837728546734494,1.607904242590622,2.451442725872001,4.136712046460181,4.750757105491559,4.785022867286465,5.565246766707366,5.871080709889736,C2,C2: return warming to 1.5°C (>50%) after a high overshoot
MESSAGEix-GLOBIOM_1.1,EN_INDCi2030_700f_COV,1.031028727548375,1.373024531402365,1.7584438175157,1.538679559313988,2.194169080851367,3.512165677410593,4.042285489139715,4.008492769652918,5.136691030103172,5.355687227821514,C2,C2: return warming to 1.5°C (>50%) after a high overshoot
MESSAGEix-GLOBIOM_1.1,EN_INDCi2030_700f_COV_NDCp,1.031028727548375,1.373024531402365,1.737859632094823,1.515009393407291,2.212266758197341,4.087277555162782,4.092774690422246,3.932779266498526,5.028677288236115,5.299756852874943,C2,C2: return warming to 1.5°C (>50%) after a high overshoot
MESSAGEix-GLOBIOM_1.1,EN_INDCi2030_700f_NDCp,1.031028727548375,1.554275453775553,1.75402609304418,1.576032341064164,2.249092916324887,3.818889253707458,4.763922552521846,4.767250668053642,5.569954375947947,5.888628198123179,C2,C2: return warming to 1.5°C (>50%) after a high overshoot
MESSAGEix-GLOBIOM_1.1,EN_INDCi2030_800f,1.031028727548375,1.554275453775553,1.837728546734494,1.617858726703864,2.12622160599385,3.617804890816321,4.352743702350933,3.970533017816944,4.684735239037499,4.621964231119435,C3,C3: limit warming to 2°C (>67%)
MESSAGEix-GLOBIOM_1.1,EN_INDCi2030_800f_COV,1.031028727548375,1.373024531402365,1.7584438175157,1.520622367224332,2.142727422423659,3.339955774215579,4.437082645946212,4.442149987537722,4.854544943568184,5.048414598321729,C3,C3: limit warming to 2°C (>67%)
MESSAGEix-GLOBIOM_1.1,EN_INDCi2030_800f_COV_NDCp,1.031028727548375,1.373024531402365,1.737859632094823,1.517393971963432,2.157733987706199,3.697486959000984,4.289858987021137,4.309203345710023,4.617702025702247,4.966518735065128,C3,C3: limit warming to 2°C (>67%)
MESSAGEix-GLOBIOM_1.1,EN_INDCi2030_800f_NDCp,1.031028727548375,1.554275453775553,1.75402609304418,1.607868966330406,2.181484354050268,3.794651067264265,4.702134195358824,4.222321440111632,4.69503896151414,4.629952979582974,C3,C3: limit warming to 2°C (>67%)
MESSAGEix-GLOBIOM_1.1,EN_INDCi2030_900f,1.031028727548375,1.554275453775553,1.837728546734494,1.674121461545803,2.125750248377661,3.238965685350943,4.040134120037928,4.42232965581235,4.306116461766787,4.342326787555167,C3,C3: limit warming to 2°C (>67%)
MESSAGEix-GLOBIOM_1.1,EN_INDCi2030_900f_COV,1.031028727548375,1.373024531402365,1.7584438175157,1.517721278084911,2.016752780418204,3.091526754517615,3.656255277919507,3.583864743735754,4.209949716269739,4.882581180804764,C3,C3: limit warming to 2°C (>67%)
MESSAGEix-GLOBIOM_1.1,EN_INDCi2030_900f_COV_NDCp,1.031028727548375,1.373024531402365,1.737859632094823,1.501130035675228,1.864325085121233,3.198989265358109,3.774447199033443,3.66493251056737,4.176857356231165,4.790858946613645,C3,C3: limit warming to 2°C (>67%)
MESSAGEix-GLOBIOM_1.1,EN_INDCi2030_900f_NDCp,1.031028727548375,1.554275453775553,1.75402609304418,1.659668793744743,2.153542658119014,3.248404015550232,3.952368417642521,4.222246278508493,4.21311622681413,4.33987479952097,C3,C3: limit warming to 2°C (>67%)
MESSAGEix-GLOBIOM_1.1,EN_INDCi2030_950_COV,1.031028727548375,1.373024531402365,1.7584438175157,1.847727356981931,2.806654076436816,3.678088793440181,3.88136296695869,3.861803591909313,4.494705013066028,4.056711050738456,C3,C3: limit warming to 2°C (>67%)
MESSAGEix-GLOBIOM_1.1,EN_INDCi2030_950_COV_NDCp,1.031028727548375,1.373024531402365,1.737859632094823,1.647424590613841,2.505544379716571,3.440282972381385,3.566843359281485,3.410034791055718,4.020777047711547,4.015959719984144,C3,C3: limit warming to 2°C (>67%)
MESSAGEix-GLOBIOM_1.1,EN_INDCi2030_950f_COV,1.031028727548375,1.373024531402365,1.7584438175157,1.535076656784067,1.871358085082344,3.085389373251792,3.618668126748074,4.214897264019879,4.078764692159551,4.682870182975996,C3,C3: limit warming to 2°C (>67%)
MESSAGEix-GLOBIOM_1.1,EN_INDCi2030_950f_COV_NDCp,1.031028727548375,1.373024531402365,1.737859632094823,1.495215669759888,1.682800515440118,3.000326409478688,3.626106035866036,4.196531191704326,4.093796829211831,4.620530055621209,C3,C3: limit warming to 2°C (>67%)
MESSAGEix-GLOBIOM_1.1,EN_INDCi2100,1.031028727548375,1.554275453775553,1.837728546734494,1.593175729042261,1.356662793487811,1.328192988336617,1.326011511443665,1.303992070903719,1.290918588409427,1.347350968069438,C6,C6: limit warming to 3°C (>50%)
MESSAGEix-GLOBIOM_1.1,EN_INDCi2100_COV,1.031028727548375,1.373024531402365,1.7584438175157,1.77905820042092,1.395920263111571,1.305191189619554,1.303809949057856,1.292510201313126,1.27724141189455,1.326730820689908,C6,C6: limit warming to 3°C (>50%)
MESSAGEix-GLOBIOM_1.1,EN_INDCi2100_COV_NDCp,1.031028727548375,1.373024531402365,1.737859632094823,1.664559389552126,1.348412049569082,1.296711041544664,1.29375305084579,1.291628038753322,1.304349588869366,1.324434444703902,C6,C6: limit warming to 3°C (>50%)
MESSAGEix-GLOBIOM_1.1,EN_INDCi2100_NDCp,1.031028727548375,1.554275453775553,1.75402609304418,1.566992033071883,1.349202683901367,1.33278900022707,1.335029301166589,1.333960617575763,1.332710355479753,1.36696507164009,C6,C6: limit warming to 3°C (>50%)
MESSAGEix-GLOBIOM_1.1,EN_NPi2020_1000,1.031028727548375,1.554275453775553,1.268228372997844,1.271675974018102,1.485775368723299,2.368659560651551,3.039663570099867,3.508147702515493,3.609191146317434,4.275235081672049,C3,C3: limit warming to 2°C (>67%)
MESSAGEix-GLOBIOM_1.1,EN_NPi2020_1000_COV,1.031028727548375,1.37302453183335,1.443813525993592,1.33804696886972,1.467358333875311,2.475539488851414,3.084670972831009,3.687207204088389,3.802983490067183,4.439778854957866,C3,C3: limit warming to 2°C (>67%)
MESSAGEix-GLOBIOM_1.1,EN_NPi2020_1000_DR10p,1.031028727548375,1.642413174974308,1.512914825040919,1.553956071253265,2.132864831731646,3.449845599357507,4.320314124825498,4.708564997544137,6.312170206457599,6.844478648491698,C3,C3: limit warming to 2°C (>67%)
MESSAGEix-GLOBIOM_1.1,EN_NPi2020_1000_DR1p,1.031028727548375,1.323221150948341,1.284108694064858,1.141370863609802,1.458906710191338,1.400582856777064,1.648359305823771,2.364598614107321,2.610910521144587,2.892529282169612,C3,C3: limit warming to 2°C (>67%)
MESSAGEix-GLOBIOM_1.1,EN_NPi2020_1000_DR2p,1.031028727548375,1.351527780625109,1.324131605223188,1.265450852164612,1.32149657664312,1.634281933735694,2.04054467065319,2.751502422266934,3.006296170458107,3.578227246689395,C3,C3: limit warming to 2°C (>67%)
MESSAGEix-GLOBIOM_1.1,EN_NPi2020_1000_DR3p,1.031028727548375,1.387135561277915,1.200518290202767,1.235680948744534,1.422003065896029,2.118924518494166,2.598308109490697,3.113324682372439,3.070237513995532,3.425605408753571,C3,C3: limit warming to 2°C (>67%)
MESSAGEix-GLOBIOM_1.1,EN_NPi2020_1000_DR4p,1.031028727548375,1.50604988966727,1.249937054786479,1.238875824888785,1.473469266315889,2.237896141712123,2.805430073870411,3.22882748331734,3.242530337811496,4.108068665318578,C3,C3: limit warming to 2°C (>67%)
MESSAGEix-GLOBIOM_1.1,EN_NPi2020_1000f,1.031028727548375,1.554275453775553,1.361410268356554,1.204175274529376,1.318138377250669,2.329028539273104,4.217119869751178,4.267454538841128,5.076771126215728,4.447951024181863,C3,C3: limit warming to 2°C (>67%)
MESSAGEix-GLOBIOM_1.1,EN_NPi2020_1000f_COV,1.031028727548375,1.37302453183335,1.44442547612707,1.295390473493239,1.232636287587806,2.12677721304842,3.246680154275063,4.054245845215539,5.202900752825395,4.872772814023341,C3,C3: limit warming to 2°C (>67%)
MESSAGEix-GLOBIOM_1.1,EN_NPi2020_1000f_DR10p,1.031028727548375,1.642413174974308,1.778430725435753,1.295870364131677,1.76914575790159,2.983012695454542,5.156505399096337,6.795908712490088,5.86456575350631,4.723547075816384,C4,C4: limit warming to 2°C (>50%)
MESSAGEix-GLOBIOM_1.1,EN_NPi2020_1000f_DR1p,1.031028727548375,1.323221150948341,1.326526805565867,1.125498381810503,1.384418829241888,1.340198505733462,1.643127987561942,2.382710454834888,2.585131716409765,2.932952659880738,C3,C3: limit warming to 2°C (>67%)
MESSAGEix-GLOBIOM_1.1,EN_NPi2020_1000f_DR2p,1.031028727548375,1.351527780625109,1.284029640748996,1.22982623001804,1.263817409001489,1.805438220603902,2.236994401831301,2.486082009866625,2.907610299583348,3.130294896258768,C3,C3: limit warming to 2°C (>67%)
MESSAGEix-GLOBIOM_1.1,EN_NPi2020_1000f_DR3p,1.031028727548375,1.387135561277915,1.22483510050504,1.230462114066551,1.342513772570585,2.065299534751609,2.689964181402436,3.00734304600853,3.4411908488108,3.718453755665734,C3,C3: limit warming to 2°C (>67%)
MESSAGEix-GLOBIOM_1.1,EN_NPi2020_1000f_DR4p,1.031028727548375,1.50604988966727,1.266198883379526,1.216904696307912,1.344007501466798,2.234982744131702,3.077446288957033,3.698280591114027,4.446853554327606,3.700929099556962,C3,C3: limit warming to 2°C (>67%)
MESSAGEix-GLOBIOM_1.1,EN_NPi2020_1200,1.031028727548375,1.554275453775553,1.300001366888623,1.152642936746046,1.242981574826124,2.145563835654681,2.90823174096256,3.634726076590492,3.821363468151329,4.24910631949823,C3,C3: limit warming to 2°C (>67%)
MESSAGEix-GLOBIOM_1.1,EN_NPi2020_1200_COV,1.031028727548375,1.37302453183335,1.466242939744942,1.257385861387546,1.134326926891603,1.911694322578412,2.8219163938264,3.495193301988212,3.670457460178443,4.216759288744304,C3,C3: limit warming to 2°C (>67%)
MESSAGEix-GLOBIOM_1.1,EN_NPi2020_1200f,1.031028727548375,1.554275453775553,1.359010214764885,1.133873346211759,1.091076428042845,1.847040187430771,3.095609807733535,3.889632173764634,5.042548586223306,4.314755775770867,C4,C4: limit warming to 2°C (>50%)
MESSAGEix-GLOBIOM_1.1,EN_NPi2020_1200f_COV,1.031028727548375,1.37302453183335,1.481010369993357,1.206368093254763,1.046309878095877,1.655385350823262,2.838351485603735,3.710034590694254,4.999147067300713,5.252851413427003,C4,C4: limit warming to 2°C (>50%)
MESSAGEix-GLOBIOM_1.1,EN_NPi2020_1400,1.031028727548375,1.554275453775553,1.453761487110665,1.144407853336636,1.020721117388072,1.589358613120805,2.629639366455216,3.570258570417641,3.824695792010274,3.97933663169061,C4,C4: limit warming to 2°C (>50%)
MESSAGEix-GLOBIOM_1.1,EN_NPi2020_1400_COV,1.031028727548375,1.37302453183335,1.499080757527262,1.247850529917269,1.032236410838294,1.220110583612569,2.081847647091869,3.089849795806035,3.579393428513502,3.929496137831217,C4,C4: limit warming to 2°C (>50%)
MESSAGEix-GLOBIOM_1.1,EN_NPi2020_1400f,1.031028727548375,1.554275453775553,1.362700799029571,1.098660037475255,0.985016770552296,1.288520539197331,2.395058617407921,3.238566227827524,4.083727124153016,4.13703301850328,C4,C4: limit warming to 2°C (>50%)
MESSAGEix-GLOBIOM_1.1,EN_NPi2020_1400f_COV,1.031028727548375,1.37302453183335,1.501813455039205,1.234549131347291,1.011380410977325,1.27275911467599,2.14685067770063,3.049043560714105,4.697778338310272,5.126379698983889,C4,C4: limit warming to 2°C (>50%)
MESSAGEix-GLOBIOM_1.1,EN_NPi2020_1600,1.031028727548375,1.554275453775553,1.430297531424333,1.080466720117871,0.9556831996487308,1.204461528549911,2.217696362540922,3.332343962029596,3.868802336672854,3.804949232546649,C4,C4: limit warming to 2°C (>50%)
MESSAGEix-GLOBIOM_1.1,EN_NPi2020_1600_COV,1.031028727548375,1.37302453183335,1.469826184169905,1.179453758385129,1.01829403645967,1.079858986686032,1.678644475876185,2.612378205101137,3.602759033739027,3.806117867457251,C4,C4: limit warming to 2°C (>50%)
MESSAGEix-GLOBIOM_1.1,EN_NPi2020_1600f,1.031028727548375,1.554275453775553,1.544388514608174,1.086519817413158,0.9530228206658528,1.124011962395665,1.930104203483285,2.619448187865371,3.615371698260967,3.931901862896695,C5,C5: limit warming to 2.5°C (>50%)
MESSAGEix-GLOBIOM_1.1,EN_NPi2020_1600f_COV,1.031028727548375,1.37302453183335,1.474854579194988,1.209330501614632,1.007087943246895,1.067882769395951,1.604805329146793,2.624280850119214,3.668234996950964,4.812144966601367,C4,C4: limit warming to 2°C (>50%)
MESSAGEix-GLOBIOM_1.1,EN_NPi2020_1800,1.031028727548375,1.554275453775553,1.538609992200968,1.088293477563161,0.935059769353246,1.051032480592548,1.521451523945105,2.656744385938974,3.96675027112833,3.946362017691658,C5,C5: limit warming to 2.5°C (>50%)
MESSAGEix-GLOBIOM_1.1,EN_NPi2020_1800_COV,1.031028727548375,1.37302453183335,1.436688774795392,1.191163635731485,0.9742924200398588,1.023230468162942,1.464780739519123,2.518872060933613,4.323674990657194,4.189239452841163,C5,C5: limit warming to 2.5°C (>50%)
MESSAGEix-GLOBIOM_1.1,EN_NPi2020_1800f,1.031028727548375,1.554275453775553,1.536788754995458,1.069343098600622,0.9403063242971014,1.042550789151169,1.458332443292531,2.516048057257533,3.352582967406464,3.71847068807694,C5,C5: limit warming to 2.5°C (>50%)
MESSAGEix-GLOBIOM_1.1,EN_NPi2020_1800f_COV,1.031028727548375,1.37302453183335,1.438110025152003,1.186430147064453,0.971002087438339,1.003889486481638,1.307489024007356,2.062512445118785,3.23538546042415,4.373324635288372,C5,C5: limit warming to 2.5°C (>50%)
MESSAGEix-GLOBIOM_1.1,EN_NPi2020_2000,1.031028727548375,1.554275453775553,1.565901170607044,1.11074642094853,0.933875929618576,1.007035048641653,1.432490970853001,2.416063994633068,4.168887356843047,4.446696975961506,C5,C5: limit warming to 2.5°C (>50%)
MESSAGEix-GLOBIOM_1.1,EN_NPi2020_2000_COV,1.031028727548375,1.37302453183335,1.386009511224146,1.130200479422578,0.9448773569083928,0.9583166156224866,1.305950111659428,2.03529273844503,3.659852306193211,4.094605729861829,C5,C5: limit warming to 2.5°C (>50%)
MESSAGEix-GLOBIOM_1.1,EN_NPi2020_2000f,1.031028727548375,1.554275453775553,1.562499955044052,1.089408422118903,0.9410137267689288,1.014258230371352,1.46496098290372,2.684729029333346,4.242462829807836,4.702061154343856,C5,C5: limit warming to 2.5°C (>50%)
MESSAGEix-GLOBIOM_1.1,EN_NPi2020_2000f_COV,1.031028727548375,1.37302453183335,1.371930982674563,1.077838793052468,0.962639300351602,0.961508845434824,1.268973372341591,1.965944328610508,3.459508487243615,4.477071723574271,C5,C5: limit warming to 2.5°C (>50%)
MESSAGEix-GLOBIOM_1.1,EN_NPi2020_200f,1.031028727548375,1.554275453775553,1.209790938277346,1.662578031564851,3.225719703980664,3.377644934111488,4.028135722307601,4.189171091421421,4.81142076841928,5.427088999076791,C2,C2: return warming to 1.5°C (>50%) after a high overshoot
MESSAGEix-GLOBIOM_1.1,EN_NPi2020_2500,1.031028727548375,1.554275453775553,1.66600032696554,1.114487337088588,0.8846222006352172,0.9228834127106058,1.020399673800533,1.463190879579464,2.374449601487294,3.902376788734859,C5,C5: limit warming to 2.5°C (>50%)
MESSAGEix-GLOBIOM_1.1,EN_NPi2020_2500_COV,1.031028727548375,1.37302453183335,1.261673796601907,1.073925871374328,0.8683116610144276,0.9171159222966327,0.9968960403693724,1.288364132231363,1.934972497811795,3.213999845286325,C5,C5: limit warming to 2.5°C (>50%)
MESSAGEix-GLOBIOM_1.1,EN_NPi2020_2500f,1.031028727548375,1.554275453775553,1.665923693045,1.103145488030449,0.8705041547916008,0.9248670087243044,1.019941075251261,1.456637746832323,2.364417163201993,3.923845432489674,C5,C5: limit warming to 2.5°C (>50%)
MESSAGEix-GLOBIOM_1.1,EN_NPi2020_2500f_COV,1.031028727548375,1.37302453183335,1.280954015904954,1.020790762085386,0.869129302204739,0.9151908645302748,0.9916122376851968,1.222611928506049,1.669778784714187,2.673532877557217,C5,C5: limit warming to 2.5°C (>50%)
MESSAGEix-GLOBIOM_1.1,EN_NPi2020_3000,1.031028727548375,1.554275453775553,1.708063561910733,1.472976414362659,0.9716613572241912,0.8987778538233933,0.9382471291747716,1.032944745157233,1.392659043924211,1.848732109094395,C6,C6: limit warming to 3°C (>50%)
MESSAGEix-GLOBIOM_1.1,EN_NPi2020_3000_COV,1.031028727548375,1.37302453183335,1.293095704219129,1.201233816126008,0.8721275083204717,0.8928672944826016,0.9205191833374428,1.077669561437428,1.436821232497429,2.519705957695967,C6,C6: limit warming to 3°C (>50%)
MESSAGEix-GLOBIOM_1.1,EN_NPi2020_3000f,1.031028727548375,1.554275453775553,1.709429368920352,1.449900432518448,0.9697900004128056,0.8984651810941389,0.9475066379932932,1.045947278122696,1.394011977017187,1.916573441049594,C6,C6: limit warming to 3°C (>50%)
MESSAGEix-GLOBIOM_1.1,EN_NPi2020_3000f_COV,1.031028727548375,1.37302453183335,1.271774867553776,1.178786471213348,0.8713949955310631,0.8925672643506383,0.9157924534537892,1.040938265539637,1.30815800458775,2.132566252991825,C6,C6: limit warming to 3°C (>50%)
MESSAGEix-GLOBIOM_1.1,EN_NPi2020_300f,1.031028727548375,1.554275453775553,1.352140172562589,1.633153423769762,3.104084300065087,3.930173209244843,4.020484497833942,4.028020819854885,4.914435741537672,5.299335481169105,C2,C2: return warming to 1.5°C (>50%) after a high overshoot
MESSAGEix-GLOBIOM_1.1,EN_NPi2020_400f,1.031028727548375,1.554275453775553,1.303905380710492,1.609989753517874,3.036397868040594,3.664815381165961,4.734604139572639,4.504722931028502,4.828095301833256,5.294792557375558,C2,C2: return warming to 1.5°C (>50%) after a high overshoot
MESSAGEix-GLOBIOM_1.1,EN_NPi2020_450,1.031028727548375,1.554275453775553,2.073150000540585,3.023344912228418,3.669660920116994,3.70236541868437,3.171109135757399,3.936924990945255,3.758381991203681,3.98550927712656,C1,C1: limit warming to 1.5°C (>50%) with no or limited overshoot
MESSAGEix-GLOBIOM_1.1,EN_NPi2020_450f,1.031028727548375,1.554275453775553,1.298013584559895,1.716529682026476,2.822967245548501,3.530841198191821,4.937242134707046,4.823556164017343,4.85996501658431,5.343885139804691,C2,C2: return warming to 1.5°C (>50%) after a high overshoot
MESSAGEix-GLOBIOM_1.1,EN_NPi2020_500,1.031028727548375,1.554275453775553,1.591029492439975,2.677574987925446,4.057743277047308,4.030899668557394,3.467664367355868,3.789508411746465,3.902353094722974,4.323054936599963,C1,C1: limit warming to 1.5°C (>50%) with no or limited overshoot
MESSAGEix-GLOBIOM_1.1,EN_NPi2020_500f,1.031028727548375,1.554275453775553,1.239718856201344,1.654454855344638,2.704279369719097,3.339636322316431,4.560081779359167,4.466125738178274,4.510735451531144,5.174521159168615,C2,C2: return warming to 1.5°C (>50%) after a high overshoot
MESSAGEix-GLOBIOM_1.1,EN_NPi2020_600,1.031028727548375,1.554275453775553,1.232361071249217,1.530887647060121,2.692489413798294,3.665191839053136,3.885299855353375,3.948826512422516,4.081210340799341,4.549174752536,C2,C2: return warming to 1.5°C (>50%) after a high overshoot
MESSAGEix-GLOBIOM_1.1,EN_NPi2020_600_COV,1.031028727548375,1.37302453183335,1.286879693270592,1.474378139737307,2.664121771231149,3.541480469113442,3.65391791723648,3.614535762203926,3.869179327104622,3.733381127334757,C1,C1: limit warming to 1.5°C (>50%) with no or limited overshoot
MESSAGEix-GLOBIOM_1.1,EN_NPi2020_600_DR10p,1.031028727548375,1.642413174974308,1.908945205175485,2.147600946628752,4.582149927397344,6.00013839528645,4.593743216441346,5.197729582193635,6.247966268582871,7.218637482849137,C2,C2: return warming to 1.5°C (>50%) after a high overshoot
MESSAGEix-GLOBIOM_1.1,EN_NPi2020_600_DR1p,1.031028727548375,1.323221150948341,1.171140879604047,1.399055450515268,1.606220101599249,1.723636866536287,2.352583364330052,2.999914951747034,3.058154306123026,2.931095412433363,C1,C1: limit warming to 1.5°C (>50%) with no or limited overshoot
MESSAGEix-GLOBIOM_1.1,EN_NPi2020_600_DR2p,1.031028727548375,1.351527780625109,1.206622185910972,1.397103641369715,1.973765038101153,2.018347512554541,2.547117994453084,3.23436100715079,3.286912641206915,3.140574602731619,C1,C1: limit warming to 1.5°C (>50%) with no or limited overshoot
MESSAGEix-GLOBIOM_1.1,EN_NPi2020_600_DR3p,1.031028727548375,1.387135561277915,1.231596646717285,1.548969579140013,2.451437428401998,2.600069692240148,2.959536798147172,3.263324858783273,3.290363576737795,3.522102330365771,C1,C1: limit warming to 1.5°C (>50%) with no or limited overshoot
MESSAGEix-GLOBIOM_1.1,EN_NPi2020_600_DR4p,1.031028727548375,1.50604988966727,1.203253257601111,1.533916702331105,2.524496416168561,2.925314425106182,3.220190363183305,3.556254238884683,3.528572300623449,3.982854144506256,C1,C1: limit warming to 1.5°C (>50%) with no or limited overshoot
MESSAGEix-GLOBIOM_1.1,EN_NPi2020_600f,1.031028727548375,1.554275453775553,1.217914522499692,1.500718109002624,2.450760089749279,3.194338630729006,3.608056132374663,4.231496297551743,4.511837580682238,4.868201101360452,C2,C2: return warming to 1.5°C (>50%) after a high overshoot
MESSAGEix-GLOBIOM_1.1,EN_NPi2020_600f_COV,1.031028727548375,1.37302453183335,1.377646625995837,1.270245905127073,1.907701303439929,3.176575352210271,3.388617851225374,3.856428138685452,4.933349488541808,4.836896284045807,C2,C2: return warming to 1.5°C (>50%) after a high overshoot
MESSAGEix-GLOBIOM_1.1,EN_NPi2020_600f_DR10p,1.031028727548375,1.642413174974308,1.565154373502211,1.611952829827064,2.385444525699513,5.017748648855996,7.091576234392166,5.863664422472857,4.335131665364373,4.223036979932291,C2,C2: return warming to 1.5°C (>50%) after a high overshoot
MESSAGEix-GLOBIOM_1.1,EN_NPi2020_600f_DR1p,1.031028727548375,1.323221150948341,1.309911208335761,1.206319319687742,1.600431967792078,1.83735139877009,2.430190796840206,2.934925262097521,3.898552562398296,4.081793632482413,C2,C2: return warming to 1.5°C (>50%) after a high overshoot
MESSAGEix-GLOBIOM_1.1,EN_NPi2020_600f_DR2p,1.031028727548375,1.351527780625109,1.414191643681109,1.320825766197643,1.752706056196623,2.054028613746857,2.742688672952173,3.299888600469981,4.227780307031196,4.285026516789209,C2,C2: return warming to 1.5°C (>50%) after a high overshoot
MESSAGEix-GLOBIOM_1.1,EN_NPi2020_600f_DR3p,1.031028727548375,1.387135561277915,1.30775726314476,1.273196239670998,1.812859270456166,2.299087088680607,3.30876409947038,3.289352707243757,3.977869870683294,3.558063609640096,C2,C2: return warming to 1.5°C (>50%) after a high overshoot
MESSAGEix-GLOBIOM_1.1,EN_NPi2020_600f_DR4p,1.031028727548375,1.50604988966727,1.266969419821698,1.246908721308736,2.071185666789401,2.883070924162816,3.790462325673327,3.587074589539788,4.377445395050675,4.19596496864457,C2,C2: return warming to 1.5°C (>50%) after a high overshoot
MESSAGEix-GLOBIOM_1.1,EN_NPi2020_700,1.031028727548375,1.554275453775553,1.367428163766051,1.488589112331697,2.58012764010201,3.196030486450109,3.844896842616795,3.659912874728459,3.755751179733343,4.705624630069629,C2,C2: return warming to 1.5°C (>50%) after a high overshoot
MESSAGEix-GLOBIOM_1.1,EN_NPi2020_700_COV,1.031028727548375,1.37302453183335,1.339764102977852,1.623069623286695,2.486352801343248,3.215506924616696,3.752271160660986,3.815001086481033,4.104759836141501,4.321939176905632,C2,C2: return warming to 1.5°C (>50%) after a high overshoot
MESSAGEix-GLOBIOM_1.1,EN_NPi2020_700f,1.031028727548375,1.554275453775553,1.207544858579214,1.279093706534965,1.75905877911823,2.961625600419916,3.674219768846965,4.059713180831328,4.822207460854304,4.584050960327271,C2,C2: return warming to 1.5°C (>50%) after a high overshoot
MESSAGEix-GLOBIOM_1.1,EN_NPi2020_700f_COV,1.031028727548375,1.37302453183335,1.419973614453824,1.396854692794113,1.810433873463837,3.27824077032444,3.664387067017448,3.804742367830298,4.65903739226181,4.359878134231103,C2,C2: return warming to 1.5°C (>50%) after a high overshoot
MESSAGEix-GLOBIOM_1.1,EN_NPi2020_800,1.031028727548375,1.554275453775553,1.247375280235193,1.420879186573988,2.067263793430884,2.579256149515271,3.263252352436463,3.690974518082816,3.846805876469171,4.66078649999,C3,C3: limit warming to 2°C (>67%)
MESSAGEix-GLOBIOM_1.1,EN_NPi2020_800_COV,1.031028727548375,1.37302453183335,1.344404581428837,1.18013049990254,1.842336962280229,2.891577270010199,3.451819516182443,3.711624185339878,3.947147295913707,4.538228344110005,C3,C3: limit warming to 2°C (>67%)
MESSAGEix-GLOBIOM_1.1,EN_NPi2020_800f,1.031028727548375,1.554275453775553,1.274219100478955,1.307974722251466,1.697525509728195,3.050688549695715,4.111303717028478,4.257578453304297,4.968405936039629,4.296699793053383,C3,C3: limit warming to 2°C (>67%)
MESSAGEix-GLOBIOM_1.1,EN_NPi2020_800f_COV,1.031028727548375,1.37302453183335,1.451474375406221,1.306522900299871,1.767410095218562,2.901521984205312,3.833826777822288,3.612413510180994,4.779317569918566,4.45017934206727,C3,C3: limit warming to 2°C (>67%)
MESSAGEix-GLOBIOM_1.1,EN_NPi2020_900,1.031028727548375,1.554275453775553,1.217468235049176,1.29935015568896,1.730092664049417,2.632576898417272,3.259502977210826,3.544048077287999,3.702586786726711,4.562040214710577,C3,C3: limit warming to 2°C (>67%)
MESSAGEix-GLOBIOM_1.1,EN_NPi2020_900_COV,1.031028727548375,1.37302453183335,1.416726963175176,1.254328322324002,1.637971312739061,2.653434164448322,3.211709620901373,3.695645681906731,4.040210471335675,4.528010906338375,C3,C3: limit warming to 2°C (>67%)
MESSAGEix-GLOBIOM_1.1,EN_NPi2020_900f,1.031028727548375,1.554275453775553,1.267180055264625,1.264854413399121,1.700578990083395,2.630468366048604,4.039078347338155,4.183674970163684,4.754577105623344,4.235415289042479,C3,C3: limit warming to 2°C (>67%)
MESSAGEix-GLOBIOM_1.1,EN_NPi2020_900f_COV,1.031028727548375,1.37302453183335,1.459301172274609,1.29403390362325,1.434817082282681,2.396003635616096,3.980620851081366,3.755610538300514,5.041449630063929,4.576143644358117,C3,C3: limit warming to 2°C (>67%)
MESSAGEix-GLOBIOM_1.1,EN_NPi2100,1.031028727548375,1.554275453775553,1.889873420125554,1.79847949566186,1.344585362153069,1.298716976643121,1.291778284155314,1.302381197404422,1.307786209158289,1.309943509823225,C7,C7: limit warming to 4°C (>50%)
MESSAGEix-GLOBIOM_1.1,EN_NPi2100_COV,1.031028727548375,1.373024531402365,1.644479114460363,1.74953579054177,1.335101049395806,1.295578043535588,1.295818424027754,1.306660202374673,1.30932028848133,1.309907468630987,C7,C7: limit warming to 4°C (>50%)
MESSAGEix-GLOBIOM_1.1,EN_NoPolicy,1.031028727548375,0.912270602445304,0.7371150772740847,0.6410562262779028,0.1761445017655198,0.0,0.0,0.0026035823002158,0.0040692935250133,0.0027675023749054,C7,C7: limit warming to 4°C (>50%)
MESSAGEix-GLOBIOM_1.1,NGFS2_Below 2°C,1.031028728,1.373024531,1.435203761,1.311742643,1.51729653,2.554708637,3.093024964,3.683419126,3.835379866,4.457698004,C3,C3: limit warming to 2°C (>67%)
MESSAGEix-GLOBIOM_1.1,NGFS2_Current Policies,1.031028728,1.373024531,1.644478789,1.736049731,1.32901092,1.278342463,1.272431476,1.280067878,1.282088634,1.287672704,C7,C7: limit warming to 4°C (>50%)
MESSAGEix-GLOBIOM_1.1,NGFS2_Delayed Transition,1.031028728,1.373024531,1.644478789,1.872099253,3.586416276,3.930615403,4.209967347,4.809222844,5.109356271,5.38883209,C3,C3: limit warming to 2°C (>67%)
MESSAGEix-GLOBIOM_1.1,NGFS2_Divergent Net Zero Policies,1.031028728,1.373024531,1.756060125,2.682064558,2.985299368,3.489795889,3.82468531,4.625262853,5.345734214,5.515535924,C1,C1: limit warming to 1.5°C (>50%) with no or limited overshoot
MESSAGEix-GLOBIOM_1.1,NGFS2_Nationally Determined Contributions (NDCs),1.031028728,1.373024531,1.737859633,1.63084298,1.341271412,1.290340075,1.273982624,1.258702194,1.250173041,1.357077323,C5,C5: limit warming to 2.5°C (>50%)
MESSAGEix-GLOBIOM_1.1,NGFS2_Net-Zero 2050,1.031028728,1.373024531,1.138065389,1.580046693,3.196996244,3.300529725,2.81924244,2.896936659,2.791658966,2.287407547,C1,C1: limit warming to 1.5°C (>50%) with no or limited overshoot
MESSAGEix-GLOBIOM_1.2,COV_GreenPush,1.03102872754837,1.02892298688345,0.852707113817025,0.701575554275564,0.223314605609343,0.0283363279323966,0.0005994385270609,0.0026053812374689,0.0026053812374689,0.0013026906187344,C7,C7: limit warming to 4°C (>50%)
MESSAGEix-GLOBIOM_1.2,COV_GreenPush_1000,1.03102872754837,1.02892298688345,0.580022965828151,0.43508523851858,0.458944768099962,1.07103216033569,2.2695817235204,2.95636766976362,3.86607601656759,4.07753814783531,C3,C3: limit warming to 2°C (>67%)
MESSAGEix-GLOBIOM_1.2,COV_GreenPush_550,1.03102872754837,1.02892298688345,0.443383372919432,1.23652868353812,1.96337207183864,2.36647873447316,2.44139897996059,3.30799133063771,4.16839685671299,3.75540852204318,C1,C1: limit warming to 1.5°C (>50%) with no or limited overshoot
MESSAGEix-GLOBIOM_1.2,COV_GreenPush_max_GDP,1.03102872754837,0.878971839798804,0.602020595370741,0.564200117105165,0.199915327893987,0.00539799714111,0.0,0.0012109789411849,0.0012109789411849,3.32700488289484e-05,C7,C7: limit warming to 4°C (>50%)
MESSAGEix-GLOBIOM_1.2,COV_GreenPush_min_GDP,1.03102872754837,0.872436890060745,0.849934176031039,0.764461043223972,0.231758489090447,0.0346713122760276,0.0111022004021123,0.0026053812374689,0.0026053812374689,0.0013026906187344,C7,C7: limit warming to 4°C (>50%)
MESSAGEix-GLOBIOM_1.2,COV_NoPolicyNoCOVID,1.03102872754837,0.755117349581594,0.93957467231179,0.807621156048324,0.19446126174371,0.0,0.0,0.0040692935250133,0.0063047141514263,0.0042700673889196,C7,C7: limit warming to 4°C (>50%)
MESSAGEix-GLOBIOM_1.2,COV_NoPolicyNoCOVID_1000,1.03102872754837,0.755117349581594,0.770072168821124,0.656970783039145,0.810331988120354,1.89167337685926,2.77009920866237,3.26773927013159,3.8296096420598,3.58651120816787,C3,C3: limit warming to 2°C (>67%)
MESSAGEix-GLOBIOM_1.2,COV_NoPolicyNoCOVID_550,1.03102872754837,0.755117349581594,1.20596306655056,1.98562437312537,3.03486541252036,2.76841427548298,2.50346207416378,2.76669355802858,3.29400159136696,3.8448128374735,C1,C1: limit warming to 1.5°C (>50%) with no or limited overshoot
MESSAGEix-GLOBIOM_1.2,COV_Restore,1.03102872754837,0.923833294362905,0.747298151263163,0.66936300041482,0.21651909424378,0.0216145181035897,0.0,0.0037996694209141,0.0059291762433735,0.0040293415329164,C7,C7: limit warming to 4°C (>50%)
MESSAGEix-GLOBIOM_1.2,COV_Restore_1000,1.03102872754837,0.923833294362905,0.523473352599089,0.421211937968753,0.768728711177374,1.75737025014545,2.62087374216259,3.15218698706285,3.70979552550706,3.51045726152414,C3,C3: limit warming to 2°C (>67%)
MESSAGEix-GLOBIOM_1.2,COV_Restore_550,1.03102872754837,0.923833294362905,0.328398912088947,1.2243768894524,2.29842054784664,2.5313789553658,2.5091830638109,2.92192215777777,3.62254440070943,3.87218962298321,C1,C1: limit warming to 1.5°C (>50%) with no or limited overshoot
MESSAGEix-GLOBIOM_1.2,COV_SelfReliance,1.03102872754837,0.954043355634421,0.731735273642657,0.653366246533499,0.215344770623231,0.0205529896081987,0.0,0.002142232963006,0.002142232963006,0.001071116481503,C7,C7: limit warming to 4°C (>50%)
MESSAGEix-GLOBIOM_1.2,COV_SelfReliance_1000,1.03102872754837,0.954043355634421,0.482177609705881,0.444812356846014,0.829416685016162,1.89933217256171,2.96568328285634,3.44916530437288,4.37662719842991,4.22836667603368,C3,C3: limit warming to 2°C (>67%)
MESSAGEix-GLOBIOM_1.2,COV_SelfReliance_550,1.03102872754837,0.954043355634421,0.270098021076338,1.20109393005275,2.35407621402684,2.702110004525,2.89852710445445,3.52976902696481,4.26060726549048,4.56469962314283,C1,C1: limit warming to 1.5°C (>50%) with no or limited overshoot
MESSAGEix-GLOBIOM_1.2,COV_SelfReliance_max_GDP,1.03102872754837,0.997080537567122,0.70904673616013,0.643175913215417,0.194594367949056,0.0,0.0,0.0007592332377409,0.0007592332377409,0.0003796166188704,C7,C7: limit warming to 4°C (>50%)
MESSAGEix-GLOBIOM_1.2,COV_SelfReliance_min_GDP,1.03102872754837,0.810249293713401,0.837911120961979,0.73873599379005,0.221176217022538,0.0238148665692808,0.0037020944495597,0.0026053812374689,0.0039428427300966,0.0026401521113622,C7,C7: limit warming to 4°C (>50%)
MESSAGEix-GLOBIOM_1.2,COV_SmartUse,1.03102872754837,0.982143003061957,0.781933473615201,0.711095469803483,0.231630967360655,0.03656875059805,0.0,0.0025442546240471,0.0038633947263649,0.0025912674143413,C7,C7: limit warming to 4°C (>50%)
MESSAGEix-GLOBIOM_1.2,COV_SmartUse_1000,1.03102872754837,0.982143003061957,0.565188846022614,0.437722306562362,0.725826272672648,1.65782739261108,2.66434382310279,3.20308657902714,3.76094136405187,3.87594457024206,C3,C3: limit warming to 2°C (>67%)
MESSAGEix-GLOBIOM_1.2,COV_SmartUse_550,1.03102872754837,0.982143003061957,0.246533111835532,1.08687386381676,2.0793049610986,2.58258634542441,2.66297076911812,3.3694559496986,4.45918728660398,4.22158541237607,C1,C1: limit warming to 1.5°C (>50%) with no or limited overshoot
MESSAGEix-GLOBIOM_GEI 1.0,SSP2_int_lc_15,0.757135198846151,0.263290606678474,1.29540488211474,1.05250663761304,1.45247388481056,3.34401120971543,5.83650645315887,6.83881440011489,6.94376568354696,6.5984470755511,C5,C5: limit warming to 2.5°C (>50%)
MESSAGEix-GLOBIOM_GEI 1.0,SSP2_int_lc_50,0.757135198846151,0.263290606678474,1.59884462064035,1.29374925102272,3.01567479243544,5.87557251759782,7.0009548156789,7.93854162840767,8.9440199811541,9.82040310807651,C3,C3: limit warming to 2°C (>67%)
MESSAGEix-GLOBIOM_GEI 1.0,SSP2_int_mc_15,0.757135198846151,0.263290606678474,1.28775323337338,1.06919838409232,1.83460637257726,4.3762658166738,5.33769737285574,5.38489091784448,5.85951407057177,6.17769434529079,C5,C5: limit warming to 2.5°C (>50%)
MESSAGEix-GLOBIOM_GEI 1.0,SSP2_int_mc_50,0.757135198846151,0.263290606678474,1.59479337207098,1.28894897295803,2.76008177704155,6.3149599464084,7.31880406578068,8.10554801282257,9.03077624761804,9.21080946254376,C2,C2: return warming to 1.5°C (>50%) after a high overshoot
MESSAGEix-GLOBIOM_GEI 1.0,SSP2_noint_lc_15,0.757135198846151,0.263290606678474,1.294652198420078,1.050420487185582,1.449268711470521,3.329662665032224,6.098582223953705,7.185706523962155,7.060487193577286,6.691820692849658,C5,C5: limit warming to 2.5°C (>50%)
MESSAGEix-GLOBIOM_GEI 1.0,SSP2_noint_lc_50,0.757135198846151,0.263290606678474,1.59489675029849,1.29263135813086,3.01745126435282,5.89475303610364,6.99320331905647,7.96891280388522,9.00143911547251,9.87517655490765,C3,C3: limit warming to 2°C (>67%)
MESSAGEix-GLOBIOM_GEI 1.0,SSP2_noint_mc_15,0.757135198846151,0.263290606678474,1.29916912939548,1.07079910676722,1.83554394987322,4.3744415507856,5.34758237167813,5.37036773106917,5.85435759649391,6.15261382142257,C5,C5: limit warming to 2.5°C (>50%)
MESSAGEix-GLOBIOM_GEI 1.0,SSP2_noint_mc_50,0.757135198846151,0.263290606678474,1.60905956795376,1.3100671343208,2.9124761274153,6.3253349598268,7.30312423231974,8.14623488412093,9.07556917020555,9.2627253935133,C2,C2: return warming to 1.5°C (>50%) after a high overshoot
MESSAGEix-GLOBIOM_GEI 1.0,SSP2_openres_lc_100,0.757135198846151,0.263290606678474,2.05128932971727,1.23550954844255,3.40395454353965,6.5134908379416,8.27333261998876,9.58144481821108,9.11343628628813,8.54953423453493,C2,C2: return warming to 1.5°C (>50%) after a high overshoot
MESSAGEix-GLOBIOM_GEI 1.0,SSP2_openres_lc_120,0.757135198846151,0.263290606678474,2.01809015782476,1.2757808495873,3.95832071211421,7.21098383849227,8.90933188346584,9.00732652632505,8.62720569094885,8.25961952298487,C2,C2: return warming to 1.5°C (>50%) after a high overshoot
MESSAGEix-GLOBIOM_GEI 1.0,SSP2_openres_lc_15,0.757135198846151,0.263290606678474,1.18666765177391,1.05891973531871,1.45286765320044,3.18877532978585,5.70892986020792,6.9107755732739,7.12031270285585,6.98557403377726,C5,C5: limit warming to 2.5°C (>50%)
MESSAGEix-GLOBIOM_GEI 1.0,SSP2_openres_lc_50,0.757135198846151,0.263290606678474,1.43380980475772,1.12735295970702,1.92736422909748,3.11910110569977,4.41322611575277,6.43858890685096,7.83420734063414,6.9376851060377,C3,C3: limit warming to 2°C (>67%)
MESSAGEix-GLOBIOM_GEI 1.0,SSP2_openres_lc_80,0.757135198846151,0.263290606678474,2.02255217582805,1.23802629810601,3.17266657951637,6.09056909768842,7.71230506577167,9.29645283870801,9.40366977709972,9.03582095199175,C2,C2: return warming to 1.5°C (>50%) after a high overshoot
MESSAGEix-GLOBIOM_GEI 1.0,SSP2_openres_lc_CB400,0.757135198846151,0.263290606678474,3.11883290746634,2.67934848699194,5.72858795870895,8.8994922819125,7.62057268960949,7.38615965053677,7.05703927741088,7.32567997478569,C2,C2: return warming to 1.5°C (>50%) after a high overshoot
MESSAGEix-GLOBIOM_GEI 1.0,SSP2_openres_lc_CB450,0.757135198846151,0.263290606678474,3.08549852115052,2.63117356795816,5.9004093677943,9.06411402884846,7.84919134074403,7.35432559113764,7.13866995471017,7.42316688810247,C2,C2: return warming to 1.5°C (>50%) after a high overshoot
MESSAGEix-GLOBIOM_GEI 1.0,SSP2_openres_lc_CB500,0.757135198846151,0.263290606678474,3.03320699308409,2.58410097177489,5.41193112934307,8.98110756985033,8.07540014983217,7.56108445556012,7.23392747466626,7.47684694122166,C2,C2: return warming to 1.5°C (>50%) after a high overshoot
MESSAGEix-GLOBIOM_GEI 1.0,SSP2_openres_lc_CB550,0.757135198846151,0.263290606678474,3.08299846214926,2.53062502773413,5.39430015380382,8.66725646036195,8.39053351464004,7.83466445428779,7.55479982547011,7.68432128027784,C2,C2: return warming to 1.5°C (>50%) after a high overshoot
MESSAGEix-GLOBIOM_GEI 1.0,SSP2_openres_lc_CB600,0.757135198846151,0.263290606678474,3.22269378809104,2.36951651563864,5.36100761518075,8.56726862809134,8.71601661724578,7.93598793802221,7.72133401798626,7.81290505568047,C2,C2: return warming to 1.5°C (>50%) after a high overshoot
MESSAGEix-GLOBIOM_GEI 1.0,SSP2_openres_mc_15,0.757135198846151,0.263290606678474,1.20037554306838,1.07294804273738,1.81623820967382,4.34552013324763,5.34533400791234,5.39582798167688,6.05131317209861,6.43775875862592,C5,C5: limit warming to 2.5°C (>50%)
MESSAGEix-GLOBIOM_GEI 1.0,SSP2_openres_mc_50,0.757135198846151,0.263290606678474,1.63703632086657,1.33250750776373,2.94544567600574,6.45143211679215,7.44413325137138,8.2841206261226,9.39501135197903,9.08877473836933,C2,C2: return warming to 1.5°C (>50%) after a high overshoot
MUSE 1.0,CSH,1.0385926794175624,0.3,0.264,0.214,0.064,0.0,0.0,0.0,0.0,0.0,failed-vetting,failed-vetting
MUSE 1.0,PCSH,1.0385926794175624,0.34,0.347,0.297,0.147,0.083,0.083,0.083,0.083,0.0,no-climate-assessment,no-climate-assessment
MUSE 1.0,PR_Baseline,1.0385926794175624,0.3003,0.2643,0.2145,0.0639,0.0,0.0,0.0,0.0,0.0,failed-vetting,failed-vetting
MUSE 1.0,PR_CP_Intensity,1.0385926794175624,0.3399,0.3472,0.2995,0.1468,0.1446,0.1746,0.1886,0.4061,0.3994,no-climate-assessment,no-climate-assessment
MUSE 1.0,PR_CP_Price,1.0385926794175624,0.3399,0.3472,0.2974,0.1468,0.0829,0.0829,0.0829,0.0829,0.0,no-climate-assessment,no-climate-assessment
MUSE 1.0,PR_CP_PriceOnly,1.0385926794175624,0.3003,0.2643,0.2145,0.0639,0.0,0.0,0.0,0.0,0.0,failed-vetting,failed-vetting
MUSE 1.0,PR_NDC_Intensity,1.0385926794175624,0.3399,0.5144,0.5471,0.2921,0.5694,0.6854,0.6493,0.8996999999999999,1.0995,no-climate-assessment,no-climate-assessment
MUSE 1.0,PR_NDC_Price,1.0385926794175624,0.3399,0.5144,0.5521,0.3444,0.5896,0.7125,0.7252,0.6796,0.7289,no-climate-assessment,no-climate-assessment
MUSE 1.0,PR_NDC_PriceOnly,1.0385926794175624,0.3003,0.4798,0.4769,0.2535,0.5475,0.5241,0.59,0.7051,0.797,failed-vetting,failed-vetting
MUSE 1.0,R,1.0385926794175624,0.3,0.264,0.214,0.064,0.0,0.0,0.0,0.0,0.0,failed-vetting,failed-vetting
MUSE 1.0,SH,1.0385926794175624,0.3,0.264,0.214,0.064,0.0,0.0,0.0,0.0,0.0,failed-vetting,failed-vetting
McKinsey 1.0,1.5C A,1.0385926794175624,1.5838540320981735,3.738717417245873,4.739899219451857,3.940110858947945,10.125999836666516,12.618474006490132,14.993021706113096,17.0354550704976,18.388380460947275,failed-vetting,failed-vetting
McKinsey 1.0,1.5C B,1.0385926794175624,1.5838540320981735,3.738717417245873,4.739899219451857,3.940110858947945,10.125999836666516,12.618474006490132,14.993021706113096,17.0354550704976,18.388380460947275,failed-vetting,failed-vetting
McKinsey 1.0,1.5C C,1.0385926794175624,1.5838540320981735,3.738717417245873,4.739899219451857,3.940110858947945,10.125999836666516,12.618474006490132,14.993021706113096,17.0354550704976,18.388380460947275,failed-vetting,failed-vetting
POLES ADVANCE,ADVANCE_2020_1.5C-2100,1.18074980921625,2.0385583994745,5.010450668811,15.042973547934,28.180005288084,36.36377230104,39.487085996328,48.94717650616801,67.87724850590399,71.212773592368,C1,C1: limit warming to 1.5°C (>50%) with no or limited overshoot
POLES ADVANCE,ADVANCE_2020_Med2C,1.18074980921625,2.038549622895,3.977489569275,8.388176700078,22.666761482796,37.361148196392,43.33804744464,50.972793051528,63.055404730224,70.98594717096,C3,C3: limit warming to 2°C (>67%)
POLES ADVANCE,ADVANCE_2020_WB2C,1.18074980921625,2.038549622895,4.288751636364,14.68593599274,32.273378562672,39.63006412776,43.848684142704,52.33552669944,66.366690254352,71.214069825648,C2,C2: return warming to 1.5°C (>50%) after a high overshoot
POLES ADVANCE,ADVANCE_2030_1.5C-2100,1.18074980921625,2.038549622895,3.801594763908,11.1586331925,23.711804556696,39.119873910048,40.462793192016,51.670605835224,72.23789248055999,75.173003905536,C2,C2: return warming to 1.5°C (>50%) after a high overshoot
POLES ADVANCE,ADVANCE_2030_Med2C,1.18074980921625,2.038549622895,3.801540754188,9.567557250372,26.647587502524,38.52849988188,42.560602729776,49.747557348792,60.69255149318401,69.87658752216,C3,C3: limit warming to 2°C (>67%)
POLES ADVANCE,ADVANCE_2030_Price1.5C,1.18074980921625,2.038549622895,3.801540754188,12.418145263872,24.474776466924,36.81853414344,38.815449923592,48.439740784176,66.918864027744,64.873782379296,C2,C2: return warming to 1.5°C (>50%) after a high overshoot
POLES ADVANCE,ADVANCE_2030_WB2C,1.18074980921625,2.038549622895,3.801540754188,13.765147680672,28.421212697604,39.078326032776,42.0748321068,52.709738445432,65.320889244048,71.192005054704,C2,C2: return warming to 1.5°C (>50%) after a high overshoot
POLES ADVANCE,ADVANCE_INDC,1.18074980921625,2.038549622895,3.801540754188,7.553082010086,15.37649527104,23.884183779372,30.18187375956,35.48962498284001,42.697225717488,48.055000743432,C5,C5: limit warming to 2.5°C (>50%)
POLES ADVANCE,ADVANCE_NoPolicy,1.18074980921625,1.961827465392,3.1045162873635,5.273228660337,8.971354753236001,13.57564917708,15.708368797524,17.640269477064,19.927735946928,21.5981269632,C7,C7: limit warming to 4°C (>50%)
POLES ADVANCE,ADVANCE_Reference,1.18074980921625,2.0298817379565,3.233390455539,5.454660812247,9.284618330532,14.014960638912,16.400292721416,18.442812508812,20.88295725582,22.565948739768,C7,C7: limit warming to 4°C (>50%)
POLES CD-LINKS,CD-LINKS_INDC2030i_1600,1.368436574935909,1.743816614151,3.51445341110229,7.3468337059021,15.6038808822632,32.21589660644531,43.6723518371582,54.8507499694824,68.0415115356445,83.2319259643555,failed-vetting,failed-vetting
POLES CD-LINKS,CD-LINKS_INDC2030i_400,1.368436574935909,1.76017665863037,3.525471687316891,12.5385932922363,24.8610992431641,34.516845703125,36.9155235290527,43.2999992370605,56.5340042114258,79.82896423339841,failed-vetting,failed-vetting
POLES CD-LINKS,CD-LINKS_INDCi,1.368436574935909,1.72050404548645,3.42319488525391,5.380539417266848,8.475804328918459,11.9078178405762,13.7218599319458,16.5140819549561,19.7848930358887,22.1299934387207,failed-vetting,failed-vetting
POLES CD-LINKS,CD-LINKS_NDC2030i_1000,1.368436574935909,1.743816614151,3.51445341110229,10.2046871185303,22.4527778625488,33.5461311340332,42.50844955444339,52.8408203125,67.97335815429689,85.3738555908203,failed-vetting,failed-vetting
POLES CD-LINKS,CD-LINKS_NPi,1.368436574935909,1.72333407402039,2.960349798202509,4.55263233184814,6.62191343307495,9.52055835723877,11.6561641693115,13.9945459365845,16.8735332489014,19.8797607421875,failed-vetting,failed-vetting
POLES CD-LINKS,CD-LINKS_NPi2020_1000,1.368436574935909,1.725403428077699,4.05413818359375,9.87285423278809,22.3098430633545,32.7138175964355,41.92593002319339,51.6356620788574,66.9645538330078,84.4523239135742,failed-vetting,failed-vetting
POLES CD-LINKS,CD-LINKS_NPi2020_1600,1.368436574935909,1.725403428077699,3.62260794639587,6.93846559524536,15.4803857803345,32.0634765625,42.79805755615229,53.68923568725589,66.73500823974611,81.657341003418,failed-vetting,failed-vetting
POLES CD-LINKS,CD-LINKS_NPi2020_400,1.368436574935909,1.725403428077699,5.36880350112915,12.539698600769,25.5622711181641,31.271017074585,39.2358894348145,50.5101165771484,71.85902404785159,89.113037109375,failed-vetting,failed-vetting
POLES CD-LINKS,CD-LINKS_NoPolicy,1.368436574935909,1.33786535263062,2.14420342445374,3.82377505302429,6.226941585540769,8.832985877990719,10.2415571212769,12.1755638122559,15.1384305953979,18.3053092956543,C7,C7: limit warming to 4°C (>50%)
POLES EMF30,EMF30_BCOC-EndU,1.1215350149715,1.871113864882499,3.4021863583335,5.333028672402,8.58216701205,12.251266031016,15.867738878976,19.187811784548,21.991283518644,24.47656418865601,C7,C7: limit warming to 4°C (>50%)
POLES EMF30,EMF30_Baseline,1.1215350149715,1.853453249043749,3.045188185227,4.737058417062,7.555903117794,10.970689268682,14.208513472152,17.217360767196,19.869304631184,22.227372607032,C7,C7: limit warming to 4°C (>50%)
POLES EMF30,EMF30_CH4-Only,1.1215350149715,1.8531839880855,3.039197157036,4.730026351518,7.541362801008002,10.953494374158,14.186415395214,17.194655080908,19.851663256308,22.215114200916,failed-vetting,failed-vetting
POLES EMF30,EMF30_ClimPolicy,1.1215350149715,2.0832892495785,4.437787858056,13.897921575672,31.955455746864,48.064524457392,53.208046524744,55.13172512457599,53.515451847744,54.688485355776,failed-vetting,failed-vetting
POLES EMF30,EMF30_ClimPolicy+SLCF,1.1215350149715,2.109222241677,4.772468989818,13.200572375406,30.745094321016,48.417150318624,54.528040480896,57.135572152128,55.2751677396,57.10852048370401,failed-vetting,failed-vetting
POLES EMF30,EMF30_D_BCOC-Red,1.1215350149715,1.853453249043749,3.045188185227,4.737058417062,7.555903117794,10.970689268682,14.208513472152,17.217360767196,19.869304631184,22.227372607032,C7,C7: limit warming to 4°C (>50%)
POLES EMF30,EMF30_D_CH4-ClimPolicy,1.1215350149715,1.8531839880855,3.039197157036,4.729898078433,7.541148562452,10.953098302878,14.18568896448,17.194926929832,19.848717926244,22.21729439328,failed-vetting,failed-vetting
POLES EMF30,EMF30_D_CO2-Only,1.1215350149715,2.083624334883,4.438755982287,13.893011191962,32.055906624768,47.98247649141599,53.102443119552,54.984998718576,53.452433306448,54.56942272836,C4,C4: limit warming to 2°C (>50%)
POLES EMF30,EMF30_D_Frozen-CH4,1.1215350149715,1.85346135050175,3.0451731075135,4.736882885472,7.555708682802,10.970096962086,14.207772638826,17.216370588996,19.868469280848,22.226805504972,C7,C7: limit warming to 4°C (>50%)
POLES EMF30,EMF30_D_Frozen-EF,1.1215350149715,1.85346135050175,3.0451731075135,4.736882885472,7.555708682802,10.970096962086,14.207772638826,17.216370588996,19.868469280848,22.226805504972,C7,C7: limit warming to 4°C (>50%)
POLES EMF30,EMF30_D_Frozen-EF-EndU,1.1215350149715,1.853453249043749,3.045188185227,4.737058417062,7.555903117794,10.970689268682,14.208513472152,17.217360767196,19.869304631184,22.227372607032,C7,C7: limit warming to 4°C (>50%)
POLES EMF30,EMF30_D_Frozen-EF-SLCF,1.1215350149715,1.85346135050175,3.0451731075135,4.736882885472,7.555708682802,10.970096962086,14.207772638826,17.216370588996,19.868469280848,22.226805504972,C7,C7: limit warming to 4°C (>50%)
POLES EMF30,EMF30_SLCF,1.1215350149715,1.8707988081825,3.396547068444,5.323782658419,8.562490370892,12.226613294322,15.844077220644,19.17801442134,22.010291339436,24.4875119589,failed-vetting,failed-vetting
POLES EMF30,EMF30_Slower-Action,1.1215350149715,1.941036873759,3.3659390849985,5.778371219634,10.04352150852,14.406266461284,18.745070705496,23.185922715,26.885982805956,27.946703101248,failed-vetting,failed-vetting
POLES EMF30,EMF30_Slower-Action+SLCF,1.1215350149715,1.9671886052235,3.791084472396,6.675819681285,11.873737188054,16.591564544148,21.271938859908,25.697281078152,28.97430643656001,30.385868472,failed-vetting,failed-vetting
POLES EMF30,EMF30_Slower-to-faster,1.1215350149715,1.941036873759,3.3659390849985,12.545776533366,29.198488182012,47.13306202432801,51.401417790096,53.544019388976,52.200570811752,53.562659943672,C2,C2: return warming to 1.5°C (>50%) after a high overshoot
POLES EMF30,EMF30_Slower-to-faster+SLCF,1.1215350149715,1.9671886052235,3.791086722801,12.519604323216,30.854107539864,48.201201454824,53.16989405853599,55.326109707504,54.314684083656,55.809021415968,failed-vetting,failed-vetting
POLES EMF30,EMF30_Slower-to-faster+SLCF+HFC,1.1215350149715,1.9671886052235,3.791086722801,12.519604323216,30.854107539864,48.201201454824,53.16989405853599,55.326109707504,54.314684083656,55.809021415968,failed-vetting,failed-vetting
POLES EMF33,EMF33_1.5C_cost100,1.35324013233185,2.0593786239624,7.450791835784909,17.2238388061523,28.6298980712891,36.0016937255859,40.706111907959,45.8981437683105,45.8849945068359,48.4428558349609,failed-vetting,failed-vetting
POLES EMF33,EMF33_1.5C_full,1.35324013233185,2.05923581123352,6.634578704833982,15.2041168212891,26.9113731384277,39.833194732666,44.1796875,52.1065444946289,53.45972061157229,54.6505317687988,failed-vetting,failed-vetting
POLES EMF33,EMF33_1.5C_limbio,1.35324013233185,2.09414410591125,7.16843032836914,12.842113494873,20.2543144226074,24.8874912261963,26.3453521728516,31.78476524353031,30.4824981689453,33.92863464355469,failed-vetting,failed-vetting
POLES EMF33,EMF33_1.5C_nofuel,1.35324013233185,2.059814453125,8.01209259033203,18.0233001708984,30.051197052002,40.6626853942871,44.1246452331543,49.8965873718262,51.1635894775391,53.8430404663086,failed-vetting,failed-vetting
POLES EMF33,EMF33_Baseline,1.35324013233185,2.05923509597778,2.801188468933109,3.94021821022034,6.14899015426636,9.052652359008787,10.8150444030762,12.4582195281982,13.5938549041748,14.4547624588013,C7,C7: limit warming to 4°C (>50%)
POLES EMF33,EMF33_Med2C_cost100,1.35324013233185,2.05937910079956,3.64961361885071,8.018764495849611,22.0525722503662,37.3552932739258,44.3865051269531,46.9547309875488,44.6242446899414,44.56677627563479,C3,C3: limit warming to 2°C (>67%)
POLES EMF33,EMF33_Med2C_full,1.35324013233185,2.05923509597778,3.59224581718445,9.202714920043949,23.0504150390625,40.1188354492188,47.71752548217771,51.6491584777832,50.1780662536621,51.08691024780271,C3,C3: limit warming to 2°C (>67%)
POLES EMF33,EMF33_Med2C_limbio,1.35324013233185,2.05924272537231,3.42810082435608,8.76142311096191,19.5228252410889,28.5529308319092,35.8678779602051,39.23679733276371,40.0797729492188,39.61570358276371,C3,C3: limit warming to 2°C (>67%)
POLES EMF33,EMF33_Med2C_nobeccs,1.35324013233185,2.05923581123352,4.00360012054443,7.220342636108401,13.8504371643066,17.7535362243652,21.4349689483643,25.1527099609375,27.9984664916992,31.4838218688965,C3,C3: limit warming to 2°C (>67%)
POLES EMF33,EMF33_Med2C_nofuel,1.35324013233185,2.05982136726379,3.70107698440552,9.87583065032959,24.7938899993896,42.8212242126465,51.11930084228521,55.3145561218262,53.6286125183105,53.9825248718262,C3,C3: limit warming to 2°C (>67%)
POLES EMF33,EMF33_Med2C_none,1.35324013233185,2.05981469154358,4.09136772155762,8.07377147674561,15.4978313446045,20.2228164672852,24.5333652496338,29.3268527984619,32.8576049804688,36.5508460998535,C3,C3: limit warming to 2°C (>67%)
POLES EMF33,EMF33_WB2C_cost100,1.35324013233185,2.0593786239624,4.17793941497803,11.3611106872559,23.6670532226562,36.026969909668,42.44915008544921,46.4799957275391,45.0267333984375,44.8530578613281,C1,C1: limit warming to 1.5°C (>50%) with no or limited overshoot
POLES EMF33,EMF33_WB2C_full,1.35324013233185,2.05923581123352,4.116450786590581,10.822244644165,23.4749069213867,37.7253837585449,45.90564346313479,51.05228424072271,49.88399505615229,50.384521484375,C1,C1: limit warming to 1.5°C (>50%) with no or limited overshoot
POLES EMF33,EMF33_WB2C_limbio,1.35324013233185,2.05923581123352,3.786300420761109,9.20470333099365,16.3156929016113,21.373233795166,24.8524608612061,27.8567008972168,29.0514488220215,32.3106842041016,failed-vetting,failed-vetting
POLES EMF33,EMF33_WB2C_nobeccs,1.35324013233185,2.05923581123352,5.3156795501709,14.0400333404541,23.3035125732422,25.2140312194824,25.4946517944336,32.1876907348633,34.99592590332031,39.2623634338379,failed-vetting,failed-vetting
POLES EMF33,EMF33_WB2C_nofuel,1.35324013233185,2.05981469154358,4.323078632354741,11.5781049728394,24.8428649902344,40.5003089904785,48.3074645996094,53.957649230957,52.8979721069336,52.1189384460449,C1,C1: limit warming to 1.5°C (>50%) with no or limited overshoot
POLES EMF33,EMF33_WB2C_none,1.35324013233185,2.05981469154358,5.45023965835571,14.5679054260254,24.6247425079346,26.2560558319092,28.0716094970703,34.3946189880371,37.6973648071289,40.94192123413089,failed-vetting,failed-vetting
POLES EMF33,EMF33_tax_hi_full,1.35324013233185,2.017889738082889,3.224044561386109,4.99908685684204,11.9338788986206,35.1827621459961,47.0322761535645,54.604907989502,51.7079086303711,50.9757614135742,C4,C4: limit warming to 2°C (>50%)
POLES EMF33,EMF33_tax_hi_none,1.35324013233185,2.01840972900391,3.33398222923279,5.39441728591919,9.07665634155273,13.485746383667,16.406665802002,20.1084003448486,23.89239311218261,28.41071891784669,C4,C4: limit warming to 2°C (>50%)
POLES EMF33,EMF33_tax_lo_full,1.35324013233185,2.017889738082889,3.06865859031677,4.397876739501951,7.011958122253421,10.7408876419067,14.7304067611694,21.0971355438232,29.9486083984375,41.0924949645996,C5,C5: limit warming to 2.5°C (>50%)
POLES EMF33,EMF33_tax_lo_none,1.35324013233185,2.01840972900391,3.19141435623169,4.972363471984862,8.10855960845947,12.06667137146,14.8903360366821,17.5204811096191,19.58420753479,21.8729610443115,C5,C5: limit warming to 2.5°C (>50%)
POLES ENGAGE,EN_INDCi2030_1000,1.337679028511047,2.391642808914185,3.562290668487549,8.575772285461426,13.83054065704346,23.05594253540039,25.91330146789551,23.77379608154297,18.30066680908203,15.48591899871826,C4,C4: limit warming to 2°C (>50%)
POLES ENGAGE,EN_INDCi2030_1000_COV,1.337679028511047,2.118047952651977,3.112945795059204,7.836276054382324,12.9580249786377,20.46530342102051,24.77753639221192,24.63833045959473,20.04672622680664,18.1020336151123,C4,C4: limit warming to 2°C (>50%)
POLES ENGAGE,EN_INDCi2030_1000_COV_NDCp,1.337679028511047,2.118057250976562,4.290106296539307,7.971519947052002,12.26328659057617,19.90546989440918,24.44381904602051,24.72604370117188,20.46203804016113,17.89264678955078,C4,C4: limit warming to 2°C (>50%)
POLES ENGAGE,EN_INDCi2030_1000_NDCp,1.337679028511047,2.325688600540161,4.089230060577393,7.676660060882568,12.45395851135254,20.76054763793945,24.88616752624512,25.38511848449707,21.19438743591309,16.36184883117676,C4,C4: limit warming to 2°C (>50%)
POLES ENGAGE,EN_INDCi2030_1000f,1.337679028511047,2.391642808914185,3.562290668487549,7.360833168029785,13.12192440032959,21.42956733703613,27.1979923248291,28.45518112182617,28.89946937561035,25.32740783691406,C4,C4: limit warming to 2°C (>50%)
POLES ENGAGE,EN_INDCi2030_1000f_COV,1.337679028511047,2.118047952651977,3.112945795059204,6.468809604644775,11.34226322174072,18.19746971130371,25.80685806274414,27.78909873962402,30.09933471679688,29.41539764404297,C4,C4: limit warming to 2°C (>50%)
POLES ENGAGE,EN_INDCi2030_1000f_COV_NDCp,1.337679028511047,2.118057250976562,4.290103912353516,6.302040100097656,10.17952156066894,17.55764389038086,25.18952560424805,27.5244026184082,29.87765693664551,30.02656555175781,C4,C4: limit warming to 2°C (>50%)
POLES ENGAGE,EN_INDCi2030_1000f_NDCp,1.337679028511047,2.325688600540161,4.089229106903076,5.926072120666504,10.72398662567139,18.74176597595215,25.09711647033692,29.25066947937012,31.85386657714844,30.49526405334473,C4,C4: limit warming to 2°C (>50%)
POLES ENGAGE,EN_INDCi2030_1200,1.337679028511047,2.391642808914185,3.562290668487549,6.699752807617188,12.12216663360596,19.14531898498535,25.10621643066406,25.13079071044922,22.82661437988281,21.71133804321289,C4,C4: limit warming to 2°C (>50%)
POLES ENGAGE,EN_INDCi2030_1200f,1.337679028511047,2.391642808914185,3.562290668487549,5.955662250518799,9.30612564086914,15.15655994415283,24.21170234680176,28.03168296813965,31.94435501098633,30.89838790893555,C4,C4: limit warming to 2°C (>50%)
POLES ENGAGE,EN_INDCi2030_1400,1.337679028511047,2.391642808914185,3.562290668487549,5.372683048248291,7.279458522796631,8.818269729614258,11.55868911743164,15.4071569442749,20.99336242675781,19.80502891540528,C5,C5: limit warming to 2.5°C (>50%)
POLES ENGAGE,EN_INDCi2030_1400f,1.337679028511047,2.391642808914185,3.562290668487549,5.315061569213867,7.138806819915772,8.436540603637695,10.98360919952393,14.77908325195312,21.75226593017578,26.25687026977539,C5,C5: limit warming to 2.5°C (>50%)
POLES ENGAGE,EN_INDCi2030_1600,1.337679028511047,2.391642808914185,3.562290668487549,4.825997829437256,6.03126049041748,6.761473655700684,7.571011066436768,10.11501502990723,12.97785091400146,15.68326663970947,C5,C5: limit warming to 2.5°C (>50%)
POLES ENGAGE,EN_INDCi2030_1600f,1.337679028511047,2.391642808914185,3.562290668487549,4.825997829437256,6.03126049041748,6.761473655700684,7.571011066436768,10.11501502990723,12.97785091400146,15.68326663970947,C5,C5: limit warming to 2.5°C (>50%)
POLES ENGAGE,EN_INDCi2030_1800,1.337679028511047,2.391642808914185,3.562290668487549,4.362041473388672,5.183351039886475,5.76237154006958,6.533681869506836,8.90859603881836,10.27121067047119,11.82627010345459,C5,C5: limit warming to 2.5°C (>50%)
POLES ENGAGE,EN_INDCi2030_1800f,1.337679028511047,2.391642808914185,3.562290668487549,4.362041473388672,5.183351039886475,5.76237154006958,6.533681869506836,8.90859603881836,10.27121067047119,11.82627010345459,C5,C5: limit warming to 2.5°C (>50%)
POLES ENGAGE,EN_INDCi2030_2000,1.337679028511047,2.391642808914185,3.562290668487549,4.124240875244141,4.889716625213623,5.163181304931641,5.727842330932617,7.798596382141113,9.971200942993164,10.91340351104736,C5,C5: limit warming to 2.5°C (>50%)
POLES ENGAGE,EN_INDCi2030_2000f,1.337679028511047,2.391642808914185,3.562290668487549,4.124240875244141,4.889716625213623,5.163181304931641,5.727842330932617,7.798596382141113,9.971200942993164,10.91340351104736,C5,C5: limit warming to 2.5°C (>50%)
POLES ENGAGE,EN_INDCi2030_2500,1.337679028511047,2.391642808914185,3.562290668487549,3.502037286758423,3.806257724761963,4.110329627990723,3.786198616027832,4.84392261505127,6.210241794586182,6.762197017669678,C6,C6: limit warming to 3°C (>50%)
POLES ENGAGE,EN_INDCi2030_2500f,1.337679028511047,2.391642808914185,3.562290668487549,3.502037286758423,3.806257724761963,4.110329627990723,3.786198616027832,4.84392261505127,6.210241794586182,6.762197017669678,C6,C6: limit warming to 3°C (>50%)
POLES ENGAGE,EN_INDCi2030_3000,1.337679028511047,2.391642808914185,3.562290668487549,3.172686100006104,3.170946359634399,3.202327728271484,3.019088268280029,3.427402973175049,3.512317895889282,4.772669315338135,C6,C6: limit warming to 3°C (>50%)
POLES ENGAGE,EN_INDCi2030_3000f,1.337679028511047,2.391642808914185,3.562290668487549,3.172686100006104,3.170946359634399,3.202327728271484,3.019088268280029,3.427402973175049,3.512317895889282,4.772669315338135,C6,C6: limit warming to 3°C (>50%)
POLES ENGAGE,EN_INDCi2030_300f,1.337679028511047,2.391642808914185,3.562290668487549,7.204793453216553,14.27700328826904,25.22129440307617,34.28064727783203,35.45061492919922,35.33908462524414,36.40746307373047,C2,C2: return warming to 1.5°C (>50%) after a high overshoot
POLES ENGAGE,EN_INDCi2030_400f,1.337679028511047,2.391642808914185,3.562290668487549,7.342655181884766,14.28579521179199,24.66819953918457,32.95914077758789,33.43660354614258,33.47962188720703,33.08138275146484,C2,C2: return warming to 1.5°C (>50%) after a high overshoot
POLES ENGAGE,EN_INDCi2030_500f,1.337679028511047,2.391642808914185,3.562290668487549,7.812804698944092,12.35969161987305,21.75286483764648,27.49191474914551,30.70677375793457,32.03593444824219,31.39802742004395,C3,C3: limit warming to 2°C (>67%)
POLES ENGAGE,EN_INDCi2030_600f,1.337679028511047,2.391642808914185,3.562290668487549,8.38842487335205,13.04168319702148,21.55512619018555,26.29791641235352,29.03566360473633,30.37552070617676,30.36131477355957,C3,C3: limit warming to 2°C (>67%)
POLES ENGAGE,EN_INDCi2030_600f_COV,1.337679028511047,2.118047952651977,3.112945795059204,8.471630096435547,14.54967784881592,22.3424072265625,26.06135940551757,29.10023307800293,28.46550941467285,28.03821563720703,C3,C3: limit warming to 2°C (>67%)
POLES ENGAGE,EN_INDCi2030_600f_COV_NDCp,1.337679028511047,2.118057250976562,4.290103912353516,9.20443058013916,15.45676898956299,23.96596336364746,26.69522666931152,28.29262351989746,28.21037101745605,28.84938430786133,C3,C3: limit warming to 2°C (>67%)
POLES ENGAGE,EN_INDCi2030_600f_NDCp,1.337679028511047,2.325688600540161,4.089230060577393,7.519566059112549,10.97465991973877,18.85161781311035,23.97286987304688,26.32283973693848,29.31724739074707,32.15505218505859,C3,C3: limit warming to 2°C (>67%)
POLES ENGAGE,EN_INDCi2030_700f,1.337679028511047,2.391642808914185,3.562290668487549,8.416342735290527,13.9258975982666,20.90736389160156,24.8123893737793,27.05961418151855,28.23733901977539,29.1597785949707,C3,C3: limit warming to 2°C (>67%)
POLES ENGAGE,EN_INDCi2030_800f,1.337679028511047,2.391642808914185,3.562290668487549,8.500969886779785,14.51341724395752,22.71713256835937,21.87643623352051,25.76750946044922,26.95497703552246,27.02460098266602,C4,C4: limit warming to 2°C (>50%)
POLES ENGAGE,EN_INDCi2030_900,1.337679028511047,2.391642808914185,3.562290668487549,6.568214416503906,13.80520153045654,24.21371841430664,15.20431995391846,9.729925155639648,9.636150360107422,9.86422061920166,C3,C3: limit warming to 2°C (>67%)
POLES ENGAGE,EN_INDCi2030_900f,1.337679028511047,2.391642808914185,3.562290668487549,7.587821483612061,13.59322643280029,22.81211853027344,27.0457763671875,26.58159637451172,23.80195236206055,25.70025444030762,C4,C4: limit warming to 2°C (>50%)
POLES ENGAGE,EN_INDCi2100,1.337679028511047,2.325654745101929,3.025941848754883,3.048476696014404,3.146402597427368,3.041764497756958,2.959638357162476,3.165392160415649,3.541051149368286,4.448312282562256,C7,C7: limit warming to 4°C (>50%)
POLES ENGAGE,EN_INDCi2100_COV,1.337679028511047,2.050813436508179,2.771300792694092,2.866048812866211,2.848334312438965,2.646124601364136,2.704243659973145,2.912446260452271,3.19535756111145,3.680973768234253,C7,C7: limit warming to 4°C (>50%)
POLES ENGAGE,EN_INDCi2100_COV_NDCp,1.337679028511047,2.050824642181396,3.830089092254639,3.835363149642944,3.939422130584717,3.577696800231934,3.764999389648438,4.074090003967285,4.666115760803223,5.191730499267578,C6,C6: limit warming to 3°C (>50%)
POLES ENGAGE,EN_INDCi2100_NDCp,1.337679028511047,2.325688600540161,4.089231491088867,4.026471614837647,4.287717342376709,4.112017154693604,4.265907287597656,4.598413944244385,5.082540512084961,5.737171649932861,C6,C6: limit warming to 3°C (>50%)
POLES ENGAGE,EN_NPi2020_1000,1.337679028511047,2.428839921951294,4.773499488830566,7.247066974639893,12.90715503692627,17.70806503295898,20.27868843078613,18.76270866394043,17.11364364624023,14.84793090820312,C4,C4: limit warming to 2°C (>50%)
POLES ENGAGE,EN_NPi2020_1000_COV,1.337679028511047,2.093291759490967,4.159362316131592,6.665416717529297,11.64012432098389,15.19381427764893,15.46826553344727,13.871750831604,14.142165184021,12.92397689819336,C4,C4: limit warming to 2°C (>50%)
POLES ENGAGE,EN_NPi2020_1000f,1.337679028511047,2.428839921951294,3.908608913421631,5.641290664672852,10.09673118591309,17.7310962677002,25.49054908752441,28.79134750366211,31.64491271972656,30.81780052185058,C4,C4: limit warming to 2°C (>50%)
POLES ENGAGE,EN_NPi2020_1000f_COV,1.337679028511047,2.093291759490967,3.364712238311768,5.201160907745361,7.849208831787109,14.10535430908203,23.2920970916748,27.40831756591797,29.86815643310547,30.64469337463379,C4,C4: limit warming to 2°C (>50%)
POLES ENGAGE,EN_NPi2020_1200,1.337679028511047,2.428839921951294,4.236628532409668,5.484718322753906,8.061293601989746,9.713211059570312,12.32074928283691,12.75442790985107,12.83717060089111,12.88608455657959,C4,C4: limit warming to 2°C (>50%)
POLES ENGAGE,EN_NPi2020_1200f,1.337679028511047,2.428839921951294,3.568707227706909,4.978947639465332,7.57567024230957,10.51865863800049,17.72087860107422,26.03646850585937,30.97420883178711,31.93541526794434,C4,C4: limit warming to 2°C (>50%)
POLES ENGAGE,EN_NPi2020_1400,1.337679028511047,2.428839921951294,3.417824983596802,4.437339782714844,6.531852722167969,7.970576286315918,10.11124801635742,14.54714488983154,14.59030532836914,12.93619346618652,C5,C5: limit warming to 2.5°C (>50%)
POLES ENGAGE,EN_NPi2020_1400f,1.337679028511047,2.428839921951294,3.379374265670776,4.305134773254395,6.260751247406006,7.504127025604248,9.208487510681152,13.22414112091064,18.03072929382324,24.43889999389648,C5,C5: limit warming to 2.5°C (>50%)
POLES ENGAGE,EN_NPi2020_1600,1.337679028511047,2.428839921951294,3.417824983596802,3.920989751815796,5.524672985076904,6.506517887115479,7.557768821716309,9.30325698852539,12.00056743621826,13.19106197357178,C5,C5: limit warming to 2.5°C (>50%)
POLES ENGAGE,EN_NPi2020_1600f,1.337679028511047,2.428839921951294,3.417824983596802,3.920989751815796,5.524671077728272,6.506516933441162,7.557777404785156,9.30353546142578,12.14498615264893,14.08040428161621,C5,C5: limit warming to 2.5°C (>50%)
POLES ENGAGE,EN_NPi2020_1800,1.337679028511047,2.428839921951294,3.417824983596802,3.658002614974976,4.990333557128906,5.776632785797119,6.583706378936768,8.846588134765625,10.56151580810547,10.82268524169922,C5,C5: limit warming to 2.5°C (>50%)
POLES ENGAGE,EN_NPi2020_1800f,1.337679028511047,2.428839921951294,3.417824983596802,3.658002614974976,4.990333557128906,5.776632785797119,6.583706378936768,8.846588134765625,10.56151580810547,10.82268524169922,C5,C5: limit warming to 2.5°C (>50%)
POLES ENGAGE,EN_NPi2020_2000,1.337679028511047,2.428839921951294,3.417824983596802,3.446837902069092,4.564779281616211,5.038441181182861,5.562161445617676,7.463560104370117,9.636390686035156,10.66163730621338,C5,C5: limit warming to 2.5°C (>50%)
POLES ENGAGE,EN_NPi2020_2000f,1.337679028511047,2.428839921951294,3.417824983596802,3.446837902069092,4.564779281616211,5.038441181182861,5.562161445617676,7.463560104370117,9.636390686035156,10.66163730621338,C5,C5: limit warming to 2.5°C (>50%)
POLES ENGAGE,EN_NPi2020_2500,1.337679028511047,2.428839921951294,3.145185470581055,3.137598037719727,3.652016639709473,3.961783170700073,3.738139629364014,4.819536209106445,6.066299915313721,6.375577449798584,C6,C6: limit warming to 3°C (>50%)
POLES ENGAGE,EN_NPi2020_2500f,1.337679028511047,2.428839921951294,3.145185470581055,3.137598037719727,3.652016639709473,3.961783170700073,3.738139629364014,4.819536209106445,6.066299915313721,6.375577449798584,C6,C6: limit warming to 3°C (>50%)
POLES ENGAGE,EN_NPi2020_3000,1.337679028511047,2.428839921951294,3.417824983596802,3.293895721435547,3.271507501602173,3.166811227798462,2.917425155639648,3.411559104919434,3.379469633102417,4.024131774902344,C6,C6: limit warming to 3°C (>50%)
POLES ENGAGE,EN_NPi2020_3000f,1.337679028511047,2.428839921951294,3.417824983596802,3.293895721435547,3.271507501602173,3.166811227798462,2.917425155639648,3.411559104919434,3.379469633102417,4.024131774902344,C6,C6: limit warming to 3°C (>50%)
POLES ENGAGE,EN_NPi2020_300f,1.337679028511047,2.428839921951294,5.546979904174805,10.39346408843994,16.27848243713379,23.41308784484864,25.59741401672364,27.74390029907227,28.44432640075684,28.57534408569336,C2,C2: return warming to 1.5°C (>50%) after a high overshoot
POLES ENGAGE,EN_NPi2020_400f,1.337679028511047,2.428839921951294,5.450478076934815,10.14282321929932,16.62123870849609,21.50856590270996,24.02977561950684,26.81735229492188,27.45026206970215,28.95435333251953,C2,C2: return warming to 1.5°C (>50%) after a high overshoot
POLES ENGAGE,EN_NPi2020_500,1.337679028511047,2.428839921951294,5.270451545715332,10.93477821350098,18.15834999084473,23.90968132019043,22.23747062683105,18.62372016906738,13.24472713470459,15.61538600921631,C3,C3: limit warming to 2°C (>67%)
POLES ENGAGE,EN_NPi2020_500f,1.337679028511047,2.428839921951294,5.206051349639893,9.329699516296388,16.60601425170898,21.9920654296875,23.7806453704834,26.23226356506348,28.06088447570801,28.89438056945801,C3,C3: limit warming to 2°C (>67%)
POLES ENGAGE,EN_NPi2020_600,1.337679028511047,2.428839921951294,5.395304679870605,10.71904945373535,17.64912796020508,22.27647399902344,22.48039817810058,19.05710411071777,15.75412273406982,15.05510902404785,C3,C3: limit warming to 2°C (>67%)
POLES ENGAGE,EN_NPi2020_600f,1.337679028511047,2.428839921951294,5.084766387939453,8.176430702209473,15.4694938659668,22.67054748535156,22.85025787353516,25.74828147888184,26.20155906677246,24.98648452758789,C3,C3: limit warming to 2°C (>67%)
POLES ENGAGE,EN_NPi2020_600f_COV,1.337679028511047,2.093291759490967,4.505778312683105,7.913809776306152,14.73191070556641,22.31121444702148,22.59745407104492,23.88127136230469,24.85718536376953,25.26040840148925,C3,C3: limit warming to 2°C (>67%)
POLES ENGAGE,EN_NPi2020_700,1.337679028511047,2.428839921951294,5.660792350769043,10.63065147399902,17.08332633972168,21.57293510437012,21.95795059204102,20.40668106079102,16.16702842712402,14.5872049331665,C3,C3: limit warming to 2°C (>67%)
POLES ENGAGE,EN_NPi2020_700f,1.337679028511047,2.428839921951294,4.741354465484619,7.487170219421387,14.7593297958374,22.48746109008789,26.4078140258789,27.37534713745117,23.05510330200196,25.9798469543457,C3,C3: limit warming to 2°C (>67%)
POLES ENGAGE,EN_NPi2020_800,1.337679028511047,2.428839921951294,5.262720584869385,9.480435371398926,15.67431259155273,20.57202339172364,21.73475074768066,21.49836158752441,17.45366668701172,15.24027252197266,C3,C3: limit warming to 2°C (>67%)
POLES ENGAGE,EN_NPi2020_800f,1.337679028511047,2.428839921951294,4.421683311462402,6.55838680267334,13.92257308959961,21.80511856079102,27.39053916931152,30.49989891052246,31.51788330078125,24.19356346130371,C4,C4: limit warming to 2°C (>50%)
POLES ENGAGE,EN_NPi2020_900,1.337679028511047,2.428839921951294,5.086151123046875,8.207674980163574,14.03345680236816,19.2126522064209,23.29715919494629,24.07774925231934,19.82669067382812,16.9887638092041,C3,C3: limit warming to 2°C (>67%)
POLES ENGAGE,EN_NPi2020_900f,1.337679028511047,2.428839921951294,4.166571140289307,6.073694705963135,12.0843505859375,19.92390060424805,26.89506721496582,30.10832405090332,32.32044219970703,30.05023193359375,C4,C4: limit warming to 2°C (>50%)
POLES ENGAGE,EN_NPi2100,1.337679028511047,2.311663150787353,2.795281887054444,2.552628040313721,2.531476497650146,2.469824552536011,2.646758556365967,2.74204158782959,3.066489219665528,3.829152822494507,C7,C7: limit warming to 4°C (>50%)
POLES ENGAGE,EN_NPi2100_COV,1.337679028511047,2.039767026901245,2.519839525222778,2.392899513244629,2.316580772399902,2.15108847618103,2.253825902938843,2.512266874313354,2.764076471328736,3.235406398773193,C7,C7: limit warming to 4°C (>50%)
POLES GECO2019,CO_2Deg2020,1.337679028511047,2.352411508560181,4.421859264373779,6.963337898254395,14.24813556671143,22.83702850341797,27.56298065185547,29.39966773986816,26.85077285766602,25.6848258972168,C3,C3: limit warming to 2°C (>67%)
POLES GECO2019,CO_2Deg2030,1.337679028511047,2.306845426559448,3.058495759963989,7.205647945404053,14.09228706359863,20.29500198364257,24.01971817016602,26.87108993530273,27.0821304321289,27.82571029663086,C3,C3: limit warming to 2°C (>67%)
POLES GECO2019,CO_BAU,1.337679028511047,2.269657373428345,2.65332579612732,2.473516464233398,2.450971126556396,2.452052354812622,2.654284000396729,2.726714849472046,3.049714326858521,3.779558658599854,C7,C7: limit warming to 4°C (>50%)
POLES GECO2019,CO_Bridge,1.337679028511047,2.306930780410767,4.251619815826416,5.68982982635498,7.167235851287842,11.60240364074707,6.946642398834229,6.41111421585083,10.65857028961182,11.75244426727295,C2,C2: return warming to 1.5°C (>50%) after a high overshoot
POLES GECO2019,CO_Bridge_notax,1.337679028511047,2.306947231292725,2.689021825790405,8.177342414855957,14.30560398101807,23.38864707946777,26.58372116088867,28.61112594604492,29.57876014709473,32.21568298339844,C4,C4: limit warming to 2°C (>50%)
POLES GECO2019,CO_CurPol,1.337679028511047,2.285595893859864,2.644737005233765,2.504822015762329,2.58404541015625,2.450631141662598,2.58600378036499,2.750381708145142,3.032176494598389,3.770009517669678,C7,C7: limit warming to 4°C (>50%)
POLES GECO2019,CO_GPP,1.337679028511047,2.306930780410767,4.251619815826416,5.118987560272217,5.01813268661499,5.89574146270752,6.052033424377441,7.073996543884277,7.92975902557373,9.175044059753418,C5,C5: limit warming to 2.5°C (>50%)
POLES GECO2019,CO_GPP_notax,1.337679028511047,2.307158946990967,2.697390794754028,2.628962993621826,2.830139875411988,3.117077112197876,3.314777612686157,3.166439056396484,3.390530109405518,4.157777786254883,C7,C7: limit warming to 4°C (>50%)
POLES GECO2019,CO_NDC_2050convergence,1.337679028511047,2.326401233673096,3.137980461120605,3.166746377944946,3.444830179214477,3.541850090026855,3.568853855133057,3.869714975357056,4.332255363464356,5.498853206634521,C6,C6: limit warming to 3°C (>50%)
POLES GECO2019,CO_NDCplus,1.337679028511047,2.326401233673096,3.137980461120605,2.981519937515259,3.070842742919922,3.0893874168396,3.001003980636597,3.610486030578613,4.303150653839111,5.395292282104492,C7,C7: limit warming to 4°C (>50%)
PROMETHEUS 1.0,CO_2Deg2020,1.296397600612387,2.503689072772195,5.23006570033548,8.562083827042173,19.70921856063556,10.125999836666516,12.618474006490132,14.993021706113096,17.0354550704976,18.388380460947275,no-climate-assessment,no-climate-assessment
PROMETHEUS 1.0,CO_2Deg2030,1.296397600612387,2.447650830799653,4.554997977308153,11.73481121866574,19.70921856063556,10.125999836666516,12.618474006490132,14.993021706113096,17.0354550704976,18.388380460947275,no-climate-assessment,no-climate-assessment
PROMETHEUS 1.0,CO_BAU,1.296397600612387,2.485620155038621,4.236435427746565,5.839254324715482,7.772307252256174,10.125999836666516,12.618474006490132,14.993021706113096,17.0354550704976,18.388380460947275,no-climate-assessment,no-climate-assessment
PROMETHEUS 1.0,CO_Bridge,1.296397600612387,2.479164600119929,4.974115222175106,8.859277443627843,19.97580536849636,10.125999836666516,12.618474006490132,14.993021706113096,17.0354550704976,18.388380460947275,no-climate-assessment,no-climate-assessment
PROMETHEUS 1.0,CO_CurPol,1.296397600612387,2.459247234257495,4.28248300247832,6.162145325556266,8.26390352314991,10.125999836666516,12.618474006490132,14.993021706113096,17.0354550704976,18.388380460947275,no-climate-assessment,no-climate-assessment
PROMETHEUS 1.0,CO_GPP,1.296397600612387,2.47917420719858,4.96361180353914,8.10937288978037,12.45843599375579,10.125999836666516,12.618474006490132,14.993021706113096,17.0354550704976,18.388380460947275,no-climate-assessment,no-climate-assessment
PROMETHEUS 1.0,CO_NDCplus,1.296397600612387,2.447650830799653,4.554997977308153,6.955841240257925,9.44825485424037,10.125999836666516,12.618474006490132,14.993021706113096,17.0354550704976,18.388380460947275,no-climate-assessment,no-climate-assessment
REMIND 1.6,EMF30_BCOC-EndU,1.0282335,1.0827825,0.9747449,0.6673587,0.1987658,0.0797104999999999,0.070002199999999,0.063586,0.046511699999999,0.0189773,C7,C7: limit warming to 4°C (>50%)
REMIND 1.6,EMF30_Baseline,1.0282335,1.0854562,0.9845615,0.6781269999999999,0.2087598,0.0867083,0.071248899999999,0.0626811,0.045723599999999,0.0183928,C7,C7: limit warming to 4°C (>50%)
REMIND 1.6,EMF30_CH4-Only,1.0282335,1.0853244,0.9803991,0.6742644999999999,0.2078118,0.096149,0.09153,0.082026,0.0609243,0.0261237,C7,C7: limit warming to 4°C (>50%)
REMIND 1.6,EMF30_ClimPolicy,1.0282335,1.0738296,0.9603639,0.6524561999999999,0.1687553,0.0186057,0.0016022,0.0104807,0.0201612,0.0195236,failed-vetting,failed-vetting
REMIND 1.6,EMF30_ClimPolicy+SLCF,1.0282335,1.0731362,0.9586015,0.6507495,0.1672755,0.0176833,0.001354,0.047851199999999,0.0947151,0.091765199999999,failed-vetting,failed-vetting
REMIND 1.6,EMF30_D_BCOC-Red,1.0282335,1.0854562,0.9845615,0.6781269999999999,0.2087598,0.0867083,0.071248899999999,0.0626811,0.045723599999999,0.0183928,C7,C7: limit warming to 4°C (>50%)
REMIND 1.6,EMF30_D_CH4-ClimPolicy,1.0282335,1.0865646,0.9860412,0.6823602999999999,0.214387,0.0898028,0.07255,0.061846,0.043837,0.0174186,C7,C7: limit warming to 4°C (>50%)
REMIND 1.6,EMF30_D_CO2-Only,1.0282335,1.0737643,0.9608334,0.6529239,0.1691991,0.0189652,0.0291153,0.2454712999999991,0.483101699999999,0.514388,failed-vetting,failed-vetting
REMIND 1.6,EMF30_D_Frozen-CH4,1.0282335,1.086358,0.9869886999999988,0.6854869,0.2170099,0.094922899999999,0.0808134,0.0685335,0.0492249,0.0207954,C8,C8: exceed warming of 4°C (>=50%)
REMIND 1.6,EMF30_D_Frozen-EF,1.0282228,1.085330699999999,0.9843146999999992,0.6778295999999989,0.2085716,0.0867916,0.071463,0.0629325999999999,0.0459103,0.0184458,C8,C8: exceed warming of 4°C (>=50%)
REMIND 1.6,EMF30_D_Frozen-EF-EndU,1.0282276,1.0854593,0.9845898999999992,0.6781656999999991,0.2088045,0.0866682,0.0711202,0.0625477,0.0456059,0.0183298,C7,C7: limit warming to 4°C (>50%)
REMIND 1.6,EMF30_D_Frozen-EF-SLCF,1.0282564,1.0855777,0.9846444999999988,0.6782351,0.2088992,0.0875905999999999,0.0728115,0.0641412,0.0469326,0.019034099999999,C8,C8: exceed warming of 4°C (>=50%)
REMIND 1.6,EMF30_SLCF,1.0282335,1.083650899999999,0.9752915999999988,0.6679006,0.1992667,0.0803805,0.071306899999999,0.0647205,0.0473947,0.0194764,C7,C7: limit warming to 4°C (>50%)
REMIND 1.6,EMF30_Slower-Action,1.0282335,1.0862464,1.407484199999999,1.114879,0.6269021,0.4002975,0.1690109,0.0434623,0.0204536,0.0042312,C7,C7: limit warming to 4°C (>50%)
REMIND 1.6,EMF30_Slower-Action+SLCF,1.0282335,1.0834088,1.3941156,1.083022999999999,0.5783254,0.3374699,0.117461999999999,0.008764,0.0030842,0.0008035999999999,C6,C6: limit warming to 3°C (>50%)
REMIND 1.6,EMF30_Slower-to-faster,1.0282335,1.0862464,1.407484199999999,1.0981595,0.5830485,0.3380769,0.112006199999999,0.0333053,0.0657056999999999,0.0636867,C3,C3: limit warming to 2°C (>67%)
REMIND 1.6,EMF30_Slower-to-faster+SLCF,1.0282335,1.0834088,1.3941156,1.0808621,0.5669472,0.3255887,0.1066009,0.0249469,0.0490463,0.0475407,C3,C3: limit warming to 2°C (>67%)
REMIND 1.6,EMF30_Slower-to-faster+SLCF+HFC,1.0282335,1.0834088,1.3941156,1.0808621,0.5669472,0.3255887,0.1066009,0.016875,0.0329478,0.0319416,C3,C3: limit warming to 2°C (>67%)
REMIND 1.7,ADVANCE_2020_1.5C-2100,1.0281,1.220999999999999,1.531,2.7703,3.9115,4.0524,3.9364,3.223999999999999,1.9257,1.1415,C1,C1: limit warming to 1.5°C (>50%) with no or limited overshoot
REMIND 1.7,ADVANCE_2020_Med2C,1.0281,1.220999999999999,1.194,0.8791,0.3616,0.1282,0.0033,0.0008,0.0008,0.0008,C3,C3: limit warming to 2°C (>67%)
REMIND 1.7,ADVANCE_2020_WB2C,1.0281,1.220999999999999,1.2019,0.887,0.369,0.1462,0.1116,0.3795,0.6316,0.7198,C2,C2: return warming to 1.5°C (>50%) after a high overshoot
REMIND 1.7,ADVANCE_2030_1.5C-2100,1.0281,1.220999999999999,1.2005,3.3526,10.9071,13.913,13.7341,10.7797,5.1827,1.0446,C2,C2: return warming to 1.5°C (>50%) after a high overshoot
REMIND 1.7,ADVANCE_2030_Med2C,1.0281,1.220999999999999,1.2005,0.8916000000000001,0.3736,0.1385,0.0094,0.0019,0.0008,0.0008,C4,C4: limit warming to 2°C (>50%)
REMIND 1.7,ADVANCE_2030_Price1.5C,1.0281,1.220999999999999,1.2005,1.8399,4.2864,5.4817,5.166,4.0476,1.9569,0.3236,C2,C2: return warming to 1.5°C (>50%) after a high overshoot
REMIND 1.7,ADVANCE_2030_WB2C,1.0281,1.220999999999999,1.2005,1.16,1.4857,1.9787,1.9442,1.6778,1.3078,1.2614,C2,C2: return warming to 1.5°C (>50%) after a high overshoot
REMIND 1.7,ADVANCE_INDC,1.0281,1.220999999999999,1.2005,0.9074,0.4216,0.207,0.0744,0.0518,0.0247,0.0058,C6,C6: limit warming to 3°C (>50%)
REMIND 1.7,ADVANCE_NoPolicy,1.0281,1.0859,0.9886,0.6881,0.2173,0.094,0.0773,0.065,0.0469,0.0199,C7,C7: limit warming to 4°C (>50%)
REMIND 1.7,ADVANCE_Reference,1.0281,1.220999999999999,1.2005,0.9079999999999988,0.4284,0.2232,0.0999,0.0751,0.042,0.0144,C7,C7: limit warming to 4°C (>50%)
REMIND 1.7,CEMICS-1.5-CDR12,1.0278,1.1714,1.2215,0.9131,0.401,0.1752,0.023,0.0008,0.0008,0.0008,C1,C1: limit warming to 1.5°C (>50%) with no or limited overshoot
REMIND 1.7,CEMICS-1.5-CDR20,1.0278,1.1714,1.3091,1.2935,0.7899,0.5287000000000001,0.278,0.0662,0.0008,0.0008,C1,C1: limit warming to 1.5°C (>50%) with no or limited overshoot
REMIND 1.7,CEMICS-1.5-CDR8,1.0278,1.1714,1.1753,0.8611000000000001,0.3521,0.136,0.0063,0.0008,0.0008,0.0008,C1,C1: limit warming to 1.5°C (>50%) with no or limited overshoot
REMIND 1.7,CEMICS-2.0-CDR12,1.0278,1.1714,1.2213,1.0645,0.5512,0.3162,0.1344,0.0296,0.0008,0.0008,C2,C2: return warming to 1.5°C (>50%) after a high overshoot
REMIND 1.7,CEMICS-2.0-CDR20,1.0278,1.1714,1.2014,1.0261,0.5219,0.2919,0.1224,0.0343,0.0008,0.0008,C2,C2: return warming to 1.5°C (>50%) after a high overshoot
REMIND 1.7,CEMICS-2.0-CDR8,1.0278,1.1714,1.1807,0.8802000000000001,0.3709,0.1531,0.0186,0.0008,0.0008,0.0008,C1,C1: limit warming to 1.5°C (>50%) with no or limited overshoot
REMIND 1.7,CEMICS-Ref,1.0278,1.0861,0.9916,0.7022,0.2383,0.1099,0.0878,0.0684,0.0441,0.0185,C7,C7: limit warming to 4°C (>50%)
REMIND 2.1,CEMICS_GDPgrowth_1p5,1.1739,1.9874,2.8404,4.9319,8.3803,10.0083,9.8026,8.5429,6.6301,5.3279,C1,C1: limit warming to 1.5°C (>50%) with no or limited overshoot
REMIND 2.1,CEMICS_GDPgrowth_2C,1.1739,1.9874,2.4519,2.169,1.4545,0.7397,0.2213,0.0261,0.0034,0.0008,C3,C3: limit warming to 2°C (>67%)
REMIND 2.1,CEMICS_HotellingConst_1p5,1.1739,1.9874,2.8247,6.4684,14.0842,17.8549,16.6014,13.3852,8.4791,4.9617,C1,C1: limit warming to 1.5°C (>50%) with no or limited overshoot
REMIND 2.1,CEMICS_HotellingConst_2C,1.1739,1.9874,2.3379,2.1458,2.069,2.7211,3.6912,4.2624,4.1193,3.7379,C3,C3: limit warming to 2°C (>67%)
REMIND 2.1,CEMICS_Linear_1p5,1.1739,1.9874,2.8745,5.9666,11.1022,14.0533,13.9078,11.8169,8.7758,6.4328,C1,C1: limit warming to 1.5°C (>50%) with no or limited overshoot
REMIND 2.1,CEMICS_Linear_2C,1.1739,1.9874,2.3043,2.0408,1.5039,1.0411,0.8011,0.9079,1.3126,2.1411,C3,C3: limit warming to 2°C (>67%)
REMIND 2.1,CEMICS_NPI,1.1739,1.9874,2.8474,2.7022,1.9987,1.2918,0.7104,0.3846,0.324,0.2252,C7,C7: limit warming to 4°C (>50%)
REMIND 2.1,CEMICS_opt_1p5,1.1739,1.9874,3.1669,7.984,13.7395,13.5742,11.4293,7.4018,2.8703,1.5318,C1,C1: limit warming to 1.5°C (>50%) with no or limited overshoot
REMIND 2.1,CEMICS_opt_2C,1.1739,1.9874,2.334,2.1056,1.9119,2.3382,2.6444,2.5088,2.0415,1.2613,C3,C3: limit warming to 2°C (>67%)
REMIND 2.1,LeastTotalCost_Base_brkLR15_SSP1_P50,1.1779,1.9312,2.1816,1.8271,1.1147,0.472,0.0996,0.0005,0.0005,0.0005,C6,C6: limit warming to 3°C (>50%)
REMIND 2.1,LeastTotalCost_Base_brkLR15_SSP2_P50,1.1738,1.9344,2.2686,2.0268,1.3672,0.7929,0.4711,0.3104,0.2384,0.1491,C7,C7: limit warming to 4°C (>50%)
REMIND 2.1,LeastTotalCost_Base_brkLR15_SSP5_P50,1.1905,2.0324,2.3672,2.1855,1.9186,1.7773,2.0917,2.571,2.548,2.1082,C8,C8: exceed warming of 4°C (>=50%)
REMIND 2.1,LeastTotalCost_Base_brkSR15_SSP1_P50,1.1775,1.9353,2.2206,1.8817,1.1662,0.5139,0.1209,0.0005,0.0005,0.0005,C6,C6: limit warming to 3°C (>50%)
REMIND 2.1,LeastTotalCost_Base_brkSR15_SSP2_P50,1.171,1.9359,2.2676,2.0204,1.3554,0.7767,0.4603,0.3081,0.2411,0.1746,C7,C7: limit warming to 4°C (>50%)
REMIND 2.1,LeastTotalCost_Base_brkSR15_SSP5_P50,1.19,2.0007,2.3468,2.1517,1.7945,1.5376,1.9078,2.5633,2.6069,2.1467,C8,C8: exceed warming of 4°C (>=50%)
REMIND 2.1,LeastTotalCost_CBA_brkLR15_SSP2_P50,1.1733,1.992,2.9531,2.7774,2.1496,1.4542,0.8289,0.7234,1.345,2.7666,C3,C3: limit warming to 2°C (>67%)
REMIND 2.1,LeastTotalCost_CBA_brkSR15_SSP2_P50,1.1733,1.992,2.8376,2.6043,1.8416,1.0445,0.3395,0.0086,0.0008,0.0008,C3,C3: limit warming to 2°C (>67%)
REMIND 2.1,LeastTotalCost_CEA_brkLR15_SSP2_P50,1.1733,1.992,2.7888,2.4838,1.7353,0.9567,0.2866,0.0159,0.0069,0.0013,C3,C3: limit warming to 2°C (>67%)
REMIND 2.1,LeastTotalCost_CEA_brkSR15_SSP2_P50,1.1733,1.992,2.7964,2.4955,1.7474,0.9674,0.2929,0.017,0.0073,0.0013,C3,C3: limit warming to 2°C (>67%)
REMIND 2.1,LeastTotalCost_LTC_brkLR15_SSP1_P50,1.1733,1.992,2.9442,2.691,1.9524,1.217,0.7329,1.2173,3.363,7.0787,C1,C1: limit warming to 1.5°C (>50%) with no or limited overshoot
REMIND 2.1,LeastTotalCost_LTC_brkLR15_SSP2_P50,1.1733,1.992,2.9531,2.7714,2.1393,1.4489,0.8342,0.7448,1.3729,2.7847,C3,C3: limit warming to 2°C (>67%)
REMIND 2.1,LeastTotalCost_LTC_brkLR15_SSP5_P50,1.1733,1.992,3.521,6.7638,13.538,18.2633,19.1654,17.7138,14.9435,13.2708,C3,C3: limit warming to 2°C (>67%)
REMIND 2.1,LeastTotalCost_LTC_brkSR15_SSP1_P50,1.1733,1.992,2.9169,2.7051,1.9375,1.1235,0.3784,0.017,0.0847,0.3334,C2,C2: return warming to 1.5°C (>50%) after a high overshoot
REMIND 2.1,LeastTotalCost_LTC_brkSR15_SSP2_P50,1.1733,1.992,2.855,2.5688,1.8109,1.0155,0.3116,0.0104,0.004,0.0013,C3,C3: limit warming to 2°C (>67%)
REMIND 2.1,LeastTotalCost_LTC_brkSR15_SSP5_P50,1.1733,1.992,3.4082,6.2435,12.555,16.8954,16.7529,13.4105,8.3474,4.2985,C3,C3: limit warming to 2°C (>67%)
REMIND 2.1,LeastTotalCost_NDC_brkLR15_SSP2_P50,1.1738,2.0019,2.8578,2.6707,1.9174,1.1119,0.3889,0.0158,0.0026,0.0008,C5,C5: limit warming to 2.5°C (>50%)
REMIND 2.1,LeastTotalCost_NDC_brkSR15_SSP2_P50,1.171,1.9996,2.8616,2.6887,1.9498,1.1436,0.4146,0.0268,0.0054,0.0008,C5,C5: limit warming to 2.5°C (>50%)
REMIND 2.1,LeastTotalCost_NPi_brkLR15_SSP1_P50,1.1738,2.0019,2.8264,2.6141,1.8515,1.0542,0.3518,0.0007,0.0008,0.0008,C5,C5: limit warming to 2.5°C (>50%)
REMIND 2.1,LeastTotalCost_NPi_brkLR15_SSP2_P50,1.1738,2.0019,2.8551,2.6904,1.9885,1.282,0.7018,0.3917,0.3293,0.2267,C7,C7: limit warming to 4°C (>50%)
REMIND 2.1,LeastTotalCost_NPi_brkLR15_SSP5_P50,1.1738,2.0019,3.1287,3.3353,3.1128,2.4855,1.7187,1.0627,0.7023,0.4116,C8,C8: exceed warming of 4°C (>=50%)
REMIND 2.1,LeastTotalCost_NPi_brkSR15_SSP1_P50,1.171,1.9996,2.8535,2.6633,1.8998,1.0968,0.377,0.0018,0.0008,0.0008,C5,C5: limit warming to 2.5°C (>50%)
REMIND 2.1,LeastTotalCost_NPi_brkSR15_SSP2_P50,1.171,1.9996,2.859,2.6956,1.9899,1.2789,0.7013,0.3992,0.3447,0.2442,C7,C7: limit warming to 4°C (>50%)
REMIND 2.1,LeastTotalCost_NPi_brkSR15_SSP5_P50,1.171,1.9996,3.1567,3.4564,3.3603,2.7077,1.908,1.1852,0.7829,0.5732,C8,C8: exceed warming of 4°C (>=50%)
REMIND 2.1,R2p1_SSP1-Base,1.201,1.9827,2.3827,2.6441,3.6156,5.5413,7.5165,8.5798,8.077,7.5446,C6,C6: limit warming to 3°C (>50%)
REMIND 2.1,R2p1_SSP1-NDC,1.1846,2.0886,2.9155,2.968,3.6018,5.4745,7.3999,8.4008,8.0724,7.7695,C5,C5: limit warming to 2.5°C (>50%)
REMIND 2.1,R2p1_SSP1-NPi,1.1846,2.0886,2.8809,2.9695,3.5836,5.3002,7.2134,8.3058,7.9584,7.4745,C5,C5: limit warming to 2.5°C (>50%)
REMIND 2.1,R2p1_SSP1-PkBudg1100,1.1846,2.0886,2.9251,3.2743,4.79,7.2147,8.7517,9.5113,9.2897,8.7157,C2,C2: return warming to 1.5°C (>50%) after a high overshoot
REMIND 2.1,R2p1_SSP1-PkBudg1300,1.1846,2.0886,2.8821,2.9155,3.8545,6.31,8.1123,8.9364,8.7789,8.2386,C2,C2: return warming to 1.5°C (>50%) after a high overshoot
REMIND 2.1,R2p1_SSP1-PkBudg900,1.1846,2.0886,3.1406,4.4816,7.4669,9.5783,10.3004,10.6915,11.0763,12.0419,C1,C1: limit warming to 1.5°C (>50%) with no or limited overshoot
REMIND 2.1,R2p1_SSP2-Base,1.1846,1.9778,2.3121,2.188,1.8205,1.6703,2.3123,3.6487,4.9097,6.1567,C7,C7: limit warming to 4°C (>50%)
REMIND 2.1,R2p1_SSP2-NDC,1.1846,2.0886,2.8609,2.7547,2.5088,2.9107,4.1178,5.6413,6.6935,7.4265,C5,C5: limit warming to 2.5°C (>50%)
REMIND 2.1,R2p1_SSP2-NPi,1.1846,2.0886,2.8422,2.7086,2.2104,1.9618,2.3423,3.375,4.3266,5.3753,C7,C7: limit warming to 4°C (>50%)
REMIND 2.1,R2p1_SSP2-PkBudg1100,1.1846,2.0886,2.879,3.4325,4.8044,6.5056,7.6259,8.3771,8.9563,9.81,C3,C3: limit warming to 2°C (>67%)
REMIND 2.1,R2p1_SSP2-PkBudg1300,1.1846,2.0886,2.7871,2.9034,3.5614,5.0756,6.4021,7.4483,8.221,9.0502,C3,C3: limit warming to 2°C (>67%)
REMIND 2.1,R2p1_SSP2-PkBudg900,1.1846,2.0886,3.1924,5.4466,8.1982,9.5893,9.7928,9.4357,9.4261,10.1255,C1,C1: limit warming to 1.5°C (>50%) with no or limited overshoot
REMIND 2.1,R2p1_SSP5-Base,1.2069,2.098,2.4824,2.2603,1.8745,1.9062,2.9578,4.5901,5.7559,7.257,C8,C8: exceed warming of 4°C (>=50%)
REMIND 2.1,R2p1_SSP5-NDC,1.1846,2.0886,3.6373,4.4967,4.7626,4.8682,5.4322,6.2206,6.9821,7.8205,C7,C7: limit warming to 4°C (>50%)
REMIND 2.1,R2p1_SSP5-NPi,1.1846,2.0886,3.2462,3.4329,3.0957,2.9363,3.7161,4.8082,5.5532,6.7605,C8,C8: exceed warming of 4°C (>=50%)
REMIND 2.1,R2p1_SSP5-PkBudg1100,1.1846,2.0886,3.7298,8.157,14.1057,16.5464,16.16,13.9453,11.5666,11.1528,C2,C2: return warming to 1.5°C (>50%) after a high overshoot
REMIND 2.1,R2p1_SSP5-PkBudg1300,1.1846,2.0886,3.4922,6.2186,10.5511,13.0796,13.4802,12.5002,11.2268,11.1277,C3,C3: limit warming to 2°C (>67%)
REMIND 2.1,R2p1_SSP5-PkBudg900,1.1846,2.0886,4.4224,11.6652,18.9299,21.5763,20.8614,17.5906,14.3292,13.4921,C1,C1: limit warming to 1.5°C (>50%) with no or limited overshoot
REMIND 2.1,TechCost-SSP2-B1100-bioH,1.1731,2.0499,3.1645,3.3388,2.8093,1.9355,0.9846,0.3083,0.0648,0.013,C3,C3: limit warming to 2°C (>67%)
REMIND 2.1,TechCost-SSP2-B1100-ccsH,1.1731,2.0066,2.8088,3.2539,3.3738,2.7701,1.8953,1.0641,0.3511,0.0293,C3,C3: limit warming to 2°C (>67%)
REMIND 2.1,TechCost-SSP2-B1100-coalH,1.1731,2.0035,2.8332,2.9091,2.4208,1.6285,0.8458,0.3197,0.0661,0.0089,C3,C3: limit warming to 2°C (>67%)
REMIND 2.1,TechCost-SSP2-B1100-elh2H,1.1731,2.01,2.8177,2.8195,2.31,1.5281,0.7711,0.2888,0.0682,0.0019,C3,C3: limit warming to 2°C (>67%)
REMIND 2.1,TechCost-SSP2-B1100-gasH,1.1731,2.0327,2.959,3.0456,2.5103,1.6767,0.8391000000000001,0.2802,0.0531,0.001,C3,C3: limit warming to 2°C (>67%)
REMIND 2.1,TechCost-SSP2-B1100-nucH,1.1731,2.008,2.7678,2.7164,2.1107,1.3224,0.6028,0.1887,0.032,0.0011,C3,C3: limit warming to 2°C (>67%)
REMIND 2.1,TechCost-SSP2-B1100-oilH,1.1731,1.9932,2.9069,3.8264,4.4417,3.8626,2.8401,1.6322,0.5278,0.1275,C3,C3: limit warming to 2°C (>67%)
REMIND 2.1,TechCost-SSP2-B1100-spvH,1.1731,2.0165,2.7743,2.6921,2.1054,1.3236,0.6065,0.2048,0.044,0.0014,C3,C3: limit warming to 2°C (>67%)
REMIND 2.1,TechCost-SSP2-B1100-windH,1.1731,2.0398,2.7108,2.4505,1.7538,0.9761,0.3307,0.0731,0.0153,0.0008,C3,C3: limit warming to 2°C (>67%)
REMIND-Buildings 2.0,BEG-Base,1.1935,1.9301,2.2366,1.9758,1.3182,0.7712,0.5142,0.4159,0.3475,0.2358,C7,C7: limit warming to 4°C (>50%)
REMIND-Buildings 2.0,BEG-Budg600,1.1935,1.9301,2.4778,3.4407,4.2087,4.1081,4.0464,4.3007,5.1916,6.3015,C2,C2: return warming to 1.5°C (>50%) after a high overshoot
REMIND-Buildings 2.0,BEG-Budg600-EG,1.1935,1.9301,2.4293,3.2607,3.9012,3.8504,3.9493,4.4264,5.4791,6.7924,C2,C2: return warming to 1.5°C (>50%) after a high overshoot
REMIND-Buildings 2.0,BEG-EG,1.1935,1.9301,2.2274,1.9897,1.3348,0.7879,0.53,0.4141,0.3341,0.2228,C7,C7: limit warming to 4°C (>50%)
REMIND-H13 2.1,START_BAU,1.2027,1.945,2.2793,2.2062,2.1793,2.4755,3.2124,4.3928,5.4606,6.5781,failed-vetting,failed-vetting
REMIND-H13 2.1,START_Current_Policies,1.2027,2.0159,2.8613,2.7533,2.4489,2.516,2.918,3.7527,4.5385,5.5286,failed-vetting,failed-vetting
REMIND-H13 2.1,START_Net-zero,1.2027,2.0159,2.9073,3.1601,3.6401,4.6739,5.8474,7.1069,8.3026,9.3779,failed-vetting,failed-vetting
REMIND-H13 2.1,START_Net-zero_noLandUse_CDRlim,1.2027,2.0159,3.096,3.7669,4.223,4.8104,5.7923,7.0362,8.2158,9.2071,failed-vetting,failed-vetting
REMIND-H13 2.1,START_Net-zero_noNuc_lowVRE,1.2027,2.0159,3.1392,3.6551,4.3084,5.3272,6.3755,7.4857,8.5844,9.5904,failed-vetting,failed-vetting
REMIND-MAgPIE 1.5,SSP1-19,0.5135000000000001,0.958,2.601,8.906,18.02,20.07,19.79,20.17,21.38,21.77,C2,C2: return warming to 1.5°C (>50%) after a high overshoot
REMIND-MAgPIE 1.5,SSP1-26,0.5135000000000001,0.958,2.452,4.918,7.207999999999998,10.73,13.19,13.73,15.75,18.87,C4,C4: limit warming to 2°C (>50%)
REMIND-MAgPIE 1.5,SSP1-34,0.5135000000000001,0.958,1.789,3.495,5.66,6.817,7.869,9.275,10.48,11.99,C5,C5: limit warming to 2.5°C (>50%)
REMIND-MAgPIE 1.5,SSP1-45,0.5135000000000001,0.958,1.809,3.653,6.44,8.411,8.865,8.683,8.209,7.682,C6,C6: limit warming to 3°C (>50%)
REMIND-MAgPIE 1.5,SSP1-Baseline,0.5135000000000001,0.7399,1.115999999999999,2.137,3.352,4.208,4.746,5.431,6.251,6.999,C7,C7: limit warming to 4°C (>50%)
REMIND-MAgPIE 1.5,SSP2-19,0.5191,0.8133,2.468,14.57,22.79,25.58,27.21,28.26,27.76,28.28,C1,C1: limit warming to 1.5°C (>50%) with no or limited overshoot
REMIND-MAgPIE 1.5,SSP2-26,0.5191,0.8133,1.296,3.038999999999999,6.968,12.07,15.81,20.1,25.39,28.55,C3,C3: limit warming to 2°C (>67%)
REMIND-MAgPIE 1.5,SSP2-34,0.5191,0.8133,1.172,1.891,2.981,4.572,6.94,10.81,16.02,20.1,C5,C5: limit warming to 2.5°C (>50%)
REMIND-MAgPIE 1.5,SSP2-45,0.5191,0.8133,1.165,1.945,3.198,4.42,5.045,5.282999999999999,5.445,5.444,C6,C6: limit warming to 3°C (>50%)
REMIND-MAgPIE 1.5,SSP2-60,0.5191,0.8133,1.161,1.983,3.262,4.506,5.61,6.556,7.3,7.939,C7,C7: limit warming to 4°C (>50%)
REMIND-MAgPIE 1.5,SSP2-Baseline,0.5191,0.7401,0.9821,1.751999999999999,3.128999999999999,4.602,5.992000000000001,7.119,7.832000000000003,8.345,C7,C7: limit warming to 4°C (>50%)
REMIND-MAgPIE 1.5,SSP5-19,0.5021,0.6626000000000001,1.766,11.13,22.74,27.12,30.06,32.81,33.46,33.5,C2,C2: return warming to 1.5°C (>50%) after a high overshoot
REMIND-MAgPIE 1.5,SSP5-26,0.5021,0.6626000000000001,1.147,3.641,10.09,17.52,20.64,23.64,29.13,33.29,C4,C4: limit warming to 2°C (>50%)
REMIND-MAgPIE 1.5,SSP5-34,0.5021,0.6626000000000001,0.944,1.990999999999999,4.123,8.357999999999999,12.85,17.31,23.58,27.83,C5,C5: limit warming to 2.5°C (>50%)
REMIND-MAgPIE 1.5,SSP5-45,0.5021,0.6626000000000001,1.06,2.728,5.697,9.062,11.74,12.81,13.03,12.66,C6,C6: limit warming to 3°C (>50%)
REMIND-MAgPIE 1.5,SSP5-60,0.5021,0.6626000000000001,0.9361,1.954,4.118,6.963999999999999,9.314,10.48,10.97,11.98,C7,C7: limit warming to 4°C (>50%)
REMIND-MAgPIE 1.5,SSP5-Baseline,0.5021,0.64,0.8559,1.709,3.272,5.01,6.931,8.902000000000003,10.68,12.18,C8,C8: exceed warming of 4°C (>=50%)
REMIND-MAgPIE 1.7-3.0,CD-LINKS_INDC2030i_1000,1.0268,1.2276,1.2193,1.227,1.6142,2.1098,2.0879,1.8435,1.3682,0.9713,C2,C2: return warming to 1.5°C (>50%) after a high overshoot
REMIND-MAgPIE 1.7-3.0,CD-LINKS_INDC2030i_1600,1.0268,1.2276,1.2193,0.9075,0.3879,0.1478,0.0076,0.0022,0.0008,0.0008,C4,C4: limit warming to 2°C (>50%)
REMIND-MAgPIE 1.7-3.0,CD-LINKS_INDC2030i_400,1.0268,1.2276,1.2193,3.458,10.8932,13.6003,13.2148,10.2646,4.7596,0.8684000000000001,C2,C2: return warming to 1.5°C (>50%) after a high overshoot
REMIND-MAgPIE 1.7-3.0,CD-LINKS_INDCi,1.0268,1.2276,1.2193,0.9109,0.4227,0.2128,0.0697,0.0545,0.0301,0.0062,C7,C7: limit warming to 4°C (>50%)
REMIND-MAgPIE 1.7-3.0,CD-LINKS_NDC2030i_1000,1.0268,1.2276,1.2193,1.227,1.6142,2.1098,2.0879,1.8435,1.3682,0.9713,C3,C3: limit warming to 2°C (>67%)
REMIND-MAgPIE 1.7-3.0,CD-LINKS_NPi,1.0268,1.2276,1.2193,0.9086,0.4182,0.2228,0.0981,0.0832,0.0564,0.0214,C7,C7: limit warming to 4°C (>50%)
REMIND-MAgPIE 1.7-3.0,CD-LINKS_NPi2020_1000,1.0268,1.2276,1.2184,0.9055,0.3959,0.206,0.1860000000000001,0.3727,0.4647,0.4004,C2,C2: return warming to 1.5°C (>50%) after a high overshoot
REMIND-MAgPIE 1.7-3.0,CD-LINKS_NPi2020_1600,1.0268,1.2276,1.2086,0.8909999999999999,0.3722,0.1347,0.0008,0.0008,0.0008,0.0008,C4,C4: limit warming to 2°C (>50%)
REMIND-MAgPIE 1.7-3.0,CD-LINKS_NPi2020_400,1.0268,1.2276,1.457,2.1554,2.7466,2.9731,3.2382,2.9044,1.8783,1.1448,C1,C1: limit warming to 1.5°C (>50%) with no or limited overshoot
REMIND-MAgPIE 1.7-3.0,CD-LINKS_NoPolicy,1.0268,1.0693,0.9593,0.6579,0.2042,0.1004,0.0946,0.0829,0.0564,0.0213,C7,C7: limit warming to 4°C (>50%)
REMIND-MAgPIE 1.7-3.0,CO_2Deg2020,1.0259,1.2114,1.2809,0.9735,0.4769,0.3001,0.2655,0.3282,0.3072,0.2299,C2,C2: return warming to 1.5°C (>50%) after a high overshoot
REMIND-MAgPIE 1.7-3.0,CO_2Deg2030,1.0259,1.2217,1.2117,1.2566,1.8047,2.3893,2.3515,1.9508,1.3179,0.9781,C2,C2: return warming to 1.5°C (>50%) after a high overshoot
REMIND-MAgPIE 1.7-3.0,CO_BAU,1.0259,1.0634,0.9532,0.6529,0.1999,0.0968,0.0919,0.0803,0.0544,0.0208,C7,C7: limit warming to 4°C (>50%)
REMIND-MAgPIE 1.7-3.0,CO_Bridge,1.0259,1.1988,1.1573,0.8868,0.3904,0.1673,0.0482,0.0246,0.0008,0.1197,C2,C2: return warming to 1.5°C (>50%) after a high overshoot
REMIND-MAgPIE 1.7-3.0,CO_CurPol,1.0259,1.2217,1.2117,0.9022,0.413,0.2186,0.0944,0.0801,0.0536,0.0203,C7,C7: limit warming to 4°C (>50%)
REMIND-MAgPIE 1.7-3.0,CO_GPP,1.0259,1.1988,1.1573,0.8417,0.33,0.1099,0.0008,0.0008,0.0008,0.0008,C5,C5: limit warming to 2.5°C (>50%)
REMIND-MAgPIE 1.7-3.0,CO_NDCplus,1.0259,1.2217,1.2117,0.9048,0.4182,0.2087,0.0672,0.0524,0.0279,0.0057,C7,C7: limit warming to 4°C (>50%)
REMIND-MAgPIE 1.7-3.0,EMF33_1.5C_cost100,1.018299999999999,1.0325,1.2982,3.9054,9.8339,13.1628,13.3027,11.381,8.237,6.664900000000001,C2,C2: return warming to 1.5°C (>50%) after a high overshoot
REMIND-MAgPIE 1.7-3.0,EMF33_1.5C_full,1.018299999999999,1.0325,1.6622,5.744800000000001,10.4934,12.1766,11.6795,9.2945,6.612699999999999,6.699,C2,C2: return warming to 1.5°C (>50%) after a high overshoot
REMIND-MAgPIE 1.7-3.0,EMF33_1.5C_nofuel,1.018299999999999,1.0325,3.3876,21.1862,35.065,37.5475,35.3998,31.4666,28.1763,28.5676,C1,C1: limit warming to 1.5°C (>50%) with no or limited overshoot
REMIND-MAgPIE 1.7-3.0,EMF33_Baseline,1.018299999999999,1.032799999999999,0.9453,0.645899999999999,0.1833,0.0688,0.0484,0.0386,0.0276,0.0107,C8,C8: exceed warming of 4°C (>=50%)
REMIND-MAgPIE 1.7-3.0,EMF33_Med2C_cost100,1.018299999999999,1.0325,0.9366,0.6327,0.1627,0.0688,0.238,0.8979999999999999,2.463,4.3198,C4,C4: limit warming to 2°C (>50%)
REMIND-MAgPIE 1.7-3.0,EMF33_Med2C_full,1.018299999999999,1.0325,0.9311,0.6285,0.1559,0.0328,0.0889,0.4977,1.7887,3.8057,C5,C5: limit warming to 2.5°C (>50%)
REMIND-MAgPIE 1.7-3.0,EMF33_Med2C_limbio,1.018299999999999,1.0325,0.9376,0.6504,0.1773,0.0434,0.0156,0.0048,0.0011,0.0011,C3,C3: limit warming to 2°C (>67%)
REMIND-MAgPIE 1.7-3.0,EMF33_Med2C_nobeccs,1.018299999999999,1.0325,0.9352,0.6312999999999991,0.1575,0.0247,0.0012,0.0,0.0006,0.0,C4,C4: limit warming to 2°C (>50%)
REMIND-MAgPIE 1.7-3.0,EMF33_Med2C_nofuel,1.018299999999999,1.0325,1.0351,1.7711,4.7628,10.7124,16.0913,22.0457,27.5483,29.7488,C4,C4: limit warming to 2°C (>50%)
REMIND-MAgPIE 1.7-3.0,EMF33_Med2C_none,1.018299999999999,1.0325,0.9377,0.633799999999999,0.1599,0.0266,0.0018,0.0,0.0009,0.0,C4,C4: limit warming to 2°C (>50%)
REMIND-MAgPIE 1.7-3.0,EMF33_WB2C_cost100,1.018299999999999,1.0325,0.9386,0.7196000000000001,0.6343000000000001,1.444,3.0766,5.015,6.1172,6.625200000000001,C3,C3: limit warming to 2°C (>67%)
REMIND-MAgPIE 1.7-3.0,EMF33_WB2C_full,1.018299999999999,1.0325,0.95,0.7513000000000001,0.492,0.6757000000000001,1.6308,3.1642,4.0659,4.4684,C3,C3: limit warming to 2°C (>67%)
REMIND-MAgPIE 1.7-3.0,EMF33_WB2C_limbio,1.018299999999999,1.0325,1.3779,3.4369,3.6966,3.3253,2.5888,1.1483,0.0011,0.0011,C3,C3: limit warming to 2°C (>67%)
REMIND-MAgPIE 1.7-3.0,EMF33_WB2C_nobeccs,1.018299999999999,1.0325,0.9307,0.626899999999999,0.1533,0.0215,0.0,0.0,0.0006999999999999,0.0001,C3,C3: limit warming to 2°C (>67%)
REMIND-MAgPIE 1.7-3.0,EMF33_WB2C_nofuel,1.018299999999999,1.0325,1.406199999999999,5.0292,13.9977,22.098,27.3904,30.2019,30.1113,28.5853,C3,C3: limit warming to 2°C (>67%)
REMIND-MAgPIE 1.7-3.0,EMF33_WB2C_none,1.018299999999999,1.0325,0.9384,0.6345999999999999,0.1604,0.027,0.002,0.0,0.0008,0.0,C3,C3: limit warming to 2°C (>67%)
REMIND-MAgPIE 1.7-3.0,EMF33_tax_hi_full,1.018299999999999,1.032799999999999,0.9437,0.6851999999999999,0.2974,0.4576,1.5081,3.0653,3.776,3.692,C3,C3: limit warming to 2°C (>67%)
REMIND-MAgPIE 1.7-3.0,EMF33_tax_hi_none,1.018299999999999,1.032799999999999,0.9496,0.6454999999999991,0.1708,0.0349,0.0045,0.0,0.0008,0.0,C4,C4: limit warming to 2°C (>50%)
REMIND-MAgPIE 1.7-3.0,EMF33_tax_lo_full,1.018299999999999,1.032799999999999,0.9359,0.632,0.1582,0.0259,0.002,0.0011,0.0011,0.0011,C5,C5: limit warming to 2.5°C (>50%)
REMIND-MAgPIE 1.7-3.0,EMF33_tax_lo_none,1.018299999999999,1.032799999999999,0.9456,0.648299999999999,0.1851,0.0575,0.0268,0.0171,0.009,0.0013,C5,C5: limit warming to 2.5°C (>50%)
REMIND-MAgPIE 1.7-3.0,PEP_1p5C_full_NDC,1.0259,1.2217,1.2117,3.3999,11.3646,14.3322,13.7856,10.7405,4.9516,0.8141,C2,C2: return warming to 1.5°C (>50%) after a high overshoot
REMIND-MAgPIE 1.7-3.0,PEP_1p5C_full_eff,1.0259,1.2114,1.5022,2.4652,3.2875,3.3479,3.2463,2.6736,1.6243,0.9875,C1,C1: limit warming to 1.5°C (>50%) with no or limited overshoot
REMIND-MAgPIE 1.7-3.0,PEP_1p5C_full_goodpractice,1.0259,1.2039,1.1682,2.7446,8.3615,10.8706,10.9032,8.7335,4.5004,1.1794,C2,C2: return warming to 1.5°C (>50%) after a high overshoot
REMIND-MAgPIE 1.7-3.0,PEP_1p5C_full_netzero,1.0259,1.2114,1.1848,2.2264,5.7827,7.4923,7.8703,6.6664,3.8161,1.4623,C2,C2: return warming to 1.5°C (>50%) after a high overshoot
REMIND-MAgPIE 1.7-3.0,PEP_1p5C_red_eff,1.0259,1.2114,3.1985,8.5974,7.9026,6.9113,4.7256,1.1014,0.0008,0.0008,C1,C1: limit warming to 1.5°C (>50%) with no or limited overshoot
REMIND-MAgPIE 1.7-3.0,PEP_2C_full_NDC,1.0259,1.2217,1.2117,1.2566,1.8047,2.3893,2.3515,1.9508,1.3179,0.9781,C2,C2: return warming to 1.5°C (>50%) after a high overshoot
REMIND-MAgPIE 1.7-3.0,PEP_2C_full_eff,1.0259,1.2114,1.2809,0.9735,0.4769000000000001,0.3001,0.2655,0.3282,0.3072,0.2299,C2,C2: return warming to 1.5°C (>50%) after a high overshoot
REMIND-MAgPIE 1.7-3.0,PEP_2C_full_goodpractice,1.0259,1.2039,1.1682,1.0376,1.0544,1.3405,1.4286,1.4279,1.3865,1.1688,C2,C2: return warming to 1.5°C (>50%) after a high overshoot
REMIND-MAgPIE 1.7-3.0,PEP_2C_full_netzero,1.0259,1.2114,1.1848,0.9593,0.7378,0.8553000000000001,0.9437,1.0115,0.9599,0.7433000000000001,C2,C2: return warming to 1.5°C (>50%) after a high overshoot
REMIND-MAgPIE 1.7-3.0,PEP_2C_red_NDC,1.0259,1.2217,1.2117,3.1402,5.9997,5.5949,4.803900000000001,3.1108,0.5136000000000001,0.0008,C2,C2: return warming to 1.5°C (>50%) after a high overshoot
REMIND-MAgPIE 1.7-3.0,PEP_2C_red_eff,1.0259,1.2114,1.3025,1.0086,0.4856,0.2318,0.0494,0.0022,0.0008,0.0008,C1,C1: limit warming to 1.5°C (>50%) with no or limited overshoot
REMIND-MAgPIE 1.7-3.0,PEP_2C_red_goodpractice,1.0259,1.2039,1.1682,1.9084,2.6703,2.3702,1.9673,1.234,0.1785,0.0008,C2,C2: return warming to 1.5°C (>50%) after a high overshoot
REMIND-MAgPIE 1.7-3.0,PEP_2C_red_netzero,1.0259,1.2114,1.1848,1.4164,1.3869,1.1204,0.8588,0.5131,0.0528,0.0008,C2,C2: return warming to 1.5°C (>50%) after a high overshoot
REMIND-MAgPIE 1.7-3.0,PEP_NDC,1.0259,1.2217,1.2117,0.9048,0.4182,0.2087,0.0672,0.0524,0.0279,0.0057,C7,C7: limit warming to 4°C (>50%)
REMIND-MAgPIE 1.7-3.0,PEP_NPi,1.0259,1.2217,1.2117,0.9022,0.413,0.2186,0.0944,0.0801,0.0536,0.0203,C7,C7: limit warming to 4°C (>50%)
REMIND-MAgPIE 1.7-3.0,PEP_NoPolicy,1.0259,1.0634,0.9532,0.6529,0.1999,0.0968,0.0919,0.0803,0.0544,0.0208,C7,C7: limit warming to 4°C (>50%)
REMIND-MAgPIE 1.7-3.0,PEP_goodpractice,1.0259,1.2039,1.1682,0.8523000000000001,0.3392,0.1157,0.0009,0.0008,0.0008,0.0008,C6,C6: limit warming to 3°C (>50%)
REMIND-MAgPIE 1.7-3.0,PEP_netzero,1.0259,1.2114,1.1848,0.8692000000000001,0.3542,0.1255,0.0019,0.0008,0.0008,0.0008,C5,C5: limit warming to 2.5°C (>50%)
REMIND-MAgPIE 1.7-3.0,SMP_1p5C_Def,1.0278,1.1406,1.1794,1.514,1.8359,2.0438,2.2404,2.1892,1.8551,1.4521,failed-vetting,failed-vetting
REMIND-MAgPIE 1.7-3.0,SMP_1p5C_Sust,1.0278,1.1434,1.0702,0.7881,0.2876,0.0954,0.0327,0.0161,0.0728,0.2925,failed-vetting,failed-vetting
REMIND-MAgPIE 1.7-3.0,SMP_1p5C_early,1.0278,1.1768,1.8302,3.3179,3.246,2.7815,1.9876,0.7495,0.0199,0.0017,failed-vetting,failed-vetting
REMIND-MAgPIE 1.7-3.0,SMP_1p5C_lifesty,1.0278,1.1379,1.0751,1.0634,1.2448,1.6627,2.0021,2.7239,4.1585,5.7786,failed-vetting,failed-vetting
REMIND-MAgPIE 1.7-3.0,SMP_1p5C_regul,1.0278,1.1339,1.0221,0.7709,0.5659000000000001,1.285,2.0606,2.1341,1.7282,0.992,failed-vetting,failed-vetting
REMIND-MAgPIE 1.7-3.0,SMP_2C_Def,1.0278,1.1361,1.021,0.7090000000000001,0.2127,0.0348,0.0016,0.0015,0.0014,0.001,failed-vetting,failed-vetting
REMIND-MAgPIE 1.7-3.0,SMP_2C_Sust,1.0278,1.1454,1.0537,0.7444000000000001,0.2448,0.0572,0.0071,0.0008,0.0008,0.0008,failed-vetting,failed-vetting
REMIND-MAgPIE 1.7-3.0,SMP_2C_early,1.0278,1.1341,1.0433,0.8111,0.3562,0.1682,0.1067,0.0497,0.0062,0.0008,failed-vetting,failed-vetting
REMIND-MAgPIE 1.7-3.0,SMP_2C_lifesty,1.0278,1.1445,1.0377,0.7254,0.2271,0.0437,0.0798,0.5724,2.1064,3.3692,C1,C1: limit warming to 1.5°C (>50%) with no or limited overshoot
REMIND-MAgPIE 1.7-3.0,SMP_2C_regul,1.0278,1.1339,1.0165,0.7047,0.2106,0.0756,0.3054,0.9888,1.8144,2.2952,failed-vetting,failed-vetting
REMIND-MAgPIE 1.7-3.0,SMP_REF_Def,1.0278,1.0861,0.9915,0.7019000000000001,0.2378,0.1096,0.0877,0.0685,0.0443,0.0187,C7,C7: limit warming to 4°C (>50%)
REMIND-MAgPIE 1.7-3.0,SMP_REF_Sust,1.0285,1.0872,0.9921,0.725,0.4209,0.4082,0.4496,0.4573,0.3371,0.1948,C7,C7: limit warming to 4°C (>50%)
REMIND-MAgPIE 2.0-4.1,Diff_1300Gt_hybrid_def,1.1776,2.0541,2.3622,2.2944,1.7531,1.0456,0.5135,0.268,0.1794,0.3455,C3,C3: limit warming to 2°C (>67%)
REMIND-MAgPIE 2.0-4.1,Diff_1300Gt_no-transfer_def,1.1776,2.0541,3.6083,7.1187,8.3592,7.5662,6.136,3.5076,1.4231,0.9343,C3,C3: limit warming to 2°C (>67%)
REMIND-MAgPIE 2.0-4.1,Diff_1300Gt_uniform-pricing_def,1.1776,2.0541,2.335,1.9528,1.2366,0.5435,0.0957,0.0278,0.012,0.0018,C3,C3: limit warming to 2°C (>67%)
REMIND-MAgPIE 2.0-4.1,Diff_No-policy_baseline,1.1776,1.9783,2.3251,2.0482,1.3827,0.8011,0.4816,0.3846,0.3267,0.2221,C7,C7: limit warming to 4°C (>50%)
REMIND-MAgPIE 2.1-4.2,CEMICS_SSP1-1p5C-fullCDR,1.1822,2.0124,2.5562,2.4543,1.865,1.1258,0.5165,0.1819,0.0381,0.0013,C1,C1: limit warming to 1.5°C (>50%) with no or limited overshoot
REMIND-MAgPIE 2.1-4.2,CEMICS_SSP1-1p5C-minCDR,1.1822,2.0124,2.4341,2.0386,1.2984,0.586,0.099,0.0005,0.0005,0.0005,C1,C1: limit warming to 1.5°C (>50%) with no or limited overshoot
REMIND-MAgPIE 2.1-4.2,CEMICS_SSP1-Npi,1.1822,2.0124,2.9002,2.7276,1.957,1.1393,0.397,0.0024,0.0005,0.0005,C6,C6: limit warming to 3°C (>50%)
REMIND-MAgPIE 2.1-4.2,CEMICS_SSP2-1p5C-fullCDR,1.1665,2.0074,2.775,4.078,4.4931,3.694,2.6422,1.3424,0.2475,0.0031,C1,C1: limit warming to 1.5°C (>50%) with no or limited overshoot
REMIND-MAgPIE 2.1-4.2,CEMICS_SSP2-1p5C-minCDR,1.1665,2.0074,2.4943,2.0989,1.3584,0.6362,0.1205,0.0005,0.0005,0.0005,C1,C1: limit warming to 1.5°C (>50%) with no or limited overshoot
REMIND-MAgPIE 2.1-4.2,CEMICS_SSP2-2C-fullCDR,1.1665,2.0074,2.2929,1.9943,1.3478,0.6819,0.2367,0.0958,0.0313,0.0024,C3,C3: limit warming to 2°C (>67%)
REMIND-MAgPIE 2.1-4.2,CEMICS_SSP2-2C-minCDR,1.1665,2.0074,2.5414,2.2242,1.4809,0.7458,0.1949,0.0005,0.0005,0.0005,C3,C3: limit warming to 2°C (>67%)
REMIND-MAgPIE 2.1-4.2,CEMICS_SSP2-Npi,1.1665,2.0074,2.8616,2.7247,2.0188,1.3066,0.7174,0.3825,0.3215,0.2219,C7,C7: limit warming to 4°C (>50%)
REMIND-MAgPIE 2.1-4.2,EN_INDCi2030_1000,1.1866,2.0731,2.8437,2.9146,3.3844,4.4037,4.7023,4.7147,4.9467,5.1665,C3,C3: limit warming to 2°C (>67%)
REMIND-MAgPIE 2.1-4.2,EN_INDCi2030_1000_COV,1.1946,2.0852,2.8554,2.8574,3.0066,4.2759,5.902,7.182,7.8364,8.2664,C3,C3: limit warming to 2°C (>67%)
REMIND-MAgPIE 2.1-4.2,EN_INDCi2030_1000_COV_NDCp,1.1946,2.0852,2.9455,3.0971,3.2617,4.4614,5.9106,7.0517,7.7758,8.2379,C3,C3: limit warming to 2°C (>67%)
REMIND-MAgPIE 2.1-4.2,EN_INDCi2030_1000_NDCp,1.1866,2.0731,2.9144,3.1558,3.5854,4.5106,4.7867,4.7539,4.9693,5.1977,C3,C3: limit warming to 2°C (>67%)
REMIND-MAgPIE 2.1-4.2,EN_INDCi2030_1000f,1.1866,2.0731,2.8437,2.9083,3.3556,4.4163,4.7744,4.7426,4.8735,5.0149,C3,C3: limit warming to 2°C (>67%)
REMIND-MAgPIE 2.1-4.2,EN_INDCi2030_1000f_COV,1.1946,2.0852,2.8554,2.8542,2.9772,4.1829,5.7572,7.1723,8.2328,8.9845,C3,C3: limit warming to 2°C (>67%)
REMIND-MAgPIE 2.1-4.2,EN_INDCi2030_1000f_COV_NDCp,1.1946,2.0852,2.9455,3.0844,3.1799,4.2684,5.7221,7.0559,8.1314,8.9214,C3,C3: limit warming to 2°C (>67%)
REMIND-MAgPIE 2.1-4.2,EN_INDCi2030_1000f_NDCp,1.1866,2.0731,2.9144,3.1398,3.5382,4.5075,4.8372,4.7702,4.8841,5.0272,C3,C3: limit warming to 2°C (>67%)
REMIND-MAgPIE 2.1-4.2,EN_INDCi2030_1200,1.1866,2.0731,2.8437,2.8377,2.953,3.9475,4.8313,5.106,5.0755,5.0516,C3,C3: limit warming to 2°C (>67%)
REMIND-MAgPIE 2.1-4.2,EN_INDCi2030_1200f,1.1866,2.0731,2.8437,2.8417,2.9741,3.9797,4.8514,5.1239,5.0997,5.0595,C3,C3: limit warming to 2°C (>67%)
REMIND-MAgPIE 2.1-4.2,EN_INDCi2030_1400,1.1866,2.0731,2.8437,2.8386,2.6844,3.3079,4.3516,5.1564,5.5133,5.5626,C4,C4: limit warming to 2°C (>50%)
REMIND-MAgPIE 2.1-4.2,EN_INDCi2030_1400f,1.1866,2.0731,2.8437,2.8386,2.6844,3.3079,4.3516,5.1564,5.5133,5.5626,C4,C4: limit warming to 2°C (>50%)
REMIND-MAgPIE 2.1-4.2,EN_INDCi2030_1600,1.1866,2.0731,2.8437,2.8483,2.4885,2.6906,3.6148,4.6872,5.323,5.5301,C5,C5: limit warming to 2.5°C (>50%)
REMIND-MAgPIE 2.1-4.2,EN_INDCi2030_1600f,1.1866,2.0731,2.8437,2.8483,2.4885,2.6906,3.6148,4.6872,5.323,5.5301,C5,C5: limit warming to 2.5°C (>50%)
REMIND-MAgPIE 2.1-4.2,EN_INDCi2030_1800,1.1866,2.0731,2.8437,2.8208,2.3919,2.5772,3.5857,4.7544,5.3993,5.5275,C5,C5: limit warming to 2.5°C (>50%)
REMIND-MAgPIE 2.1-4.2,EN_INDCi2030_1800f,1.1866,2.0731,2.8437,2.8208,2.3919,2.5772,3.5857,4.7544,5.3993,5.5275,C5,C5: limit warming to 2.5°C (>50%)
REMIND-MAgPIE 2.1-4.2,EN_INDCi2030_2000,1.1866,2.0731,2.8437,2.808,2.3373,2.6049,3.6887,4.7752,5.3942,5.6184,C5,C5: limit warming to 2.5°C (>50%)
REMIND-MAgPIE 2.1-4.2,EN_INDCi2030_2000f,1.1866,2.0731,2.8437,2.8102,2.3485,2.5655,3.6807,4.8941,5.5268,5.7126,C5,C5: limit warming to 2.5°C (>50%)
REMIND-MAgPIE 2.1-4.2,EN_INDCi2030_2500,1.1866,2.0731,2.8437,2.7926,2.2435,2.2795,3.2698,4.547,5.2294,5.6415,C6,C6: limit warming to 3°C (>50%)
REMIND-MAgPIE 2.1-4.2,EN_INDCi2030_2500f,1.1866,2.0731,2.8437,2.7925,2.2432,2.2791,3.2772,4.563,5.2354,5.6385,C6,C6: limit warming to 3°C (>50%)
REMIND-MAgPIE 2.1-4.2,EN_INDCi2030_3000,1.1866,2.0731,2.8437,2.7921,2.2073,2.0547,2.7333,3.8868,4.7106,5.5207,C6,C6: limit warming to 3°C (>50%)
REMIND-MAgPIE 2.1-4.2,EN_INDCi2030_3000f,1.1866,2.0731,2.8437,2.7917,2.2061,2.0462,2.7158,3.8792,4.7157,5.5201,C6,C6: limit warming to 3°C (>50%)
REMIND-MAgPIE 2.1-4.2,EN_INDCi2030_300f,1.1866,2.0731,2.8437,3.4251,4.9328,5.721,5.5152,5.3232,5.231,5.2691,C2,C2: return warming to 1.5°C (>50%) after a high overshoot
REMIND-MAgPIE 2.1-4.2,EN_INDCi2030_400f,1.1866,2.0731,2.8437,3.3251,4.6035,5.3712,5.2264,5.0751,5.0366,5.1177,C2,C2: return warming to 1.5°C (>50%) after a high overshoot
REMIND-MAgPIE 2.1-4.2,EN_INDCi2030_500f,1.1866,2.0731,2.8437,3.2436,4.3594,5.1229,5.0509,4.9401,4.9411,5.0453,C2,C2: return warming to 1.5°C (>50%) after a high overshoot
REMIND-MAgPIE 2.1-4.2,EN_INDCi2030_600_COV,1.1946,2.0852,2.8554,8.4778,11.5619,11.3511,10.5085,8.8719,7.9702,8.718,C2,C2: return warming to 1.5°C (>50%) after a high overshoot
REMIND-MAgPIE 2.1-4.2,EN_INDCi2030_600_COV_NDCp,1.1946,2.0852,2.9455,8.1524,11.4586,11.2255,10.4387,8.9504,8.0526,8.7386,C2,C2: return warming to 1.5°C (>50%) after a high overshoot
REMIND-MAgPIE 2.1-4.2,EN_INDCi2030_600f,1.1866,2.0731,2.8437,3.1585,4.1251,4.9371,4.9519,4.8615,4.82,4.86,C2,C2: return warming to 1.5°C (>50%) after a high overshoot
REMIND-MAgPIE 2.1-4.2,EN_INDCi2030_600f_COV,1.1946,2.0852,2.8554,3.1354,4.3438,6.4502,7.9364,9.0376,10.1213,11.2947,C2,C2: return warming to 1.5°C (>50%) after a high overshoot
REMIND-MAgPIE 2.1-4.2,EN_INDCi2030_600f_COV_NDCp,1.1946,2.0852,2.9455,3.3364,4.4462,6.4204,7.8292,8.8856,9.953,11.0311,C2,C2: return warming to 1.5°C (>50%) after a high overshoot
REMIND-MAgPIE 2.1-4.2,EN_INDCi2030_600f_NDCp,1.1866,2.0731,2.9144,3.3578,4.2078,4.9671,4.964,4.8315,4.7842,4.8249,C2,C2: return warming to 1.5°C (>50%) after a high overshoot
REMIND-MAgPIE 2.1-4.2,EN_INDCi2030_700,1.1866,2.0731,2.8437,5.8716,8.5529,8.141,7.3853,6.269,4.9329,4.9134,C3,C3: limit warming to 2°C (>67%)
REMIND-MAgPIE 2.1-4.2,EN_INDCi2030_700f,1.1866,2.0731,2.8437,3.0788,3.87,4.7173,4.8276,4.7655,4.7561,4.7833,C3,C3: limit warming to 2°C (>67%)
REMIND-MAgPIE 2.1-4.2,EN_INDCi2030_800,1.1866,2.0731,2.8437,4.0599,6.5596,6.8403,6.3409,5.8106,5.0486,4.8485,C3,C3: limit warming to 2°C (>67%)
REMIND-MAgPIE 2.1-4.2,EN_INDCi2030_800f,1.1866,2.0731,2.8437,3.0053,3.6279,4.5364,4.7328,4.6635,4.6673,4.68,C3,C3: limit warming to 2°C (>67%)
REMIND-MAgPIE 2.1-4.2,EN_INDCi2030_900,1.1866,2.0731,2.8437,3.1033,4.0245,4.8804,4.8698,4.854,5.0226,5.1996,C3,C3: limit warming to 2°C (>67%)
REMIND-MAgPIE 2.1-4.2,EN_INDCi2030_900f,1.1866,2.0731,2.8437,2.9424,3.4583,4.4023,4.6596,4.653,4.7977,4.8957,C3,C3: limit warming to 2°C (>67%)
REMIND-MAgPIE 2.1-4.2,EN_INDCi2100,1.1866,2.0731,2.8437,2.7631,2.5618,3.0231,4.0141,4.986,5.4647,5.5951,C5,C5: limit warming to 2.5°C (>50%)
REMIND-MAgPIE 2.1-4.2,EN_INDCi2100_COV,1.1946,2.0852,2.8554,2.751,2.4066,2.7156,4.0,5.7598,6.9524,7.4741,C5,C5: limit warming to 2.5°C (>50%)
REMIND-MAgPIE 2.1-4.2,EN_INDCi2100_COV_NDCp,1.1946,2.0852,2.9455,3.1433,2.9278,3.0572,4.0758,5.6843,6.9301,7.5119,C5,C5: limit warming to 2.5°C (>50%)
REMIND-MAgPIE 2.1-4.2,EN_INDCi2100_NDCp,1.1866,2.0731,2.9144,3.2398,3.0706,3.2806,4.0893,4.9802,5.4883,5.6474,C5,C5: limit warming to 2.5°C (>50%)
REMIND-MAgPIE 2.1-4.2,EN_NPi2020_1000,1.1866,2.0731,2.8144,2.8178,3.2154,4.3127,4.8832,4.9001,4.8828,4.9904,C3,C3: limit warming to 2°C (>67%)
REMIND-MAgPIE 2.1-4.2,EN_NPi2020_1000_COV,1.1946,2.0852,2.8107,2.7212,2.8357,3.9238,5.4234,6.7293,7.568,8.195,C3,C3: limit warming to 2°C (>67%)
REMIND-MAgPIE 2.1-4.2,EN_NPi2020_1000f,1.1866,2.0731,2.8179,2.8369,3.2744,4.3821,4.9246,4.9212,4.891,4.9859,C3,C3: limit warming to 2°C (>67%)
REMIND-MAgPIE 2.1-4.2,EN_NPi2020_1000f_COV,1.1946,2.0852,2.8182,2.7311,2.855,3.9572,5.4518,6.7723,7.7067,8.5656,C3,C3: limit warming to 2°C (>67%)
REMIND-MAgPIE 2.1-4.2,EN_NPi2020_1200,1.1866,2.0731,2.8161,2.707,2.7708,3.7097,4.7669,5.3561,5.4214,5.3321,C3,C3: limit warming to 2°C (>67%)
REMIND-MAgPIE 2.1-4.2,EN_NPi2020_1200f,1.1866,2.0731,2.8288,2.7321,2.8344,3.8013,4.8229,5.3673,5.4551,5.4493,C3,C3: limit warming to 2°C (>67%)
REMIND-MAgPIE 2.1-4.2,EN_NPi2020_1400,1.1866,2.0731,2.8161,2.6769,2.4971,3.0357,4.0811,5.0364,5.4686,5.5503,C4,C4: limit warming to 2°C (>50%)
REMIND-MAgPIE 2.1-4.2,EN_NPi2020_1400f,1.1866,2.0731,2.8161,2.6769,2.4971,3.0357,4.0811,5.0364,5.4686,5.5503,C4,C4: limit warming to 2°C (>50%)
REMIND-MAgPIE 2.1-4.2,EN_NPi2020_1600,1.1866,2.0731,2.846,2.6915,2.3559,2.579,3.5047,4.635,5.2933,5.5017,C4,C4: limit warming to 2°C (>50%)
REMIND-MAgPIE 2.1-4.2,EN_NPi2020_1600f,1.1866,2.0731,2.846,2.6915,2.3559,2.579,3.5047,4.635,5.2933,5.5017,C4,C4: limit warming to 2°C (>50%)
REMIND-MAgPIE 2.1-4.2,EN_NPi2020_1800,1.1866,2.0731,2.8473,2.6813,2.341,2.6637,3.6187,4.7361,5.413,5.5514,C5,C5: limit warming to 2.5°C (>50%)
REMIND-MAgPIE 2.1-4.2,EN_NPi2020_1800f,1.1866,2.0731,2.8475,2.6831,2.354,2.6343,3.6575,4.8331,5.4332,5.5241,C5,C5: limit warming to 2.5°C (>50%)
REMIND-MAgPIE 2.1-4.2,EN_NPi2020_2000,1.1866,2.0731,2.8405,2.6825,2.3317,2.6615,3.7091,4.763,5.366,5.6051,C5,C5: limit warming to 2.5°C (>50%)
REMIND-MAgPIE 2.1-4.2,EN_NPi2020_2000f,1.1866,2.0731,2.841,2.6866,2.3503,2.6397,3.7217,4.909,5.5127,5.681,C5,C5: limit warming to 2.5°C (>50%)
REMIND-MAgPIE 2.1-4.2,EN_NPi2020_200f,1.1866,2.0731,2.856,3.7132,4.9669,5.4652,5.2517,4.9939,4.9733,5.1029,C1,C1: limit warming to 1.5°C (>50%) with no or limited overshoot
REMIND-MAgPIE 2.1-4.2,EN_NPi2020_2500,1.1866,2.0731,2.8312,2.683,2.2699,2.393,3.3362,4.5559,5.2311,5.632,C6,C6: limit warming to 3°C (>50%)
REMIND-MAgPIE 2.1-4.2,EN_NPi2020_2500f,1.1866,2.0731,2.8312,2.683,2.2695,2.3902,3.3363,4.5611,5.2336,5.635,C6,C6: limit warming to 3°C (>50%)
REMIND-MAgPIE 2.1-4.2,EN_NPi2020_3000,1.1866,2.0731,2.8256,2.6859,2.216,2.1212,2.7479,3.8958,4.7704,5.5414,C6,C6: limit warming to 3°C (>50%)
REMIND-MAgPIE 2.1-4.2,EN_NPi2020_3000f,1.1866,2.0731,2.8255,2.6856,2.2161,2.1235,2.75,3.9022,4.7811,5.5383,C6,C6: limit warming to 3°C (>50%)
REMIND-MAgPIE 2.1-4.2,EN_NPi2020_300f,1.1866,2.0731,2.8434,3.5604,4.746,5.3041,5.0991,4.8646,4.8374,4.9577,C1,C1: limit warming to 1.5°C (>50%) with no or limited overshoot
REMIND-MAgPIE 2.1-4.2,EN_NPi2020_400,1.1866,2.0731,3.9764,7.1826,7.5869,7.0686,6.1331,4.884,4.4948,4.7533,C1,C1: limit warming to 1.5°C (>50%) with no or limited overshoot
REMIND-MAgPIE 2.1-4.2,EN_NPi2020_400f,1.1866,2.0731,2.8151,3.3721,4.4664,5.0808,4.9339,4.7406,4.7236,4.8035,C1,C1: limit warming to 1.5°C (>50%) with no or limited overshoot
REMIND-MAgPIE 2.1-4.2,EN_NPi2020_500,1.1866,2.0731,3.188,5.2976,6.6955,6.4919,5.9104,5.1248,4.6939,4.7909,C1,C1: limit warming to 1.5°C (>50%) with no or limited overshoot
REMIND-MAgPIE 2.1-4.2,EN_NPi2020_500f,1.1866,2.0731,2.7932,3.2389,4.2406,4.9205,4.8569,4.705,4.6931,4.7641,C2,C2: return warming to 1.5°C (>50%) after a high overshoot
REMIND-MAgPIE 2.1-4.2,EN_NPi2020_600,1.1866,2.0731,2.8811,3.9378,5.2747,5.6074,5.2615,4.9291,4.827,4.9183,C1,C1: limit warming to 1.5°C (>50%) with no or limited overshoot
REMIND-MAgPIE 2.1-4.2,EN_NPi2020_600_COV,1.1946,2.0852,2.8428,3.5476,5.2313,6.7689,7.2257,7.3789,7.7268,8.3337,C1,C1: limit warming to 1.5°C (>50%) with no or limited overshoot
REMIND-MAgPIE 2.1-4.2,EN_NPi2020_600f,1.1866,2.0731,2.7883,3.1219,4.019,4.7531,4.7655,4.6521,4.6532,4.7206,C2,C2: return warming to 1.5°C (>50%) after a high overshoot
REMIND-MAgPIE 2.1-4.2,EN_NPi2020_600f_COV,1.1946,2.0852,2.8346,3.0361,4.0043,5.7176,7.0859,8.1615,8.9196,9.6071,C1,C1: limit warming to 1.5°C (>50%) with no or limited overshoot
REMIND-MAgPIE 2.1-4.2,EN_NPi2020_700,1.1866,2.0731,2.7853,3.2279,4.2739,4.9555,4.8338,4.7075,4.8384,5.0389,C3,C3: limit warming to 2°C (>67%)
REMIND-MAgPIE 2.1-4.2,EN_NPi2020_700f,1.1866,2.0731,2.7834,3.0178,3.8168,4.6235,4.7212,4.6797,4.8098,4.9192,C3,C3: limit warming to 2°C (>67%)
REMIND-MAgPIE 2.1-4.2,EN_NPi2020_800,1.1866,2.0731,2.789,2.9849,3.7594,4.6625,4.7875,4.7306,4.8896,5.0891,C3,C3: limit warming to 2°C (>67%)
REMIND-MAgPIE 2.1-4.2,EN_NPi2020_800f,1.1866,2.0731,2.7943,2.9422,3.6554,4.6427,4.8499,4.7785,4.8886,5.0076,C3,C3: limit warming to 2°C (>67%)
REMIND-MAgPIE 2.1-4.2,EN_NPi2020_900,1.1866,2.0731,2.8021,2.8722,3.4556,4.5457,4.8926,4.843,4.9486,5.1183,C3,C3: limit warming to 2°C (>67%)
REMIND-MAgPIE 2.1-4.2,EN_NPi2020_900f,1.1866,2.0731,2.8032,2.8836,3.4839,4.5706,4.899,4.8246,4.8881,5.0263,C3,C3: limit warming to 2°C (>67%)
REMIND-MAgPIE 2.1-4.2,EN_NPi2100,1.1866,2.0731,2.827,2.7262,2.2687,2.0731,2.4109,3.3729,4.2434,4.9881,C7,C7: limit warming to 4°C (>50%)
REMIND-MAgPIE 2.1-4.2,EN_NPi2100_COV,1.1946,2.0852,2.8522,2.7775,2.2973,2.0177,2.2581,3.1643,4.0671,4.8894,C7,C7: limit warming to 4°C (>50%)
REMIND-MAgPIE 2.1-4.2,EN_NoPolicy,1.1866,1.9736,2.3443,2.2571,1.8973,1.7317,2.1705,3.168,3.9983,4.7742,C7,C7: limit warming to 4°C (>50%)
REMIND-MAgPIE 2.1-4.2,NGFS2_Below 2°C,1.1996,2.0586,2.7675,2.7622,3.0054,3.881,4.6178,5.107,5.2531,5.2563,C3,C3: limit warming to 2°C (>67%)
REMIND-MAgPIE 2.1-4.2,NGFS2_Below 2°C - IPD-95th,1.1996,2.0654,2.7899,2.6926,2.6964,3.3531,4.3001,5.128,5.3546,5.3539,C3,C3: limit warming to 2°C (>67%)
REMIND-MAgPIE 2.1-4.2,NGFS2_Below 2°C - IPD-median,1.1996,2.0629,2.7786,2.713,2.8053,3.5769,4.4772,5.1645,5.3467,5.3487,C3,C3: limit warming to 2°C (>67%)
REMIND-MAgPIE 2.1-4.2,NGFS2_Current Policies,1.1996,2.0586,2.9495,3.0363,2.6996,2.5361,2.8362,3.5473,4.0847,4.6277,C7,C7: limit warming to 4°C (>50%)
REMIND-MAgPIE 2.1-4.2,NGFS2_Current Policies - IPD-95th,1.1996,2.0654,2.9528,3.0322,2.6934,2.5311,2.8009,3.4665,3.9418,4.3717,C7,C7: limit warming to 4°C (>50%)
REMIND-MAgPIE 2.1-4.2,NGFS2_Current Policies - IPD-median,1.1996,2.0629,2.9525,3.0328,2.6938,2.5282,2.8028,3.4787,3.9718,4.444,C7,C7: limit warming to 4°C (>50%)
REMIND-MAgPIE 2.1-4.2,NGFS2_Delayed Transition,1.1996,2.0586,2.9495,3.8806,5.2031,5.8616,5.7103,5.361,4.9342,4.6214,C3,C3: limit warming to 2°C (>67%)
REMIND-MAgPIE 2.1-4.2,NGFS2_Divergent Net Zero Policies,1.1996,2.0586,2.9125,3.6162,4.7919,5.5537,5.6256,5.5409,5.4016,5.3494,C1,C1: limit warming to 1.5°C (>50%) with no or limited overshoot
REMIND-MAgPIE 2.1-4.2,NGFS2_Nationally Determined Contributions (NDCs),1.1996,2.0586,2.8835,2.8719,2.6185,2.7292,3.4945,4.676,5.3983,5.6499,C5,C5: limit warming to 2.5°C (>50%)
REMIND-MAgPIE 2.1-4.2,NGFS2_Net-Zero 2050,1.1996,2.0586,3.0139,4.3259,5.2312,5.2096,4.8654,4.7684,4.9642,5.2297,C1,C1: limit warming to 1.5°C (>50%) with no or limited overshoot
REMIND-MAgPIE 2.1-4.2,NGFS2_Net-Zero 2050 - IPD-95th,1.1996,2.0654,3.0158,4.3726,5.3407,5.2951,4.8415,4.5412,4.5625,4.7948,C1,C1: limit warming to 1.5°C (>50%) with no or limited overshoot
REMIND-MAgPIE 2.1-4.2,NGFS2_Net-Zero 2050 - IPD-median,1.1996,2.0629,3.023,4.417,5.3641,5.2902,4.8444,4.5873,4.6725,4.9221,C1,C1: limit warming to 1.5°C (>50%) with no or limited overshoot
REMIND-MAgPIE 2.1-4.2,SusDev_SDP-NPi,1.187,2.0729,2.7477,2.6269,2.8428,4.0141,5.2357,6.0509,5.9672,5.7218,C5,C5: limit warming to 2.5°C (>50%)
REMIND-MAgPIE 2.1-4.2,SusDev_SDP-PkBudg1000,1.187,2.0729,2.9177,3.212,4.3848,6.022,6.7891,7.0417,6.735,6.4204,C1,C1: limit warming to 1.5°C (>50%) with no or limited overshoot
REMIND-MAgPIE 2.1-4.2,SusDev_SSP1-NDC,1.187,2.0729,2.9042,3.0031,3.6287,5.4553,7.2373,8.1776,7.8588,7.5147,C5,C5: limit warming to 2.5°C (>50%)
REMIND-MAgPIE 2.1-4.2,SusDev_SSP1-NPi,1.187,2.0729,2.8619,2.9506,3.4831,5.0914,6.9145,8.033,7.7404,7.1595,C5,C5: limit warming to 2.5°C (>50%)
REMIND-MAgPIE 2.1-4.2,SusDev_SSP1-PkBudg900,1.187,2.0729,2.9859,4.1093,6.9107,9.2214,10.1441,10.5708,10.8764,11.9739,C1,C1: limit warming to 1.5°C (>50%) with no or limited overshoot
REMIND-MAgPIE 2.1-4.2,SusDev_SSP2-NDC,1.187,2.0729,2.8525,2.7692,2.5723,3.0708,4.4682,6.1386,7.2066,7.7831,C5,C5: limit warming to 2.5°C (>50%)
REMIND-MAgPIE 2.1-4.2,SusDev_SSP2-NPi,1.187,2.0729,2.8424,2.7334,2.2765,2.0974,2.5542,3.6533,4.5804,5.4828,C7,C7: limit warming to 4°C (>50%)
REMIND-MAgPIE 2.1-4.2,SusDev_SSP2-PkBudg900,1.187,2.0729,3.0963,5.1836,7.9278,9.4705,9.7516,9.4656,9.4315,9.8388,C1,C1: limit warming to 1.5°C (>50%) with no or limited overshoot
REMIND-MAgPIE 2.1-4.3,DeepElec_SSP2_ HighRE_Budg1100,1.2266,2.1394,2.7909,3.112,4.0431,4.8817,5.2594,5.5737,5.5896,5.6245,C3,C3: limit warming to 2°C (>67%)
REMIND-MAgPIE 2.1-4.3,DeepElec_SSP2_ HighRE_Budg1300,1.2266,2.1394,2.7624,2.7833,3.3052,4.2666,4.8451,5.2583,5.4137,5.5405,C3,C3: limit warming to 2°C (>67%)
REMIND-MAgPIE 2.1-4.3,DeepElec_SSP2_ HighRE_Budg900,1.2266,2.1394,3.0587,4.2258,5.2961,5.5611,5.6325,5.6072,5.555,5.6675,C1,C1: limit warming to 1.5°C (>50%) with no or limited overshoot
REMIND-MAgPIE 2.1-4.3,DeepElec_SSP2_Base,1.2266,1.9448,2.4157,2.6249,2.8424,3.5378,4.3979,5.3856,6.5284,8.0689,C7,C7: limit warming to 4°C (>50%)
REMIND-MAgPIE 2.1-4.3,DeepElec_SSP2_Npi,1.2266,2.1394,2.956,3.0379,3.1065,3.7506,4.7557,6.1736,7.6938,9.6078,C7,C7: limit warming to 4°C (>50%)
REMIND-MAgPIE 2.1-4.3,DeepElec_SSP2_def_Budg1100,1.2266,2.1394,2.8895,4.0481,7.1902,10.4847,12.5643,14.211,15.7052,17.5069,C2,C2: return warming to 1.5°C (>50%) after a high overshoot
REMIND-MAgPIE 2.1-4.3,DeepElec_SSP2_def_Budg1300,1.2266,2.1394,2.8258,3.2177,4.939,7.9725,10.2425,11.7486,12.8277,13.7329,C3,C3: limit warming to 2°C (>67%)
REMIND-MAgPIE 2.1-4.3,DeepElec_SSP2_def_Budg900,1.2266,2.1394,3.5464,7.6843,14.0719,17.8669,19.9499,21.7495,23.2275,24.2715,C1,C1: limit warming to 1.5°C (>50%) with no or limited overshoot
REMIND-Transport 2.1,Transport_Budg1100_Conv,1.1976,2.0927,3.1656,4.5667,6.8431,7.7295,7.5707,7.482,7.3952,7.5369,C3,C3: limit warming to 2°C (>67%)
REMIND-Transport 2.1,Transport_Budg1100_Conv-LowD,1.1976,2.0927,3.1442,4.2229,6.2285,7.3802,7.452,7.3891,7.3529,7.5355,C3,C3: limit warming to 2°C (>67%)
REMIND-Transport 2.1,Transport_Budg1100_ConvSyn,1.1976,2.0927,3.619,5.9147,8.6766,10.4116,10.9227,10.648,10.1953,10.1923,C3,C3: limit warming to 2°C (>67%)
REMIND-Transport 2.1,Transport_Budg1100_ElecPush,1.1976,2.0927,3.1152,3.9631,5.8051,7.0446,7.2306,7.2734,7.3405,7.6039,C3,C3: limit warming to 2°C (>67%)
REMIND-Transport 2.1,Transport_Budg1100_ElecPush-LowD,1.1976,2.0927,3.1159,3.8116,5.5061,6.7824,7.0703,7.1901,7.2,7.4308,C3,C3: limit warming to 2°C (>67%)
REMIND-Transport 2.1,Transport_Budg1100_H2Push,1.1976,2.0927,3.1465,4.4262,6.7025,7.8592,7.7887,7.5585,7.4567,7.6289,C3,C3: limit warming to 2°C (>67%)
REMIND-Transport 2.1,Transport_NDC_Conv,1.1976,2.0927,2.8996,2.8213,2.9852,3.8468,4.5314,5.1658,5.5313,5.8604,C6,C6: limit warming to 3°C (>50%)
REMIND-Transport 2.1,Transport_NPi_Conv,1.1976,2.0927,2.8762,2.722,2.4687,2.7422,3.2144,3.8927,4.3938,5.0323,C7,C7: limit warming to 4°C (>50%)
REMIND_EU 2.0,Eff_1p5,1.2269295,2.059386,2.0373251,1.5123472,1.4888354,1.5279442,1.8492184,2.3819724,3.0649642,3.5780172,failed-vetting,failed-vetting
REMIND_EU 2.0,Eff_Weak,1.2269295,2.059386,2.1681332,1.8472596,1.7561159,1.8480572,2.2792774,2.9818752,3.4664624,3.8562076,failed-vetting,failed-vetting
REMIND_EU 2.0,Eff_min80,1.2269295,2.059386,2.0329757,1.6569164,1.3800557,1.4618114,1.9857342,2.5497687,3.0543973,3.5733632,failed-vetting,failed-vetting
REMIND_EU 2.0,Incumb_1p5,1.2380238,2.0323581,2.1331462,3.3536419,5.4396308,6.1628302,6.2819274,6.1813669,6.0616929,6.5147072,failed-vetting,failed-vetting
REMIND_EU 2.0,Incumb_Weak,1.2380238,2.0323581,1.9657016,2.5948463000000004,3.8761762,5.3244955,5.931313,5.8864052,5.7220852,6.1328471,failed-vetting,failed-vetting
REMIND_EU 2.0,Incumb_min80,1.2380238,2.0323581,2.0387135,3.0663046,4.998170600000001,6.1002606,5.7545809,5.7277547,5.9624887,6.546888,failed-vetting,failed-vetting
REMIND_EU 2.0,NewPl_1p5,1.2265686,2.0402249,1.9412637,1.3535369000000002,1.2429551,1.3181377,1.680266,2.1068933000000003,2.6174034,3.2308059,failed-vetting,failed-vetting
REMIND_EU 2.0,NewPl_Weak,1.2265686,2.0402249,1.9357961,1.4944288,1.3692236,1.4521985,2.0108127,2.7763000000000004,3.2736244,3.5651292,failed-vetting,failed-vetting
REMIND_EU 2.0,NewPl_min80,1.2265686,2.0402249,1.8823559,1.4851655,1.2548568,1.3192867,1.8462353,2.3286833,2.7344141,3.1533800000000003,failed-vetting,failed-vetting
Reference,IEA Energy Statistics (r2017),1.160892,1.5838540320981735,2.7013086463312272,4.739899219451857,7.4481213641800394,10.125999836666516,12.618474006490132,14.993021706113096,17.0354550704976,18.388380460947275,failed-vetting,failed-vetting
TIAM-ECN 1.1,EN_INDCi2030_1000,1.644023302858949,2.639459909963788,5.707908319858412,12.86873569405908,18.79469222261804,15.8465957919729,10.5638441502905,9.24492042510887,9.849291422703942,9.981705480050042,C3,C3: limit warming to 2°C (>67%)
TIAM-ECN 1.1,EN_INDCi2030_1000_COV,1.644023422005879,2.510530252677708,5.824592997454329,12.28063831974729,18.37366625465043,16.21949756855757,13.10103754847414,10.17159461248353,11.76770655502785,13.96623668427548,C3,C3: limit warming to 2°C (>67%)
TIAM-ECN 1.1,EN_INDCi2030_1000_NDCp,1.644003554981199,2.715524115075365,5.270576412491055,12.74725697291117,18.91278519032772,15.97117680801825,10.18299213410999,9.084433660966306,9.439955821825173,9.677986207447104,C3,C3: limit warming to 2°C (>67%)
TIAM-ECN 1.1,EN_INDCi2030_1000f,1.644023302858949,2.639459909963788,5.707908319858412,8.866895768921093,14.43384869076584,12.69645645859252,11.30187014719129,8.74785523388664,8.718103907220794,5.94771688024503,C3,C3: limit warming to 2°C (>67%)
TIAM-ECN 1.1,EN_INDCi2030_1000f_COV,1.644023422005879,2.510530252677708,5.824592997454329,9.09492440789434,14.73579868669001,13.42304041595254,12.31791897391454,8.085100217978884,8.493524810976057,7.875581829718189,C3,C3: limit warming to 2°C (>67%)
TIAM-ECN 1.1,EN_INDCi2030_1000f_NDCp,1.644003554981199,2.715524115075365,5.270576412491055,9.168725889235116,14.81747143409412,13.49980307250132,12.42171889016745,8.251701158324753,8.708506928952325,8.59213445507086,C3,C3: limit warming to 2°C (>67%)
TIAM-ECN 1.1,EN_INDCi2030_1200,1.644023302858949,2.639459909963788,5.707908319858412,8.84744946253176,16.05258054387866,16.01396497657886,14.78406922445464,9.681853236982114,9.642098426032472,11.08659912965933,C3,C3: limit warming to 2°C (>67%)
TIAM-ECN 1.1,EN_INDCi2030_1200f,1.644023302858949,2.639459909963788,5.707908319858412,7.431534030817584,10.07273218336118,12.21301071657208,13.61198033112392,11.18993889940343,7.89138841934387,8.01990998285195,C3,C3: limit warming to 2°C (>67%)
TIAM-ECN 1.1,EN_INDCi2030_1400,1.644023302858949,2.639459909963788,5.707908319858412,8.040058310241957,12.42210511707997,15.36106011524107,14.92027005902608,13.09437014420466,11.56445831875818,12.25278282109497,C4,C4: limit warming to 2°C (>50%)
TIAM-ECN 1.1,EN_INDCi2030_1400f,1.644023302858949,2.639459909963788,5.707908319858412,8.366260353218484,10.91121289572258,13.31768629086417,14.79903948999593,14.02756534029998,12.12967827121558,10.19324283148062,C4,C4: limit warming to 2°C (>50%)
TIAM-ECN 1.1,EN_INDCi2030_1600,1.644023302858949,2.639459909963788,5.707908319858412,7.771817213084205,8.120679789474291,9.297990182703936,11.18279166270859,12.41050830938024,9.971509863651884,8.642750140659679,C4,C4: limit warming to 2°C (>50%)
TIAM-ECN 1.1,EN_INDCi2030_1600f,1.644023302858949,2.639459909963788,5.707908319858412,8.14417729301195,8.455457835138379,7.425678329569385,11.44558399978084,12.29877043416778,12.43403897377782,10.27707646878563,C5,C5: limit warming to 2.5°C (>50%)
TIAM-ECN 1.1,EN_INDCi2030_2000,1.644003410106067,2.630384435697348,5.589268073302097,7.483614805897389,7.679907098566874,4.343405891310773,7.017231816971856,10.2354845367546,11.98433851288251,8.991419741366244,C5,C5: limit warming to 2.5°C (>50%)
TIAM-ECN 1.1,EN_INDCi2030_2000f,1.644003237359893,2.630353957247697,5.589254062557877,7.483418566535027,7.67964822734118,4.343100372610576,7.017140364597645,10.23551068051696,11.98458879343662,8.991422378399575,C5,C5: limit warming to 2.5°C (>50%)
TIAM-ECN 1.1,EN_INDCi2030_2500,1.644023302858949,2.639459909963788,5.707908319858412,6.733109609869993,8.162877222950884,5.013922313358008,5.175220242281902,8.322807409113372,11.67114862561804,9.310365586303918,C5,C5: limit warming to 2.5°C (>50%)
TIAM-ECN 1.1,EN_INDCi2030_2500f,1.644023302858949,2.639459909963788,5.707908319858412,6.733101529404528,8.162821060363605,5.013915787186797,5.175209039746586,8.322821356572268,11.67113104569618,9.310360943365495,C5,C5: limit warming to 2.5°C (>50%)
TIAM-ECN 1.1,EN_INDCi2030_3000,1.644023302858949,2.639459909963788,5.707908319858412,6.215173283899263,7.846650686376892,4.941414321625035,3.331433258310471,3.288727833014154,7.666617380402435,6.589716304863591,C6,C6: limit warming to 3°C (>50%)
TIAM-ECN 1.1,EN_INDCi2030_3000f,1.6,2.6,5.7,6.2,7.8,5.0,3.3,3.3,7.7,6.6,C6,C6: limit warming to 3°C (>50%)
TIAM-ECN 1.1,EN_INDCi2030_900,1.644023302858949,2.639459909963788,5.707908319858412,16.83643428794621,23.55666056136923,16.09527962919063,10.98523320474955,11.30092869848452,13.30251760184092,15.45457401178828,C3,C3: limit warming to 2°C (>67%)
TIAM-ECN 1.1,EN_INDCi2030_900f,1.644023302858949,2.639459909963788,5.707908319858412,10.80938968881233,16.53729102546319,14.96688543270626,12.13688296315226,9.71245203563356,10.4720994744074,8.872251722692926,C3,C3: limit warming to 2°C (>67%)
TIAM-ECN 1.1,EN_INDCi2100,1.644023302858949,2.639459909963788,5.707908319858412,6.074662678172686,7.751771321304726,4.602318510809797,2.543477118694869,0.4616460209915095,0.6686369966803114,0.6372925916540847,C7,C7: limit warming to 4°C (>50%)
TIAM-ECN 1.1,EN_INDCi2100_COV,1.6,2.5,5.8,6.2,7.9,4.8,2.7,0.5,0.6,0.6,C7,C7: limit warming to 4°C (>50%)
TIAM-ECN 1.1,EN_INDCi2100_NDCp,1.644003554981199,2.715524115075365,5.270576412491055,6.106844107505716,7.902501037519352,4.997099502987219,2.477390654431374,0.5249745891611902,0.6463997232677292,0.5811671775659388,C7,C7: limit warming to 4°C (>50%)
TIAM-ECN 1.1,EN_NPi2020_1000,1.606501217209046,4.100466233466159,9.183452068025806,10.54497614718153,18.20911855546955,15.66367449568192,13.3155897997344,9.595680778705416,9.447713390057013,11.11230601283238,C3,C3: limit warming to 2°C (>67%)
TIAM-ECN 1.1,EN_NPi2020_1000_COV,1.651546920712275,3.82638134245154,9.198457878283282,11.37987619534299,18.89549328776942,17.00903207997338,14.6725980473734,10.04431778190441,11.28074795058121,12.08896887513247,C3,C3: limit warming to 2°C (>67%)
TIAM-ECN 1.1,EN_NPi2020_1000f,1.643999047434509,4.072328620531922,7.835348679203793,8.957714255417331,13.68046904270683,12.95573973162414,11.94727170424691,9.70729117531316,7.817359127505618,5.689803736043055,C3,C3: limit warming to 2°C (>67%)
TIAM-ECN 1.1,EN_NPi2020_1000f_COV,1.64399900575552,3.806910030266871,7.883537898033951,8.321853007747142,12.88444614750873,12.59928812730451,12.25169426980088,9.804729554702838,7.384606823061912,5.256249557818849,C3,C3: limit warming to 2°C (>67%)
TIAM-ECN 1.1,EN_NPi2020_1200,1.60175045600637,4.052284802643484,7.79877319804881,7.636452220178501,13.88212525902108,14.71914124662914,13.89703104056205,9.521882141140784,7.969522892318116,9.317929702039915,C3,C3: limit warming to 2°C (>67%)
TIAM-ECN 1.1,EN_NPi2020_1200f,1.640134181892446,3.957513414420212,7.07550083413618,7.420477433868672,8.76413954247428,11.3825135435524,12.39010741096552,12.40635219893119,8.205198650711706,6.271582486214344,C3,C3: limit warming to 2°C (>67%)
TIAM-ECN 1.1,EN_NPi2020_1400,1.627101102964229,3.97237439221649,7.076356214703081,8.41205688797762,12.03090110969402,14.6287795427726,13.74487904303455,12.57638088190201,9.742656079086965,11.38816877160033,C4,C4: limit warming to 2°C (>50%)
TIAM-ECN 1.1,EN_NPi2020_1400f,1.628530466728664,3.846272468188274,6.889799481616487,7.967096065882133,9.827080433366245,11.95987645642162,13.65590957531467,13.23886312076638,11.02472577337654,8.923409572350273,C4,C4: limit warming to 2°C (>50%)
TIAM-ECN 1.1,EN_NPi2020_1600,1.643990326890632,3.83123410883185,5.92928278185591,7.12699805916811,7.842219297213972,10.53010114692471,10.79264365359283,12.46591162874207,8.539580662395366,8.620250803538507,C4,C4: limit warming to 2°C (>50%)
TIAM-ECN 1.1,EN_NPi2020_1600f,1.643990497186465,3.750806450590877,5.2205016733803,7.19832224927352,7.963569394432056,7.973546149025021,10.53875540689886,12.18827362785345,11.63118250984309,8.28659087554482,C5,C5: limit warming to 2.5°C (>50%)
TIAM-ECN 1.1,EN_NPi2020_2000,1.64400932226636,3.724932174016579,5.002614936342029,8.626532882308181,7.770836978720963,5.842657945453441,7.866870597306467,10.9107648501547,11.98386973802234,8.468938796664714,C5,C5: limit warming to 2.5°C (>50%)
TIAM-ECN 1.1,EN_NPi2020_2000f,1.644010112845081,3.731137138050889,4.976654876596835,8.467838033008357,7.667038009587882,5.630219984356489,7.654878605516654,10.61465528131559,12.38623592330918,8.13401829905252,C5,C5: limit warming to 2.5°C (>50%)
TIAM-ECN 1.1,EN_NPi2020_2500,1.644009965607133,3.644737145200656,4.502869442569992,7.052291263928508,7.173295176656938,5.494244193665409,4.899497398979499,8.218006400851475,11.49659470279633,8.617504067755785,C5,C5: limit warming to 2.5°C (>50%)
TIAM-ECN 1.1,EN_NPi2020_2500f,1.644009798160734,3.644734692820403,4.502988802987148,7.052411624584026,7.173198585408276,5.494212457445191,4.898324102672614,8.216998021578185,11.4964693282877,8.618021791724706,C5,C5: limit warming to 2.5°C (>50%)
TIAM-ECN 1.1,EN_NPi2020_3000,1.644009738978281,3.689636938346226,4.499298724271577,6.414141382624313,7.422210907712895,5.122225042679158,2.947756660327867,3.764101204616128,7.367070286170002,6.296478721680174,C6,C6: limit warming to 3°C (>50%)
TIAM-ECN 1.1,EN_NPi2020_3000f,1.64400995786837,3.689603691721808,4.499374183472105,6.414243724114481,7.422413796165777,5.122384626186735,2.947916717205585,3.764419267401377,7.367392409170296,6.296571491360157,C6,C6: limit warming to 3°C (>50%)
TIAM-ECN 1.1,EN_NPi2020_800,1.7,4.0,12.2,15.1,20.0,15.4,9.4,9.2,9.9,9.7,C3,C3: limit warming to 2°C (>67%)
TIAM-ECN 1.1,EN_NPi2020_800f,1.7,4.3,9.4,11.0,16.3,13.3,10.3,9.2,9.2,7.1,C3,C3: limit warming to 2°C (>67%)
TIAM-ECN 1.1,EN_NPi2020_900,1.65312783701246,4.088718242704062,10.82582927121228,12.19794551738337,18.91193932479684,15.05757428340275,11.90411965279061,9.513783962266425,10.0139092325751,10.64772839543723,C3,C3: limit warming to 2°C (>67%)
TIAM-ECN 1.1,EN_NPi2020_900f,1.643999262534031,3.909481238865111,9.217640916436808,10.57786806381216,15.5432160920775,13.36081388817449,11.40165353118747,9.137593967953643,8.697514055979145,6.599365428435278,C3,C3: limit warming to 2°C (>67%)
TIAM-ECN 1.1,EN_NPi2100,1.644010717115631,3.564457299850967,4.054667368703732,5.993890766533321,6.999313367218297,5.821965712751806,2.649146920414882,0.4303087058942091,0.6608128965229357,0.6240212568188788,C7,C7: limit warming to 4°C (>50%)
TIAM-ECN 1.1,EN_NPi2100_COV,1.644010013229693,3.465889510629981,4.052671913539641,5.882386179135482,6.779897256035214,5.628557431049963,2.484847896370398,0.4392241637475471,0.6366968380811183,0.5793861466465579,C7,C7: limit warming to 4°C (>50%)
TIAM-ECN AFR 1.1,2DC,1.423058673664637,4.599429367156604,11.61152690913877,13.04239332968809,8.412833486133927,10.125999836666516,12.618474006490132,14.993021706113096,17.0354550704976,18.388380460947275,failed-vetting,failed-vetting
TIAM-ECN AFR 1.1,CAP,1.331961824007444,2.534361424808261,11.34014686053758,12.43925643358471,17.77610224079547,10.125999836666516,12.618474006490132,14.993021706113096,17.0354550704976,18.388380460947275,failed-vetting,failed-vetting
TIAM-ECN AFR 1.1,REF,1.347294578419822,1.247351389758859,1.558291066936053,1.710918047705349,3.067396433752647,10.125999836666516,12.618474006490132,14.993021706113096,17.0354550704976,18.388380460947275,failed-vetting,failed-vetting
TIAM-ECN AFR 1.1,TAX,1.324565239651681,1.690559402484176,9.174811999644714,12.12723204234587,15.36396023913447,10.125999836666516,12.618474006490132,14.993021706113096,17.0354550704976,18.388380460947275,failed-vetting,failed-vetting
TIAM-ECN ETH 1.1,RCP2.6,1.41683518169358,4.596116099418815,11.55208508862461,12.79126033396906,8.073440605419519,10.125999836666516,12.618474006490132,14.993021706113096,17.0354550704976,18.388380460947275,failed-vetting,failed-vetting
TIAM-ECN ETH 1.1,baseline,1.347294778430262,1.247810100776626,1.588046524225014,1.917820401461101,3.168586500655521,10.125999836666516,12.618474006490132,14.993021706113096,17.0354550704976,18.388380460947275,failed-vetting,failed-vetting
TIAM-ECN KEN 1.1,CAP,1.337395563140966,2.436505471308428,10.40018860284321,11.74749716088699,16.04848640831135,10.125999836666516,12.618474006490132,14.993021706113096,17.0354550704976,18.388380460947275,failed-vetting,failed-vetting
TIAM-ECN KEN 1.1,NDC,1.331963603945117,2.515967092047573,11.20901763811217,12.3279950062197,17.71360463863421,10.125999836666516,12.618474006490132,14.993021706113096,17.0354550704976,18.388380460947275,failed-vetting,failed-vetting
TIAM-ECN KEN 1.1,REF,1.347294769457685,1.243461689074287,1.53480027768107,1.707288959273001,3.084757044943713,10.125999836666516,12.618474006490132,14.993021706113096,17.0354550704976,18.388380460947275,failed-vetting,failed-vetting
TIAM-ECN KEN 1.1,TAX,1.324565637687061,1.684998304064086,9.168788093144828,12.11762546429956,15.3680749602916,10.125999836666516,12.618474006490132,14.993021706113096,17.0354550704976,18.388380460947275,failed-vetting,failed-vetting
TIAM-ECN MDG 1.1,NDC,1.351524384178506,1.81457779893859,8.084448657701342,10.33763887906606,18.90962814334721,10.125999836666516,12.618474006490132,14.993021706113096,17.0354550704976,18.388380460947275,failed-vetting,failed-vetting
TIAM-ECN MDG 1.1,NDC+,1.344987518032489,3.060566753967643,8.179949230917428,10.64990921517138,18.56956054455654,10.125999836666516,12.618474006490132,14.993021706113096,17.0354550704976,18.388380460947275,failed-vetting,failed-vetting
TIAM-ECN MDG 1.1,REF,1.351742401387918,1.443996412121405,1.88935369962339,2.801377465355192,4.082599125619644,10.125999836666516,12.618474006490132,14.993021706113096,17.0354550704976,18.388380460947275,failed-vetting,failed-vetting
TIAM-Grantham 1.0,Baseline,0.2719400558310499,0.670053476906999,5.484415607183481,11.1895003724988,12.2324012941666,12.7408133767097,14.2373503739643,16.1264435978712,15.3639230397824,16.9140893554181,failed-vetting,failed-vetting
TIAM-Grantham 3.2,CO_2Deg2020,0.215966382621,2.491656823493,2.826425079474,4.509817131963,10.278420285587,24.34326594528,30.84528181004,31.74459943407,31.71483445465,31.46481628793,no-climate-assessment,no-climate-assessment
TIAM-Grantham 3.2,CO_2Deg2030,0.215966382621,2.491656823493,3.095526991208,6.160616447880001,7.859831810159999,18.29998691378,29.18713366200999,31.72474509999,32.09496309569,31.6691671962,no-climate-assessment,no-climate-assessment
TIAM-Grantham 3.2,CO_BAU,0.215966382621,0.474927919859,0.465743690737,1.579321628235,1.8064930596,1.85888965751,1.834415821098,1.9739702272,2.332470468369999,2.26309423068,failed-vetting,failed-vetting
TIAM-Grantham 3.2,CO_Bridge,0.215966382621,2.491656823493,3.086650885326,6.786670126340002,8.433355355779998,17.70568326772,29.12120608251,31.09863810474,31.65288978749,31.15558420821,no-climate-assessment,no-climate-assessment
TIAM-Grantham 3.2,CO_CurPol,0.215966382621,2.491656823493,2.620663945817999,3.68633378037,2.603155788780001,2.81691960624,3.143258024091,3.608931325364,3.889300063442,4.97094679654,no-climate-assessment,no-climate-assessment
TIAM-Grantham 3.2,CO_GPP,0.215966382621,2.491656823493,3.086650885326,4.330902584632999,4.471887736009999,3.29107644067,2.99003585458,6.17664149901,13.15425380779,15.47306875121,no-climate-assessment,no-climate-assessment
TIAM-Grantham 3.2,CO_NDCplus,0.215966382621,2.491656823493,3.095526991208,3.384497239935,3.28450834348,4.15870909597,7.425753984417,9.80763831452,8.8898163937,7.61838913189,no-climate-assessment,no-climate-assessment
TIAM-Grantham 3.2,CSH,0.1966445505058903,0.4607884443680414,0.5928489780952779,4.739899219451857,7.4481213641800394,10.125999836666516,12.618474006490132,14.993021706113096,17.0354550704976,18.388380460947275,no-climate-assessment,no-climate-assessment
TIAM-Grantham 3.2,PCSH,0.1966445505058903,0.7522206673715983,0.91240749636206,4.739899219451857,7.4481213641800394,10.125999836666516,12.618474006490132,14.993021706113096,17.0354550704976,18.388380460947275,no-climate-assessment,no-climate-assessment
TIAM-Grantham 3.2,R,0.1771190413868512,0.4590627954541688,0.587305542450823,4.739899219451857,7.4481213641800394,10.125999836666516,12.618474006490132,14.993021706113096,17.0354550704976,18.388380460947275,no-climate-assessment,no-climate-assessment
TIAM-Grantham 3.2,SH,0.17811326572849,0.4599437859642743,0.5904271010706212,4.739899219451857,7.4481213641800394,10.125999836666516,12.618474006490132,14.993021706113096,17.0354550704976,18.388380460947275,no-climate-assessment,no-climate-assessment
TIAM-UCL 4.1.1,SSP2_1_5D-50_CCC2020,0.986760382356482,2.645897266684588,7.454167672005987,14.38270073195735,16.4688584616223,17.03373671778524,19.30611215859255,18.92405418759408,18.94782906371649,18.9527831629122,failed-vetting,failed-vetting
TIAM-UCL 4.1.1,SSP2_1_75D-66,1.12538260283196,2.03492531645605,4.712780907549361,8.54426308219408,13.0461678255649,11.8370335487766,9.1787890992186,7.47687961135605,6.36723264897565,8.176677560163808,failed-vetting,failed-vetting
TIAM-UCL 4.1.1,SSP2_1_75D-66_CCC2020,0.986760382356482,2.645897266684588,5.307815141314441,10.57637091188273,12.73303953485126,15.7391381208038,20.25749858566288,20.2327862778634,20.12622967185938,20.04220813127802,failed-vetting,failed-vetting
TIAM-UCL 4.1.1,SSP2_2D-66,1.12538260283196,2.03492531645605,4.54831853578234,8.56193830116278,11.996534470212,9.36440400685574,8.77026357362694,7.49860314328826,7.89716643522153,10.0200737231402,failed-vetting,failed-vetting
TIAM-UCL 4.1.1,SSP2_2D-66_CCC2020,0.986760382356482,2.645897266684588,2.226984649792418,2.927582961123326,6.18507813198798,12.17761651457078,16.79584624068727,21.48497737441393,22.13847521132828,22.3494012414771,failed-vetting,failed-vetting
TIAM-UCL 4.1.1,SSP2_BASE,1.12538260283196,2.03492531645605,2.04521616428484,1.87274014603087,1.94670166810814,1.93873070319257,2.03947285525514,2.17922886999816,2.25662574585146,2.47609150963354,failed-vetting,failed-vetting
TIAM-UCL 4.1.1,SSP2_BASE_CCC2020,0.986760382356482,2.645897266684588,1.723943501084196,1.434085212637553,1.278338261331036,1.146230055982778,1.143759119561054,1.240606269671807,1.223422493045363,1.283362771185875,failed-vetting,failed-vetting
TIAM-WORLD 1.0,20% abatement (FF&I),0.7698838656691908,3.718314736679858,3.138021085762567,4.960004387728336,7.077931890283402,9.12639937811804,10.4630089910135,14.05423517900896,15.62425021775822,17.7900810836549,failed-vetting,failed-vetting
TIAM-WORLD 1.0,20% abatement (GHG),0.7698838656691908,3.682423067482705,3.0844043921529893,4.822207812859418,7.352966283058654,9.406181049770316,11.79160553554107,14.41675525822576,17.19865035996339,18.64410665171562,failed-vetting,failed-vetting
TIAM-WORLD 1.0,450 concentration,0.7698838656691908,3.329102797465575,2.626640549107515,3.39095652615161,6.646933853269324,28.60260359442157,50.978687374527375,86.39676527099262,99.78819584565036,108.5834314700617,failed-vetting,failed-vetting
TIAM-WORLD 1.0,50% abatement (FF&I),0.7698838656691908,3.89148259241757,3.1784629676109524,6.957014475195547,10.46810840357511,14.63286265144557,16.12418892025737,16.93028815362412,17.03379663971327,16.29491271594534,failed-vetting,failed-vetting
TIAM-WORLD 1.0,50% abatement (GHG),0.7698838656691908,3.913131654104168,3.158690741836223,5.904085590517137,9.586791734187363,11.675597079473029,15.33825373933377,18.34599396579323,18.88444736407968,17.83016872172043,failed-vetting,failed-vetting
TIAM-WORLD 1.0,550 concentration,0.7698838656691908,2.067259141338118,2.561330283126649,4.0989118478790525,6.888877624528648,6.561544469532717,5.409625171927945,2.509837602847532,6.740371844225424,6.834360725972887,failed-vetting,failed-vetting
TIAM-WORLD 1.0,650 concentration,0.7698838656691908,1.514809056967581,1.562413445911227,1.6892350264372502,6.511910373846,7.857010363978344,8.470420690038017,6.836597078987724,3.549869882006391,1.213612697576621,failed-vetting,failed-vetting
TIAM-WORLD 1.0,Core baseline,0.7698838656691908,1.5233339166941882,1.535967830096516,1.601624957184464,4.907128721170985,7.029095381972243,8.50776345403327,12.10656392662187,13.6437816026848,14.34111353423123,failed-vetting,failed-vetting
TIAM-WORLD 1.0,High CO2 price,0.7698838656691908,3.030108226239843,2.619053502474574,4.018896512556098,4.701159525679428,3.854179438678413,2.803778835220299,11.53657350218757,47.62702131638555,129.2344407474531,failed-vetting,failed-vetting
TIAM-WORLD 1.0,Low CO2 price,0.7698838656691908,1.815094124493793,2.0884018650502782,3.2073015374066,6.846028839260996,7.844344051703257,8.519320080148288,7.857949968995395,5.8331212892033895,3.805750511810744,failed-vetting,failed-vetting
TIAM-WORLD 1.0,Policy baseline,1.589562592729418,3.932839381626769,5.995547396366039,15.261525894945231,21.84994437451338,25.209473347186808,28.38896338956411,30.05686129163039,30.95279387886965,34.13996882387977,failed-vetting,failed-vetting
WEM 2020,SDS,1.321,2.555,4.614,7.758,10.688,10.125999836666516,12.618474006490132,14.993021706113096,17.0354550704976,18.388380460947275,no-climate-assessment,no-climate-assessment
WEM 2021,NZE,1.321307995605469,2.542136352539063,5.066855859375,9.63208828125,11.8047603515625,10.125999836666516,12.618474006490132,14.993021706113096,17.0354550704976,18.388380460947275,no-climate-assessment,no-climate-assessment
WITCH 4.6,DISCRATE_Ref_dr2p,1.527759021135477,1.398351537024917,1.134533560202742,1.247359494250237,1.708940976289976,2.207834580280734,2.711520019006996,2.534539640022714,2.025147690619137,0.9753368625519468,C8,C8: exceed warming of 4°C (>=50%)
WITCH 4.6,DISCRATE_Ref_dr3p,1.506302838362355,1.520674026075063,1.134533557637804,1.267444694657073,1.530198405130238,2.220878886406454,2.6034211826439,2.407066776971032,1.935972365050213,0.8740556383401047,C8,C8: exceed warming of 4°C (>=50%)
WITCH 4.6,DISCRATE_Ref_dr4p,1.506302838362355,1.545395425821588,1.160474528144896,1.267445633920279,1.530218996663485,1.993150399392971,2.534652441311732,2.271879977812109,1.922200171483739,0.9165843414384596,C8,C8: exceed warming of 4°C (>=50%)
WITCH 4.6,DISCRATE_Ref_dr5p,1.496207702049928,1.545395425821588,1.25768483816678,1.267445762518035,1.530230842707953,1.993337038190963,2.311069791095995,2.526727383452962,2.222087035143109,0.4324634658314994,C8,C8: exceed warming of 4°C (>=50%)
WITCH 4.6,DISCRATE_cb1000_cdrall_dr2p,1.527759021135477,2.13060286005275,3.307080308880597,5.872926930567948,10.61439643836278,17.68491483971155,27.39286830316311,33.40994408018582,31.09970774926957,23.5566575485737,failed-vetting,failed-vetting
WITCH 4.6,DISCRATE_cb1000_cdrall_dr3p,1.506302838362355,1.807823029768578,2.855752824226712,5.318845211966252,10.43261563076593,17.73388382317165,26.29493164943271,29.866803155073,27.69403877132762,24.37653777827807,failed-vetting,failed-vetting
WITCH 4.6,DISCRATE_cb1000_cdrall_dr4p,1.506302838362355,1.712044837244589,2.324498618487143,4.201015069285674,8.618045456925024,17.00858367957753,24.25861184008902,25.79952453979337,24.80575953789481,23.10162960444482,failed-vetting,failed-vetting
WITCH 4.6,DISCRATE_cb1000_cdrall_dr5p,1.496207702049928,1.613427853135457,2.077271431842304,3.465938523749332,7.117765058660463,14.5996808846201,21.18061528220996,22.31318408873103,24.10592168742891,23.89127737492647,failed-vetting,failed-vetting
WITCH 4.6,DISCRATE_cb1000_cdrno_dr2p,1.527759021135477,4.946301199660309,2.677693718548911,0.6194634807020277,0.3467952563573787,0.2195526852229112,0.1389967028162465,0.0879975267263287,0.0557104652624687,0.0352698545146838,failed-vetting,failed-vetting
WITCH 4.6,DISCRATE_cb1000_cdrno_dr3p,1.506302838362355,3.616258830976684,2.657870216944817,0.6946530258575343,0.346795256806903,0.2195526858471164,0.1389967033795993,0.0879975269301991,0.0557104649604774,0.0352698538618353,failed-vetting,failed-vetting
WITCH 4.6,DISCRATE_cb1000_cdrno_dr4p,1.506302838362355,2.913260470606855,2.796058632204125,0.7299581459044477,0.3467952571147869,0.2195526863940033,0.1389967038630434,0.0879975269704629,0.0557104646220252,0.0352698532862986,failed-vetting,failed-vetting
WITCH 4.6,DISCRATE_cb1000_cdrno_dr5p,1.496207702049928,2.714597418419753,2.806334151332649,0.8346676650943474,0.3467952573820848,0.2195526867866773,0.1389967040081025,0.0879975266961435,0.0557104640974664,0.0352698524000676,failed-vetting,failed-vetting
WITCH 4.6,DISCRATE_cb400_cdrall_dr2p,1.527759021135477,2.592683422460845,4.839672794073943,8.966319933858127,14.99319186748421,22.51698167463261,26.81853271513221,27.2642118805162,22.94190219962918,21.49110942652673,failed-vetting,failed-vetting
WITCH 4.6,DISCRATE_cb400_cdrall_dr3p,1.506302838362355,2.278762393493673,3.647431229376296,6.419096372290177,12.05258372387396,20.90319829489848,22.41724644270636,23.18531983526698,23.12977036665605,22.83327951660598,failed-vetting,failed-vetting
WITCH 4.6,DISCRATE_cb400_cdrall_dr4p,1.506302838362355,1.711514412591916,2.83766911159915,5.251472444271418,9.54879499072231,16.47356858813612,19.15099751395003,20.03806741688651,22.86409233673619,24.28788243210526,failed-vetting,failed-vetting
WITCH 4.6,DISCRATE_cb400_cdrall_dr5p,1.496207702049928,1.668136914001206,2.345762345779308,4.752176954110731,8.576680520874918,14.37713326676343,17.59247169546254,21.25986063460927,23.26867983737739,26.08421746164389,failed-vetting,failed-vetting
WITCH 4.6,DISCRATE_cb400_cdrno_dr2p,1.527759021135477,2.070352253077445,0.8652511110681811,0.5477818371553927,0.3467952518203168,0.4159449593867789,0.258002235495073,0.1497643914538362,0.0557104508439834,0.0352698397335688,failed-vetting,failed-vetting
WITCH 4.6,DISCRATE_cb400_cdrno_dr3p,1.506302838362355,2.493725611276878,0.8652511111380206,0.5477818373198634,0.3467952521078732,0.4144386445664572,0.2409393251678847,0.1260410373764441,0.0557104502295333,0.035269838512856,failed-vetting,failed-vetting
WITCH 4.6,DISCRATE_cb400_cdrno_dr4p,1.506302838362355,2.788325768240323,0.8944558658089384,0.5477818379909954,0.3467952531356451,0.424719811935876,0.2274075201427797,0.1028141335518009,0.0560997543763331,0.0355163963908843,failed-vetting,failed-vetting
WITCH 4.6,DISCRATE_cb400_cdrno_dr5p,1.496207702049928,3.19781007426872,0.9743674719916106,0.5477818385982443,0.3467952537846183,0.4070658936738426,0.2077865801084125,0.0919445748410555,0.1188105162273703,0.035269836101853,failed-vetting,failed-vetting
WITCH 4.6,DISCRATE_cb600_cdrall_dr2p,1.527759021135477,2.348709403848497,3.802272854593561,6.401757426913703,12.98856347102871,21.92736008227577,28.87814943217974,30.50640249180828,26.43061189662388,23.66275719891155,failed-vetting,failed-vetting
WITCH 4.6,DISCRATE_cb600_cdrall_dr3p,1.506302838362355,2.164363335556444,3.492734938764699,6.026078069347012,11.47352473709717,20.29890215705871,24.79287668330364,25.30162817140789,22.12745494174427,21.07783120677941,failed-vetting,failed-vetting
WITCH 4.6,DISCRATE_cb600_cdrall_dr4p,1.506302838362355,1.711701277914239,2.618591776360448,4.837221227838149,9.426988280050736,17.78975297449392,20.98843833883456,21.70916739300411,22.58236813097233,23.1164462747415,failed-vetting,failed-vetting
WITCH 4.6,DISCRATE_cb600_cdrall_dr5p,1.496207702049928,1.646899071923098,2.279645578143149,4.364758637260493,7.825304117146977,14.25013188914586,17.9696826173864,20.04674953285126,23.24662779821481,25.42140360625298,failed-vetting,failed-vetting
WITCH 4.6,DISCRATE_cb600_cdrno_dr2p,1.527759021135477,2.967227018061179,1.140077288255314,0.5477818381984969,0.3467952540741253,0.2195526818005103,0.1389966980531987,0.0879975201461289,0.0557104575386914,0.0352698464781341,failed-vetting,failed-vetting
WITCH 4.6,DISCRATE_cb600_cdrno_dr3p,1.506302838362355,3.797191915067109,1.386804945258286,0.5477818388448248,0.3467952550918524,0.2195526829259998,0.1389966987099252,0.0914242271793252,0.0557104573358726,0.0352698458736729,failed-vetting,failed-vetting
WITCH 4.6,DISCRATE_cb600_cdrno_dr4p,1.506302838362355,4.501282997960375,1.534660994185193,0.5477818389853273,0.3467952553486483,0.2195526831844129,0.2998844631605812,0.1792568773947078,0.0557104566191577,0.0352698446961311,failed-vetting,failed-vetting
WITCH 4.6,DISCRATE_cb600_cdrno_dr5p,1.496207702049928,4.941296566370665,2.117560778342024,0.5477818394736189,0.3467952559382048,0.219552683731486,0.2943462788628207,0.1333179169128232,0.055710456264067,0.0359158665919692,failed-vetting,failed-vetting
WITCH 5.0,CO_2Deg2020,1.506420367785151,1.485540562439826,3.380477968382636,6.412961398939109,10.03146591201992,12.64444443477055,15.50688259130904,21.74106325710654,30.87301824129401,41.87619308811659,C3,C3: limit warming to 2°C (>67%)
WITCH 5.0,CO_2Deg2030,1.506420367785151,1.485540562439826,1.746495963845691,3.449658999308139,6.443024851545017,9.850285402895206,18.11096603593477,23.67360464948289,30.17331284891312,39.92198755689433,C3,C3: limit warming to 2°C (>67%)
WITCH 5.0,CO_BAU,1.506420367785151,1.087774093733411,0.8656969253976492,0.8769821576698088,0.7212036894118831,0.5333867832756618,0.3811735091401686,0.2776391752853401,0.1606995663946369,0.119529777748964,C7,C7: limit warming to 4°C (>50%)
WITCH 5.0,CO_Bridge,1.50702743527473,1.68680685502773,1.89351868504357,2.89464331227106,3.37635948550089,4.78986405099639,6.41451451090087,9.21563883725964,11.3291950180086,11.4294332414253,C3,C3: limit warming to 2°C (>67%)
WITCH 5.0,CO_CurPol,1.506420367785151,1.485540562439826,1.52259085058706,1.151898921405885,0.858572446086496,1.026849461480529,1.08789861838854,0.9304983331114932,0.8958026895853631,0.8922241422906252,C7,C7: limit warming to 4°C (>50%)
WITCH 5.0,CO_GPP,1.506420367785151,1.485540562439826,2.398167848009929,2.874043047795303,4.407089133981195,6.456696386541348,8.717380024828888,12.37532060413517,16.55079222017972,14.87602292611887,C5,C5: limit warming to 2.5°C (>50%)
WITCH 5.0,CO_NDC_2050convergence,1.506420367785151,1.485540562439826,1.746495963845691,1.96154125483463,2.462152570114492,3.284198474390051,4.919998779001364,7.269130169768387,9.64571680572246,10.80231256858917,C5,C5: limit warming to 2.5°C (>50%)
WITCH 5.0,CO_NDCplus,1.506420367785151,1.485540562439826,1.746495963845691,1.84258677224472,2.34944034963491,2.849526666976838,3.609437612175562,4.295795793313097,5.426728345342017,6.35573358100126,C6,C6: limit warming to 3°C (>50%)
WITCH 5.0,EN_INDCi2030_1000,1.507027435274727,1.510503625389193,2.783127792279859,3.039650502040183,6.242191079500482,10.38758244115012,13.3217717774894,17.65300637924734,23.06049215869097,28.36614521899769,C3,C3: limit warming to 2°C (>67%)
WITCH 5.0,EN_INDCi2030_1000_NDCp,1.507027435274727,1.521051677384474,2.817227683199098,3.165101769388281,6.467605788571095,10.74598612302441,15.61170798469979,20.94016371525353,27.51197344419408,32.69067731121603,C3,C3: limit warming to 2°C (>67%)
WITCH 5.0,EN_INDCi2030_1000f,1.507027435274727,1.510503625389193,2.783127792279859,3.08733456411925,6.129465920106487,9.994725623431624,13.08807205979363,18.05691616617204,25.34073511380285,36.06871681462375,C3,C3: limit warming to 2°C (>67%)
WITCH 5.0,EN_INDCi2030_1000f_NDCp,1.507027435274727,1.521051677384474,2.817227683199098,3.095100594258744,6.293907388841848,10.10001251948302,14.26800736421054,20.26480967861323,28.25321038820299,40.07177883911165,C3,C3: limit warming to 2°C (>67%)
WITCH 5.0,EN_INDCi2030_1200,1.507027435274727,1.510503625389193,2.783127792279859,2.981162124983422,5.478573471896439,9.173972664362347,13.23989386929546,20.21936662940695,29.21214272971053,35.22424304258691,C4,C4: limit warming to 2°C (>50%)
WITCH 5.0,EN_INDCi2030_1200_NDCp,1.507027435274727,1.521051677384474,2.817227683199098,3.010755578347155,5.865361990823481,9.792701462045477,14.54502699668476,21.97246899132613,32.91794614780771,38.16278136823619,C4,C4: limit warming to 2°C (>50%)
WITCH 5.0,EN_INDCi2030_1200f,1.507027435274727,1.510503625389193,2.783127792279859,2.901686186759928,5.006976510855177,8.964686813081137,12.34782083242307,16.93524594770385,23.27390664752438,31.51027306580386,C4,C4: limit warming to 2°C (>50%)
WITCH 5.0,EN_INDCi2030_1200f_NDCp,1.507027435274727,1.521051677384474,2.817227683199098,2.798170683222992,5.08055605659641,8.929264427729574,13.64748495496501,19.05777774127757,26.73525133396136,37.14123757324464,C4,C4: limit warming to 2°C (>50%)
WITCH 5.0,EN_INDCi2030_1400,1.507027435274727,1.510503625389193,2.783127792279859,2.443434347065062,3.488921075761534,6.793355440502602,12.16947834331954,17.44021033400206,25.15376272916393,33.687786328511,C4,C4: limit warming to 2°C (>50%)
WITCH 5.0,EN_INDCi2030_1400_NDCp,1.507027435274727,1.521051677384474,2.817227683199098,2.321626720770492,3.587378995842118,7.043517831373277,13.2366231593768,19.85798646709448,28.19408271930041,39.1873508174861,C4,C4: limit warming to 2°C (>50%)
WITCH 5.0,EN_INDCi2030_1400f,1.507027435274727,1.510503625389193,2.783127792279859,2.408605097887176,3.528877739533202,7.075994832677919,11.667403171063,16.58229963728312,21.74989744037967,30.01997428613797,C4,C4: limit warming to 2°C (>50%)
WITCH 5.0,EN_INDCi2030_1400f_NDCp,1.507027435274727,1.521051677384474,2.817227683199098,2.36059381275983,3.702119852688352,6.75988703095374,12.85024851112746,18.49151257296963,24.90074516610018,35.36471873835023,C4,C4: limit warming to 2°C (>50%)
WITCH 5.0,EN_INDCi2030_1600,1.507027435274727,1.510503625389193,2.783127792279859,2.253406496746091,2.781972307518841,5.316089614962362,10.56203115146292,17.43070750618359,24.289833989069,35.11936168967125,C5,C5: limit warming to 2.5°C (>50%)
WITCH 5.0,EN_INDCi2030_1600_NDCp,1.507027435274727,1.521051677384474,2.817227683199098,2.25282828684343,3.134871885010721,5.030525688767058,9.166167801646548,15.30298709604041,23.35974844110331,35.89150879629603,C5,C5: limit warming to 2.5°C (>50%)
WITCH 5.0,EN_INDCi2030_1600f,1.507027435274727,1.510503625389193,2.783127792279859,2.297629231429825,2.757586748657437,4.779704295493167,7.948534225748382,12.28548016839037,18.01987727372298,26.84904645986483,C5,C5: limit warming to 2.5°C (>50%)
WITCH 5.0,EN_INDCi2030_1600f_NDCp,1.507027435274727,1.521051677384474,2.817227683199098,2.252685679072163,3.058608852751686,4.871384369397213,8.516856194530266,13.9727274100719,20.85538581528392,31.52747520700117,C5,C5: limit warming to 2.5°C (>50%)
WITCH 5.0,EN_INDCi2030_1800,1.507027435274727,1.510503625389193,2.783127792279859,1.905134700978854,2.750027027728505,4.181786284697866,6.907568185276133,10.60869717385731,16.0105739502854,23.34537916040296,C5,C5: limit warming to 2.5°C (>50%)
WITCH 5.0,EN_INDCi2030_1800_NDCp,1.507027435274727,1.521051677384474,2.817227683199098,1.922596736359094,3.047045811516064,4.461733656341933,7.55978841404315,11.70467277418766,17.87361605010524,26.30915660270727,C5,C5: limit warming to 2.5°C (>50%)
WITCH 5.0,EN_INDCi2030_1800f,1.507027435274727,1.510503625389193,2.783127792279859,1.905134700978854,2.750027027728505,4.181786284697866,6.907568185276133,10.60869717385731,16.0105739502854,23.34537916040296,C5,C5: limit warming to 2.5°C (>50%)
WITCH 5.0,EN_INDCi2030_1800f_NDCp,1.507027435274727,1.521051677384474,2.817227683199098,1.922596736359094,3.047045811516064,4.461733656341933,7.55978841404315,11.70467277418766,17.87361605010524,26.30915660270727,C5,C5: limit warming to 2.5°C (>50%)
WITCH 5.0,EN_INDCi2030_2000,1.507027435274727,1.510503625389193,2.783127792279859,1.91810594244409,2.670579097132757,3.678078743426938,5.818250609039611,8.629762841430592,13.67853260210536,20.88045905705983,C5,C5: limit warming to 2.5°C (>50%)
WITCH 5.0,EN_INDCi2030_2000_NDCp,1.507027435274727,1.521051677384474,2.817227683199098,1.891245852576737,2.852107953452319,3.847634989069129,6.180609989224096,9.175130224557575,14.50444264486878,21.05155361478431,C5,C5: limit warming to 2.5°C (>50%)
WITCH 5.0,EN_INDCi2030_2000f,1.507027435274727,1.510503625389193,2.783127792279859,1.91810594244409,2.670579097132757,3.678078743426938,5.818250609039611,8.629762841430592,13.67853260210536,20.88045905705983,C5,C5: limit warming to 2.5°C (>50%)
WITCH 5.0,EN_INDCi2030_2000f_NDCp,1.507027435274727,1.521051677384474,2.817227683199098,1.891245852576737,2.852107953452319,3.847634989069129,6.180609989224096,9.175130224557575,14.50444264486878,21.05155361478431,C5,C5: limit warming to 2.5°C (>50%)
WITCH 5.0,EN_INDCi2030_2500,1.507027435274727,1.510503625389193,2.783127792279859,1.923024407038697,1.88790255443976,1.895453286885218,2.316191170017015,3.256669555779632,5.116553584047482,7.71805356627636,C5,C5: limit warming to 2.5°C (>50%)
WITCH 5.0,EN_INDCi2030_2500_NDCp,1.507027435274727,1.521051677384474,2.817227683199098,1.905458942507779,1.893977356964817,1.89457732295818,2.305445271412092,3.214093295311021,4.975342542888587,7.421182974349533,C5,C5: limit warming to 2.5°C (>50%)
WITCH 5.0,EN_INDCi2030_2500f,1.507027435274727,1.510503625389193,2.783127792279859,1.923024407038697,1.88790255443976,1.895453286885218,2.316191170017015,3.256669555779632,5.116553584047482,7.71805356627636,C5,C5: limit warming to 2.5°C (>50%)
WITCH 5.0,EN_INDCi2030_2500f_NDCp,1.507027435274727,1.521051677384474,2.817227683199098,1.905458942507779,1.893977356964817,1.89457732295818,2.305445271412092,3.214093295311021,4.975342542888587,7.421182974349533,C5,C5: limit warming to 2.5°C (>50%)
WITCH 5.0,EN_INDCi2030_3000,1.507027435274727,1.510503625389193,2.783127792279859,2.007535216920294,1.925884332573117,1.549247774058329,1.130263110087112,1.059543668194678,1.106127565797949,0.6745069141935608,C6,C6: limit warming to 3°C (>50%)
WITCH 5.0,EN_INDCi2030_3000_NDCp,1.507027435274727,1.521051677384474,2.817227683199098,2.024851659604445,1.938193144607786,1.512742317266015,1.118400306134449,1.062435580364636,1.095031314828671,0.674777245790369,C6,C6: limit warming to 3°C (>50%)
WITCH 5.0,EN_INDCi2030_3000f,1.507027435274727,1.510503625389193,2.783127792279859,2.007535216920294,1.925884332573117,1.549247774058329,1.130263110087112,1.059543668194678,1.106127565797949,0.6745069141935608,C6,C6: limit warming to 3°C (>50%)
WITCH 5.0,EN_INDCi2030_3000f_NDCp,1.507027435274727,1.521051677384474,2.817227683199098,2.024851659604445,1.938193144607786,1.512742317266015,1.118400306134449,1.062435580364636,1.095031314828671,0.674777245790369,C6,C6: limit warming to 3°C (>50%)
WITCH 5.0,EN_INDCi2030_500f,1.507027435274727,1.510503625389193,2.783127792279859,3.15118184327368,6.526194727972478,11.65823159069262,18.41773974209707,24.41986302561702,31.85382782300804,40.21787126507436,C2,C2: return warming to 1.5°C (>50%) after a high overshoot
WITCH 5.0,EN_INDCi2030_600f,1.507027435274727,1.510503625389193,2.783127792279859,2.967947662482298,6.475826966986705,9.81068145121023,16.30469790327778,23.55794232654239,29.69673335481848,39.47545583721658,C3,C3: limit warming to 2°C (>67%)
WITCH 5.0,EN_INDCi2030_600f_NDCp,1.507027435274727,1.521051677384474,2.817227683199098,2.954328900521897,6.590260649474922,10.59532789913239,16.92650270306403,25.63863259074828,33.1590752263614,45.20794656138787,C3,C3: limit warming to 2°C (>67%)
WITCH 5.0,EN_INDCi2030_700f,1.507027435274727,1.510503625389193,2.783127792279859,3.027380446947061,6.416881624681347,9.642691100565685,14.5660145807228,22.8369535452988,29.15289990167593,38.83205164365418,C3,C3: limit warming to 2°C (>67%)
WITCH 5.0,EN_INDCi2030_700f_NDCp,1.507027435274727,1.521051677384474,2.817227683199098,2.938533967958956,6.562874195281056,10.36499582724094,14.7807323797147,24.55003225803997,32.50826407478363,44.62389525033257,C3,C3: limit warming to 2°C (>67%)
WITCH 5.0,EN_INDCi2030_800,1.507027435274727,1.510503625389193,2.783127792279859,3.03117359272704,6.547258032614197,11.59574983956203,14.80437897473283,18.9789365845081,25.04496009875,31.53734739001274,C3,C3: limit warming to 2°C (>67%)
WITCH 5.0,EN_INDCi2030_800_NDCp,1.507027435274727,1.521051677384474,2.817227683199098,3.117939341385554,6.98072378897608,11.83493513335484,16.12262826178341,21.19518713668925,27.74064982752473,33.34393318218896,C3,C3: limit warming to 2°C (>67%)
WITCH 5.0,EN_INDCi2030_800f,1.507027435274727,1.510503625389193,2.783127792279859,2.953464750530032,6.260068652586064,9.653090887636084,13.12320651527832,20.68572924339619,28.38652197248125,38.18434165475939,C3,C3: limit warming to 2°C (>67%)
WITCH 5.0,EN_INDCi2030_800f_NDCp,1.507027435274727,1.521051677384474,2.817227683199098,2.95768043988536,6.247422986274228,10.44247875945621,14.5355132144095,23.21451763768589,31.83303341765855,43.91860745410121,C3,C3: limit warming to 2°C (>67%)
WITCH 5.0,EN_INDCi2030_900,1.507027435274727,1.510503625389193,2.783127792279859,3.055173682042489,6.56030544753412,10.38479070926722,14.86938871415141,18.95268986625071,24.64325870038349,31.49420524350544,C3,C3: limit warming to 2°C (>67%)
WITCH 5.0,EN_INDCi2030_900_NDCp,1.507027435274727,1.521051677384474,2.817227683199098,3.083450075970928,6.925782392142772,10.37923412798335,14.58627116694623,20.02767055572931,25.99130131931176,30.35037465557469,C3,C3: limit warming to 2°C (>67%)
WITCH 5.0,EN_INDCi2030_900f,1.507027435274727,1.510503625389193,2.783127792279859,3.038984425953461,6.129499775581969,10.40393453394107,13.26018615532456,19.81826824273337,27.01202024274209,37.12634060094646,C3,C3: limit warming to 2°C (>67%)
WITCH 5.0,EN_INDCi2030_900f_NDCp,1.507027435274727,1.521051677384474,2.817227683199098,3.055800987885904,6.276519260411968,10.91538313689766,14.48625707235962,20.45349108246249,29.52207180092645,42.82792466558045,C3,C3: limit warming to 2°C (>67%)
WITCH 5.0,EN_INDCi2100,1.507027435274727,1.510503625389193,2.783127792279859,1.598128874345655,4.550326897739822,4.018204848315661,3.623826788459946,3.282107702048735,3.03145430537335,2.625032906295756,C6,C6: limit warming to 3°C (>50%)
WITCH 5.0,EN_INDCi2100_NDCp,1.507027435274727,1.521051677384474,2.817227683199098,2.440505064028236,2.199671750444347,1.931835853083316,1.494178443766167,1.237481426052088,1.046875155004781,0.8970378374664914,C6,C6: limit warming to 3°C (>50%)
WITCH 5.0,EN_NPi2020_1000,1.507027435274727,1.502815483114688,2.723925359814459,4.227777798530831,7.450569767379665,11.55384761931735,16.55432219190329,24.28700467749135,32.97946773704145,37.94625001668098,C3,C3: limit warming to 2°C (>67%)
WITCH 5.0,EN_NPi2020_1000f,1.507027435274727,1.502815483114688,2.531273008147328,4.421919094184473,7.743221515462771,11.54941128002866,15.93863230406908,20.43280219399752,26.77375612707624,36.45718261959668,C3,C3: limit warming to 2°C (>67%)
WITCH 5.0,EN_NPi2020_1200,1.507027435274727,1.502815483114688,2.557390339163918,3.693449965746765,5.357726052666448,9.697223099939782,15.44424783138651,21.92018481588421,31.35155419864989,41.00495193747233,C4,C4: limit warming to 2°C (>50%)
WITCH 5.0,EN_NPi2020_1200f,1.507027435274727,1.502815483114688,2.560327107481457,3.244799985571272,5.604823969722183,10.0017789435437,14.9282122976656,20.26720385192055,25.37035666372321,35.0226403252144,C4,C4: limit warming to 2°C (>50%)
WITCH 5.0,EN_NPi2020_1400,1.507027435274727,1.502815483114688,2.136912792167956,3.088959780943773,4.171375480387757,7.52307171172745,13.31963643531893,20.66318935666355,28.58739910889501,41.1142458815291,C4,C4: limit warming to 2°C (>50%)
WITCH 5.0,EN_NPi2020_1400f,1.507027435274727,1.502815483114688,2.147312796484878,3.147513750125532,4.176715805696474,7.529711441754513,13.2253725741857,19.2075294339422,23.94553842364326,33.47562330558129,C4,C4: limit warming to 2°C (>50%)
WITCH 5.0,EN_NPi2020_1600,1.507027435274727,1.502815483114688,1.715731540399836,2.527307986245727,3.60536019605577,5.785310026295587,10.47336814354292,18.08684539862381,25.98346563749185,35.56808628625222,C4,C4: limit warming to 2°C (>50%)
WITCH 5.0,EN_NPi2020_1600f,1.507027435274727,1.502815483114688,1.731896634345239,2.630295763932586,3.745171801032184,6.207029425635707,9.732037011828712,14.68477928375151,20.56285247528204,29.12539801960296,C4,C4: limit warming to 2°C (>50%)
WITCH 5.0,EN_NPi2020_1800,1.507027435274727,1.502815483114688,1.67939664122154,2.468265137132993,3.542047766395613,5.287078491637671,8.11519726420668,11.85482073420846,17.81661549763579,25.29844668707164,C5,C5: limit warming to 2.5°C (>50%)
WITCH 5.0,EN_NPi2020_1800f,1.507027435274727,1.502815483114688,1.67939664122154,2.468265137132993,3.542047766395613,5.287078491637671,8.11519726420668,11.85482073420846,17.81661549763579,25.29844668707164,C5,C5: limit warming to 2.5°C (>50%)
WITCH 5.0,EN_NPi2020_2000,1.507027435274727,1.502815483114688,1.617667220628819,1.825456260728452,2.871655237899603,4.24042971249069,6.191726793565606,8.983571252410545,13.92964728197231,19.80196595184529,C5,C5: limit warming to 2.5°C (>50%)
WITCH 5.0,EN_NPi2020_2000f,1.507027435274727,1.502815483114688,1.617667220628819,1.825456260728452,2.871655237899603,4.24042971249069,6.191726793565606,8.983571252410545,13.92964728197231,19.80196595184529,C5,C5: limit warming to 2.5°C (>50%)
WITCH 5.0,EN_NPi2020_2500,1.507027435274727,1.502815483114688,1.55045060962639,1.44148288976813,1.556186420081528,1.760302948066261,2.154428656136085,2.966800360639531,4.470880768869186,7.369482789820704,C5,C5: limit warming to 2.5°C (>50%)
WITCH 5.0,EN_NPi2020_2500f,1.507027435274727,1.502815483114688,1.55045060962639,1.44148288976813,1.556186420081528,1.760302948066261,2.154428656136085,2.966800360639531,4.470880768869186,7.369482789820704,C5,C5: limit warming to 2.5°C (>50%)
WITCH 5.0,EN_NPi2020_3000,1.507027435274727,1.502815483114688,1.457606665609119,1.148463442001931,1.166106364323755,1.143810925621525,0.9504914059207964,0.915044025136177,0.901570480368908,0.551610517490981,C6,C6: limit warming to 3°C (>50%)
WITCH 5.0,EN_NPi2020_3000f,1.507027435274727,1.502815483114688,1.457606665609119,1.148463442001931,1.166106364323755,1.143810925621525,0.9504914059207964,0.915044025136177,0.901570480368908,0.551610517490981,C6,C6: limit warming to 3°C (>50%)
WITCH 5.0,EN_NPi2020_400f,1.507027435274727,1.502815483114688,3.01028218268455,6.165458921424706,10.04471814676558,12.13096805509879,18.35096839004224,27.32805549022415,34.52845226523031,44.48512271190755,C1,C1: limit warming to 1.5°C (>50%) with no or limited overshoot
WITCH 5.0,EN_NPi2020_450,1.507027435274727,1.502815483114688,3.234238442565657,6.232554928865127,11.6160865379842,13.70653531049455,17.38243702302382,22.14616903202387,26.90244337032124,31.25560684121165,C1,C1: limit warming to 1.5°C (>50%) with no or limited overshoot
WITCH 5.0,EN_NPi2020_450f,1.507027435274727,1.502815483114688,2.988620993612209,6.194374925317559,10.46801667052061,12.48204873260042,17.36483456579762,27.13356982265183,34.08033944391599,43.9910337144489,C1,C1: limit warming to 1.5°C (>50%) with no or limited overshoot
WITCH 5.0,EN_NPi2020_500,1.507027435274727,1.502815483114688,2.979611733471297,6.42616022336434,10.5502674431995,14.30667302491714,17.92238109981067,22.96816694906673,29.2785541980496,34.03774642038859,C1,C1: limit warming to 1.5°C (>50%) with no or limited overshoot
WITCH 5.0,EN_NPi2020_500f,1.507027435274727,1.502815483114688,3.005297356971951,6.216223051332452,10.62815541328584,13.17898481232711,16.93162843602442,25.80675808341045,33.7749163796378,43.61292818426998,C1,C1: limit warming to 1.5°C (>50%) with no or limited overshoot
WITCH 5.0,EN_NPi2020_600,1.507027435274727,1.502815483114688,2.927954394148338,6.415743825723652,10.19133001950581,13.70483378926666,18.49355677793853,23.05925312663667,27.96057763547745,32.76028490345708,C3,C3: limit warming to 2°C (>67%)
WITCH 5.0,EN_NPi2020_600f,1.507027435274727,1.502815483114688,2.940359838037785,5.721025488362538,10.01820810432811,13.33681102701681,16.83749591867799,24.76376631623823,32.25689967810416,42.49473903057143,C3,C3: limit warming to 2°C (>67%)
WITCH 5.0,EN_NPi2020_700,1.507027435274727,1.502815483114688,2.883627106291001,5.972007379692408,10.12711879949589,13.16260842732521,18.55517353937834,23.04423975754026,28.03056458354873,32.94959542662123,C3,C3: limit warming to 2°C (>67%)
WITCH 5.0,EN_NPi2020_700f,1.507027435274727,1.502815483114688,3.053137801977248,5.681006945663259,9.174221130956958,13.17169121673517,16.47652423919363,22.09979642091414,29.89468074862426,41.62314508329214,C3,C3: limit warming to 2°C (>67%)
WITCH 5.0,EN_NPi2020_800,1.507027435274727,1.502802762257597,2.816868323880283,5.102423352288509,8.974127308602522,12.2066470425218,17.87539310200055,23.21453984072145,27.79197317117091,33.25302948234494,C3,C3: limit warming to 2°C (>67%)
WITCH 5.0,EN_NPi2020_800f,1.507027435274727,1.502815483114688,2.915706296529354,5.119392990342679,9.036952742287175,12.57305755454227,16.3219390697007,22.10828478278169,28.8754417174094,39.50203092202298,C3,C3: limit warming to 2°C (>67%)
WITCH 5.0,EN_NPi2020_900,1.507027435274727,1.502802762257597,2.775140675311305,5.006440281207852,8.553612086980124,12.14498563451742,16.66680462421919,24.01655780128999,28.43085890007942,34.60866862705895,C3,C3: limit warming to 2°C (>67%)
WITCH 5.0,EN_NPi2020_900f,1.507027435274727,1.502815483114688,2.817044904620845,4.664427805836414,8.502241891968842,11.85110058056603,16.07772606400344,21.26339395953584,27.6003929400622,37.79080391384765,C3,C3: limit warming to 2°C (>67%)
WITCH 5.0,EN_NPi2100,1.507027435274727,1.502815483114688,1.364118532084382,1.126332964931257,1.009302527946896,0.9125270156526288,1.031650253800407,0.8681628992264171,0.8558325438442003,0.8606342698152072,C7,C7: limit warming to 4°C (>50%)
WITCH 5.0,EN_NoPolicy,1.507027435274727,1.356350250110755,0.9848696163859672,0.6336716835888493,0.4262536396461858,0.2860397029635664,0.1974804439015478,0.138587367509459,0.085922027178502,0.0729474234767576,C7,C7: limit warming to 4°C (>50%)
WITCH-GLOBIOM 3.1,SSP1-19,1.37958249003542,2.797104252317959,5.2888139669518,11.262901229803,20.4493728873564,30.6370577317288,41.94490916437829,58.0592422289853,63.6721351525407,63.0576174341811,C1,C1: limit warming to 1.5°C (>50%) with no or limited overshoot
WITCH-GLOBIOM 3.1,SSP1-26,1.37958249003542,3.28321652123188,8.233719425944951,15.3383707165005,23.2307801070804,27.7480621868071,32.9377844108382,33.9124126694058,30.9060374517464,37.1696498231661,failed-vetting,failed-vetting
WITCH-GLOBIOM 3.1,SSP1-34,1.37958249003542,2.81590897700584,3.17819405133159,4.36067997093738,6.37791935728628,9.15328705814466,16.4849337015395,25.9914700600009,28.3743182839164,28.4533928627217,failed-vetting,failed-vetting
WITCH-GLOBIOM 3.1,SSP1-45,1.37958249003542,2.67878615762223,3.13402465900383,4.23758394478388,5.15792985919314,5.35524374094269,5.18325611528238,5.663348841863179,5.7816813665333,6.15560563780815,failed-vetting,failed-vetting
WITCH-GLOBIOM 3.1,SSP1-Baseline,1.37958249003542,2.73816521143146,3.14668095878384,4.23178195418422,4.791332660308941,5.8161781204707,6.92442198628121,7.554397509954259,5.77887450211401,4.1427486377432,C7,C7: limit warming to 4°C (>50%)
WITCH-GLOBIOM 3.1,SSP2-26,1.37958249003542,3.59279593407777,11.1395290477426,18.2516607905426,23.1572639001159,28.79366631033309,43.3266508212367,60.039306060153,52.48422811302611,46.6105673508314,failed-vetting,failed-vetting
WITCH-GLOBIOM 3.1,SSP2-34,1.37958249003542,2.81312804108945,4.07078963530163,6.87999611913884,11.2095963377295,20.081467132934,32.6238862357411,43.89630828038361,58.5671072980798,43.7474803910864,failed-vetting,failed-vetting
WITCH-GLOBIOM 3.1,SSP2-45,1.37958249003542,2.5184959139268,3.77213366358616,4.12128719112808,5.46334116297385,8.76576884957803,15.4886410380245,26.4202720761816,33.4883257448158,34.6525412868122,failed-vetting,failed-vetting
WITCH-GLOBIOM 3.1,SSP2-60,1.37958249003542,2.39302965646705,2.82262233124127,3.75898345885647,4.46449107428664,4.47049295418009,4.45325904549278,6.12091125124775,9.14640083424292,7.613415719683759,failed-vetting,failed-vetting
WITCH-GLOBIOM 3.1,SSP2-Baseline,1.37958249003542,2.46261057576024,2.61959697812836,3.39208461114078,3.99983030922128,4.18552303618385,4.36458045307333,4.63689607700413,4.45770450368209,3.30563117919406,C8,C8: exceed warming of 4°C (>=50%)
WITCH-GLOBIOM 3.1,SSP3-34,1.37958249003542,2.84686217457576,5.93117292500903,8.389149830591661,13.4512302761038,20.5668106204199,26.0235672585781,30.5696433622289,43.37459722392429,48.5207929908449,failed-vetting,failed-vetting
WITCH-GLOBIOM 3.1,SSP3-45,1.37958249003542,2.3252374380419,3.2663885617804,4.12955768112237,5.727058932770691,7.826102396909911,11.5243479292481,18.5201000232491,30.4543792766748,35.4964246928925,failed-vetting,failed-vetting
WITCH-GLOBIOM 3.1,SSP3-60,1.37958249003542,2.27241490549174,2.3366508134978,2.79844158390356,4.028204742183561,3.70555823767956,4.59812742820633,5.95918148347727,8.61341352860409,10.9336804927824,failed-vetting,failed-vetting
WITCH-GLOBIOM 3.1,SSP3-Baseline,1.37958249003542,2.23970980670022,2.35242418825787,2.77021990067792,2.796111190387029,2.78129349165111,2.71310033165653,2.60190590105039,2.49465142205813,2.39429511522345,C8,C8: exceed warming of 4°C (>=50%)
WITCH-GLOBIOM 3.1,SSP4-19,1.37958249003542,2.35724326075425,5.35822279908813,11.334251517921,20.5857448085614,30.7469961398413,41.8772370745274,57.52971806672829,64.88422789627211,73.5905716911001,C1,C1: limit warming to 1.5°C (>50%) with no or limited overshoot
WITCH-GLOBIOM 3.1,SSP4-26,1.37958249003542,2.80807465469538,6.913921563374551,15.5813734629535,29.07794135173189,47.8938601686766,52.5337872465976,54.4819397728491,48.1790336465586,42.7074569810717,failed-vetting,failed-vetting
WITCH-GLOBIOM 3.1,SSP4-34,1.37958249003542,2.61874373907551,3.0083038225154,5.10171843464017,10.7885666816471,18.6009971817796,34.12307143152911,44.677333100635,47.08114248079289,37.0682402657955,failed-vetting,failed-vetting
WITCH-GLOBIOM 3.1,SSP4-45,1.37958249003542,2.35453390998233,3.05430551088647,4.16236393649963,4.36526739583342,5.46204542182154,9.83359226669308,16.6618231166098,17.645644990113,14.2767375519809,failed-vetting,failed-vetting
WITCH-GLOBIOM 3.1,SSP4-60,1.37958249003542,2.32569192379822,2.66795524672866,3.14700725888581,3.59185884397731,3.63611348066616,3.75506803687678,3.28034305975423,2.7549719517813,2.2202032184057,failed-vetting,failed-vetting
WITCH-GLOBIOM 3.1,SSP4-Baseline,1.37958249003542,2.47451964450285,2.66403765185095,3.11343677208073,3.59752234703789,3.71859010640744,3.84733543558857,3.2773427772604,2.64411793941687,2.19798011774305,C7,C7: limit warming to 4°C (>50%)
WITCH-GLOBIOM 3.1,SSP5-34,1.37958249003542,2.87349233327814,12.359785966329,23.4835289007467,41.2167789039162,50.0481638049981,55.8482060281678,58.2087851049914,54.4200182174018,42.58154734568,failed-vetting,failed-vetting
WITCH-GLOBIOM 3.1,SSP5-45,1.37958249003542,2.26485284555834,3.04729004934996,5.652424373239191,10.6381386056563,18.59311604073011,29.8726392144078,43.1729433753296,45.6654735417865,46.6459977825693,failed-vetting,failed-vetting
WITCH-GLOBIOM 3.1,SSP5-60,1.37958249003542,2.249133612360779,2.31219431037344,2.75271749111952,4.5111120647677,8.944963069009859,12.6397083455775,19.5583573857047,26.1344639823459,37.6069509450885,failed-vetting,failed-vetting
WITCH-GLOBIOM 3.1,SSP5-Baseline,1.37958249003542,2.24840492328528,2.20651065415249,2.57739676930623,2.95244417626843,3.11173934576299,3.08614490306392,3.07097846755479,3.31589616368435,3.86176137337743,C8,C8: exceed warming of 4°C (>=50%)
WITCH-GLOBIOM 4.2,ADVANCE_2020_1.5C-2100,1.26166911180256,4.94791762838918,4.433673154691481,9.84612771317597,19.3979953414463,29.1995858093562,43.1017556741281,59.5821386203171,71.1150652860202,74.74467726260029,failed-vetting,failed-vetting
WITCH-GLOBIOM 4.2,ADVANCE_2020_Med2C,1.26166911180256,4.94791762838918,5.966865397982169,7.79797080606243,12.4576782006689,22.5804289246963,43.412778120844,59.7036820283379,71.1596808976562,74.7946442028391,failed-vetting,failed-vetting
WITCH-GLOBIOM 4.2,ADVANCE_2020_WB2C,1.26166911180256,4.94791762838918,6.19417308048481,8.175127671063679,16.8391308235079,27.4670588466906,43.5111719464976,61.4027443164704,72.6278607806521,75.831104858767,failed-vetting,failed-vetting
WITCH-GLOBIOM 4.2,ADVANCE_2030_Med2C,1.26166911180256,4.94791762838918,5.803211511735411,8.67663221235385,12.2484613500007,22.6674168824097,39.2228682666458,56.3151824290145,69.2064303552189,74.6143791522128,failed-vetting,failed-vetting
WITCH-GLOBIOM 4.2,ADVANCE_2030_Price1.5C,1.26166911180256,4.94791762838918,5.803211511735411,8.73126240698826,15.4594018881409,26.0154380612,41.9391398178309,57.9649964592978,68.2453937822296,73.682665191536,failed-vetting,failed-vetting
WITCH-GLOBIOM 4.2,ADVANCE_2030_WB2C,1.26166911180256,4.94791762838918,5.803211511735411,8.429250145209929,14.8933450038946,24.5393212158874,40.0077247218476,58.0236470430853,71.1722059300382,76.0110660755175,failed-vetting,failed-vetting
WITCH-GLOBIOM 4.2,ADVANCE_INDC,1.26166911180256,4.94791762838918,5.803211511735411,9.0514861355311,11.3343304584799,15.4616679477385,17.0851655493279,15.4620047577896,16.911452072269,15.9193168033617,failed-vetting,failed-vetting
WITCH-GLOBIOM 4.2,ADVANCE_NoPolicy,1.26166911180256,2.06625732563209,2.9240978494672,3.5413407179284,4.747181110566809,4.64885602502365,4.61188418024143,4.57443482440116,4.240726743041169,2.11966969263389,C8,C8: exceed warming of 4°C (>=50%)
WITCH-GLOBIOM 4.2,ADVANCE_Reference,1.26166911180256,4.909164920534161,3.84933880587596,3.62609894476235,4.748941205799309,5.38422511797493,7.44885238787607,10.5847503419712,9.57516203765977,7.298438930254201,failed-vetting,failed-vetting
WITCH-GLOBIOM 4.2,EMF30_BCOC-EndU,1.26545987742246,2.11813066281429,3.01568999844229,3.54139748944394,4.46010293136588,4.463231606149731,4.62353213355164,4.40278736600729,4.160134655790779,2.06568895752918,C8,C8: exceed warming of 4°C (>=50%)
WITCH-GLOBIOM 4.2,EMF30_Baseline,1.26545987742246,2.1175904107129,3.01528872683497,3.54140813307298,4.46012007151126,4.46275484006971,4.62344762993969,4.40139123096404,4.12508448745422,2.04568531243921,C8,C8: exceed warming of 4°C (>=50%)
WITCH-GLOBIOM 4.2,EMF30_CH4-Only,1.26545987742246,2.25748654294583,3.38589895439196,4.30832242232841,4.797544055621679,5.02619144806676,5.47140683184076,5.47353365104957,4.696987341447509,2.56348528073209,C7,C7: limit warming to 4°C (>50%)
WITCH-GLOBIOM 4.2,EMF30_ClimPolicy,1.26545987742246,3.3952381139404,4.99787174347437,9.013154261835073,20.2048100053257,31.9667842287183,47.65995709279101,63.37126955027989,72.81155637736221,75.954680141754,failed-vetting,failed-vetting
WITCH-GLOBIOM 4.2,EMF30_ClimPolicy+SLCF,1.26545987742246,3.39244854792202,5.226373860012281,9.633623866985769,21.1582170203894,32.5278150491425,47.9706027662497,63.56868717689201,72.93655297692459,76.0335013783349,failed-vetting,failed-vetting
WITCH-GLOBIOM 4.2,EMF30_D_BCOC-Red,1.26545987742246,2.11761860611295,3.01531833127737,3.54140815442729,4.460108109241861,4.46278363559637,4.62355253308731,4.40283227057749,4.1611629848954,2.06828230164359,C8,C8: exceed warming of 4°C (>=50%)
WITCH-GLOBIOM 4.2,EMF30_D_CH4-ClimPolicy,1.26545987742246,2.25769604562761,3.36544542935683,4.31658675208578,8.09037682316854,11.0463893086601,12.2596088619019,13.8730244852503,10.6207180441115,5.65411014177318,failed-vetting,failed-vetting
WITCH-GLOBIOM 4.2,EMF30_D_CO2-Only,1.26545987742246,3.75131863404441,5.2234213342765,8.910198436016259,20.269377595505,32.0508204631175,47.9691844422816,63.5677338845424,72.9359488337453,76.033120413452,failed-vetting,failed-vetting
WITCH-GLOBIOM 4.2,EMF30_D_Frozen-CH4,1.26545987742246,2.11761896158225,3.01531880921127,3.54140813153044,4.46010809125749,4.4627776075634,4.62354132550868,4.40280809601655,4.16116624092131,2.06828502668668,C8,C8: exceed warming of 4°C (>=50%)
WITCH-GLOBIOM 4.2,EMF30_D_Frozen-EF,1.26545987742246,2.11761896158225,3.01531880921127,3.54140813153044,4.46010809125749,4.4627776075634,4.62354132550868,4.40280809601655,4.16116624092131,2.06828502668668,C7,C7: limit warming to 4°C (>50%)
WITCH-GLOBIOM 4.2,EMF30_D_Frozen-EF-EndU,1.26545987742246,2.11761860611295,3.01531833127737,3.54140815442729,4.460108109241861,4.46278363559637,4.62355253308731,4.40283227057749,4.1611629848954,2.06828230164359,C8,C8: exceed warming of 4°C (>=50%)
WITCH-GLOBIOM 4.2,EMF30_D_Frozen-EF-SLCF,1.26545987742246,2.11761860611295,3.01531833127737,3.54140815442729,4.460108109241861,4.46278363559637,4.62355253308731,4.40283227057749,4.1611629848954,2.06828230164359,C8,C8: exceed warming of 4°C (>=50%)
WITCH-GLOBIOM 4.2,EMF30_SLCF,1.26545987742246,2.25816136274882,3.3863300625559,4.30832796789098,4.79758902051521,5.02630199123336,5.46792869489046,5.47168635434343,4.69146590990978,2.52781335002047,C7,C7: limit warming to 4°C (>50%)
WITCH-GLOBIOM 4.2,EMF30_Slower-Action,1.263734200976,6.271468073853481,7.231174940185009,11.4819387853705,10.7553094232347,7.537179046427231,5.11646502922294,2.87473573575919,2.55163657186927,2.00649906622883,failed-vetting,failed-vetting
WITCH-GLOBIOM 4.2,EMF30_Slower-Action+SLCF,1.263734200976,6.24866748288712,6.96594665740674,11.0403564177107,10.8035457388578,7.920310168816821,5.25722334783134,2.95922620897124,2.23545713862313,1.76369284493388,failed-vetting,failed-vetting
WITCH-GLOBIOM 4.2,EMF30_Slower-to-faster,1.263734200976,6.271468073853481,7.231174940185009,36.9936243039851,38.621602376843,32.1596476875864,29.717473220127,29.4145334752961,31.8572625051676,32.3238285032159,failed-vetting,failed-vetting
WITCH-GLOBIOM 4.2,EMF30_Slower-to-faster+SLCF,1.263734200976,6.24866748288712,6.96594665740674,37.2126461524923,39.2140824824041,32.3908813764088,29.873981265092,29.4761909467657,32.0363438887286,32.3754624554075,failed-vetting,failed-vetting
WITCH-GLOBIOM 4.2,EMF30_Slower-to-faster+SLCF+HFC,1.263734200976,6.24866748288712,6.96594665740674,37.2137880690962,39.2154688730657,32.3937935398454,29.8719263141762,29.4759723945329,32.0378595026794,32.3758023859976,failed-vetting,failed-vetting
WITCH-GLOBIOM 4.4,CD-LINKS_INDC2030i_1600,1.49746381806582,2.12901565326662,4.8342027050367,4.95834219392795,8.846257403129789,16.1446839214367,27.3920825004004,38.24886891836029,42.0975393903559,43.6017785569586,C3,C3: limit warming to 2°C (>67%)
WITCH-GLOBIOM 4.4,CD-LINKS_INDCi,1.49746381806582,2.12901565326662,4.8342027050367,2.26973040355871,2.73320643851165,3.34456558117895,3.51103937962335,3.14054686310945,2.3677118425302,1.06197578349508,C7,C7: limit warming to 4°C (>50%)
WITCH-GLOBIOM 4.4,CD-LINKS_NDC2030i_1000,1.49746381806582,2.12901565326662,4.8342027050367,5.310710886963821,7.95966112116462,17.4250284159188,26.6619382196477,36.926473819865,45.1873162921826,50.4624679781428,C2,C2: return warming to 1.5°C (>50%) after a high overshoot
WITCH-GLOBIOM 4.4,CD-LINKS_NPi,1.49746381806582,2.16264813532957,1.22461208913157,1.62937163807192,1.69785745536812,1.99584006917206,2.78766631338562,2.8324522051472,2.26887176472563,0.5992314909263791,C7,C7: limit warming to 4°C (>50%)
WITCH-GLOBIOM 4.4,CD-LINKS_NPi2020_1000,1.49746381806582,2.16264813532957,4.26481260937378,7.57404217326404,12.8676818402293,20.9145862520686,27.3018871259533,28.019052583704,31.9872486317595,41.9550048797806,C1,C1: limit warming to 1.5°C (>50%) with no or limited overshoot
WITCH-GLOBIOM 4.4,CD-LINKS_NPi2020_1600,1.49746381806582,2.16264813532957,3.32902654754722,6.7814351824421,12.4542193249676,21.8068806074551,26.205639364474,29.329623408616,32.6972471751909,36.8028046179464,C3,C3: limit warming to 2°C (>67%)
WITCH-GLOBIOM 4.4,CD-LINKS_NPi2020_400,1.49746381806582,2.16264813532957,5.704883346579041,7.734304311787361,14.6193115488642,24.0280448017302,34.6084632923346,47.5934341926013,54.7123070102295,52.5694492293435,C1,C1: limit warming to 1.5°C (>50%) with no or limited overshoot
WITCH-GLOBIOM 4.4,CD-LINKS_NoPolicy,1.49746381806582,1.49659171426601,1.22467144108684,1.22172186828969,1.69759495758568,2.06451597421479,2.81365680987271,2.83616398205383,2.28028196953895,0.534184103311964,C7,C7: limit warming to 4°C (>50%)
