Model,Scenario,2010,2020,2030,2040,2050,2060,2070,2080,2090,2100,Category,Category_name
AIM/CGE 2.0,ADVANCE_2020_1.5C-2100,15.6363,20.6869,21.4164,11.9611,13.0899,17.547,19.2557,19.9751,19.7984,28.1876,failed-vetting,failed-vetting
AIM/CGE 2.0,ADVANCE_2020_Med2C,15.6363,20.6875,22.5071,21.8545,21.0687,21.9726,24.2904,25.5603,27.0075,29.5466,failed-vetting,failed-vetting
AIM/CGE 2.0,ADVANCE_2020_WB2C,15.6363,20.6875,22.494,18.5495,23.7511,26.782,28.4528,31.7459,34.169,34.9947,failed-vetting,failed-vetting
AIM/CGE 2.0,ADVANCE_2030_Med2C,15.6363,20.9234,24.7677,18.3369,19.7954,24.1476,26.2832,27.4973,28.7426,31.2959,failed-vetting,failed-vetting
AIM/CGE 2.0,ADVANCE_2030_Price1.5C,15.4747,20.5832,24.7532,11.5482,11.4743,20.2529,22.8848,24.7343,24.8383,34.1722,failed-vetting,failed-vetting
AIM/CGE 2.0,ADVANCE_2030_WB2C,15.6363,20.9234,24.7677,18.3108,13.3889,18.2551,14.0725,21.4967,25.505,22.8514,failed-vetting,failed-vetting
AIM/CGE 2.0,ADVANCE_INDC,15.4747,20.6067,24.88,25.2331,26.2492,27.2137,25.7544,28.1654,30.131,30.8659,failed-vetting,failed-vetting
AIM/CGE 2.0,ADVANCE_NoPolicy,15.6286,21.0225,26.8905,32.0599,36.6701,40.6641,44.2176,48.8567,54.6727,59.8907,failed-vetting,failed-vetting
AIM/CGE 2.0,ADVANCE_Reference,15.4747,20.6067,23.1378,25.0265,26.8852,29.31900000000001,31.7843,34.029,36.9079,41.2719,failed-vetting,failed-vetting
AIM/CGE 2.0,EMF30_BCOC-EndU,15.0897,19.4308,24.1539,28.2117,32.1821,36.5063,40.5401,44.0506,46.4992,49.9004,failed-vetting,failed-vetting
AIM/CGE 2.0,EMF30_Baseline,15.0952,19.3895,23.9927,28.1103,32.111,36.4505,40.5004,44.0101,46.4666,49.9199,failed-vetting,failed-vetting
AIM/CGE 2.0,EMF30_CH4-Only,15.107,19.1414,22.7126,26.3819,30.1543,34.4052,38.5001,41.8745,44.0855,47.2648,failed-vetting,failed-vetting
AIM/CGE 2.0,EMF30_ClimPolicy,15.1475,19.4994,20.2884,18.9251,18.3007,20.5457,24.121,26.8373,27.5127,22.4468,failed-vetting,failed-vetting
AIM/CGE 2.0,EMF30_ClimPolicy+SLCF,15.1421,19.5832,20.059,19.0002,18.6099,20.843,24.404,27.0389,27.6713,22.4278,failed-vetting,failed-vetting
AIM/CGE 2.0,EMF30_D_BCOC-Red,15.0952,19.3895,23.9927,28.1103,32.111,36.4505,40.5004,44.0101,46.4666,49.9199,failed-vetting,failed-vetting
AIM/CGE 2.0,EMF30_D_CH4-ClimPolicy,15.1072,19.1549,22.8438,26.6374,30.6559,35.905,42.7159,45.8059,47.6507,50.03899999999999,failed-vetting,failed-vetting
AIM/CGE 2.0,EMF30_D_CO2-Only,15.1521,19.4891,20.4783,18.3748,17.9428,21.7059,16.7559,19.2669,21.4826,20.4879,failed-vetting,failed-vetting
AIM/CGE 2.0,EMF30_D_Frozen-CH4,15.0952,19.3895,23.9927,28.1103,32.111,36.4505,40.5004,44.0101,46.4666,49.9199,failed-vetting,failed-vetting
AIM/CGE 2.0,EMF30_D_Frozen-EF,15.0952,19.3895,23.9927,28.1103,32.111,36.4505,40.5004,44.0101,46.4666,49.9199,failed-vetting,failed-vetting
AIM/CGE 2.0,EMF30_D_Frozen-EF-EndU,15.0952,19.3895,23.9927,28.1103,32.111,36.4505,40.5004,44.0101,46.4666,49.9199,failed-vetting,failed-vetting
AIM/CGE 2.0,EMF30_D_Frozen-EF-SLCF,15.0952,19.3895,23.9927,28.1103,32.111,36.4505,40.5004,44.0101,46.4666,49.9199,failed-vetting,failed-vetting
AIM/CGE 2.0,EMF30_SLCF,15.1018,19.1831,22.8742,26.4882,30.2342,34.4762,38.5678,41.9548,44.1818,47.3814,failed-vetting,failed-vetting
AIM/CGE 2.0,EMF30_Slower-Action,15.1475,19.5087,22.0956,22.5241,22.4121,24.0307,26.3983,28.7952,30.9217,31.6775,failed-vetting,failed-vetting
AIM/CGE 2.0,EMF30_Slower-Action+SLCF,15.1419,19.6293,22.2064,22.6488,22.5492,23.6761,25.54300000000001,27.7913,29.686,29.8217,failed-vetting,failed-vetting
AIM/CGE 2.0,EMF30_Slower-to-faster,15.1475,19.5087,22.1029,16.8038,15.9348,20.1196,24.419,26.5184,25.9981,20.7204,failed-vetting,failed-vetting
AIM/CGE 2.0,EMF30_Slower-to-faster+SLCF,15.1474,19.5391,22.2114,17.0814,13.5524,12.5964,17.8887,20.5438,22.4522,20.6331,failed-vetting,failed-vetting
AIM/CGE 2.0,EMF30_Slower-to-faster+SLCF+HFC,15.1474,19.5391,22.211,17.0714,13.5296,12.5839,17.8925,20.5482,22.4566,20.6366,failed-vetting,failed-vetting
AIM/CGE 2.0,SFCM_SSP2_Bio_1p5Degree,15.0524,18.7706,16.812,12.2659,18.1306,19.2954,18.4107,19.4642,21.6346,23.73,failed-vetting,failed-vetting
AIM/CGE 2.0,SFCM_SSP2_Bio_2Degree,15.0524,18.7706,19.7889,16.33,16.3078,17.9727,20.5806,22.9833,24.8241,26.134,failed-vetting,failed-vetting
AIM/CGE 2.0,SFCM_SSP2_Bio_Baseline,15.0979,19.1165,23.493,27.2388,30.699,34.3881,37.8267,40.8079,42.9664,45.6174,failed-vetting,failed-vetting
AIM/CGE 2.0,SFCM_SSP2_EEEI_1p5Degree,14.6486,16.9252,15.0025,10.295,12.4022,13.5492,9.8671,9.5884,9.7915,9.5232,failed-vetting,failed-vetting
AIM/CGE 2.0,SFCM_SSP2_EEEI_2Degree,14.6486,16.9252,17.0591,13.2943,12.1648,13.7058,15.4368,16.5597,17.3463,17.7855,failed-vetting,failed-vetting
AIM/CGE 2.0,SFCM_SSP2_EEEI_Baseline,14.6934,17.379,20.0648,22.3597,24.0209,25.7814,27.8081,29.5404,30.9176,31.5561,failed-vetting,failed-vetting
AIM/CGE 2.0,SFCM_SSP2_LifeStyle_1p5Degree,14.9494,18.3065,16.4746,12.3293,17.3694,17.9805,16.3223,17.2569,19.0862,20.9689,failed-vetting,failed-vetting
AIM/CGE 2.0,SFCM_SSP2_LifeStyle_2Degree,14.9494,18.3065,19.1813,15.6154,15.0201,16.913,19.5944,21.6496,23.2131,24.4826,failed-vetting,failed-vetting
AIM/CGE 2.0,SFCM_SSP2_LifeStyle_Baseline,14.9946,18.7561,22.8668,26.4779,29.6285,32.9617,36.0997,38.8038,40.5995,41.7177,failed-vetting,failed-vetting
AIM/CGE 2.0,SFCM_SSP2_Ref_1p5Degree,15.0496,18.7638,16.5635,11.9996,17.0205,17.7275,15.644,16.5249,17.9633,19.4103,failed-vetting,failed-vetting
AIM/CGE 2.0,SFCM_SSP2_Ref_2Degree,15.0496,18.7638,19.574,16.2748,16.2496,18.3607,21.126,23.4815,25.2948,26.6069,failed-vetting,failed-vetting
AIM/CGE 2.0,SFCM_SSP2_Ref_Baseline,15.095,19.1002,23.452,27.1758,30.6872,34.4726,38.0198,41.145,43.3261,46.0036,failed-vetting,failed-vetting
AIM/CGE 2.0,SFCM_SSP2_ST_CCS_1p5Degree,15.0496,18.7638,17.0207,12.9693,21.5135,19.7305,17.8921,19.0161,21.065,23.1148,failed-vetting,failed-vetting
AIM/CGE 2.0,SFCM_SSP2_ST_CCS_2Degree,15.0496,18.7638,19.6885,17.0771,17.808,19.7649,22.7127,25.135,27.0991,28.3528,failed-vetting,failed-vetting
AIM/CGE 2.0,SFCM_SSP2_ST_CCS_Baseline,15.095,19.1002,23.452,27.1758,30.6872,34.4726,38.0198,41.145,43.3261,46.0036,failed-vetting,failed-vetting
AIM/CGE 2.0,SFCM_SSP2_ST_bio_1p5Degree,15.0493,18.765,16.5709,12.0306,17.3531,18.3177,16.6217,17.7329,19.5455,21.4224,failed-vetting,failed-vetting
AIM/CGE 2.0,SFCM_SSP2_ST_bio_2Degree,15.0493,18.765,19.5702,16.1604,16.0532,17.9166,20.5955,22.9344,24.863,26.1839,failed-vetting,failed-vetting
AIM/CGE 2.0,SFCM_SSP2_ST_bio_Baseline,15.0947,19.0999,23.4513,27.1688,30.6261,34.3409,37.8155,40.8359,42.9915,45.6348,failed-vetting,failed-vetting
AIM/CGE 2.0,SFCM_SSP2_ST_nuclear_1p5Degree,15.0891,19.11,16.8452,12.1829,16.8824,17.4056,14.9535,15.692,16.8493,17.6107,failed-vetting,failed-vetting
AIM/CGE 2.0,SFCM_SSP2_ST_nuclear_2Degree,15.0891,19.11,20.1519,16.7091,16.4092,18.3215,21.0244,23.2128,24.7997,25.7181,failed-vetting,failed-vetting
AIM/CGE 2.0,SFCM_SSP2_ST_nuclear_Baseline,15.1353,19.4276,23.9831,27.7831,31.2902,35.1151,38.6444,41.7161,43.7256,45.6561,failed-vetting,failed-vetting
AIM/CGE 2.0,SFCM_SSP2_ST_solar_1p5Degree,15.0478,18.7375,16.3228,11.5976,15.8697,16.57,14.0768,14.9763,16.4568,17.8152,failed-vetting,failed-vetting
AIM/CGE 2.0,SFCM_SSP2_ST_solar_2Degree,15.0478,18.7375,19.3453,15.7548,15.4825,17.436,20.0229,22.0139,23.6607,25.0576,failed-vetting,failed-vetting
AIM/CGE 2.0,SFCM_SSP2_ST_solar_Baseline,15.0932,19.0867,23.4061,27.0632,30.4535,34.1984,37.7295,40.8106,42.9723,45.6034,failed-vetting,failed-vetting
AIM/CGE 2.0,SFCM_SSP2_ST_wind_1p5Degree,15.046,18.7183,16.2747,11.4398,15.3074,15.9654,13.6468,14.2889,15.3963,16.4345,failed-vetting,failed-vetting
AIM/CGE 2.0,SFCM_SSP2_ST_wind_2Degree,15.046,18.7183,19.2679,15.5772,15.1332,17.1577,19.7398,21.8579,23.855,25.5394,failed-vetting,failed-vetting
AIM/CGE 2.0,SFCM_SSP2_ST_wind_Baseline,15.0915,19.0763,23.3798,27.0167,30.4155,34.1428,37.6674,40.7751,42.9099,45.0933,failed-vetting,failed-vetting
AIM/CGE 2.0,SFCM_SSP2_SupTech_1p5Degree,15.0833,19.0375,16.7642,12.1583,18.3777,16.5876,15.1116,15.9158,17.1662,18.1203,failed-vetting,failed-vetting
AIM/CGE 2.0,SFCM_SSP2_SupTech_2Degree,15.0833,19.0375,19.7271,16.5593,16.0909,17.1798,19.5919,21.6504,23.0252,23.9461,failed-vetting,failed-vetting
AIM/CGE 2.0,SFCM_SSP2_SupTech_Baseline,15.1295,19.389,23.8619,27.5,30.7114,34.3437,37.7431,40.6385,42.5441,44.322,failed-vetting,failed-vetting
AIM/CGE 2.0,SFCM_SSP2_combined_1p5Degree,14.5763,16.7645,15.2108,10.6745,13.6117,13.2862,11.16,10.8036,10.6147,10.0167,failed-vetting,failed-vetting
AIM/CGE 2.0,SFCM_SSP2_combined_2Degree,14.5763,16.7645,16.81900000000001,13.1402,11.2598,11.4061,12.5255,13.2671,13.5876,13.4708,failed-vetting,failed-vetting
AIM/CGE 2.0,SFCM_SSP2_combined_Baseline,14.6215,17.3235,19.9251,22.1023,23.1762,24.3434,25.7443,26.588,27.2514,27.0048,failed-vetting,failed-vetting
AIM/CGE 2.0,SSP1-19,15.3129,19.7477,17.8866,12.9407,12.8663,10.4764,9.2834,8.1149,8.4263,7.8385,failed-vetting,failed-vetting
AIM/CGE 2.0,SSP1-26,15.3083,19.7354,20.7885,17.2831,14.7395,15.7636,17.6604,19.4367,20.6142,21.9293,C3,C3: limit warming to 2°C (>67%)
AIM/CGE 2.0,SSP1-34,15.3083,19.7354,20.7476,20.6445,19.2975,19.6547,20.1737,21.3608,22.4595,23.1999,C5,C5: limit warming to 2.5°C (>50%)
AIM/CGE 2.0,SSP1-45,15.3083,20.078,20.8035,21.4355,21.1881,23.2869,26.022,28.218,29.3031,29.7827,C6,C6: limit warming to 3°C (>50%)
AIM/CGE 2.0,SSP1-Baseline,15.349,19.7533,23.5337,25.3519,25.4002,27.0677,29.8033,32.6813,34.9204,36.177,C7,C7: limit warming to 4°C (>50%)
AIM/CGE 2.0,SSP2-19,15.1344,19.5334,18.5534,13.9983,21.3462,17.8567,17.5073,17.9468,18.5222,19.4338,failed-vetting,failed-vetting
AIM/CGE 2.0,SSP2-26,15.1305,19.5371,20.7727,18.1622,18.7544,20.2975,22.6266,24.6311,25.6899,26.5862,failed-vetting,failed-vetting
AIM/CGE 2.0,SSP2-34,15.1305,19.5371,21.1739,18.8231,15.8801,15.9691,18.697,21.7582,23.9502,25.7825,failed-vetting,failed-vetting
AIM/CGE 2.0,SSP2-45,15.1305,19.5371,20.8102,20.6334,19.007,17.4681,17.1059,18.3682,20.2626,22.2847,failed-vetting,failed-vetting
AIM/CGE 2.0,SSP2-60,15.1305,19.5371,20.9902,21.2345,20.2966,20.4895,22.2862,24.1288,25.3507,26.1936,failed-vetting,failed-vetting
AIM/CGE 2.0,SSP2-Baseline,15.1526,19.4232,24.1556,28.2449,32.2002,36.4379,40.3573,43.7246,46.1348,49.5203,failed-vetting,failed-vetting
AIM/CGE 2.0,SSP3-34,14.5947,17.3546,19.8085,19.1521,18.084,17.7101,16.1511,14.5639,12.1846,10.0856,failed-vetting,failed-vetting
AIM/CGE 2.0,SSP3-45,14.5947,17.3546,18.8549,19.4067,17.0599,14.7046,14.9183,14.8329,14.3849,13.3824,failed-vetting,failed-vetting
AIM/CGE 2.0,SSP3-60,14.5947,17.3546,18.7724,19.4467,18.8354,17.298,15.3585,13.511,12.6218,11.9038,failed-vetting,failed-vetting
AIM/CGE 2.0,SSP3-Baseline,14.6118,17.2992,20.7569,23.2382,25.7279,26.2316,25.3254,24.2012,23.1776,22.1954,failed-vetting,failed-vetting
AIM/CGE 2.0,SSP4-26,15.5815,20.4917,23.0005,20.4302,18.5159,19.5613,21.7801,23.2387,23.802,23.6612,C3,C3: limit warming to 2°C (>67%)
AIM/CGE 2.0,SSP4-34,15.5815,20.4917,23.235,23.1243,20.9272,20.1352,20.9963,22.0637,22.3522,22.5144,C5,C5: limit warming to 2.5°C (>50%)
AIM/CGE 2.0,SSP4-45,15.5815,20.4917,23.2127,23.8215,22.7233,23.4053,24.7613,25.784,24.9365,24.1957,C6,C6: limit warming to 3°C (>50%)
AIM/CGE 2.0,SSP4-Baseline,15.6287,20.7453,25.2137,27.2572,27.0393,27.5233,28.7399,30.0061,30.6593,30.7758,C7,C7: limit warming to 4°C (>50%)
AIM/CGE 2.0,SSP5-26,15.2037,19.8938,24.0285,23.5779,31.423,38.0541,39.0644,41.0864,42.4932,43.92100000000001,failed-vetting,failed-vetting
AIM/CGE 2.0,SSP5-34,15.2037,19.8938,24.7678,27.736,31.2732,34.932,38.0925,41.3955,43.4115,45.1423,failed-vetting,failed-vetting
AIM/CGE 2.0,SSP5-45,15.2037,19.8938,24.1252,27.4058,28.8028,30.3671,33.2139,36.1812,39.6897,42.5569,failed-vetting,failed-vetting
AIM/CGE 2.0,SSP5-60,15.2037,19.8938,23.9687,28.0632,29.7138,29.9226,31.6199,33.6176,36.214,39.1176,failed-vetting,failed-vetting
AIM/CGE 2.0,SSP5-Baseline,15.2249,19.6863,26.1086,33.8197,42.2853,47.9075,51.7399,53.8977,60.0176,67.7524,failed-vetting,failed-vetting
AIM/CGE 2.1,CD-LINKS_INDC2030i_1600,15.5122,20.6182,26.8779,22.0364,24.2294,28.4402,29.2801,30.5311,31.8384,32.8076,C5,C5: limit warming to 2.5°C (>50%)
AIM/CGE 2.1,CD-LINKS_INDCi,15.5125,20.6265,26.8991,27.091,28.603,31.2897,33.2655,35.5233,37.1219,40.5917,C7,C7: limit warming to 4°C (>50%)
AIM/CGE 2.1,CD-LINKS_NDC2030i_1000,15.5122,20.6182,26.8779,22.7399,27.0937,31.4078,32.44,33.3321,34.406,36.0305,C4,C4: limit warming to 2°C (>50%)
AIM/CGE 2.1,CD-LINKS_NPi,16.0618,21.9738,27.9075,33.6874,40.5602,46.9446,50.5271,53.1929,54.9465,60.26600000000001,failed-vetting,failed-vetting
AIM/CGE 2.1,CD-LINKS_NPi2020_1000,16.0438,21.7974,25.0781,23.9596,28.3088,29.5717,31.8186,33.246,34.5081,35.5514,C3,C3: limit warming to 2°C (>67%)
AIM/CGE 2.1,CD-LINKS_NPi2020_1600,15.5122,20.4803,24.0327,23.4281,22.3157,26.0126,28.8919,29.3608,30.5719,33.1172,C5,C5: limit warming to 2.5°C (>50%)
AIM/CGE 2.1,CD-LINKS_NPi2020_400,16.0457,21.7999,25.0011,22.5716,27.7647,27.5197,29.899,29.0562,29.5455,26.524,C1,C1: limit warming to 1.5°C (>50%) with no or limited overshoot
AIM/CGE 2.1,CD-LINKS_NoPolicy,16.3149,22.781,29.3255,35.6135,42.9359,49.8427,53.2217,55.6928,59.1037,64.8554,failed-vetting,failed-vetting
AIM/CGE 2.1,CO_2Deg2020,16.2564,20.777,23.6739,28.8256,34.2985,30.92228335049757,30.130445454330008,28.546725944975563,26.215552656813696,24.844564034319983,no-climate-assessment,no-climate-assessment
AIM/CGE 2.1,CO_2Deg2030,16.2564,20.7583,25.5337,28.4874,34.3595,30.92228335049757,30.130445454330008,28.546725944975563,26.215552656813696,24.844564034319983,no-climate-assessment,no-climate-assessment
AIM/CGE 2.1,CO_BAU,16.257,21.2103,26.096,30.6912,36.1108,30.92228335049757,30.130445454330008,28.546725944975563,26.215552656813696,24.844564034319983,no-climate-assessment,no-climate-assessment
AIM/CGE 2.1,CO_Bridge,16.2564,20.7509,23.7713,24.6836,30.2916,36.2347,37.5258,38.3698,38.9178,39.12,C3,C3: limit warming to 2°C (>67%)
AIM/CGE 2.1,CO_CurPol,16.2564,20.8643,24.9558,29.3733,34.607,37.1833,37.3802,37.63470000000001,38.316,39.1178,C7,C7: limit warming to 4°C (>50%)
AIM/CGE 2.1,CO_GPP,16.2564,20.7509,23.7713,24.9919,25.9696,30.92228335049757,30.130445454330008,28.546725944975563,26.215552656813696,24.844564034319983,no-climate-assessment,no-climate-assessment
AIM/CGE 2.1,CO_NDCplus,16.2564,20.7583,25.5337,29.2076,30.6918,30.92228335049757,30.130445454330008,28.546725944975563,26.215552656813696,24.844564034319983,no-climate-assessment,no-climate-assessment
AIM/CGE 2.1,EMF33_Baseline,15.8715,21.7002,28.1809,34.2449,39.9791,43.8039,47.4104,53.3323,58.9679,63.0508,failed-vetting,failed-vetting
AIM/CGE 2.1,EMF33_Med2C_cost100,15.88,21.7744,25.8574,25.7381,26.9899,29.34800000000001,33.1247,34.6503,36.2137,37.6892,failed-vetting,failed-vetting
AIM/CGE 2.1,EMF33_Med2C_full,15.8801,21.7755,25.8865,25.7098,26.2803,27.9282,30.8583,32.789,34.2228,35.4984,failed-vetting,failed-vetting
AIM/CGE 2.1,EMF33_Med2C_nobeccs,15.8801,21.7755,25.8861,25.6109,27.0288,31.2858,34.4165,37.1924,39.4986,41.2303,failed-vetting,failed-vetting
AIM/CGE 2.1,EMF33_Med2C_nofuel,15.8801,21.8058,25.9733,26.5691,30.0691,36.8494,39.887,43.6113,46.8579,49.0368,failed-vetting,failed-vetting
AIM/CGE 2.1,EMF33_Med2C_none,15.8789,21.8053,25.7779,26.3164,30.2228,37.8288,40.3762,45.3889,50.1861,53.6312,failed-vetting,failed-vetting
AIM/CGE 2.1,EMF33_WB2C_cost100,15.88,21.7744,25.8574,21.4986,27.4505,34.5163,30.5591,35.7627,40.3547,43.9484,failed-vetting,failed-vetting
AIM/CGE 2.1,EMF33_WB2C_full,15.8801,21.7755,25.8865,21.7764,27.4377,33.4209,33.5152,37.5461,40.9851,43.4496,failed-vetting,failed-vetting
AIM/CGE 2.1,EMF33_tax_hi_full,15.8801,21.3768,29.2141,34.231,39.1056,48.4139,64.9293,71.1432,72.8501,68.5265,failed-vetting,failed-vetting
AIM/CGE 2.1,EMF33_tax_hi_none,15.8789,21.3818,29.2658,34.6189,40.246,51.2185,69.6629,78.4229,83.4615,82.3807,failed-vetting,failed-vetting
AIM/CGE 2.1,EMF33_tax_lo_full,15.8801,21.3768,28.563,34.0719,38.7319,41.8889,44.8707,49.5384,60.5923,69.6402,failed-vetting,failed-vetting
AIM/CGE 2.1,EMF33_tax_lo_none,15.8789,21.3818,28.6115,34.4092,39.6733,43.6771,47.4412,53.0638,66.8056,77.6803,failed-vetting,failed-vetting
AIM/CGE 2.1,TERL_15D_LowCarbonTransportPolicy,15.8139,21.4274,26.5895,21.4531,31.5981,34.1563,36.0752,38.4558,37.0308,29.5703,failed-vetting,failed-vetting
AIM/CGE 2.1,TERL_15D_NoTransportPolicy,15.7977,21.4496,25.379,19.3177,29.7903,34.4838,36.2942,36.107,29.0928,14.6805,failed-vetting,failed-vetting
AIM/CGE 2.1,TERL_2D_LowCarbonTransportPolicy,15.8139,21.4274,27.1068,27.3672,26.6351,29.0191,29.47300000000001,31.4078,34.252,35.9007,failed-vetting,failed-vetting
AIM/CGE 2.1,TERL_2D_NoTransportPolicy,15.7977,21.4496,26.4254,26.8018,27.3271,28.5838,29.7136,32.7804,34.7855,33.268,failed-vetting,failed-vetting
AIM/CGE 2.1,TERL_Baseline_LowCarbonTransportPolicy,15.8056,21.62,28.3315,34.9461,40.9028,42.2902,44.2828,47.4312,50.5787,52.6247,failed-vetting,failed-vetting
AIM/CGE 2.1,TERL_Baseline_NoTransportPolicy,15.7891,21.5613,28.128,34.4132,39.6362,41.4086,43.7817,46.6714,49.6922,54.4204,failed-vetting,failed-vetting
AIM/CGE 2.2,EN_INDCi2030_1000f,16.6526,22.2368,27.5024,27.9101,24.2181,20.7959,18.0903,15.1006,12.1225,9.5309,C3,C3: limit warming to 2°C (>67%)
AIM/CGE 2.2,EN_INDCi2030_1200,16.6526,22.2368,27.5024,27.9847,24.6962,22.3895,19.4645,16.272,13.2208,10.5382,C4,C4: limit warming to 2°C (>50%)
AIM/CGE 2.2,EN_INDCi2030_1200f,16.6526,22.2368,27.5024,28.5166,25.8245,25.8715,23.5191,20.6794,16.8023,13.3926,C4,C4: limit warming to 2°C (>50%)
AIM/CGE 2.2,EN_INDCi2030_1400,16.6526,22.2368,27.5024,29.0448,27.2455,26.5635,26.4401,22.8971,19.0335,15.3458,C4,C4: limit warming to 2°C (>50%)
AIM/CGE 2.2,EN_INDCi2030_1400f,16.6526,22.2368,27.5024,29.2279,28.3721,26.268,27.5907,24.6033,20.8014,16.667,C4,C4: limit warming to 2°C (>50%)
AIM/CGE 2.2,EN_INDCi2030_1600,16.6526,22.2368,27.5024,29.0832,29.0419,26.0458,27.7903,24.9413,20.8797,16.909,C5,C5: limit warming to 2.5°C (>50%)
AIM/CGE 2.2,EN_INDCi2030_1600f,16.6526,22.2368,27.5024,29.4882,29.4713,26.0192,27.7599,25.3285,21.5031,17.3543,C5,C5: limit warming to 2.5°C (>50%)
AIM/CGE 2.2,EN_INDCi2030_1800,16.6526,22.2368,27.5024,30.2881,29.8154,26.4504,27.3641,26.4752,22.756,18.5321,C5,C5: limit warming to 2.5°C (>50%)
AIM/CGE 2.2,EN_INDCi2030_1800f,16.6526,22.2368,27.5024,30.2881,29.8154,26.4504,27.3641,26.4752,22.756,18.5321,C5,C5: limit warming to 2.5°C (>50%)
AIM/CGE 2.2,EN_INDCi2030_800f,16.6526,22.2368,27.5024,27.7168,25.2552,20.2379,17.0568,13.9714,11.2287,8.8329,C3,C3: limit warming to 2°C (>67%)
AIM/CGE 2.2,EN_INDCi2030_900f,16.6526,22.2368,27.5024,27.7209,24.5954,19.9005,17.0275,13.9586,11.2124,8.8048,C3,C3: limit warming to 2°C (>67%)
AIM/CGE 2.2,EN_INDCi2100,16.6526,22.2368,27.5024,29.9673,29.2156,29.9176,27.0054,25.4453,23.845,21.7395,C6,C6: limit warming to 3°C (>50%)
AIM/CGE 2.2,EN_NPi2020_1000,16.6526,22.2368,26.2832,25.5301,22.4072,23.1436,20.8563,17.5452,14.3794,11.4849,C3,C3: limit warming to 2°C (>67%)
AIM/CGE 2.2,EN_NPi2020_1000f,16.6526,22.2368,26.4993,28.1188,23.8601,25.9661,25.0503,22.1727,18.5047,14.8108,C3,C3: limit warming to 2°C (>67%)
AIM/CGE 2.2,EN_NPi2020_1200,16.6526,22.2368,26.5505,27.8802,23.8301,25.861,24.605,21.1384,17.4651,14.0935,C3,C3: limit warming to 2°C (>67%)
AIM/CGE 2.2,EN_NPi2020_1200f,16.6526,22.2368,26.2646,28.8032,24.337,25.3107,26.092,23.304,19.7253,15.6938,C4,C4: limit warming to 2°C (>50%)
AIM/CGE 2.2,EN_NPi2020_1400,16.6526,22.2368,26.342,28.8933,24.6661,25.3351,26.4386,23.5858,19.6442,15.8678,C4,C4: limit warming to 2°C (>50%)
AIM/CGE 2.2,EN_NPi2020_1400f,16.6526,22.2368,26.7441,28.9923,25.0875,25.3407,26.719,24.0428,20.3892,16.3409,C4,C4: limit warming to 2°C (>50%)
AIM/CGE 2.2,EN_NPi2020_1600,16.6526,22.2368,27.1549,29.1162,25.7339,25.1565,27.4567,25.8114,22.0186,17.8569,C5,C5: limit warming to 2.5°C (>50%)
AIM/CGE 2.2,EN_NPi2020_1600f,16.6526,22.2368,27.1549,29.1162,25.7339,25.1565,27.4567,25.8114,22.0713,17.8939,C5,C5: limit warming to 2.5°C (>50%)
AIM/CGE 2.2,EN_NPi2020_1800,16.6526,22.2368,27.3958,29.2029,26.0413,25.4766,27.1853,26.4443,22.7909,18.5309,C5,C5: limit warming to 2.5°C (>50%)
AIM/CGE 2.2,EN_NPi2020_1800f,16.6526,22.2368,27.3958,29.2029,26.0413,25.4766,27.1853,26.4443,22.7909,18.5309,C5,C5: limit warming to 2.5°C (>50%)
AIM/CGE 2.2,EN_NPi2020_300f,16.6526,22.2368,25.8781,26.0747,18.5257,16.3372,13.9594,11.2975,8.9838,7.0224,C1,C1: limit warming to 1.5°C (>50%) with no or limited overshoot
AIM/CGE 2.2,EN_NPi2020_400f,16.6526,22.2368,25.9184,25.1272,17.92,15.9799,13.873,11.2728,8.9585,7.0032,C2,C2: return warming to 1.5°C (>50%) after a high overshoot
AIM/CGE 2.2,EN_NPi2020_500f,16.6526,22.2368,26.0012,24.2954,19.8121,17.9323,15.9746,13.1746,10.5494,8.2813,C2,C2: return warming to 1.5°C (>50%) after a high overshoot
AIM/CGE 2.2,EN_NPi2020_600,16.6526,22.2368,25.8781,26.5719,19.1667,15.7224,13.2152,10.8284,8.7039,6.8838,C1,C1: limit warming to 1.5°C (>50%) with no or limited overshoot
AIM/CGE 2.2,EN_NPi2020_600f,16.6526,22.2368,26.0594,24.7857,21.271,20.2697,18.3022,15.41,12.4154,9.7665,C2,C2: return warming to 1.5°C (>50%) after a high overshoot
AIM/CGE 2.2,EN_NPi2020_700,16.6526,22.2368,25.8781,25.8208,18.2998,15.7399,13.2117,10.816,8.691,6.8735,C3,C3: limit warming to 2°C (>67%)
AIM/CGE 2.2,EN_NPi2020_700f,16.6526,22.2368,26.2889,25.1985,22.288,22.7724,20.8294,17.8886,14.5106,11.4457,C3,C3: limit warming to 2°C (>67%)
AIM/CGE 2.2,EN_NPi2020_800,16.6526,22.2368,25.9696,24.5375,18.8714,16.8706,14.255,11.7087,9.4355,7.4768,C3,C3: limit warming to 2°C (>67%)
AIM/CGE 2.2,EN_NPi2020_800f,16.6526,22.2368,26.4751,26.6909,23.6215,25.1929,23.4965,20.6046,16.807,13.3862,C3,C3: limit warming to 2°C (>67%)
AIM/CGE 2.2,EN_NPi2020_900,16.6526,22.2368,26.0594,24.7857,21.271,20.2697,17.7262,14.7834,12.0226,9.5396,C3,C3: limit warming to 2°C (>67%)
AIM/CGE 2.2,EN_NPi2020_900f,16.6526,22.2368,26.6181,27.4503,23.84,25.8627,24.2688,21.4856,17.6568,14.1129,C3,C3: limit warming to 2°C (>67%)
AIM/CGE 2.2,EN_NPi2100,16.6526,22.2368,28.3046,34.2129,40.0864,45.2197,49.0842,53.0228,56.3908,59.8157,C7,C7: limit warming to 4°C (>50%)
AIM/Hub-Global 2.0,1.5C,16.1768,21.0528,20.0578,22.2319,27.3106,28.3729,25.1171,23.4057,23.6124,23.9564,C1,C1: limit warming to 1.5°C (>50%) with no or limited overshoot
AIM/Hub-Global 2.0,2.5C,16.1768,21.1708,23.2084,24.0855,23.0102,24.3568,23.7595,23.9343,23.4907,21.985,C6,C6: limit warming to 3°C (>50%)
AIM/Hub-Global 2.0,2C,16.1768,21.1708,22.8503,23.0849,21.287,21.1245,20.3093,21.6684,23.0532,24.0157,C5,C5: limit warming to 2.5°C (>50%)
AIM/Hub-Global 2.0,450ppmCancunP,14.9529,18.4981,19.9113,16.8659,16.5686,19.9,22.4311,24.2576,24.8708,25.9125,failed-vetting,failed-vetting
AIM/Hub-Global 2.0,450ppmRCP,14.9149,18.4453,18.9409,16.2101,16.9671,19.689,22.3729,24.5415,25.9635,27.3748,failed-vetting,failed-vetting
AIM/Hub-Global 2.0,450ppmeINDC,14.9489,18.6153,21.1551,18.7098,16.103,19.6113,20.6569,13.8991,10.669,14.4726,failed-vetting,failed-vetting
AIM/Hub-Global 2.0,Baseline,16.1768,21.1619,25.9673,30.4791,35.7071,38.1416,39.02800000000001,41.1595,43.5027,44.24350000000001,C7,C7: limit warming to 4°C (>50%)
AIM/Hub-Global 2.0,INDCSamePrice,14.9529,18.6184,21.1787,21.8673,23.1548,25.8172,29.2088,31.9936,33.9904,35.68859999999999,failed-vetting,failed-vetting
AIM/Hub-Global 2.0,WB2C,16.1768,21.0525,20.3572,20.4124,19.4711,22.7226,25.6032,28.086,24.0961,24.6132,C3,C3: limit warming to 2°C (>67%)
BET EMF33,EMF33_1.5C_cost100,16.8190524,33.5450643390234,44.35458114966151,33.0127646863694,24.0293710670728,20.3403874257724,12.6407727840047,8.73087144689649,7.51672839088984,9.730073422872948,failed-vetting,failed-vetting
BET EMF33,EMF33_1.5C_full,16.8190524,33.9233481551687,45.0964462623245,34.2377385406903,24.1043933178071,20.1074679674306,13.0090142410406,8.8466097946401,7.49347667226051,9.65766681196292,failed-vetting,failed-vetting
BET EMF33,EMF33_1.5C_nofuel,16.8190524,33.4558703050582,44.4919391735454,33.7286759526624,24.54509963270489,20.7753342806169,13.2244595855885,8.96888559153273,7.39775890260262,9.27242431479869,failed-vetting,failed-vetting
BET EMF33,EMF33_Baseline,16.8190524,15.7367720194958,13.4825854134419,13.3207782949058,12.4297124751018,9.36908711494211,7.85962461234936,5.337616547124902,3.23636819917746,2.61135333706611,failed-vetting,failed-vetting
BET EMF33,EMF33_Med2C_cost100,16.8190524,27.2968768396645,29.4796489899994,31.2548423352738,32.7764964493462,25.4641365230405,33.134247427429,36.08205693008239,27.83223335769111,29.0437177815962,failed-vetting,failed-vetting
BET EMF33,EMF33_Med2C_full,16.8190524,27.1998619535522,27.9905420934939,29.802461819102,29.9700765160648,23.2495878732172,31.1858524069878,35.3559942319361,27.9732787137364,28.9328673430498,failed-vetting,failed-vetting
BET EMF33,EMF33_Med2C_limbio,16.8190524,27.5018841550456,29.942935696564,29.8278533594243,31.1845806514391,25.3135785700264,31.8466984201596,37.6160600931964,33.1483003164117,23.6093335881082,failed-vetting,failed-vetting
BET EMF33,EMF33_Med2C_nofuel,16.8190524,27.42928562519089,28.4036686755252,30.1006765200801,30.4143579514926,24.1387124964421,31.4785756246483,34.6125463093439,28.2914692863812,28.9574661071138,failed-vetting,failed-vetting
BET EMF33,EMF33_WB2C_cost100,16.8190524,27.45874479206769,35.1835068294108,33.35652929993839,27.4609833850974,29.0490758551225,30.0551262784826,22.0733970133472,15.1785405923124,16.8824250561114,failed-vetting,failed-vetting
BET EMF33,EMF33_WB2C_full,16.8190524,27.6505922076333,35.11094696549031,33.4480611912511,27.7739817148076,28.5784620974624,30.2065391802934,22.36239735192139,15.4068824283926,17.1129263479397,failed-vetting,failed-vetting
BET EMF33,EMF33_WB2C_limbio,16.8190524,31.5317175361537,37.3116886711278,22.4590967150602,18.948662791792,22.5119725726362,26.9907914396389,24.8837967378976,20.1624400887667,20.6492684372004,failed-vetting,failed-vetting
BET EMF33,EMF33_WB2C_nofuel,16.8190524,27.8441289917685,34.6137461731563,33.3851838863217,27.2399291243235,28.3271384799464,30.2033872321722,22.13110253898369,15.6478523688721,16.7837225544783,failed-vetting,failed-vetting
BET EMF33,EMF33_tax_hi_full,16.8190524,22.68666928457689,25.8936561631522,27.3707412117766,30.1696392693196,38.578862184308,38.5123579069777,39.7367156093436,29.3866615078518,17.7352133012658,failed-vetting,failed-vetting
BET EMF33,EMF33_tax_hi_none,16.8190524,22.1714119059926,25.0171603727897,23.724172567484,21.1724566282932,19.9123352163727,23.5939366034805,27.6919519255418,30.6753244478956,30.6379056233008,failed-vetting,failed-vetting
BET EMF33,EMF33_tax_lo_full,16.8190524,17.4520773145032,23.5604982183034,24.0701602839412,26.3346463213236,35.0766191550895,27.78544921784151,23.2835767565669,18.3357345366196,15.2729164332728,failed-vetting,failed-vetting
BET EMF33,EMF33_tax_lo_none,16.8190524,17.6703912894061,24.8968989062966,25.3196657843694,26.7029296753151,31.5721951736082,24.7940811756812,20.3415429672457,16.7964991102931,15.2600405413273,failed-vetting,failed-vetting
COFFEE 1.1,CO_2Deg2020,17.22818090940826,19.81003739058346,29.32477361226777,16.09042130743824,3.81034284557472,0.808698130632,0.0,0.0,0.0,0.0,C4,C4: limit warming to 2°C (>50%)
COFFEE 1.1,CO_2Deg2030,17.22818090940826,19.81003739058346,29.00686897706357,16.20537582173673,3.929898533702256,0.4861476526838399,0.0,0.0,0.0,0.0,C4,C4: limit warming to 2°C (>50%)
COFFEE 1.1,CO_BAU,17.22818090940826,19.81003739058346,16.83608142523737,14.16256784459309,16.49167623331459,16.75090548944496,18.70664232813984,8.3672051392152,3.686498154004032,3.57579370366272,C7,C7: limit warming to 4°C (>50%)
COFFEE 1.1,CO_Bridge,17.22818090940826,19.81003739058346,3.666790744497216,7.894573664884702,7.3419126328296,3.760787946103776,1.865265004711584,1.987103057827104,0.8088424615693439,0.6195518925844321,C3,C3: limit warming to 2°C (>67%)
COFFEE 1.1,CO_CurPol,17.22818090940826,19.81003739058346,25.42764167096486,27.67952043735854,22.58958945062621,14.84751700585282,6.61724729816688,0.25804307212704,0.0,2.37869070723072,C6,C6: limit warming to 3°C (>50%)
COFFEE 1.1,CO_GPP,17.22818090940826,19.81003739058346,3.666790744497216,8.736379232567616,16.20862401529324,15.42545415386006,9.584727954999265,3.757424555418192,1.812133865665872,1.21174959724344,C5,C5: limit warming to 2.5°C (>50%)
COFFEE 1.1,CO_NDCplus,17.22818090940826,19.81003739058346,29.00686897706357,31.12058571482448,25.54572704244624,20.86354782487152,13.07528385866683,8.2531428331032,6.928048976211503,9.891033490745857,C6,C6: limit warming to 3°C (>50%)
COFFEE 1.1,EN_INDCi2030_1000,17.22818090940826,19.81003739058346,29.00686897706357,14.56976391007378,4.105909696747967,0.47382954806808,0.19434746034144,0.077739011509824,0.0345506641784639,0.0310955991292799,C4,C4: limit warming to 2°C (>50%)
COFFEE 1.1,EN_INDCi2030_1000_COV_NDCp,17.41771279511338,19.49046161288083,25.99487213334725,16.252142754259,6.896499790347646,1.856481764312448,1.4121324864864,0.4507351554787199,0.2464700936543999,0.1095422638463999,failed-vetting,failed-vetting
COFFEE 1.1,EN_INDCi2030_1000_NDCp,17.41771279511338,19.15793143301088,25.31951330567141,13.85388489391301,6.465944450975183,1.650824074809504,1.19033964963648,0.3839160990470399,0.2149131184300799,0.095516909589024,C4,C4: limit warming to 2°C (>50%)
COFFEE 1.1,EN_INDCi2030_1000f,17.22818090940826,19.81003739058346,29.00686897706357,26.47010945339859,12.18954822372384,0.05006998187856,0.0002034424083672,6.20671715856e-05,1.93097908152e-05,5.5170797112e-06,C5,C5: limit warming to 2.5°C (>50%)
COFFEE 1.1,EN_INDCi2030_1000f_COV_NDCp,17.41771279511338,19.49046161288083,25.99487213334725,30.06141952123368,16.56805884762629,1.968741842676336,1.187325233646336,0.4742501445830879,0.2104706019962879,0.1890200541545279,failed-vetting,failed-vetting
COFFEE 1.1,EN_INDCi2030_1000f_NDCp,17.41771279511338,19.15793143301088,25.31951330567141,27.35748883988769,12.53862337739616,1.739799599323968,1.161954679420944,0.4668281168346719,0.2067342242533919,0.184992895160064,failed-vetting,failed-vetting
COFFEE 1.1,EN_INDCi2030_1200,17.22818090940826,19.81003739058346,29.00686897706357,19.13628161894078,9.234269191582277,0.0563472299983809,0.0,0.0,0.0,0.0,C4,C4: limit warming to 2°C (>50%)
COFFEE 1.1,EN_INDCi2030_1200f,17.22818090940826,19.81003739058346,29.00686897706357,29.97558165782563,18.41614319895235,0.902021890766256,0.0,0.0,0.0,0.0,C5,C5: limit warming to 2.5°C (>50%)
COFFEE 1.1,EN_INDCi2030_1400,17.22818090940826,19.81003739058346,29.00686897706357,27.26979962838408,14.15795110260768,0.084711552613632,0.0,0.0,0.0,0.0,C5,C5: limit warming to 2.5°C (>50%)
COFFEE 1.1,EN_INDCi2030_1400f,17.22818090940826,19.81003739058346,29.00686897706357,31.2741556206912,21.88279061771443,7.466284060463664,0.3727868960178719,0.331085614070736,0.146778294426624,0.1317666571303679,C5,C5: limit warming to 2.5°C (>50%)
COFFEE 1.1,EN_INDCi2030_1600,17.22818090940826,19.81003739058346,29.00686897706357,31.05398196721613,21.1494971586181,6.240463729731071,0.4718813070947039,0.4200655292478719,0.186695805385008,0.1680261293018879,C5,C5: limit warming to 2.5°C (>50%)
COFFEE 1.1,EN_INDCi2030_1600f,17.22818090940826,19.81003739058346,29.00686897706357,31.26982875982532,24.17109535431288,15.13217108632176,0.784573339892544,0.61458623884944,0.266891023357488,0.2312314691232959,C5,C5: limit warming to 2.5°C (>50%)
COFFEE 1.1,EN_INDCi2030_1800,17.22818090940826,19.81003739058346,29.00686897706357,31.09742825070816,24.37866381752986,15.21310370673485,0.8013738706646399,0.616406182229376,0.271791292431456,0.2357273064366719,C5,C5: limit warming to 2.5°C (>50%)
COFFEE 1.1,EN_INDCi2030_1800f,17.22818090940826,19.81003739058346,29.00686897706357,31.27680231468537,24.49915965373579,18.85797383420765,1.71134478484704,0.6222046847264641,0.267875645111424,0.2332942325760959,C5,C5: limit warming to 2.5°C (>50%)
COFFEE 1.1,EN_INDCi2030_2000,17.22818090940826,19.81003739058346,29.00686897706357,31.26389337248198,24.93423984161793,21.0784600030873,5.29396465848624,0.76896668235744,0.3098076287927039,0.250067020561344,C5,C5: limit warming to 2.5°C (>50%)
COFFEE 1.1,EN_INDCi2030_2000f,17.22818090940826,19.81003739058346,29.00686897706357,31.04645313277526,25.48802868267974,22.29712874329176,6.619845120695712,0.809043184109664,0.3253917813867359,0.2620878510415679,C5,C5: limit warming to 2.5°C (>50%)
COFFEE 1.1,EN_INDCi2030_2500,17.22818090940826,19.81003739058346,29.00686897706357,32.0780538507096,26.4868387111787,21.93956363530224,10.05038532804542,0.6156519061366079,0.082130337446976,0.0739173091769279,C6,C6: limit warming to 3°C (>50%)
COFFEE 1.1,EN_INDCi2030_2500f,17.22818090940826,19.81003739058346,29.00686897706357,32.0780538507096,26.4868387111787,21.93956363530224,10.05038532804542,0.6156519061366079,0.082130337446976,0.0739173091769279,C6,C6: limit warming to 3°C (>50%)
COFFEE 1.1,EN_INDCi2030_400f,17.22818090940826,19.81003739058346,29.00686897706357,10.65097101188563,3.38765815225152,0.11598198742152,0.02501353715616,0.0077819885771039,0.0022234249293119,0.16016867542368,C2,C2: return warming to 1.5°C (>50%) after a high overshoot
COFFEE 1.1,EN_INDCi2030_500,17.22818090940826,19.81003739058346,29.00686897706357,0.0,0.0,0.0,0.0,0.0,0.0,0.0,C3,C3: limit warming to 2°C (>67%)
COFFEE 1.1,EN_INDCi2030_500f,17.22818090940826,19.81003739058346,29.00686897706357,14.27897746388009,4.178317879774698,0.282989735476488,0.089005426366248,0.0276905795629176,0.0079115931122615,0.0270565332985872,C2,C2: return warming to 1.5°C (>50%) after a high overshoot
COFFEE 1.1,EN_INDCi2030_600,17.22818090940826,19.81003739058346,29.00686897706357,0.0,0.0,0.0,0.0,0.0,0.0,0.0,C3,C3: limit warming to 2°C (>67%)
COFFEE 1.1,EN_INDCi2030_600_COV_NDCp,17.41771279511338,19.49046161288083,25.99487213334725,0.0,0.0,0.0,0.0,0.0,0.0,0.0,failed-vetting,failed-vetting
COFFEE 1.1,EN_INDCi2030_600_NDCp,17.41771279511338,19.15793143301088,25.31951330567141,0.6933560229993599,0.30815817161472,0.0574041920215679,0.0574041920215679,0.0229616795459519,0.010205188926048,0.009184670437104,C3,C3: limit warming to 2°C (>67%)
COFFEE 1.1,EN_INDCi2030_600f,17.22818090940826,19.81003739058346,29.00686897706357,16.01245153296397,3.988090663694619,0.460094758433604,0.015044716904616,0.004680579048768,0.0013373081246232,0.0005349232914768,C4,C4: limit warming to 2°C (>50%)
COFFEE 1.1,EN_INDCi2030_600f_COV_NDCp,17.41771279511338,19.49046161288083,25.99487213334725,20.79007614116596,6.765032744895743,2.181778901338176,1.0380394143504,0.32294561078304,0.092270168643744,1.200566705688,failed-vetting,failed-vetting
COFFEE 1.1,EN_INDCi2030_600f_NDCp,17.41771279511338,19.15793143301088,25.31951330567141,16.85997027128808,6.322314767269536,2.002603980704544,0.70058762452224,0.21796058212992,0.062274453992352,0.024909778859616,failed-vetting,failed-vetting
COFFEE 1.1,EN_INDCi2030_700,17.22818090940826,19.81003739058346,29.00686897706357,1.16252702678952,0.516678634091592,0.0,0.0,0.0,0.0,0.0,C3,C3: limit warming to 2°C (>67%)
COFFEE 1.1,EN_INDCi2030_700f,17.22818090940826,19.81003739058346,29.00686897706357,19.02488606109988,4.005631732586989,0.4616310491044775,0.0,0.0,0.0,0.0,C4,C4: limit warming to 2°C (>50%)
COFFEE 1.1,EN_INDCi2030_800,17.22818090940826,19.81003739058346,29.00686897706357,3.902801951377152,1.27293123999888,0.0062121111769152,0.0,0.0,0.0,0.0,C3,C3: limit warming to 2°C (>67%)
COFFEE 1.1,EN_INDCi2030_800f,17.22818090940826,19.81003739058346,29.00686897706357,22.91081582568932,5.491411158777242,0.4065632230526999,0.0,0.0,0.0,0.0,C4,C4: limit warming to 2°C (>50%)
COFFEE 1.1,EN_INDCi2030_900,17.22818090940826,19.81003739058346,29.00686897706357,7.07903593751517,2.061366872632502,0.0145984612657507,0.0,0.0,0.0,0.0,C3,C3: limit warming to 2°C (>67%)
COFFEE 1.1,EN_INDCi2030_900f,17.22818090940826,19.81003739058346,29.00686897706357,25.12753049605484,9.02930219290604,0.1053979918067952,0.0011528403140808,0.0003517139723184,0.0001094221479527,3.126345169679999e-05,C4,C4: limit warming to 2°C (>50%)
COFFEE 1.1,EN_INDCi2100,17.22818090940826,19.81003739058346,29.00686897706357,32.28203083432751,26.29638325047772,15.57822835453853,7.21913674921632,3.04368613232832,2.8382393440512,2.8382393440512,C6,C6: limit warming to 3°C (>50%)
COFFEE 1.1,EN_INDCi2100_COV_NDCp,17.1430341300985,19.48451286922156,25.99487213334725,31.62508499193077,24.02472577742078,16.70110297210872,8.386346704391999,2.939256571935888,2.8382393440512,2.8382393440512,C6,C6: limit warming to 3°C (>50%)
COFFEE 1.1,EN_INDCi2100_NDCp,17.41771279511338,19.15793143301088,25.31951330567141,32.26750303571453,24.97578763763232,15.96609718500254,8.3767553784648,2.734047389664,2.734047389664,2.8382393440512,failed-vetting,failed-vetting
COFFEE 1.1,EN_NPi2020_1000,17.22818090940826,19.81003739058346,27.65768486024865,15.57678567039782,4.835163458420064,0.549812653987968,0.1708049615328,0.0683219709264959,0.030365321932512,0.0273287938452479,C4,C4: limit warming to 2°C (>50%)
COFFEE 1.1,EN_NPi2020_1000_COV,17.1430341300985,19.48451286922156,27.93466368740389,17.41141480412995,3.924301386073824,0.7945266675637439,0.17351563163256,0.050708759894208,0.021869486950752,0.009719771865984,failed-vetting,failed-vetting
COFFEE 1.1,EN_NPi2020_1000f,17.22818090940826,19.81003739058346,27.72746907097866,23.40519166644149,10.46523723860779,0.0246836484578879,0.0,0.0,0.0,0.0,C5,C5: limit warming to 2.5°C (>50%)
COFFEE 1.1,EN_NPi2020_1000f_COV,17.1430341300985,19.48451286922156,26.60111070318215,23.70449390648328,12.68380708911389,0.0,0.0,0.0,0.0,0.0,failed-vetting,failed-vetting
COFFEE 1.1,EN_NPi2020_1200,17.22818090940826,19.81003739058346,28.77157762038043,21.12937473954557,5.318677632144384,0.517281095044656,0.1063403192214719,0.0472623570904319,0.042536122207632,0.0189049505057279,C4,C4: limit warming to 2°C (>50%)
COFFEE 1.1,EN_NPi2020_1200f,17.22818090940826,19.81003739058346,27.57878536689086,24.7974047949793,12.89652469184851,0.0,0.0,0.0,0.0,0.0,C5,C5: limit warming to 2.5°C (>50%)
COFFEE 1.1,EN_NPi2020_1400,17.22818090940826,19.81003739058346,27.7107871088494,23.92628368475117,11.04768025862054,0.1872740625053759,0.013972181723136,0.0039920528985119,0.001596821165712,0.000709698253824,C5,C5: limit warming to 2.5°C (>50%)
COFFEE 1.1,EN_NPi2020_1400f,17.22818090940826,19.81003739058346,27.07074386317339,26.45219958905635,16.53228021815496,1.403415356990832,0.0,0.0,0.0,0.0,C5,C5: limit warming to 2.5°C (>50%)
COFFEE 1.1,EN_NPi2020_1600,17.22818090940826,19.81003739058346,27.24657253675329,26.67498762988037,15.91544672782445,0.1759517845104959,0.0196922324914559,0.006007801094928,0.001869093276624,0.0005340267450719,C5,C5: limit warming to 2.5°C (>50%)
COFFEE 1.1,EN_NPi2020_1600f,17.22818090940826,19.81003739058346,26.86413651316761,26.12682982134288,17.21961489370752,6.1671837078,0.0,0.0,0.0,0.0,C5,C5: limit warming to 2.5°C (>50%)
COFFEE 1.1,EN_NPi2020_1800,17.22818090940826,19.81003739058346,26.80849819349957,26.13262151704665,17.70611384122185,6.382669566316463,0.0,0.0,0.0,0.0,C5,C5: limit warming to 2.5°C (>50%)
COFFEE 1.1,EN_NPi2020_1800f,17.22818090940826,19.81003739058346,25.91578595412273,26.07984756996884,19.20239417741241,12.22804540479254,0.1215937605637439,0.1094343858760319,0.0486374987508479,0.043773751613088,C5,C5: limit warming to 2.5°C (>50%)
COFFEE 1.1,EN_NPi2020_2000,17.22818090940826,19.81003739058346,25.37926181426995,26.33049568116014,18.81895090634884,13.84828075765469,0.271471390175232,0.1094343858760319,0.0486374987508479,0.043773751613088,C5,C5: limit warming to 2.5°C (>50%)
COFFEE 1.1,EN_NPi2020_2000f,17.22818090940826,19.81003739058346,25.39149557014569,26.54989833670459,19.35778950307468,14.75283633120389,1.7582525566092,0.1094343858760319,0.0486374987508479,0.043773751613088,C5,C5: limit warming to 2.5°C (>50%)
COFFEE 1.1,EN_NPi2020_2500,17.22818090940826,19.81003739058346,26.08684931965277,26.32812119639409,19.68145157166394,13.53525019920504,4.079745695690352,0.0,0.0,0.0,C6,C6: limit warming to 3°C (>50%)
COFFEE 1.1,EN_NPi2020_2500f,17.22818090940826,19.81003739058346,26.08684931965277,26.32812119639409,19.6814515700556,13.53525019920504,4.079745695690352,0.0,0.0,0.0,C6,C6: limit warming to 3°C (>50%)
COFFEE 1.1,EN_NPi2020_400,17.22818090940826,19.81003739058346,0.0,0.0,0.0,0.0,0.0,0.0,0.0,0.0,C1,C1: limit warming to 1.5°C (>50%) with no or limited overshoot
COFFEE 1.1,EN_NPi2020_400_lowBECCS,17.22818090940826,19.81003739058346,0.930203680904064,1.883584482502464,2.446860504279744,2.02001622693696,1.935906393060864,4.292047272643199,4.024218107306879,3.8588498834256,C3,C3: limit warming to 2°C (>67%)
COFFEE 1.1,EN_NPi2020_400f,17.22818090940826,19.81003739058346,26.77903881916882,10.9341405240539,3.146152279241664,0.0895272870744,0.0,0.0,0.0,0.0,C2,C2: return warming to 1.5°C (>50%) after a high overshoot
COFFEE 1.1,EN_NPi2020_400f_lowBECCS,17.22818090940826,19.81003739058346,22.27486233724401,5.08197125583504,4.112643867508512,1.452253688752608,1.4904035518176,2.3688275040864,2.838240384739199,2.838240384739199,C3,C3: limit warming to 2°C (>67%)
COFFEE 1.1,EN_NPi2020_500,17.22818090940826,19.81003739058346,3.84260082571296,0.8947040546505599,0.3387246458601599,0.0,0.0,0.0,0.0,0.0,C3,C3: limit warming to 2°C (>67%)
COFFEE 1.1,EN_NPi2020_500f,17.22818090940826,19.81003739058346,27.80042597442302,15.26850509356512,3.958276185547488,0.3849974792092799,0.0,0.0,0.0,0.0,C2,C2: return warming to 1.5°C (>50%) after a high overshoot
COFFEE 1.1,EN_NPi2020_600,17.22818090940826,19.81003739058346,9.984660138739006,1.437743116301184,0.856780007194944,0.0,0.0,0.0,0.0,0.0,C3,C3: limit warming to 2°C (>67%)
COFFEE 1.1,EN_NPi2020_600_COV,17.1430341300985,19.48451286922156,12.25849674535934,0.7979733331254719,0.30607869439728,0.0,0.0,0.0,0.0,0.0,failed-vetting,failed-vetting
COFFEE 1.1,EN_NPi2020_600f,17.22818090940826,19.81003739058346,29.32477361226777,16.09042130743824,3.81034284557472,0.808698130632,0.0,0.0,0.0,0.0,C4,C4: limit warming to 2°C (>50%)
COFFEE 1.1,EN_NPi2020_600f_COV,17.1430341300985,19.48451286922156,29.13264646882516,20.44105378533763,3.669520837840128,0.567680222727936,0.0,0.0,0.0,0.0,failed-vetting,failed-vetting
COFFEE 1.1,EN_NPi2020_700,17.22818090940826,19.81003739058346,16.55770152723868,1.739541113743104,0.9262785487536,0.0,0.0,0.0,0.0,0.0,C3,C3: limit warming to 2°C (>67%)
COFFEE 1.1,EN_NPi2020_700f,17.22818090940826,19.81003739058346,29.3965356893626,19.08590488486545,3.746274163823664,0.571460332766544,0.0,0.0,0.0,0.0,C4,C4: limit warming to 2°C (>50%)
COFFEE 1.1,EN_NPi2020_800,17.22818090940826,19.81003739058346,22.56477253784409,4.203999823185648,2.3818359558672,0.223637875884864,0.080839242632448,0.0352696526540639,0.015675399960192,0.0141078599704799,C3,C3: limit warming to 2°C (>67%)
COFFEE 1.1,EN_NPi2020_800f,17.22818090940826,19.81003739058346,28.75070376843782,20.97067353883833,4.642190706718224,0.497498166783216,0.0,0.0,0.0,0.0,C4,C4: limit warming to 2°C (>50%)
COFFEE 1.1,EN_NPi2020_900,17.22818090940826,19.81003739058346,25.81449349046846,10.26818823932078,3.964684509263519,0.4700402919272159,0.25777059162624,0.080195281485984,0.022912941477888,0.0091651752288,C3,C3: limit warming to 2°C (>67%)
COFFEE 1.1,EN_NPi2020_900f,17.22818090940826,19.81003739058346,27.9361282062826,22.48602421444675,8.359893731776173,0.3299656170988799,0.0,0.0,0.0,0.0,C4,C4: limit warming to 2°C (>50%)
COFFEE 1.1,EN_NPi2100,17.22818090940826,19.81003739058346,25.42764167096486,27.67952043735854,22.58958945062621,14.84751700585282,6.61724729816688,0.25804307212704,0.0,2.37869070723072,C6,C6: limit warming to 3°C (>50%)
COFFEE 1.1,EN_NPi2100_COV,17.1430341300985,19.48451286922156,23.08665891308343,25.54157225357006,20.24262428491008,13.55862330794001,6.84760678818624,0.4062599501313599,0.0,0.0,failed-vetting,failed-vetting
COPPE-COFFEE 1.0,CD-LINKS_INDC2030i_1600,28.1738897229416,21.5405273162536,22.5665387285851,24.4414742599642,12.9166255220692,3.20581506122928,1.9603242062208,0.5676479400815999,0.76274022650112,2.84235137313883,failed-vetting,failed-vetting
COPPE-COFFEE 1.0,CD-LINKS_INDCi,27.5845297539904,20.656264019561,20.2000097585615,27.6562991456712,29.543275942007,27.5154112596741,29.6638300474694,33.0777192135802,34.6890800216915,36.2078982201413,failed-vetting,failed-vetting
COPPE-COFFEE 1.0,CD-LINKS_NDC2030i_1000,28.115374324892,22.0582409668636,18.7854854961203,8.47076700823286,3.23585200409184,0.7884000460425601,0.2838240384739199,0.12614400189216,0.6937919419737599,2.94627940226899,failed-vetting,failed-vetting
COPPE-COFFEE 1.0,CD-LINKS_NPi,27.9002400293881,20.0100689440622,22.2752431647501,32.7623949968486,31.41006653338989,29.4684240842839,31.4330942970338,32.6076483409099,32.2784634076456,35.28048497677921,failed-vetting,failed-vetting
COPPE-COFFEE 1.0,CD-LINKS_NPi2020_1000,28.0550485769028,21.73563186828489,26.5132687967317,11.5764237027776,3.25086527255616,0.802005371496,0.2838240384739199,0.081092576555424,0.50187153066624,2.5077850602336,failed-vetting,failed-vetting
COPPE-COFFEE 1.0,CD-LINKS_NPi2020_1600,28.1909901063272,22.1382495827605,27.7425142634304,26.2137959824395,10.2149295137869,2.8382403847392,1.21193495244864,0.5676479400815999,0.88300801324512,3.00512120731632,failed-vetting,failed-vetting
COPPE-COFFEE 1.0,CD-LINKS_NPi2020_400,26.5699410882094,21.1420605289448,13.5313259591134,2.12868063072,0.4730399728790399,0.0,0.0,0.0,0.0,0.0,failed-vetting,failed-vetting
DNE21+ V.14C,CD-LINKS_INDC2030i_1600,18.44993639088,26.27979751224,35.22809191536,53.26150534560001,67.77809386128,30.92228335049757,30.130445454330008,28.546725944975563,26.215552656813696,24.844564034319983,no-climate-assessment,no-climate-assessment
DNE21+ V.14C,CD-LINKS_INDCi,18.44993639088,25.30765855872,32.75916358824001,44.36380004687999,52.69271098104,30.92228335049757,30.130445454330008,28.546725944975563,26.215552656813696,24.844564034319983,no-climate-assessment,no-climate-assessment
DNE21+ V.14C,CD-LINKS_NDC2030i_1000,18.44993639088,26.7049260216,41.08008108384,58.93591055471999,67.352821326,30.92228335049757,30.130445454330008,28.546725944975563,26.215552656813696,24.844564034319983,no-climate-assessment,no-climate-assessment
DNE21+ V.14C,CD-LINKS_NPi,18.44993639088,25.64629950312,29.7339711516,42.15501853775999,51.5812629564,30.92228335049757,30.130445454330008,28.546725944975563,26.215552656813696,24.844564034319983,no-climate-assessment,no-climate-assessment
DNE21+ V.14C,CD-LINKS_NPi2020_1000,18.44993639088,29.45099622528,56.20046226264,60.88695768,58.99953400488001,30.92228335049757,30.130445454330008,28.546725944975563,26.215552656813696,24.844564034319983,no-climate-assessment,no-climate-assessment
DNE21+ V.14C,CD-LINKS_NPi2020_1600,18.44993639088,27.57455452656,40.63432086144,58.3686644688,65.45063499408,30.92228335049757,30.130445454330008,28.546725944975563,26.215552656813696,24.844564034319983,no-climate-assessment,no-climate-assessment
DNE21+ V.14C,CD-LINKS_NPi2020_400,18.44993639088,25.73404729488,24.49884499848,41.04583892135999,46.71221468544,30.92228335049757,30.130445454330008,28.546725944975563,26.215552656813696,24.844564034319983,no-climate-assessment,no-climate-assessment
DNE21+ V.14C,CD-LINKS_NoPolicy,18.44993639088,22.82155514064,29.33293097736,39.69919656936,46.4784246108,30.92228335049757,30.130445454330008,28.546725944975563,26.215552656813696,24.844564034319983,failed-vetting,failed-vetting
DNE21+ V.14E1,EMF30_BCOC-EndU,16.82514398087999,18.19411035048,24.61950271296,31.39455400272,30.3581434824,30.867455142,31.3767668016,31.0453271532,30.7138875048,30.3824478564,failed-vetting,failed-vetting
DNE21+ V.14E1,EMF30_Baseline,16.82514398087999,17.94969836424,24.67286431632,31.3767668016,30.3824478564,30.879607329,31.3767668016,31.0453271532,30.7138875048,30.3824478564,failed-vetting,failed-vetting
DNE21+ V.14E1,EMF30_CH4-Only,16.82514398087999,17.94969836424,24.67286431632,31.3767668016,30.3824478564,30.879607329,31.3767668016,31.0453271532,30.7138875048,30.3824478564,failed-vetting,failed-vetting
DNE21+ V.14E1,EMF30_ClimPolicy,16.82514398087999,41.67980501472,46.26447410664,44.45035962479999,40.61887408152,25.84303890984,11.06720373816,12.44879638008,13.830389022,15.21198166392,failed-vetting,failed-vetting
DNE21+ V.14E1,EMF30_ClimPolicy+SLCF,16.82514398087999,41.64970359744,46.25039557296,44.42922382104,40.55705095536,25.7251897008,10.89332844624,12.27366086136,13.65399327648,15.0343256916,failed-vetting,failed-vetting
DNE21+ V.14E1,EMF30_D_BCOC-Red,16.82514398087999,17.94969836424,24.67286431632,31.3767668016,30.3824478564,30.879607329,31.3767668016,31.0453271532,30.7138875048,30.3824478564,failed-vetting,failed-vetting
DNE21+ V.14E1,EMF30_D_CH4-ClimPolicy,16.82514398087999,17.94969836424,24.67286431632,31.3767668016,30.3824478564,30.879607329,31.3767668016,31.0453271532,30.7138875048,30.3824478564,failed-vetting,failed-vetting
DNE21+ V.14E1,EMF30_D_CO2-Only,16.82514398087999,41.67980501472,46.26447410664,44.45035962479999,40.61887408152,25.84303890984,11.06720373816,12.44879638008,13.830389022,15.21198166392,failed-vetting,failed-vetting
DNE21+ V.14E1,EMF30_D_Frozen-EF-EndU,16.82514398087999,17.94969836424,24.67286431632,31.3767668016,30.3824478564,30.879607329,31.3767668016,31.0453271532,30.7138875048,30.3824478564,failed-vetting,failed-vetting
DNE21+ V.14E1,EMF30_SLCF,16.82514398087999,18.19411035048,24.61950271296,31.39455400272,30.3581434824,30.867455142,31.3767668016,31.0453271532,30.7138875048,30.3824478564,failed-vetting,failed-vetting
DNE21+ V.14E1,EMF30_Slower-Action,16.82514398087999,21.84433927344,34.11840820824001,39.3124149612,38.92736166408,31.25178830952,23.57621495496,23.57909547336,23.58197599176,23.58485651016,failed-vetting,failed-vetting
DNE21+ V.14E1,EMF30_Slower-Action+SLCF,16.82514398087999,21.81985486704,32.106978216,38.233480788,38.70941444064,31.42656376344,24.14371308624,24.00650439312,23.8692957,23.73208700688,failed-vetting,failed-vetting
DNE21+ V.14E1,EMF30_Slower-to-faster,16.82514398087999,27.05386481928,41.485766094,34.36109188344,31.04143845336,24.5561493114,18.07086016944,17.26731555744,16.46377094544,15.66022633344,failed-vetting,failed-vetting
DNE21+ V.14E1,EMF30_Slower-to-faster+SLCF,16.82514398087999,27.25341273144,41.4384175728,34.66297021176,30.99524213952,24.4887271776,17.98221221568,17.19764301863999,16.4130738216,15.62850462456,failed-vetting,failed-vetting
DNE21+ V.14E1,EMF30_Slower-to-faster+SLCF+HFC,16.82514398087999,27.14964205608,41.41188079704001,34.32144874896,30.97064971368,24.49947511188,18.02830051008,17.240802786,16.45330506192,15.66580733784,failed-vetting,failed-vetting
DNE21+ V.14E2,EMF33_1.5C_cost100,19.321077168,31.06538276256,57.721087926,60.82337023632,67.19417677511997,57.7244185254,48.25466027568,41.31915210888,34.38364394208,27.44813577528,failed-vetting,failed-vetting
DNE21+ V.14E2,EMF33_1.5C_full,19.32104116152,31.06574282736,52.94346010776,56.10720547944001,61.82957131992,53.54565048252,45.26172964512,39.02261080584,32.78349196656,26.54437312728,failed-vetting,failed-vetting
DNE21+ V.14E2,EMF33_1.5C_limbio,19.32176129112,31.06516672368,21.07340453016,0.0,0.0,0.0,0.0,0.0,0.0,0.0,failed-vetting,failed-vetting
DNE21+ V.14E2,EMF33_1.5C_nofuel,19.32096914856,31.0656708144,52.76220348744,56.07310734288,61.2400012164,53.22776727384,45.21553333128,39.00202710144,32.7885208716,26.57501464176001,failed-vetting,failed-vetting
DNE21+ V.14E2,EMF33_Baseline,20.35669554576,26.02101894048,36.8398499796,48.82050210887999,55.19202877728001,50.17830646968,45.16458416208,36.43060032792,27.69661649376,18.9626326596,failed-vetting,failed-vetting
DNE21+ V.14E2,EMF33_Med2C_cost100,19.321077168,31.06520273016,61.8382488816,77.47161438095999,79.5808019664,63.44129337768,47.30178478896,41.8647943068,36.42780382464,30.99081334248001,failed-vetting,failed-vetting
DNE21+ V.14E2,EMF33_Med2C_full,19.321077168,31.06516672368,58.2087956976,75.8982392244,78.8313270852,63.45992673108001,48.08852637696,41.10023271048,34.111939044,27.12364537752,failed-vetting,failed-vetting
DNE21+ V.14E2,EMF33_Med2C_limbio,19.32096914856,31.06552678848,63.29301869304,72.08932974408,76.34421548568002,62.2257686226,48.10732175952,40.81204884672,33.51677593392,26.22150302112,failed-vetting,failed-vetting
DNE21+ V.14E2,EMF33_Med2C_nobeccs,19.32096914856,31.0651307172,61.729509312,67.88431297728,72.69434662752,61.70086615715999,50.7073856868,43.88176929696,37.05615290712,30.23053651728,failed-vetting,failed-vetting
DNE21+ V.14E2,EMF33_Med2C_nofuel,19.32104116152,31.06523873664,58.13829500976,75.77542112111999,78.59850918551999,63.17392726044,47.74934533535999,40.92018830832,34.09103128128,27.26187425424,failed-vetting,failed-vetting
DNE21+ V.14E2,EMF33_Med2C_none,19.32114918096,31.06552678848,60.21918150192,65.22851101896,71.52337989144,60.56084699064,49.59831408984,41.54166015312001,33.4850062164,25.42835227968,failed-vetting,failed-vetting
DNE21+ V.14E2,EMF33_WB2C_cost100,19.32111317448,31.06534675608,64.82880308448001,69.90179205816,72.75606173423999,59.28816194856,45.82026216288,39.22170263592,32.62314310896,26.024583582,failed-vetting,failed-vetting
DNE21+ V.14E2,EMF33_WB2C_full,19.32111317448,31.0653107496,64.02751487856,69.67610344152,72.98171434439999,59.61875544468,46.25579654495999,39.70111691496,33.14643728496,26.59175765496,failed-vetting,failed-vetting
DNE21+ V.14E2,EMF33_WB2C_limbio,19.32114918096,31.06541876904,52.8803767548,59.59623339144,70.61284802520001,61.76267128008001,52.91249453496,45.72561312912,38.53873172328,31.35185031744,failed-vetting,failed-vetting
DNE21+ V.14E2,EMF33_WB2C_nobeccs,19.32129320688,31.06520273016,35.74996983648,45.63475677792,49.14798104448,46.10051859995999,43.05305615544,28.70203743696,14.35101871848,0.0,failed-vetting,failed-vetting
DNE21+ V.14E2,EMF33_WB2C_nofuel,19.321077168,31.06527474312,64.03460815512,69.50496464208,72.64354148424,59.44117148532,46.23880148640001,39.52848984768,32.81817820896,26.10786657024,failed-vetting,failed-vetting
DNE21+ V.14E2,EMF33_WB2C_none,19.3214372328,31.06520273016,31.31955250488,41.53261052448,45.93731922936,36.68050330235999,27.42368737536,18.28245825024,9.14122912512,0.0,failed-vetting,failed-vetting
DNE21+ V.14E2,EMF33_tax_hi_full,20.13856828992,26.35595121744,49.02797144664,75.54209913071999,80.36844371640001,69.79427670888,59.22010970135999,50.22594304272,41.23177638408,32.23760972544,failed-vetting,failed-vetting
DNE21+ V.14E2,EMF33_tax_hi_none,20.15293487544,26.35969589136,48.72836152656,75.89665493928,81.02120519232,70.26783393384,59.51446267535999,51.2458025844,42.97714249344,34.70848240247999,failed-vetting,failed-vetting
DNE21+ V.14E2,EMF33_tax_lo_full,20.11818862224,25.93557556344,41.28254552088,66.32109164808,77.11914694824,65.5604187516,54.00169055495999,48.53473067928,43.0677708036,37.60081092792,failed-vetting,failed-vetting
DNE21+ V.14E2,EMF33_tax_lo_none,20.11908878424,25.95069828504,41.27343588144,66.13951096944,77.2783676028,65.77415321688001,54.26993883095999,48.58854836472001,42.90715789848,37.22576743224001,failed-vetting,failed-vetting
E3ME 6.1,PR_Baseline,17.325,26.934,35.286,37.83,38.566,30.92228335049757,30.130445454330008,28.546725944975563,26.215552656813696,24.844564034319983,no-climate-assessment,no-climate-assessment
E3ME 6.1,PR_CP_Intensity,17.325,26.935,35.298,39.534,37.642,30.92228335049757,30.130445454330008,28.546725944975563,26.215552656813696,24.844564034319983,no-climate-assessment,no-climate-assessment
E3ME 6.1,PR_CP_Price,17.325,26.934,35.286,37.764,38.342,30.92228335049757,30.130445454330008,28.546725944975563,26.215552656813696,24.844564034319983,no-climate-assessment,no-climate-assessment
E3ME 6.1,PR_NDC_Intensity,17.325,26.99,32.729,33.395,31.033,30.92228335049757,30.130445454330008,28.546725944975563,26.215552656813696,24.844564034319983,no-climate-assessment,no-climate-assessment
E3ME 6.1,PR_NDC_Price,17.325,26.99,32.715,31.735,28.584,30.92228335049757,30.130445454330008,28.546725944975563,26.215552656813696,24.844564034319983,no-climate-assessment,no-climate-assessment
EPPA 6,1.5CNow_Gradual,18.07366752278911,21.71579159033163,34.5375746654631,22.09644089431129,9.133908000529598,14.97240375167894,27.35111643930282,28.0854852975438,21.36828454784574,16.63220807483771,failed-vetting,failed-vetting
EPPA 6,1.5CNow_OptTax,18.07378365870219,26.33070538293093,27.32036495940813,23.44278976341572,24.47497771395825,33.84570154084546,42.16298853646486,42.58524428600269,36.15977442274976,26.26054001462369,failed-vetting,failed-vetting
EPPA 6,2CNow_Gradual,18.07378365870219,21.7369826662514,31.05159419125928,40.64798384644399,32.34114438646236,22.0261903467838,19.87821248485545,27.02821543247732,41.79834331825148,44.67488304339663,C4,C4: limit warming to 2°C (>50%)
EPPA 6,2CNow_OptTax,18.07378365870219,26.44155785741832,32.60649940866693,39.76522704720277,38.59553717411053,30.84678020899824,28.18848065292696,28.11344398205712,42.47191124353864,48.79528576590403,failed-vetting,failed-vetting
EPPA 6,Paris1.5C_OptTax,18.07366752278911,21.49254545121618,29.72956206825317,9.514082712363347,5.632766041128296,8.007054521581912,12.5659615790104,14.5511062110541,12.83601282175788,0.6704828559347661,C3,C3: limit warming to 2°C (>67%)
EPPA 6,Paris2C_Gradual,18.07378365870219,21.4962029086236,29.0644038186707,36.65449334717157,37.99363080288179,16.24832048173289,14.47207649154717,16.42411837461796,18.58820930842372,19.90209209485156,C4,C4: limit warming to 2°C (>50%)
EPPA 6,Paris2C_OptTax,18.07378365870219,21.4962029086236,29.0644038186707,34.99904348586205,31.11171741075136,23.99329536235051,21.53059752057456,33.28976177168104,41.71701485342466,38.02954652987025,C4,C4: limit warming to 2°C (>50%)
EPPA 6,ParisFlat,18.07378365870219,21.4962029086236,29.0644038186707,34.46465391391253,44.23510078420365,52.16349540057035,53.9910255749091,54.34263032010964,55.06437733150303,58.66799120418369,C6,C6: limit warming to 3°C (>50%)
EPPA 6,ParisForever,18.07378365870219,21.4962029086236,29.0644038186707,33.47876211149767,39.34758627142901,44.61221184433661,50.38281728993276,55.54940837644732,60.63282473988173,65.16130113692478,C7,C7: limit warming to 4°C (>50%)
EPPA 6,Ref,18.07380274476411,21.85473258797306,27.12203897169029,32.73268489062502,40.48939694507102,47.16580575700609,53.34297790074493,58.36280945030304,63.17672996661852,67.29013958223129,C7,C7: limit warming to 4°C (>50%)
En-ROADS-96,Ratchet-1.5-allCDR,17.6121,22.6815,30.5133,33.2794,38.7571,42.5999,47.9353,54.3207,61.0955,66.7501,failed-vetting,failed-vetting
En-ROADS-96,Ratchet-1.5-limCDR,17.6121,20.685,22.2628,23.9988,28.1869,24.0259,29.9743,37.7511,46.5261,52.246,failed-vetting,failed-vetting
En-ROADS-96,Reference,17.6121,22.6434,31.1665,42.994,56.8821,73.8673,98.3231,118.249,130.128,135.403,failed-vetting,failed-vetting
FARM 3.2,EMF33_Baseline,17.2603671795669,19.021397572569,20.9890343412558,21.8228513646587,22.622671195551,23.5750024265835,24.344173257723,24.861728938716,25.0953406316428,25.0236283643642,failed-vetting,failed-vetting
FARM 3.2,EMF33_Med2C_full,17.2603671483348,19.0213985619183,22.021404263808,17.3455292583868,10.3058023209353,5.65627355204772,3.05430502733822,2.156096964794,1.80332840000125,1.52614647603384,failed-vetting,failed-vetting
FARM 3.2,EMF33_Med2C_nobeccs,17.2606245896021,19.0187549917404,22.004827137636,17.3533091440246,10.3568408334515,5.30309945658865,2.35069165895762,1.49654737351575,1.21263376108229,1.01657030581225,failed-vetting,failed-vetting
FARM 3.2,EMF33_Med2C_nofuel,17.2594906083228,19.0305614225606,22.0588894009255,17.3222985766317,10.1012472317831,5.37884290414413,2.80871993754864,1.94443417712823,1.6074865445889,1.352505117606409,failed-vetting,failed-vetting
FARM 3.2,EMF33_Med2C_none,17.2594706781887,19.0307734605145,22.0595202853129,17.3183457888981,10.0117708613146,4.69463606578476,1.95082209467251,1.293412949695,1.08877444851245,0.903264382869214,failed-vetting,failed-vetting
FARM 3.2,EMF33_WB2C_full,17.2603671483348,19.0213985619183,12.5360225707025,3.01405049523169,1.828402632641919,1.629279677968689,1.47122894438421,1.32156948810533,1.17697510653182,1.04739302071623,failed-vetting,failed-vetting
FARM 3.2,EMF33_WB2C_nobeccs,17.2606245896021,19.0187549917404,12.5024575933036,2.532720609932569,1.34344993295532,1.13772680366764,0.9825471940794972,0.8349404006155631,0.6512907878882671,0.402213001038903,failed-vetting,failed-vetting
FARM 3.2,EMF33_WB2C_nofuel,17.2594906083228,19.0305614225606,12.44895979137,2.88869799336791,1.70597481862695,1.497362238483,1.33505546093531,1.18674142878271,1.05197611366676,0.936661147474337,failed-vetting,failed-vetting
FARM 3.2,EMF33_WB2C_none,17.2594907137935,19.0305604714196,12.349457777268,2.25178696027121,1.18781685083879,1.02700023037883,0.8739431257783791,0.6789549488709741,0.4266700704576211,0.15990992620468,failed-vetting,failed-vetting
FARM 3.2,EMF33_tax_hi_full,17.2606244832883,19.0187559504689,21.9032376192053,18.0384377469626,14.1814907409036,10.3140101132042,5.93293002099782,2.09897937303362,0.8096327373613811,0.673748737724254,failed-vetting,failed-vetting
FARM 3.2,EMF33_tax_hi_none,17.2594706781887,19.0307734605145,21.9762423920043,18.1743836328708,14.4194806199402,10.7493474302633,6.815806403959299,3.60642549088408,1.98790997835824,1.36573992897623,failed-vetting,failed-vetting
FARM 3.2,EMF33_tax_lo_full,17.2606244832883,19.0187559504689,22.4036879048362,21.3572869374353,20.2845102528657,19.26902765670589,17.7107552917355,15.5633024402799,12.8513036856812,9.725163260165,failed-vetting,failed-vetting
FARM 3.2,EMF33_tax_lo_none,17.2594706781887,19.0307734605145,22.4610133223432,21.4671222875068,20.480166680926,19.5816579732571,18.1584498984639,16.153073459431,13.5873936711089,10.6279764046477,failed-vetting,failed-vetting
GCAM 4.0,20% abatement (FF&I),18.36078221289,26.08476797135001,31.712731672,36.780293327,41.63873336099999,41.270793381,40.548096909,40.99034867099999,41.83130559000001,43.53417210499999,no-climate-assessment,no-climate-assessment
GCAM 4.0,20% abatement (GHG),18.36078221289,26.72001594126,31.90927706199999,36.880578208,41.523978642,41.18010343399999,40.668914938,40.56113837300001,41.06260121699999,42.93341794,no-climate-assessment,no-climate-assessment
GCAM 4.0,450 concentration,18.36078221289,26.18755684434,32.258170372,37.37129435299999,41.729813316,41.092242039,40.51216937800001,41.92496785399999,43.9897092,43.43226668200001,no-climate-assessment,no-climate-assessment
GCAM 4.0,50% abatement (FF&I),18.36078221289,25.5150884456,31.35201789,36.05383232299999,40.345375472,40.69449278400001,39.58907978399999,39.659530358,39.70263405199999,40.78631293300001,no-climate-assessment,no-climate-assessment
GCAM 4.0,50% abatement (GHG),18.36078221289,25.70115534248,31.478687907,35.97876276500001,39.57904442099999,40.793366132,40.19726112000001,39.51461709200001,39.23400743600001,40.396808015,no-climate-assessment,no-climate-assessment
GCAM 4.0,550 concentration,18.36078221289,26.51794277828,32.78034010900001,38.121175603,42.71301334100001,42.062370486,41.36874817600001,39.400602155,26.45705913000001,44.42354295099999,no-climate-assessment,no-climate-assessment
GCAM 4.0,650 concentration,18.36078221289,27.00423451524,33.590405049,39.465155066,44.75923602,43.445681458,42.549131772,43.57337761500001,43.319117468,41.232766516,no-climate-assessment,no-climate-assessment
GCAM 4.0,Core baseline,18.36078221289,27.733372129,34.795986303,41.51266473000001,48.09909618000001,47.97267716000002,47.55766271499999,50.206562836,51.70203754,54.785651588,no-climate-assessment,no-climate-assessment
GCAM 4.0,High CO2 price,18.36078221289,25.522924035,31.181987168,34.917203212,38.558192525,41.864772933,43.66439477700001,45.492366926,44.571576646,40.384848571,failed-vetting,failed-vetting
GCAM 4.0,Low CO2 price,18.36078221289,26.59634065927,33.006170038,38.648102903,43.669628216,42.618725094,42.088014274,42.523053282,42.03260682800001,42.36633836800002,no-climate-assessment,no-climate-assessment
GCAM 4.0,Policy baseline,18.36078221289,27.04927433623,32.6406928,37.97187873599999,43.01162638500001,42.2541836,41.556480084,42.06255584900001,42.18643541500001,43.34839625700002,no-climate-assessment,no-climate-assessment
GCAM 4.2,ADVANCE_2020_1.5C-2100,18.3593113853447,23.840722842,30.968317597,40.196514341,48.979913408,58.04851319300001,62.23840209399999,54.73401074514,40.2057628996,23.8479467479,failed-vetting,failed-vetting
GCAM 4.2,ADVANCE_2020_Med2C,18.3593113853447,23.840722842,28.42471013,34.942133321,42.661454444,48.907411811,54.743206822,59.945442958,63.476646741,63.8562426985,failed-vetting,failed-vetting
GCAM 4.2,ADVANCE_2020_WB2C,18.3593113853447,23.840722842,28.473953584,37.45815188,46.438891614,53.330786262,61.176764193,63.687792221,58.4631168813,48.086988532,failed-vetting,failed-vetting
GCAM 4.2,ADVANCE_2030_1.5C-2100,18.3593113853447,23.840722832,29.110275025,39.627855458,49.091058643,57.237596098,60.68695206149999,44.39415217870999,26.62434580898,12.6062684918,failed-vetting,failed-vetting
GCAM 4.2,ADVANCE_2030_Med2C,18.3593113853447,23.840722816,29.110276814,34.523455347,42.008352004,48.288160942,53.425602502,59.479501681,63.71313842399999,64.4721562844,failed-vetting,failed-vetting
GCAM 4.2,ADVANCE_2030_Price1.5C,18.3593113853447,23.840722842,29.110290502,39.407858351,48.159819089,56.422787005,63.525855388,54.68144429119,39.35866235983,23.5386119936,failed-vetting,failed-vetting
GCAM 4.2,ADVANCE_2030_WB2C,18.3593113853447,23.840722816,29.110276814,37.189370953,46.370462932,52.915732315,61.191711638,63.939864958,57.0659105863,45.409616675,failed-vetting,failed-vetting
GCAM 4.2,ADVANCE_NoPolicy,18.35931180134,25.059804987,31.88027778,39.36322382199999,46.219604584,49.8274763,51.884938017,55.92192816,59.257653851,64.040530009,failed-vetting,failed-vetting
GCAM 4.2,EMF30_BCOC-EndU,18.35931179134,24.599972066,31.148117171,38.611770155,45.78219790399999,49.456299304,51.907899214,55.83366729,58.56389880899999,62.80983710100002,failed-vetting,failed-vetting
GCAM 4.2,EMF30_Baseline,18.35931179,24.460415,30.73358447,38.16873579,45.37401003,49.14394259,51.75188167,55.78791408,58.4815327,62.80525337,failed-vetting,failed-vetting
GCAM 4.2,EMF30_CH4-Only,18.35931179134,23.83307075,29.319084145,36.264686838,43.05264793,46.803832993,49.74642546600001,53.816228653,56.438983022,60.565862157,failed-vetting,failed-vetting
GCAM 4.2,EMF30_ClimPolicy,18.35931179,21.87639649,27.47082926,36.43054358,44.63435399999999,50.45664382,56.37279466,55.60336160000001,45.71610498,30.45976001,failed-vetting,failed-vetting
GCAM 4.2,EMF30_ClimPolicy+SLCF,18.35931179134,21.7501504026,26.997134588,35.753957843,44.000658953,50.510444982,57.779445316,59.893623806,54.681880522,45.32845978100001,failed-vetting,failed-vetting
GCAM 4.2,EMF30_D_CH4-ClimPolicy,18.35931179134,24.399938774,30.613279695,37.951270496,45.05121067899999,48.716507528,51.176993616,54.860551078,56.764222675,59.454254623,failed-vetting,failed-vetting
GCAM 4.2,EMF30_D_CO2-Only,18.35931179134,22.04646156946,27.847460072,37.459209608,46.721819437,53.768023474,61.470901054,63.737799513,58.187030588,48.59941682199999,failed-vetting,failed-vetting
GCAM 4.2,EMF30_D_Frozen-CH4,18.35931179134,24.460415,30.733584472,38.168735791,45.374010027,49.143942585,51.751881666,55.787914078,58.481532699,62.805253369,failed-vetting,failed-vetting
GCAM 4.2,EMF30_D_Frozen-EF,18.35931179,24.460415,30.73358447,38.16873579,45.37401003,49.14394259,51.75188167,55.78791408,58.4815327,62.80525337,failed-vetting,failed-vetting
GCAM 4.2,EMF30_D_Frozen-EF-EndU,18.35931179,24.460415,30.73358447,38.16873579,45.37401003,49.14394259,51.75188167,55.78791408,58.4815327,62.80525337,failed-vetting,failed-vetting
GCAM 4.2,EMF30_D_Frozen-EF-SLCF,18.35931179,24.460415,30.73358447,38.16873579,45.37401003,49.14394259,51.75188167,55.78791408,58.4815327,62.80525337,failed-vetting,failed-vetting
GCAM 4.2,EMF30_SLCF,18.35931179134,23.961847415,29.656455497,36.629354108,43.397852731,47.069700549,49.872926003,53.86996110600001,56.514887778,60.61579395,failed-vetting,failed-vetting
GCAM 4.2,EMF33_Baseline,17.3326781163,22.59096374034,30.20784682389001,39.30568488911,48.37973338781,54.770255256248,59.205360847,63.9658272614,66.3657646308,70.0551166737,failed-vetting,failed-vetting
GCAM 4.2,EMF33_Med2C_cost100,17.3326781163,20.73778957737,26.86914530048,36.3162636454,46.017145428161,55.1884134504358,64.4639618451217,67.5052470605922,63.30301367299501,51.5822238591501,failed-vetting,failed-vetting
GCAM 4.2,EMF33_Med2C_full,17.3326781163,20.87418842735,27.13222152446,36.29898014208,46.706733721208,54.9193822859163,62.2415136777072,66.3572432063369,66.104613092781,57.9582431755059,failed-vetting,failed-vetting
GCAM 4.2,EMF33_Med2C_limbio,17.3326781163,20.87422874435,27.26244902935,37.28598640656,47.632545872394,55.9360057239189,64.2770493271139,67.0149478411931,63.74934154399671,52.6427660345738,failed-vetting,failed-vetting
GCAM 4.2,EMF33_Med2C_nobeccs,17.3326781163,20.82928305403,27.76483733457,38.4367519095,48.05468181788201,57.41084591122622,65.2723112660222,64.23621710361421,55.4220348103949,42.3827281192645,failed-vetting,failed-vetting
GCAM 4.2,EMF33_Med2C_nofuel,17.3326781163,20.76612845652,26.82506655592,35.29947909659001,44.419196638111,51.5200376012974,57.8697928782004,60.2871931763117,55.4740964559225,42.8561510851393,failed-vetting,failed-vetting
GCAM 4.2,EMF33_Med2C_none,17.3326781163,20.71606975225,27.36408978914,36.88166522206,44.7614520945652,52.9917815341313,60.8173375621144,61.4721171835046,55.9822672514843,50.689263712742,failed-vetting,failed-vetting
GCAM 4.2,EMF33_WB2C_full,17.3326781163,20.87418842735,28.54397429226,39.8062034472,49.15570817961,58.6002427531983,65.305753022515,61.95009618997729,51.4019307156194,33.1334029689014,failed-vetting,failed-vetting
GCAM 4.2,EMF33_WB2C_limbio,17.3326781163,20.87422874435,30.56701991554,41.270657715511,50.7751770308154,61.37530412860371,63.6292446651686,54.0429903826079,39.0828707472694,22.1917058345708,failed-vetting,failed-vetting
GCAM 4.2,EMF33_WB2C_nobeccs,17.3326781163,20.82928305403,30.94496048337,40.915495112697,51.32616631098272,59.5402132640559,54.4654044645825,40.31677099128829,23.6442888123383,10.4065128228611,failed-vetting,failed-vetting
GCAM 4.2,EMF33_WB2C_nofuel,17.3326781163,20.76612845652,28.24719092008,37.878078027578,45.4058027970781,53.7128679515033,58.13174421265321,51.422750976096,37.13579399656729,25.8496683717458,failed-vetting,failed-vetting
GCAM 4.2,EMF33_WB2C_none,17.3326781163,20.71607089225,29.943916002711,37.5706829572145,46.24197929635,55.852699191728,53.81483793842089,46.3492231477425,66.801496262274,107.395094337752,failed-vetting,failed-vetting
GCAM 4.2,EMF33_tax_hi_full,17.3326781163,22.59096374034,26.91502422097,35.65705840138,46.115982543466,54.2066653433043,61.9335333335666,66.66776784339521,67.6739547346541,60.7014670367477,failed-vetting,failed-vetting
GCAM 4.2,EMF33_tax_hi_none,17.3326781163,22.48175577514,26.42178552879,33.99916084204001,43.193333699844,50.4864007320298,57.5099248145344,64.2054471273441,65.5278937511536,61.87033948162021,failed-vetting,failed-vetting
GCAM 4.2,EMF33_tax_lo_full,17.3326781163,22.59096374034,27.4631761806,34.92691282756,42.65392741102,48.042044397752,53.0919470791,58.0486778287,59.39113109995,61.91721626705999,failed-vetting,failed-vetting
GCAM 4.2,EMF33_tax_lo_none,17.3326781163,22.48175577514,27.04700994531,33.93249431488,40.54538900378,45.206542347027,49.8707510018,54.38605024149999,55.80348917286999,58.23477725631,failed-vetting,failed-vetting
GCAM 4.2,SSP1-19,18.3591987328074,25.8373719988,30.318270552,34.286130198,33.106433402,23.03991574,14.942096349,8.676549336,3.197196286,0.779918079599999,C1,C1: limit warming to 1.5°C (>50%) with no or limited overshoot
GCAM 4.2,SSP1-26,18.3591987324791,25.8176772572108,31.3152283162272,36.344515892291,39.26171479742,33.800277516514,21.556364318582,11.0929098133803,5.95619917705207,2.41938285249289,no-climate-assessment,no-climate-assessment
GCAM 4.2,SSP1-34,18.3591987324791,25.8176772572108,32.5010435479016,38.339361180087,42.46338563963,38.84057196524,34.0647206043,23.14716096339,9.8621180026393,4.195783798597311,no-climate-assessment,no-climate-assessment
GCAM 4.2,SSP1-45,18.3591987324791,25.8176772572108,32.9987115410675,39.24788772931461,43.9822045719,40.64634439663,36.72681907320001,31.43652870059,23.08171765726,16.76584183582,no-climate-assessment,no-climate-assessment
GCAM 4.2,SSP1-Baseline,18.35919912881,26.902824361,34.023884235,40.757376625,46.073405213,43.43448969600001,39.680369449,36.203375577,30.686975777,26.455430567,no-climate-assessment,no-climate-assessment
GCAM 4.2,SSP2-19,18.3591987328074,27.321847489,33.1421177,33.701078338,33.360054967,33.242033017,30.6801098363,20.1518214678,8.089118025580001,2.7598579619745,failed-vetting,failed-vetting
GCAM 4.2,SSP2-26,18.3591987324791,27.3109590001465,34.9410820267516,38.0973270250263,37.039531439494,33.4063112362711,31.8178718309139,27.7719184041846,15.7526173602596,6.44152757585945,failed-vetting,failed-vetting
GCAM 4.2,SSP2-34,18.3591987324791,27.3109590001465,34.9410820267516,39.2738989367954,42.5379385122217,39.465641716336,34.249700584514,29.87049762738561,25.5115501140305,18.53577795162889,failed-vetting,failed-vetting
GCAM 4.2,SSP2-45,18.3591987324791,27.3109590001465,34.9410820267516,39.5470993324657,43.2719003694168,40.852998055798,36.448768266829,32.067352005282,28.60805685559711,24.88101906857189,failed-vetting,failed-vetting
GCAM 4.2,SSP2-60,18.3591987324791,27.3109590001465,34.9410820267516,41.1956575663869,46.3148197066087,44.428306543384,41.5697943533086,40.45857933066,39.76834338765,38.72784064954001,failed-vetting,failed-vetting
GCAM 4.2,SSP2-Baseline,18.35919912881,28.295393061,36.035411463,42.641675058,48.472459685,47.326179451,45.166783092,45.817938058,45.63336484600001,47.11246005100001,no-climate-assessment,no-climate-assessment
GCAM 4.2,SSP3-Baseline,18.35919912881,28.621945766,36.233140439,42.140886666,47.05158627399999,45.046333228,43.012580751,45.312782611,47.2707154,52.57505369800001,C8,C8: exceed warming of 4°C (>=50%)
GCAM 4.2,SSP4-26,18.35919912881,26.750820073,30.636501116,31.54271959,30.727410957,30.933756744,27.971858665,20.275841534,11.613919888,3.784250473,failed-vetting,failed-vetting
GCAM 4.2,SSP4-34,18.3591987324791,26.7508200824144,31.2903986789086,33.9429156017571,33.1086296358879,28.662846945676,25.8820798956037,23.7085229343992,18.2469353582695,11.2163694308955,failed-vetting,failed-vetting
GCAM 4.2,SSP4-45,18.3591987324791,26.7508200824144,31.9964480083267,35.0245442156721,35.6944222424713,30.576621778547,25.13405127662,22.7713445653278,20.3968445677974,17.5672962789382,failed-vetting,failed-vetting
GCAM 4.2,SSP4-60,18.3591987324791,26.7508200824144,33.27441829031481,37.3302794169346,39.6682361091693,35.1960241095407,30.488392301594,27.71263798084,24.666236888595,21.446821370651,failed-vetting,failed-vetting
GCAM 4.2,SSP4-Baseline,18.35919912881,27.696324716,34.188063504,38.745475355,41.639456247,37.83245859,33.248782394,31.354030771,29.496367864,29.283581181,C7,C7: limit warming to 4°C (>50%)
GCAM 4.2,SSP5-19,18.3591987328074,28.805733971,41.481376946,54.351677264,67.93552771,81.74632723399999,91.0117053225,77.92847579599,57.9124567637,30.5289691486,failed-vetting,failed-vetting
GCAM 4.2,SSP5-26,18.35919912881,28.784234756,42.017027786,58.108572665,67.886117712,76.345183982,87.955920888,94.62973193,72.179490389,49.291334172,failed-vetting,failed-vetting
GCAM 4.2,SSP5-34,18.3591987324792,28.784234664708,42.0170281099144,57.2524062899471,70.3116328580366,75.194555579148,80.5086257952539,91.1636777524371,87.564035152649,77.12033406184541,failed-vetting,failed-vetting
GCAM 4.2,SSP5-45,18.3591987324792,28.784234664708,42.0170281099144,55.9618680715085,70.1242881122821,76.498933339016,79.322598239005,84.28757628615129,84.4606048334926,81.8815898484782,failed-vetting,failed-vetting
GCAM 4.2,SSP5-60,18.3591987324792,28.784234664708,42.0170281099144,57.17691496528689,71.17955994197871,76.115184364658,79.601671797946,83.746971125,81.98884554045999,78.9278450462448,no-climate-assessment,no-climate-assessment
GCAM 4.2,SSP5-Baseline,18.35919912881,29.905988768,43.472967301,60.517006259,76.781241379,83.263666098,86.517020004,89.207898517,85.822666551,86.79342999,no-climate-assessment,no-climate-assessment
GCAM 5.2,"NGFS1_Current policies (Hot house world, Rep)",16.54758696,22.40624883,27.81664361,33.97878505,42.2911878,50.01019759,54.8401654,62.27643239,64.49928988,66.01898817,C7,C7: limit warming to 4°C (>50%)
GCAM 5.2,"NGFS1_Immediate 2C with CDR (Orderly, Rep)",16.54758696,22.40624883,25.10298522,32.67276062,41.67937381,53.24243552,63.37966072,61.45504818,48.50709782,31.75969702,C4,C4: limit warming to 2°C (>50%)
GCAM 5.3,NGFS2_Below 2°C,16.5476,23.46272,28.34407,33.61537,31.39633,31.75704,33.50611,37.36285,36.71956,32.15029,C3,C3: limit warming to 2°C (>67%)
GCAM 5.3,NGFS2_Current Policies,16.5476,23.47002,32.22196,63.08725,80.17871,92.02365,101.7812,108.5917,110.8951,100.7634,C7,C7: limit warming to 4°C (>50%)
GCAM 5.3,NGFS2_Delayed Transition,16.5476,23.47002,32.22196,24.34506,23.90113,25.89165,14.32763,5.836376,2.286044,1.40138,C4,C4: limit warming to 2°C (>50%)
GCAM 5.3,NGFS2_Divergent Net Zero Policies,16.5476,23.47002,24.17531,25.15367,20.65808,24.56776,25.93496,23.17656,23.43681,23.77179,C2,C2: return warming to 1.5°C (>50%) after a high overshoot
GCAM 5.3,NGFS2_Nationally Determined Contributions (NDCs),16.5476,28.48268,38.20776,57.46479,72.23876,91.51983,106.6474,114.181,117.1613,106.7727,C5,C5: limit warming to 2.5°C (>50%)
GCAM 5.3,NGFS2_Net-Zero 2050,16.5476,23.45768,22.6522,18.22367,17.49846,23.72215,27.35814,20.79592,16.16362,9.789345,C2,C2: return warming to 1.5°C (>50%) after a high overshoot
GCAM 5.3,R_BAU,16.5475869586,21.5015780634,27.9896365312,35.156655808,44.365722332,53.393799178,59.72736605,67.264959947,70.475836593,72.46724187,C7,C7: limit warming to 4°C (>50%)
GCAM 5.3,R_MAC_30_n0,16.5475869586,21.5015780634,37.463659858035,48.07595920077,59.868853402126,74.0972822221126,74.3477276488087,70.7138339894106,81.1480592844738,83.2919478493142,C1,C1: limit warming to 1.5°C (>50%) with no or limited overshoot
GCAM 5.3,R_MAC_30_n8,16.5475869586,21.5015780634,35.5217986900387,45.2070602471929,54.4142977041292,63.5550089679109,58.5584086028711,55.7259250166951,66.0882542708923,69.0933817046917,failed-vetting,failed-vetting
GCAM 5.3,R_MAC_35_n0,16.5475869586,21.5015780634,34.3942746976,45.94315234083,57.885099656115,71.2067430926394,76.6760518977828,69.4919392302735,78.1565792393722,83.6578518754326,C3,C3: limit warming to 2°C (>67%)
GCAM 5.3,R_MAC_35_n8,16.5475869586,21.5015780634,35.07943901845,45.7857795601339,54.7298179858277,62.7868912728429,62.2135998066257,55.0559257927717,62.7888264569185,69.2379934425189,C1,C1: limit warming to 1.5°C (>50%) with no or limited overshoot
GCAM 5.3,R_MAC_40_n0,16.5475869586,21.5015780634,32.662890352,45.596121838577,57.845213598703,70.317391039958,78.6567977650532,73.9027581537876,76.3348322184739,83.9123390177131,C3,C3: limit warming to 2°C (>67%)
GCAM 5.3,R_MAC_40_n8,16.5475869586,21.5015780634,33.8442109827,45.8729293776823,54.8109334687834,61.8507945629529,64.2292543005653,57.909200621795,61.3916471643688,69.7264666702823,C1,C1: limit warming to 1.5°C (>50%) with no or limited overshoot
GCAM 5.3,R_MAC_45_n0,16.5475869586,21.5015780634,31.291170567,43.97046725603,57.607760765873,69.717825135704,78.4460695218521,77.3444228165521,75.2028744756815,81.8500487573888,C3,C3: limit warming to 2°C (>67%)
GCAM 5.3,R_MAC_45_n8,16.5475869586,21.5015780634,32.4421182323,45.26910203567,55.2568587816327,61.8887163196473,64.5815991803066,61.1388001158231,60.7569514310126,67.1410547075347,C1,C1: limit warming to 1.5°C (>50%) with no or limited overshoot
GCAM 5.3,R_MAC_50_n0,16.5475869586,21.5015780634,30.2993286795,42.6181710528,57.266869869887,69.347845278111,78.128769080202,79.7276819468729,77.6261799780585,79.9649017431945,C3,C3: limit warming to 2°C (>67%)
GCAM 5.3,R_MAC_50_n8,16.5475869586,21.5015780634,31.3258777375,44.01253751183,56.019901033496,62.6828035767635,65.487590337822,64.4536956193017,62.5182213212071,65.5981019661427,C1,C1: limit warming to 1.5°C (>50%) with no or limited overshoot
GCAM 5.3,R_MAC_55_n0,16.5475869586,21.5015780634,29.5748246424,41.3472147831,55.2458128594,68.803293192742,77.7578146844919,80.0063493590342,80.1054400034086,78.570668708521,C3,C3: limit warming to 2°C (>67%)
GCAM 5.3,R_MAC_55_n8,16.5475869586,21.5015780634,30.4738747614,42.8908025377,57.594763854381,63.0757843683729,66.2472528204778,65.6931704560415,65.0598073576391,64.6745188926972,C2,C2: return warming to 1.5°C (>50%) after a high overshoot
GCAM 5.3,R_MAC_60_n0,16.5475869586,21.5015780634,29.0341887978,40.302184578,53.7211940961,68.231904407428,77.6231016730913,80.2498589190202,82.4164292089685,79.9452149083089,C3,C3: limit warming to 2°C (>67%)
GCAM 5.3,R_MAC_60_n8,16.5475869586,21.5015780634,29.8200561415,41.7990296214,55.96740468209,63.3817391234102,66.8871403008623,67.1131913806799,67.959325129134,65.7645774971175,C2,C2: return warming to 1.5°C (>50%) after a high overshoot
GCAM 5.3,R_MAC_65_n0,16.5475869586,21.5015780634,28.6241511972,39.4957912161,52.4975421443,67.2403585862,77.6664879472227,80.6422971528629,83.1844773218213,81.6308049716616,C3,C3: limit warming to 2°C (>67%)
GCAM 5.3,R_MAC_65_n8,16.5475869586,21.5015780634,29.3096868615,40.8435533111,54.46282636768,67.854267434946,67.5638162662314,68.7036426957479,69.2326282488733,67.4771534558502,C3,C3: limit warming to 2°C (>67%)
GCAM 5.3,R_MAC_70_n0,16.5475869586,21.5015780634,28.3091912024,38.8509171017,51.3671074111,65.54999378089,77.4243143785655,80.8107084180866,83.591068591381,83.37606402975,C4,C4: limit warming to 2°C (>50%)
GCAM 5.3,R_MAC_70_n8,16.5475869586,21.5015780634,28.9063236958,40.0493285209,53.3571694415,68.054663998023,68.4821861942692,70.2904292184373,70.3408405104014,69.4333300913307,C3,C3: limit warming to 2°C (>67%)
GCAM 5.3,R_MAC_75_n0,16.5475869586,21.5015780634,28.0674969585,38.2734174807,50.360443674,63.9858003487,76.727081511369,80.9351623565349,83.9477069275713,83.865291975557,C4,C4: limit warming to 2°C (>50%)
GCAM 5.3,R_MAC_75_n8,16.5475869586,21.5015780634,28.584589164,39.4201612144,52.3640572463,67.06946093313,75.4019927000562,72.0232194617152,72.0565594023362,70.7555864662557,C3,C3: limit warming to 2°C (>67%)
GCAM 5.3,R_MAC_80_n0,16.5475869586,21.5015780634,27.837821562,37.770520589,49.4953126637,62.6428826319,74.94561413621,80.9937747971271,84.1274992831322,84.2321910866844,C4,C4: limit warming to 2°C (>50%)
GCAM 5.3,R_MAC_80_n8,16.5475869586,21.5015780634,28.3255966086,38.8890799272,51.4324522605,65.65095438355,77.3749161297635,73.5133237925897,73.7386978407713,72.185158512316,C4,C4: limit warming to 2°C (>50%)
GCAM 5.3,R_MAC_85_n0,16.5475869586,21.5015780634,27.6473924157,37.3483146614,48.7664730564,61.4793559476,73.17928305809,80.463824350302,84.2629490005482,84.7026740395274,C5,C5: limit warming to 2.5°C (>50%)
GCAM 5.3,R_MAC_85_n8,16.5475869586,21.5015780634,28.1198031716,38.3984828746,50.578968379,64.325298032,77.066258062857,78.7554515668848,75.3922242279014,73.7500101862476,C4,C4: limit warming to 2°C (>50%)
GCAM 5.3,R_MAC_90_n0,16.5475869586,21.5015780634,27.489696656,36.9921552523,48.1510041088,60.4742064147,71.63466626504,79.154834564576,84.3582881270221,85.1272549766486,C5,C5: limit warming to 2.5°C (>50%)
GCAM 5.3,R_MAC_90_n8,16.5475869586,21.5015780634,27.9256813394,37.9624920785,49.8253738034,63.1594545306,75.690193547366,80.7046852912166,76.961776970705,75.2373582056909,C4,C4: limit warming to 2°C (>50%)
GCAM 5.3,R_MAC_95_n0,16.5475869586,21.5015780634,27.3602292221,36.687972116,47.6258593903,59.6077295642,70.3051241287,77.65075052306,83.8702464280806,85.2509846256914,C5,C5: limit warming to 2.5°C (>50%)
GCAM 5.3,R_MAC_95_n8,16.5475869586,21.5015780634,27.7525529168,37.5818428276,49.1695286609,62.1281556452,74.16863007424,80.9263279164346,82.2344414743055,76.5031544649832,C4,C4: limit warming to 2°C (>50%)
GCAM 5.3,R_MAC_99_n0,16.5475869586,21.5015780634,27.2501341305,36.4241679248,47.1731735488,58.855733576,69.1442985571,76.20642658944,82.787987503945,85.2101223341029,C5,C5: limit warming to 2.5°C (>50%)
GCAM 5.3,R_MAC_99_n8,16.5475869586,21.5015780634,27.6046708736,37.2520670063,48.599996627,61.2096968253,72.76471946343,80.169440902589,84.0557571993355,77.3833162663958,C5,C5: limit warming to 2.5°C (>50%)
GCAM 5.3,SSP1-DACCS-1p9-3pctHR,16.5461475065,21.5696879385,22.9376326038,23.0922824929,21.2330619639,17.8513693829,13.0944446933,10.3729114214,9.002056761314,7.0418259676973,failed-vetting,failed-vetting
GCAM 5.3,SSP1-DACCS-2p6-3pctHR,16.5461475065,21.5697037385,24.7849662651,27.1015898,29.287148813,28.9909198231,22.7188845457,16.4812118352,12.2075514612,9.61247857211,failed-vetting,failed-vetting
GCAM 5.3,SSP1-highcostDACCS-2p6-3pctHR,16.54614751,21.53159213,24.55144712,26.71290002,28.5370757,27.56391105,20.92550017,14.83303996,10.38232326,8.333184844,failed-vetting,failed-vetting
GCAM 5.3,SSP1-lowcostDACCS-2p6-3pctHR,16.54614751,21.53159883,24.92407301,27.56271963,30.19977382,30.32418768,24.58486567,18.31224524,12.79916528,9.042478721,failed-vetting,failed-vetting
GCAM 5.3,SSP1-noDACCS-1p9-3pctHR,16.5461475065,21.5697065385,23.3380516452,23.8367501448,22.5179883268,18.8449776257,12.6145054129,9.05377405242,7.394359384842,5.2251588755821,failed-vetting,failed-vetting
GCAM 5.3,SSP1-noDACCS-2p6-3pctHR,16.5461475065,21.5696936385,24.7525239557,26.945905562,28.97032546,28.46557004,22.012858645,15.7477031899,10.9250754571,7.20760913984,failed-vetting,failed-vetting
GCAM 5.3,SSP2-DACCS-2p6-3pctHR,16.5461475065,23.3649554137,29.5117926181,30.964441684,32.963674213,34.1174873671,33.8866316578,32.8420633385,26.01626403087,21.95215353129,failed-vetting,failed-vetting
GCAM 5.3,SSP2-noDACCS-2p6-3pctHR,16.5461475065,23.4055621166,29.7478666582,30.812396659,31.776588288,31.839638923,30.3609624413,28.6858980021,20.62230422047,16.7095171861417,failed-vetting,failed-vetting
GCAM 5.3,SSP4-DACCS-1p9-3pctHR,16.5461475065,22.9607042856,25.6640990882,27.4322568653,29.207181961,30.1789435602,27.8266118813,25.72243268435,25.05728316275,24.080488083201,failed-vetting,failed-vetting
GCAM 5.3,SSP4-DACCS-2p6-3pctHR,16.5461475065,22.959625875,26.3077478314,28.550810381,30.538866753,31.970238408,28.7526015434,26.1233464818,23.884038532,22.72953649745,failed-vetting,failed-vetting
GCAM 5.3,SSP4-highcostDACCS-2p6-3pctHR,16.54614751,22.9605758,25.65496632,27.35764529,28.5685935,28.73234241,24.68954708,21.59515213,21.91587574,22.30007419,failed-vetting,failed-vetting
GCAM 5.3,SSP4-medcostDACCS-2p6-3pctHR,16.54614751,22.96180228,25.85301446,27.71543826,29.1917088,29.74648835,25.90788601,23.76319386,24.03109457,24.48147653,failed-vetting,failed-vetting
GCAM 5.3,SSP4-noDACCS-1p9-3pctHR,16.5461475065,22.9992416353,24.8699360636,25.752054446,25.6885949546,25.68750834971,25.15936129065,24.3560422966,24.4859625038,23.6757246364081,failed-vetting,failed-vetting
GCAM 5.3,SSP4-noDACCS-2p6-3pctHR,16.5461475065,22.9965776353,25.7541893111,27.4351273016,28.7030078002,29.0312145441,24.96012746013,21.7885942662,22.12169869221,22.596608599368,failed-vetting,failed-vetting
GCAM 5.3,SSP5-DACCS-1p9-3pctHR,16.5461475065,24.7231623597,37.595771984,49.674048351,64.401426919,77.702445078,83.246836655,87.0049431631,86.05915800907,86.795342976764,failed-vetting,failed-vetting
GCAM 5.3,SSP5-DACCS-2p6-3pctHR,16.5461475065,24.7231623597,37.350262173,49.769592928,63.69071496,77.968664795,85.321452588,84.982684458,83.7486705047,85.39339032735,failed-vetting,failed-vetting
GCAM 5.3,SSP5-noDACCS-2p6-3pctHR,16.5461475065,24.763974134,37.629035795,48.95727746,60.634996035,70.182253601,79.8639329472,89.09801330056,85.350017111653,87.6092989077301,failed-vetting,failed-vetting
GCAM 5.3,SSP_SSP1,16.5475869586,21.8469548526,26.6307362856,31.1299244539,29.7976213797,25.001178913243,19.3320543942145,14.9417091357337,11.865325491769,8.73712184568615,no-climate-assessment,no-climate-assessment
GCAM 5.3,SSP_SSP2,16.5475869586,21.7573129086,31.4952906767,41.8173155009,51.484194208,48.8452211269145,41.9298534161086,30.1145997374425,25.783957819356,20.5859042778406,C3,C3: limit warming to 2°C (>67%)
GCAM 5.3,SSP_SSP3,16.5475869586,21.7442938241,30.4004204548,39.0330813533,47.33813506174,46.5061260310251,41.1894294188568,31.0771541577447,27.4907037455856,23.5365298776641,C2,C2: return warming to 1.5°C (>50%) after a high overshoot
GCAM 5.3,SSP_SSP4,16.5475869586,21.4558098328,29.7181177302,37.4686956333,44.61016382097,46.1165457057137,45.5814623111549,41.7456383932388,40.2151711993638,37.3371564103228,C2,C2: return warming to 1.5°C (>50%) after a high overshoot
GCAM 5.3,SSP_SSP5,16.5475869586,22.6579683895,41.5179610266,69.9550487897,100.06199808702,106.64903091734,114.049283874026,112.020142732787,102.491129219974,94.2447433534315,C3,C3: limit warming to 2°C (>67%)
GCAM-PR 5.3,CSH,16.547592988,21.617663727,25.931551711,29.95976885397693,30.58314110004069,30.92228335049757,30.130445454330008,28.546725944975563,26.215552656813696,24.844564034319983,no-climate-assessment,no-climate-assessment
GCAM-PR 5.3,PCSH,16.547592988,20.680656155,24.3479717665,29.95976885397693,30.58314110004069,30.92228335049757,30.130445454330008,28.546725944975563,26.215552656813696,24.844564034319983,failed-vetting,failed-vetting
GCAM-PR 5.3,PR_CP_Intensity,16.547592988,21.059480263,24.9552725646,27.662581893,26.747860107,27.882483345,30.186149553,30.3434990101,30.5016240042,28.09034976601,failed-vetting,failed-vetting
GCAM-PR 5.3,PR_CP_Price,16.547592988,21.048187742,24.9497431232,27.850918428,27.318859859,29.118274724,32.65916572,34.05235554,35.52044999,34.549385298,failed-vetting,failed-vetting
GCAM-PR 5.3,PR_CP_PriceOnly,16.547592988,20.961669864,24.8673310248,27.901114232,27.321828743,29.221942801,32.81116426,34.42855235,35.8809128,34.846879515,C7,C7: limit warming to 4°C (>50%)
GCAM-PR 5.3,PR_NDC_Intensity,16.547592988,21.048187742,23.2018109961,24.715516381,23.847873482,25.070339913,26.4329728682,26.7958209809,26.71745479493,25.5346977307,failed-vetting,failed-vetting
GCAM-PR 5.3,PR_NDC_Price,16.547592988,21.048187742,23.204671959,25.776147421,24.928658,26.245432751,28.843897563,29.402009609,29.921434448,27.9057168219,failed-vetting,failed-vetting
GCAM-PR 5.3,PR_NDC_PriceOnly,16.54759299,20.95560732,23.44356826,26.29617248,25.49858804,26.92714351,29.78070393,30.7636128,31.93891244,30.17997331,C6,C6: limit warming to 3°C (>50%)
GCAM-PR 5.3,PR_baseline,16.54759299,21.63121828,26.12949227,29.47177786,28.6693613,30.5120531,34.13662661,36.37200034,37.78610189,36.70590336,C7,C7: limit warming to 4°C (>50%)
GCAM-PR 5.3,R,16.5475869586,22.2675238771,28.6299887109,29.95976885397693,30.58314110004069,30.92228335049757,30.130445454330008,28.546725944975563,26.215552656813696,24.844564034319983,no-climate-assessment,no-climate-assessment
GCAM-PR 5.3,SH,16.5475869586,22.1324479416,28.8982189185,29.95976885397693,30.58314110004069,30.92228335049757,30.130445454330008,28.546725944975563,26.215552656813696,24.844564034319983,no-climate-assessment,no-climate-assessment
GCAM5.2_NET,GCAM_1.5C_high_os_high-cost-DAC,16.38553,22.85199,28.71417,46.93977,60.67855,73.09617,86.36668,84.14399,66.59413,66.53868,failed-vetting,failed-vetting
GCAM5.2_NET,GCAM_1.5C_high_os_low-cost-DAC,16.38553,22.85199,28.71417,46.93977,62.05385,74.11597,84.43774,80.74199,63.55921,64.05361,failed-vetting,failed-vetting
GCAM5.2_NET,GCAM_1.5C_low_os_high-cost-DAC,16.38553,22.85199,36.65769,49.25622,61.42782,74.46764,81.23707,71.85697,72.6237,74.27768,failed-vetting,failed-vetting
GCAM5.2_NET,GCAM_1.5C_low_os_low-cost-DAC,16.38553,22.85199,36.65769,50.62438,61.63052,73.88513,77.08617,66.70518,68.20915,67.54341,failed-vetting,failed-vetting
GCAM5.2_NET,GCAM_1.5C_low_os_noDAC,16.38553,22.85201,36.65771,48.52909,59.66553,69.15229,73.56817,67.50564,71.3456,78.04805,failed-vetting,failed-vetting
GEM-E3 V1,CD-LINKS_INDCi,14.75719415701281,19.19427266412102,19.93504864718117,19.30652281497379,18.27880311008673,30.92228335049757,30.130445454330008,28.546725944975563,26.215552656813696,24.844564034319983,failed-vetting,failed-vetting
GEM-E3 V1,CD-LINKS_INDCi_recGenTaxation,17.62661257258484,22.63815713123128,24.76067588714297,26.97500077558693,28.96752693920615,30.92228335049757,30.130445454330008,28.546725944975563,26.215552656813696,24.844564034319983,no-climate-assessment,no-climate-assessment
GEM-E3 V1,CD-LINKS_INDCi_recSocialSecurity,17.62661257258484,22.63815710952207,24.76056861381461,26.98199470525119,28.97062261345757,30.92228335049757,30.130445454330008,28.546725944975563,26.215552656813696,24.844564034319983,no-climate-assessment,no-climate-assessment
GEM-E3 V1,CD-LINKS_NPi,14.75719415701281,19.19011249484188,21.20642402502427,23.81424008017513,23.0954103028275,30.92228335049757,30.130445454330008,28.546725944975563,26.215552656813696,24.844564034319983,failed-vetting,failed-vetting
GEM-E3 V1,CD-LINKS_NPi2020_1000,14.75719415701281,19.19224385180896,19.53087397081377,15.68074403625277,16.09015706083349,30.92228335049757,30.130445454330008,28.546725944975563,26.215552656813696,24.844564034319983,failed-vetting,failed-vetting
GEM-E3 V1,CD-LINKS_NPi2020_1000_recGenTaxation,17.62661257258484,22.64271179195324,18.485631106884,23.11689246908148,21.05982003789612,30.92228335049757,30.130445454330008,28.546725944975563,26.215552656813696,24.844564034319983,no-climate-assessment,no-climate-assessment
GEM-E3 V1,CD-LINKS_NPi2020_1000_recSocialSecurity,17.62661257258484,22.64271185124226,18.46366013145037,23.04486872706833,20.84290472834328,30.92228335049757,30.130445454330008,28.546725944975563,26.215552656813696,24.844564034319983,no-climate-assessment,no-climate-assessment
GEM-E3 V1,CD-LINKS_NPi2020_1600,14.75719415701281,19.19224385180896,20.28796000251032,18.86134214399484,18.42812716032167,30.92228335049757,30.130445454330008,28.546725944975563,26.215552656813696,24.844564034319983,failed-vetting,failed-vetting
GEM-E3 V1,CD-LINKS_NPi2020_400,14.75719415701281,19.19278821167847,16.00612626319027,11.76027085176924,13.15635235241943,30.92228335049757,30.130445454330008,28.546725944975563,26.215552656813696,24.844564034319983,failed-vetting,failed-vetting
GEM-E3 V1,CD-LINKS_NPi2020_400_recGenTaxation,17.62661257258484,22.64271178326277,15.91561022443964,20.96918300016916,23.13831365428525,30.92228335049757,30.130445454330008,28.546725944975563,26.215552656813696,24.844564034319983,failed-vetting,failed-vetting
GEM-E3 V1,CD-LINKS_NPi2020_400_recSocialSecurity,17.62661257258484,22.64271178393229,15.99650048972069,21.03952262580433,23.05433911283884,30.92228335049757,30.130445454330008,28.546725944975563,26.215552656813696,24.844564034319983,failed-vetting,failed-vetting
GEM-E3_V2021,EN_INDCi2030_1000,16.944111277394907,21.27188593705367,25.15757565544277,22.57099321018431,27.5067946782812,41.76311570064166,57.14518875601418,73.05923593883136,95.547833293407,114.1687630565379,C3,C3: limit warming to 2°C (>67%)
GEM-E3_V2021,EN_INDCi2030_1000_COV,16.944111277394907,19.694215461442,22.6075778541732,21.28697139099367,24.80392666921765,38.05998724910825,53.29654032400272,67.43891639838364,89.49341433551704,106.3955036542196,C3,C3: limit warming to 2°C (>67%)
GEM-E3_V2021,EN_INDCi2030_1000_COV_NDCp,16.944111277394907,19.69421547312644,21.5904431795514,21.45086431794778,23.61779846045696,37.7983641212321,53.05189136136792,67.52634980383637,90.16735224531634,106.8720582693309,C3,C3: limit warming to 2°C (>67%)
GEM-E3_V2021,EN_INDCi2030_1000_NDCp,16.944111277394907,21.27188593705367,24.02049943022942,22.65842191248968,26.92739436254082,41.9669298772906,57.3787864785384,72.96029123250565,96.5931852129813,114.9965761448643,C3,C3: limit warming to 2°C (>67%)
GEM-E3_V2021,EN_INDCi2030_1000f,16.944111277394907,21.27188593705367,25.15757565544277,23.49470281713376,24.4680338498834,38.52855955181817,53.98372413692357,70.7900422992433,98.005385346321,114.0813806198767,C4,C4: limit warming to 2°C (>50%)
GEM-E3_V2021,EN_INDCi2030_1000f_COV,16.944111277394907,19.694215461442,22.6075778541732,21.98426626242975,23.18826805211215,35.48248396056223,50.0435968560269,66.21740090715763,91.69757824184263,106.582952991193,C3,C3: limit warming to 2°C (>67%)
GEM-E3_V2021,EN_INDCi2030_1000f_COV_NDCp,16.944111277394907,19.69421547312644,21.5904431795514,22.04623131966592,23.15232593210066,35.40949785643071,50.10789460308309,67.04857296422766,92.03370389885085,107.0284529016907,C3,C3: limit warming to 2°C (>67%)
GEM-E3_V2021,EN_INDCi2030_1000f_NDCp,16.944111277394907,21.27188593705367,24.02049943022942,23.55060001300484,24.58716217064934,38.57622601206092,54.1541251259406,71.11504276969696,98.58240834236764,114.7083789023888,C4,C4: limit warming to 2°C (>50%)
GEM-E3_V2021,EN_INDCi2030_1400,16.944111277394907,21.27188593705367,25.15757565544277,23.51639827853242,26.27484661757686,33.79291426745808,50.26790058875888,71.06756155138574,97.05301761852829,114.7510543143925,C4,C4: limit warming to 2°C (>50%)
GEM-E3_V2021,EN_INDCi2030_1400f,16.944111277394907,21.27188593705367,25.15757565544277,23.51639827853242,26.27484661757686,33.51740722297291,49.63479860652787,70.74064744527672,97.04546264163308,117.2311110078766,C4,C4: limit warming to 2°C (>50%)
GEM-E3_V2021,EN_INDCi2030_1800,16.944111277394907,21.27188593705367,25.15757565544277,24.08426966282583,27.78541367745441,38.12637979707775,46.99524968980167,59.64584138121187,90.9208162083924,122.8173240189787,C5,C5: limit warming to 2.5°C (>50%)
GEM-E3_V2021,EN_INDCi2030_1800f,16.944111277394907,21.27188593705367,25.15757565544277,24.08426966282583,27.78541367745441,38.12637979707775,46.99524968980167,59.64584138121187,90.9208162083924,122.8173240189787,C5,C5: limit warming to 2.5°C (>50%)
GEM-E3_V2021,EN_INDCi2030_600f,16.944111277394907,21.27188593705367,25.15757565544277,20.41633868926742,26.58026154654821,36.55391254780055,48.09448205829776,68.10492917487392,90.23216040543387,111.000290311664,C2,C2: return warming to 1.5°C (>50%) after a high overshoot
GEM-E3_V2021,EN_INDCi2030_600f_COV,16.944111277394907,19.694215461442,22.6075778541732,19.61972329682901,24.04075615615803,33.72392570026274,44.41540779843877,62.94619249654757,84.56048223918687,102.5529882685376,C2,C2: return warming to 1.5°C (>50%) after a high overshoot
GEM-E3_V2021,EN_INDCi2030_600f_COV_NDCp,16.944111277394907,19.69421547312644,21.5904431795514,19.66225802625512,23.96402195226105,33.86186891297022,44.40146528544792,62.99631170434589,84.5692136360453,102.5431412938594,C2,C2: return warming to 1.5°C (>50%) after a high overshoot
GEM-E3_V2021,EN_INDCi2030_600f_NDCp,16.944111277394907,21.27188593705367,24.02049943022942,20.68251160680072,26.34156009909314,36.59999639071453,48.05986345000296,68.15080772671999,90.4100899879799,111.0668665551062,C2,C2: return warming to 1.5°C (>50%) after a high overshoot
GEM-E3_V2021,EN_INDCi2030_800,16.944111277394907,21.27188593705367,25.15757565544277,20.89091327914242,29.78457301632832,40.72002565136056,55.57301992534521,69.83078023047078,92.819236730562,110.9297319139921,C3,C3: limit warming to 2°C (>67%)
GEM-E3_V2021,EN_INDCi2030_800f,16.944111277394907,21.27188593705367,25.15757565544277,22.58024456093218,27.61337413194533,36.54164310962294,51.20061497369657,69.62780149925207,93.88737851825422,111.6725219467436,C2,C2: return warming to 1.5°C (>50%) after a high overshoot
GEM-E3_V2021,EN_INDCi2100,16.944111277394907,21.27188593705367,25.15757565544277,29.77480396244286,38.47766169324167,52.99414531906116,69.29557330595944,88.62107058039787,109.9464281839994,133.8978324961123,C7,C7: limit warming to 4°C (>50%)
GEM-E3_V2021,EN_INDCi2100_COV,16.944111277394907,19.694215461442,22.6075778541732,28.16344811191821,36.48615811738027,49.4689062689308,64.49395203657986,82.25465502846245,102.1953119706532,124.3766204221403,C6,C6: limit warming to 3°C (>50%)
GEM-E3_V2021,EN_INDCi2100_COV_NDCp,16.944111277394907,19.69421547312644,21.5904431795514,27.22858385140782,34.04083666361411,49.32722294667258,64.03387262049942,81.85850676597676,101.6943251858645,123.3998278732478,C6,C6: limit warming to 3°C (>50%)
GEM-E3_V2021,EN_INDCi2100_NDCp,16.944111277394907,21.27188593705367,24.02049943022942,28.51908373552141,36.64873947330499,52.91267693981138,68.54035435790958,88.12069323785754,109.2060266705308,133.0536890283462,C6,C6: limit warming to 3°C (>50%)
GEM-E3_V2021,EN_NPi2020_1000,16.944111277394907,21.27188592438572,20.90479535383889,21.96172596066724,23.17921390037941,40.68347288616595,57.61269375138457,74.15979405597427,99.1189602433918,116.5212782297841,C3,C3: limit warming to 2°C (>67%)
GEM-E3_V2021,EN_NPi2020_1000_COV,16.944111277394907,19.694215461442,19.93017680346271,20.83733625739975,21.7356728134991,35.99679829446761,52.16925210588448,67.65342149646418,90.24113912236643,106.4177424408087,C3,C3: limit warming to 2°C (>67%)
GEM-E3_V2021,EN_NPi2020_1000f,16.944111277394907,21.27188593470717,21.43622558002578,22.64042337081423,23.58435617885793,37.31678300643324,53.59356086875441,71.87803385398568,99.09080786591144,115.1153367283167,C4,C4: limit warming to 2°C (>50%)
GEM-E3_V2021,EN_NPi2020_1000f_COV,16.944111277394907,19.694215461442,20.55728274669543,20.15980015147814,22.62620142030539,33.65130635009687,49.78228325289207,66.50725524662862,91.71103141164215,108.3346548148151,C3,C3: limit warming to 2°C (>67%)
GEM-E3_V2021,EN_NPi2020_1400,16.944111277394907,21.2718859421078,22.23037048778808,21.09808554439851,26.02207223580037,34.16507051687494,44.50616545121048,66.71456001856653,96.57413044976994,114.5432064483892,C5,C5: limit warming to 2.5°C (>50%)
GEM-E3_V2021,EN_NPi2020_1400f,16.944111277394907,21.2718859421078,22.23037048778808,21.09808554439851,26.02207223580037,34.00994724625248,44.41044772005555,66.4962707344692,96.47075068920516,117.3897776070381,C4,C4: limit warming to 2°C (>50%)
GEM-E3_V2021,EN_NPi2020_1800,16.944111277394907,21.2718859421078,20.66066130663356,23.0925910694327,27.61165821719697,38.64091956128529,47.44645109197376,59.49513450955563,87.51382119985331,123.2652670319403,C5,C5: limit warming to 2.5°C (>50%)
GEM-E3_V2021,EN_NPi2020_1800f,16.944111277394907,21.2718859421078,20.66066130663356,23.0925910694327,27.61165821719697,38.64091956128529,47.44645109197376,59.49513450955563,87.51382119985331,123.2652670319403,C5,C5: limit warming to 2.5°C (>50%)
GEM-E3_V2021,EN_NPi2020_400f,16.944111277394907,21.27188593470717,19.89012430317963,19.33657378584263,25.00142909452231,37.36904344154996,51.17620322117594,67.57502034327827,95.93801000973112,111.8033710740207,C2,C2: return warming to 1.5°C (>50%) after a high overshoot
GEM-E3_V2021,EN_NPi2020_500,16.944111277394907,21.27188592438572,17.47265177749719,18.82587701421037,25.59340572742881,37.58594866678381,51.2755935596986,65.01283861810545,90.72345459258815,103.4518701397783,C1,C1: limit warming to 1.5°C (>50%) with no or limited overshoot
GEM-E3_V2021,EN_NPi2020_500f,16.944111277394907,21.27188593470717,20.81520192556422,19.85495382165574,24.79866459384376,38.02979406583951,51.58594601667696,68.41343531766384,95.90720368401968,111.3649424827046,C2,C2: return warming to 1.5°C (>50%) after a high overshoot
GEM-E3_V2021,EN_NPi2020_600,16.944111277394907,21.27188592438572,20.11262286265968,19.85449206875522,28.4162345466024,42.17228262305971,55.51557081144643,70.85156316868436,93.14382338647704,112.3261970559444,C2,C2: return warming to 1.5°C (>50%) after a high overshoot
GEM-E3_V2021,EN_NPi2020_600_COV,16.944111277394907,19.694215461442,20.49696621704673,18.40174364866135,26.18470966156446,36.17715293589954,50.57645710040925,63.04352592654462,83.83918930221428,101.4304898264914,C1,C1: limit warming to 1.5°C (>50%) with no or limited overshoot
GEM-E3_V2021,EN_NPi2020_600f,16.944111277394907,21.27188593470717,20.89653654237581,20.89499836508374,24.85202666959969,38.69005867326565,52.93462292351911,69.63204493715693,95.77263834285932,110.7764152275523,C2,C2: return warming to 1.5°C (>50%) after a high overshoot
GEM-E3_V2021,EN_NPi2020_600f_COV,16.944111277394907,19.694215461442,19.59633136713008,19.8446662149161,22.55099496604058,33.54424669862252,47.18301255410832,63.54780194450356,86.0370347298089,102.085614443184,C2,C2: return warming to 1.5°C (>50%) after a high overshoot
GEM-E3_V2021,EN_NPi2020_800,16.944111277394907,21.27188592438572,20.56072985602226,19.77928334317152,25.43329382119836,41.9413683845714,56.71880314068249,72.40609962155642,94.39411008925492,113.6823472543559,C3,C3: limit warming to 2°C (>67%)
GEM-E3_V2021,EN_NPi2020_800f,16.944111277394907,21.27188593470717,20.94244519051318,21.88300096851396,23.01210837207341,38.62254350693309,53.58246657817536,69.84780209028011,97.95301049484912,113.0474929938148,C3,C3: limit warming to 2°C (>67%)
GEM-E3_V2021,EN_NPi2100,16.944111277394907,21.27188593705367,24.46488352874768,31.6281117884162,42.4822744833724,56.55807560132669,74.15102398919282,93.01968042939292,116.1230082145312,139.7532421461467,C7,C7: limit warming to 4°C (>50%)
GEM-E3_V2021,EN_NPi2100_COV,16.944111277394907,19.694215461442,22.87691961617222,29.49528691246301,39.59870673482432,52.54045511124158,68.86061235780844,86.29835713060565,107.6820138675666,129.5558015796285,C7,C7: limit warming to 4°C (>50%)
GEMINI-E3 7.0,PR_Baseline,16.944111277394907,29.4179650813,39.1591132678,45.1962803265,52.4435108662,30.92228335049757,30.130445454330008,28.546725944975563,26.215552656813696,24.844564034319983,no-climate-assessment,no-climate-assessment
GEMINI-E3 7.0,PR_CP_Intensity,16.944111277394907,29.3960257418,38.8658530973,44.4223179262,50.2332579821,30.92228335049757,30.130445454330008,28.546725944975563,26.215552656813696,24.844564034319983,no-climate-assessment,no-climate-assessment
GEMINI-E3 7.0,PR_CP_Price,16.944111277394907,29.3960257418,38.8658530973,44.2916397771,50.75044581029999,30.92228335049757,30.130445454330008,28.546725944975563,26.215552656813696,24.844564034319983,no-climate-assessment,no-climate-assessment
GEMINI-E3 7.0,PR_CP_PriceOnly,16.944111277394907,29.4325560784,39.3210508748,45.27502272550001,52.1571956158,30.92228335049757,30.130445454330008,28.546725944975563,26.215552656813696,24.844564034319983,no-climate-assessment,no-climate-assessment
GEMINI-E3 7.0,PR_NDC_Intensity,16.944111277394907,29.2261324882,35.80682970340001,39.4418136494,45.62411589139999,30.92228335049757,30.130445454330008,28.546725944975563,26.215552656813696,24.844564034319983,no-climate-assessment,no-climate-assessment
GEMINI-E3 7.0,PR_NDC_Price,16.944111277394907,29.2261324882,35.80682970340001,41.7505860151,49.3107343969,30.92228335049757,30.130445454330008,28.546725944975563,26.215552656813696,24.844564034319983,no-climate-assessment,no-climate-assessment
GENeSYS-MOD 1.0,1,16.944111277394907,15.607,3.711999999999999,0.179,0.0,30.92228335049757,30.130445454330008,28.546725944975563,26.215552656813696,24.844564034319983,no-climate-assessment,no-climate-assessment
GMM-17,Hard_Rock,16.84455,21.68941,26.08324,30.15407,38.17729999999999,39.85222000000001,30.130445454330008,28.546725944975563,26.215552656813696,24.844564034319983,no-climate-assessment,no-climate-assessment
GMM-17,Modern_Jazz,16.84455,23.92186999999999,35.45523,56.58422000000002,75.08617999999998,76.93935,30.130445454330008,28.546725944975563,26.215552656813696,24.844564034319983,no-climate-assessment,no-climate-assessment
GMM-17,Symphony_1.5C,17.34751000000001,23.04945,29.21545,30.19645999999999,30.87782,27.47451,30.130445454330008,28.546725944975563,26.215552656813696,24.844564034319983,no-climate-assessment,no-climate-assessment
GMM-17,Unfinished_Symphony,16.84455,23.40626,32.50741000000001,50.96966,58.19360999999999,53.09643000000001,30.130445454330008,28.546725944975563,26.215552656813696,24.844564034319983,no-climate-assessment,no-climate-assessment
GRAPE-15 1.0,EMF33_1.5C_cost100,17.1749,22.6645,28.0619,27.1378,25.4256,17.7234,14.4897,11.5088,10.123,6.9042,failed-vetting,failed-vetting
GRAPE-15 1.0,EMF33_1.5C_full,17.1749,22.6622,28.038,27.1355,25.4743,17.715,14.4933,11.5068,10.1095,6.6053,failed-vetting,failed-vetting
GRAPE-15 1.0,EMF33_1.5C_nofuel,17.1749,22.5496,27.7483,26.8206,25.3255,17.7139,14.4806,11.4545,10.0707,7.3834,failed-vetting,failed-vetting
GRAPE-15 1.0,EMF33_Baseline,17.1749,19.3298,29.122,29.371,29.2012,31.0136,34.6252,35.8562,40.8712,51.7892,failed-vetting,failed-vetting
GRAPE-15 1.0,EMF33_Med2C_cost100,17.1749,20.6363,31.1076,29.0444,28.8448,24.8451,22.5632,13.2151,22.914,33.6578,failed-vetting,failed-vetting
GRAPE-15 1.0,EMF33_Med2C_full,17.1749,20.6262,31.0558,29.2039,28.8802,24.6364,22.7103,13.0702,22.8539,33.2338,failed-vetting,failed-vetting
GRAPE-15 1.0,EMF33_Med2C_limbio,17.1749,23.2122,25.4224,25.9742,29.0797,37.0853,42.2245,46.2884,53.8266,60.1845,failed-vetting,failed-vetting
GRAPE-15 1.0,EMF33_Med2C_nobeccs,17.1749,22.1719,24.201,24.4641,26.0926,21.6962,20.2097,17.6346,18.0819,15.2913,failed-vetting,failed-vetting
GRAPE-15 1.0,EMF33_Med2C_nofuel,17.1749,20.6032,31.0515,29.4625,28.5832,24.1694,23.3264,13.0336,22.9684,33.4627,failed-vetting,failed-vetting
GRAPE-15 1.0,EMF33_Med2C_none,17.1749,21.9673,24.1093,23.6777,24.0353,20.7287,19.7029,17.1561,17.84099999999999,14.7591,failed-vetting,failed-vetting
GRAPE-15 1.0,EMF33_WB2C_cost100,17.1749,23.45300000000001,26.0626,19.5553,17.0638,18.6679,19.4769,17.2692,15.8842,27.5352,failed-vetting,failed-vetting
GRAPE-15 1.0,EMF33_WB2C_full,17.1749,23.3816,26.0288,19.2469,16.8513,18.8346,19.3793,17.1368,15.518,27.2342,failed-vetting,failed-vetting
GRAPE-15 1.0,EMF33_WB2C_limbio,17.1749,19.0893,24.2099,27.1842,29.1426,27.3869,25.4197,22.5721,23.0305,26.4584,failed-vetting,failed-vetting
GRAPE-15 1.0,EMF33_WB2C_nofuel,17.1749,23.365,25.8179,19.1895,16.8465,18.4482,19.5582,17.2445,15.6859,27.9404,failed-vetting,failed-vetting
GRAPE-15 1.0,EMF33_tax_hi_full,17.1749,19.5923,25.7411,21.4627,17.0459,21.1184,24.2259,20.9458,17.8545,16.7074,failed-vetting,failed-vetting
GRAPE-15 1.0,EMF33_tax_hi_none,17.1749,19.6666,23.2792,19.2658,17.4141,19.2211,23.3485,17.7589,14.5622,12.9028,failed-vetting,failed-vetting
GRAPE-15 1.0,EMF33_tax_lo_full,17.1749,19.4439,27.8533,26.3276,29.1753,25.3203,27.0266,26.7109,23.8939,18.5521,failed-vetting,failed-vetting
GRAPE-15 1.0,EMF33_tax_lo_none,17.1749,19.3586,27.5789,25.1915,28.3173,23.5273,24.6944,27.5139,42.5293,52.1478,failed-vetting,failed-vetting
IEA Energy Technology Perspectives Model 2020,B2DS,17.41955970913565,22.74048,24.66723639418158,22.73151399064924,13.22171911344219,10.22321558016064,8.630826614804539,28.546725944975563,26.215552656813696,24.844564034319983,no-climate-assessment,no-climate-assessment
IMACLIM 1.1,ADVANCE_2020_1.5C-2100_WP6,17.08,32.44,42.4,10.27,5.015,30.92228335049757,30.130445454330008,28.546725944975563,26.215552656813696,24.844564034319983,no-climate-assessment,no-climate-assessment
IMACLIM 1.1,ADVANCE_2020_Med2C_WP6,17.08,31.31,50.82,45.04,24.15,30.92228335049757,30.130445454330008,28.546725944975563,26.215552656813696,24.844564034319983,failed-vetting,failed-vetting
IMACLIM 1.1,ADVANCE_2020_WB2C_WP6,17.08,32.3,50.61,31.89,25.28,30.92228335049757,30.130445454330008,28.546725944975563,26.215552656813696,24.844564034319983,no-climate-assessment,no-climate-assessment
IMACLIM 1.1,ADVANCE_2030_Med2C_WP6,18.03,30.54,38.1,37.07,37.61,30.92228335049757,30.130445454330008,28.546725944975563,26.215552656813696,24.844564034319983,failed-vetting,failed-vetting
IMACLIM 1.1,ADVANCE_2030_Price1.5C_WP6,18.03,30.54,37.62,31.09,25.94,30.92228335049757,30.130445454330008,28.546725944975563,26.215552656813696,24.844564034319983,failed-vetting,failed-vetting
IMACLIM 1.1,ADVANCE_2030_WB2C_WP6,18.03,30.54,37.91,31.13,22.88,30.92228335049757,30.130445454330008,28.546725944975563,26.215552656813696,24.844564034319983,failed-vetting,failed-vetting
IMACLIM 1.1,ADVANCE_INDC_WP6,18.03,30.58,34.3,26.52,17.25,30.92228335049757,30.130445454330008,28.546725944975563,26.215552656813696,24.844564034319983,failed-vetting,failed-vetting
IMACLIM 1.1,ADVANCE_NoPolicy_WP6,14.84,15.86,14.66,11.99,11.34,30.92228335049757,30.130445454330008,28.546725944975563,26.215552656813696,24.844564034319983,no-climate-assessment,no-climate-assessment
IMACLIM 1.1,ADVANCE_Reference_WP6,17.08,26.85,22.3,14.92,10.53,30.92228335049757,30.130445454330008,28.546725944975563,26.215552656813696,24.844564034319983,failed-vetting,failed-vetting
IMACLIM 1.1,SSP1_NoPolicy_TranspBase,16.0,35.4,44.63,46.07,38.59,41.29,44.08,50.35,26.215552656813696,24.844564034319983,no-climate-assessment,no-climate-assessment
IMACLIM 1.1,SSP1_NoPolicy_TranspOpt,16.58,40.0,55.13,69.35,72.61,73.44,70.57,56.93,26.215552656813696,24.844564034319983,no-climate-assessment,no-climate-assessment
IMACLIM 1.1,SSP1_RCP34_TranspBase,21.89,39.73,37.21,32.06,53.75,61.35,41.22,28.546725944975563,26.215552656813696,24.844564034319983,failed-vetting,failed-vetting
IMACLIM 1.1,SSP1_RCP34_TranspOpt,22.0,42.75,44.67,49.17,75.81,87.94,95.44,76.02,26.215552656813696,24.844564034319983,failed-vetting,failed-vetting
IMACLIM 1.1,SSP1_RCP45_TranspBase,21.95,37.57,35.97,39.04,31.34,32.96,35.26,23.25,26.215552656813696,24.844564034319983,failed-vetting,failed-vetting
IMACLIM 1.1,SSP1_RCP45_TranspOpt,22.2,41.99,46.77,59.2,59.17,57.4,56.48,76.69,26.215552656813696,24.844564034319983,failed-vetting,failed-vetting
IMACLIM 1.1,SSP3_NoPolicy_TranspBase,15.23,19.34,21.68,22.41,24.32,21.03,17.52,14.77,26.215552656813696,24.844564034319983,no-climate-assessment,no-climate-assessment
IMACLIM 1.1,SSP3_NoPolicy_TranspOpt,15.42,22.49,28.06,35.32,39.5,38.89,33.81,31.04,26.215552656813696,24.844564034319983,no-climate-assessment,no-climate-assessment
IMACLIM 1.1,SSP3_NoPolicy_Transp_111,15.46,28.86,34.61,35.04,32.51,28.22,26.84,27.54,26.215552656813696,24.844564034319983,no-climate-assessment,no-climate-assessment
IMACLIM 1.1,SSP3_NoPolicy_Transp_112,15.47,29.09,35.23,36.02,33.87,28.36,26.06,24.11,26.215552656813696,24.844564034319983,no-climate-assessment,no-climate-assessment
IMACLIM 1.1,SSP3_NoPolicy_Transp_121,15.6,30.78,37.2,39.16,35.61,31.82,28.03,28.14,26.215552656813696,24.844564034319983,no-climate-assessment,no-climate-assessment
IMACLIM 1.1,SSP3_NoPolicy_Transp_211,15.5,29.68,35.82,37.16,34.83,30.65,26.99,26.65,26.215552656813696,24.844564034319983,no-climate-assessment,no-climate-assessment
IMACLIM 1.1,SSP3_NoPolicy_Transp_222,15.7,31.88,38.77,41.23,37.9,35.45,29.29,27.1,26.215552656813696,24.844564034319983,no-climate-assessment,no-climate-assessment
IMACLIM 1.1,SSP3_RCP26_Transp_111,16.7,32.69,34.69,28.62,38.44,30.92228335049757,30.130445454330008,28.546725944975563,26.215552656813696,24.844564034319983,no-climate-assessment,no-climate-assessment
IMACLIM 1.1,SSP3_RCP26_Transp_112,16.71,32.85,35.29,30.21,41.92,30.92228335049757,30.130445454330008,28.546725944975563,26.215552656813696,24.844564034319983,no-climate-assessment,no-climate-assessment
IMACLIM 1.1,SSP3_RCP26_Transp_121,16.65,33.63,36.92,31.46,42.11,41.36,30.130445454330008,28.546725944975563,26.215552656813696,24.844564034319983,no-climate-assessment,no-climate-assessment
IMACLIM 1.1,SSP3_RCP26_Transp_211,16.57,33.11,36.13,31.2,43.01,43.07,30.130445454330008,28.546725944975563,26.215552656813696,24.844564034319983,no-climate-assessment,no-climate-assessment
IMACLIM 1.1,SSP3_RCP26_Transp_222,16.64,34.5,38.89,35.63,50.5,52.63,30.130445454330008,28.546725944975563,26.215552656813696,24.844564034319983,no-climate-assessment,no-climate-assessment
IMACLIM 1.1,SSP3_RCP34_TranspBase,17.71,33.98,36.47,30.49,29.84,45.53,58.02,66.96,26.215552656813696,24.844564034319983,failed-vetting,failed-vetting
IMACLIM 1.1,SSP3_RCP34_TranspOpt,17.74,36.45,43.2,45.08,58.23,83.75,102.8,117.3,26.215552656813696,24.844564034319983,failed-vetting,failed-vetting
IMACLIM 1.1,SSP3_RCP34_Transp_111,16.74,31.82,35.47,30.54,27.64,32.09,29.41,30.55,26.215552656813696,24.844564034319983,no-climate-assessment,no-climate-assessment
IMACLIM 1.1,SSP3_RCP34_Transp_112,16.75,31.98,35.98,31.89,29.18,33.55,32.62,35.72,26.215552656813696,24.844564034319983,no-climate-assessment,no-climate-assessment
IMACLIM 1.1,SSP3_RCP34_Transp_121,16.69,32.41,37.95,34.21,30.69,34.17,33.1,39.05,26.215552656813696,24.844564034319983,no-climate-assessment,no-climate-assessment
IMACLIM 1.1,SSP3_RCP34_Transp_211,16.66,32.01,36.8,32.82,30.17,36.3,37.67,44.11,26.215552656813696,24.844564034319983,no-climate-assessment,no-climate-assessment
IMACLIM 1.1,SSP3_RCP34_Transp_222,16.7,33.09,40.05,37.95,35.21,40.77,45.56,49.37,26.215552656813696,24.844564034319983,no-climate-assessment,no-climate-assessment
IMACLIM 1.1,SSP3_RCP45_TranspBase,17.97,32.54,31.54,30.65,32.42,32.98,28.45,39.82,26.215552656813696,24.844564034319983,failed-vetting,failed-vetting
IMACLIM 1.1,SSP3_RCP45_TranspOpt,17.91,35.08,40.16,43.71,49.32,47.34,41.19,64.28,26.215552656813696,24.844564034319983,failed-vetting,failed-vetting
IMACLIM 1.1,SSP3_RCP45_Transp_111,16.7,28.79,34.2,36.54,33.06,29.9,19.02,21.24,26.215552656813696,24.844564034319983,no-climate-assessment,no-climate-assessment
IMACLIM 1.1,SSP3_RCP45_Transp_112,16.71,28.97,34.6,37.83,35.41,32.01,20.71,22.78,26.215552656813696,24.844564034319983,no-climate-assessment,no-climate-assessment
IMACLIM 1.1,SSP3_RCP45_Transp_121,16.67,29.34,35.41,39.46,37.89,33.38,21.17,21.01,26.215552656813696,24.844564034319983,no-climate-assessment,no-climate-assessment
IMACLIM 1.1,SSP3_RCP45_Transp_211,16.64,29.11,34.88,37.84,35.95,32.97,22.29,27.83,26.215552656813696,24.844564034319983,no-climate-assessment,no-climate-assessment
IMACLIM 1.1,SSP3_RCP45_Transp_222,16.69,30.25,36.89,41.33,41.29,37.36,25.18,28.43,26.215552656813696,24.844564034319983,no-climate-assessment,no-climate-assessment
IMACLIM 1.1,base_DemandHigh_FossilHigh_TechHigh,15.55,19.62,22.72,23.06,26.28,30.92228335049757,30.130445454330008,28.546725944975563,26.215552656813696,24.844564034319983,failed-vetting,failed-vetting
IMACLIM 1.1,base_DemandHigh_FossilLow_TechHigh,15.35,27.77,28.86,21.51,15.65,30.92228335049757,30.130445454330008,28.546725944975563,26.215552656813696,24.844564034319983,failed-vetting,failed-vetting
IMACLIM 1.1,base_DemandHigh_FossilLow_TechLow,15.86,36.05,46.6,45.09,37.69,30.92228335049757,30.130445454330008,28.546725944975563,26.215552656813696,24.844564034319983,no-climate-assessment,no-climate-assessment
IMACLIM 1.1,base_DemandLow_FossilHigh_TechHigh,14.86,14.74,12.5,8.911,8.4,30.92228335049757,30.130445454330008,28.546725944975563,26.215552656813696,24.844564034319983,failed-vetting,failed-vetting
IMACLIM 1.1,base_DemandLow_FossilHigh_TechLow,15.3,18.16,20.58,22.35,27.69,30.92228335049757,30.130445454330008,28.546725944975563,26.215552656813696,24.844564034319983,no-climate-assessment,no-climate-assessment
IMACLIM 1.1,base_DemandLow_FossilLow_TechHigh,15.08,22.79,21.35,18.16,14.34,30.92228335049757,30.130445454330008,28.546725944975563,26.215552656813696,24.844564034319983,failed-vetting,failed-vetting
IMACLIM 1.1,base_DemandLow_FossilLow_TechLow,15.59,30.51,38.88,38.38,33.87,30.92228335049757,30.130445454330008,28.546725944975563,26.215552656813696,24.844564034319983,no-climate-assessment,no-climate-assessment
IMACLIM 1.1,peak2016_DemandHigh_FossilHigh_TechHigh,18.67,37.61,33.88,28.46,80.45,30.92228335049757,30.130445454330008,28.546725944975563,26.215552656813696,24.844564034319983,failed-vetting,failed-vetting
IMACLIM 1.1,peak2016_DemandHigh_FossilLow_TechHigh,18.93,39.1,35.9,36.6,91.59,30.92228335049757,30.130445454330008,28.546725944975563,26.215552656813696,24.844564034319983,failed-vetting,failed-vetting
IMACLIM 1.1,peak2016_DemandHigh_FossilLow_TechLow,16.92,30.68,24.69,16.36,37.42,30.92228335049757,30.130445454330008,28.546725944975563,26.215552656813696,24.844564034319983,failed-vetting,failed-vetting
IMACLIM 1.1,peak2016_DemandLow_FossilHigh_TechHigh,14.88,25.75,23.07,14.14,21.09,30.92228335049757,30.130445454330008,28.546725944975563,26.215552656813696,24.844564034319983,failed-vetting,failed-vetting
IMACLIM 1.1,peak2016_DemandLow_FossilHigh_TechLow,16.07,33.43,31.9,24.36,57.41,30.92228335049757,30.130445454330008,28.546725944975563,26.215552656813696,24.844564034319983,failed-vetting,failed-vetting
IMACLIM 1.1,peak2016_DemandLow_FossilLow_TechHigh,15.2,28.04,25.78,16.7,27.57,30.92228335049757,30.130445454330008,28.546725944975563,26.215552656813696,24.844564034319983,failed-vetting,failed-vetting
IMACLIM 1.1,peak2016_DemandLow_FossilLow_TechLow,16.41,35.75,35.02,30.62,66.75,30.92228335049757,30.130445454330008,28.546725944975563,26.215552656813696,24.844564034319983,failed-vetting,failed-vetting
IMACLIM 1.1,peak2020_DemandHigh_FossilHigh_TechHigh,18.67,36.24,35.46,28.81,73.53,30.92228335049757,30.130445454330008,28.546725944975563,26.215552656813696,24.844564034319983,failed-vetting,failed-vetting
IMACLIM 1.1,peak2020_DemandHigh_FossilLow_TechHigh,16.92,29.65,26.71,16.85,31.95,30.92228335049757,30.130445454330008,28.546725944975563,26.215552656813696,24.844564034319983,failed-vetting,failed-vetting
IMACLIM 1.1,peak2020_DemandHigh_FossilLow_TechLow,18.93,38.27,38.08,36.92,84.06,30.92228335049757,30.130445454330008,28.546725944975563,26.215552656813696,24.844564034319983,failed-vetting,failed-vetting
IMACLIM 1.1,peak2020_DemandLow_FossilHigh_TechHigh,14.88,22.94,22.65,13.31,17.54,30.92228335049757,30.130445454330008,28.546725944975563,26.215552656813696,24.844564034319983,failed-vetting,failed-vetting
IMACLIM 1.1,peak2020_DemandLow_FossilHigh_TechLow,16.07,30.63,32.29,24.96,54.42,30.92228335049757,30.130445454330008,28.546725944975563,26.215552656813696,24.844564034319983,failed-vetting,failed-vetting
IMACLIM 1.1,peak2020_DemandLow_FossilLow_TechHigh,15.2,26.17,27.13,17.46,24.54,30.92228335049757,30.130445454330008,28.546725944975563,26.215552656813696,24.844564034319983,failed-vetting,failed-vetting
IMACLIM 1.1,peak2020_DemandLow_FossilLow_TechLow,16.41,33.4,36.23,31.21,62.62,30.92228335049757,30.130445454330008,28.546725944975563,26.215552656813696,24.844564034319983,failed-vetting,failed-vetting
IMACLIM 1.1,peak2025_DemandHigh_FossilHigh_TechHigh,18.67,35.46,35.23,30.25,65.71,30.92228335049757,30.130445454330008,28.546725944975563,26.215552656813696,24.844564034319983,failed-vetting,failed-vetting
IMACLIM 1.1,peak2025_DemandHigh_FossilLow_TechHigh,16.92,28.86,26.67,18.52,28.23,30.92228335049757,30.130445454330008,28.546725944975563,26.215552656813696,24.844564034319983,failed-vetting,failed-vetting
IMACLIM 1.1,peak2025_DemandHigh_FossilLow_TechLow,18.93,37.41,38.56,36.75,71.44,30.92228335049757,30.130445454330008,28.546725944975563,26.215552656813696,24.844564034319983,failed-vetting,failed-vetting
IMACLIM 1.1,peak2025_DemandLow_FossilHigh_TechHigh,14.88,20.68,21.25,14.87,15.84,30.92228335049757,30.130445454330008,28.546725944975563,26.215552656813696,24.844564034319983,failed-vetting,failed-vetting
IMACLIM 1.1,peak2025_DemandLow_FossilHigh_TechLow,16.07,29.51,30.8,27.4,46.69,30.92228335049757,30.130445454330008,28.546725944975563,26.215552656813696,24.844564034319983,failed-vetting,failed-vetting
IMACLIM 1.1,peak2025_DemandLow_FossilLow_TechHigh,15.2,25.59,26.87,19.29,20.46,30.92228335049757,30.130445454330008,28.546725944975563,26.215552656813696,24.844564034319983,failed-vetting,failed-vetting
IMACLIM-NLU 1.0,EMF33_Baseline,14.23,15.57,14.26,9.926,8.465,6.676,15.25,21.19,29.09,36.1,no-climate-assessment,no-climate-assessment
IMACLIM-NLU 1.0,EMF33_tax_hi_none,14.23,15.52,21.92,12.41,9.976,4.558,4.667,4.186,6.27,6.547000000000001,failed-vetting,failed-vetting
IMACLIM-NLU 1.0,EMF33_tax_lo_none,14.23,15.52,16.66,11.48,9.889,6.183,14.4,18.05,18.73,16.89,failed-vetting,failed-vetting
IMAGE 3.0,CO_2Deg2020,17.092307384,22.866950912,28.847240424,28.00355840000001,30.814588128,34.759237184,45.81796687773046,43.98123783027929,35.042555050375,26.969541048,C3,C3: limit warming to 2°C (>67%)
IMAGE 3.0,CO_2Deg2030,17.092307384,22.965929472,36.912397152,36.376587758,29.012145824,35.2678596,45.341933844,49.86499488695899,39.93282097725,28.22257709493945,C3,C3: limit warming to 2°C (>67%)
IMAGE 3.0,CO_BAU,17.092418488,21.166329856,27.28738304,32.494329856,35.364345728,39.25570361600001,39.31496568,37.621259232,33.562585248,28.004444824,C7,C7: limit warming to 4°C (>50%)
IMAGE 3.0,CO_Bridge,17.092335288,22.511870464,30.286989967125,35.19630243,30.7779528,40.68384894887893,52.855537456,61.50166349529199,44.85039341936407,33.21175887338923,C3,C3: limit warming to 2°C (>67%)
IMAGE 3.0,CO_CurPol,17.092307384,22.961316352,39.370053376,52.81166156800001,63.166331904,67.295509376,58.57770963449757,46.83078051480271,37.55947849683489,32.47849175202968,C7,C7: limit warming to 4°C (>50%)
IMAGE 3.0,CO_GPP,17.092335288,22.511870464,30.286989967125,44.222558144,54.40791735600001,54.749155546,44.83128150063848,39.82680497153408,32.40796852962977,28.9218137372434,C5,C5: limit warming to 2.5°C (>50%)
IMAGE 3.0,CO_NDCplus,17.092307384,23.05975654400001,36.95540829,49.225623832,58.01337092000001,62.163459272,55.97903230399999,46.26837620400001,37.103193324,31.226405042,C7,C7: limit warming to 4°C (>50%)
IMAGE 3.0,EN_INDCi2030_1000,17.092511416,23.154662912,40.183517176,36.35517256,28.522969952,28.744076592,28.302021776,36.771053634875,35.565909682,19.276466624,C4,C4: limit warming to 2°C (>50%)
IMAGE 3.0,EN_INDCi2030_1000f,17.092511416,23.154662912,40.605092574,45.229052472,26.977997752,26.1669392,27.557828956,34.92685060172217,38.04475186179981,33.24431904007032,C4,C4: limit warming to 2°C (>50%)
IMAGE 3.0,EN_INDCi2030_1200,17.092511416,23.154662912,40.387895952,42.97257976,25.057235456,22.354581824,20.080368944,25.788525078875,24.42827146,23.297434556,C4,C4: limit warming to 2°C (>50%)
IMAGE 3.0,EN_INDCi2030_1200f,17.092511416,23.154662912,40.605092574,44.867482912,34.58636776,25.112223864,21.332369816,24.542552857,27.65035939540625,24.73488834559375,C4,C4: limit warming to 2°C (>50%)
IMAGE 3.0,EN_INDCi2030_1400,17.092511416,23.154662912,40.43379325,45.31319042400001,37.819692096,28.423234208,21.040740624,25.9993806773125,21.407349266,20.781119474,C5,C5: limit warming to 2.5°C (>50%)
IMAGE 3.0,EN_INDCi2030_1400f,17.092511416,23.154662912,40.605092574,44.987469424,39.48883128,30.652355272,23.146234888,24.04359773900001,23.5081938498125,20.61467064109376,C4,C4: limit warming to 2°C (>50%)
IMAGE 3.0,EN_INDCi2030_3000,17.092511416,23.154662912,40.605092574,54.610027488,63.382510688,67.33221856,56.985543216,41.45681834400001,31.417578416,35.714132684,C6,C6: limit warming to 3°C (>50%)
IMAGE 3.0,EN_INDCi2030_3000f,17.092511416,23.154662912,40.605092574,54.610027488,63.382510688,67.33221856,56.985543216,41.45681834400001,31.417578416,35.714132684,C6,C6: limit warming to 3°C (>50%)
IMAGE 3.0,EN_INDCi2030_800f,17.092511416,23.154662912,40.605092574,39.176873184,27.101347208,29.39016838400001,34.339562704,40.27050014647705,35.35253956399023,25.9259894885293,C3,C3: limit warming to 2°C (>67%)
IMAGE 3.0,EN_INDCi2100,17.092511416,23.154662912,40.346284692,49.83288756,57.814958512,61.373063024,53.85948861600001,43.439629908,35.743175204,31.051181426,C7,C7: limit warming to 4°C (>50%)
IMAGE 3.0,EN_NPi2020_1000,17.092511416,23.298935808,32.32626790400001,31.412534768,28.633738208,23.546302496,25.010136675,31.481585397,25.25317620400001,18.704985114,C3,C3: limit warming to 2°C (>67%)
IMAGE 3.0,EN_NPi2020_1000f,17.092511416,23.32909952,29.537664848,32.810314496,27.533867488,22.658593616,23.524288044875,26.2323531483125,23.858374325,23.341941973,C3,C3: limit warming to 2°C (>67%)
IMAGE 3.0,EN_NPi2020_1200,17.092511416,23.180733696,32.338252256,36.502556992,28.693456928,24.979585264,22.818245275,24.57883056109376,23.701558225,23.464081708,C4,C4: limit warming to 2°C (>50%)
IMAGE 3.0,EN_NPi2020_1200f,17.092511416,23.323314688,31.461863008,36.576720256,31.032586592,26.22627008,27.306844806,30.194361096,22.317346401,20.541974025,C4,C4: limit warming to 2°C (>50%)
IMAGE 3.0,EN_NPi2020_1400,17.092511416,23.180203008,34.90648936,40.10624057600001,36.326764352,27.548405312,23.478239151,27.334514679125,23.403672049,19.72844828,C4,C4: limit warming to 2°C (>50%)
IMAGE 3.0,EN_NPi2020_1400f,17.092511416,23.301933568,34.27715342400001,39.29316816,44.654398912,35.54635980800001,27.88053054900001,26.930048195,21.848374997,17.690722641,C4,C4: limit warming to 2°C (>50%)
IMAGE 3.0,EN_NPi2020_3000,17.092511416,22.833866752,40.20487067800001,53.03979414400001,63.14030088800001,66.68873592,54.927046688,39.921982058,30.908241206,34.894738134,C6,C6: limit warming to 3°C (>50%)
IMAGE 3.0,EN_NPi2020_3000f,17.092511416,22.833866752,40.20487067800001,53.03979414400001,63.14030088800001,66.68873592,54.927046688,39.921982058,30.908241206,34.894738134,C6,C6: limit warming to 3°C (>50%)
IMAGE 3.0,EN_NPi2020_600f,17.092511416,23.158087168,25.084785488,21.989902816,31.930855728,36.656405088,41.64869011770313,42.25000426667298,30.783524757,26.02815986686915,C3,C3: limit warming to 2°C (>67%)
IMAGE 3.0,EN_NPi2020_800,17.092511416,23.31126528,27.22913008,25.536860096,27.580134656,32.33592348000001,38.6748275305,44.6575767153125,32.675523048,19.368106566,C3,C3: limit warming to 2°C (>67%)
IMAGE 3.0,EN_NPi2020_800f,17.092511416,23.32909952,29.165249104,29.353676832,25.591847392,22.723242784,26.5592865025,29.752008664125,27.9019942623125,24.13168248759375,C3,C3: limit warming to 2°C (>67%)
IMAGE 3.0,EN_NPi2100,17.092511416,23.02484864,39.540185856,53.024972288,63.21333785262726,67.56555196659653,57.79434284016797,46.46870255559789,37.29119210963357,32.44835730800499,C7,C7: limit warming to 4°C (>50%)
IMAGE 3.0,EN_NoPolicy,17.092418488,21.166329856,27.28738304,32.494329856,35.364345728,39.25570361600001,39.31496568,37.621259232,33.562585248,28.004444824,C7,C7: limit warming to 4°C (>50%)
IMAGE 3.0.1,ADVANCE_2020_1.5C-2100,16.9998494,22.885115922,16.452687552,15.167649856,9.169480224,8.029519032,9.60830420749902,14.0382585062598,14.2731153243008,10.62495089682031,C2,C2: return warming to 1.5°C (>50%) after a high overshoot
IMAGE 3.0.1,ADVANCE_2020_Med2C,16.999599288,22.664375439375,22.196806976,23.0790368,18.242588224,12.001462144,13.787262663,18.380298015,14.361602435,13.276039155,C4,C4: limit warming to 2°C (>50%)
IMAGE 3.0.1,ADVANCE_2020_WB2C,16.999599288,22.632071194,16.971744336,19.034592176,14.044248608,12.199649564,17.5490249324297,25.37687168610161,21.8272863865938,14.7572025715,C3,C3: limit warming to 2°C (>67%)
IMAGE 3.0.1,ADVANCE_2030_Med2C,16.999599288,22.596177664,26.769098207,23.263025744,21.797254688,18.312203184,13.253002664,14.0474281628906,17.9871106777031,19.8251280897031,C4,C4: limit warming to 2°C (>50%)
IMAGE 3.0.1,ADVANCE_2030_WB2C,16.999599288,22.642039808,22.419798144,22.674013376,10.234178288,10.391304608,12.412856028,20.768696505855,23.0415982100703,18.66697974988091,C3,C3: limit warming to 2°C (>67%)
IMAGE 3.0.1,ADVANCE_INDC,16.999599288,22.596177664,26.614605209,26.884336973,26.677371856,29.696404064,30.796565984,28.125269088,26.342399472,25.383028144,C6,C6: limit warming to 3°C (>50%)
IMAGE 3.0.1,ADVANCE_NoPolicy,17.00013228,22.25567872,27.016477184,29.074369024,32.125746176,37.89605728,39.264925824,36.308082,30.846093992,24.584025344,C7,C7: limit warming to 4°C (>50%)
IMAGE 3.0.1,ADVANCE_Reference,16.999599288,22.594170112,27.7680566030938,28.6309318857969,31.26829875870311,37.4711990893984,41.2618141432109,37.819147424,31.474179088,26.549232192,C7,C7: limit warming to 4°C (>50%)
IMAGE 3.0.1,CD-LINKS_INDC2030i_1600,17.069670328,22.42675456,26.502298236,26.017519856,21.58584528,11.996749024,11.743310756,18.7360770179902,18.8206450735,15.2736071251602,C4,C4: limit warming to 2°C (>50%)
IMAGE 3.0.1,CD-LINKS_INDCi,17.069670328,22.304102237125,28.378133924,30.305337668,34.203876176,41.78309952,47.898545772,47.7133640848125,41.706384854875,35.2902715400345,C7,C7: limit warming to 4°C (>50%)
IMAGE 3.0.1,CD-LINKS_NDC2030i_1000,17.069670328,22.348594432,24.985857356,23.67382464,18.577992976,11.437313696,11.940984068,19.8436900172422,22.2043393903462,17.0878619669922,C3,C3: limit warming to 2°C (>67%)
IMAGE 3.0.1,CD-LINKS_NPi,17.069670328,22.246698496,28.905570048,34.46726656,37.597849344,42.740008448,46.0594209672035,45.1503891793435,41.02022714903711,34.3773809960355,C7,C7: limit warming to 4°C (>50%)
IMAGE 3.0.1,CD-LINKS_NPi2020_1000,17.069670328,22.52411008,23.186412944,23.97483888,18.02943680000001,10.626761984,14.8278877891929,22.4351259458579,21.1182736109805,14.7118069538604,C3,C3: limit warming to 2°C (>67%)
IMAGE 3.0.1,CD-LINKS_NPi2020_1600,17.069670328,22.598526976,25.94568752,26.147561088,20.550975584,10.724459008,13.2779212567969,20.1795186874063,14.0005966644063,12.9152251366797,C4,C4: limit warming to 2°C (>50%)
IMAGE 3.0.1,CD-LINKS_NPi2020_400,17.069903288,22.767837184,19.908143,17.742836236,10.967221888,7.756554696,8.743808641021,13.234680023589,15.1040758942368,10.5153438264102,C2,C2: return warming to 1.5°C (>50%) after a high overshoot
IMAGE 3.0.1,CD-LINKS_NoPolicy,17.069754296,22.08975846400001,27.095346176,29.4564736,32.29590912,38.322718784,39.694756896,36.253512352,30.687645152,25.105777248,C7,C7: limit warming to 4°C (>50%)
IMAGE 3.0.1,EMF30_BCOC-EndU,17.013446328,22.565844736,27.1576576,28.689284096,31.60953152,36.969820864,38.849160496,35.51206536,29.068794608,23.49163376,C7,C7: limit warming to 4°C (>50%)
IMAGE 3.0.1,EMF30_Baseline,17.013446328,22.565844736,27.018155264,28.763681536,31.677613056,37.081114816,38.899986816,35.654183328,29.223891216,23.570924448,C7,C7: limit warming to 4°C (>50%)
IMAGE 3.0.1,EMF30_CH4-Only,17.013446328,22.565844736,27.018155264,28.763681536,31.677613056,37.081114816,38.899986816,35.654183328,29.223891216,23.570924448,C7,C7: limit warming to 4°C (>50%)
IMAGE 3.0.1,EMF30_ClimPolicy,17.013446328,20.548577014,21.338374048,21.424602336,13.788309344,12.272430013,15.3709433939102,16.2529184500938,15.9770939677266,15.6540260094219,C3,C3: limit warming to 2°C (>67%)
IMAGE 3.0.1,EMF30_ClimPolicy+SLCF,17.013446328,20.548577014,21.437061568,21.417355936,13.740634752,12.158805942,15.2088756437695,16.1734794337891,15.9308159522734,15.3450347592734,C3,C3: limit warming to 2°C (>67%)
IMAGE 3.0.1,EMF30_D_BCOC-Red,17.013446328,22.565844736,27.018155264,28.763681536,31.677613056,37.081114816,38.899986816,35.654183328,29.223891216,23.570924448,C7,C7: limit warming to 4°C (>50%)
IMAGE 3.0.1,EMF30_D_CH4-ClimPolicy,17.013446328,22.565844736,27.018155264,28.763681536,31.677613056,37.081114816,38.899986816,35.654183328,29.223891216,23.570924448,C7,C7: limit warming to 4°C (>50%)
IMAGE 3.0.1,EMF30_D_CO2-Only,17.013446328,20.548577014,21.338374048,21.424602336,13.788309344,12.272430013,15.3709433939102,16.2529184500938,15.9770939677266,15.6540260094219,C5,C5: limit warming to 2.5°C (>50%)
IMAGE 3.0.1,EMF30_D_Frozen-CH4,17.013446328,22.565844736,27.018155264,28.763681536,31.677613056,37.081114816,38.899986816,35.654183328,29.223891216,23.570924448,C7,C7: limit warming to 4°C (>50%)
IMAGE 3.0.1,EMF30_D_Frozen-EF,17.013446328,22.565844736,27.018155264,28.763681536,31.677613056,37.081114816,38.899986816,35.654183328,29.223891216,23.570924448,C7,C7: limit warming to 4°C (>50%)
IMAGE 3.0.1,EMF30_D_Frozen-EF-EndU,17.013446328,22.565844736,27.018155264,28.763681536,31.677613056,37.081114816,38.899986816,35.654183328,29.223891216,23.570924448,C7,C7: limit warming to 4°C (>50%)
IMAGE 3.0.1,EMF30_D_Frozen-EF-SLCF,17.013446328,22.565844736,27.018155264,28.763681536,31.677613056,37.081114816,38.899986816,35.654183328,29.223891216,23.570924448,C7,C7: limit warming to 4°C (>50%)
IMAGE 3.0.1,EMF30_SLCF,17.013446328,22.565844736,27.1576576,28.689284096,31.60953152,36.969820864,38.849160496,35.51206536,29.068794608,23.49163376,C7,C7: limit warming to 4°C (>50%)
IMAGE 3.0.1,EMF30_Slower-Action,17.01291948,22.3324649952031,23.81518153,25.994129387,29.169970323,35.936508089,41.5252797806484,37.7194807350234,29.4572539045707,28.6204343171471,C6,C6: limit warming to 3°C (>50%)
IMAGE 3.0.1,EMF30_Slower-Action+SLCF,17.01291948,22.3324649952031,23.941913752,26.008179955,29.186350132,35.866717586,41.45731208214061,37.50302482939061,29.2025766494187,28.6223813030084,C6,C6: limit warming to 3°C (>50%)
IMAGE 3.0.1,EMF30_Slower-to-faster,17.012843448,22.226074589,24.907890072,18.037558304,19.006086208,12.19477728,11.679309894,17.0355327612803,20.3379365355195,15.9913648056016,C4,C4: limit warming to 2°C (>50%)
IMAGE 3.0.1,EMF30_Slower-to-faster+SLCF,17.012843448,22.226074589,25.038035888,18.137117344,18.965424928,12.199122336,11.56635965,16.9081745569697,20.1796244004707,15.9905951256602,C3,C3: limit warming to 2°C (>67%)
IMAGE 3.0.1,EMF30_Slower-to-faster+SLCF+HFC,17.012843448,22.226074589,25.038035888,18.137117344,18.965424928,12.199122336,11.56635965,16.9081745569697,20.1796244004707,15.9905951256602,C3,C3: limit warming to 2°C (>67%)
IMAGE 3.0.1,IMA15-AGInt,17.000281272,21.8820395830937,25.424767264,18.170303552,10.23444272,11.705798219,15.9809851627432,15.9295680954451,12.0080318863291,9.671137874411132,failed-vetting,failed-vetting
IMAGE 3.0.1,IMA15-Def,17.000281272,21.8820296000938,23.46243255,13.753392992,9.855442048,8.332437812,10.5012434662881,15.2485272122378,11.8157714234199,8.12142070876953,failed-vetting,failed-vetting
IMAGE 3.0.1,IMA15-Eff,17.000046264,20.860224617,22.38526336,12.5453332,9.012988528,7.736651682000002,8.791442599369018,12.680455825519,10.9412515181504,8.690156535320309,failed-vetting,failed-vetting
IMAGE 3.0.1,IMA15-LiStCh,17.002548408,21.4393877435,24.948033344,18.405111232,11.675433712,13.341364326,21.5373322622759,22.6306572783589,15.250099166324,11.091129597688,failed-vetting,failed-vetting
IMAGE 3.0.1,IMA15-LoNCO2,17.000281272,21.8820395830937,25.424789152,18.576601664,12.87320832,16.156402251,25.649320347165,27.2363403281919,16.2028193675732,11.1693021979512,failed-vetting,failed-vetting
IMAGE 3.0.1,IMA15-Pop,17.00025132,21.7948876098125,25.177282016,16.572340544,9.01186504,9.215468861,12.0409735806421,11.8800560102852,9.165894442439448,7.346055248250001,failed-vetting,failed-vetting
IMAGE 3.0.1,IMA15-RenElec,17.049409464,20.5176574992969,21.996738816,10.694081792,8.891453584,11.1475465625,16.4686977312549,16.0747829303301,15.6511080377109,17.1076679410313,failed-vetting,failed-vetting
IMAGE 3.0.1,IMA15-TOT,17.051453368,20.406716029,19.547743488,11.403801472,11.916107684,18.672145173,32.7061202771094,30.45589719813281,24.4580054020078,25.3880314452969,failed-vetting,failed-vetting
IMAGE 3.0.1,SSP1-19,16.996318392,21.783760301,24.878524204,15.046346168,11.77479818,15.329705903,22.985493508781,20.6126865712822,12.9159592979609,10.1677507744102,failed-vetting,failed-vetting
IMAGE 3.0.1,SSP1-26,16.996319416,23.593192448,37.017328256,40.594546976,34.955025376,26.806645888,18.87704213,16.268122663,16.924416184,18.878282468,C3,C3: limit warming to 2°C (>67%)
IMAGE 3.0.1,SSP1-34,16.996319416,24.054190848,39.506608128,49.204943872,50.95342912,49.508199973,35.742429784,25.152473148,19.538074256,19.995459802,C5,C5: limit warming to 2.5°C (>50%)
IMAGE 3.0.1,SSP1-45,16.996319416,24.119279872,39.82880896,50.93455910399999,54.698155008,55.53725414399999,47.829246848,39.864867589,35.978018688,37.622307656,C6,C6: limit warming to 3°C (>50%)
IMAGE 3.0.1,SSP1-Baseline,16.996319416,24.089527552,39.513810176,51.277392384,55.001193088,56.841306432,51.004975104,44.21531592,43.386090872,47.104660184,C7,C7: limit warming to 4°C (>50%)
IMAGE 3.0.1,SSP2-26,17.000198328,22.496769915,19.269606372,21.964828016,13.36752336,11.462858482,17.4817115945322,22.9079353574404,21.13159280346089,16.4674272961797,C3,C3: limit warming to 2°C (>67%)
IMAGE 3.0.1,SSP2-34,17.000198328,22.841854464,27.0105878349805,27.66393444,25.375759456,22.252043264,16.6400396,14.705205639,13.335029243,13.809270321,C5,C5: limit warming to 2.5°C (>50%)
IMAGE 3.0.1,SSP2-45,17.000198328,22.629325568,27.138586624,28.20676992,29.008884287,33.30686666,33.94725992,25.62858056,22.40642912,19.688651458,C6,C6: limit warming to 3°C (>50%)
IMAGE 3.0.1,SSP2-60,17.000198328,22.437514752,27.713312512,29.702334208,32.247422336,37.835944704,38.893858112,35.767809168,32.4162276,31.326489088,C7,C7: limit warming to 4°C (>50%)
IMAGE 3.0.1,SSP2-Baseline,17.000198328,22.359254272,27.145955072,29.172270848,32.315228288,38.108905792,39.485225984,36.476573056,30.977659344,24.632835936,C7,C7: limit warming to 4°C (>50%)
IMAGE 3.0.1,SSP3-34,16.997630392,23.401698304,23.761462592,22.886571584,18.494675648,12.03131152,12.8282319595938,16.1619228092725,17.8726581563203,13.5611796723203,C5,C5: limit warming to 2.5°C (>50%)
IMAGE 3.0.1,SSP3-45,16.997630392,23.246298368,25.679591424,25.939095207,25.398350016,23.911120096,21.664896864,13.304509424,9.06335698,7.152075361000001,C6,C6: limit warming to 3°C (>50%)
IMAGE 3.0.1,SSP3-60,16.997630392,22.884136448,24.536285952,26.257646336,26.457865856,25.35274618,25.29256496,23.425422768,19.12720312,14.721490584,C7,C7: limit warming to 4°C (>50%)
IMAGE 3.0.1,SSP3-Baseline,16.997630392,22.85879168,24.33672192,26.005691648,26.201578624,26.252706176,25.849830208,22.699153232,19.89917904,18.55743872,C7,C7: limit warming to 4°C (>50%)
IMAGE 3.0.1,SSP4-26,16.9975134,21.621587163,21.409039032,17.539405344,9.200186992,10.4233104465938,17.79358343192001,24.0691535085996,18.3571190219199,12.7239522408203,C3,C3: limit warming to 2°C (>67%)
IMAGE 3.0.1,SSP4-34,16.9975134,23.931464492,31.814895312,30.194175712,25.982132608,14.077605792,13.323874142,13.634946147625,12.925931955875,14.421172766875,C5,C5: limit warming to 2.5°C (>50%)
IMAGE 3.0.1,SSP4-45,16.997473464,23.50352256,37.335977984,43.948645632,37.794573728,38.49209444,33.02496236,15.3835076,11.768763524,14.873235618,C6,C6: limit warming to 3°C (>50%)
IMAGE 3.0.1,SSP4-60,16.997473464,23.501292544,37.742300928,44.156341632,46.31056793600001,48.113596928,39.842671264,28.357897344,25.508988168,27.355908792,C7,C7: limit warming to 4°C (>50%)
IMAGE 3.0.1,SSP4-Baseline,16.997473464,23.374818816,38.000774144,43.400128256,46.324920832,47.94962681600001,38.289589616,28.075126512,27.530326656,28.150607376,C7,C7: limit warming to 4°C (>50%)
IMAGE 3.0.1,SSP5-34,17.003841464,26.95944832,46.8820037925,55.130348576,52.97419968,28.83877024,19.618529488,16.377094673125,21.065062021875,22.6181520153125,C5,C5: limit warming to 2.5°C (>50%)
IMAGE 3.0.1,SSP5-45,17.003841464,26.933120256,50.857236224,62.95225259,67.120432256,57.76658776,24.763036528,13.608248136,11.772519712,17.229025603,C6,C6: limit warming to 3°C (>50%)
IMAGE 3.0.1,SSP5-60,17.003795384,26.776394752,49.85799808,65.365882112,69.0061458575938,68.08106334,50.802072496,28.82673732,20.812396768,19.350262576,C7,C7: limit warming to 4°C (>50%)
IMAGE 3.0.1,SSP5-Baseline,17.003795384,26.259313664,48.602843904,59.60167961600001,63.421499264,64.118393408,45.958837696,30.701159616,24.277063232,21.004903408,C8,C8: exceed warming of 4°C (>=50%)
IMAGE 3.0.2,EMF33_Baseline,17.000133304,23.078354432,27.38386176,29.132501504,32.74246528,38.496012992,39.809548032,36.681239248,31.167580352,24.878168768,C7,C7: limit warming to 4°C (>50%)
IMAGE 3.0.2,EMF33_Med2C_cost100,17.000135352,21.62140288,24.841878016,24.09565216,21.588430016,14.593637952,16.890811134,19.721023985,14.456914144,12.415819809,C5,C5: limit warming to 2.5°C (>50%)
IMAGE 3.0.2,EMF33_Med2C_full,17.000133304,21.619067904,25.160639376,25.195076416,23.9619584,19.859466624,17.33634248,18.182889791,13.338745823,11.343864229,C5,C5: limit warming to 2.5°C (>50%)
IMAGE 3.0.2,EMF33_Med2C_limbio,17.000133304,22.4490606686875,23.661909376,22.097761088,16.6013536,13.064024032,16.33266934,21.634384731,14.342057348,13.6606900160938,C5,C5: limit warming to 2.5°C (>50%)
IMAGE 3.0.2,EMF33_Med2C_nobeccs,17.000133304,21.643582464,22.357006912,21.772644864,16.628201856,12.705781664,18.821648228,24.8895638534063,19.632720325,18.9162906279062,C4,C4: limit warming to 2°C (>50%)
IMAGE 3.0.2,EMF33_Med2C_nofuel,17.00013228,21.626572288,24.714243008,24.22957792,22.44693248,15.302257344,16.222942364,18.331861411,13.906298409,11.973430993,C4,C4: limit warming to 2°C (>50%)
IMAGE 3.0.2,EMF33_Med2C_none,17.00013228,21.6492171317969,22.26897584,21.545302912,16.738634176,12.855383184,18.887328678,26.828570295,21.05277616790631,18.1942457439063,C4,C4: limit warming to 2°C (>50%)
IMAGE 3.0.2,EMF33_WB2C_cost100,17.000135352,21.6048932331289,20.415385792,19.97527392,15.328759552,11.3349148,15.8557333008125,22.5808601550938,20.5199843525,15.015233957,C3,C3: limit warming to 2°C (>67%)
IMAGE 3.0.2,EMF33_WB2C_full,17.000133304,21.6055727287109,20.274886144,19.865898304,15.004759616,10.784049992,15.3575226553125,21.8700441992969,18.903481493,14.7730127905938,C3,C3: limit warming to 2°C (>67%)
IMAGE 3.0.2,EMF33_WB2C_limbio,17.000133304,22.368493416,18.806439296,20.140039936,15.259984896,12.257109724,17.2960083004697,27.9566008243594,22.5795095243203,14.0538087600313,C3,C3: limit warming to 2°C (>67%)
IMAGE 3.0.2,EMF33_WB2C_nobeccs,17.000133304,21.588880972,18.5366816,24.16920256,15.281739488,15.073591384,22.5386440722891,33.4353215158906,27.2598852561719,18.6472321161094,C3,C3: limit warming to 2°C (>67%)
IMAGE 3.0.2,EMF33_WB2C_nofuel,17.00013228,21.6077919833203,20.199580032,19.72405696,15.266440192,11.320068824,14.9667580657969,21.4520731867734,19.2931766638594,13.2691221816016,C3,C3: limit warming to 2°C (>67%)
IMAGE 3.0.2,EMF33_tax_hi_full,17.000133304,23.647892736,25.600064176,25.643000288,20.027125824,15.03100176,16.208861156,15.5154961300938,12.660624236,12.6409480425,C4,C4: limit warming to 2°C (>50%)
IMAGE 3.0.2,EMF33_tax_hi_none,17.00013228,23.649496064,25.690670688,25.918832832,20.566815104,16.037691712,18.425258952,18.369710865,14.379156329125,16.02867201,C5,C5: limit warming to 2.5°C (>50%)
IMAGE 3.0.2,EMF33_tax_lo_full,17.000133304,23.51959424,27.578788096,27.869233785,27.514827488,28.598883728,27.70435936,22.379768012,16.107045544,13.861127441,C5,C5: limit warming to 2.5°C (>50%)
IMAGE 3.0.2,EMF33_tax_lo_none,17.00013228,23.521072128,27.600014336,27.852709549,27.554065664,28.801089408,28.140545152,23.023712616,16.899793736,14.778644852,C5,C5: limit warming to 2.5°C (>50%)
IMAGE 3.2,SSP1-baseline,17.66566564,21.553500864,30.22906016,51.86550937600001,67.634587264,83.812397312,87.56136243200001,64.951611392,51.52261504000001,41.045371136,C7,C7: limit warming to 4°C (>50%)
IMAGE 3.2,SSP1_SPA1_19I_D,17.66566564,21.553500864,32.957818256,39.875269216,36.13512472,37.860624468,32.205407178,23.89621856,15.8801464,13.769227168,C2,C2: return warming to 1.5°C (>50%) after a high overshoot
IMAGE 3.2,SSP1_SPA1_19I_D_LB,17.66566564,21.553500864,19.960536288,17.27339396,27.58343774,37.01814845000001,36.110892546,32.343165682,25.320077612,23.716505802,C1,C1: limit warming to 1.5°C (>50%) with no or limited overshoot
IMAGE 3.2,SSP1_SPA1_19I_LI,17.65819044,21.53919272,30.072945568,35.68720288,28.162995744,35.072897492,26.51379356,20.467797928,16.729338316,15.429744896,C2,C2: return warming to 1.5°C (>50%) after a high overshoot
IMAGE 3.2,SSP1_SPA1_19I_LIRE,17.65859236,21.558104512,31.68257824,47.100678656,60.017456576,63.361626272,60.518121032,52.06150021600001,45.5641163,42.730307792,C2,C2: return warming to 1.5°C (>50%) after a high overshoot
IMAGE 3.2,SSP1_SPA1_19I_LIRE_LB,17.65859236,21.558104512,23.688872896,33.503853976,46.11421282000001,57.31692404,54.111438692,58.217264528,55.78850179200001,55.52991578,C1,C1: limit warming to 1.5°C (>50%) with no or limited overshoot
IMAGE 3.2,SSP1_SPA1_19I_RE,17.665935464,21.578310144,32.836525568,43.23432576,45.634558464,46.6261562,47.838100608,33.950125288,32.288594204,31.023256096,C2,C2: return warming to 1.5°C (>50%) after a high overshoot
IMAGE 3.2,SSP1_SPA1_19I_RE_LB,17.665935464,21.578310144,20.075454176,22.341534792,36.976776496,45.506435644,48.705701652,41.166949474,32.837114344,30.859725296,C1,C1: limit warming to 1.5°C (>50%) with no or limited overshoot
IMAGE 3.2,SSP1_SPA1_26I_D,17.66566564,21.553500864,29.1831784605,54.117657536,58.85426534400001,60.629847424,55.93568774400001,30.566487036,21.83277508,16.851605736,C3,C3: limit warming to 2°C (>67%)
IMAGE 3.2,SSP1_SPA1_26I_LI,17.65819044,21.53919272,28.576292768,53.192644032,54.75765632,56.617972096,53.657963008,32.148364608,22.816451428,19.31791934,C3,C3: limit warming to 2°C (>67%)
IMAGE 3.2,SSP1_SPA1_26I_LIRE,17.65859236,21.558104512,28.509437824,59.34978844181251,79.404765888,88.93910220800001,84.76680678400001,69.616045024,60.298314122,49.653068776,C3,C3: limit warming to 2°C (>67%)
IMAGE 3.2,SSP1_SPA1_26I_RE,17.665935464,21.578310144,32.84219443304111,51.39051072,51.695840128,63.797092992,61.66129958400001,44.364699002,37.33130368800001,34.402551732,C3,C3: limit warming to 2°C (>67%)
IMAGE 3.2,SSP1_SPA1_34I_D,17.66566564,21.553500864,28.954326832,46.008298912,59.54753057981104,67.39491681,60.264906336,45.898998528,35.130409344,25.692152576,C5,C5: limit warming to 2.5°C (>50%)
IMAGE 3.2,SSP1_SPA1_34I_LI,17.65819044,21.53919272,28.178335744,47.67296019200001,60.99176928000001,72.140529728,59.30967424000001,37.879928832,28.619884672,24.384910784,C5,C5: limit warming to 2.5°C (>50%)
IMAGE 3.2,SSP1_SPA1_34I_LIRE,17.665935464,21.578309952,29.991537824,56.37275046400001,75.758541952,94.53134272,79.81623969600001,61.898521952,48.94939392000001,36.376978432,C5,C5: limit warming to 2.5°C (>50%)
IMAGE 3.2,SSP1_SPA1_34I_RE,17.665935464,21.578310144,30.175792384,55.669782336,64.802622208,64.62313833,62.568120288,57.74681792000001,43.09663744,43.805704192,C5,C5: limit warming to 2.5°C (>50%)
IMAGE 3.2,SSP2-baseline,17.668789352,21.597454048,28.211715968,47.439540288,67.55702566400001,89.88997376,103.672781312,107.222940416,111.340581376,87.18760448,C7,C7: limit warming to 4°C (>50%)
IMAGE 3.2,SSP2_SPA0_26I_D,17.689308264,21.139293728,26.1266523799707,50.51519603200001,60.015516928,60.970007936,57.592450464,38.19058267600001,33.14688544000001,29.881286636,C3,C3: limit warming to 2°C (>67%)
IMAGE 3.2,SSP2_SPA1_19I_D_LB,17.672732264,21.586358928,26.728805728,40.152570988,63.71361099800001,79.161420546,72.239631116,64.501209008,55.72908908,45.80495885600001,C1,C1: limit warming to 1.5°C (>50%) with no or limited overshoot
IMAGE 3.2,SSP2_SPA1_19I_LIRE_LB,17.65859236,21.558102464,24.096500224,37.9562066,50.13154145,59.736450492,51.394431836,55.27724540800001,52.746261076,51.562172052,C1,C1: limit warming to 1.5°C (>50%) with no or limited overshoot
IMAGE 3.2,SSP2_SPA1_19I_RE_LB,17.670049384,21.568058816,24.626114048,38.852337288,52.13193842,64.190046752,63.96680442,67.60008884,67.314942536,66.05857093,C1,C1: limit warming to 1.5°C (>50%) with no or limited overshoot
IMAGE 3.2,SSP2_SPA2_19I_D,17.672732264,21.586358928,34.743004752,29.988800064,47.07539240800001,68.310947712,63.06141940800001,54.532181888,48.971441136,40.496505732,C2,C2: return warming to 1.5°C (>50%) after a high overshoot
IMAGE 3.2,SSP2_SPA2_19I_LI,17.65859236,21.558102464,27.895936976,19.958259072,32.671812396,46.83316179400001,53.60631272000001,53.25002994,52.10404903600001,40.740379712,C1,C1: limit warming to 1.5°C (>50%) with no or limited overshoot
IMAGE 3.2,SSP2_SPA2_19I_LIRE,17.670049384,21.568056656,35.908988672,28.647575296,51.393000128,65.911532784,48.83708058800001,49.683989184,53.43118164400001,54.31277961000001,C2,C2: return warming to 1.5°C (>50%) after a high overshoot
IMAGE 3.2,SSP2_SPA2_19I_RE,17.670049384,21.568058816,30.719527488,25.888940352,45.889943312,62.72978971200001,48.89702188,48.617949448,49.2774889,50.461371024,C2,C2: return warming to 1.5°C (>50%) after a high overshoot
IMAGE 3.2,SSP2_SPA2_26I_D,17.672732264,21.586358928,27.647495172,48.363904032,56.808340352,59.720747344,60.854397648,51.17730656800001,50.38828502,46.24652028800001,C3,C3: limit warming to 2°C (>67%)
IMAGE 3.2,SSP2_SPA2_26I_LI,17.65859236,21.558102464,27.750006547,57.152410496,65.225004416,64.869437952,62.316713392,48.046114576,47.205260104,48.323061944,C3,C3: limit warming to 2°C (>67%)
IMAGE 3.2,SSP2_SPA2_26I_LIRE,17.65859236,21.558102464,29.380150196,63.093641736,82.60551584000001,88.602313984,86.192991616,63.90188712400001,54.608477358,44.100126012,C3,C3: limit warming to 2°C (>67%)
IMAGE 3.2,SSP2_SPA2_26I_RE,17.670049384,21.568058816,28.698444638,56.995158336,75.230495488,80.589971648,83.97499104,69.673798296,67.841447188,52.578436986,C3,C3: limit warming to 2°C (>67%)
IMAGE 3.2,SSP2_SPA2_34I_D,17.672732264,21.586358928,27.398362948,48.114146496,66.521240256,79.808535296,79.870857344,71.266635776,61.500606848,57.05114448800001,C5,C5: limit warming to 2.5°C (>50%)
IMAGE 3.2,SSP2_SPA2_34I_LI,17.65859236,21.558102464,26.557434063,48.051650922,66.303153502,78.076476036,81.755280192,73.077072512,68.4821312,68.93296601600001,C5,C5: limit warming to 2.5°C (>50%)
IMAGE 3.2,SSP2_SPA2_34I_LIRE,17.670049384,21.568056656,27.95643705,56.66361931900001,88.011409782,114.76600624,115.680376512,91.61650816,72.81168409600001,64.73335872,C5,C5: limit warming to 2.5°C (>50%)
IMAGE 3.2,SSP2_SPA2_34I_RE,17.670049384,21.568058816,28.72961101,62.54144718400001,90.498242336,111.21410848,113.447667456,93.91464448,77.876999952,60.856112224,C5,C5: limit warming to 2.5°C (>50%)
IMAGE 3.2,SSP2_SPA2_45I_D,17.672732264,21.586358928,27.222795195,46.581204822,66.09234008,84.893125628,99.660664754,95.09484232,89.977668608,82.27473433600001,C6,C6: limit warming to 3°C (>50%)
IMAGE 3.2,SSP2_SPA2_45I_LI,17.65859236,21.558102464,26.327390386,47.759274888,64.81618289800001,82.39812357800001,92.293004067,91.13712723204854,92.44545798404852,83.11271974404308,C6,C6: limit warming to 3°C (>50%)
IMAGE 3.2,SSP2_SPA2_45I_LIRE,17.65859236,21.558102464,27.190714841,53.751977144,79.721486268,116.5723626570938,132.8902718517598,121.654373824,73.081329776,58.9430331518125,C6,C6: limit warming to 3°C (>50%)
IMAGE 3.2,SSP2_SPA2_45I_RE,17.670049384,21.568058816,28.551861016,57.68458976,89.795415864,124.699115968,142.703600048,122.301308848,75.742571584,66.303266112,C6,C6: limit warming to 3°C (>50%)
IMAGE 3.2,SSP3-baseline,17.668519528,21.593147456,20.84256592,21.10095248,27.19304768,35.628645632,44.548251904,53.10748390400001,63.854001152,77.88113100800001,C7,C7: limit warming to 4°C (>50%)
IMAGE 3.2,SSP4-baseline,17.67272868,21.597375136,26.609562144,34.23705056,40.43079142400001,50.23984486400001,54.400623872,46.51548646400001,40.75830272,39.792553984,C7,C7: limit warming to 4°C (>50%)
IMAGE 3.2,SSP5-baseline,17.67272868,21.598556432,29.371362048,56.02249715200001,84.39302246400001,116.780675584,120.82595008,122.316120832,86.05693696,74.124573184,C8,C8: exceed warming of 4°C (>=50%)
MERGE-ETL 6.0,BAU,20.6,28.3,50.1,86.1,87.2,65.5,26.8,4.3,0.8,0.0,failed-vetting,failed-vetting
MERGE-ETL 6.0,DAC15_50,20.7,26.6,17.6,0.4,0.0,0.0,0.0,0.0,0.0,0.0,failed-vetting,failed-vetting
MERGE-ETL 6.0,DAC2_66,20.6,28.2,38.8,25.8,0.5,0.1,0.0,0.0,0.0,0.4,C4,C4: limit warming to 2°C (>50%)
MESSAGE V.3,GEA_Eff_1p5C,14.585,21.387,21.617,18.969,15.461,14.13,7.956,4.632,0.902,0.72,failed-vetting,failed-vetting
MESSAGE V.3,GEA_Eff_1p5C_Delay2020,14.843,22.41,30.764,29.634,22.001,16.357,8.432,0.133,0.108,0.065,failed-vetting,failed-vetting
MESSAGE V.3,GEA_Eff_2C_Delay2020,14.844,22.409,32.485,42.245,42.837,42.477,36.643,25.26,12.866,3.686,failed-vetting,failed-vetting
MESSAGE V.3,GEA_Eff_AdvNCO2_1p5C,14.585,23.254,28.405,30.28,28.921,24.619,17.253,9.81,4.957,1.79,failed-vetting,failed-vetting
MESSAGE V.3,GEA_Eff_base,14.585,20.483,27.55,38.274,46.852,50.797,54.254,55.569,58.59399999999999,62.548,failed-vetting,failed-vetting
MESSAGE V.3,GEA_Mix_1p5C_AdvNCO2_PartialDelay2020,14.834,30.349,30.685,29.3,23.12,17.501,9.119,0.005,0.002,0.002,failed-vetting,failed-vetting
MESSAGE V.3,GEA_Mix_1p5C_AdvTrans_PartialDelay2020,14.834,30.362,31.021,28.47300000000001,27.789,29.388,21.748,12.022,0.006999999999999,0.003,failed-vetting,failed-vetting
MESSAGE V.3,GEA_Mix_2C_AdvNCO2_PartialDelay2020,14.834,30.346,36.753,47.006,49.122,46.162,34.994,11.231,2.269,0.008,failed-vetting,failed-vetting
MESSAGE V.3,GEA_Mix_2C_AdvTrans_PartialDelay2020,14.834,30.359,37.66,49.286,53.308,58.32899999999999,52.3,29.13300000000001,13.023,2.714,failed-vetting,failed-vetting
MESSAGE V.3,GEA_Mix_base,14.309,24.59,35.079,50.18,60.73399999999999,69.719,73.40899999999998,72.626,70.208,64.128,failed-vetting,failed-vetting
MESSAGE-GLOBIOM 1.0,ADVANCE_2020_1.5C-2100,16.393,27.534,24.009,21.468,16.675,10.922,4.978,0.009,0.006999999999999,0.001,C1,C1: limit warming to 1.5°C (>50%) with no or limited overshoot
MESSAGE-GLOBIOM 1.0,ADVANCE_2020_Med2C,16.393,27.531,45.154,60.402,69.73100000000001,59.611,58.73399999999999,45.812,21.711,10.641,C4,C4: limit warming to 2°C (>50%)
MESSAGE-GLOBIOM 1.0,ADVANCE_2020_WB2C,16.393,27.533,46.492,52.60899999999999,52.762,49.692,38.526,19.809,10.525,0.015,C3,C3: limit warming to 2°C (>67%)
MESSAGE-GLOBIOM 1.0,ADVANCE_2030_Med2C,16.393,27.531,46.242,57.31800000000001,57.77399999999999,52.521,52.695,37.375,16.966,8.214,C4,C4: limit warming to 2°C (>50%)
MESSAGE-GLOBIOM 1.0,ADVANCE_2030_Price1.5C,16.393,27.529,46.242,28.906,13.505,10.07,5.558,2.813999999999999,0.002,0.001,C2,C2: return warming to 1.5°C (>50%) after a high overshoot
MESSAGE-GLOBIOM 1.0,ADVANCE_2030_WB2C,16.394,27.535,46.24,39.236,25.36,21.513,16.52,8.669,2.468,0.001,C3,C3: limit warming to 2°C (>67%)
MESSAGE-GLOBIOM 1.0,ADVANCE_INDC,16.392,27.53,46.24,58.065,68.752,70.891,68.048,59.55,57.2,56.174,C5,C5: limit warming to 2.5°C (>50%)
MESSAGE-GLOBIOM 1.0,ADVANCE_NoPolicy,16.394,28.137,46.713,65.05199999999999,81.734,99.589,110.992,112.629,113.498,122.058,failed-vetting,failed-vetting
MESSAGE-GLOBIOM 1.0,ADVANCE_Reference,16.393,27.529,45.736,66.508,83.645,95.739,106.122,90.654,76.196,63.128,C6,C6: limit warming to 3°C (>50%)
MESSAGE-GLOBIOM 1.0,EMF30_BCOC-EndU,16.408,25.604,43.275,60.978,79.04899999999998,94.734,107.086,110.254,113.226,120.639,C7,C7: limit warming to 4°C (>50%)
MESSAGE-GLOBIOM 1.0,EMF30_Baseline,16.408,25.509,43.782,62.307,81.145,97.155,110.049,113.321,114.446,122.99,C7,C7: limit warming to 4°C (>50%)
MESSAGE-GLOBIOM 1.0,EMF30_CH4-Only,16.408,27.898,49.708,72.135,91.298,108.959,119.791,122.774,122.548,121.688,failed-vetting,failed-vetting
MESSAGE-GLOBIOM 1.0,EMF30_ClimPolicy,16.407,28.031,44.316,52.15600000000001,54.971,52.773,41.058,22.254,13.639,1.426,failed-vetting,failed-vetting
MESSAGE-GLOBIOM 1.0,EMF30_ClimPolicy+SLCF,16.407,28.724,45.427,54.012,53.514,53.10899999999999,40.428,23.612,16.283,2.524,failed-vetting,failed-vetting
MESSAGE-GLOBIOM 1.0,EMF30_D_BCOC-Red,16.408,25.494,43.771,62.283,81.082,97.136,110.059,113.331,114.513,122.947,C7,C7: limit warming to 4°C (>50%)
MESSAGE-GLOBIOM 1.0,EMF30_D_CH4-ClimPolicy,16.408,27.197,47.25,70.667,90.349,107.969,118.514,120.813,113.577,106.86,C7,C7: limit warming to 4°C (>50%)
MESSAGE-GLOBIOM 1.0,EMF30_D_Frozen-CH4,16.408,25.536,42.875,62.028,82.47200000000002,99.569,114.458,117.201,118.938,127.6,C7,C7: limit warming to 4°C (>50%)
MESSAGE-GLOBIOM 1.0,EMF30_D_Frozen-EF,16.408,25.534,42.856,62.023,82.455,99.605,114.468,117.215,118.973,127.634,C7,C7: limit warming to 4°C (>50%)
MESSAGE-GLOBIOM 1.0,EMF30_D_Frozen-EF-EndU,16.408,25.494,43.771,62.283,81.082,97.136,110.059,113.331,114.513,122.947,C7,C7: limit warming to 4°C (>50%)
MESSAGE-GLOBIOM 1.0,EMF30_D_Frozen-EF-SLCF,16.408,25.536,42.875,62.028,82.47200000000002,99.569,114.458,117.201,118.938,127.6,C7,C7: limit warming to 4°C (>50%)
MESSAGE-GLOBIOM 1.0,EMF30_SLCF,16.408,27.73,49.507,71.95,91.291,109.092,119.768,123.057,122.238,120.86,failed-vetting,failed-vetting
MESSAGE-GLOBIOM 1.0,EMF30_Slower-Action,16.393,33.284,51.202,67.984,76.57300000000002,75.783,76.438,77.992,73.089,68.185,C5,C5: limit warming to 2.5°C (>50%)
MESSAGE-GLOBIOM 1.0,EMF30_Slower-Action+SLCF,16.393,33.257,55.81100000000001,73.259,80.572,81.452,80.01100000000002,79.913,72.59,62.201,failed-vetting,failed-vetting
MESSAGE-GLOBIOM 1.0,EMF30_Slower-to-faster,16.393,33.287,51.199,40.14,28.317,21.912,15.158,6.546,0.760999999999999,0.013,C2,C2: return warming to 1.5°C (>50%) after a high overshoot
MESSAGE-GLOBIOM 1.0,EMF30_Slower-to-faster+SLCF,16.393,33.26300000000001,55.816,46.84399999999999,35.85800000000001,29.924,24.467,15.305,5.709,0.095,failed-vetting,failed-vetting
MESSAGE-GLOBIOM 1.0,EMF30_Slower-to-faster+SLCF+HFC,16.393,33.284,56.026,47.441,35.49800000000001,30.727,25.187,15.898,5.934,0.098,failed-vetting,failed-vetting
MESSAGE-GLOBIOM 1.0,EMF33_1.5C_cost100,16.2432364153174,24.646236827868,33.3210308175357,38.61375393250839,30.0801261089435,21.5448890070876,11.089547308016,0.00330846112642,0.001421663369781,0.0003276173629924,C1,C1: limit warming to 1.5°C (>50%) with no or limited overshoot
MESSAGE-GLOBIOM 1.0,EMF33_1.5C_full,16.2432364153174,24.646236827868,33.8602492238396,38.77429047132789,31.2230353969455,22.3871828410381,11.3705557513499,0.003324178616047,0.001430000244516,0.0004171044516439,C1,C1: limit warming to 1.5°C (>50%) with no or limited overshoot
MESSAGE-GLOBIOM 1.0,EMF33_Baseline,16.2432364153174,26.6581780712344,45.3014533714441,68.4222571567434,85.0313016954347,98.2554074398155,116.884438613269,125.635894212486,125.733177385215,130.9692564401101,C7,C7: limit warming to 4°C (>50%)
MESSAGE-GLOBIOM 1.0,EMF33_Med2C_cost100,16.2432364153174,24.646236827868,42.4537364380469,58.5991155873715,73.0543280056445,65.5711721476329,59.34233633547461,46.124136154955,23.2513293768375,10.1698423894452,C4,C4: limit warming to 2°C (>50%)
MESSAGE-GLOBIOM 1.0,EMF33_Med2C_full,16.2432364153174,24.646236827868,43.1609544581096,59.5174129280499,73.3263676058323,64.7823531730118,60.6863632754091,45.6536393298464,23.4204366667943,9.94728060299316,C4,C4: limit warming to 2°C (>50%)
MESSAGE-GLOBIOM 1.0,EMF33_Med2C_limbio,16.2432364153174,24.646236827868,42.16493767732999,57.3366039478034,64.6599434278115,59.9887989452242,51.88013705907189,38.6234780502953,21.8319634418296,8.6897957039779,C4,C4: limit warming to 2°C (>50%)
MESSAGE-GLOBIOM 1.0,EMF33_Med2C_nobeccs,16.2432364153174,24.646236827868,44.870604265254,60.6579008515299,64.1204493186788,60.247533647224,45.1560701924333,26.77900554113561,17.8182197277439,3.29031997465958,C3,C3: limit warming to 2°C (>67%)
MESSAGE-GLOBIOM 1.0,EMF33_Med2C_nofuel,16.2432364153174,24.646236827868,42.0594665336964,56.4945641996348,66.22591658691479,58.731173267512,51.6960054436697,38.6183213485124,21.0914989413518,8.68050365820784,C4,C4: limit warming to 2°C (>50%)
MESSAGE-GLOBIOM 1.0,EMF33_Med2C_none,16.2432364153174,24.646236827868,44.9297469581679,59.6169165965647,62.27231286256971,54.2992497973805,39.6710285844874,21.636760483922,8.03320076468858,0.001636023177372,C3,C3: limit warming to 2°C (>67%)
MESSAGE-GLOBIOM 1.0,EMF33_WB2C_cost100,16.2432364153174,24.646236827868,44.24479210576801,59.4878937325014,64.1308722664369,56.890305632606,42.1214868915004,24.5407646576971,9.89357672559165,0.109039066107345,C2,C2: return warming to 1.5°C (>50%) after a high overshoot
MESSAGE-GLOBIOM 1.0,EMF33_WB2C_full,16.2432364153174,24.646236827868,44.3246354167207,60.366856841811,64.8069615338482,57.31073303002439,42.9734920168001,25.46845701375489,10.5485727427116,0.577614204942813,C2,C2: return warming to 1.5°C (>50%) after a high overshoot
MESSAGE-GLOBIOM 1.0,EMF33_WB2C_limbio,16.2432364153174,24.646236827868,44.6862284932735,56.98398561924271,59.29092443419021,45.5465188746396,29.8965360146788,16.5584189568798,0.002866396584679,0.001716218383947,C2,C2: return warming to 1.5°C (>50%) after a high overshoot
MESSAGE-GLOBIOM 1.0,EMF33_WB2C_nofuel,16.2432364153174,24.646236827868,43.9039300759049,57.41750991917,61.5043697353159,50.2515685769765,34.6279907975065,17.97470988575,5.5936103398214,0.001131303279366,C2,C2: return warming to 1.5°C (>50%) after a high overshoot
MESSAGE-GLOBIOM 1.0,EMF33_tax_hi_full,16.2432364153174,26.6581780712344,46.059650853067,61.32078038933,65.8005444201562,62.5711511723994,49.6247788682786,32.0808731414222,20.4834769014253,6.6598888466403,C3,C3: limit warming to 2°C (>67%)
MESSAGE-GLOBIOM 1.0,EMF33_tax_hi_none,16.2432364153174,26.6581780712344,45.8282723637224,59.24348243807221,62.930230968295,60.250332936439,49.2628363692891,31.5045279564656,19.4071334874938,6.00195561485737,C4,C4: limit warming to 2°C (>50%)
MESSAGE-GLOBIOM 1.0,EMF33_tax_lo_full,16.2432364153174,26.6581780712344,46.30171676136622,63.64736854626121,80.2002232718733,76.39415609050259,66.5492819274827,59.6037237392809,52.96475618436011,38.6457776955124,C5,C5: limit warming to 2.5°C (>50%)
MESSAGE-GLOBIOM 1.0,EMF33_tax_lo_none,16.2432364153174,26.6581780712344,46.1115943679188,63.8479616530547,79.792968514066,75.57376077108249,68.36412386846071,64.6275707186045,54.7650492440245,39.2585264746673,C5,C5: limit warming to 2.5°C (>50%)
MESSAGE-GLOBIOM 1.0,SSP1-19,16.402,23.404,39.235,47.349,53.175,58.258,45.306,21.833,6.702999999999999,2.348,failed-vetting,failed-vetting
MESSAGE-GLOBIOM 1.0,SSP1-26,16.36,23.45300000000001,41.209,61.676,74.843,80.936,73.678,59.747,34.728,13.159,C4,C4: limit warming to 2°C (>50%)
MESSAGE-GLOBIOM 1.0,SSP1-34,16.36,23.314,39.751,62.701,77.312,90.272,95.071,77.268,61.212,38.247,C5,C5: limit warming to 2.5°C (>50%)
MESSAGE-GLOBIOM 1.0,SSP1-45,16.36,23.495,40.224,63.819,78.789,90.126,107.721,106.917,87.361,53.69600000000001,C6,C6: limit warming to 3°C (>50%)
MESSAGE-GLOBIOM 1.0,SSP1-Baseline,16.363,23.647,40.85,65.387,82.448,91.473,107.773,121.286,124.096,128.917,C7,C7: limit warming to 4°C (>50%)
MESSAGE-GLOBIOM 1.0,SSP2-19,16.326,25.05,35.051,28.451,24.584,17.7,9.353,2.607,0.002,0.001,C1,C1: limit warming to 1.5°C (>50%) with no or limited overshoot
MESSAGE-GLOBIOM 1.0,SSP2-26,16.408,25.257,43.521,56.718,58.228,54.416,42.36600000000001,26.006,15.514,5.011,C3,C3: limit warming to 2°C (>67%)
MESSAGE-GLOBIOM 1.0,SSP2-34,16.408,24.861,43.003,62.34399999999999,76.14699999999998,74.146,56.631,50.908,40.531,24.644,C5,C5: limit warming to 2.5°C (>50%)
MESSAGE-GLOBIOM 1.0,SSP2-45,16.408,25.256,43.762,64.83800000000001,81.941,93.538,90.503,73.594,43.177,36.894,C6,C6: limit warming to 3°C (>50%)
MESSAGE-GLOBIOM 1.0,SSP2-60,16.408,25.547,44.31800000000001,64.828,83.26799999999999,98.963,111.099,112.837,113.156,106.586,C7,C7: limit warming to 4°C (>50%)
MESSAGE-GLOBIOM 1.0,SSP2-Baseline,16.407,25.557,43.78899999999999,62.31800000000001,81.15,97.254,110.14,113.432,114.088,122.855,C7,C7: limit warming to 4°C (>50%)
MESSAGE-GLOBIOM 1.0,SSP3-34,16.147,31.16,54.298,61.0,50.972,40.836,21.889,5.627999999999999,0.004,0.001,C4,C4: limit warming to 2°C (>50%)
MESSAGE-GLOBIOM 1.0,SSP3-45,16.155,32.023,54.924,66.339,60.139,34.414,22.708,10.351,0.002,0.001,C5,C5: limit warming to 2.5°C (>50%)
MESSAGE-GLOBIOM 1.0,SSP3-60,16.266,30.899,48.779,57.147,59.243,55.621,47.841,24.308,8.821,0.9259999999999988,C6,C6: limit warming to 3°C (>50%)
MESSAGE-GLOBIOM 1.0,SSP3-Baseline,16.287,29.812,44.65600000000001,50.894,50.82100000000001,44.972,39.702,32.977,22.38300000000001,7.534,failed-vetting,failed-vetting
MESSAGEix-GLOBIOM 1.0,CD-LINKS_INDC2030i_1600,16.2432364153174,32.12260647220661,44.56232177370521,61.3528108039464,74.8199677254385,64.4463579532474,64.944814196115,45.1748962731214,17.9795411996546,8.12750434976218,C4,C4: limit warming to 2°C (>50%)
MESSAGEix-GLOBIOM 1.0,CD-LINKS_INDCi,16.2432364153174,32.12260647220661,44.56232177370521,59.5044984343524,79.0857028544045,97.3791955710812,109.016211371314,118.187775317922,121.342036224644,129.481444654685,C7,C7: limit warming to 4°C (>50%)
MESSAGEix-GLOBIOM 1.0,CD-LINKS_NDC2030i_1000,16.2432364153174,32.12260647220661,44.56232177370521,53.2088425699743,56.4697639970535,46.8374686548111,34.210179778457,21.1719607093419,6.62390395426346,0.6639612039524371,C2,C2: return warming to 1.5°C (>50%) after a high overshoot
MESSAGEix-GLOBIOM 1.0,CD-LINKS_NPi,16.2432364153174,32.12260647220661,44.3809540603793,63.75898673133251,83.9498042977158,103.693422812805,113.481154992298,117.503987787097,121.987584337335,130.791971042887,C7,C7: limit warming to 4°C (>50%)
MESSAGEix-GLOBIOM 1.0,CD-LINKS_NPi2020_1000,16.2432364153174,32.12260647220661,48.38773445547171,62.9020836382338,60.7159860101324,57.6784888847139,44.5567079449139,26.8260033049642,16.2818133416898,3.404056603249799,C2,C2: return warming to 1.5°C (>50%) after a high overshoot
MESSAGEix-GLOBIOM 1.0,CD-LINKS_NPi2020_1600,16.2432364153174,32.12260647220661,47.3784855966477,61.2638265513039,73.263391842819,63.6557239019196,60.5107929730082,45.6541548295008,25.2368795498666,8.51233957847824,C4,C4: limit warming to 2°C (>50%)
MESSAGEix-GLOBIOM 1.0,CD-LINKS_NPi2020_400,16.2432364153174,32.12260647220661,42.9164532241419,47.889733708081,40.7779160471277,27.8052701226752,16.4069143609587,2.852679135681089,0.422972024305235,0.149360844411537,C1,C1: limit warming to 1.5°C (>50%) with no or limited overshoot
MESSAGEix-GLOBIOM 1.0,CD-LINKS_NoPolicy,16.2432364153174,33.5411936773849,50.4251896399802,68.2645484598406,86.1835747315579,106.485464935009,116.488356177413,118.948355083267,121.565440066695,132.043506409302,C7,C7: limit warming to 4°C (>50%)
MESSAGEix-GLOBIOM 1.0,LowEnergyDemand_1.3_IPCC,16.91171967824387,21.34066801752286,6.390723320027242,0.8779854066794645,0.0002401397275175,-1.315904742168116e-16,2.629052228592156e-18,1.5755836574134293e-18,-6.2900588786808475e-19,-3.763903308165466e-19,C1,C1: limit warming to 1.5°C (>50%) with no or limited overshoot
MESSAGEix-GLOBIOM_1.0,CO_2Deg2020,16.24323641531739,30.30518986306727,46.35791452289071,64.3699468543791,71.78207573390216,79.77358326418194,67.84772470279918,44.1186457555115,22.7029743683634,4.899701903976948,failed-vetting,failed-vetting
MESSAGEix-GLOBIOM_1.0,CO_2Deg2030,16.24323641531739,30.30518986306727,42.77417962284239,51.54983779168661,54.07898240056493,49.66764184002032,40.13271654851339,22.77344805864005,4.630807819122081,0.7262146829689792,failed-vetting,failed-vetting
MESSAGEix-GLOBIOM_1.0,CO_BAU,16.24323641531739,31.31096483910791,47.27475589355132,61.37635565484096,78.97133179628005,95.10540748276,111.0054365353871,120.5883348826708,129.51814884545,136.3475865465024,failed-vetting,failed-vetting
MESSAGEix-GLOBIOM_1.0,CO_Bridge,16.24323641531739,30.30518986306727,39.62641748179202,57.41233579212536,71.9937349498976,82.4057139207732,74.65350740579103,48.15427473804998,15.39960585925585,3.236006144248087,failed-vetting,failed-vetting
MESSAGEix-GLOBIOM_1.0,CO_CurPol,16.24323641531739,30.30518986306727,44.05425592223698,58.69761983428263,78.54228922802795,92.26105616498492,108.324079891881,119.0653407878048,125.8635089172128,134.2232005233764,failed-vetting,failed-vetting
MESSAGEix-GLOBIOM_1.0,CO_GPP,16.24323641531739,30.30518986306727,38.68248197346673,56.46566404017049,70.71574951479512,81.81600225488215,89.61275590163427,102.9550221648581,120.041382068025,132.7214783594318,failed-vetting,failed-vetting
MESSAGEix-GLOBIOM_1.0,CO_NDC_2050convergence,16.24323641531739,30.30518986306727,42.77417962284239,58.44489815601133,70.98669147137096,77.65109870625814,87.48608773156795,95.9070086517346,103.4377782115886,102.4767643001624,failed-vetting,failed-vetting
MESSAGEix-GLOBIOM_1.0,CO_NDCplus,16.24323641531739,30.30518986306727,42.77417962284239,55.33762881202471,74.48675585413045,90.43884505211192,102.220874568336,110.187619239935,118.6290352482384,123.8083149210063,failed-vetting,failed-vetting
MESSAGEix-GLOBIOM_1.1,EN_INDCi2030_1000,16.89896743170497,26.91431562430716,37.21718489872336,12.46698892282794,6.535507465410779,9.398651997585723,17.07573889637249,31.97548249936766,33.90438478116126,30.24162549474605,C3,C3: limit warming to 2°C (>67%)
MESSAGEix-GLOBIOM_1.1,EN_INDCi2030_1000_COV,16.89896743170497,22.2524292977851,31.91888856252707,14.1605762840388,11.22190830717927,13.98662949779295,21.17998665554511,38.67601940625023,39.1262177860876,36.3146082830474,C3,C3: limit warming to 2°C (>67%)
MESSAGEix-GLOBIOM_1.1,EN_INDCi2030_1000_COV_NDCp,16.89896743170497,22.2524292977851,33.47061775188645,16.06853161362953,11.94509776017138,14.36446351336044,22.83742315959531,41.12555923743824,39.3904452701922,34.92880135946025,C3,C3: limit warming to 2°C (>67%)
MESSAGEix-GLOBIOM_1.1,EN_INDCi2030_1000_NDCp,16.89896743170497,26.91431562430716,38.02854446667158,13.52912369405057,7.425827192494531,9.3834384146033,17.75415763251829,32.00128213312878,33.61539379263658,30.36527454301304,C3,C3: limit warming to 2°C (>67%)
MESSAGEix-GLOBIOM_1.1,EN_INDCi2030_1000f,16.89896743170497,26.91431562430716,37.21718489872336,34.80596668371309,24.20015888657138,25.12590525690048,17.86602378916072,7.508277318173063,0.0048707755307676,0.0721264795442444,C4,C4: limit warming to 2°C (>50%)
MESSAGEix-GLOBIOM_1.1,EN_INDCi2030_1000f_COV,16.89896743170497,22.2524292977851,31.91888856252707,35.91900764525204,26.93694647452174,28.28587612055697,21.63256580783555,11.62357714994675,1.527017130719531,0.0088876045963878,C3,C3: limit warming to 2°C (>67%)
MESSAGEix-GLOBIOM_1.1,EN_INDCi2030_1000f_COV_NDCp,16.89896743170497,22.2524292977851,33.47061775188645,37.07297643746056,27.63946132345451,28.17804656669437,21.29077719147508,12.10716079496571,1.748178344488692,0.013477557443516,C3,C3: limit warming to 2°C (>67%)
MESSAGEix-GLOBIOM_1.1,EN_INDCi2030_1000f_NDCp,16.89896743170497,26.91431562430716,38.02854446667158,35.4322148535726,25.31015834543386,25.26199546654181,17.94032488569568,7.411783006570072,0.0018337389000672,0.0694422770588494,C4,C4: limit warming to 2°C (>50%)
MESSAGEix-GLOBIOM_1.1,EN_INDCi2030_1200,16.89896743170497,26.91431562430716,37.21718489872336,31.95900225893024,20.40881642453545,24.51734284959103,23.60936365663419,29.27780961715144,26.75975435771836,23.78984727753696,C4,C4: limit warming to 2°C (>50%)
MESSAGEix-GLOBIOM_1.1,EN_INDCi2030_1200_COV,16.89896743170497,22.2524292977851,31.91888856252707,34.03780565738619,26.42271644015945,28.95818298921342,27.86196538439343,29.5581124854529,28.25216389384144,26.14680840383251,C3,C3: limit warming to 2°C (>67%)
MESSAGEix-GLOBIOM_1.1,EN_INDCi2030_1200_COV_NDCp,16.89896743170497,22.2524292977851,33.47061775188645,35.97318048041215,27.1385792836616,28.81209070865447,27.35605857215067,26.82976411050773,25.47589224990735,23.80570251925613,C3,C3: limit warming to 2°C (>67%)
MESSAGEix-GLOBIOM_1.1,EN_INDCi2030_1200_NDCp,16.89896743170497,26.91431562430716,38.02854446667158,32.7911854840711,21.53056119331362,25.03050734548949,23.10417799416807,28.45764057267869,26.52215527690985,24.16914152146877,C4,C4: limit warming to 2°C (>50%)
MESSAGEix-GLOBIOM_1.1,EN_INDCi2030_1200f,16.89896743170497,26.91431562430716,37.21718489872336,42.97573935334122,37.59310542188655,33.77319406187787,28.04437681062095,15.31672568024203,1.836522563829948,0.0411348359822252,C4,C4: limit warming to 2°C (>50%)
MESSAGEix-GLOBIOM_1.1,EN_INDCi2030_1200f_COV,16.89896743170497,22.2524292977851,31.91888856252707,40.4727470312035,42.00547248769061,39.28613250746007,37.45979216993082,21.69298271799929,5.597897459996148,0.2392120249311713,C4,C4: limit warming to 2°C (>50%)
MESSAGEix-GLOBIOM_1.1,EN_INDCi2030_1200f_COV_NDCp,16.89896743170497,22.2524292977851,33.47061775188645,41.73252267745369,42.56590391862218,39.70040000633215,38.09318110036646,21.11665708876554,5.706830638216311,0.2151437910933635,C4,C4: limit warming to 2°C (>50%)
MESSAGEix-GLOBIOM_1.1,EN_INDCi2030_1200f_NDCp,16.89896743170497,26.91431562430716,38.02854446667158,44.34066669678582,37.60710167434215,34.61024362948945,29.20355541946511,15.41383396064914,2.237228282325283,0.0406188035152992,C4,C4: limit warming to 2°C (>50%)
MESSAGEix-GLOBIOM_1.1,EN_INDCi2030_1400,16.89896743170497,26.91431562430716,37.21718489872336,43.40755311522106,39.33551859745188,33.73906169289448,33.437088735278,21.83682716361754,21.27329651610867,18.76007954684573,C4,C4: limit warming to 2°C (>50%)
MESSAGEix-GLOBIOM_1.1,EN_INDCi2030_1400_COV,16.89896743170497,22.2524292977851,31.91888856252707,41.82048370234848,46.16085533275137,42.18402370598986,43.94528156233252,30.54789723260288,26.39400379125855,21.16610488908416,C4,C4: limit warming to 2°C (>50%)
MESSAGEix-GLOBIOM_1.1,EN_INDCi2030_1400_COV_NDCp,16.89896743170497,22.2524292977851,33.47061775188645,43.42712394948645,46.9603031327734,43.23372124932035,44.1589380063946,31.67256917399,26.24068811378568,21.35294309569595,C4,C4: limit warming to 2°C (>50%)
MESSAGEix-GLOBIOM_1.1,EN_INDCi2030_1400_NDCp,16.89896743170497,26.91431562430716,38.02854446667158,44.62804761502812,39.14793982102886,34.33361814314397,34.15504772779867,22.09562733714374,20.58684874822924,18.68173644557993,C4,C4: limit warming to 2°C (>50%)
MESSAGEix-GLOBIOM_1.1,EN_INDCi2030_1400f,16.89896743170497,26.91431562430716,37.21718489872336,46.92067702105451,50.26929636053378,49.19804241475771,41.82296883401359,23.79115617399999,8.750268607847355,1.177870182390401,C4,C4: limit warming to 2°C (>50%)
MESSAGEix-GLOBIOM_1.1,EN_INDCi2030_1400f_COV,16.89896743170497,22.2524292977851,31.91888856252707,43.9878586270392,54.25263794959461,52.5668882243911,49.58700772387807,32.06113427978755,16.08857584448648,3.303331917306156,C4,C4: limit warming to 2°C (>50%)
MESSAGEix-GLOBIOM_1.1,EN_INDCi2030_1400f_COV_NDCp,16.89896743170497,22.2524292977851,33.47061775188645,45.19533429618099,52.98616036782639,53.62191833640222,49.25902059180477,33.59037026237289,16.62719854204062,3.643912670838809,C4,C4: limit warming to 2°C (>50%)
MESSAGEix-GLOBIOM_1.1,EN_INDCi2030_1400f_NDCp,16.89896743170497,26.91431562430716,38.02854446667158,48.77277946132086,50.17297066217797,48.42939081235752,42.08541822218906,24.53597787708721,9.84758776378508,1.664838506873578,C4,C4: limit warming to 2°C (>50%)
MESSAGEix-GLOBIOM_1.1,EN_INDCi2030_1600,16.89896743170497,26.91431562430716,37.21718489872336,47.64061710037457,54.9139565025426,52.16287888014946,44.68223026010646,32.29357559894208,20.46752026923618,18.63058424371742,C5,C5: limit warming to 2.5°C (>50%)
MESSAGEix-GLOBIOM_1.1,EN_INDCi2030_1600_COV,16.89896743170497,22.2524292977851,31.91888856252707,44.79545099838041,57.95260678596144,59.0465404780655,53.24362094181048,41.49166648415354,25.91456956105082,20.78560379444727,C4,C4: limit warming to 2°C (>50%)
MESSAGEix-GLOBIOM_1.1,EN_INDCi2030_1600_COV_NDCp,16.89896743170497,22.2524292977851,33.47061775188645,45.71112031751629,56.47018454250717,58.85739655625396,54.24254501381527,41.88065927900699,25.99446262470945,20.29743986844097,C4,C4: limit warming to 2°C (>50%)
MESSAGEix-GLOBIOM_1.1,EN_INDCi2030_1600_NDCp,16.89896743170497,26.91431562430716,38.02854446667158,49.14755661874022,54.13350045269265,51.67924157733222,45.16772458897223,32.61434029763026,19.87554376659805,17.66033131061104,C5,C5: limit warming to 2.5°C (>50%)
MESSAGEix-GLOBIOM_1.1,EN_INDCi2030_1600f,16.89896743170497,26.91431562430716,37.21718489872336,48.33900474092484,58.82493207438237,63.11856698971899,51.805175908701,37.59774738885658,17.99626391436804,3.897337526275261,C5,C5: limit warming to 2.5°C (>50%)
MESSAGEix-GLOBIOM_1.1,EN_INDCi2030_1600f_COV,16.89896743170497,22.2524292977851,31.91888856252707,46.49762260547531,60.37926253202689,63.6103958787086,55.85292335350498,42.66429438858078,19.24314816344587,5.713219809415072,C5,C5: limit warming to 2.5°C (>50%)
MESSAGEix-GLOBIOM_1.1,EN_INDCi2030_1600f_COV_NDCp,16.89896743170497,22.2524292977851,33.47061775188645,46.20329698547354,59.93155889656918,63.81642275391738,55.72143197958844,41.44108688692518,18.68814507081711,5.699066495699965,C5,C5: limit warming to 2.5°C (>50%)
MESSAGEix-GLOBIOM_1.1,EN_INDCi2030_1600f_NDCp,16.89896743170497,26.91431562430716,38.02854446667158,49.91166621408529,58.37621060360827,62.6161211798867,51.93665120933503,37.84485338155135,19.33635669000458,3.842368755792534,C5,C5: limit warming to 2.5°C (>50%)
MESSAGEix-GLOBIOM_1.1,EN_INDCi2030_1800,16.89896743170497,26.91431562430716,37.21718489872336,50.03549597299079,62.27145119378864,71.44462561032311,53.89952516028993,42.94810499287532,20.66285836380406,18.79294876470102,C5,C5: limit warming to 2.5°C (>50%)
MESSAGEix-GLOBIOM_1.1,EN_INDCi2030_1800_COV,16.89896743170497,22.2524292977851,31.91888856252707,47.73016388290823,63.31755934712603,70.51643677536163,59.50941796661815,56.03108731233715,32.31169172979503,26.92816067874601,C5,C5: limit warming to 2.5°C (>50%)
MESSAGEix-GLOBIOM_1.1,EN_INDCi2030_1800_COV_NDCp,16.89896743170497,22.2524292977851,33.47061775188645,46.70312247068433,62.42171855330852,70.67939746872018,59.838635470241,56.42980453255262,32.14715896305589,26.77152594227644,C5,C5: limit warming to 2.5°C (>50%)
MESSAGEix-GLOBIOM_1.1,EN_INDCi2030_1800_NDCp,16.89896743170497,26.91431562430716,38.02854446667158,50.63993104836267,61.62929078225724,70.3827716829021,53.24111263177205,42.4186513479987,20.40939311147515,18.36784887316893,C5,C5: limit warming to 2.5°C (>50%)
MESSAGEix-GLOBIOM_1.1,EN_INDCi2030_1800f,16.89896743170497,26.91431562430716,37.21718489872336,50.35276225085553,63.03624204033472,75.0859515702449,58.67860450052014,46.67309801671421,22.75816736757612,5.687544898953823,C5,C5: limit warming to 2.5°C (>50%)
MESSAGEix-GLOBIOM_1.1,EN_INDCi2030_1800f_COV,16.89896743170497,22.2524292977851,31.91888856252707,47.70001111559363,63.58030677194654,72.21181472084349,62.29697647283773,56.20804149401707,26.387915890386,8.903788683480242,C5,C5: limit warming to 2.5°C (>50%)
MESSAGEix-GLOBIOM_1.1,EN_INDCi2030_1800f_COV_NDCp,16.89896743170497,22.2524292977851,33.47061775188645,46.51221456663841,62.52083488881729,72.63007501847792,64.03203354076152,56.15140430493071,25.54656491495429,9.006805232126194,C5,C5: limit warming to 2.5°C (>50%)
MESSAGEix-GLOBIOM_1.1,EN_INDCi2030_1800f_NDCp,16.89896743170497,26.91431562430716,38.02854446667158,50.28599292561918,62.70975035936264,73.76547332350091,58.36515786798768,46.40549298785723,22.47264034225834,5.599036795826299,C5,C5: limit warming to 2.5°C (>50%)
MESSAGEix-GLOBIOM_1.1,EN_INDCi2030_2000,16.89896743170497,26.91431562430716,37.21718489872336,50.81740735999036,66.66469062491369,79.47254793715776,60.93824445360068,52.46823806060134,28.36624535309253,21.54622568450355,C5,C5: limit warming to 2.5°C (>50%)
MESSAGEix-GLOBIOM_1.1,EN_INDCi2030_2000_COV,16.89896743170497,22.2524292977851,31.91888856252707,46.70903147072323,66.51349109292451,76.12444249638173,67.94075222584428,56.81872595975127,33.39653446212524,27.18635897877069,C5,C5: limit warming to 2.5°C (>50%)
MESSAGEix-GLOBIOM_1.1,EN_INDCi2030_2000_COV_NDCp,16.89896743170497,22.2524292977851,33.47061775188645,45.40851122120641,64.91229186197131,74.50084352380853,67.59632246039268,56.44571175963809,33.34289811702877,25.6461381583599,C5,C5: limit warming to 2.5°C (>50%)
MESSAGEix-GLOBIOM_1.1,EN_INDCi2030_2000_NDCp,16.89896743170497,26.91431562430716,38.02854446667158,50.9742793634984,66.49597794114783,79.14997217922738,60.85358811043116,52.09077004052816,28.16917143964724,21.18543957825512,C5,C5: limit warming to 2.5°C (>50%)
MESSAGEix-GLOBIOM_1.1,EN_INDCi2030_2000f,16.89896743170497,26.91431562430716,37.21718489872336,50.69934729143278,66.61649955297018,80.36706863135424,66.80113503343031,50.86954826603626,23.90210254971569,8.879897414634986,C5,C5: limit warming to 2.5°C (>50%)
MESSAGEix-GLOBIOM_1.1,EN_INDCi2030_2000f_COV,16.89896743170497,22.2524292977851,31.91888856252707,46.8517052757568,66.7489497141135,78.20002499580931,74.19028343279422,57.914659391431,35.75129457305589,19.71697820036926,C5,C5: limit warming to 2.5°C (>50%)
MESSAGEix-GLOBIOM_1.1,EN_INDCi2030_2000f_COV_NDCp,16.89896743170497,22.2524292977851,33.47061775188645,45.65150388322692,65.17795742950571,76.49183168189774,74.49086805361696,56.40529935064155,35.4730969402096,20.64214253691419,C5,C5: limit warming to 2.5°C (>50%)
MESSAGEix-GLOBIOM_1.1,EN_INDCi2030_2000f_NDCp,16.89896743170497,26.91431562430716,38.02854446667158,50.51507964668021,66.4432933349923,79.40690706457643,65.21855383273828,49.81529302084669,23.21912723947812,8.729124906586723,C5,C5: limit warming to 2.5°C (>50%)
MESSAGEix-GLOBIOM_1.1,EN_INDCi2030_2500,16.89896743170497,26.91431562430716,37.21718489872336,49.847308854684,70.89594756431337,87.22785025202136,84.72764016486282,54.9493315709131,31.11569776322913,20.22124351913208,C5,C5: limit warming to 2.5°C (>50%)
MESSAGEix-GLOBIOM_1.1,EN_INDCi2030_2500_COV,16.89896743170497,22.2524292977851,31.91888856252707,46.67998793512261,68.34922162420361,84.80323457463064,87.48162831742744,70.57049883986076,38.2271605827304,28.45964163110828,C5,C5: limit warming to 2.5°C (>50%)
MESSAGEix-GLOBIOM_1.1,EN_INDCi2030_2500_COV_NDCp,16.89896743170497,22.2524292977851,33.47061775188645,46.14980582657613,65.76149633633949,82.34794399921864,88.33409738288098,73.51993857343497,38.49706646849467,27.99952121034286,C5,C5: limit warming to 2.5°C (>50%)
MESSAGEix-GLOBIOM_1.1,EN_INDCi2030_2500_NDCp,16.89896743170497,26.91431562430716,38.02854446667158,50.05389348116993,70.07256299912153,85.68616023607106,85.1073234843918,55.89256778574962,31.36052729135026,20.4058409346281,C5,C5: limit warming to 2.5°C (>50%)
MESSAGEix-GLOBIOM_1.1,EN_INDCi2030_2500f,16.89896743170497,26.91431562430716,37.21718489872336,49.94307097631962,70.84948201010722,87.19227212684517,84.74554530362069,57.21369913575822,29.42807833022918,20.15426648001995,C5,C5: limit warming to 2.5°C (>50%)
MESSAGEix-GLOBIOM_1.1,EN_INDCi2030_2500f_COV,16.89896743170497,22.2524292977851,31.91888856252707,46.7027532849955,68.54800135689823,85.0632436785463,87.95163779822293,70.54986856425086,38.66551789379695,29.32121625400109,C5,C5: limit warming to 2.5°C (>50%)
MESSAGEix-GLOBIOM_1.1,EN_INDCi2030_2500f_COV_NDCp,16.89896743170497,22.2524292977851,33.47061775188645,45.51213639439748,66.00480390715042,82.34202566354313,88.33792067953308,72.90010051760592,37.73488065656022,28.33059076973648,C5,C5: limit warming to 2.5°C (>50%)
MESSAGEix-GLOBIOM_1.1,EN_INDCi2030_2500f_NDCp,16.89896743170497,26.91431562430716,38.02854446667158,50.09278649933438,69.62111333831237,85.61323895526998,84.79807937699377,57.51702938286007,29.30407440632031,19.22018560552958,C5,C5: limit warming to 2.5°C (>50%)
MESSAGEix-GLOBIOM_1.1,EN_INDCi2030_3000,16.89896743170497,26.91431562430716,37.21718489872336,50.56204288528941,67.33281008313327,93.44000096604502,95.296340368717,84.0904725966119,41.40303919085178,27.86590613690538,C6,C6: limit warming to 3°C (>50%)
MESSAGEix-GLOBIOM_1.1,EN_INDCi2030_3000_COV,16.89896743170497,22.2524292977851,31.91888856252707,47.75414226487959,66.17801876195412,84.03390027638476,99.47489736425634,94.69994505614008,66.91726110147667,29.93354353603461,C6,C6: limit warming to 3°C (>50%)
MESSAGEix-GLOBIOM_1.1,EN_INDCi2030_3000_COV_NDCp,16.89896743170497,22.2524292977851,33.47061775188645,47.15323556468228,64.02763374994757,82.86639653724572,99.2242509262564,94.31916191700746,68.44539205785264,31.75124417344358,C6,C6: limit warming to 3°C (>50%)
MESSAGEix-GLOBIOM_1.1,EN_INDCi2030_3000_NDCp,16.89896743170497,26.91431562430716,38.02854446667158,50.65385887581981,66.58108286321871,91.43269688128478,95.22880773136728,84.379551620722,41.05426240941884,28.05657001138836,C6,C6: limit warming to 3°C (>50%)
MESSAGEix-GLOBIOM_1.1,EN_INDCi2030_3000f,16.89896743170497,26.91431562430716,37.21718489872336,50.91366026199007,67.98414107089408,94.43569652360128,95.09212750014689,85.41187994223256,48.5746678451919,26.65591796327557,C6,C6: limit warming to 3°C (>50%)
MESSAGEix-GLOBIOM_1.1,EN_INDCi2030_3000f_COV,16.89896743170497,22.2524292977851,31.91888856252707,47.84260014056969,66.27066534658442,84.42789161448017,99.313987760978,96.38277840280152,68.13773757029928,30.6838586302572,C6,C6: limit warming to 3°C (>50%)
MESSAGEix-GLOBIOM_1.1,EN_INDCi2030_3000f_COV_NDCp,16.89896743170497,22.2524292977851,33.47061775188645,47.0214253940153,63.99845512089276,83.26936740808164,99.05087215745904,96.68412325556538,67.61798999332905,30.83431154268264,C6,C6: limit warming to 3°C (>50%)
MESSAGEix-GLOBIOM_1.1,EN_INDCi2030_3000f_NDCp,16.89896743170497,26.91431562430716,38.02854446667158,50.84393242306847,67.06320487361546,92.19846427642644,95.05316074781642,84.67727634303785,48.26440280758277,27.09786878147239,C6,C6: limit warming to 3°C (>50%)
MESSAGEix-GLOBIOM_1.1,EN_INDCi2030_600f_COV,16.89896743170497,22.2524292977851,31.91888856252707,10.39165686063176,6.713309397529919,3.715887849139291,0.9659651910633014,0.4476214729681452,0.0938417425646728,7.484565298865271e-06,C2,C2: return warming to 1.5°C (>50%) after a high overshoot
MESSAGEix-GLOBIOM_1.1,EN_INDCi2030_600f_COV_NDCp,16.89896743170497,22.2524292977851,33.47061775188645,10.75908149278701,6.844200634902166,4.234839353355964,0.8378705455402105,0.3514806368932547,0.0540648194461643,9.042301554264363e-06,C2,C2: return warming to 1.5°C (>50%) after a high overshoot
MESSAGEix-GLOBIOM_1.1,EN_INDCi2030_700f,16.89896743170497,26.91431562430716,37.21718489872336,16.16615715298832,9.301970071095765,6.395442296340432,1.726725722823675,0.5372263692455783,0.1268802993552665,0.0019905032697631,C2,C2: return warming to 1.5°C (>50%) after a high overshoot
MESSAGEix-GLOBIOM_1.1,EN_INDCi2030_700f_COV,16.89896743170497,22.2524292977851,31.91888856252707,15.73759653533728,10.77150877565108,8.782816605963799,2.034949394413051,0.1929815500211069,0.0259267906308479,0.0020682841068362,C2,C2: return warming to 1.5°C (>50%) after a high overshoot
MESSAGEix-GLOBIOM_1.1,EN_INDCi2030_700f_COV_NDCp,16.89896743170497,22.2524292977851,33.47061775188645,15.90302895173241,11.6192995359855,8.360351784363644,2.985743784709027,0.1779637370974845,0.0223885536457767,0.0003504577955177,C2,C2: return warming to 1.5°C (>50%) after a high overshoot
MESSAGEix-GLOBIOM_1.1,EN_INDCi2030_700f_NDCp,16.89896743170497,26.91431562430716,38.02854446667158,17.26146823777803,9.624174319624148,6.428666166073482,1.795738418529089,0.5153600317829247,0.1083459680502246,0.0021578103807356,C2,C2: return warming to 1.5°C (>50%) after a high overshoot
MESSAGEix-GLOBIOM_1.1,EN_INDCi2030_800f,16.89896743170497,26.91431562430716,37.21718489872336,21.44224944713616,12.18803695034862,11.32488679497263,4.66316261114803,0.3797461361682901,0.0276388758256717,0.0001205025366996,C3,C3: limit warming to 2°C (>67%)
MESSAGEix-GLOBIOM_1.1,EN_INDCi2030_800f_COV,16.89896743170497,22.2524292977851,31.91888856252707,25.44255790673175,15.24770548337166,16.86278281640595,10.80403732895616,0.7545657578343091,0.0970812709372389,0.0178915052588154,C3,C3: limit warming to 2°C (>67%)
MESSAGEix-GLOBIOM_1.1,EN_INDCi2030_800f_COV_NDCp,16.89896743170497,22.2524292977851,33.47061775188645,25.84296455332563,15.79457865515132,17.2301722694744,11.05145750091745,0.8534866095407653,0.0351675383520737,0.0105673330539097,C3,C3: limit warming to 2°C (>67%)
MESSAGEix-GLOBIOM_1.1,EN_INDCi2030_800f_NDCp,16.89896743170497,26.91431562430716,38.02854446667158,22.44097085028462,12.77804996289324,11.83738966661927,5.194742572598376,0.419244543315135,0.0420947517611262,0.0013862624619431,C3,C3: limit warming to 2°C (>67%)
MESSAGEix-GLOBIOM_1.1,EN_INDCi2030_900f,16.89896743170497,26.91431562430716,37.21718489872336,29.44025010626875,16.74544256617675,19.86821555243597,13.07482950348899,2.352436803294734,0.1058867234646984,0.0276453707465301,C3,C3: limit warming to 2°C (>67%)
MESSAGEix-GLOBIOM_1.1,EN_INDCi2030_900f_COV,16.89896743170497,22.2524292977851,31.91888856252707,30.63723038051942,19.50127294405675,22.36863130364713,19.28502026706932,6.888488859934007,0.0579703166270389,0.0363578116194889,C3,C3: limit warming to 2°C (>67%)
MESSAGEix-GLOBIOM_1.1,EN_INDCi2030_900f_COV_NDCp,16.89896743170497,22.2524292977851,33.47061775188645,30.32758523825933,21.87921877340679,22.97985305870318,18.50081857019133,7.251487608195255,0.046127894937243,0.045329910745794,C3,C3: limit warming to 2°C (>67%)
MESSAGEix-GLOBIOM_1.1,EN_INDCi2030_900f_NDCp,16.89896743170497,26.91431562430716,38.02854446667158,30.22909854467738,17.35082324352025,20.25745223103907,13.10185690369059,2.339438774728801,0.0899694417980106,0.0285949045134921,C3,C3: limit warming to 2°C (>67%)
MESSAGEix-GLOBIOM_1.1,EN_INDCi2030_950_COV,16.89896743170497,22.2524292977851,31.91888856252707,9.162965143070238,7.077128828080266,9.289877654676951,17.81815775939296,35.5635073349041,40.42754111498229,35.12535070584843,C3,C3: limit warming to 2°C (>67%)
MESSAGEix-GLOBIOM_1.1,EN_INDCi2030_950_COV_NDCp,16.89896743170497,22.2524292977851,33.47061775188645,10.16568430324671,8.10048010560301,10.15944990538726,18.64140065050771,35.77697937475131,38.38565596837012,36.02912925369167,C3,C3: limit warming to 2°C (>67%)
MESSAGEix-GLOBIOM_1.1,EN_INDCi2030_950f_COV,16.89896743170497,22.2524292977851,31.91888856252707,33.47456390409059,25.3552501955182,26.79269407583437,19.87844241937694,8.532139283332738,0.1000917924529513,0.0755936043369335,C3,C3: limit warming to 2°C (>67%)
MESSAGEix-GLOBIOM_1.1,EN_INDCi2030_950f_COV_NDCp,16.89896743170497,22.2524292977851,33.47061775188645,34.5922293742124,25.99034546297401,26.89172094196035,19.08707249691636,8.720641194488113,0.2023663131327711,0.0970052294933201,C3,C3: limit warming to 2°C (>67%)
MESSAGEix-GLOBIOM_1.1,EN_INDCi2100,16.89896743170497,26.91431562430716,37.21718489872336,50.10091597426396,59.64760682395988,68.85042257553113,73.50451363414601,78.76686998649167,79.55865682904349,89.82966278979177,C6,C6: limit warming to 3°C (>50%)
MESSAGEix-GLOBIOM_1.1,EN_INDCi2100_COV,16.89896743170497,22.2524292977851,31.91888856252707,47.05196901067362,62.31285043131177,72.34195331981387,81.44469814348999,93.2333804048418,93.19991962698788,91.49854024899024,C6,C6: limit warming to 3°C (>50%)
MESSAGEix-GLOBIOM_1.1,EN_INDCi2100_COV_NDCp,16.89896743170497,22.2524292977851,33.47061775188645,48.13669319476909,62.59924317608885,72.2238406693043,84.2388736302352,88.24586934735973,94.64549978981046,101.4318732652407,C6,C6: limit warming to 3°C (>50%)
MESSAGEix-GLOBIOM_1.1,EN_INDCi2100_NDCp,16.89896743170497,26.91431562430716,38.02854446667158,51.27659650908303,59.24165980791192,69.88403263267278,72.35464964579612,72.32598745433786,76.20099426925914,88.22731927854366,C6,C6: limit warming to 3°C (>50%)
MESSAGEix-GLOBIOM_1.1,EN_NPi2020_1000,16.89896743170497,26.91431562430716,36.64085712272806,40.28707980316891,33.58283567868045,34.31437775054159,26.98676116412651,25.45333082674776,22.87473925403294,21.58840611647945,C3,C3: limit warming to 2°C (>67%)
MESSAGEix-GLOBIOM_1.1,EN_NPi2020_1000_COV,16.89896743170497,22.25242930516987,32.1034515525365,38.69426843641121,35.02109577213294,36.92771719632766,32.70642942846503,28.24455744720486,27.65484422179615,25.24552449532032,C3,C3: limit warming to 2°C (>67%)
MESSAGEix-GLOBIOM_1.1,EN_NPi2020_1000_DR10p,16.89896743170497,26.91092337623036,44.51878390900753,52.37843159652071,34.48791777923529,40.65652625992321,52.45587890147824,82.57474129877912,92.74804183824534,93.64952918154296,C3,C3: limit warming to 2°C (>67%)
MESSAGEix-GLOBIOM_1.1,EN_NPi2020_1000_DR1p,16.89896743170497,23.87355446230928,22.31598514759159,16.26596778973296,16.18559416769277,16.42757075653287,14.2580634444196,9.725116611304632,8.025074585746365,13.68489562667589,C3,C3: limit warming to 2°C (>67%)
MESSAGEix-GLOBIOM_1.1,EN_NPi2020_1000_DR2p,16.89896743170497,24.80467568882099,26.1575917511867,23.89575676423505,22.84083021412551,22.4734090260183,18.04717454285052,11.04651675671361,7.490191070518042,11.93677672036607,C3,C3: limit warming to 2°C (>67%)
MESSAGEix-GLOBIOM_1.1,EN_NPi2020_1000_DR3p,16.89896743170497,25.937116481979,31.05728155813767,29.41562550411117,27.01027341316206,26.11281664845021,20.40622302645194,12.44429072750853,9.07420239363767,10.81899904326126,C3,C3: limit warming to 2°C (>67%)
MESSAGEix-GLOBIOM_1.1,EN_NPi2020_1000_DR4p,16.89896743170497,26.46857199096497,34.05463176129162,35.84714930547698,30.04698826236523,29.61390919721961,22.9006305730397,16.85450099265464,13.65178205062592,11.2407463365447,C3,C3: limit warming to 2°C (>67%)
MESSAGEix-GLOBIOM_1.1,EN_NPi2020_1000f,16.89896743170497,26.91431562430716,40.79238386932483,49.20319880785678,48.68605708634684,43.93955246184077,35.55787169063129,18.80719515025955,5.912221406545028,0.1961131458922843,C3,C3: limit warming to 2°C (>67%)
MESSAGEix-GLOBIOM_1.1,EN_NPi2020_1000f_COV,16.89896743170497,22.25242930516987,33.78518643821536,43.76913032805903,48.77364191197511,46.67888923910937,43.2041488189577,25.36075727742264,10.67805488147648,1.850098837944543,C3,C3: limit warming to 2°C (>67%)
MESSAGEix-GLOBIOM_1.1,EN_NPi2020_1000f_DR10p,16.89896743170497,26.91092337623036,42.89234367930422,60.56636436117665,65.1288643535666,53.29044129123387,32.33042908973133,20.14231935031103,3.049702261406757,0.4812126416811753,C4,C4: limit warming to 2°C (>50%)
MESSAGEix-GLOBIOM_1.1,EN_NPi2020_1000f_DR1p,16.89896743170497,23.87355446230928,20.6867609919223,15.60428829909482,16.03880995966426,16.7021944122648,14.34365730542877,9.783578243411782,8.520246466806249,13.48198223214888,C3,C3: limit warming to 2°C (>67%)
MESSAGEix-GLOBIOM_1.1,EN_NPi2020_1000f_DR2p,16.89896743170497,24.80467568882099,27.20096933991424,25.91262303052082,24.81128443595912,24.47341114291953,20.41739226391342,14.06964179324438,8.883482445720313,8.294168122257469,C3,C3: limit warming to 2°C (>67%)
MESSAGEix-GLOBIOM_1.1,EN_NPi2020_1000f_DR3p,16.89896743170497,25.937116481979,30.99774448240613,35.4909443001917,33.23125760903733,32.03545332271819,25.66613128209709,14.86458757531176,8.134190429573371,3.834363642349878,C3,C3: limit warming to 2°C (>67%)
MESSAGEix-GLOBIOM_1.1,EN_NPi2020_1000f_DR4p,16.89896743170497,26.46857199096497,36.30580337070472,44.1230480848522,39.72281390912795,36.31071284869445,30.20782557780368,16.4586544614752,7.371547481450641,0.0034929230300121,C3,C3: limit warming to 2°C (>67%)
MESSAGEix-GLOBIOM_1.1,EN_NPi2020_1200,16.89896743170497,26.91431562430716,40.84536897420153,50.68865395039592,49.78213102635571,44.14037498896221,39.60547228492731,25.81921906784995,23.5802354736749,20.77431113443612,C3,C3: limit warming to 2°C (>67%)
MESSAGEix-GLOBIOM_1.1,EN_NPi2020_1200_COV,16.89896743170497,22.25242930516987,34.63291597616836,44.37519904562205,50.47810605454849,46.94216656167202,43.58534498637616,29.13762616902196,27.35720205320022,24.4445035635471,C3,C3: limit warming to 2°C (>67%)
MESSAGEix-GLOBIOM_1.1,EN_NPi2020_1200f,16.89896743170497,26.91431562430716,41.47385570969798,52.79259547275528,58.23158370189686,53.31574561536436,46.14368333859788,26.5343041378534,13.21844588586879,2.085808334393082,C4,C4: limit warming to 2°C (>50%)
MESSAGEix-GLOBIOM_1.1,EN_NPi2020_1200f_COV,16.89896743170497,22.25242930516987,34.72014467249023,46.02758545734769,57.92396869921895,57.03084729321646,52.63182182999821,31.6795755031942,18.98778406455681,5.948095348350321,C4,C4: limit warming to 2°C (>50%)
MESSAGEix-GLOBIOM_1.1,EN_NPi2020_1400,16.89896743170497,26.91431562430716,41.44050139016408,54.37449558300098,61.6200246639628,55.15756713734395,47.87762570728705,30.29170960868213,23.35472161141278,18.98060266856554,C4,C4: limit warming to 2°C (>50%)
MESSAGEix-GLOBIOM_1.1,EN_NPi2020_1400_COV,16.89896743170497,22.25242930516987,34.56665462349513,47.13249732641773,60.99061523057693,57.48648422526823,53.06330174635372,38.09974692868373,27.67425556288476,21.73728561953372,C4,C4: limit warming to 2°C (>50%)
MESSAGEix-GLOBIOM_1.1,EN_NPi2020_1400f,16.89896743170497,26.91431562430716,41.23754253944909,56.40034177705551,65.4909988852703,65.51352146972366,55.11599968122154,34.94664642562756,22.06570716847661,5.163975732735952,C4,C4: limit warming to 2°C (>50%)
MESSAGEix-GLOBIOM_1.1,EN_NPi2020_1400f_COV,16.89896743170497,22.25242930516987,34.71282340262252,48.07477319987621,63.90574304024517,64.26980933861938,57.94032157901428,40.09913277268272,23.44342572883863,7.736782436083571,C4,C4: limit warming to 2°C (>50%)
MESSAGEix-GLOBIOM_1.1,EN_NPi2020_1600,16.89896743170497,26.91431562430716,41.32008461785406,57.08228126804837,68.84882588051161,71.56420959169651,55.31978849835551,40.41052471381368,21.88280894032727,19.96941567767202,C4,C4: limit warming to 2°C (>50%)
MESSAGEix-GLOBIOM_1.1,EN_NPi2020_1600_COV,16.89896743170497,22.25242930516987,34.76543957594154,48.51059277430293,66.35709675366866,68.81506041275408,58.34781370839866,52.48704400909946,30.96290864216473,26.21507154944151,C4,C4: limit warming to 2°C (>50%)
MESSAGEix-GLOBIOM_1.1,EN_NPi2020_1600f,16.89896743170497,26.91431562430716,40.53227839314467,56.66600233025402,71.45028720389581,73.86984811176079,57.17789042184247,41.69299892957002,21.5334817219976,7.149321166956991,C5,C5: limit warming to 2.5°C (>50%)
MESSAGEix-GLOBIOM_1.1,EN_NPi2020_1600f_COV,16.89896743170497,22.25242930516987,34.36688683386802,48.21894167872929,66.9236331617121,70.91584787084979,60.55433524675447,55.33584450795908,27.58320475407628,11.34907793537459,C4,C4: limit warming to 2°C (>50%)
MESSAGEix-GLOBIOM_1.1,EN_NPi2020_1800,16.89896743170497,26.91431562430716,39.75675454555571,54.76881807155684,72.61557442943979,77.6890341433419,61.06803624241635,52.48364631778877,29.96927720572508,24.63584613100679,C5,C5: limit warming to 2.5°C (>50%)
MESSAGEix-GLOBIOM_1.1,EN_NPi2020_1800_COV,16.89896743170497,22.25242930516987,33.17356973591131,46.82893912103032,66.3258514790752,75.06048560757391,64.21758614718188,58.16770496477134,34.37216513525335,25.67741456136709,C5,C5: limit warming to 2.5°C (>50%)
MESSAGEix-GLOBIOM_1.1,EN_NPi2020_1800f,16.89896743170497,26.91431562430716,39.68307492900871,54.40727090853383,72.8436400515505,79.29904683320902,61.35618916814169,51.64659958473888,25.78642384548719,10.08666069145317,C5,C5: limit warming to 2.5°C (>50%)
MESSAGEix-GLOBIOM_1.1,EN_NPi2020_1800f_COV,16.89896743170497,22.25242930516987,34.11935157932366,47.37869726328064,67.29466353979103,77.43252539596018,70.25034501426609,55.81847529600528,30.51521848358137,15.44114668106956,C5,C5: limit warming to 2.5°C (>50%)
MESSAGEix-GLOBIOM_1.1,EN_NPi2020_2000,16.89896743170497,26.91431562430716,39.58137322884155,53.53262655596871,75.05506463010357,82.39472781293125,66.65741349269291,50.76811187777903,26.8245126571211,21.21113884758226,C5,C5: limit warming to 2.5°C (>50%)
MESSAGEix-GLOBIOM_1.1,EN_NPi2020_2000_COV,16.89896743170497,22.25242930516987,32.55115349394496,46.41790489590406,67.84161930660991,78.65913278408895,76.20545168539071,57.06091002367059,35.589781843488,25.53353420903005,C5,C5: limit warming to 2.5°C (>50%)
MESSAGEix-GLOBIOM_1.1,EN_NPi2020_2000f,16.89896743170497,26.91431562430716,39.38933056730404,53.24673459023362,76.75208856299034,85.17716519648164,73.22931866548477,51.66689585872913,27.43294832632903,14.12575322306723,C5,C5: limit warming to 2.5°C (>50%)
MESSAGEix-GLOBIOM_1.1,EN_NPi2020_2000f_COV,16.89896743170497,22.25242930516987,33.12545872671833,46.27269453176939,68.88208180330425,79.5590018651686,79.71401757974796,59.83247697023435,38.37260338217744,22.87308500074895,C5,C5: limit warming to 2.5°C (>50%)
MESSAGEix-GLOBIOM_1.1,EN_NPi2020_200f,16.89896743170497,26.91431562430716,17.0649542458377,7.528920508698839,10.27001516696247,6.543815680923273,0.3719186879048654,0.0230591915547352,0.0046050719469863,2.888325025654555e-17,C2,C2: return warming to 1.5°C (>50%) after a high overshoot
MESSAGEix-GLOBIOM_1.1,EN_NPi2020_2500,16.89896743170497,26.91431562430716,38.69185965366938,53.19055281886642,76.99222876380665,92.74455412323518,86.36098935331522,58.00828483810125,30.04493991522614,22.8111528336415,C5,C5: limit warming to 2.5°C (>50%)
MESSAGEix-GLOBIOM_1.1,EN_NPi2020_2500_COV,16.89896743170497,22.25242930516987,31.01860548280474,47.45691425674474,68.92223986338172,87.12622065875512,89.4046707890666,73.54408511941958,35.52795652301574,26.55674119641745,C5,C5: limit warming to 2.5°C (>50%)
MESSAGEix-GLOBIOM_1.1,EN_NPi2020_2500f,16.89896743170497,26.91431562430716,38.5798486845399,52.95772132704052,76.55874822092659,93.0761515258844,86.69358084312354,60.88319233781898,31.62680467252065,24.83666652127177,C5,C5: limit warming to 2.5°C (>50%)
MESSAGEix-GLOBIOM_1.1,EN_NPi2020_2500f_COV,16.89896743170497,22.25242930516987,31.31644239495582,46.85339510102057,69.36768294635093,88.53349949993193,89.5235364035148,75.81047767828757,38.15324113246141,27.78409557688789,C5,C5: limit warming to 2.5°C (>50%)
MESSAGEix-GLOBIOM_1.1,EN_NPi2020_3000,16.89896743170497,26.91431562430716,38.17476048167923,54.14307130940045,74.21418804497317,98.12010916826291,96.1204545614357,83.93666604484669,42.82496592911448,26.3300713940491,C6,C6: limit warming to 3°C (>50%)
MESSAGEix-GLOBIOM_1.1,EN_NPi2020_3000_COV,16.89896743170497,22.25242930516987,30.54062517959331,48.19434641689299,67.76077503721883,84.0832947003504,100.7125155789083,96.68866496529311,67.64127828230599,27.80852069425324,C6,C6: limit warming to 3°C (>50%)
MESSAGEix-GLOBIOM_1.1,EN_NPi2020_3000f,16.89896743170497,26.91431562430716,38.25379759859913,54.72118039437181,74.64391634122072,97.47912440816596,95.8617363367265,84.51675865556768,48.14657000392592,25.91624983898056,C6,C6: limit warming to 3°C (>50%)
MESSAGEix-GLOBIOM_1.1,EN_NPi2020_3000f_COV,16.89896743170497,22.25242930516987,30.58377307817416,48.02468241741249,67.39470719419771,85.05403763730618,100.2619154231012,96.66095053073047,66.93690968070104,27.8648295814241,C6,C6: limit warming to 3°C (>50%)
MESSAGEix-GLOBIOM_1.1,EN_NPi2020_300f,16.89896743170497,26.91431562430716,25.39677967324632,10.7293572600274,14.00460269767687,10.54469075496785,3.212493568558251,0.0146865910236566,0.0395321473609276,0.0050376263949811,C2,C2: return warming to 1.5°C (>50%) after a high overshoot
MESSAGEix-GLOBIOM_1.1,EN_NPi2020_400f,16.89896743170497,26.91431562430716,28.14835334315671,17.05450415081622,17.21078497877084,17.45816486078055,8.562127723738818,1.466860913858661,0.08173259039689,0.0176578558281907,C2,C2: return warming to 1.5°C (>50%) after a high overshoot
MESSAGEix-GLOBIOM_1.1,EN_NPi2020_450,16.89896743170497,26.91431562430716,3.748004912864845,2.655871776288897,2.786770202222559,10.81937838611216,19.90891791760372,31.22477924947454,33.69811476424648,36.02299546914763,C1,C1: limit warming to 1.5°C (>50%) with no or limited overshoot
MESSAGEix-GLOBIOM_1.1,EN_NPi2020_450f,16.89896743170497,26.91431562430716,30.45711575106165,21.33948563529345,18.37339510410337,19.28392771206069,11.66687003897132,2.462439516149471,0.1034866790204685,0.0249941488153918,C2,C2: return warming to 1.5°C (>50%) after a high overshoot
MESSAGEix-GLOBIOM_1.1,EN_NPi2020_500,16.89896743170497,26.91431562430716,7.027626869258484,4.144386653919703,6.887323501355171,17.26136729966248,34.70283326489304,44.68257541475638,40.12572377497703,33.55440341987531,C1,C1: limit warming to 1.5°C (>50%) with no or limited overshoot
MESSAGEix-GLOBIOM_1.1,EN_NPi2020_500f,16.89896743170497,26.91431562430716,32.6043307189768,24.96488392319458,20.22198179088996,22.44036003932013,13.25119072364888,2.925448756311413,0.0283332073884273,0.0294072082754004,C2,C2: return warming to 1.5°C (>50%) after a high overshoot
MESSAGEix-GLOBIOM_1.1,EN_NPi2020_600,16.89896743170497,26.91431562430716,15.6637024564132,7.453880289944967,12.21283588708216,18.19468865254605,35.76906979165521,42.95720039294101,39.77722888559863,30.46813458410864,C2,C2: return warming to 1.5°C (>50%) after a high overshoot
MESSAGEix-GLOBIOM_1.1,EN_NPi2020_600_COV,16.89896743170497,22.25242930516987,18.96042920486347,8.237299433047031,12.72540858607708,18.4593200656807,33.86263908790614,42.87277322058942,39.46836083857247,32.12971371107538,C1,C1: limit warming to 1.5°C (>50%) with no or limited overshoot
MESSAGEix-GLOBIOM_1.1,EN_NPi2020_600_DR10p,16.89896743170497,26.91092337623036,27.25840000153503,9.656610570472877,11.4955590946664,26.54251123173655,60.23192466951542,94.45568434195296,104.5962783074676,96.86433879370404,C2,C2: return warming to 1.5°C (>50%) after a high overshoot
MESSAGEix-GLOBIOM_1.1,EN_NPi2020_600_DR1p,16.89896743170497,23.87355446230928,6.779732208451906,4.973034519849333,7.688778641560535,11.74655322969117,12.27670387700891,12.09822578817969,12.90162306848782,19.10494046394033,C1,C1: limit warming to 1.5°C (>50%) with no or limited overshoot
MESSAGEix-GLOBIOM_1.1,EN_NPi2020_600_DR2p,16.89896743170497,24.80467568882099,7.67219146006784,5.465357289995353,9.343372708684518,13.94419607555021,15.10444855928192,13.91679964148692,13.45522277893495,17.26199679010022,C1,C1: limit warming to 1.5°C (>50%) with no or limited overshoot
MESSAGEix-GLOBIOM_1.1,EN_NPi2020_600_DR3p,16.89896743170497,25.937116481979,10.3310109852065,6.804158302501157,10.34368613668378,14.7747137264414,20.25247107792699,20.51110477231349,14.60062414944146,15.80173186455456,C1,C1: limit warming to 1.5°C (>50%) with no or limited overshoot
MESSAGEix-GLOBIOM_1.1,EN_NPi2020_600_DR4p,16.89896743170497,26.46857199096497,12.05054884967974,7.363638086458637,11.13891974526535,15.470935580058,25.55939754454642,26.90336622580985,21.33668307611173,16.02011661408002,C1,C1: limit warming to 1.5°C (>50%) with no or limited overshoot
MESSAGEix-GLOBIOM_1.1,EN_NPi2020_600f,16.89896743170497,26.91431562430716,33.93527057552722,31.24012847578758,25.49148524802619,28.90961809339982,18.73188009732938,6.560347942647674,0.2194344877371901,0.0525728142453718,C2,C2: return warming to 1.5°C (>50%) after a high overshoot
MESSAGEix-GLOBIOM_1.1,EN_NPi2020_600f_COV,16.89896743170497,22.25242930516987,29.07092502052029,32.53763597093275,29.88520363083438,31.32039944700461,21.58794403425428,10.61898295233045,1.748255238071483,0.0605463420671123,C2,C2: return warming to 1.5°C (>50%) after a high overshoot
MESSAGEix-GLOBIOM_1.1,EN_NPi2020_600f_DR10p,16.89896743170497,26.91092337623036,45.28152327268891,52.81908878717378,40.41723668607668,26.60164625381443,14.3909776676888,4.248518618289457,0.5815143543729481,3.812198540610721e-17,C2,C2: return warming to 1.5°C (>50%) after a high overshoot
MESSAGEix-GLOBIOM_1.1,EN_NPi2020_600f_DR1p,16.89896743170497,23.87355446230928,11.03824976367801,7.331162314335698,12.77760979245218,17.69119574424822,17.57350732780572,16.38395686666283,9.780480266932326,9.595762074958444,C2,C2: return warming to 1.5°C (>50%) after a high overshoot
MESSAGEix-GLOBIOM_1.1,EN_NPi2020_600f_DR2p,16.89896743170497,24.80467568882099,17.99361503047147,13.14379471282726,15.30803096405177,20.98315418756928,18.28173658812856,13.94853887200734,5.174063764525481,2.502434266842795,C2,C2: return warming to 1.5°C (>50%) after a high overshoot
MESSAGEix-GLOBIOM_1.1,EN_NPi2020_600f_DR3p,16.89896743170497,25.937116481979,25.1297630125235,19.32466609962175,18.79395073924824,22.49009149316927,17.54535849141092,11.30150634379971,2.537797323444994,0.0010005401745674,C2,C2: return warming to 1.5°C (>50%) after a high overshoot
MESSAGEix-GLOBIOM_1.1,EN_NPi2020_600f_DR4p,16.89896743170497,26.46857199096497,30.21499665287154,25.20399713477783,21.7773150425041,25.30018887800929,17.70883326067863,8.220799765225145,1.108276094774866,0.0008774564107043,C2,C2: return warming to 1.5°C (>50%) after a high overshoot
MESSAGEix-GLOBIOM_1.1,EN_NPi2020_700,16.89896743170497,26.91431562430716,26.67181761865856,12.83988578052228,16.86089719527698,22.61318876816321,34.20214514064915,40.06987378160527,32.79380813195968,26.21483941814768,C2,C2: return warming to 1.5°C (>50%) after a high overshoot
MESSAGEix-GLOBIOM_1.1,EN_NPi2020_700_COV,16.89896743170497,22.25242930516987,24.22654120743751,15.67077518217618,17.68505487675966,23.7027491192199,32.64049143073573,39.20285440458602,34.61257549711951,28.35624979722378,C2,C2: return warming to 1.5°C (>50%) after a high overshoot
MESSAGEix-GLOBIOM_1.1,EN_NPi2020_700f,16.89896743170497,26.91431562430716,35.68575082774549,39.48755601243688,32.0928837683728,32.29954692300547,20.37891803335188,10.8703104589826,1.821347400184181,0.0011258631285195,C2,C2: return warming to 1.5°C (>50%) after a high overshoot
MESSAGEix-GLOBIOM_1.1,EN_NPi2020_700f_COV,16.89896743170497,22.25242930516987,30.19945953305471,36.75495266694406,33.41866678342545,34.74413597994115,26.08832391979121,13.40809837416932,3.184225064963201,0.0008909700482194,C2,C2: return warming to 1.5°C (>50%) after a high overshoot
MESSAGEix-GLOBIOM_1.1,EN_NPi2020_800,16.89896743170497,26.91431562430716,31.83726526976841,22.37950596776108,19.61965071802582,24.80411147851622,25.15221407753289,31.26424048866827,28.28208472811769,27.42665818622769,C3,C3: limit warming to 2°C (>67%)
MESSAGEix-GLOBIOM_1.1,EN_NPi2020_800_COV,16.89896743170497,22.25242930516987,28.28813106815672,25.51330789751161,24.01946903220434,30.3498246668805,27.22747389991165,33.47077278791549,31.798373040901,30.51018408922732,C3,C3: limit warming to 2°C (>67%)
MESSAGEix-GLOBIOM_1.1,EN_NPi2020_800f,16.89896743170497,26.91431562430716,37.34890144044361,42.65911195504389,35.60469335954783,35.62411597706514,26.12074413181266,12.6916799141669,2.416795739813333,0.0008629742444954,C3,C3: limit warming to 2°C (>67%)
MESSAGEix-GLOBIOM_1.1,EN_NPi2020_800f_COV,16.89896743170497,22.25242930516987,32.65163324424937,39.92222791317623,36.75214590823927,37.68780271107592,31.93086180653316,18.04513507322178,5.026361920772802,0.0083025350130666,C3,C3: limit warming to 2°C (>67%)
MESSAGEix-GLOBIOM_1.1,EN_NPi2020_900,16.89896743170497,26.91431562430716,35.10923624004497,32.76358988793687,26.84849387597185,32.36512804284025,25.37614724824795,29.62559054827027,25.83991447474317,26.25468293137408,C3,C3: limit warming to 2°C (>67%)
MESSAGEix-GLOBIOM_1.1,EN_NPi2020_900_COV,16.89896743170497,22.25242930516987,30.56121602432366,33.42332424514277,29.70540438891821,34.13646792426562,29.63268750605476,30.52327310593121,29.71608777001112,26.70145690196698,C3,C3: limit warming to 2°C (>67%)
MESSAGEix-GLOBIOM_1.1,EN_NPi2020_900f,16.89896743170497,26.91431562430716,39.32444373968362,46.76277504321801,43.31989413853923,40.06780405729273,30.98487066003625,16.82837326973456,4.220886457057131,0.0152432292031175,C3,C3: limit warming to 2°C (>67%)
MESSAGEix-GLOBIOM_1.1,EN_NPi2020_900f_COV,16.89896743170497,22.25242930516987,33.46835277670957,42.1765583822689,44.45158628550591,43.22053606755076,35.93894081862568,19.85476047688802,6.595107594743912,0.0908283525246989,C3,C3: limit warming to 2°C (>67%)
MESSAGEix-GLOBIOM_1.1,EN_NPi2100,16.89896743170497,26.91431562430716,36.52464748815408,50.06198167015837,64.92391347304546,80.93422256561973,87.0497135857003,99.07288784263294,107.7146259988413,115.5984610842385,C7,C7: limit warming to 4°C (>50%)
MESSAGEix-GLOBIOM_1.1,EN_NPi2100_COV,16.89896743170497,22.2524292977851,31.1851567754487,47.00098130793702,64.13707917373861,75.83912715660907,85.28059932237117,101.3995679635719,111.8926801626305,116.5522673687014,C7,C7: limit warming to 4°C (>50%)
MESSAGEix-GLOBIOM_1.1,EN_NoPolicy,16.89896743170497,26.94934432778656,38.12648979379313,51.25455092482581,59.07745623282086,68.77305027245868,76.2158731559052,85.85138654799896,96.59215409764008,111.5901554793109,C7,C7: limit warming to 4°C (>50%)
MESSAGEix-GLOBIOM_1.1,NGFS2_Below 2°C,16.89896743,22.2524293,31.02230458,37.95379141,34.35583301,36.37730601,31.97586685,28.96652387,27.46487924,25.00280683,C3,C3: limit warming to 2°C (>67%)
MESSAGEix-GLOBIOM_1.1,NGFS2_Current Policies,16.89896743,22.2524293,31.18519173,47.01350372,63.65339364,75.35959642,94.9235124,102.9915706,110.1342337,113.4070004,C7,C7: limit warming to 4°C (>50%)
MESSAGEix-GLOBIOM_1.1,NGFS2_Delayed Transition,16.89896743,22.2524293,31.18519173,12.6857891,8.757016215,4.933571757,5.332298373,12.48209804,23.50423091,32.73624264,C3,C3: limit warming to 2°C (>67%)
MESSAGEix-GLOBIOM_1.1,NGFS2_Divergent Net Zero Policies,16.89896743,22.2524293,17.85299893,4.344019696,4.344545707,5.269898087,9.203727312,13.50941647,12.97903761,7.372342849,C1,C1: limit warming to 1.5°C (>50%) with no or limited overshoot
MESSAGEix-GLOBIOM_1.1,NGFS2_Nationally Determined Contributions (NDCs),16.89896743,22.2524293,33.47061972,46.95038371,61.03583888,74.09132256,83.5550281,82.63304217,56.96864672,54.96974358,C5,C5: limit warming to 2.5°C (>50%)
MESSAGEix-GLOBIOM_1.1,NGFS2_Net-Zero 2050,16.89896743,22.2524293,14.33354128,7.557951821,9.780891345,13.51033299,26.77009761,37.64430759,35.38704927,30.46499686,C1,C1: limit warming to 1.5°C (>50%) with no or limited overshoot
MESSAGEix-GLOBIOM_1.2,COV_GreenPush,16.898967431705,22.8785311787207,33.9519085146505,51.2673369371376,61.023230237695,68.8675399668354,76.3496188761461,86.7855953784064,99.5195329087597,117.166603978853,C7,C7: limit warming to 4°C (>50%)
MESSAGEix-GLOBIOM_1.2,COV_GreenPush_1000,16.898967431705,22.8785311787207,37.2661391473579,47.2302001227441,48.8157701950802,53.4512737007916,46.5394172885281,36.5782555950423,29.2632813329996,31.7273586370797,C3,C3: limit warming to 2°C (>67%)
MESSAGEix-GLOBIOM_1.2,COV_GreenPush_550,16.898967431705,22.8785311787207,19.2558627096815,11.8451569558145,19.5557431189945,33.4275769476936,49.7858331896116,51.0931162514856,46.8863838681421,48.0316938467338,C1,C1: limit warming to 1.5°C (>50%) with no or limited overshoot
MESSAGEix-GLOBIOM_1.2,COV_GreenPush_max_GDP,16.898967431705,25.5996787208653,38.1143240804744,54.7708224261352,63.2982757849051,71.7698851936665,90.7184362487594,101.415313962079,117.62185858846,123.551573109796,C7,C7: limit warming to 4°C (>50%)
MESSAGEix-GLOBIOM_1.2,COV_GreenPush_min_GDP,16.898967431705,25.0042717318994,27.7782992486163,44.5596838511821,55.2098822705637,61.8686915279441,70.9806707957974,85.0995975608874,98.7674100891615,106.412371612221,C7,C7: limit warming to 4°C (>50%)
MESSAGEix-GLOBIOM_1.2,COV_NoPolicyNoCOVID,16.898967431705,27.1001414415959,38.3099581527742,49.9132209252972,58.5167990846937,70.2254375522096,79.2932753622087,86.795623606002,100.780781647205,116.927571467919,C7,C7: limit warming to 4°C (>50%)
MESSAGEix-GLOBIOM_1.2,COV_NoPolicyNoCOVID_1000,16.898967431705,27.1001414415959,38.9627299918964,45.4882621389241,42.1444651236477,46.7601656587141,37.5076458913629,31.5393982928593,26.0738138566101,26.2897872744647,C3,C3: limit warming to 2°C (>67%)
MESSAGEix-GLOBIOM_1.2,COV_NoPolicyNoCOVID_550,16.898967431705,27.1001414415959,12.9351928104,8.22919665730134,14.9143720450309,31.753071312014,46.7342770442819,46.2700558309361,39.7978905718952,33.8759375348138,C1,C1: limit warming to 1.5°C (>50%) with no or limited overshoot
MESSAGEix-GLOBIOM_1.2,COV_Restore,16.898967431705,22.0114158583186,33.5339690340369,49.9697867844788,59.5358433948424,71.3558049976353,78.6323171592528,87.2718114854464,101.736631287962,117.379309589478,C7,C7: limit warming to 4°C (>50%)
MESSAGEix-GLOBIOM_1.2,COV_Restore_1000,16.898967431705,22.0114158583186,37.3811956060873,47.2568687647433,48.0467845929303,51.1296492854642,42.2066857982409,33.594669923629,25.2249632917866,25.4415247030627,C3,C3: limit warming to 2°C (>67%)
MESSAGEix-GLOBIOM_1.2,COV_Restore_550,16.898967431705,22.0114158583186,15.8795069611561,10.6379488439997,17.6558588781673,33.0795287756362,49.098613343141,48.5153243437869,41.8455645789443,39.720622859555,C1,C1: limit warming to 1.5°C (>50%) with no or limited overshoot
MESSAGEix-GLOBIOM_1.2,COV_SelfReliance,16.898967431705,23.5235070597513,36.8450699248983,51.3770263682457,59.7254308011466,71.4010823866082,82.4739514449303,92.0549207641902,107.139649348396,122.250629056691,C7,C7: limit warming to 4°C (>50%)
MESSAGEix-GLOBIOM_1.2,COV_SelfReliance_1000,16.898967431705,23.5235070597513,39.6620932491308,49.8942044201464,49.5189779957453,51.9836286232696,41.230963668724,33.6419745251378,28.1482331154034,28.4936246919899,C3,C3: limit warming to 2°C (>67%)
MESSAGEix-GLOBIOM_1.2,COV_SelfReliance_550,16.898967431705,23.5235070597513,17.195502733658,10.4230171708676,18.1527276502348,33.9025705943334,51.9414488481154,51.7038916493356,45.0462021823582,40.9458274938979,C1,C1: limit warming to 1.5°C (>50%) with no or limited overshoot
MESSAGEix-GLOBIOM_1.2,COV_SelfReliance_max_GDP,16.898967431705,24.5155551612247,40.9530321517162,55.8839201651317,66.6972341493299,78.5311169232736,97.5283460438918,109.992167240948,126.155361218779,126.708552068584,C7,C7: limit warming to 4°C (>50%)
MESSAGEix-GLOBIOM_1.2,COV_SelfReliance_min_GDP,16.898967431705,25.2665375961525,30.6334204498924,47.3462845178753,56.284239568784,62.3819899087491,73.6477729572393,87.1326565013324,97.7403461761082,111.05842817281,C7,C7: limit warming to 4°C (>50%)
MESSAGEix-GLOBIOM_1.2,COV_SmartUse,16.898967431705,22.9294627150688,35.6620740949408,51.732318105085,60.079650781553,70.5930382323517,79.6161740617519,91.1382276684352,105.079653855778,121.501321483234,C7,C7: limit warming to 4°C (>50%)
MESSAGEix-GLOBIOM_1.2,COV_SmartUse_1000,16.898967431705,22.9294627150688,39.0244937131373,49.2965209138177,50.0320146448434,53.5526127127176,45.6788566406795,36.5364979813252,27.9386047876529,29.8292516256644,C3,C3: limit warming to 2°C (>67%)
MESSAGEix-GLOBIOM_1.2,COV_SmartUse_550,16.898967431705,22.9294627150688,17.6309566921065,11.5477702831643,18.8563851629085,34.7945134721243,51.0305648094937,51.216532365472,44.0464436351243,42.9590028332532,C1,C1: limit warming to 1.5°C (>50%) with no or limited overshoot
MESSAGEix-GLOBIOM_GEI 1.0,SSP2_int_lc_15,16.2432364153174,33.5426461466121,46.4825939912394,65.0283573264579,90.2608800301803,97.3595997293921,98.649983318761,97.3224583299194,71.4897751001261,37.9944169162319,C5,C5: limit warming to 2.5°C (>50%)
MESSAGEix-GLOBIOM_GEI 1.0,SSP2_int_lc_50,16.2432364153174,33.5426461466121,54.4790903528967,73.6867950795435,89.3070920419892,85.8623020983792,67.8762392948534,50.1289431866526,28.4181050407783,10.3997475978408,C3,C3: limit warming to 2°C (>67%)
MESSAGEix-GLOBIOM_GEI 1.0,SSP2_int_mc_15,16.2432364153174,33.5426461466121,46.9828896711621,66.8710777976276,90.910276947668,91.5543809609449,90.7410085786912,86.4382744108079,64.895064132025,38.1041428142626,C5,C5: limit warming to 2.5°C (>50%)
MESSAGEix-GLOBIOM_GEI 1.0,SSP2_int_mc_50,16.2432364153174,33.5426461466121,53.1788536976248,72.1195404238588,81.4251964877885,77.8943875210316,60.4013959573802,39.4979511326021,19.9283169110474,7.67861474484067,C2,C2: return warming to 1.5°C (>50%) after a high overshoot
MESSAGEix-GLOBIOM_GEI 1.0,SSP2_noint_lc_15,16.2432364153174,33.5426461466121,46.65945597224201,64.72962237001427,90.55283650403612,97.61337360656042,100.3448131954794,97.36112118569363,71.86521794074069,38.45651245244027,C5,C5: limit warming to 2.5°C (>50%)
MESSAGEix-GLOBIOM_GEI 1.0,SSP2_noint_lc_50,16.2432364153174,33.5426461466121,55.02428122484,73.8625583452837,89.2512110577366,86.6033047756081,68.8808011972852,50.7425257484471,28.693365048831,10.3070776710789,C3,C3: limit warming to 2°C (>67%)
MESSAGEix-GLOBIOM_GEI 1.0,SSP2_noint_mc_15,16.2432364153174,33.5426461466121,47.2430004365712,67.211937157569,91.3495994371883,92.0618350451425,90.6445631582226,87.5543485062745,66.750814506927,37.3314675639009,C5,C5: limit warming to 2.5°C (>50%)
MESSAGEix-GLOBIOM_GEI 1.0,SSP2_noint_mc_50,16.2432364153174,33.5426461466121,53.9294780796421,73.0022158954389,82.255699875029,78.7183331996285,62.5861104246476,39.2018628104014,19.9933175676011,7.75593893979115,C2,C2: return warming to 1.5°C (>50%) after a high overshoot
MESSAGEix-GLOBIOM_GEI 1.0,SSP2_openres_lc_100,16.2432364153174,33.5426461466121,51.8151769948786,68.5309462870576,79.704177801781,69.105963779099,44.7818519473383,17.7225475828369,7.3509848886408,3.12128675513463,C2,C2: return warming to 1.5°C (>50%) after a high overshoot
MESSAGEix-GLOBIOM_GEI 1.0,SSP2_openres_lc_120,16.2432364153174,33.5426461466121,50.1659461755788,65.2999516856703,73.2251975764215,56.2567346379192,32.7634182427521,11.4207718540487,4.47890943652202,2.13565755688581,C2,C2: return warming to 1.5°C (>50%) after a high overshoot
MESSAGEix-GLOBIOM_GEI 1.0,SSP2_openres_lc_15,16.2432364153174,33.5426461466121,45.4147962862126,62.232686390844,84.3621221644722,92.8864526556749,94.9007743615929,91.1749723703694,72.5491586196796,43.0895123436647,C5,C5: limit warming to 2.5°C (>50%)
MESSAGEix-GLOBIOM_GEI 1.0,SSP2_openres_lc_50,16.2432364153174,33.5426461466121,45.0043105190564,61.0638895204937,61.5758790683423,51.8873934256992,30.654715859348,16.9995490178824,6.51984445502427,2.00048139261816,C3,C3: limit warming to 2°C (>67%)
MESSAGEix-GLOBIOM_GEI 1.0,SSP2_openres_lc_80,16.2432364153174,33.5426461466121,52.2082453927176,70.2368258727001,82.9561514094787,75.4253248488309,53.2244855919356,25.2450849945532,10.9888067738616,3.93109783319133,C2,C2: return warming to 1.5°C (>50%) after a high overshoot
MESSAGEix-GLOBIOM_GEI 1.0,SSP2_openres_lc_CB400,16.2432364153174,33.5426461466121,41.4153111438835,51.4379113737442,39.9312949534757,14.0651737191499,1.69260421304006,0.924829404520389,0.813355386793757,0.35366997424936,C2,C2: return warming to 1.5°C (>50%) after a high overshoot
MESSAGEix-GLOBIOM_GEI 1.0,SSP2_openres_lc_CB450,16.2432364153174,33.5426461466121,42.9825225378886,54.4347781127592,43.5452086535149,19.3818327993198,3.41613124487896,1.26063206287376,1.13901636319951,0.615953984475717,C2,C2: return warming to 1.5°C (>50%) after a high overshoot
MESSAGEix-GLOBIOM_GEI 1.0,SSP2_openres_lc_CB500,16.2432364153174,33.5426461466121,43.6680640647931,55.4537995223983,47.7626768383075,23.8467690605357,5.58006720548554,1.57504735775704,1.30334843316995,0.693068686581919,C2,C2: return warming to 1.5°C (>50%) after a high overshoot
MESSAGEix-GLOBIOM_GEI 1.0,SSP2_openres_lc_CB550,16.2432364153174,33.5426461466121,44.1169330521447,57.4479201035115,55.8935058148596,33.1781258305751,9.90274498933659,2.6336699287515,1.91457364320445,1.11174781362746,C2,C2: return warming to 1.5°C (>50%) after a high overshoot
MESSAGEix-GLOBIOM_GEI 1.0,SSP2_openres_lc_CB600,16.2432364153174,33.5426461466121,43.9403290992604,59.5809240745513,60.6469583537226,39.4084605770882,13.7671423802023,2.99208629791044,2.10293536893215,1.18350681848857,C2,C2: return warming to 1.5°C (>50%) after a high overshoot
MESSAGEix-GLOBIOM_GEI 1.0,SSP2_openres_mc_15,16.2432364153174,33.5426461466121,46.4729006480555,64.8939220404718,87.1039335012408,86.6810415800087,84.7210432007163,86.835618117453,65.5419209419721,39.0833831786558,C5,C5: limit warming to 2.5°C (>50%)
MESSAGEix-GLOBIOM_GEI 1.0,SSP2_openres_mc_50,16.2432364153174,33.5426461466121,49.4920505583768,70.5635624667621,76.8805480177251,75.5368101481021,59.5698187194309,40.3755910120576,20.2771717836822,5.02532027921519,C2,C2: return warming to 1.5°C (>50%) after a high overshoot
MUSE 1.0,PR_Baseline,16.944111277394907,10.5287,10.0287,5.6308,1.4128,0.8055,0.917,0.7048,0.5665,0.5246,failed-vetting,failed-vetting
MUSE 1.0,PR_CP_Intensity,16.944111277394907,11.5167,12.6906,6.7342,1.6716,1.0277,0.9226,0.8454999999999999,1.0929,1.2781,no-climate-assessment,no-climate-assessment
MUSE 1.0,PR_CP_Price,16.944111277394907,11.5128,12.6897,6.5049,1.8085,1.2919,0.9378,0.9139,0.7775000000000001,0.7385999999999999,no-climate-assessment,no-climate-assessment
MUSE 1.0,PR_CP_PriceOnly,16.944111277394907,10.5294,10.9503,5.9296,1.4597,0.8189,0.9535,0.7887,0.7253000000000001,0.7062999999999999,failed-vetting,failed-vetting
MUSE 1.0,PR_NDC_Intensity,16.944111277394907,11.5463,12.6459,6.878,2.2845,1.3049,1.5343,1.1306,1.2681,1.5262,no-climate-assessment,no-climate-assessment
MUSE 1.0,PR_NDC_Price,16.944111277394907,11.5461,12.7192,6.695500000000001,2.6315,1.5389,1.2575,1.1913,0.9711,1.3242,no-climate-assessment,no-climate-assessment
MUSE 1.0,PR_NDC_PriceOnly,16.944111277394907,10.5572,13.3737,8.2144,5.586600000000001,3.575,2.5333,1.4841,0.9551,1.503,failed-vetting,failed-vetting
McKinsey 1.0,1.5C A,16.944111277394907,23.56744750927118,13.67571518031502,29.95976885397693,3.684614411078997,30.92228335049757,30.130445454330008,28.546725944975563,26.215552656813696,24.844564034319983,failed-vetting,failed-vetting
McKinsey 1.0,1.5C B,16.944111277394907,23.56744750927118,13.67571518031502,29.95976885397693,3.684614411078997,30.92228335049757,30.130445454330008,28.546725944975563,26.215552656813696,24.844564034319983,failed-vetting,failed-vetting
McKinsey 1.0,1.5C C,16.944111277394907,23.56744750927118,16.25378721894029,29.95976885397693,3.684614411078997,30.92228335049757,30.130445454330008,28.546725944975563,26.215552656813696,24.844564034319983,failed-vetting,failed-vetting
POLES ADVANCE,ADVANCE_2020_1.5C-2100,17.162612914356,22.87101004092,22.799944051344,14.36965957323,13.421155273182,8.041646735910001,6.256148404049999,6.856120329561,9.159889183326,9.125049313278,C1,C1: limit warming to 1.5°C (>50%) with no or limited overshoot
POLES ADVANCE,ADVANCE_2020_Med2C,17.162612914356,22.87101004092,26.23061266056,25.549413266736,23.159929637088,13.08040254873,8.0161676505,7.592704440839999,8.000762278032001,8.573539859442,C3,C3: limit warming to 2°C (>67%)
POLES ADVANCE,ADVANCE_2020_WB2C,17.162612914356,22.87101004092,25.834400955288,21.214357297092,18.431369649468,10.704459155886,8.619601148982,7.226712974232,7.50800369745,7.453227489507,C2,C2: return warming to 1.5°C (>50%) after a high overshoot
POLES ADVANCE,ADVANCE_2030_1.5C-2100,17.162612914356,22.87101004092,26.445443523156,9.505308347586,9.014635442358,5.452263680841,4.326964413426,4.624166850237,6.446780211599999,6.016708462617,C2,C2: return warming to 1.5°C (>50%) after a high overshoot
POLES ADVANCE,ADVANCE_2030_Med2C,17.162612914356,22.87101004092,26.403764222232,24.855071507712,21.883265878968,11.95585266618,7.909751399021999,7.774830617652,8.355790671642,8.834917198896001,C3,C3: limit warming to 2°C (>67%)
POLES ADVANCE,ADVANCE_2030_Price1.5C,17.162612914356,22.87101004092,26.403764222232,11.644345304946,13.381121468394,7.399403202878999,6.04970975178,6.648652342044,8.502715113282,8.081649935189999,C2,C2: return warming to 1.5°C (>50%) after a high overshoot
POLES ADVANCE,ADVANCE_2030_WB2C,17.162612914356,22.87101004092,26.403764222232,20.423071691316,17.963512250292,11.004350826672,8.35439452038,7.506351000017999,7.620711181145999,7.740381417912,C2,C2: return warming to 1.5°C (>50%) after a high overshoot
POLES ADVANCE,ADVANCE_INDC,17.162612914356,22.87101004092,26.403764222232,27.324106053948,25.588330870644,18.550723929372,13.983923953314,11.857309231554,11.918588659866,11.302055103798,C5,C5: limit warming to 2.5°C (>50%)
POLES ADVANCE,ADVANCE_NoPolicy,17.162612914356,22.245318236664,24.459392698344,26.791066124028,23.561778156804,18.389150251344,15.244911390204,13.765982130846,13.498134426936,13.530381830424,C7,C7: limit warming to 4°C (>50%)
POLES ADVANCE,ADVANCE_Reference,17.162612914356,22.843191434472,25.20251963712,27.410021115876,24.184947707136,19.037675564892,15.833665946952,14.352951666348,14.375296387674,14.026732957548,C7,C7: limit warming to 4°C (>50%)
POLES CD-LINKS,CD-LINKS_INDC2030i_1600,16.8738842010498,21.7075309753418,29.1533317565918,32.9361915588379,33.59286880493161,27.5055446624756,23.8710880279541,26.295431137085,28.3978443145752,32.4312019348145,failed-vetting,failed-vetting
POLES CD-LINKS,CD-LINKS_INDC2030i_400,16.8738842010498,21.7096271514893,29.16412925720211,13.6214666366577,13.7839117050171,10.5153970718384,5.21590375900269,4.748785495758058,5.145435333251951,6.58280372619629,failed-vetting,failed-vetting
POLES CD-LINKS,CD-LINKS_INDCi,16.8738842010498,21.4795150756836,28.8754272460938,38.419132232666,45.2804870605469,43.894157409668,41.4185943603516,41.4102783203125,38.3410224914551,37.3023796081543,failed-vetting,failed-vetting
POLES CD-LINKS,CD-LINKS_NDC2030i_1000,16.8738842010498,21.7075309753418,29.1533317565918,25.3127632141113,23.9319362640381,21.5015869140625,18.7609386444092,19.228443145752,23.158935546875,29.1174068450928,failed-vetting,failed-vetting
POLES CD-LINKS,CD-LINKS_NPi,16.8738842010498,21.4870738983154,29.912769317627,39.69673919677729,45.5820846557617,44.8161430358887,42.2779312133789,40.2333869934082,37.1808280944824,36.50796127319339,failed-vetting,failed-vetting
POLES CD-LINKS,CD-LINKS_NPi2020_1000,16.8738842010498,21.4539699554443,28.2520980834961,27.0565757751465,24.4716892242432,22.7098217010498,20.0099773406982,21.1034355163574,25.9347667694092,31.1140842437744,failed-vetting,failed-vetting
POLES CD-LINKS,CD-LINKS_NPi2020_1600,16.8738842010498,21.4539699554443,29.735034942627,34.6947174072266,33.68979263305661,28.7041130065918,24.5089321136475,27.0997505187988,29.8986473083496,33.70388412475589,failed-vetting,failed-vetting
POLES CD-LINKS,CD-LINKS_NPi2020_400,16.8738842010498,21.4539699554443,21.7629776000977,16.6570949554443,20.7467212677002,12.9992437362671,9.1769380569458,9.89382076263428,13.4101581573486,15.04563331604,failed-vetting,failed-vetting
POLES CD-LINKS,CD-LINKS_NoPolicy,16.8738842010498,21.801965713501,31.0770568847656,40.713996887207,45.849536895752,44.7578620910645,42.1748962402344,39.6566123962402,36.808177947998,35.46102142333979,C7,C7: limit warming to 4°C (>50%)
POLES EMF30,EMF30_BCOC-EndU,17.163149410908,25.099791349356,28.975379429664,34.661360722104,34.729899056784,30.813398613576,29.187956286612,28.742176260648,26.601697243764,24.749556318396,C7,C7: limit warming to 4°C (>50%)
POLES EMF30,EMF30_Baseline,17.163149410908,24.847016858136,29.243741126076,35.50012087176,36.210121848936,32.679448842168,31.21189312968,30.91377747852,28.762811574336,26.741029719096,C7,C7: limit warming to 4°C (>50%)
POLES EMF30,EMF30_CH4-Only,17.163149410908,24.855496384176,29.403291239928,35.723659901544,36.469321696512,32.924580958008,31.47039805219201,31.12282750075201,28.959887641644,26.962136511156,failed-vetting,failed-vetting
POLES EMF30,EMF30_ClimPolicy,17.163149410908,25.908685924176,25.771765883004,33.0364854972,37.0786629582,25.445529170964,21.97537585578,23.923112185224,25.507093050468,22.3497172251,failed-vetting,failed-vetting
POLES EMF30,EMF30_ClimPolicy+SLCF,17.163149410908,26.135975028852,25.724638801656,33.079246792848,37.259591919552,24.697944629964,21.900062901888,22.320663596388,25.511170784328,21.046370864976,failed-vetting,failed-vetting
POLES EMF30,EMF30_D_BCOC-Red,17.163149410908,24.847016858136,29.243741126076,35.50012087176,36.210121848936,32.679448842168,31.21189312968,30.91377747852,28.762811574336,26.741029719096,C7,C7: limit warming to 4°C (>50%)
POLES EMF30,EMF30_D_CH4-ClimPolicy,17.163149410908,24.855496384176,29.403239030532,35.72493813158401,36.472018581864,32.927663112696,31.474304755272,31.126716200592,28.960773401052,26.955752562252,failed-vetting,failed-vetting
POLES EMF30,EMF30_D_CO2-Only,17.163149410908,25.9002262017,25.757017628796,33.070644844776,37.1635482348,25.635958442064,22.202474126112,24.239072647872,25.846461325764,22.625910330912,C4,C4: limit warming to 2°C (>50%)
POLES EMF30,EMF30_D_Frozen-CH4,17.163149410908,24.846869231568,29.243676314412,35.501845582152,36.212213825424,32.680946711736,31.217412923064,30.917295311616,28.766919913704,26.749671274296,C7,C7: limit warming to 4°C (>50%)
POLES EMF30,EMF30_D_Frozen-EF,17.163149410908,24.846869231568,29.243676314412,35.501845582152,36.212213825424,32.680946711736,31.217412923064,30.917295311616,28.766919913704,26.749671274296,C7,C7: limit warming to 4°C (>50%)
POLES EMF30,EMF30_D_Frozen-EF-EndU,17.163149410908,24.847016858136,29.243741126076,35.50012087176,36.210121848936,32.679448842168,31.21189312968,30.91377747852,28.762811574336,26.741029719096,C7,C7: limit warming to 4°C (>50%)
POLES EMF30,EMF30_D_Frozen-EF-SLCF,17.163149410908,24.846869231568,29.243676314412,35.501845582152,36.212213825424,32.680946711736,31.217412923064,30.917295311616,28.766919913704,26.749671274296,C7,C7: limit warming to 4°C (>50%)
POLES EMF30,EMF30_SLCF,17.163149410908,25.112582651376,29.111154464772,34.842523725576,34.968254753088,31.048661353248,29.389484555172,28.872467508852,26.724013056648,24.872053964004,failed-vetting,failed-vetting
POLES EMF30,EMF30_Slower-Action,17.163149410908,25.969284830016,29.304498460428,35.137560822696,38.20220916012,32.802594604416,32.842468180368,31.053471818976,25.613357174568,21.86922155144401,failed-vetting,failed-vetting
POLES EMF30,EMF30_Slower-Action+SLCF,17.163149410908,26.252209347264,29.151442115244,34.402524539976,36.773925715368,31.244680630368,30.877119281232,28.523274865488,23.57604392418,19.819885737384,failed-vetting,failed-vetting
POLES EMF30,EMF30_Slower-to-faster,17.163149410908,25.969284830016,29.304498460428,29.145398427576,37.010819548584,25.744071498912,20.786915371392,22.257803483604,25.081327226412,22.401570156948,C2,C2: return warming to 1.5°C (>50%) after a high overshoot
POLES EMF30,EMF30_Slower-to-faster+SLCF,17.163149410908,26.252209347264,29.151442115244,28.973944571436,36.164642064048,24.769239260688,19.857539513844,21.72945159738,24.652486448964,22.081461747804,failed-vetting,failed-vetting
POLES EMF30,EMF30_Slower-to-faster+SLCF+HFC,17.163149410908,26.252209347264,29.151442115244,28.973944571436,36.164642064048,24.769239260688,19.857539513844,21.72945159738,24.652486448964,22.081461747804,failed-vetting,failed-vetting
POLES EMF33,EMF33_1.5C_cost100,16.9904499053955,24.6999473571777,17.7426204681396,15.4772682189941,16.2954559326172,12.2988586425781,10.6441431045532,10.6396064758301,10.2219591140747,9.54424667358398,failed-vetting,failed-vetting
POLES EMF33,EMF33_1.5C_full,16.9904499053955,24.699686050415,18.9177856445312,17.5576210021973,19.1400337219238,14.8435249328613,11.7450580596924,12.2885265350342,11.4917602539062,10.7098588943481,failed-vetting,failed-vetting
POLES EMF33,EMF33_1.5C_limbio,16.9904499053955,24.7861576080322,3.507529735565189,3.87209510803223,4.81822919845581,2.81837034225464,2.03380179405212,1.81344664096832,2.13699579238892,1.96239185333252,failed-vetting,failed-vetting
POLES EMF33,EMF33_1.5C_nofuel,16.9904499053955,24.7006587982178,16.4527130126953,13.5168333053589,12.7184934616089,9.15569496154785,7.20080375671387,6.3397536277771,6.306583404541018,5.77208805084229,failed-vetting,failed-vetting
POLES EMF33,EMF33_Baseline,16.9904499053955,24.6997299194336,31.0159206390381,37.6149368286133,39.3507995605469,35.757755279541,34.3510437011719,32.53385925292969,30.7674655914307,31.051700592041,C7,C7: limit warming to 4°C (>50%)
POLES EMF33,EMF33_Med2C_cost100,16.9904499053955,24.6999492645264,29.4546718597412,31.3767738342285,34.90180969238281,28.496919631958,26.208854675293,26.9087085723877,28.0909404754639,26.8962955474854,C3,C3: limit warming to 2°C (>67%)
POLES EMF33,EMF33_Med2C_full,16.9904499053955,24.6997299194336,29.7070922851562,31.452033996582,34.9805030822754,29.26067543029789,27.0701065063477,27.7339515686035,28.4814472198486,26.835599899292,C3,C3: limit warming to 2°C (>67%)
POLES EMF33,EMF33_Med2C_limbio,16.9904499053955,24.6997585296631,27.9243564605713,29.5454177856445,35.1963882446289,28.3668651580811,24.8784236907959,25.7325630187988,23.896276473999,22.5758399963379,C3,C3: limit warming to 2°C (>67%)
POLES EMF33,EMF33_Med2C_nobeccs,16.9904499053955,24.699686050415,27.7627201080322,27.75984001159669,32.33798599243161,30.65559768676761,29.7933139801025,30.3187427520752,28.6966419219971,26.6117382049561,C3,C3: limit warming to 2°C (>67%)
POLES EMF33,EMF33_Med2C_nofuel,16.9904499053955,24.70073127746581,29.6928863525391,31.3695163726807,35.221118927002,28.1059551239014,25.6893215179443,25.5484523773193,26.2071075439453,24.2621116638184,C3,C3: limit warming to 2°C (>67%)
POLES EMF33,EMF33_Med2C_none,16.9904499053955,24.7006587982178,27.51633644104,27.236156463623,31.4638671875,29.64644241333011,28.2425594329834,28.4690074920654,26.3237152099609,23.904447555542,C3,C3: limit warming to 2°C (>67%)
POLES EMF33,EMF33_WB2C_cost100,16.9904499053955,24.6999473571777,26.4162197113037,25.9426975250244,29.9249439239502,24.422191619873,22.8796405792236,24.1083202362061,25.16363716125489,23.7258834838867,C1,C1: limit warming to 1.5°C (>50%) with no or limited overshoot
POLES EMF33,EMF33_WB2C_full,16.9904499053955,24.699686050415,26.9857063293457,26.9814529418945,31.4810943603516,25.2331066131592,23.47489547729489,24.1020832061768,24.6776313781738,23.3764400482178,C1,C1: limit warming to 1.5°C (>50%) with no or limited overshoot
POLES EMF33,EMF33_WB2C_limbio,16.9904499053955,24.699686050415,24.63898277282711,21.782413482666,26.27142143249511,23.1475009918213,20.4027309417725,20.9081897735596,19.1860160827637,18.6585636138916,failed-vetting,failed-vetting
POLES EMF33,EMF33_WB2C_nobeccs,16.9904499053955,24.699686050415,22.1422233581543,17.0256233215332,17.7051239013672,16.0325775146484,13.9063177108765,12.9396257400513,11.4209136962891,10.3662662506104,failed-vetting,failed-vetting
POLES EMF33,EMF33_WB2C_nofuel,16.9904499053955,24.7006587982178,26.5716037750244,26.263277053833,30.1037311553955,23.7604427337646,21.5747852325439,22.1039962768555,22.2675247192383,20.0153064727783,C1,C1: limit warming to 1.5°C (>50%) with no or limited overshoot
POLES EMF33,EMF33_WB2C_none,16.9904499053955,24.7006587982178,22.1065368652344,16.4331035614014,16.4784564971924,14.3308267593384,12.2325973510742,10.4912767410278,8.81559371948242,7.74936056137085,failed-vetting,failed-vetting
POLES EMF33,EMF33_tax_hi_full,16.9904499053955,24.5488319396973,30.3240623474121,36.1092529296875,37.572135925293,32.17329406738281,27.6321620941162,24.1102466583252,24.5995616912842,23.0639381408691,C4,C4: limit warming to 2°C (>50%)
POLES EMF33,EMF33_tax_hi_none,16.9904499053955,24.5499114990234,30.2788467407227,35.9251365661621,38.0096092224121,37.2035980224609,34.9864196777344,32.9316940307617,29.1945247650146,24.849365234375,C4,C4: limit warming to 2°C (>50%)
POLES EMF33,EMF33_tax_lo_full,16.9904499053955,24.5488319396973,30.9425239562988,38.18008041381839,40.2257080078125,39.1392135620117,38.1722068786621,37.38266372680661,33.9302062988281,30.5656471252441,C5,C5: limit warming to 2.5°C (>50%)
POLES EMF33,EMF33_tax_lo_none,16.9904499053955,24.5499114990234,30.7214012145996,37.8975219726562,39.789478302002,38.7418785095215,38.06900024414061,37.9069175720215,35.8373870849609,33.5435752868652,C5,C5: limit warming to 2.5°C (>50%)
POLES ENGAGE,EN_INDCi2030_1000,17.41049575805664,21.932861328125,30.92072868347168,15.60131931304932,13.94717884063721,16.63168525695801,13.21833515167236,18.31303024291992,18.37042999267578,19.77446746826172,C4,C4: limit warming to 2°C (>50%)
POLES ENGAGE,EN_INDCi2030_1000_COV,17.41049575805664,19.7134838104248,29.61911964416504,17.9560718536377,15.00351428985596,16.55906677246094,14.58146667480469,15.55626487731934,18.16373252868652,21.48567199707031,C4,C4: limit warming to 2°C (>50%)
POLES ENGAGE,EN_INDCi2030_1000_COV_NDCp,17.41049575805664,19.71343231201172,27.23409080505371,17.49921035766602,14.7885913848877,16.39871788024902,14.53954029083252,14.90123081207275,18.58857917785645,21.00184631347656,C4,C4: limit warming to 2°C (>50%)
POLES ENGAGE,EN_INDCi2030_1000_NDCp,17.41049575805664,21.86684226989746,31.57802772521973,18.36587524414062,17.0547981262207,21.5388298034668,21.19682693481445,23.15315437316895,27.65059089660645,32.30237197875977,C4,C4: limit warming to 2°C (>50%)
POLES ENGAGE,EN_INDCi2030_1000f,17.41049575805664,21.932861328125,30.92072868347168,22.7340030670166,18.11134147644043,19.1574649810791,16.59251403808594,11.80120849609375,10.25044631958008,8.955269813537598,C4,C4: limit warming to 2°C (>50%)
POLES ENGAGE,EN_INDCi2030_1000f_COV,17.41049575805664,19.7134838104248,29.61911964416504,23.82352638244629,18.73261070251465,18.57805442810058,16.09059524536133,11.75455665588379,9.707709312438965,9.388282775878906,C4,C4: limit warming to 2°C (>50%)
POLES ENGAGE,EN_INDCi2030_1000f_COV_NDCp,17.41049575805664,19.71343231201172,27.2340145111084,24.01005172729492,18.64735794067383,19.01419258117676,16.68245887756348,13.33438396453857,10.90540409088135,10.43761253356934,C4,C4: limit warming to 2°C (>50%)
POLES ENGAGE,EN_INDCi2030_1000f_NDCp,17.41049575805664,21.86684226989746,31.57772827148437,24.4964656829834,20.7440013885498,24.84077453613281,24.56717491149902,19.63509368896484,17.0999870300293,14.70436096191406,C4,C4: limit warming to 2°C (>50%)
POLES ENGAGE,EN_INDCi2030_1200,17.41049575805664,21.932861328125,30.92072868347168,24.68437767028809,19.62658500671387,20.44302940368652,18.8440990447998,16.87247085571289,20.45622825622558,20.90368270874023,C4,C4: limit warming to 2°C (>50%)
POLES ENGAGE,EN_INDCi2030_1200f,17.41049575805664,21.932861328125,30.92072868347168,29.55107307434082,23.91274452209473,24.24973106384277,22.02706146240234,17.18652725219727,14.19376945495606,13.15209484100342,C4,C4: limit warming to 2°C (>50%)
POLES ENGAGE,EN_INDCi2030_1400,17.41049575805664,21.932861328125,30.92072868347168,33.68829345703125,27.48892784118652,28.17988586425781,29.19333267211914,26.36308860778809,23.12001800537109,25.4822998046875,C5,C5: limit warming to 2.5°C (>50%)
POLES ENGAGE,EN_INDCi2030_1400f,17.41049575805664,21.932861328125,30.92072868347168,34.02742767333984,27.83230972290039,28.58898544311523,29.36652755737305,27.14421272277832,22.80899429321289,19.95313262939453,C5,C5: limit warming to 2.5°C (>50%)
POLES ENGAGE,EN_INDCi2030_1600,17.41049575805664,21.932861328125,30.92072868347168,37.84704208374024,31.48530006408692,31.66832733154297,32.58987045288086,32.53879547119141,30.77569007873535,28.74451065063477,C5,C5: limit warming to 2.5°C (>50%)
POLES ENGAGE,EN_INDCi2030_1600f,17.41049575805664,21.932861328125,30.92072868347168,37.84704208374024,31.48530006408692,31.66832733154297,32.58987045288086,32.53879547119141,30.77569007873535,28.74451065063477,C5,C5: limit warming to 2.5°C (>50%)
POLES ENGAGE,EN_INDCi2030_1800,17.41049575805664,21.932861328125,30.92072868347168,39.90814971923828,34.90345764160156,34.45601272583008,35.52938079833984,38.22649383544922,39.09709167480469,37.76640701293945,C5,C5: limit warming to 2.5°C (>50%)
POLES ENGAGE,EN_INDCi2030_1800f,17.41049575805664,21.932861328125,30.92072868347168,39.90814971923828,34.90345764160156,34.45601272583008,35.52938079833984,38.22649383544922,39.09709167480469,37.76640701293945,C5,C5: limit warming to 2.5°C (>50%)
POLES ENGAGE,EN_INDCi2030_2000,17.41049575805664,21.932861328125,30.92072868347168,41.12678527832031,37.09490585327149,36.91215896606445,37.40855407714844,41.95505523681641,45.15347671508789,45.77920913696289,C5,C5: limit warming to 2.5°C (>50%)
POLES ENGAGE,EN_INDCi2030_2000f,17.41049575805664,21.932861328125,30.92072868347168,41.12678527832031,37.09490585327149,36.91215896606445,37.40855407714844,41.95505523681641,45.15347671508789,45.77920913696289,C5,C5: limit warming to 2.5°C (>50%)
POLES ENGAGE,EN_INDCi2030_2500,17.41049575805664,21.932861328125,30.92072868347168,42.03167724609375,44.02365112304688,46.05108642578125,48.44159317016602,54.65224456787109,66.70664978027344,75.0330581665039,C6,C6: limit warming to 3°C (>50%)
POLES ENGAGE,EN_INDCi2030_2500f,17.41049575805664,21.932861328125,30.92072868347168,42.03167724609375,44.02365112304688,46.05108642578125,48.44159317016602,54.65224456787109,66.70664978027344,75.0330581665039,C6,C6: limit warming to 3°C (>50%)
POLES ENGAGE,EN_INDCi2030_3000,17.41049575805664,21.932861328125,30.92072868347168,41.67635726928711,44.40550994873047,52.50498199462891,61.51459884643555,67.99651336669922,89.00640869140625,97.975341796875,C6,C6: limit warming to 3°C (>50%)
POLES ENGAGE,EN_INDCi2030_3000f,17.41049575805664,21.932861328125,30.92072868347168,41.67635726928711,44.40550994873047,52.50498199462891,61.51459884643555,67.99651336669922,89.00640869140625,97.975341796875,C6,C6: limit warming to 3°C (>50%)
POLES ENGAGE,EN_INDCi2030_300f,17.41049575805664,21.932861328125,30.92072868347168,11.08627796173096,8.873023986816406,11.99887752532959,13.0307149887085,12.53595638275146,13.21064567565918,9.92961597442627,C2,C2: return warming to 1.5°C (>50%) after a high overshoot
POLES ENGAGE,EN_INDCi2030_400f,17.41049575805664,21.932861328125,30.92072868347168,11.76867389678955,9.21560764312744,12.84640312194824,13.42607116699219,12.37327671051025,12.06531524658203,10.4837760925293,C2,C2: return warming to 1.5°C (>50%) after a high overshoot
POLES ENGAGE,EN_INDCi2030_500f,17.41049575805664,21.932861328125,30.92072868347168,13.58224868774414,10.88537406921387,13.94429016113281,13.67932987213135,11.68533039093018,9.91962718963623,8.633057594299316,C3,C3: limit warming to 2°C (>67%)
POLES ENGAGE,EN_INDCi2030_600f,17.41049575805664,21.932861328125,30.92072868347168,14.56688404083252,11.95526599884033,13.98483180999756,13.22778606414795,10.44115161895752,9.084308624267578,7.325905799865723,C3,C3: limit warming to 2°C (>67%)
POLES ENGAGE,EN_INDCi2030_600f_COV,17.41049575805664,19.7134838104248,29.61911964416504,13.49925708770752,10.06511402130127,10.58812618255615,9.956371307373049,6.976666450500488,5.210168838500977,4.715677738189697,C3,C3: limit warming to 2°C (>67%)
POLES ENGAGE,EN_INDCi2030_600f_COV_NDCp,17.41049575805664,19.71343231201172,27.2340145111084,12.68734264373779,9.142953872680664,9.676070213317873,9.30946159362793,6.133532047271729,4.642890930175781,4.313018321990967,C3,C3: limit warming to 2°C (>67%)
POLES ENGAGE,EN_INDCi2030_600f_NDCp,17.41049575805664,21.86684226989746,31.57802772521973,15.97589302062988,13.2004337310791,16.99629974365234,18.08465003967285,14.44628810882568,13.32502746582031,11.32256126403809,C3,C3: limit warming to 2°C (>67%)
POLES ENGAGE,EN_INDCi2030_700f,17.41049575805664,21.932861328125,30.92072868347168,16.28311538696289,12.94391441345215,13.45069122314453,12.07588958740234,10.13082885742188,8.547117233276367,5.602136135101318,C3,C3: limit warming to 2°C (>67%)
POLES ENGAGE,EN_INDCi2030_800f,17.41049575805664,21.932861328125,30.92072868347168,17.69228363037109,14.42463684082031,14.88467407226562,10.93351745605469,9.14463710784912,7.962236881256103,5.989418029785156,C4,C4: limit warming to 2°C (>50%)
POLES ENGAGE,EN_INDCi2030_900,17.41049575805664,21.932861328125,30.92072868347168,10.79259967803955,12.26516056060791,38.77213668823242,22.31868362426757,11.86508369445801,14.38039302825928,16.71847915649414,C3,C3: limit warming to 2°C (>67%)
POLES ENGAGE,EN_INDCi2030_900f,17.41049575805664,21.932861328125,30.92072868347168,20.43247413635254,16.35805320739746,17.13040542602539,13.89288711547852,9.735613822937012,8.407772064208984,7.390349388122559,C4,C4: limit warming to 2°C (>50%)
POLES ENGAGE,EN_INDCi2100,17.41049575805664,21.86688804626465,33.32379150390625,51.91076278686523,59.80559158325195,66.7911148071289,69.29972839355469,76.9262924194336,81.67131042480469,75.81786346435547,C7,C7: limit warming to 4°C (>50%)
POLES ENGAGE,EN_INDCi2100_COV,17.41049575805664,19.68568801879883,31.03894805908203,46.52724456787109,53.09086227416992,59.37045669555664,62.75863265991211,67.21513366699219,76.53990936279297,74.5638427734375,C7,C7: limit warming to 4°C (>50%)
POLES ENGAGE,EN_INDCi2100_COV_NDCp,17.41049575805664,19.6856460571289,29.3801212310791,41.15257263183594,46.311767578125,52.47278594970703,56.30597305297852,57.82729339599609,64.16049194335938,63.77212524414063,C6,C6: limit warming to 3°C (>50%)
POLES ENGAGE,EN_INDCi2100_NDCp,17.41049575805664,21.86684226989746,31.57801055908203,46.37683868408203,53.08185195922852,61.04759216308594,62.99947738647461,64.87433624267578,69.1148681640625,64.43470764160156,C6,C6: limit warming to 3°C (>50%)
POLES ENGAGE,EN_NPi2020_1000,17.41049575805664,22.11742782592773,27.68005561828613,21.91098594665528,17.01946449279785,18.80611801147461,20.73250770568848,22.97336387634277,25.24752807617188,25.64402961730957,C4,C4: limit warming to 2°C (>50%)
POLES ENGAGE,EN_NPi2020_1000_COV,17.41049575805664,19.49821090698243,28.33375740051269,22.65058326721192,16.60271835327148,18.83455085754395,21.86994361877441,22.98106384277344,24.00236511230469,27.68645858764648,C4,C4: limit warming to 2°C (>50%)
POLES ENGAGE,EN_NPi2020_1000f,17.41049575805664,22.11742782592773,31.61512184143066,31.52885437011719,22.3930492401123,21.37782287597656,19.86019515991211,15.44608306884766,12.38331508636475,11.78414154052734,C4,C4: limit warming to 2°C (>50%)
POLES ENGAGE,EN_NPi2020_1000f_COV,17.41049575805664,19.49821090698243,30.50959777832031,31.69094848632812,22.4312744140625,22.21682929992676,19.42623519897461,15.93555927276611,12.70271682739258,11.8639497756958,C4,C4: limit warming to 2°C (>50%)
POLES ENGAGE,EN_NPi2020_1200,17.41049575805664,22.11742782592773,30.01201629638672,30.86679267883301,24.67159843444824,26.59261512756348,28.23628616333008,27.06212615966797,28.08227157592773,28.34171485900879,C4,C4: limit warming to 2°C (>50%)
POLES ENGAGE,EN_NPi2020_1200f,17.41049575805664,22.11742782592773,31.2059268951416,36.23343658447266,27.64153289794922,27.68541717529297,26.35850715637207,19.26846313476562,16.67778778076172,14.29459190368652,C4,C4: limit warming to 2°C (>50%)
POLES ENGAGE,EN_NPi2020_1400,17.41049575805664,22.11742782592773,30.85351753234864,39.1765022277832,31.56931304931641,30.66662979125977,31.28483963012696,27.55663299560547,27.60810661315918,29.52047729492188,C5,C5: limit warming to 2.5°C (>50%)
POLES ENGAGE,EN_NPi2020_1400f,17.41049575805664,22.11742782592773,30.82519721984864,39.89508438110352,32.54985809326172,31.49375915527344,32.01431274414062,29.35917091369629,26.0772590637207,21.30542755126953,C5,C5: limit warming to 2.5°C (>50%)
POLES ENGAGE,EN_NPi2020_1600,17.41049575805664,22.11742782592773,30.85351753234864,41.61458206176758,36.46175384521485,34.77017211914062,34.85212707519531,34.79004287719727,34.96564483642578,33.43591690063477,C5,C5: limit warming to 2.5°C (>50%)
POLES ENGAGE,EN_NPi2020_1600f,17.41049575805664,22.11742782592773,30.85351753234864,41.61458206176758,36.46175003051758,34.77019500732422,34.8521842956543,34.79046249389648,34.85992431640625,31.71621131896973,C5,C5: limit warming to 2.5°C (>50%)
POLES ENGAGE,EN_NPi2020_1800,17.41049575805664,22.11742782592773,30.85351753234864,42.48856353759766,39.2150764465332,37.59655380249024,37.55746459960938,39.4674186706543,41.36629867553711,38.7483024597168,C5,C5: limit warming to 2.5°C (>50%)
POLES ENGAGE,EN_NPi2020_1800f,17.41049575805664,22.11742782592773,30.85351753234864,42.48856353759766,39.2150764465332,37.59655380249024,37.55746459960938,39.4674186706543,41.36629867553711,38.7483024597168,C5,C5: limit warming to 2.5°C (>50%)
POLES ENGAGE,EN_NPi2020_2000,17.41049575805664,22.11742782592773,30.85351753234864,42.26653289794922,41.93942260742188,41.10983657836914,40.57890701293945,44.32658004760742,50.63154983520508,51.16321182250977,C5,C5: limit warming to 2.5°C (>50%)
POLES ENGAGE,EN_NPi2020_2000f,17.41049575805664,22.11742782592773,30.85351753234864,42.26653289794922,41.93942260742188,41.10983657836914,40.57890701293945,44.32658004760742,50.63154983520508,51.16321182250977,C5,C5: limit warming to 2.5°C (>50%)
POLES ENGAGE,EN_NPi2020_2500,17.41049575805664,22.11742782592773,30.88041687011719,42.96039581298828,45.49192047119141,49.77087783813477,50.83866500854492,56.39349365234375,68.47183227539062,78.9094467163086,C6,C6: limit warming to 3°C (>50%)
POLES ENGAGE,EN_NPi2020_2500f,17.41049575805664,22.11742782592773,30.88041687011719,42.96039581298828,45.49192047119141,49.77087783813477,50.83866500854492,56.39349365234375,68.47183227539062,78.9094467163086,C6,C6: limit warming to 3°C (>50%)
POLES ENGAGE,EN_NPi2020_3000,17.41049575805664,22.11742782592773,30.85351753234864,42.25674438476562,44.5079460144043,51.85592269897461,61.69978332519531,69.75520324707031,91.75528717041016,99.85379028320312,C6,C6: limit warming to 3°C (>50%)
POLES ENGAGE,EN_NPi2020_3000f,17.41049575805664,22.11742782592773,30.85351753234864,42.25674438476562,44.5079460144043,51.85592269897461,61.69978332519531,69.75520324707031,91.75528717041016,99.85379028320312,C6,C6: limit warming to 3°C (>50%)
POLES ENGAGE,EN_NPi2020_300f,17.41049575805664,22.11742782592773,20.72803497314453,13.62177753448486,8.876877784729004,10.32877922058106,10.56796836853027,7.612109661102295,6.493862628936768,5.634829521179199,C2,C2: return warming to 1.5°C (>50%) after a high overshoot
POLES ENGAGE,EN_NPi2020_400f,17.41049575805664,22.11742782592773,22.25227165222168,14.83113861083984,9.676055908203123,9.615741729736328,9.74272918701172,8.306891441345215,7.016376495361328,5.94827127456665,C2,C2: return warming to 1.5°C (>50%) after a high overshoot
POLES ENGAGE,EN_NPi2020_500,17.41049575805664,22.11742782592773,10.31416320800781,7.133677959442139,8.104759216308594,17.11673736572266,14.9729061126709,12.00388240814209,13.97071743011475,19.2595443725586,C3,C3: limit warming to 2°C (>67%)
POLES ENGAGE,EN_NPi2020_500f,17.41049575805664,22.11742782592773,24.5606861114502,16.89504051208496,11.13440227508545,10.95438766479492,10.37124729156494,8.433693885803223,8.519574165344238,6.726216316223145,C3,C3: limit warming to 2°C (>67%)
POLES ENGAGE,EN_NPi2020_600,17.41049575805664,22.11742782592773,13.26638698577881,9.282081604003906,10.7852783203125,19.3348503112793,12.41437816619873,14.35404300689697,20.06483840942383,24.08136749267578,C3,C3: limit warming to 2°C (>67%)
POLES ENGAGE,EN_NPi2020_600f,17.41049575805664,22.11742782592773,27.00132179260254,19.50472831726075,12.67089557647705,12.56847095489502,11.02539253234863,9.079851150512695,8.67454719543457,6.86158275604248,C3,C3: limit warming to 2°C (>67%)
POLES ENGAGE,EN_NPi2020_600f_COV,17.41049575805664,19.49821090698243,26.73349189758301,18.39374732971192,11.28665065765381,11.32315826416016,9.527487754821776,6.041539192199707,5.346545696258545,5.598040103912354,C3,C3: limit warming to 2°C (>67%)
POLES ENGAGE,EN_NPi2020_700,17.41049575805664,22.11742782592773,19.3849983215332,12.62701988220215,9.762940406799316,14.18419647216797,14.41667556762695,16.69334030151367,22.03019332885743,26.3203010559082,C3,C3: limit warming to 2°C (>67%)
POLES ENGAGE,EN_NPi2020_700f,17.41049575805664,22.11742782592773,28.93605422973633,22.34004783630371,14.77846717834473,14.37231159210205,12.92559623718262,9.367987632751465,7.445466995239258,5.48844575881958,C3,C3: limit warming to 2°C (>67%)
POLES ENGAGE,EN_NPi2020_800,17.41049575805664,22.11742782592773,24.17223739624023,16.43796730041504,12.27230548858643,15.12854099273682,15.42838191986084,16.90071105957031,22.82451438903809,24.97523498535156,C3,C3: limit warming to 2°C (>67%)
POLES ENGAGE,EN_NPi2020_800f,17.41049575805664,22.11742782592773,30.25499153137207,25.63027954101562,16.46789360046387,16.08000373840332,14.47244548797607,10.43087482452393,8.47398853302002,6.00538444519043,C4,C4: limit warming to 2°C (>50%)
POLES ENGAGE,EN_NPi2020_900,17.41049575805664,22.11742782592773,26.98173141479492,19.39932632446289,14.65480995178223,16.80424499511719,16.88956260681152,17.27421188354492,22.8880672454834,25.80254364013672,C3,C3: limit warming to 2°C (>67%)
POLES ENGAGE,EN_NPi2020_900f,17.41049575805664,22.11742782592773,31.33341407775879,28.24500274658203,19.02645111083984,18.0866928100586,17.05765151977539,13.09626388549805,10.64278602600098,9.246596336364746,C4,C4: limit warming to 2°C (>50%)
POLES ENGAGE,EN_NPi2100,17.41049575805664,21.95305633544922,35.65389251708984,55.20848083496094,64.77848052978516,72.17036437988281,76.50518035888672,83.94976043701172,83.63284301757812,78.49278259277344,C7,C7: limit warming to 4°C (>50%)
POLES ENGAGE,EN_NPi2100_COV,17.41049575805664,19.74493217468262,32.45777893066406,48.44380569458008,57.28720474243164,63.30484390258789,69.54852294921875,72.865234375,78.02452087402344,74.71382904052734,C7,C7: limit warming to 4°C (>50%)
POLES GECO2019,CO_2Deg2020,17.41049575805664,21.69980049133301,29.48403358459473,24.09205436706543,15.91043949127197,15.79416179656982,14.05310344696045,10.24261474609375,7.740421772003174,6.244343757629395,C3,C3: limit warming to 2°C (>67%)
POLES GECO2019,CO_2Deg2030,17.41049575805664,21.87044525146484,33.32094955444336,19.70893287658692,13.85966682434082,15.47737789154053,15.62064361572266,13.66046333312988,12.63384437561035,12.0279655456543,C3,C3: limit warming to 2°C (>67%)
POLES GECO2019,CO_BAU,17.41049575805664,21.89262962341309,35.29037857055664,54.65766906738281,64.45648193359375,71.35491180419922,74.83231353759766,83.84857940673828,85.1430892944336,82.61577606201172,C7,C7: limit warming to 4°C (>50%)
POLES GECO2019,CO_Bridge,17.41049575805664,21.83091354370117,28.85905075073243,39.75907516479492,45.40169906616211,111.1351547241211,42.76626205444336,30.42523002624512,41.86631011962891,55.35986328125,C2,C2: return warming to 1.5°C (>50%) after a high overshoot
POLES GECO2019,CO_Bridge_notax,17.41049575805664,21.83101463317871,35.70063018798828,15.961256980896,12.65734672546387,17.19122886657715,17.56120491027832,15.09831047058106,12.99001121520996,11.48270320892334,C4,C4: limit warming to 2°C (>50%)
POLES GECO2019,CO_CurPol,17.41049575805664,21.63921356201172,33.19324493408203,52.16136169433594,61.91994857788086,69.53868865966797,73.81415557861328,82.50200653076172,82.99607849121094,78.94137573242188,C7,C7: limit warming to 4°C (>50%)
POLES GECO2019,CO_GPP,17.41049575805664,21.83091354370117,28.85905075073243,39.30592727661133,38.22335815429688,47.01201248168945,53.59010696411133,60.16858291625977,65.22296142578125,66.34919738769531,C5,C5: limit warming to 2.5°C (>50%)
POLES GECO2019,CO_GPP_notax,17.41049575805664,21.83134651184082,35.68917083740234,54.60043334960938,64.5438232421875,83.55803680419922,90.8690414428711,95.33470916748048,98.67678833007812,93.40280151367188,C7,C7: limit warming to 4°C (>50%)
POLES GECO2019,CO_NDC_2050convergence,17.41049575805664,21.90152740478516,32.99383926391602,49.3056640625,53.73059844970703,58.07345962524414,57.43891525268555,62.26986694335938,65.0322036743164,63.6928825378418,C6,C6: limit warming to 3°C (>50%)
POLES GECO2019,CO_NDCplus,17.41049575805664,21.90152740478516,32.99383926391602,51.63974761962891,59.80826187133789,66.14106750488281,67.55349731445312,70.11200714111328,72.31588745117188,69.33741760253906,C7,C7: limit warming to 4°C (>50%)
PROMETHEUS 1.0,CO_2Deg2020,17.3852251564017,22.59590439858296,26.59454795579848,27.56921805047839,30.50103939587861,30.92228335049757,30.130445454330008,28.546725944975563,26.215552656813696,24.844564034319983,no-climate-assessment,no-climate-assessment
PROMETHEUS 1.0,CO_2Deg2030,17.3852251564017,22.29645726556421,28.06230395673098,26.5707927947804,30.50103939587861,30.92228335049757,30.130445454330008,28.546725944975563,26.215552656813696,24.844564034319983,no-climate-assessment,no-climate-assessment
PROMETHEUS 1.0,CO_BAU,17.3852251564017,22.92167472647997,30.5859513647221,40.0336836200449,49.03532683156966,30.92228335049757,30.130445454330008,28.546725944975563,26.215552656813696,24.844564034319983,no-climate-assessment,no-climate-assessment
PROMETHEUS 1.0,CO_Bridge,17.3852251564017,22.60604970661622,30.24112090881356,32.45358833000658,27.35752809343284,30.92228335049757,30.130445454330008,28.546725944975563,26.215552656813696,24.844564034319983,no-climate-assessment,no-climate-assessment
PROMETHEUS 1.0,CO_CurPol,17.3852251564017,22.57659250370168,29.77358751436196,39.14301531428127,48.03047379853004,30.92228335049757,30.130445454330008,28.546725944975563,26.215552656813696,24.844564034319983,no-climate-assessment,no-climate-assessment
PROMETHEUS 1.0,CO_GPP,17.3852251564017,22.606046839331,30.32187882834694,43.61766063847821,48.2473623535393,30.92228335049757,30.130445454330008,28.546725944975563,26.215552656813696,24.844564034319983,no-climate-assessment,no-climate-assessment
PROMETHEUS 1.0,CO_NDCplus,17.3852251564017,22.29645726556421,28.06230395673098,36.56342599562149,47.27489412591475,30.92228335049757,30.130445454330008,28.546725944975563,26.215552656813696,24.844564034319983,no-climate-assessment,no-climate-assessment
REMIND 1.6,EMF30_BCOC-EndU,15.5408192,22.1407624,28.3678173,30.1174985,29.1048685,24.4696107,17.74137349999999,13.1465606,8.756803999999999,8.531571699999999,C7,C7: limit warming to 4°C (>50%)
REMIND 1.6,EMF30_Baseline,15.5408192,21.711555,27.3022317,28.9795572,28.0990132,23.9821057,17.8446867,13.4268496,8.8971774,8.6732194,C7,C7: limit warming to 4°C (>50%)
REMIND 1.6,EMF30_CH4-Only,15.5408192,20.5597415,21.7422494,20.5165532,19.2496174,17.3210641,14.5872319,11.90983,8.5243505,8.4912079,C7,C7: limit warming to 4°C (>50%)
REMIND 1.6,EMF30_ClimPolicy,15.5408192,21.4186822,22.0491948,9.861958,3.5061894,2.7261522,1.7120613,0.8418466,0.153142,0.00679,failed-vetting,failed-vetting
REMIND 1.6,EMF30_ClimPolicy+SLCF,15.5408192,20.6005188,20.1869203,11.7551735,9.3436606,8.632907300000001,5.974528400000001,2.5664198,0.360229099999999,0.0095757,failed-vetting,failed-vetting
REMIND 1.6,EMF30_D_BCOC-Red,15.5408192,21.711555,27.3022317,28.9795572,28.0990132,23.9821057,17.8446867,13.4268496,8.8971774,8.6732194,C7,C7: limit warming to 4°C (>50%)
REMIND 1.6,EMF30_D_CH4-ClimPolicy,15.5408192,21.3170047,24.22895410000001,23.3573219,21.7968687,18.6471515,14.78696,11.5606158,8.1569325,6.8810617,C7,C7: limit warming to 4°C (>50%)
REMIND 1.6,EMF30_D_CO2-Only,15.5408192,21.9618658,23.8048684,13.1153272,5.8155148,4.818206,3.2776704,1.4100591,0.2797489,0.0235189,failed-vetting,failed-vetting
REMIND 1.6,EMF30_D_Frozen-CH4,15.5408192,22.2340108,28.7078099,30.6474242,29.6108142,24.7520457,17.5998719,12.9840826,8.7273399,8.5490336,C8,C8: exceed warming of 4°C (>=50%)
REMIND 1.6,EMF30_D_Frozen-EF,15.0527184,20.817879,25.5750994,27.2140401,26.7777404,23.5857218,17.9356758,13.6506105,9.2067337,8.964474899999997,C8,C8: exceed warming of 4°C (>=50%)
REMIND 1.6,EMF30_D_Frozen-EF-EndU,15.5458443,21.8056115,27.6693528,29.588484,28.6681457,24.372361,17.898544,13.4164281,8.8340083,8.4930305,C7,C7: limit warming to 4°C (>50%)
REMIND 1.6,EMF30_D_Frozen-EF-SLCF,15.5319359,21.6386732,27.1261524,28.7601885,27.8290782,23.6728948,17.5642823,13.1989918,8.7847673,8.4941469,C8,C8: exceed warming of 4°C (>=50%)
REMIND 1.6,EMF30_SLCF,15.5408192,20.9711274,24.2564695,24.8165095,24.25488660000001,21.5162265,17.1669078,13.1738277,8.8175038,8.571159699999999,C7,C7: limit warming to 4°C (>50%)
REMIND 1.6,EMF30_Slower-Action,15.5408192,22.1246478,28.2135843,27.316528,21.5035145,13.8366125,7.038167999999999,5.879576999999999,6.2248624,6.997039500000001,C7,C7: limit warming to 4°C (>50%)
REMIND 1.6,EMF30_Slower-Action+SLCF,15.5408192,20.9079007,24.2259546,21.7559019,17.4826771,12.5776882,8.7402294,8.1850805,7.976468899999999,8.623099400000001,C6,C6: limit warming to 3°C (>50%)
REMIND 1.6,EMF30_Slower-to-faster,15.5408192,22.1246478,28.2135843,21.1947449,8.8494207,4.9470866,3.3880668,1.7529463,0.2806492,0.0008182,C3,C3: limit warming to 2°C (>67%)
REMIND 1.6,EMF30_Slower-to-faster+SLCF,15.5408192,20.9079007,24.2259546,17.0634046,7.526427,4.7956625,3.2646846,1.704908299999999,0.2710479,0.0008039,C3,C3: limit warming to 2°C (>67%)
REMIND 1.6,EMF30_Slower-to-faster+SLCF+HFC,15.5408192,20.9079007,24.2259546,17.0598008,7.303004700000002,4.3782697,2.8816097,1.4408101,0.2025332,0.0008039999999999,C3,C3: limit warming to 2°C (>67%)
REMIND 1.7,ADVANCE_2020_1.5C-2100,15.7768,26.9515,21.2405,6.5693,3.1154,2.4717,1.5442,0.3419,0.0041,0.0009,C1,C1: limit warming to 1.5°C (>50%) with no or limited overshoot
REMIND 1.7,ADVANCE_2020_Med2C,15.7768,26.9515,32.8366,25.9867,13.74,10.0207,8.463,5.6944,2.5919,0.8955000000000001,C3,C3: limit warming to 2°C (>67%)
REMIND 1.7,ADVANCE_2020_WB2C,15.7768,26.9515,29.8327,15.4247,5.4455,3.0972,1.6379,0.4211,0.0018,0.0009,C2,C2: return warming to 1.5°C (>50%) after a high overshoot
REMIND 1.7,ADVANCE_2030_1.5C-2100,15.7768,26.9515,36.4735,14.5092,0.762,0.1098,0.0721,0.0126,0.001,0.0009,C2,C2: return warming to 1.5°C (>50%) after a high overshoot
REMIND 1.7,ADVANCE_2030_Med2C,15.7768,26.9515,36.4735,29.6747,13.8382,6.6656,5.252000000000002,3.2173,1.1758,0.3356,C4,C4: limit warming to 2°C (>50%)
REMIND 1.7,ADVANCE_2030_Price1.5C,15.7768,26.9515,36.4735,16.1706,2.0168,0.8652000000000001,0.6217,0.2535,0.0052,0.0009,C2,C2: return warming to 1.5°C (>50%) after a high overshoot
REMIND 1.7,ADVANCE_2030_WB2C,15.7768,26.9515,36.4735,20.5558,4.5554,2.1954,1.2373,0.4891,0.044,0.0009,C2,C2: return warming to 1.5°C (>50%) after a high overshoot
REMIND 1.7,ADVANCE_INDC,15.7768,26.9515,36.4735,37.7123,30.1317,21.9636,14.1,11.8592,10.6344,10.8443,C6,C6: limit warming to 3°C (>50%)
REMIND 1.7,ADVANCE_NoPolicy,15.7768,26.3933,36.0565,39.525,36.5358,28.8799,20.5915,15.8785,11.576,11.5171,C7,C7: limit warming to 4°C (>50%)
REMIND 1.7,ADVANCE_Reference,15.7768,26.9515,40.1816,46.8607,43.964,33.6337,21.8485,15.1455,11.0455,11.3496,C7,C7: limit warming to 4°C (>50%)
REMIND 1.7,CEMICS-1.5-CDR12,16.1438,29.2896,15.5647,0.9262,0.3973,0.2943,0.0935,0.0009,0.0011,0.0009,C1,C1: limit warming to 1.5°C (>50%) with no or limited overshoot
REMIND 1.7,CEMICS-1.5-CDR20,16.1438,29.2896,25.3189,7.7994,2.0797,1.3608,0.7749,0.1302,0.0055,0.0009,C1,C1: limit warming to 1.5°C (>50%) with no or limited overshoot
REMIND 1.7,CEMICS-1.5-CDR8,16.1438,29.2896,12.4645,0.0507,0.0209,0.0096,0.0012,0.0009,0.0011,0.0009,C1,C1: limit warming to 1.5°C (>50%) with no or limited overshoot
REMIND 1.7,CEMICS-2.0-CDR12,16.1438,29.2896,31.714,15.7902,6.1399,3.7204,2.2459,0.6361,0.0153,0.0009,C2,C2: return warming to 1.5°C (>50%) after a high overshoot
REMIND 1.7,CEMICS-2.0-CDR20,16.1438,29.2896,33.602,20.44,8.093,4.4595,2.0936,0.6766,0.0212,0.0009,C2,C2: return warming to 1.5°C (>50%) after a high overshoot
REMIND 1.7,CEMICS-2.0-CDR8,16.1438,29.2896,25.4719,8.4469,2.5373,1.6129,0.9221,0.1271,0.0011,0.0009,C1,C1: limit warming to 1.5°C (>50%) with no or limited overshoot
REMIND 1.7,CEMICS-Ref,16.1438,28.4461,40.426,45.0125,40.2405,29.4271,19.2855,14.4036,11.3376,11.5855,C7,C7: limit warming to 4°C (>50%)
REMIND 2.1,CEMICS_GDPgrowth_1p5,17.3194,25.9368,27.0705,3.5831,3.0878,2.0621,1.146,0.7409,0.3452,0.1219,C1,C1: limit warming to 1.5°C (>50%) with no or limited overshoot
REMIND 2.1,CEMICS_GDPgrowth_2C,17.3194,25.9368,37.6763,18.085,9.2292,11.2719,12.9483,12.8039,10.7068,7.1301,C3,C3: limit warming to 2°C (>67%)
REMIND 2.1,CEMICS_HotellingConst_1p5,17.3194,25.9368,31.9617,5.2211,2.5436,0.2814,0.0083,0.001,0.0009,0.0008,C1,C1: limit warming to 1.5°C (>50%) with no or limited overshoot
REMIND 2.1,CEMICS_HotellingConst_2C,17.3194,25.9368,35.3534,26.2097,9.1221,8.0834,8.014,7.2053,6.6517,6.0022,C3,C3: limit warming to 2°C (>67%)
REMIND 2.1,CEMICS_Linear_1p5,17.3194,25.9368,28.4351,3.7483,3.1912,2.0301,0.9142,0.1392,0.014,0.0008,C1,C1: limit warming to 1.5°C (>50%) with no or limited overshoot
REMIND 2.1,CEMICS_Linear_2C,17.3194,25.9368,35.0217,21.7294,8.0467,10.2877,11.5758,10.8897,9.2741,7.4002,C3,C3: limit warming to 2°C (>67%)
REMIND 2.1,CEMICS_NPI,17.3194,25.9368,34.8514,35.1492,32.8921,29.6629,25.1445,22.3075,18.6083,15.8241,C7,C7: limit warming to 4°C (>50%)
REMIND 2.1,CEMICS_opt_1p5,17.3194,25.9368,33.3904,6.9231,7.3359,9.701,10.4914,9.6383,7.9702,7.0612,C1,C1: limit warming to 1.5°C (>50%) with no or limited overshoot
REMIND 2.1,CEMICS_opt_2C,17.3194,25.9368,34.52,24.1766,9.4999,9.0183,9.6794,9.6634,9.587,9.3273,C3,C3: limit warming to 2°C (>67%)
REMIND 2.1,LeastTotalCost_Base_brkLR15_SSP1_P50,16.9474,22.1442,26.1156,25.5826,21.2092,16.7977,12.6918,9.5136,6.7667,4.8589,C6,C6: limit warming to 3°C (>50%)
REMIND 2.1,LeastTotalCost_Base_brkLR15_SSP2_P50,17.3017,24.0807,34.0755,36.8684,33.4929,28.9689,23.4438,19.8791,16.1804,12.451,C7,C7: limit warming to 4°C (>50%)
REMIND 2.1,LeastTotalCost_Base_brkLR15_SSP5_P50,17.3803,24.3524,41.5379,59.8191,65.8026,61.2625,46.2473,31.6858,21.6913,13.5744,C8,C8: exceed warming of 4°C (>=50%)
REMIND 2.1,LeastTotalCost_Base_brkSR15_SSP1_P50,16.9135,22.2353,26.5045,26.4227,22.1358,18.0187,14.096,10.6851,7.536,5.2557,C6,C6: limit warming to 3°C (>50%)
REMIND 2.1,LeastTotalCost_Base_brkSR15_SSP2_P50,17.276,24.038,34.2385,37.5664,34.6206,30.4601,25.1589,22.3871,19.0465,14.7757,C7,C7: limit warming to 4°C (>50%)
REMIND 2.1,LeastTotalCost_Base_brkSR15_SSP5_P50,17.4276,24.5361,41.9642,60.2124,65.3095,61.6449,49.2074,37.9552,28.5456,19.5661,C8,C8: exceed warming of 4°C (>=50%)
REMIND 2.1,LeastTotalCost_CBA_brkLR15_SSP2_P50,17.3167,25.9848,36.429,16.8565,11.3615,8.5773,8.9889,9.1156,8.1977,6.1796,C3,C3: limit warming to 2°C (>67%)
REMIND 2.1,LeastTotalCost_CBA_brkSR15_SSP2_P50,17.3167,25.9848,38.4498,30.9976,18.6411,11.4896,10.4072,11.7244,12.2313,11.6653,C3,C3: limit warming to 2°C (>67%)
REMIND 2.1,LeastTotalCost_CEA_brkLR15_SSP2_P50,17.3167,25.9848,36.2602,29.5165,13.2214,7.5484,8.6217,9.6812,10.8138,11.904,C3,C3: limit warming to 2°C (>67%)
REMIND 2.1,LeastTotalCost_CEA_brkSR15_SSP2_P50,17.3167,25.9848,36.5041,29.925,13.8221,7.7161,8.7331,9.6784,10.7391,11.879,C3,C3: limit warming to 2°C (>67%)
REMIND 2.1,LeastTotalCost_LTC_brkLR15_SSP1_P50,17.3167,25.9848,34.6979,17.1492,9.9316,6.3018,5.1376,4.626,3.1381,1.2211,C1,C1: limit warming to 1.5°C (>50%) with no or limited overshoot
REMIND 2.1,LeastTotalCost_LTC_brkLR15_SSP2_P50,17.3167,25.9848,36.4457,16.819,11.1747,8.2119,8.4085,8.3751,7.4713,5.7276,C3,C3: limit warming to 2°C (>67%)
REMIND 2.1,LeastTotalCost_LTC_brkLR15_SSP5_P50,17.3167,25.9848,53.1844,36.5969,20.3474,22.4889,23.7229,20.0354,14.4242,10.5476,C3,C3: limit warming to 2°C (>67%)
REMIND 2.1,LeastTotalCost_LTC_brkSR15_SSP1_P50,17.3167,25.9848,34.9316,27.8889,13.1935,6.5347,5.6032,5.6669,5.1382,4.0946,C2,C2: return warming to 1.5°C (>50%) after a high overshoot
REMIND 2.1,LeastTotalCost_LTC_brkSR15_SSP2_P50,17.3167,25.9848,38.6992,27.4016,14.1907,9.5869,10.029,10.6683,10.7619,10.4722,C3,C3: limit warming to 2°C (>67%)
REMIND 2.1,LeastTotalCost_LTC_brkSR15_SSP5_P50,17.3167,25.9848,52.114,42.8382,19.9255,20.9005,23.0581,20.4235,15.2403,11.1739,C3,C3: limit warming to 2°C (>67%)
REMIND 2.1,LeastTotalCost_NDC_brkLR15_SSP2_P50,17.3017,25.7716,35.2476,33.3197,26.5332,18.4265,13.5269,12.0139,10.6913,11.4985,C5,C5: limit warming to 2.5°C (>50%)
REMIND 2.1,LeastTotalCost_NDC_brkSR15_SSP2_P50,17.276,25.7856,35.478,33.9894,28.5511,20.6166,15.3877,13.3722,11.3241,11.6426,C5,C5: limit warming to 2.5°C (>50%)
REMIND 2.1,LeastTotalCost_NPi_brkLR15_SSP1_P50,17.3017,25.7716,29.6626,26.873,22.1108,15.8496,11.7884,8.7086,6.0557,4.5561,C5,C5: limit warming to 2.5°C (>50%)
REMIND 2.1,LeastTotalCost_NPi_brkLR15_SSP2_P50,17.3017,25.7716,34.1397,33.5894,29.3073,26.1791,21.8793,18.7503,15.117,11.8077,C7,C7: limit warming to 4°C (>50%)
REMIND 2.1,LeastTotalCost_NPi_brkLR15_SSP5_P50,17.3017,25.7716,46.8093,62.8058,66.6822,63.7691,49.3802,33.1784,20.9426,13.1195,C8,C8: exceed warming of 4°C (>=50%)
REMIND 2.1,LeastTotalCost_NPi_brkSR15_SSP1_P50,17.276,25.7856,29.9142,27.5225,22.6779,16.6992,12.9794,9.7575,6.7175,4.8351,C5,C5: limit warming to 2.5°C (>50%)
REMIND 2.1,LeastTotalCost_NPi_brkSR15_SSP2_P50,17.276,25.7856,34.6077,34.6229,30.8581,28.0856,24.138,21.4567,17.7598,13.5964,C7,C7: limit warming to 4°C (>50%)
REMIND 2.1,LeastTotalCost_NPi_brkSR15_SSP5_P50,17.276,25.7856,47.2168,63.6815,67.2428,64.9509,52.0407,38.9237,27.6134,18.077,C8,C8: exceed warming of 4°C (>=50%)
REMIND 2.1,R2p1_SSP1-Base,17.8373,23.151,28.0324,28.2814,23.4501,16.9204,11.4156,8.4323,6.0131,5.1718,C6,C6: limit warming to 3°C (>50%)
REMIND 2.1,R2p1_SSP1-NDC,18.1726,27.0203,33.9766,28.5693,17.0226,8.7591,6.7569,6.5767,6.3749,6.3202,C5,C5: limit warming to 2.5°C (>50%)
REMIND 2.1,R2p1_SSP1-NPi,18.1726,27.0203,32.754,29.0863,23.2861,15.8115,10.5127,7.7967,5.6359,5.1649,C5,C5: limit warming to 2.5°C (>50%)
REMIND 2.1,R2p1_SSP1-PkBudg1100,18.1726,27.0203,31.2364,17.8383,9.8415,5.9367,4.9683,3.4849,2.2082,1.0299,C2,C2: return warming to 1.5°C (>50%) after a high overshoot
REMIND 2.1,R2p1_SSP1-PkBudg1300,18.1726,27.0203,33.0244,22.8401,10.3863,6.3785,6.944,6.6537,5.3213,3.6467,C2,C2: return warming to 1.5°C (>50%) after a high overshoot
REMIND 2.1,R2p1_SSP1-PkBudg900,18.1726,27.0203,27.8081,13.2862,6.4266,1.8635,1.0182,0.3097,0.0076,0.0013,C1,C1: limit warming to 1.5°C (>50%) with no or limited overshoot
REMIND 2.1,R2p1_SSP2-Base,18.1726,24.9112,36.2741,41.0535,38.2865,32.7771,24.387,19.4044,15.5817,13.5927,C7,C7: limit warming to 4°C (>50%)
REMIND 2.1,R2p1_SSP2-NDC,18.1726,27.0203,35.6413,31.4029,23.599,15.6584,12.1882,12.0071,12.5033,14.0783,C5,C5: limit warming to 2.5°C (>50%)
REMIND 2.1,R2p1_SSP2-NPi,18.1726,27.0203,37.3865,37.0369,33.8628,27.807,21.9608,18.401,14.6413,13.2768,C7,C7: limit warming to 4°C (>50%)
REMIND 2.1,R2p1_SSP2-PkBudg1100,18.1726,27.0203,33.1285,17.3368,9.7346,7.9063,7.3561,5.7573,3.7522,2.116,C3,C3: limit warming to 2°C (>67%)
REMIND 2.1,R2p1_SSP2-PkBudg1300,18.1726,27.0203,35.6612,20.8875,10.5994,8.3396,9.7683,10.4104,9.8062,7.8224,C3,C3: limit warming to 2°C (>67%)
REMIND 2.1,R2p1_SSP2-PkBudg900,18.1726,27.0203,29.1576,11.1545,6.5388,5.428,4.3331,2.4216,0.953,0.2822,C1,C1: limit warming to 1.5°C (>50%) with no or limited overshoot
REMIND 2.1,R2p1_SSP5-Base,18.1178,25.0832,43.5646,64.3868,71.9923,67.343,52.1926,35.282,24.3807,15.7959,C8,C8: exceed warming of 4°C (>=50%)
REMIND 2.1,R2p1_SSP5-NDC,18.1726,27.0203,49.4308,63.5646,60.6421,50.1233,38.8517,25.8711,15.2051,14.3289,C7,C7: limit warming to 4°C (>50%)
REMIND 2.1,R2p1_SSP5-NPi,18.1726,27.0203,52.2489,68.2042,72.1634,70.5965,53.7402,35.8193,23.7145,15.1999,C8,C8: exceed warming of 4°C (>=50%)
REMIND 2.1,R2p1_SSP5-PkBudg1100,18.1726,27.0203,47.3016,24.5589,10.0085,12.3172,13.8046,14.0566,13.7289,13.7118,C2,C2: return warming to 1.5°C (>50%) after a high overshoot
REMIND 2.1,R2p1_SSP5-PkBudg1300,18.1726,27.0203,47.9106,32.665,12.791,13.3122,14.9537,14.9904,14.1553,13.7984,C3,C3: limit warming to 2°C (>67%)
REMIND 2.1,R2p1_SSP5-PkBudg900,18.1726,27.0203,35.5885,14.8843,10.0247,11.8642,12.8571,12.5271,12.6688,13.0398,C1,C1: limit warming to 1.5°C (>50%) with no or limited overshoot
REMIND 2.1,TechCost-SSP2-B1100-bioH,17.3056,25.395,32.1301,18.9401,10.8996,8.5044,9.1156,9.088,8.1578,6.3962,C3,C3: limit warming to 2°C (>67%)
REMIND 2.1,TechCost-SSP2-B1100-ccsH,17.3056,25.4951,31.6365,17.9446,10.6191,9.6505,7.9498,5.6598,3.5946,2.9503,C3,C3: limit warming to 2°C (>67%)
REMIND 2.1,TechCost-SSP2-B1100-coalH,17.3056,25.3716,30.7599,17.4012,9.9324,8.1411,7.9214,6.8784,5.2757,3.5284,C3,C3: limit warming to 2°C (>67%)
REMIND 2.1,TechCost-SSP2-B1100-elh2H,17.3056,25.4885,32.3347,18.3866,10.6926,8.8517,9.1238,8.8196,7.709799999999999,5.8164,C3,C3: limit warming to 2°C (>67%)
REMIND 2.1,TechCost-SSP2-B1100-gasH,17.3056,25.9114,32.0604,17.8406,9.8457,8.1526,8.1605,7.3864,5.9235,4.0891,C3,C3: limit warming to 2°C (>67%)
REMIND 2.1,TechCost-SSP2-B1100-nucH,17.3056,25.4365,29.358,14.7131,8.2495,8.0905,7.4649,6.3166,5.3019,4.532,C3,C3: limit warming to 2°C (>67%)
REMIND 2.1,TechCost-SSP2-B1100-oilH,17.3056,25.695,30.8023,16.8266,9.3349,7.6303,6.6209,4.7526,2.8204,1.5948,C3,C3: limit warming to 2°C (>67%)
REMIND 2.1,TechCost-SSP2-B1100-spvH,17.3056,24.9514,28.714,17.3793,10.8751,8.6095,8.0799,6.9496,5.4058,3.4572,C3,C3: limit warming to 2°C (>67%)
REMIND 2.1,TechCost-SSP2-B1100-windH,17.3056,24.8704,26.4881,14.4245,9.2459,8.3078,8.3492,7.5208,5.5319,2.9965,C3,C3: limit warming to 2°C (>67%)
REMIND-Buildings 2.0,BEG-Base,17.2638,22.2789,29.7092,33.5806,32.5093,30.1377,24.911,20.5278,16.229,14.2095,C7,C7: limit warming to 4°C (>50%)
REMIND-Buildings 2.0,BEG-Budg600,17.2638,22.2789,23.0858,6.7269,5.1364,5.0435,4.4405,3.3936,1.8454,0.5877,C2,C2: return warming to 1.5°C (>50%) after a high overshoot
REMIND-Buildings 2.0,BEG-Budg600-EG,17.2638,22.2789,19.7189,5.974,4.6249,4.6227,4.1495,3.3088,1.9246,0.693,C2,C2: return warming to 1.5°C (>50%) after a high overshoot
REMIND-Buildings 2.0,BEG-EG,17.2638,22.2789,26.6546,29.0165,28.0355,26.6485,23.4351,19.6478,15.2574,12.4961,C7,C7: limit warming to 4°C (>50%)
REMIND-H13 2.1,START_BAU,18.5781,25.9437,36.8733,40.4291,37.8001,33.447,27.5119,23.58,19.6954,16.1434,failed-vetting,failed-vetting
REMIND-H13 2.1,START_Current_Policies,18.5781,27.6953,37.7497,38.6199,35.5719,31.1279,25.9947,22.499,18.2783,15.2467,failed-vetting,failed-vetting
REMIND-H13 2.1,START_Net-zero,18.5781,27.6953,40.0924,32.038,18.9372,9.7842,10.8544,12.4524,13.0283,12.1805,failed-vetting,failed-vetting
REMIND-H13 2.1,START_Net-zero_noLandUse_CDRlim,18.5781,27.6953,36.9251,30.7163,17.3536,8.4343,9.117,10.5699,11.3122,11.0035,failed-vetting,failed-vetting
REMIND-H13 2.1,START_Net-zero_noNuc_lowVRE,18.5781,27.6953,40.5946,33.5783,19.4849,10.5722,11.8265,12.9839,12.6173,11.4791,failed-vetting,failed-vetting
REMIND-MAgPIE 1.5,SSP1-19,17.06,26.2,21.62,9.072,2.099,1.056,0.7855000000000001,0.3793,0.1729,0.0518,C2,C2: return warming to 1.5°C (>50%) after a high overshoot
REMIND-MAgPIE 1.5,SSP1-26,17.06,26.2,38.63,40.56,27.72,12.32,4.593999999999999,2.873999999999999,1.129,0.1885,C4,C4: limit warming to 2°C (>50%)
REMIND-MAgPIE 1.5,SSP1-34,17.06,26.2,37.3,42.39,40.42,28.73,14.09,3.674,0.6624,0.2131,C5,C5: limit warming to 2.5°C (>50%)
REMIND-MAgPIE 1.5,SSP1-45,17.06,26.2,36.95,42.44,43.2,36.14,24.27,12.55,4.399,1.127,C6,C6: limit warming to 3°C (>50%)
REMIND-MAgPIE 1.5,SSP1-Baseline,17.06,24.88,35.23,45.51,49.75,47.11,38.7,27.02,15.59,6.881,C7,C7: limit warming to 4°C (>50%)
REMIND-MAgPIE 1.5,SSP2-19,16.9,26.84,17.12,6.01,1.439,1.105999999999999,0.8368,0.4953,0.3144,0.1481,C1,C1: limit warming to 1.5°C (>50%) with no or limited overshoot
REMIND-MAgPIE 1.5,SSP2-26,16.9,26.84,36.64,30.24,19.6,11.18,6.579,2.957,0.6075,0.1224,C3,C3: limit warming to 2°C (>67%)
REMIND-MAgPIE 1.5,SSP2-34,16.9,26.84,40.92,47.01,44.06,33.1,20.53,10.57,4.13,1.166,C5,C5: limit warming to 2.5°C (>50%)
REMIND-MAgPIE 1.5,SSP2-45,16.9,26.84,41.81,55.2,59.5,52.44,36.12,18.98,7.592000000000001,1.450999999999999,C6,C6: limit warming to 3°C (>50%)
REMIND-MAgPIE 1.5,SSP2-60,16.9,26.84,42.37,57.63,69.02,67.35,53.62,34.23,16.64,5.861000000000002,C7,C7: limit warming to 4°C (>50%)
REMIND-MAgPIE 1.5,SSP2-Baseline,16.9,26.61,41.55,57.16,69.42,72.17,65.11,49.36,29.08,13.03,C7,C7: limit warming to 4°C (>50%)
REMIND-MAgPIE 1.5,SSP5-19,18.55,41.2,51.99,31.98,16.82,9.938,6.111000000000002,2.243,1.058,0.3457,C2,C2: return warming to 1.5°C (>50%) after a high overshoot
REMIND-MAgPIE 1.5,SSP5-26,18.55,41.2,76.59,93.14,85.6,68.44,51.52,25.82,10.9,5.622000000000001,C4,C4: limit warming to 2°C (>50%)
REMIND-MAgPIE 1.5,SSP5-34,18.55,41.2,83.87,117.9,135.3,128.1,98.61,61.27,27.34,16.25,C5,C5: limit warming to 2.5°C (>50%)
REMIND-MAgPIE 1.5,SSP5-45,18.55,41.2,83.79,117.8,136.2,135.3,119.2,94.16,66.33,48.6,C6,C6: limit warming to 3°C (>50%)
REMIND-MAgPIE 1.5,SSP5-60,18.55,41.2,82.43,123.7,153.7,155.8,135.3,106.7,78.67,50.77,C7,C7: limit warming to 4°C (>50%)
REMIND-MAgPIE 1.5,SSP5-Baseline,18.55,37.11,64.46,95.37,118.4,127.1,128.6,125.9,114.6,92.1,C8,C8: exceed warming of 4°C (>=50%)
REMIND-MAgPIE 1.7-3.0,CD-LINKS_INDC2030i_1000,16.0407,29.5222,42.8595,24.5785,5.2651,2.7646,1.7601,0.8525,0.0937,0.0009,C2,C2: return warming to 1.5°C (>50%) after a high overshoot
REMIND-MAgPIE 1.7-3.0,CD-LINKS_INDC2030i_1600,16.0407,29.5222,42.8595,35.2109,14.829,6.2997,4.3636,2.6184,0.7490000000000001,0.0252,C4,C4: limit warming to 2°C (>50%)
REMIND-MAgPIE 1.7-3.0,CD-LINKS_INDC2030i_400,16.0407,29.5222,42.8595,16.9885,0.7355,0.1652,0.111,0.0197,0.001,0.0009,C2,C2: return warming to 1.5°C (>50%) after a high overshoot
REMIND-MAgPIE 1.7-3.0,CD-LINKS_INDCi,16.0407,29.5222,42.8595,45.7472,37.6722,26.099,15.0932,12.0709,10.5727,10.702,C7,C7: limit warming to 4°C (>50%)
REMIND-MAgPIE 1.7-3.0,CD-LINKS_NDC2030i_1000,16.0407,29.5222,42.8595,24.5785,5.2651,2.7646,1.7601,0.8525,0.0937,0.0009,C3,C3: limit warming to 2°C (>67%)
REMIND-MAgPIE 1.7-3.0,CD-LINKS_NPi,16.0407,29.5222,43.6159,49.7149,45.2786,33.399,21.108,14.6775,11.0074,11.3433,C7,C7: limit warming to 4°C (>50%)
REMIND-MAgPIE 1.7-3.0,CD-LINKS_NPi2020_1000,16.0407,29.5222,33.8557,17.9974,7.7781,5.3469,3.4168,1.1679,0.0641,0.0009,C2,C2: return warming to 1.5°C (>50%) after a high overshoot
REMIND-MAgPIE 1.7-3.0,CD-LINKS_NPi2020_1600,16.0407,29.5222,36.1508,27.9045,13.3324,8.7398,6.3683,3.6022,1.6409,0.6445000000000001,C4,C4: limit warming to 2°C (>50%)
REMIND-MAgPIE 1.7-3.0,CD-LINKS_NPi2020_400,16.0407,29.5222,25.0475,6.3581,1.0358,0.6073000000000001,0.2761,0.0203,0.0011,0.0009,C1,C1: limit warming to 1.5°C (>50%) with no or limited overshoot
REMIND-MAgPIE 1.7-3.0,CD-LINKS_NoPolicy,16.0407,29.2371,43.7955,48.8744,43.5649,31.4719,19.5977,14.5798,11.3142,11.5121,C7,C7: limit warming to 4°C (>50%)
REMIND-MAgPIE 1.7-3.0,CO_2Deg2020,16.3395,29.7844,34.7445,24.0815,13.7447,8.1173,4.7903,1.1516,0.0357,0.0009,C2,C2: return warming to 1.5°C (>50%) after a high overshoot
REMIND-MAgPIE 1.7-3.0,CO_2Deg2030,16.3395,30.7101,43.8753,30.2505,10.2105,4.0908,2.2259,0.8482,0.0794,0.0009,C2,C2: return warming to 1.5°C (>50%) after a high overshoot
REMIND-MAgPIE 1.7-3.0,CO_BAU,16.3395,29.6557,42.7939,47.0563,41.3355,29.3547,18.3814,13.8045,10.7306,10.9553,C7,C7: limit warming to 4°C (>50%)
REMIND-MAgPIE 1.7-3.0,CO_Bridge,16.3395,29.7108,37.735,26.3284,11.8103,5.7186,3.3017,1.0873,0.042,0.0009,C2,C2: return warming to 1.5°C (>50%) after a high overshoot
REMIND-MAgPIE 1.7-3.0,CO_CurPol,16.3395,30.7101,44.7393,51.3786,46.0806,33.2428,20.9733,14.0837,10.4682,10.792,C7,C7: limit warming to 4°C (>50%)
REMIND-MAgPIE 1.7-3.0,CO_GPP,16.3395,29.7108,37.735,37.1356,24.1854,15.099,11.6109,9.7082,7.2436,5.5056,C5,C5: limit warming to 2.5°C (>50%)
REMIND-MAgPIE 1.7-3.0,CO_NDCplus,16.3395,30.7101,43.8753,46.8151,37.8961,25.5648,14.7047,11.6215,9.849,9.4779,C7,C7: limit warming to 4°C (>50%)
REMIND-MAgPIE 1.7-3.0,EMF33_1.5C_cost100,14.4263,20.1082,17.1041,9.9564,7.702299999999999,6.1285,3.3663,0.6965,0.2194,0.1191,C2,C2: return warming to 1.5°C (>50%) after a high overshoot
REMIND-MAgPIE 1.7-3.0,EMF33_1.5C_full,14.4263,20.1082,20.4404,14.1154,9.794,7.5585,4.361499999999999,0.9743000000000002,0.2202,0.0739,C2,C2: return warming to 1.5°C (>50%) after a high overshoot
REMIND-MAgPIE 1.7-3.0,EMF33_1.5C_nofuel,14.4263,20.1082,17.0419,5.582199999999999,1.836,1.290999999999999,0.8814000000000001,0.3944,0.2126,0.0443,C1,C1: limit warming to 1.5°C (>50%) with no or limited overshoot
REMIND-MAgPIE 1.7-3.0,EMF33_Baseline,14.4263,19.1257,23.7883,28.0125,31.8477,31.82989999999999,27.3873,20.4521,12.8347,9.797,C8,C8: exceed warming of 4°C (>=50%)
REMIND-MAgPIE 1.7-3.0,EMF33_Med2C_cost100,14.4263,20.1082,24.1073,25.254,27.3158,26.8879,23.0162,14.5865,5.1695,0.9375,C4,C4: limit warming to 2°C (>50%)
REMIND-MAgPIE 1.7-3.0,EMF33_Med2C_full,14.4263,20.1082,25.4206,29.2177,37.0289,37.5776,34.4013,25.3461,12.1595,4.6554,C5,C5: limit warming to 2.5°C (>50%)
REMIND-MAgPIE 1.7-3.0,EMF33_Med2C_limbio,14.4263,20.1082,22.4309,22.0711,22.7249,22.8145,18.6673,10.5386,3.5069,1.0029,C3,C3: limit warming to 2°C (>67%)
REMIND-MAgPIE 1.7-3.0,EMF33_Med2C_nobeccs,14.4263,20.1082,21.8745,18.7309,19.0402,18.9029,15.0486,8.4013,2.7276,0.8742000000000001,C4,C4: limit warming to 2°C (>50%)
REMIND-MAgPIE 1.7-3.0,EMF33_Med2C_nofuel,14.4263,20.1082,25.0178,29.8377,36.2226,34.9135,28.1012,16.201,4.77,0.9878,C4,C4: limit warming to 2°C (>50%)
REMIND-MAgPIE 1.7-3.0,EMF33_Med2C_none,14.4263,20.1082,21.1833,17.0849,18.4666,18.2907,14.3747,7.5351,2.1866,0.5637000000000001,C4,C4: limit warming to 2°C (>50%)
REMIND-MAgPIE 1.7-3.0,EMF33_WB2C_cost100,14.4263,20.1082,21.8872,20.2651,20.9901,19.576,14.2974,5.7012,0.8027,0.0831,C3,C3: limit warming to 2°C (>67%)
REMIND-MAgPIE 1.7-3.0,EMF33_WB2C_full,14.4263,20.1082,22.9272,23.4636,22.8115,21.5022,16.6531,7.403799999999999,1.2052,0.1069,C3,C3: limit warming to 2°C (>67%)
REMIND-MAgPIE 1.7-3.0,EMF33_WB2C_limbio,14.4263,20.1082,17.7733,15.5989,20.2064,21.5722,16.3141,7.3879,1.5553,0.0011,C3,C3: limit warming to 2°C (>67%)
REMIND-MAgPIE 1.7-3.0,EMF33_WB2C_nobeccs,14.4263,20.1082,12.0943,10.5734,13.1909,12.9146,8.555,3.2432,0.7071999999999998,0.0129,C3,C3: limit warming to 2°C (>67%)
REMIND-MAgPIE 1.7-3.0,EMF33_WB2C_nofuel,14.4263,20.1082,21.7937,17.908,15.8393,12.8221,8.6982,3.047,0.0892,0.004,C3,C3: limit warming to 2°C (>67%)
REMIND-MAgPIE 1.7-3.0,EMF33_WB2C_none,14.4263,20.1082,8.407799999999998,1.353,1.0597,0.7227,0.1904,0.0011,0.0011,0.0011,C3,C3: limit warming to 2°C (>67%)
REMIND-MAgPIE 1.7-3.0,EMF33_tax_hi_full,14.4263,19.1257,20.6504,20.1271,20.0491,19.2987,15.1643,6.709099999999999,0.9217,0.0739,C3,C3: limit warming to 2°C (>67%)
REMIND-MAgPIE 1.7-3.0,EMF33_tax_hi_none,14.4263,19.1257,20.4774,19.1852,20.2454,20.6184,16.2069,8.651999999999997,2.2403,0.2023,C4,C4: limit warming to 2°C (>50%)
REMIND-MAgPIE 1.7-3.0,EMF33_tax_lo_full,14.4263,19.1257,22.6837,24.5005,24.3031,23.6086,19.8153,17.252,13.3756,10.1439,C5,C5: limit warming to 2.5°C (>50%)
REMIND-MAgPIE 1.7-3.0,EMF33_tax_lo_none,14.4263,19.1257,23.1236,25.1778,25.2402,24.7097,21.1223,17.4319,12.5238,9.0302,C5,C5: limit warming to 2.5°C (>50%)
REMIND-MAgPIE 1.7-3.0,PEP_1p5C_full_NDC,16.3395,30.7101,43.8753,23.5487,5.6175,2.136,1.4895,0.4872,0.001,0.0009,C2,C2: return warming to 1.5°C (>50%) after a high overshoot
REMIND-MAgPIE 1.7-3.0,PEP_1p5C_full_eff,16.3395,29.7844,27.7662,15.4891,9.073,5.2848,2.503,0.2808,0.0011,0.0009,C1,C1: limit warming to 1.5°C (>50%) with no or limited overshoot
REMIND-MAgPIE 1.7-3.0,PEP_1p5C_full_goodpractice,16.3395,29.7072,39.4753,21.6514,5.782,1.9657,1.1471,0.3313,0.001,0.0009,C2,C2: return warming to 1.5°C (>50%) after a high overshoot
REMIND-MAgPIE 1.7-3.0,PEP_1p5C_full_netzero,16.3395,29.7844,38.3561,23.0543,7.6519,3.0983,1.7838,0.3209,0.0009,0.0008,C2,C2: return warming to 1.5°C (>50%) after a high overshoot
REMIND-MAgPIE 1.7-3.0,PEP_1p5C_red_eff,16.3395,29.7844,16.3461,7.5195,4.7955,1.7932,0.5794,0.0011,0.0011,0.0009,C1,C1: limit warming to 1.5°C (>50%) with no or limited overshoot
REMIND-MAgPIE 1.7-3.0,PEP_2C_full_NDC,16.3395,30.7101,43.8753,30.2505,10.2105,4.0908,2.2259,0.8482000000000001,0.0794,0.0009,C2,C2: return warming to 1.5°C (>50%) after a high overshoot
REMIND-MAgPIE 1.7-3.0,PEP_2C_full_eff,16.3395,29.7844,34.7445,24.0815,13.7447,8.1173,4.7903,1.1516,0.0357,0.0009,C2,C2: return warming to 1.5°C (>50%) after a high overshoot
REMIND-MAgPIE 1.7-3.0,PEP_2C_full_goodpractice,16.3395,29.7072,39.4753,28.0844,10.7663,4.4657,2.3944,0.7977000000000001,0.0724,0.0009,C2,C2: return warming to 1.5°C (>50%) after a high overshoot
REMIND-MAgPIE 1.7-3.0,PEP_2C_full_netzero,16.3395,29.7844,38.3561,27.189,12.0237,5.6389,3.3887,1.3328,0.0911,0.0008,C2,C2: return warming to 1.5°C (>50%) after a high overshoot
REMIND-MAgPIE 1.7-3.0,PEP_2C_red_NDC,16.3395,30.7101,43.8753,22.9798,6.5063,2.6182,0.9204,0.0014,0.0011,0.0009,C2,C2: return warming to 1.5°C (>50%) after a high overshoot
REMIND-MAgPIE 1.7-3.0,PEP_2C_red_eff,16.3395,29.7844,28.9141,16.2353,11.154,6.2455,2.424,0.3404,0.0013,0.0009,C1,C1: limit warming to 1.5°C (>50%) with no or limited overshoot
REMIND-MAgPIE 1.7-3.0,PEP_2C_red_goodpractice,16.3395,29.7072,39.4753,21.0979,7.01,2.8064,0.994,0.006,0.0011,0.0009,C2,C2: return warming to 1.5°C (>50%) after a high overshoot
REMIND-MAgPIE 1.7-3.0,PEP_2C_red_netzero,16.3395,29.7844,38.3561,21.8705,8.2159,2.9861,0.6673,0.0785,0.0009,0.0008,C2,C2: return warming to 1.5°C (>50%) after a high overshoot
REMIND-MAgPIE 1.7-3.0,PEP_NDC,16.3395,30.7101,43.8753,46.8151,37.8961,25.5648,14.7047,11.6215,9.849,9.4779,C7,C7: limit warming to 4°C (>50%)
REMIND-MAgPIE 1.7-3.0,PEP_NPi,16.3395,30.7101,44.7393,51.3786,46.0806,33.2428,20.9733,14.0837,10.4682,10.792,C7,C7: limit warming to 4°C (>50%)
REMIND-MAgPIE 1.7-3.0,PEP_NoPolicy,16.3395,29.6557,42.7939,47.0563,41.3355,29.3547,18.3814,13.8045,10.7306,10.9553,C7,C7: limit warming to 4°C (>50%)
REMIND-MAgPIE 1.7-3.0,PEP_goodpractice,16.3395,29.7072,39.4753,40.7021,31.0488,18.2602,12.0332,10.1189,8.722000000000001,8.0791,C6,C6: limit warming to 3°C (>50%)
REMIND-MAgPIE 1.7-3.0,PEP_netzero,16.3395,29.7844,38.3561,34.9824,23.0882,9.7528,3.9992,2.1146,0.5640000000000001,0.0394,C5,C5: limit warming to 2.5°C (>50%)
REMIND-MAgPIE 1.7-3.0,SMP_1p5C_Def,16.1437,26.8297,22.9546,9.8962,5.7243,4.0608,2.0176,0.4332,0.0121,0.0009,failed-vetting,failed-vetting
REMIND-MAgPIE 1.7-3.0,SMP_1p5C_Sust,16.1437,26.013,19.7529,8.1213,8.8942,8.7297,6.101,2.6101,0.5241,0.2428,failed-vetting,failed-vetting
REMIND-MAgPIE 1.7-3.0,SMP_1p5C_early,16.1437,23.5677,11.3169,3.3148,3.881,3.3591,2.0441,0.6445000000000001,0.0586,0.0008,failed-vetting,failed-vetting
REMIND-MAgPIE 1.7-3.0,SMP_1p5C_lifesty,16.1437,26.9568,26.7496,14.1766,7.9788,6.3154,3.7216,1.1506,0.1005,0.0009,failed-vetting,failed-vetting
REMIND-MAgPIE 1.7-3.0,SMP_1p5C_regul,16.1437,26.0048,19.7414,7.5326,4.0518,2.175,0.609,0.0272,0.001,0.0008,failed-vetting,failed-vetting
REMIND-MAgPIE 1.7-3.0,SMP_2C_Def,16.1437,27.0753,28.8903,18.0682,10.3029,8.2913,5.6288,2.3512,0.2139,0.0011,failed-vetting,failed-vetting
REMIND-MAgPIE 1.7-3.0,SMP_2C_Sust,16.1437,28.0906,32.6791,22.8124,14.2332,11.6378,10.107,7.4228,4.8019,3.0731,failed-vetting,failed-vetting
REMIND-MAgPIE 1.7-3.0,SMP_2C_early,16.1437,28.042,23.7461,9.1986,8.4107,7.8386,5.963200000000001,3.1001,0.7254,0.0793,failed-vetting,failed-vetting
REMIND-MAgPIE 1.7-3.0,SMP_2C_lifesty,16.1437,27.1287,30.6728,22.8605,13.0528,10.0021,7.1868,3.6356,0.9518,0.0814,C1,C1: limit warming to 1.5°C (>50%) with no or limited overshoot
REMIND-MAgPIE 1.7-3.0,SMP_2C_regul,16.1437,27.6565,31.2883,19.8342,10.6644,9.3325,6.3318,2.2845,0.5386000000000001,0.1621,failed-vetting,failed-vetting
REMIND-MAgPIE 1.7-3.0,SMP_REF_Def,16.1437,28.4443,40.4281,45.0299,40.2547,29.4425,19.289,14.4056,11.3378,11.5861,C7,C7: limit warming to 4°C (>50%)
REMIND-MAgPIE 1.7-3.0,SMP_REF_Sust,16.1075,26.7518,36.7838,43.0277,42.2015,33.8727,23.7905,15.3807,9.1807,8.43,C7,C7: limit warming to 4°C (>50%)
REMIND-MAgPIE 2.0-4.1,Diff_1300Gt_hybrid_def,17.3722,27.7151,37.4061,27.6575,14.9532,9.1737,9.8778,8.927,7.0496,5.5582,C3,C3: limit warming to 2°C (>67%)
REMIND-MAgPIE 2.0-4.1,Diff_1300Gt_no-transfer_def,17.3722,27.7151,31.0364,29.0544,18.5071,9.5855,9.4264,9.3065,8.23,7.0693,C3,C3: limit warming to 2°C (>67%)
REMIND-MAgPIE 2.0-4.1,Diff_1300Gt_uniform-pricing_def,17.3722,27.7151,39.0444,26.7524,10.6017,9.0006,10.3119,9.7941,7.9855,5.2654,C3,C3: limit warming to 2°C (>67%)
REMIND-MAgPIE 2.0-4.1,Diff_No-policy_baseline,17.3722,24.7642,37.1959,44.0803,41.8161,30.9741,18.4321,13.2597,11.677,12.0433,C7,C7: limit warming to 4°C (>50%)
REMIND-MAgPIE 2.1-4.2,CEMICS_SSP1-1p5C-fullCDR,16.9457,24.264,28.4474,5.5846,4.6955,4.8806,4.8359,4.7461,4.2153,3.6057,C1,C1: limit warming to 1.5°C (>50%) with no or limited overshoot
REMIND-MAgPIE 2.1-4.2,CEMICS_SSP1-1p5C-minCDR,16.9457,24.264,22.7841,2.5829,0.769,0.0053,0.001,0.0007,0.0009,0.0008,C1,C1: limit warming to 1.5°C (>50%) with no or limited overshoot
REMIND-MAgPIE 2.1-4.2,CEMICS_SSP1-Npi,16.9457,24.264,29.472,27.5419,22.556,17.3089,13.0512,10.2201,7.0379,5.9213,C6,C6: limit warming to 3°C (>50%)
REMIND-MAgPIE 2.1-4.2,CEMICS_SSP2-1p5C-fullCDR,17.3498,26.0314,30.2386,5.0179,4.313,4.9629,5.9253,7.2967,8.5498,9.6503,C1,C1: limit warming to 1.5°C (>50%) with no or limited overshoot
REMIND-MAgPIE 2.1-4.2,CEMICS_SSP2-1p5C-minCDR,17.3498,26.0314,16.6511,1.2257,0.0075,0.0031,0.0007,0.0007,0.0009,0.0008,C1,C1: limit warming to 1.5°C (>50%) with no or limited overshoot
REMIND-MAgPIE 2.1-4.2,CEMICS_SSP2-2C-fullCDR,17.3498,26.0314,36.0119,20.8656,6.663,8.5339,10.0157,11.224,12.3634,12.8767,C3,C3: limit warming to 2°C (>67%)
REMIND-MAgPIE 2.1-4.2,CEMICS_SSP2-2C-minCDR,17.3498,26.0314,33.4155,10.0808,4.9392,4.5329,2.963,1.2017,0.3073,0.0076,C3,C3: limit warming to 2°C (>67%)
REMIND-MAgPIE 2.1-4.2,CEMICS_SSP2-Npi,17.3498,26.0314,35.079,35.3574,33.0385,29.7919,25.2278,22.3177,18.5964,15.8006,C7,C7: limit warming to 4°C (>50%)
REMIND-MAgPIE 2.1-4.2,EN_INDCi2030_1000,18.2016,25.1426,31.8133,18.5461,9.979,6.6537,5.1845,3.0582,1.5929,0.6212,C3,C3: limit warming to 2°C (>67%)
REMIND-MAgPIE 2.1-4.2,EN_INDCi2030_1000_COV,18.0907,22.8937,28.9999,20.86,10.7399,7.7297,8.4401,8.816,8.8341,9.0897,C3,C3: limit warming to 2°C (>67%)
REMIND-MAgPIE 2.1-4.2,EN_INDCi2030_1000_COV_NDCp,18.0907,22.8937,27.2962,20.7081,10.6834,7.6374,8.5204,8.9764,9.0058,9.125,C3,C3: limit warming to 2°C (>67%)
REMIND-MAgPIE 2.1-4.2,EN_INDCi2030_1000_NDCp,18.2016,25.1426,29.6083,18.4625,9.9049,6.6387,5.2456,3.2803,1.8463,0.7971,C3,C3: limit warming to 2°C (>67%)
REMIND-MAgPIE 2.1-4.2,EN_INDCi2030_1000f,18.2016,25.1426,31.8133,18.7449,10.1281,7.1771,6.0166,3.5466,1.48,0.2838,C3,C3: limit warming to 2°C (>67%)
REMIND-MAgPIE 2.1-4.2,EN_INDCi2030_1000f_COV,18.0907,22.8937,28.9999,20.9613,10.7574,7.8103,8.5517,8.7826,7.5389,5.0345,C3,C3: limit warming to 2°C (>67%)
REMIND-MAgPIE 2.1-4.2,EN_INDCi2030_1000f_COV_NDCp,18.0907,22.8937,27.2962,21.0123,10.8211,7.8316,8.5566,8.7681,7.5375,5.121,C3,C3: limit warming to 2°C (>67%)
REMIND-MAgPIE 2.1-4.2,EN_INDCi2030_1000f_NDCp,18.2016,25.1426,29.6083,18.7951,10.1052,7.2034,6.1319,3.6963,1.5727,0.3146,C3,C3: limit warming to 2°C (>67%)
REMIND-MAgPIE 2.1-4.2,EN_INDCi2030_1200,18.2016,25.1426,31.8133,22.8773,11.7326,8.2234,9.1572,8.6865,6.4668,3.2307,C3,C3: limit warming to 2°C (>67%)
REMIND-MAgPIE 2.1-4.2,EN_INDCi2030_1200f,18.2016,25.1426,31.8133,22.6758,11.6482,8.16,9.1814,8.7881,6.6215,3.3259,C3,C3: limit warming to 2°C (>67%)
REMIND-MAgPIE 2.1-4.2,EN_INDCi2030_1400,18.2016,25.1426,31.8133,25.3203,14.7158,9.0602,10.1625,11.6248,11.8132,10.5986,C4,C4: limit warming to 2°C (>50%)
REMIND-MAgPIE 2.1-4.2,EN_INDCi2030_1400f,18.2016,25.1426,31.8133,25.3203,14.7158,9.0602,10.1625,11.6248,11.8132,10.5986,C4,C4: limit warming to 2°C (>50%)
REMIND-MAgPIE 2.1-4.2,EN_INDCi2030_1600,18.2016,25.1426,31.8133,28.3134,19.2153,11.8673,10.1909,11.9126,13.3116,14.3327,C5,C5: limit warming to 2.5°C (>50%)
REMIND-MAgPIE 2.1-4.2,EN_INDCi2030_1600f,18.2016,25.1426,31.8133,28.3134,19.2153,11.8673,10.1909,11.9126,13.3116,14.3327,C5,C5: limit warming to 2.5°C (>50%)
REMIND-MAgPIE 2.1-4.2,EN_INDCi2030_1800,18.2016,25.1426,31.8133,29.8122,22.2053,13.7556,10.9494,11.7483,13.1275,14.7548,C5,C5: limit warming to 2.5°C (>50%)
REMIND-MAgPIE 2.1-4.2,EN_INDCi2030_1800f,18.2016,25.1426,31.8133,29.8122,22.2053,13.7556,10.9494,11.7483,13.1275,14.7548,C5,C5: limit warming to 2.5°C (>50%)
REMIND-MAgPIE 2.1-4.2,EN_INDCi2030_2000,18.2016,25.1426,31.8133,31.0627,25.4014,16.1218,12.6031,12.4219,12.0081,9.1329,C5,C5: limit warming to 2.5°C (>50%)
REMIND-MAgPIE 2.1-4.2,EN_INDCi2030_2000f,18.2016,25.1426,31.8133,30.8081,24.5794,15.5011,12.2234,12.1872,12.8127,14.4885,C5,C5: limit warming to 2.5°C (>50%)
REMIND-MAgPIE 2.1-4.2,EN_INDCi2030_2500,18.2016,25.1426,31.8133,32.0426,27.3946,18.2842,13.8785,13.0481,12.4398,13.9428,C6,C6: limit warming to 3°C (>50%)
REMIND-MAgPIE 2.1-4.2,EN_INDCi2030_2500f,18.2016,25.1426,31.8133,32.0418,27.4007,18.2816,13.8767,13.0458,12.439,13.9434,C6,C6: limit warming to 3°C (>50%)
REMIND-MAgPIE 2.1-4.2,EN_INDCi2030_3000,18.2016,25.1426,31.8133,33.0826,28.9573,21.5572,16.1848,14.6397,12.4757,13.4406,C6,C6: limit warming to 3°C (>50%)
REMIND-MAgPIE 2.1-4.2,EN_INDCi2030_3000f,18.2016,25.1426,31.8133,33.0319,28.9128,21.5012,16.1476,14.6098,12.4846,13.4625,C6,C6: limit warming to 3°C (>50%)
REMIND-MAgPIE 2.1-4.2,EN_INDCi2030_300f,18.2016,25.1426,31.8133,14.7489,6.005,3.0248,1.7669,0.5756,0.0618,0.0008,C2,C2: return warming to 1.5°C (>50%) after a high overshoot
REMIND-MAgPIE 2.1-4.2,EN_INDCi2030_400f,18.2016,25.1426,31.8133,15.0618,6.3716,3.3063,2.0163,0.6169,0.0726,0.0008,C2,C2: return warming to 1.5°C (>50%) after a high overshoot
REMIND-MAgPIE 2.1-4.2,EN_INDCi2030_500f,18.2016,25.1426,31.8133,15.6677,6.8272,3.777,2.2996,0.8118,0.1322,0.0008,C2,C2: return warming to 1.5°C (>50%) after a high overshoot
REMIND-MAgPIE 2.1-4.2,EN_INDCi2030_600_COV,18.0907,22.8937,28.9999,7.6891,5.3691,5.1759,6.6058,7.7238,8.0049,8.7788,C2,C2: return warming to 1.5°C (>50%) after a high overshoot
REMIND-MAgPIE 2.1-4.2,EN_INDCi2030_600_COV_NDCp,18.0907,22.8937,27.2962,8.0771,5.4153,5.6141,7.0064,7.96,8.0558,9.096,C2,C2: return warming to 1.5°C (>50%) after a high overshoot
REMIND-MAgPIE 2.1-4.2,EN_INDCi2030_600f,18.2016,25.1426,31.8133,16.3495,7.4986,4.4857,2.5553,1.03,0.1948,0.0025,C2,C2: return warming to 1.5°C (>50%) after a high overshoot
REMIND-MAgPIE 2.1-4.2,EN_INDCi2030_600f_COV,18.0907,22.8937,28.9999,16.2583,8.0318,5.8417,4.474,2.5322,1.0048,0.1292,C2,C2: return warming to 1.5°C (>50%) after a high overshoot
REMIND-MAgPIE 2.1-4.2,EN_INDCi2030_600f_COV_NDCp,18.0907,22.8937,27.2962,16.2503,8.0441,5.8391,4.4975,2.5656,1.0027,0.124,C2,C2: return warming to 1.5°C (>50%) after a high overshoot
REMIND-MAgPIE 2.1-4.2,EN_INDCi2030_600f_NDCp,18.2016,25.1426,29.6083,16.3173,7.4363,4.3125,2.3367,0.8384,0.1151,0.0008,C2,C2: return warming to 1.5°C (>50%) after a high overshoot
REMIND-MAgPIE 2.1-4.2,EN_INDCi2030_700,18.2016,25.1426,31.8133,10.046,4.3379,4.2995,4.4306,3.9546,3.0621,2.4874,C3,C3: limit warming to 2°C (>67%)
REMIND-MAgPIE 2.1-4.2,EN_INDCi2030_700f,18.2016,25.1426,31.8133,16.894,7.9825,4.8171,2.4501,0.8102,0.1543,0.0008,C3,C3: limit warming to 2°C (>67%)
REMIND-MAgPIE 2.1-4.2,EN_INDCi2030_800,18.2016,25.1426,31.8133,13.4437,5.6186,4.6268,4.7206,4.4589,3.2608,1.9887,C3,C3: limit warming to 2°C (>67%)
REMIND-MAgPIE 2.1-4.2,EN_INDCi2030_800f,18.2016,25.1426,31.8133,17.4821,8.4794,5.6951,3.3637,1.3171,0.3243,0.0008,C3,C3: limit warming to 2°C (>67%)
REMIND-MAgPIE 2.1-4.2,EN_INDCi2030_900,18.2016,25.1426,31.8133,16.8973,8.0473,5.0026,3.445,2.3092,1.5736,0.9121,C3,C3: limit warming to 2°C (>67%)
REMIND-MAgPIE 2.1-4.2,EN_INDCi2030_900f,18.2016,25.1426,31.8133,18.125,9.3905,6.3921,4.6375,2.4216,0.741,0.0054,C3,C3: limit warming to 2°C (>67%)
REMIND-MAgPIE 2.1-4.2,EN_INDCi2100,18.2016,25.1426,31.8133,28.1814,22.643,15.429,12.2769,12.1592,12.6265,14.3166,C5,C5: limit warming to 2.5°C (>50%)
REMIND-MAgPIE 2.1-4.2,EN_INDCi2100_COV,18.0907,22.8937,28.9999,26.6514,21.0432,15.1546,11.467,11.005,11.2926,12.6863,C5,C5: limit warming to 2.5°C (>50%)
REMIND-MAgPIE 2.1-4.2,EN_INDCi2100_COV_NDCp,18.0907,22.8937,27.2962,26.3678,21.4565,15.4878,11.7572,11.2381,11.3254,12.6761,C5,C5: limit warming to 2.5°C (>50%)
REMIND-MAgPIE 2.1-4.2,EN_INDCi2100_NDCp,18.2016,25.1426,29.6083,28.2493,23.0229,15.7271,12.5696,12.388,12.6823,14.2997,C5,C5: limit warming to 2.5°C (>50%)
REMIND-MAgPIE 2.1-4.2,EN_NPi2020_1000,18.2016,25.1426,30.0327,15.9848,10.0282,7.8552,8.1701,6.6635,3.9126,1.4564,C3,C3: limit warming to 2°C (>67%)
REMIND-MAgPIE 2.1-4.2,EN_NPi2020_1000_COV,18.0907,22.8937,26.7837,18.014,9.6869,7.8022,8.9188,9.7805,9.8546,9.8348,C3,C3: limit warming to 2°C (>67%)
REMIND-MAgPIE 2.1-4.2,EN_NPi2020_1000f,18.2016,25.1426,30.0123,15.7518,9.8136,7.7794,8.2202,6.8575,4.048,1.3792,C3,C3: limit warming to 2°C (>67%)
REMIND-MAgPIE 2.1-4.2,EN_NPi2020_1000f_COV,18.0907,22.8937,27.0221,18.3577,9.6368,7.7708,8.822,9.5974,9.2898,7.7746,C3,C3: limit warming to 2°C (>67%)
REMIND-MAgPIE 2.1-4.2,EN_NPi2020_1200,18.2016,25.1426,30.544,20.6716,10.6381,8.2369,9.8379,10.5674,9.1505,5.1638,C3,C3: limit warming to 2°C (>67%)
REMIND-MAgPIE 2.1-4.2,EN_NPi2020_1200f,18.2016,25.1426,30.78,20.7128,10.4902,8.1773,9.7031,10.3599,9.3188,6.5941,C3,C3: limit warming to 2°C (>67%)
REMIND-MAgPIE 2.1-4.2,EN_NPi2020_1400,18.2016,25.1426,31.3583,25.6741,14.4112,8.7244,10.1439,11.7402,12.5405,12.2478,C4,C4: limit warming to 2°C (>50%)
REMIND-MAgPIE 2.1-4.2,EN_NPi2020_1400f,18.2016,25.1426,31.3583,25.6741,14.4112,8.7244,10.1439,11.7402,12.5405,12.2478,C4,C4: limit warming to 2°C (>50%)
REMIND-MAgPIE 2.1-4.2,EN_NPi2020_1600,18.2016,25.1426,32.4459,29.6084,19.0517,11.9881,10.1349,11.8164,13.2992,14.6667,C4,C4: limit warming to 2°C (>50%)
REMIND-MAgPIE 2.1-4.2,EN_NPi2020_1600f,18.2016,25.1426,32.4459,29.6084,19.0517,11.9881,10.1349,11.8164,13.2992,14.6667,C4,C4: limit warming to 2°C (>50%)
REMIND-MAgPIE 2.1-4.2,EN_NPi2020_1800,18.2016,25.1426,33.1574,32.536,23.881,14.0288,11.0944,11.775,12.1726,9.096,C5,C5: limit warming to 2.5°C (>50%)
REMIND-MAgPIE 2.1-4.2,EN_NPi2020_1800f,18.2016,25.1426,33.0026,32.145,23.1073,13.541,10.9811,11.7054,13.0977,14.7379,C5,C5: limit warming to 2.5°C (>50%)
REMIND-MAgPIE 2.1-4.2,EN_NPi2020_2000,18.2016,25.1426,33.3652,33.944,26.5149,16.3218,12.4399,12.2616,12.0424,9.1393,C5,C5: limit warming to 2.5°C (>50%)
REMIND-MAgPIE 2.1-4.2,EN_NPi2020_2000f,18.2016,25.1426,33.2666,33.5912,25.5724,15.5902,12.1483,12.0913,12.8253,14.488,C5,C5: limit warming to 2.5°C (>50%)
REMIND-MAgPIE 2.1-4.2,EN_NPi2020_200f,18.2016,25.1426,21.5385,10.9629,6.2869,4.2412,2.4316,0.7031,0.0294,0.0008,C1,C1: limit warming to 1.5°C (>50%) with no or limited overshoot
REMIND-MAgPIE 2.1-4.2,EN_NPi2020_2500,18.2016,25.1426,33.5326,35.5327,29.5854,18.7337,13.5285,12.7052,12.4541,13.9994,C6,C6: limit warming to 3°C (>50%)
REMIND-MAgPIE 2.1-4.2,EN_NPi2020_2500f,18.2016,25.1426,33.5343,35.5379,29.5968,18.7369,13.5288,12.7051,12.4541,13.9995,C6,C6: limit warming to 3°C (>50%)
REMIND-MAgPIE 2.1-4.2,EN_NPi2020_3000,18.2016,25.1426,34.1038,37.2379,31.6267,21.9901,15.6356,13.9889,12.2843,13.3816,C6,C6: limit warming to 3°C (>50%)
REMIND-MAgPIE 2.1-4.2,EN_NPi2020_3000f,18.2016,25.1426,34.0736,37.1699,31.5734,21.9821,15.6039,13.9812,12.2851,13.3844,C6,C6: limit warming to 3°C (>50%)
REMIND-MAgPIE 2.1-4.2,EN_NPi2020_300f,18.2016,25.1426,22.2971,11.2794,6.7856,4.3617,2.5145,0.6984,0.0437,0.0008,C1,C1: limit warming to 1.5°C (>50%) with no or limited overshoot
REMIND-MAgPIE 2.1-4.2,EN_NPi2020_400,18.2016,25.1426,7.8258,6.0359,5.1699,4.865,3.7177,1.7704,0.7469,0.2704,C1,C1: limit warming to 1.5°C (>50%) with no or limited overshoot
REMIND-MAgPIE 2.1-4.2,EN_NPi2020_400f,18.2016,25.1426,23.3116,11.4904,7.2895,4.7192,2.5394,0.7224,0.0546,0.0008,C1,C1: limit warming to 1.5°C (>50%) with no or limited overshoot
REMIND-MAgPIE 2.1-4.2,EN_NPi2020_500,18.2016,25.1426,14.9941,8.3649,5.6802,5.4095,4.3906,2.3319,0.9353,0.31,C1,C1: limit warming to 1.5°C (>50%) with no or limited overshoot
REMIND-MAgPIE 2.1-4.2,EN_NPi2020_500f,18.2016,25.1426,24.0618,11.631,7.5168,5.0422,2.6345,0.7711,0.0602,0.0008,C2,C2: return warming to 1.5°C (>50%) after a high overshoot
REMIND-MAgPIE 2.1-4.2,EN_NPi2020_600,18.2016,25.1426,20.6038,10.6167,6.1474,4.457,3.0094,1.2149,0.1614,0.001,C1,C1: limit warming to 1.5°C (>50%) with no or limited overshoot
REMIND-MAgPIE 2.1-4.2,EN_NPi2020_600_COV,18.0907,22.8937,21.156,11.1132,7.8038,7.5004,7.9023,7.893,7.7873,8.0296,C1,C1: limit warming to 1.5°C (>50%) with no or limited overshoot
REMIND-MAgPIE 2.1-4.2,EN_NPi2020_600f,18.2016,25.1426,24.8072,12.1874,8.0545,5.8342,3.2513,1.1324,0.2261,0.0008,C2,C2: return warming to 1.5°C (>50%) after a high overshoot
REMIND-MAgPIE 2.1-4.2,EN_NPi2020_600f_COV,18.0907,22.8937,23.9446,12.2263,8.3225,6.9436,6.3967,4.6661,2.3172,0.5713,C1,C1: limit warming to 1.5°C (>50%) with no or limited overshoot
REMIND-MAgPIE 2.1-4.2,EN_NPi2020_700,18.2016,25.1426,24.212,11.7447,7.7197,5.6825,3.7401,1.9995,0.8316,0.2637,C3,C3: limit warming to 2°C (>67%)
REMIND-MAgPIE 2.1-4.2,EN_NPi2020_700f,18.2016,25.1426,25.9766,12.5404,8.3627,6.4171,4.3174,2.216,0.8019,0.1124,C3,C3: limit warming to 2°C (>67%)
REMIND-MAgPIE 2.1-4.2,EN_NPi2020_800,18.2016,25.1426,26.5175,12.7542,8.591,6.5954,4.8008,2.8115,1.2487,0.3267,C3,C3: limit warming to 2°C (>67%)
REMIND-MAgPIE 2.1-4.2,EN_NPi2020_800f,18.2016,25.1426,27.3071,13.1079,9.0259,6.9465,5.4834,3.2002,1.3874,0.2944,C3,C3: limit warming to 2°C (>67%)
REMIND-MAgPIE 2.1-4.2,EN_NPi2020_900,18.2016,25.1426,28.6346,14.2988,9.4826,7.3162,6.5185,4.4104,2.0257,0.4845,C3,C3: limit warming to 2°C (>67%)
REMIND-MAgPIE 2.1-4.2,EN_NPi2020_900f,18.2016,25.1426,28.4979,14.1526,9.482,7.3503,6.7433,4.7868,2.2252,0.4551,C3,C3: limit warming to 2°C (>67%)
REMIND-MAgPIE 2.1-4.2,EN_NPi2100,18.2016,25.1426,33.0588,34.6532,32.5361,27.0076,21.6065,17.9815,13.963,13.3271,C7,C7: limit warming to 4°C (>50%)
REMIND-MAgPIE 2.1-4.2,EN_NPi2100_COV,18.0907,22.8937,29.4928,31.2962,29.9325,26.9789,21.7282,17.8304,13.5923,12.5269,C7,C7: limit warming to 4°C (>50%)
REMIND-MAgPIE 2.1-4.2,EN_NoPolicy,18.2016,25.2048,34.7308,38.4365,35.9227,30.4312,23.1764,18.9249,14.714,13.3573,C7,C7: limit warming to 4°C (>50%)
REMIND-MAgPIE 2.1-4.2,NGFS2_Below 2°C,18.5111,24.4087,28.3802,17.6319,9.5818,6.8897,5.0532,4.7394,3.9177,2.9417,C3,C3: limit warming to 2°C (>67%)
REMIND-MAgPIE 2.1-4.2,NGFS2_Below 2°C - IPD-95th,18.511,24.2051,28.1228,17.3405,10.0148,7.4085,5.3871,5.6452,4.9572,3.5237,C3,C3: limit warming to 2°C (>67%)
REMIND-MAgPIE 2.1-4.2,NGFS2_Below 2°C - IPD-median,18.511,24.2627,28.3268,17.5243,9.865,7.2339,5.2494,5.2704,4.451,3.1189,C3,C3: limit warming to 2°C (>67%)
REMIND-MAgPIE 2.1-4.2,NGFS2_Current Policies,18.5111,24.4087,32.8335,38.8404,39.4678,37.5005,31.8643,26.819,20.3882,14.7343,C7,C7: limit warming to 4°C (>50%)
REMIND-MAgPIE 2.1-4.2,NGFS2_Current Policies - IPD-95th,18.511,24.2051,32.1272,37.3926,37.3306,34.8225,29.1123,24.386,18.8183,13.5547,C7,C7: limit warming to 4°C (>50%)
REMIND-MAgPIE 2.1-4.2,NGFS2_Current Policies - IPD-median,18.511,24.2627,32.292,37.8009,38.0088,35.8073,30.2976,25.5478,19.6766,14.2381,C7,C7: limit warming to 4°C (>50%)
REMIND-MAgPIE 2.1-4.2,NGFS2_Delayed Transition,18.5111,24.4087,32.8335,17.9102,5.4908,2.8113,1.65,0.7664,0.0443,0.0008,C3,C3: limit warming to 2°C (>67%)
REMIND-MAgPIE 2.1-4.2,NGFS2_Divergent Net Zero Policies,18.5111,24.4087,21.6345,11.2171,7.1416,4.6848,2.5499,2.1128,1.6564,0.9667,C1,C1: limit warming to 1.5°C (>50%) with no or limited overshoot
REMIND-MAgPIE 2.1-4.2,NGFS2_Nationally Determined Contributions (NDCs),18.5111,24.4087,32.2807,35.4479,29.0235,19.2541,11.0641,8.8593,7.51,7.9319,C5,C5: limit warming to 2.5°C (>50%)
REMIND-MAgPIE 2.1-4.2,NGFS2_Net-Zero 2050,18.5111,24.4087,20.6463,9.2219,6.4382,5.2086,3.6587,1.4166,0.0753,0.0044,C1,C1: limit warming to 1.5°C (>50%) with no or limited overshoot
REMIND-MAgPIE 2.1-4.2,NGFS2_Net-Zero 2050 - IPD-95th,18.511,24.2051,19.7707,9.3399,6.368,5.1574,3.6528,1.4106,0.0729,0.0021,C1,C1: limit warming to 1.5°C (>50%) with no or limited overshoot
REMIND-MAgPIE 2.1-4.2,NGFS2_Net-Zero 2050 - IPD-median,18.511,24.2627,19.7958,9.2358,6.3252,5.1641,3.658,1.4039,0.0684,0.0016,C1,C1: limit warming to 1.5°C (>50%) with no or limited overshoot
REMIND-MAgPIE 2.1-4.2,SusDev_SDP-NPi,18.2008,25.1154,32.5529,30.5624,24.9433,15.2356,10.7982,7.6991,5.3349,4.5778,C5,C5: limit warming to 2.5°C (>50%)
REMIND-MAgPIE 2.1-4.2,SusDev_SDP-PkBudg1000,18.2008,25.1154,28.3505,14.1633,9.4279,6.1712,3.7103,2.1362,1.1443,0.3716,C1,C1: limit warming to 1.5°C (>50%) with no or limited overshoot
REMIND-MAgPIE 2.1-4.2,SusDev_SSP1-NDC,18.2008,25.1154,30.0836,24.8465,15.5279,8.1319,6.6209,6.6527,6.442,6.3444,C5,C5: limit warming to 2.5°C (>50%)
REMIND-MAgPIE 2.1-4.2,SusDev_SSP1-NPi,18.2008,25.1154,29.5184,26.9328,21.2404,14.5281,10.5518,7.8684,5.5887,5.3097,C5,C5: limit warming to 2.5°C (>50%)
REMIND-MAgPIE 2.1-4.2,SusDev_SSP1-PkBudg900,18.2008,25.1154,20.2896,11.4734,6.0196,2.0281,1.0206,0.3268,0.0176,0.0012,C1,C1: limit warming to 1.5°C (>50%) with no or limited overshoot
REMIND-MAgPIE 2.1-4.2,SusDev_SSP2-NDC,18.2008,25.1154,31.562,27.8796,22.4914,15.3386,12.2082,12.092,12.594,14.2007,C5,C5: limit warming to 2.5°C (>50%)
REMIND-MAgPIE 2.1-4.2,SusDev_SSP2-NPi,18.2008,25.1154,32.9571,34.5489,32.4654,26.9968,21.6157,17.969,13.9315,13.2719,C7,C7: limit warming to 4°C (>50%)
REMIND-MAgPIE 2.1-4.2,SusDev_SSP2-PkBudg900,18.2008,25.1154,20.7628,10.3903,6.2807,5.36,4.4591,2.6357,1.0359,0.2608,C1,C1: limit warming to 1.5°C (>50%) with no or limited overshoot
REMIND-MAgPIE 2.1-4.3,DeepElec_SSP2_ HighRE_Budg1100,18.1818,25.4163,21.2751,12.9146,8.2998,4.0954,1.3633,1.2703,0.7854,0.2991,C3,C3: limit warming to 2°C (>67%)
REMIND-MAgPIE 2.1-4.3,DeepElec_SSP2_ HighRE_Budg1300,18.1818,25.4163,23.4639,14.2897,11.4769,8.0311,4.259,2.2403,1.2123,0.6702,C3,C3: limit warming to 2°C (>67%)
REMIND-MAgPIE 2.1-4.3,DeepElec_SSP2_ HighRE_Budg900,18.1818,25.4163,16.3855,9.3682,4.3861,1.9015,0.8724,0.6069,0.15,0.0014,C1,C1: limit warming to 1.5°C (>50%) with no or limited overshoot
REMIND-MAgPIE 2.1-4.3,DeepElec_SSP2_Base,18.1818,26.1022,35.8255,42.247,41.6343,36.8745,29.0767,21.98,16.587,12.8143,C7,C7: limit warming to 4°C (>50%)
REMIND-MAgPIE 2.1-4.3,DeepElec_SSP2_Npi,18.1818,25.4163,34.6748,40.5154,40.1928,35.5379,27.5726,20.178,14.431,11.1977,C7,C7: limit warming to 4°C (>50%)
REMIND-MAgPIE 2.1-4.3,DeepElec_SSP2_def_Budg1100,18.1818,25.4163,25.946,15.7078,9.5207,7.3861,6.367,6.9376,6.8773,6.3597,C2,C2: return warming to 1.5°C (>50%) after a high overshoot
REMIND-MAgPIE 2.1-4.3,DeepElec_SSP2_def_Budg1300,18.1818,25.4163,29.9005,21.1144,10.7576,7.5574,6.528,7.4631,7.9611,8.029,C3,C3: limit warming to 2°C (>67%)
REMIND-MAgPIE 2.1-4.3,DeepElec_SSP2_def_Budg900,18.1818,25.4163,20.6838,10.765,6.1391,4.2201,2.8296,2.8964,2.413,1.5153,C1,C1: limit warming to 1.5°C (>50%) with no or limited overshoot
REMIND-Transport 2.1,Transport_Budg1100_Conv,18.1516,25.1306,24.295,10.7785,5.1975,2.1538,1.023,0.3721,0.0014,0.0009,C3,C3: limit warming to 2°C (>67%)
REMIND-Transport 2.1,Transport_Budg1100_Conv-LowD,18.1516,25.1306,25.8529,12.068,6.1883,2.5422,1.1088,0.4716,0.0017,0.001,C3,C3: limit warming to 2°C (>67%)
REMIND-Transport 2.1,Transport_Budg1100_ConvSyn,18.1516,25.1306,39.0254,22.5633,11.0211,6.1035,2.4475,1.2811,0.362,0.0598,C3,C3: limit warming to 2°C (>67%)
REMIND-Transport 2.1,Transport_Budg1100_ElecPush,18.1516,25.1306,26.8001,13.1108,7.3919,3.6226,1.3529,0.6384,0.0015,0.001,C3,C3: limit warming to 2°C (>67%)
REMIND-Transport 2.1,Transport_Budg1100_ElecPush-LowD,18.1516,25.1306,27.4066,13.8641,8.5562,4.4859,1.4951,0.6331,0.0265,0.0365,C3,C3: limit warming to 2°C (>67%)
REMIND-Transport 2.1,Transport_Budg1100_H2Push,18.1516,25.1306,25.6358,12.364,6.4574,3.3962,1.3942,0.6051,0.0017,0.001,C3,C3: limit warming to 2°C (>67%)
REMIND-Transport 2.1,Transport_NDC_Conv,18.1516,25.1306,34.6327,29.7746,26.0493,20.1074,14.1417,12.7671,12.4359,14.2241,C6,C6: limit warming to 3°C (>50%)
REMIND-Transport 2.1,Transport_NPi_Conv,18.1516,25.1306,34.4102,34.5295,31.9801,28.2253,23.5083,20.1938,16.6446,13.9513,C7,C7: limit warming to 4°C (>50%)
REMIND_EU 2.0,Eff_1p5,18.6349766,25.9233642,26.7461184,4.4057206,5.1013337000000005,4.6430154,3.5193879000000003,2.3871947,1.2786985,0.4343115,failed-vetting,failed-vetting
REMIND_EU 2.0,Eff_Weak,18.6349766,25.9233642,32.4412061,15.32177,8.081328000000001,7.2604495,6.4710691,6.0455082,5.2975728,4.5949004,failed-vetting,failed-vetting
REMIND_EU 2.0,Eff_min80,18.6349766,25.9233642,30.8800436,7.149224599999999,5.186942,5.3893113,4.7823798,3.8953276,2.9331494,1.825465,failed-vetting,failed-vetting
REMIND_EU 2.0,Incumb_1p5,18.6898097,26.2421947,34.1572375,12.931480100000002,8.9946841,10.1541332,9.4878905,7.9442393,6.4417541,4.8310564000000005,failed-vetting,failed-vetting
REMIND_EU 2.0,Incumb_Weak,18.6898097,26.2421947,37.2068457,30.1053902,14.7051092,12.8514928,11.9006255,10.695545,9.4810604,8.0704654,failed-vetting,failed-vetting
REMIND_EU 2.0,Incumb_min80,18.6898097,26.2421947,35.5691971,19.3922015,9.6869388,11.0520491,10.806862,9.7106205,8.5186709,6.580762200000001,failed-vetting,failed-vetting
REMIND_EU 2.0,NewPl_1p5,18.6204151,25.3368193,23.6813346,5.1156601,6.2355862,5.727778900000001,4.0213437,2.2999478,0.7312136,0.0018848,failed-vetting,failed-vetting
REMIND_EU 2.0,NewPl_Weak,18.6204151,25.3368193,29.2989791,11.8481692,7.8623404,7.958300500000001,8.339409900000001,7.7443263,6.203467400000001,4.4428885000000005,failed-vetting,failed-vetting
REMIND_EU 2.0,NewPl_min80,18.6204151,25.3368193,27.6114385,6.2481713,6.7392855,7.2486508,6.2784306,4.8572885,3.2829165,1.8758478,failed-vetting,failed-vetting
Reference,IEA Energy Statistics (r2017),17.3805012,23.56744750927118,29.300336199995503,29.95976885397693,30.58314110004069,30.92228335049757,30.130445454330008,28.546725944975563,26.215552656813696,24.844564034319983,failed-vetting,failed-vetting
TIAM-ECN 1.1,EN_INDCi2030_1000,17.38,26.54620125169006,35.8487395468293,22.3717613250812,21.74592274724981,17.9510302243818,15.82145537679296,14.53362912718056,11.49839497905883,10.56269076784378,C3,C3: limit warming to 2°C (>67%)
TIAM-ECN 1.1,EN_INDCi2030_1000_COV,17.38,26.53871106966025,35.43998694096116,22.65429692533569,22.17142625448875,19.50548123723193,18.33284553919421,18.49244859013963,17.3897934550539,18.94170079043054,C3,C3: limit warming to 2°C (>67%)
TIAM-ECN 1.1,EN_INDCi2030_1000_NDCp,17.38,26.54608105986588,34.15532702598792,22.5334755752972,21.73691817256889,17.90131153883574,15.62585512051947,14.25084956006589,11.70197525100824,11.01992172020547,C3,C3: limit warming to 2°C (>67%)
TIAM-ECN 1.1,EN_INDCi2030_1000f,17.38,26.54620125169006,35.8487395468293,23.86291499063487,15.65745448249695,16.64346070019766,15.59357714888877,16.11180525115434,17.29718000958568,15.48800585690735,C3,C3: limit warming to 2°C (>67%)
TIAM-ECN 1.1,EN_INDCi2030_1000f_COV,17.38,26.53871106966025,35.43998694096116,23.13742436150179,15.58598799067033,17.10181712828708,16.0622332531565,16.29333472595552,17.58467460536492,17.40546418541068,C3,C3: limit warming to 2°C (>67%)
TIAM-ECN 1.1,EN_INDCi2030_1000f_NDCp,17.38,26.54608105986588,34.15532702598792,23.81344637428386,16.1288428861269,16.9289911289187,16.01435193324335,16.33093709783381,17.48194922561447,17.5024106536418,C3,C3: limit warming to 2°C (>67%)
TIAM-ECN 1.1,EN_INDCi2030_1200,17.38,26.54620125169006,35.8487395468293,24.50459584424331,16.53625278536469,17.13639435630792,15.81478985289172,15.71846652258518,13.08046147364941,11.8164932334452,C3,C3: limit warming to 2°C (>67%)
TIAM-ECN 1.1,EN_INDCi2030_1200f,17.38,26.54620125169006,35.8487395468293,25.7901222537341,18.26454047456551,16.35076117672442,16.52131707552161,16.24017536735656,17.66632264193685,17.73361479780868,C3,C3: limit warming to 2°C (>67%)
TIAM-ECN 1.1,EN_INDCi2030_1400,17.38,26.54620125169006,35.8487395468293,27.0171916191693,18.62258798623055,13.24341870414064,16.49203966220605,15.54620500485974,13.02688678603638,10.94806680113671,C4,C4: limit warming to 2°C (>50%)
TIAM-ECN 1.1,EN_INDCi2030_1400f,17.38,26.54620125169006,35.8487395468293,27.19584822908797,19.2136409895911,12.55233361814891,13.59599820026334,15.93571013312835,17.13030527478094,16.7896879051764,C4,C4: limit warming to 2°C (>50%)
TIAM-ECN 1.1,EN_INDCi2030_1600,17.38,26.54620125169006,35.8487395468293,28.90997838170538,20.51248749164136,13.34630451510454,14.54240661594197,16.70965389334171,15.54129207070433,13.94890889447104,C4,C4: limit warming to 2°C (>50%)
TIAM-ECN 1.1,EN_INDCi2030_1600f,17.38,26.54620125169006,35.8487395468293,29.07979722178503,19.95673819020033,12.52302527473642,13.89084271029606,17.22105663692656,16.83160014848041,16.56305131526736,C5,C5: limit warming to 2.5°C (>50%)
TIAM-ECN 1.1,EN_INDCi2030_2000,17.38,26.54570480733592,35.05539497270178,28.40239893052166,21.63107290342634,11.90533161842983,9.50234690928788,15.15220772240422,15.51183321266808,15.11940249683247,C5,C5: limit warming to 2.5°C (>50%)
TIAM-ECN 1.1,EN_INDCi2030_2000f,17.38,26.54570426437044,35.0554913679638,28.40248847579841,21.63123097448418,11.90575108595015,9.50223939020305,15.15220591724706,15.51149690079452,15.11921437405539,C5,C5: limit warming to 2.5°C (>50%)
TIAM-ECN 1.1,EN_INDCi2030_2500,17.38,26.54620125169006,35.8487395468293,32.25222604134468,23.54682440483872,14.09325701443645,11.05943104230039,10.46082736192522,13.80729814652364,13.79819979587192,C5,C5: limit warming to 2.5°C (>50%)
TIAM-ECN 1.1,EN_INDCi2030_2500f,17.38,26.54620125169006,35.8487395468293,32.25224524610235,23.54689278793993,14.09325048971249,11.05938595897004,10.46061823368662,13.80716181677067,13.79710001696029,C5,C5: limit warming to 2.5°C (>50%)
TIAM-ECN 1.1,EN_INDCi2030_3000,17.38,26.54620125169006,35.8487395468293,34.66701386310364,26.9282913442471,16.48259560419159,13.6091412951815,13.30333353649666,11.69471617444831,13.13520969799607,C6,C6: limit warming to 3°C (>50%)
TIAM-ECN 1.1,EN_INDCi2030_3000f,17.4,26.5,35.8,34.7,26.8,16.4,13.6,13.3,11.7,13.2,C6,C6: limit warming to 3°C (>50%)
TIAM-ECN 1.1,EN_INDCi2030_900,17.38,26.54620125169006,35.8487395468293,25.45146163242588,24.41966664218376,20.47894367769754,15.95772153076579,14.3635297037083,11.30586678443693,10.79731395344461,C3,C3: limit warming to 2°C (>67%)
TIAM-ECN 1.1,EN_INDCi2030_900f,17.38,26.54620125169006,35.8487395468293,23.58155942666424,18.96920791029479,18.15607986319676,16.52237832057772,17.22259644554266,19.78817745838212,17.74228436483659,C3,C3: limit warming to 2°C (>67%)
TIAM-ECN 1.1,EN_INDCi2100,17.38,26.54620125169006,35.8487395468293,36.29481403634026,32.05981645282835,17.80026184144255,17.24099129854611,17.63529945657284,19.87895364468463,24.00775049357986,C7,C7: limit warming to 4°C (>50%)
TIAM-ECN 1.1,EN_INDCi2100_COV,17.4,26.5,35.4,36.1,31.2,17.1,17.1,17.5,19.4,23.1,C7,C7: limit warming to 4°C (>50%)
TIAM-ECN 1.1,EN_INDCi2100_NDCp,17.38,26.54608105986588,34.15532702598792,35.99223830212893,31.95608757133784,17.48497327782291,17.0092247435979,17.48194699101201,19.62821370217202,23.53836175747425,C7,C7: limit warming to 4°C (>50%)
TIAM-ECN 1.1,EN_NPi2020_1000,17.38,27.16769682944648,27.80342259415539,21.16197510151174,16.64950761211868,16.69014890378244,15.1145926967681,13.91831259689676,11.41771042933366,10.34058916656353,C3,C3: limit warming to 2°C (>67%)
TIAM-ECN 1.1,EN_NPi2020_1000_COV,17.38,27.14137749227426,27.81268204620081,20.51364307540538,15.51046978644789,17.1697309487212,15.40754118380255,14.11216634230053,10.98582665502869,10.37553150317786,C3,C3: limit warming to 2°C (>67%)
TIAM-ECN 1.1,EN_NPi2020_1000f,17.38,27.15006295488676,31.27359180432552,22.74248750021809,15.79250787738951,16.21899107916937,15.87488785683729,16.34356494583244,17.3584865430621,16.01779113296918,C3,C3: limit warming to 2°C (>67%)
TIAM-ECN 1.1,EN_NPi2020_1000f_COV,17.38,27.15225459135481,32.36470008985801,22.46027464921963,15.31770259599542,16.00486965769979,15.3854811291174,16.09884798100515,17.20966632999364,15.98708433995098,C3,C3: limit warming to 2°C (>67%)
TIAM-ECN 1.1,EN_NPi2020_1200,17.38,27.30701566851456,32.96694380994872,23.60406254535246,16.1473183722884,16.29889795752185,15.18738413198487,14.74956700334932,12.68357658196186,11.73395237164502,C3,C3: limit warming to 2°C (>67%)
TIAM-ECN 1.1,EN_NPi2020_1200f,17.38,27.31070330205252,33.15794223943635,24.24434616084419,18.35653231051445,15.4837952982038,15.54289832531668,15.60468687288385,16.84161754208905,15.87386691804051,C3,C3: limit warming to 2°C (>67%)
TIAM-ECN 1.1,EN_NPi2020_1400,17.38,27.30972053379187,32.83927538953068,24.85783313984513,18.24931206597577,12.89336946248547,15.50894091770256,14.98948733243577,13.57610666262198,10.87961052812244,C4,C4: limit warming to 2°C (>50%)
TIAM-ECN 1.1,EN_NPi2020_1400f,17.38,27.32405923542925,33.70536088955159,26.48737921071578,19.97382633482874,12.5534356689987,12.33102635304513,15.78572704798921,17.20967515101833,17.25773950905355,C4,C4: limit warming to 2°C (>50%)
TIAM-ECN 1.1,EN_NPi2020_1600,17.38,27.32301002978052,35.15460718798018,28.71313619773856,19.63534971148813,12.22472277758233,13.40390101566606,15.78549431579734,15.32919953142077,14.4393929310819,C4,C4: limit warming to 2°C (>50%)
TIAM-ECN 1.1,EN_NPi2020_1600f,17.38,27.32164187156184,35.46436631949182,28.28294190393449,19.50994609837792,12.28173902910895,12.94287363182139,16.4638968846736,16.14385938222513,16.70194972656622,C5,C5: limit warming to 2.5°C (>50%)
TIAM-ECN 1.1,EN_NPi2020_2000,17.38,27.32006127958378,37.17352762023749,28.1940006236082,21.21671188280404,10.5549398348762,10.84045966953894,14.97244384882281,15.60602465949924,15.43477224117019,C5,C5: limit warming to 2.5°C (>50%)
TIAM-ECN 1.1,EN_NPi2020_2000f,17.38,27.32064001170427,37.27205426171805,28.35433078305049,21.37977672882386,10.6808720949849,10.78232262819515,15.05631777699224,15.75914315947274,15.82787459000658,C5,C5: limit warming to 2.5°C (>50%)
TIAM-ECN 1.1,EN_NPi2020_2500,17.38,27.32117560651781,38.93936042110285,33.73493521925793,24.47063495081555,12.0551559384278,10.54101692458306,9.9270569293984,12.9311739971993,13.02048645232013,C5,C5: limit warming to 2.5°C (>50%)
TIAM-ECN 1.1,EN_NPi2020_2500f,17.38,27.32117381796818,38.93933623613177,33.73521781240968,24.4704239043305,12.05548597887789,10.54145574451532,9.926509739824454,12.93156649240865,13.02130743900811,C5,C5: limit warming to 2.5°C (>50%)
TIAM-ECN 1.1,EN_NPi2020_3000,17.38,27.32154821386951,39.80677126385442,35.72368448740325,27.5740658095301,14.19326814455084,12.673237348803,11.98492419897069,10.6292845790511,12.10652334603394,C6,C6: limit warming to 3°C (>50%)
TIAM-ECN 1.1,EN_NPi2020_3000f,17.38,27.32154788880112,39.80669111698101,35.72342267718418,27.57387715618592,14.19328182908393,12.67274576393942,11.98436295782678,10.62928832305873,12.10665740667363,C6,C6: limit warming to 3°C (>50%)
TIAM-ECN 1.1,EN_NPi2020_800,17.4,26.9,24.0,20.0,22.4,17.3,15.4,13.6,11.1,11.0,C3,C3: limit warming to 2°C (>67%)
TIAM-ECN 1.1,EN_NPi2020_800f,17.4,27.2,27.5,20.9,16.9,16.6,15.2,16.0,18.4,16.0,C3,C3: limit warming to 2°C (>67%)
TIAM-ECN 1.1,EN_NPi2020_900,17.38,27.14197611788433,25.31916301585121,20.19564549175693,19.89242420543218,16.90863716853327,14.96139436069463,14.11229981796498,11.58591940314,11.02130026372347,C3,C3: limit warming to 2°C (>67%)
TIAM-ECN 1.1,EN_NPi2020_900f,17.38,27.16385889647814,28.4981363405266,21.5841332530756,14.90442737807437,16.28718619984327,15.27462782327348,16.15809626451036,17.20663504202627,15.48111560740078,C3,C3: limit warming to 2°C (>67%)
TIAM-ECN 1.1,EN_NPi2100,17.38,27.31509526233647,40.7289355920319,38.99973283969803,34.16226100793604,17.90877285892342,17.15060300675861,17.22822722503955,18.98593130778139,23.3420840146477,C7,C7: limit warming to 4°C (>50%)
TIAM-ECN 1.1,EN_NPi2100_COV,17.38,27.332091451678,40.3013677545265,38.48843943246678,33.29126507373711,17.5524895019687,17.18872807657365,17.29533723276977,18.72062779836036,22.33594601528539,C7,C7: limit warming to 4°C (>50%)
TIAM-ECN AFR 1.1,2DC,17.38,21.76103297379757,20.22099397917995,14.28007732580483,12.4230535348309,30.92228335049757,30.130445454330008,28.546725944975563,26.215552656813696,24.844564034319983,failed-vetting,failed-vetting
TIAM-ECN AFR 1.1,CAP,17.38,25.40141161760876,30.6413325445726,26.30987719616269,21.41855182058752,30.92228335049757,30.130445454330008,28.546725944975563,26.215552656813696,24.844564034319983,failed-vetting,failed-vetting
TIAM-ECN AFR 1.1,REF,17.38,23.02103158612761,29.82346951873102,33.74808696024151,39.13604583227066,30.92228335049757,30.130445454330008,28.546725944975563,26.215552656813696,24.844564034319983,failed-vetting,failed-vetting
TIAM-ECN AFR 1.1,TAX,17.38,26.1219457386047,31.81776933942666,25.17671522789076,17.03202138754646,30.92228335049757,30.130445454330008,28.546725944975563,26.215552656813696,24.844564034319983,failed-vetting,failed-vetting
TIAM-ECN ETH 1.1,RCP2.6,17.38,21.77759303932656,20.32750096163119,14.22117461937599,12.46438164540122,30.92228335049757,30.130445454330008,28.546725944975563,26.215552656813696,24.844564034319983,failed-vetting,failed-vetting
TIAM-ECN ETH 1.1,baseline,17.38,22.96269000157487,29.73187688984851,33.57384802408021,39.13263502469984,30.92228335049757,30.130445454330008,28.546725944975563,26.215552656813696,24.844564034319983,failed-vetting,failed-vetting
TIAM-ECN KEN 1.1,CAP,17.38,25.38214628551348,30.7653741268471,25.34323405345186,22.42699916502118,30.92228335049757,30.130445454330008,28.546725944975563,26.215552656813696,24.844564034319983,failed-vetting,failed-vetting
TIAM-ECN KEN 1.1,NDC,17.38,25.20857652697997,30.683687549901,26.44254337391072,21.55125290494668,30.92228335049757,30.130445454330008,28.546725944975563,26.215552656813696,24.844564034319983,failed-vetting,failed-vetting
TIAM-ECN KEN 1.1,REF,17.38,23.03919131643536,29.84169751995947,33.75324286538422,39.12436090733098,30.92228335049757,30.130445454330008,28.546725944975563,26.215552656813696,24.844564034319983,failed-vetting,failed-vetting
TIAM-ECN KEN 1.1,TAX,17.38,26.10566813511402,31.76434894096827,25.1478398022928,17.0139216398627,30.92228335049757,30.130445454330008,28.546725944975563,26.215552656813696,24.844564034319983,failed-vetting,failed-vetting
TIAM-ECN MDG 1.1,NDC,17.38,27.12069543761271,34.27411297997408,27.35345066341362,22.72076636662434,30.92228335049757,30.130445454330008,28.546725944975563,26.215552656813696,24.844564034319983,failed-vetting,failed-vetting
TIAM-ECN MDG 1.1,NDC+,17.38,26.55480590671981,34.54268407953946,27.23164975664901,23.24885227526304,30.92228335049757,30.130445454330008,28.546725944975563,26.215552656813696,24.844564034319983,failed-vetting,failed-vetting
TIAM-ECN MDG 1.1,REF,17.38,23.63534875049872,29.85375636920358,35.20378524926576,38.301070780537,30.92228335049757,30.130445454330008,28.546725944975563,26.215552656813696,24.844564034319983,failed-vetting,failed-vetting
TIAM-Grantham 1.0,Baseline,10.4674206365187,8.96459833604614,2.18079215400458,0.130488766425587,30.58314110004069,30.92228335049757,30.130445454330008,28.546725944975563,26.215552656813696,24.844564034319983,failed-vetting,failed-vetting
TIAM-Grantham 3.2,CO_2Deg2020,15.671916360472,19.48494584998,19.360942704702,9.3273694534,5.55311194063,4.87161401417,5.648564960329,6.163119654299999,12.8026389655,25.52671110517,no-climate-assessment,no-climate-assessment
TIAM-Grantham 3.2,CO_2Deg2030,15.671916360472,19.48494584998,18.010908985926,6.22424030557,3.7526660348,7.282439667069999,10.391055612617,11.379713700509,9.777191170043,13.931532452913,no-climate-assessment,no-climate-assessment
TIAM-Grantham 3.2,CO_BAU,15.671916360472,19.39242916857,16.6057262218,15.01968939908,13.03355164981,7.30640181537,3.29081599195,1.50801644943,1.4081996245,1.77559426222,failed-vetting,failed-vetting
TIAM-Grantham 3.2,CO_Bridge,15.671916360472,19.48494584998,13.10163608927,6.590100243230001,3.88133969748,5.798103867605999,9.664318294697,11.323127875294,9.579223279374,11.333802755834,no-climate-assessment,no-climate-assessment
TIAM-Grantham 3.2,CO_CurPol,15.671916360472,19.48494584998,16.62474136057,12.57421981883,12.7304893333,9.218088421726002,6.1031879167,5.147436773972,4.142439486917,5.14398907522,no-climate-assessment,no-climate-assessment
TIAM-Grantham 3.2,CO_GPP,15.671916360472,19.48494584998,13.10163608927,13.22206060743,9.83978777238,6.284581399867,3.810619266455,2.758942600205,5.07793363283,8.70764305689,no-climate-assessment,no-climate-assessment
TIAM-Grantham 3.2,CO_NDCplus,15.671916360472,19.48494584998,18.010908985926,15.9422224849,11.34028627656,6.840224402536999,5.999465238167,5.782424788879999,5.22184465459,5.638921302950001,no-climate-assessment,no-climate-assessment
TIAM-Grantham 3.2,CSH,16.03409059816431,21.62159999999989,16.67673789384479,29.95976885397693,30.58314110004069,30.92228335049757,30.130445454330008,28.546725944975563,26.215552656813696,24.844564034319983,no-climate-assessment,no-climate-assessment
TIAM-Grantham 3.2,PCSH,16.03409059816431,21.62160000000002,13.20613110973066,29.95976885397693,30.58314110004069,30.92228335049757,30.130445454330008,28.546725944975563,26.215552656813696,24.844564034319983,no-climate-assessment,no-climate-assessment
TIAM-Grantham 3.2,PR_Baseline,16.63487653553977,21.62159999999991,17.85921268763336,9.583915283421032,10.82176200749013,11.79915960901542,11.67007149433146,8.05581878255679,8.32690147044026,10.02407555557593,no-climate-assessment,no-climate-assessment
TIAM-Grantham 3.2,PR_CP_CarbonPriceOnly,16.63487653553977,21.62159999999999,11.25179184347942,4.008149308038553,3.668152394131578,3.083981507309029,2.387624787817,1.106333720786252,1.094028856911182,1.297339875255322,no-climate-assessment,no-climate-assessment
TIAM-Grantham 3.2,PR_CP_CarbonPrice_1,16.63487653553977,21.62159999999999,11.44682138231846,4.537603570726345,3.017991927560178,2.371041402831812,1.52429832514704,0.271522420494497,0.3451002405863516,0.5168813315562187,no-climate-assessment,no-climate-assessment
TIAM-Grantham 3.2,PR_CP_EmIntensity_1,16.63487653553977,21.62160000000037,11.7721423942763,4.515719562143005,2.257531339153766,1.096430156254201,0.4376993403786051,0.0577381660291489,0.0348580376072108,0.0096133854474884,no-climate-assessment,no-climate-assessment
TIAM-Grantham 3.2,PR_NDC_CarbonPriceOnly,16.63487653553977,21.62159999999999,10.19433690277864,3.228166801317561,2.731555399719241,2.327959789509926,1.80763963001634,0.1824727319465398,0.2212931199168418,0.1264704785964509,no-climate-assessment,no-climate-assessment
TIAM-Grantham 3.2,PR_NDC_CarbonPrice_1,16.63487653553977,21.62159999999999,10.39496269670479,3.92436527819205,2.893123568117637,2.078490193787712,1.384887719647632,0.3827366523933096,0.2769282747584595,0.2986136889383614,no-climate-assessment,no-climate-assessment
TIAM-Grantham 3.2,PR_NDC_EmIntensity_1,16.63487653553977,21.62160000000037,10.82935635009253,4.109568824160418,1.912949351291552,0.9920013823465884,0.370171131543858,0.0301838416079966,0.0202821022118658,0.1780202487558688,no-climate-assessment,no-climate-assessment
TIAM-Grantham 3.2,R,15.82557081027066,21.62159999999966,19.43203378000528,29.95976885397693,30.58314110004069,30.92228335049757,30.130445454330008,28.546725944975563,26.215552656813696,24.844564034319983,no-climate-assessment,no-climate-assessment
TIAM-Grantham 3.2,SH,15.81611117007323,21.62159999999917,19.99675106178705,29.95976885397693,30.58314110004069,30.92228335049757,30.130445454330008,28.546725944975563,26.215552656813696,24.844564034319983,no-climate-assessment,no-climate-assessment
TIAM-UCL 4.1.1,SSP2_1_5D-50_CCC2020,17.12565611673458,18.62122874419522,12.37376996190997,6.201972150663507,3.141900172468917,0.5670941277216599,0.348283231205417,0.032222809062162,2.2026079e-07,1.56029365e-07,failed-vetting,failed-vetting
TIAM-UCL 4.1.1,SSP2_1_75D-66,17.6245957781304,22.4675102418704,11.2638281170665,5.12649393318462,1.9813953455749,0.8919857150995679,0.0,0.0,0.50257196476314,1.42281983453337,failed-vetting,failed-vetting
TIAM-UCL 4.1.1,SSP2_1_75D-66_CCC2020,17.12565611673458,18.62122874419522,15.97260783623335,6.627710014824764,2.813815472994296,1.69723730278686,1.271530324929458,0.8290433727175852,0.0608871239414449,0.0253028521340709,failed-vetting,failed-vetting
TIAM-UCL 4.1.1,SSP2_2D-66,17.6245957781304,22.4675102418704,12.0202267322439,5.61381945950332,1.88143882509842,1.94021823928183,2.49141380642194,4.43040204874342,7.874163031186532,10.189662241357,failed-vetting,failed-vetting
TIAM-UCL 4.1.1,SSP2_2D-66_CCC2020,17.12565611673458,18.62122874419522,21.65057947496189,11.10691786974086,4.381871438398114,2.567204242520352,2.091872447669737,1.645784633112896,1.038555451267581,0.912722685606645,failed-vetting,failed-vetting
TIAM-UCL 4.1.1,SSP2_BASE,17.6245957781304,22.4675102418704,23.6457622575352,21.838739157211,22.6287476162493,23.7079590340085,22.8549180448576,21.7284343485981,21.6025577577908,20.18999564300011,failed-vetting,failed-vetting
TIAM-UCL 4.1.1,SSP2_BASE_CCC2020,17.12565611673458,18.62122874419522,19.65059495685887,10.64019853822474,8.29048965744802,7.425803690139787,8.177410113195002,7.101242819202493,6.857154150658563,7.149714011702589,failed-vetting,failed-vetting
TIAM-WORLD 1.0,20% abatement (FF&I),16.63653559484176,23.66858087320688,21.31602859388128,13.58802880002669,12.56850222347952,11.990344211470871,10.55919826095048,7.382426484879881,5.691211550249853,6.05189503269703,failed-vetting,failed-vetting
TIAM-WORLD 1.0,20% abatement (GHG),16.63653559484176,24.44363717719189,21.94559950314289,14.37499008713522,11.2153461930444,11.32463350261344,9.264315511061248,6.39896400440698,4.594453525315519,3.78261860313328,failed-vetting,failed-vetting
TIAM-WORLD 1.0,450 concentration,16.63653559484176,23.018558959845592,24.00848276110208,25.15806772969115,33.69070709496657,26.965275024980603,18.94729588518281,9.004034339102189,4.7241764635396,2.73060218721025,failed-vetting,failed-vetting
TIAM-WORLD 1.0,50% abatement (FF&I),16.63653559484176,26.46449842924327,24.35541416229044,23.12724629125539,26.01980657153323,25.35758116935249,21.36693336329202,15.85150818868524,9.797036211544931,4.88586179942508,failed-vetting,failed-vetting
TIAM-WORLD 1.0,50% abatement (GHG),16.63653559484176,27.600193123927912,23.56294648485424,20.93143405329996,23.411675925389208,22.03549221815958,17.12351007509833,11.73348094156229,8.793493374450605,5.676543206019661,failed-vetting,failed-vetting
TIAM-WORLD 1.0,550 concentration,16.63653559484176,22.63419182100022,23.26136906045282,20.091494492657112,12.75336122413794,11.07344279101072,10.00100158995922,3.920727612335666,1.730339149292194,0.2767933294628156,failed-vetting,failed-vetting
TIAM-WORLD 1.0,650 concentration,16.63653559484176,24.78287666023292,30.4705143184756,31.36986881337253,24.30849469239738,13.511080143876333,7.31967441444234,3.882536382251905,4.617050202653189,2.381671725600638,failed-vetting,failed-vetting
TIAM-WORLD 1.0,Core baseline,16.63653559484176,24.906471040830528,31.3630120701983,36.93271935238402,41.1481971055367,41.39802099184668,40.95909952907508,39.83657531810567,38.26671742671218,35.29379200359527,failed-vetting,failed-vetting
TIAM-WORLD 1.0,High CO2 price,16.63653559484176,23.87000099009274,21.52830190781214,12.71332977734059,13.37477954717511,16.09775633419773,14.73724583421144,17.78446352472542,16.01249864163207,7.978515016413531,failed-vetting,failed-vetting
TIAM-WORLD 1.0,Low CO2 price,16.63653559484176,24.1370478260358,28.23024205708105,27.38780529931072,20.0404483609301,11.96858505896038,6.9911871741952405,3.352997881260467,3.912412864153201,4.329626131311031,failed-vetting,failed-vetting
TIAM-WORLD 1.0,Policy baseline,14.243105542070412,20.31665134348059,18.60734410114164,20.53407015398519,20.3539713722189,19.23241367004815,18.5363440865758,15.48941911950666,14.82863220265606,15.20586660069563,failed-vetting,failed-vetting
WEM 2020,SDS,17.431,22.395,23.273,16.379,9.73,30.92228335049757,30.130445454330008,28.546725944975563,26.215552656813696,24.844564034319983,no-climate-assessment,no-climate-assessment
WEM 2021,NZE,17.430767578125,22.64641171875,23.0120279296875,4.752648193359375,3.320038696289062,30.92228335049757,30.130445454330008,28.546725944975563,26.215552656813696,24.844564034319983,no-climate-assessment,no-climate-assessment
WITCH 4.6,DISCRATE_Ref_dr2p,16.68333107875358,18.8677749412379,25.811628490554,31.41573277913324,37.19526059274534,54.35230922368424,57.86498218078236,60.33958004894557,59.95377147195607,56.81300860127868,C8,C8: exceed warming of 4°C (>=50%)
WITCH 4.6,DISCRATE_Ref_dr3p,16.67695862275665,17.89852608764819,24.73811987970697,30.30184286609328,36.34175581452062,53.8305025418408,58.49182292256349,62.34263393415174,63.06571377980252,61.43516410480873,C8,C8: exceed warming of 4°C (>=50%)
WITCH 4.6,DISCRATE_Ref_dr4p,16.67660109432986,17.87669700059219,24.50349531996093,30.04992403338261,36.17516597315781,52.79121729135999,59.30264046548755,63.54701072221155,65.50411316805665,65.1482244602702,C8,C8: exceed warming of 4°C (>=50%)
WITCH 4.6,DISCRATE_Ref_dr5p,16.67427962903302,18.06012001230376,24.65705303967301,30.3011319969624,36.33287460537662,52.99628506983206,60.01799160143948,65.82864730518364,67.4907711056513,68.34648521079176,C8,C8: exceed warming of 4°C (>=50%)
WITCH 4.6,DISCRATE_cb1000_cdrall_dr2p,16.68333107875358,13.71891281176797,18.73359948066296,20.49564112096245,18.25818659110804,24.21570901953469,29.85474549858151,29.77351822833227,29.32905980429953,28.38967537789026,failed-vetting,failed-vetting
WITCH 4.6,DISCRATE_cb1000_cdrall_dr3p,16.67695862275665,14.59118846518745,19.99199083173874,21.86679925740712,18.2860141781707,23.76742758094288,28.66244020720586,28.11328486179161,26.87443911743453,27.32462850847923,failed-vetting,failed-vetting
WITCH 4.6,DISCRATE_cb1000_cdrall_dr4p,16.67660109432986,15.77662079714446,21.5336421932561,23.01247322445411,19.20132296465236,24.28430771099517,27.42006690623645,26.12571369016782,25.05388655327471,25.19949904295001,failed-vetting,failed-vetting
WITCH 4.6,DISCRATE_cb1000_cdrall_dr5p,16.67427962903302,16.24400249299578,21.14898924563527,22.78832034968533,20.04736040316777,23.96154689564301,26.60225810172822,24.01782309039637,23.11345385771684,22.32810588249931,failed-vetting,failed-vetting
WITCH 4.6,DISCRATE_cb1000_cdrno_dr2p,16.68333107875358,7.343365071532968,7.033432632458835,9.5942946612676,10.7551089403213,17.16751331681895,22.14552514030229,21.51101413300941,23.32785968037485,27.22306081840484,failed-vetting,failed-vetting
WITCH 4.6,DISCRATE_cb1000_cdrno_dr3p,16.67695862275665,9.11392905036866,8.022920844359671,9.983618195980553,11.39660842536699,17.39363205750723,20.98017635993746,19.18105251398541,20.97910795126964,24.2963877595589,failed-vetting,failed-vetting
WITCH 4.6,DISCRATE_cb1000_cdrno_dr4p,16.67660109432986,10.65551932057451,9.245300161034214,10.86214567381054,11.81551790960277,17.38761064030159,19.19209645047837,16.90645032886657,19.18410569361623,19.83396719964708,failed-vetting,failed-vetting
WITCH 4.6,DISCRATE_cb1000_cdrno_dr5p,16.67427962903302,11.87451159223691,10.87482901691539,11.8963976170561,12.24207624033291,17.12072302526157,17.14057159488145,15.27846042947262,15.9812682297171,13.82498675454441,failed-vetting,failed-vetting
WITCH 4.6,DISCRATE_cb400_cdrall_dr2p,16.68333107875358,12.62852620031395,15.25346502316708,15.63883141410569,13.66006229469687,18.77307234770461,24.83036373085752,23.44840226357061,23.71520088750438,24.90891824427233,failed-vetting,failed-vetting
WITCH 4.6,DISCRATE_cb400_cdrall_dr3p,16.67695862275665,13.25565220216925,18.30759626263227,17.69863822522353,14.22491581035018,18.94810711842284,23.76431573624819,21.69632864970641,21.97060566677299,22.16224162632925,failed-vetting,failed-vetting
WITCH 4.6,DISCRATE_cb400_cdrall_dr4p,16.67660109432986,14.83355293008472,19.21031771416632,20.26675438134364,15.49519774613233,19.17616026342505,23.49024483753381,20.76537974326933,20.84128288749314,19.62345669449651,failed-vetting,failed-vetting
WITCH 4.6,DISCRATE_cb400_cdrall_dr5p,16.67427962903302,16.06139134615111,21.57750517718448,21.6769963897282,16.50951095417531,19.10756747603832,22.97153067814475,19.4913798343872,19.18717845593903,16.45422713574114,failed-vetting,failed-vetting
WITCH 4.6,DISCRATE_cb400_cdrno_dr2p,16.68333107875358,2.441343474474887,3.921734326007262,5.205392782904693,6.659528152993751,7.49394831322657,6.924605983033381,8.964804329401092,13.18686028979258,14.60632808440313,failed-vetting,failed-vetting
WITCH 4.6,DISCRATE_cb400_cdrno_dr3p,16.67695862275665,3.285586936352342,4.233185457441659,5.334900982441821,6.702850244459396,6.597042555758058,6.279417168982769,7.951528042025941,11.06938803437832,9.568453464715445,failed-vetting,failed-vetting
WITCH 4.6,DISCRATE_cb400_cdrno_dr4p,16.67660109432986,4.080667786365209,4.476275403123793,5.859528791833558,6.853288169396065,5.964284537420101,5.665762103209143,6.530482631551722,7.709174630080182,4.713014864942982,failed-vetting,failed-vetting
WITCH 4.6,DISCRATE_cb400_cdrno_dr5p,16.67427962903302,4.953823544312005,4.608879459723903,5.984146156617327,6.643586061052345,5.415164170279453,4.463605619899478,5.531092551872637,4.17670848950395,1.508359963017466,failed-vetting,failed-vetting
WITCH 4.6,DISCRATE_cb600_cdrall_dr2p,16.68333107875358,13.02197695642522,16.82510544885177,17.18160182366982,14.80704811794031,20.05690942717252,26.37719794570353,25.5582227949828,25.23475062746954,25.74366883268875,failed-vetting,failed-vetting
WITCH 4.6,DISCRATE_cb600_cdrall_dr3p,16.67695862275665,13.68580859197642,19.79158754951984,19.34849955843868,15.87643475879454,20.56277969024292,25.57934922511783,23.62891079424504,23.67945047196429,23.92000483639566,failed-vetting,failed-vetting
WITCH 4.6,DISCRATE_cb600_cdrall_dr4p,16.67660109432986,15.35601269990834,20.18368582852288,21.47066032127972,16.96442208419543,21.242294591586,24.96657901624234,22.7084964867944,22.19556069184192,21.76764121295225,failed-vetting,failed-vetting
WITCH 4.6,DISCRATE_cb600_cdrall_dr5p,16.67427962903302,16.0327459297172,21.74043527576081,22.65043397208937,17.59854326180303,20.71402258499564,23.97725690870412,20.89528632404701,20.32299082960821,17.94972779695081,failed-vetting,failed-vetting
WITCH 4.6,DISCRATE_cb600_cdrno_dr2p,16.68333107875358,4.0941529488475,4.760505579294963,6.872156461074148,8.231322515152607,13.06286855972087,12.19677635393106,12.46231205784122,16.35091905057465,20.12039128981981,failed-vetting,failed-vetting
WITCH 4.6,DISCRATE_cb600_cdrno_dr3p,16.67695862275665,5.253189459798834,5.193470617544099,7.358339217912198,8.471835663675902,12.11919296658075,10.48506126462341,11.20352552584638,14.89029555278878,15.55020602350253,failed-vetting,failed-vetting
WITCH 4.6,DISCRATE_cb600_cdrno_dr4p,16.67660109432986,6.428971854696813,5.680436387541494,7.536986538082452,8.644153884854763,11.02550298199598,9.301591849774493,10.11111818578212,12.24661141026898,10.42085171319436,failed-vetting,failed-vetting
WITCH 4.6,DISCRATE_cb600_cdrno_dr5p,16.67427962903302,8.204876096517152,6.127958518169869,7.778176442288995,8.770951501807268,10.20978464556687,8.282930158468929,8.001535338803187,8.959363609453776,5.531689804985537,failed-vetting,failed-vetting
WITCH 5.0,CO_2Deg2020,16.68017916827811,19.73573732712148,12.46881145796575,8.277219435627732,6.186490169088241,7.462273389097694,6.976677986850455,6.451759189585278,5.828411034973739,6.880772023164597,C3,C3: limit warming to 2°C (>67%)
WITCH 5.0,CO_2Deg2030,16.68017916827811,19.73573732712148,21.60821916974385,10.20087110462947,3.696451368488037,4.054555932640512,4.741950394951232,4.564640880094572,5.076319781546768,5.835069305064957,C3,C3: limit warming to 2°C (>67%)
WITCH 5.0,CO_BAU,16.68017916827811,19.17646770848165,22.88791680964161,24.30122408454844,25.42057519718825,23.67993119402175,21.91285189532964,22.05123313486575,20.74062947251364,20.08228966556209,C7,C7: limit warming to 4°C (>50%)
WITCH 5.0,CO_Bridge,16.7610703271081,21.7246431857192,19.7207056809223,11.8511985408519,5.4032814254847,6.12391607754977,6.83818556737298,6.74241784626649,5.20444289066599,4.44767531042366,C3,C3: limit warming to 2°C (>67%)
WITCH 5.0,CO_CurPol,16.68017916827811,19.73573732712148,23.50649606030825,24.70307335753008,25.63423641053367,23.95182499426802,22.14167922809265,22.18642958251839,20.80642806386626,20.09862771992002,C7,C7: limit warming to 4°C (>50%)
WITCH 5.0,CO_GPP,16.68017916827811,19.73573732712148,20.16347822024704,17.02532591028266,13.42821058316272,12.0855250479111,10.78043137846789,12.065555059682,11.89839071748433,11.6260429324694,C5,C5: limit warming to 2.5°C (>50%)
WITCH 5.0,CO_NDC_2050convergence,16.68017916827811,19.73573732712148,21.60821916974385,19.3145566862262,14.89235875089132,12.85737928676455,12.96778143777223,14.14446343187461,14.21805466513128,14.46021454944724,C5,C5: limit warming to 2.5°C (>50%)
WITCH 5.0,CO_NDCplus,16.68017916827811,19.73573732712148,21.60821916974385,20.21982565840354,19.34089977942548,18.96601516700155,18.43522392114213,19.0076027573317,18.52911633170924,18.24580144962777,C6,C6: limit warming to 3°C (>50%)
WITCH 5.0,EN_INDCi2030_1000,16.75914553836153,22.23810613094849,22.44752315724225,11.00219376412304,4.180286621749126,4.561163584559724,4.835215741364194,5.662322668863875,6.966493058935568,6.902733725806245,C3,C3: limit warming to 2°C (>67%)
WITCH 5.0,EN_INDCi2030_1000_NDCp,16.75914553836153,22.19115520610601,19.63858981798224,10.43076180063659,3.823064680880716,4.216173694389183,4.509570463090867,5.532606414212644,6.937880135459031,6.842879312635614,C3,C3: limit warming to 2°C (>67%)
WITCH 5.0,EN_INDCi2030_1000f,16.75914553836153,22.23810613094849,22.44752315724225,11.93431909001823,4.542906951582833,4.44343843822394,5.097387867223934,5.240434851643125,5.976874877910777,5.885479529178084,C3,C3: limit warming to 2°C (>67%)
WITCH 5.0,EN_INDCi2030_1000f_NDCp,16.75914553836153,22.19115520610601,19.63858981798224,11.47672406987895,4.44871200892089,4.395726697722293,5.278066188447471,5.416389496079961,6.063999906726808,5.878947029329054,C3,C3: limit warming to 2°C (>67%)
WITCH 5.0,EN_INDCi2030_1200,16.75914553836153,22.23810613094849,22.44752315724225,12.49238553040366,4.998004418714722,4.345330844053996,5.175905365683216,5.065371027213565,6.060920780411787,6.664544253334659,C4,C4: limit warming to 2°C (>50%)
WITCH 5.0,EN_INDCi2030_1200_NDCp,16.75914553836153,22.19115520610601,19.63858981798224,11.92105434781427,4.917048713385871,4.3690699714632,5.315154477467413,5.230270531226141,6.070370325104085,6.858086621780708,C4,C4: limit warming to 2°C (>50%)
WITCH 5.0,EN_INDCi2030_1200f,16.75914553836153,22.23810613094849,22.44752315724225,12.49610327524624,5.387828657188741,4.783557864878175,5.984930172742816,6.136754445611261,6.250477255798313,6.647341596846826,C4,C4: limit warming to 2°C (>50%)
WITCH 5.0,EN_INDCi2030_1200f_NDCp,16.75914553836153,22.19115520610601,19.63858981798224,12.21272072528066,5.507500281102427,4.830529605667124,6.125137667159651,6.435076915128637,6.294371473739648,6.76039410277308,C4,C4: limit warming to 2°C (>50%)
WITCH 5.0,EN_INDCi2030_1400,16.75914553836153,22.23810613094849,22.44752315724225,12.95201341311399,6.369149219936806,5.008689215208719,6.557046488515631,6.933516873108994,6.32008183175107,6.64864377689467,C4,C4: limit warming to 2°C (>50%)
WITCH 5.0,EN_INDCi2030_1400_NDCp,16.75914553836153,22.19115520610601,19.63858981798224,12.54647637554912,6.370564100809654,5.001894476032254,6.655696182179495,7.486691527263502,6.767817553258987,6.833308325477882,C4,C4: limit warming to 2°C (>50%)
WITCH 5.0,EN_INDCi2030_1400f,16.75914553836153,22.23810613094849,22.44752315724225,13.1433388892333,6.398918311552309,5.006838069705698,6.71634265834418,7.804620783678249,7.042994465910628,7.113662100279752,C4,C4: limit warming to 2°C (>50%)
WITCH 5.0,EN_INDCi2030_1400f_NDCp,16.75914553836153,22.19115520610601,19.63858981798224,12.86890063246637,6.714990555724678,5.13617766151506,6.930511661587427,8.145802781168845,7.544342579814345,7.228393409195124,C4,C4: limit warming to 2°C (>50%)
WITCH 5.0,EN_INDCi2030_1600,16.75914553836153,22.23810613094849,22.44752315724225,13.63996146385531,7.571366677368736,5.494920848740301,6.909186313155387,8.042330642276648,8.154227570271887,8.068004972294617,C5,C5: limit warming to 2.5°C (>50%)
WITCH 5.0,EN_INDCi2030_1600_NDCp,16.75914553836153,22.19115520610601,19.63858981798224,13.51622634375736,8.041297699098385,5.618412544407472,7.205674292922362,8.484501611701598,8.53304180399744,7.953114043670612,C5,C5: limit warming to 2.5°C (>50%)
WITCH 5.0,EN_INDCi2030_1600f,16.75914553836153,22.23810613094849,22.44752315724225,13.87936424663147,7.855457615424267,5.661691612233458,7.26160773346947,8.597590963152744,9.155806744870516,8.150019721926359,C5,C5: limit warming to 2.5°C (>50%)
WITCH 5.0,EN_INDCi2030_1600f_NDCp,16.75914553836153,22.19115520610601,19.63858981798224,13.71991662222514,8.423674420300035,5.874377659455606,7.382055746539815,8.779714453088003,9.438828802365084,8.43189741260246,C5,C5: limit warming to 2.5°C (>50%)
WITCH 5.0,EN_INDCi2030_1800,16.75914553836153,22.23810613094849,22.44752315724225,14.73946039577667,9.650019933583929,6.631267424932661,7.671207758827523,9.381624764669736,10.24243482845479,9.258566723368304,C5,C5: limit warming to 2.5°C (>50%)
WITCH 5.0,EN_INDCi2030_1800_NDCp,16.75914553836153,22.19115520610601,19.63858981798224,14.51830063517986,9.936423832295947,6.776764904684764,7.714658886899773,9.354246101068046,10.158046872241,9.315539421649444,C5,C5: limit warming to 2.5°C (>50%)
WITCH 5.0,EN_INDCi2030_1800f,16.75914553836153,22.23810613094849,22.44752315724225,14.73946039577667,9.650019933583929,6.631267424932661,7.671207758827523,9.381624764669736,10.24243482845479,9.258566723368304,C5,C5: limit warming to 2.5°C (>50%)
WITCH 5.0,EN_INDCi2030_1800f_NDCp,16.75914553836153,22.19115520610601,19.63858981798224,14.51830063517986,9.936423832295947,6.776764904684764,7.714658886899773,9.354246101068046,10.158046872241,9.315539421649444,C5,C5: limit warming to 2.5°C (>50%)
WITCH 5.0,EN_INDCi2030_2000,16.75914553836153,22.23810613094849,22.44752315724225,16.06708411065097,10.91653885256127,7.872810711859691,8.09054722802266,9.930917682819317,10.88851397785539,10.05355423728751,C5,C5: limit warming to 2.5°C (>50%)
WITCH 5.0,EN_INDCi2030_2000_NDCp,16.75914553836153,22.19115520610601,19.63858981798224,16.09871100169565,11.10134834166306,8.037673247393025,8.217266733202036,10.11278646949942,11.0148049332353,10.17716189877276,C5,C5: limit warming to 2.5°C (>50%)
WITCH 5.0,EN_INDCi2030_2000f,16.75914553836153,22.23810613094849,22.44752315724225,16.06708411065097,10.91653885256127,7.872810711859691,8.09054722802266,9.930917682819317,10.88851397785539,10.05355423728751,C5,C5: limit warming to 2.5°C (>50%)
WITCH 5.0,EN_INDCi2030_2000f_NDCp,16.75914553836153,22.19115520610601,19.63858981798224,16.09871100169565,11.10134834166306,8.037673247393025,8.217266733202036,10.11278646949942,11.0148049332353,10.17716189877276,C5,C5: limit warming to 2.5°C (>50%)
WITCH 5.0,EN_INDCi2030_2500,16.75914553836153,22.23810613094849,22.44752315724225,17.91376443970877,12.10884238052575,10.63180782005053,10.22881168654935,11.52927823098972,12.2070392727217,11.46238769301474,C5,C5: limit warming to 2.5°C (>50%)
WITCH 5.0,EN_INDCi2030_2500_NDCp,16.75914553836153,22.19115520610601,19.63858981798224,17.82877536559553,12.27244029730394,10.7731184931346,10.30767343675437,11.61698324395106,12.29161610495556,11.5666916602613,C5,C5: limit warming to 2.5°C (>50%)
WITCH 5.0,EN_INDCi2030_2500f,16.75914553836153,22.23810613094849,22.44752315724225,17.91376443970877,12.10884238052575,10.63180782005053,10.22881168654935,11.52927823098972,12.2070392727217,11.46238769301474,C5,C5: limit warming to 2.5°C (>50%)
WITCH 5.0,EN_INDCi2030_2500f_NDCp,16.75914553836153,22.19115520610601,19.63858981798224,17.82877536559553,12.27244029730394,10.7731184931346,10.30767343675437,11.61698324395106,12.29161610495556,11.5666916602613,C5,C5: limit warming to 2.5°C (>50%)
WITCH 5.0,EN_INDCi2030_3000,16.75914553836153,22.23810613094849,22.44752315724225,20.03018849382312,15.28636845886516,12.94147628850135,13.37162480342808,14.75802239793461,15.62349403666964,16.77786395112789,C6,C6: limit warming to 3°C (>50%)
WITCH 5.0,EN_INDCi2030_3000_NDCp,16.75914553836153,22.19115520610601,19.63858981798224,20.1155496467184,15.4704474146833,13.0633326536385,13.46866045745941,14.8491699358396,15.70996953259194,16.85547663240637,C6,C6: limit warming to 3°C (>50%)
WITCH 5.0,EN_INDCi2030_3000f,16.75914553836153,22.23810613094849,22.44752315724225,20.03018849382312,15.28636845886516,12.94147628850135,13.37162480342808,14.75802239793461,15.62349403666964,16.77786395112789,C6,C6: limit warming to 3°C (>50%)
WITCH 5.0,EN_INDCi2030_3000f_NDCp,16.75914553836153,22.19115520610601,19.63858981798224,20.1155496467184,15.4704474146833,13.0633326536385,13.46866045745941,14.8491699358396,15.70996953259194,16.85547663240637,C6,C6: limit warming to 3°C (>50%)
WITCH 5.0,EN_INDCi2030_500f,16.75914553836153,22.23810613094849,22.44752315724225,8.341668436751002,2.629785727081903,3.09358445441956,3.648031227958059,4.445500676090288,5.223073703352822,5.798761160468424,C2,C2: return warming to 1.5°C (>50%) after a high overshoot
WITCH 5.0,EN_INDCi2030_600f,16.75914553836153,22.23810613094849,22.44752315724225,9.043859560144757,3.190250007407621,3.545269292100744,4.002393830714278,4.41047278150249,5.229062637028916,6.23830626287335,C3,C3: limit warming to 2°C (>67%)
WITCH 5.0,EN_INDCi2030_600f_NDCp,16.75914553836153,22.19115520610601,19.63858981798224,8.656935138868931,3.11672439263652,3.506006906557094,4.057919569976019,4.363387653368781,5.244805011962388,6.335682995691019,C3,C3: limit warming to 2°C (>67%)
WITCH 5.0,EN_INDCi2030_700f,16.75914553836153,22.23810613094849,22.44752315724225,9.591076488699446,3.666743067748424,3.887916256337712,4.328918553223357,4.64262668078756,5.239603188456654,6.403429244474703,C3,C3: limit warming to 2°C (>67%)
WITCH 5.0,EN_INDCi2030_700f_NDCp,16.75914553836153,22.19115520610601,19.63858981798224,9.547170453677,3.569459814661224,3.854437575614553,4.256903296860963,4.869942535496044,5.253030120540697,6.074119295986699,C3,C3: limit warming to 2°C (>67%)
WITCH 5.0,EN_INDCi2030_800,16.75914553836153,22.23810613094849,22.44752315724225,8.753898103304088,2.923666143002555,3.573960889369584,4.807016071026004,6.388787101226586,7.209787377988029,7.197892070886886,C3,C3: limit warming to 2°C (>67%)
WITCH 5.0,EN_INDCi2030_800_NDCp,16.75914553836153,22.19115520610601,19.63858981798224,8.533305056883602,2.908055052421471,3.234104248346197,4.256665165620507,5.951960033133099,7.209528307093866,7.098524147664932,C3,C3: limit warming to 2°C (>67%)
WITCH 5.0,EN_INDCi2030_800f,16.75914553836153,22.23810613094849,22.44752315724225,10.44921544806039,4.142178238562686,4.34528390964762,4.307347203345858,4.909484652102515,5.269752833829924,6.045173915117328,C3,C3: limit warming to 2°C (>67%)
WITCH 5.0,EN_INDCi2030_800f_NDCp,16.75914553836153,22.19115520610601,19.63858981798224,10.02454366470978,3.662339660945338,4.13478345067607,4.347104975034472,4.893468840896349,5.364563420782998,5.978091633672223,C3,C3: limit warming to 2°C (>67%)
WITCH 5.0,EN_INDCi2030_900,16.75914553836153,22.23810613094849,22.44752315724225,9.849247245393729,3.701021879358773,3.984395999625729,4.460289448432115,6.182773859509356,7.134635230922782,7.121299508519138,C3,C3: limit warming to 2°C (>67%)
WITCH 5.0,EN_INDCi2030_900_NDCp,16.75914553836153,22.19115520610601,19.63858981798224,9.5113758534138,3.5053970284625,3.816416284570008,4.293515791178715,6.142157346812616,7.490786165043772,7.177389392370123,C3,C3: limit warming to 2°C (>67%)
WITCH 5.0,EN_INDCi2030_900f,16.75914553836153,22.23810613094849,22.44752315724225,11.20524615766675,4.153799216570343,4.474567238260098,4.88801611001387,5.161218126102053,5.730639661573287,5.932045011592952,C3,C3: limit warming to 2°C (>67%)
WITCH 5.0,EN_INDCi2030_900f_NDCp,16.75914553836153,22.19115520610601,19.63858981798224,10.87051644542619,3.938373976475554,4.44506255908103,5.12271894598697,5.273712099129728,6.005607021415765,5.933885318597616,C3,C3: limit warming to 2°C (>67%)
WITCH 5.0,EN_INDCi2100,16.75914553836153,22.23810613094849,22.44752315724225,19.15666514407338,14.65366071284032,13.15239092442509,14.29215957534451,15.99592272744483,17.20864202140176,18.66769724815637,C6,C6: limit warming to 3°C (>50%)
WITCH 5.0,EN_INDCi2100_NDCp,16.75914553836153,22.19115520610601,19.63858981798224,17.80001093019509,14.39141316406056,12.45038725873444,13.29270242378784,15.15458587235956,16.26155410928833,16.60927039139036,C6,C6: limit warming to 3°C (>50%)
WITCH 5.0,EN_NPi2020_1000,16.75914553836153,22.25086939717707,13.88714554469182,8.54283792018456,4.629441093780265,5.232293928939619,5.979703890852259,5.981683568402309,7.240600210093136,8.099730961422175,C3,C3: limit warming to 2°C (>67%)
WITCH 5.0,EN_NPi2020_1000f,16.75914553836153,22.25086939717707,14.75070878422446,9.197631903717085,5.636951557903915,5.695032430755615,6.48804183125762,6.579947777414446,7.269112374792549,7.583357257716096,C3,C3: limit warming to 2°C (>67%)
WITCH 5.0,EN_NPi2020_1200,16.75914553836153,22.25086939717707,16.17675470301031,9.472822114435472,5.826048489937714,5.984437425743797,6.843867920102974,7.093060764954084,7.285675482617139,8.180729007443865,C4,C4: limit warming to 2°C (>50%)
WITCH 5.0,EN_NPi2020_1200f,16.75914553836153,22.25086939717707,16.48740877480571,9.694892017834588,6.12287626524745,6.241599362175262,7.200711581898911,7.879542837396627,7.515273957185173,8.510805630823132,C4,C4: limit warming to 2°C (>50%)
WITCH 5.0,EN_NPi2020_1400,16.75914553836153,22.25086939717707,17.300779523404,10.35842758764166,6.913963439369074,6.153614293575911,7.256183972202107,7.83009894713831,8.227580677934537,9.348015870829927,C4,C4: limit warming to 2°C (>50%)
WITCH 5.0,EN_NPi2020_1400f,16.75914553836153,22.25086939717707,17.34722011971494,10.43092099079586,7.086328867915882,6.350786399286799,7.778372353955341,9.040960153064336,8.870853344369381,9.559086100599684,C4,C4: limit warming to 2°C (>50%)
WITCH 5.0,EN_NPi2020_1600,16.75914553836153,22.25086939717707,18.18085415891095,11.72408010540328,8.05294937620818,6.803911388053938,8.074167574622791,9.033883601877951,9.085838212751096,9.44814304951467,C4,C4: limit warming to 2°C (>50%)
WITCH 5.0,EN_NPi2020_1600f,16.75914553836153,22.25086939717707,18.22416559065004,11.79399625247028,8.185058841093358,6.99628233638025,8.20051145622132,9.361476608304026,10.03756194665015,9.912024982553008,C4,C4: limit warming to 2°C (>50%)
WITCH 5.0,EN_NPi2020_1800,16.75914553836153,22.25086939717707,19.27654288093562,13.27621929203777,9.287658967902496,7.814857815297212,8.485191883424061,9.751691332061093,10.63228538486704,10.26197253954962,C5,C5: limit warming to 2.5°C (>50%)
WITCH 5.0,EN_NPi2020_1800f,16.75914553836153,22.25086939717707,19.27654288093562,13.27621929203777,9.287658967902496,7.814857815297212,8.485191883424061,9.751691332061093,10.63228538486704,10.26197253954962,C5,C5: limit warming to 2.5°C (>50%)
WITCH 5.0,EN_NPi2020_2000,16.75914553836153,22.25086939717707,19.97399817660812,14.77146641533883,10.21275544625462,8.831390344285444,8.849261197585895,10.21741064248738,11.38562413114469,10.84294713312743,C5,C5: limit warming to 2.5°C (>50%)
WITCH 5.0,EN_NPi2020_2000f,16.75914553836153,22.25086939717707,19.97399817660812,14.77146641533883,10.21275544625462,8.831390344285444,8.849261197585895,10.21741064248738,11.38562413114469,10.84294713312743,C5,C5: limit warming to 2.5°C (>50%)
WITCH 5.0,EN_NPi2020_2500,16.75914553836153,22.25086939717707,22.31212995310033,17.47072105770087,11.96340477718892,11.08987996310844,10.61632517810049,11.7314530029028,12.40283049468977,11.83410411625349,C5,C5: limit warming to 2.5°C (>50%)
WITCH 5.0,EN_NPi2020_2500f,16.75914553836153,22.25086939717707,22.31212995310033,17.47072105770087,11.96340477718892,11.08987996310844,10.61632517810049,11.7314530029028,12.40283049468977,11.83410411625349,C5,C5: limit warming to 2.5°C (>50%)
WITCH 5.0,EN_NPi2020_3000,16.75914553836153,22.25086939717707,23.87132595881992,19.99859286833833,15.20268894155003,13.0495511775064,13.30070009549586,14.63563033612366,15.46568444964441,16.54234290155208,C6,C6: limit warming to 3°C (>50%)
WITCH 5.0,EN_NPi2020_3000f,16.75914553836153,22.25086939717707,23.87132595881992,19.99859286833833,15.20268894155003,13.0495511775064,13.30070009549586,14.63563033612366,15.46568444964441,16.54234290155208,C6,C6: limit warming to 3°C (>50%)
WITCH 5.0,EN_NPi2020_400f,16.75914553836153,22.25086939717707,10.31186754189618,5.944349761721987,4.464505668501597,4.106479823349702,4.492655448239525,5.199967973782348,6.408243953455247,7.410273487672105,C1,C1: limit warming to 1.5°C (>50%) with no or limited overshoot
WITCH 5.0,EN_NPi2020_450,16.75914553836153,22.25086939717707,10.69900615046702,3.536510633001372,3.465973059268079,4.599776611079588,6.059956328667163,7.082661182997599,7.426309055333243,8.396611727809868,C1,C1: limit warming to 1.5°C (>50%) with no or limited overshoot
WITCH 5.0,EN_NPi2020_450f,16.75914553836153,22.25086939717707,10.50823972653232,6.295467666357976,4.670636899547771,4.398282533525509,4.626759166627409,5.256287201523244,6.418874913776049,7.49691785194097,C1,C1: limit warming to 1.5°C (>50%) with no or limited overshoot
WITCH 5.0,EN_NPi2020_500,16.75914553836153,22.25086939717707,10.68461565314274,3.933480611180893,3.360888500574724,3.810546503324332,5.021262543183124,6.353237591932581,6.929498649394488,8.088594906740626,C1,C1: limit warming to 1.5°C (>50%) with no or limited overshoot
WITCH 5.0,EN_NPi2020_500f,16.75914553836153,22.25086939717707,10.83520115516306,6.610861256799369,4.885789818894925,4.554186600808007,4.785617869385703,5.601046491796186,6.419124974281142,7.347848182162725,C1,C1: limit warming to 1.5°C (>50%) with no or limited overshoot
WITCH 5.0,EN_NPi2020_600,16.75914553836153,22.25086939717707,10.2860473946013,5.676414326164277,3.94770144224728,4.029431732521362,4.991411357957021,6.665127218316038,7.224998081415118,8.13103346812728,C3,C3: limit warming to 2°C (>67%)
WITCH 5.0,EN_NPi2020_600f,16.75914553836153,22.25086939717707,11.5553299136105,7.149661011637592,4.799603769428525,4.95256831807797,5.030531959125079,5.801326996369747,6.415051881742827,7.485844689968978,C3,C3: limit warming to 2°C (>67%)
WITCH 5.0,EN_NPi2020_700,16.75914553836153,22.25086939717707,10.72975224940118,6.602839680445681,4.737534231508478,4.698723888710643,4.931393055710223,6.711870712421108,7.340091327428467,8.38308068007991,C3,C3: limit warming to 2°C (>67%)
WITCH 5.0,EN_NPi2020_700f,16.75914553836153,22.25086939717707,12.36991320417233,7.739227829745684,4.694873907509078,4.991169588081092,5.233080757410964,5.824344907347162,6.458086119353356,7.500391865960087,C3,C3: limit warming to 2°C (>67%)
WITCH 5.0,EN_NPi2020_800,16.82930214619612,22.36377829945462,11.73933695459162,7.181147203942751,4.889556416154049,5.091850446922291,4.982212818371572,6.395796127949259,7.209318681655059,8.206035948942068,C3,C3: limit warming to 2°C (>67%)
WITCH 5.0,EN_NPi2020_800f,16.75914553836153,22.25086939717707,13.19058809107391,8.233075674609733,4.911554992981034,5.158689677457605,5.627415072790429,5.763224179395062,6.808899636868383,7.605698764903443,C3,C3: limit warming to 2°C (>67%)
WITCH 5.0,EN_NPi2020_900,16.82930214619612,22.36377829945462,12.63496562909016,7.806669161850817,4.803473744369747,5.033573600180072,5.207775490251072,5.780526853327136,6.884515122413929,7.886723059754085,C3,C3: limit warming to 2°C (>67%)
WITCH 5.0,EN_NPi2020_900f,16.75914553836153,22.25086939717707,13.93363603587764,8.69363766629512,5.203822829341863,5.519550663555559,6.384165687148082,6.060049132705335,7.108815820167708,7.637211549485693,C3,C3: limit warming to 2°C (>67%)
WITCH 5.0,EN_NPi2100,16.75914553836153,22.25086939717707,24.71568039871465,22.88354526535528,18.00164320939133,15.593752360184,16.0343441604831,17.3548723955808,18.16715093331798,19.03792414051222,C7,C7: limit warming to 4°C (>50%)
WITCH 5.0,EN_NoPolicy,16.75914553836153,22.37958016377837,25.2184590639572,23.30553063125496,18.20085496395104,15.84204775700352,16.26888742384774,17.64199809861615,18.47666121940214,19.3450649498989,C7,C7: limit warming to 4°C (>50%)
WITCH-GLOBIOM 3.1,SSP1-19,15.049383405129,15.9148723558892,2.01136832964226,2.0287617037972,2.2751182675413,2.7797976576287,2.33748549082688,1.21366073345923,0.473051998165198,0.112459203046388,C1,C1: limit warming to 1.5°C (>50%) with no or limited overshoot
WITCH-GLOBIOM 3.1,SSP1-26,15.049383405129,16.951411560538,9.93445457255744,8.32895487340466,9.33968196764956,8.73157435637103,6.927205018598571,5.03346757026685,3.36174573573898,1.83890587824924,failed-vetting,failed-vetting
WITCH-GLOBIOM 3.1,SSP1-34,15.049383405129,16.5996800295913,14.9358143557721,17.2561151947497,15.202343041542,15.9354464085503,14.7805802403068,13.0156347858548,11.1698102871934,9.099692796270949,failed-vetting,failed-vetting
WITCH-GLOBIOM 3.1,SSP1-45,15.049383405129,17.1345455228391,19.2931444796636,25.0955367542157,25.8642839620882,22.0598244958315,17.1477988174011,12.9092416495512,12.5111418119684,10.7393836305571,failed-vetting,failed-vetting
WITCH-GLOBIOM 3.1,SSP1-Baseline,15.049383405129,21.2238116445155,24.8293520762307,29.5007599384286,34.6851517611897,39.1422689615894,40.43478269940979,37.4540573077758,32.0991865597547,25.1577271872815,C7,C7: limit warming to 4°C (>50%)
WITCH-GLOBIOM 3.1,SSP2-26,15.049383405129,17.5097185064555,12.115311163956,11.2819518809734,11.8189060824377,11.4984311875025,10.7083224204783,9.48011125704067,7.43119846751544,5.02865673718156,failed-vetting,failed-vetting
WITCH-GLOBIOM 3.1,SSP2-34,15.049383405129,19.8816574601317,17.645654535127,20.4418194680875,21.0202792847085,21.0032828507071,22.2659536482309,22.2350361184503,21.2762337411061,19.1395450251802,failed-vetting,failed-vetting
WITCH-GLOBIOM 3.1,SSP2-45,15.049383405129,20.9979825229866,23.5186338179466,26.2355456101119,26.782560386609,28.9021396599606,32.3573871486886,34.7905729831743,37.2153854026058,35.4776339954574,failed-vetting,failed-vetting
WITCH-GLOBIOM 3.1,SSP2-60,15.049383405129,21.3919807779008,26.8324325965481,31.9675459455754,35.96260852462471,38.1756851952907,36.4664136992404,35.4399671945373,37.2074937846543,36.252203457646,failed-vetting,failed-vetting
WITCH-GLOBIOM 3.1,SSP2-Baseline,15.049383405129,23.79436667934669,30.5589371385808,36.772503778658,43.69987918299501,49.6613660584013,53.844351829383,59.6838307316284,61.3593199388282,56.8900828611998,C8,C8: exceed warming of 4°C (>=50%)
WITCH-GLOBIOM 3.1,SSP3-34,15.049383405129,18.5962219447778,20.2725348347703,15.9671258357057,14.8106593834612,13.1517841554592,12.2152791932806,10.4939942729222,9.37265787421167,8.336288073724639,failed-vetting,failed-vetting
WITCH-GLOBIOM 3.1,SSP3-45,15.049383405129,23.6059556252931,27.0243901129284,28.0992264129497,26.434770261124,24.842881133605,24.8992130838191,23.7375171629668,23.647288463815,22.40983475099931,failed-vetting,failed-vetting
WITCH-GLOBIOM 3.1,SSP3-60,15.049383405129,24.3949825478174,31.6973236689076,36.3631944913779,38.839914766948,34.3163398024554,31.9574806617772,29.2684843169037,28.4357065502697,26.5205134776854,failed-vetting,failed-vetting
WITCH-GLOBIOM 3.1,SSP3-Baseline,15.049383405129,26.5280903848418,35.4827642755149,40.8421889102979,45.0705769153132,46.6643770391487,45.96713983423371,44.8474249103669,41.7562155671367,36.466479270305,C8,C8: exceed warming of 4°C (>=50%)
WITCH-GLOBIOM 3.1,SSP4-19,15.049383405129,17.1543287412577,2.79887595524762,3.781802177203371,4.21601806373712,3.67270693053004,2.30351462272623,1.45092398427941,0.90007786368609,0.515583065849876,C1,C1: limit warming to 1.5°C (>50%) with no or limited overshoot
WITCH-GLOBIOM 3.1,SSP4-26,15.049383405129,18.1744840185652,14.4452849892354,13.068717477872,11.0785871627783,9.86340841318489,8.25102644844363,6.146919017976201,4.53028709062932,2.96765253490035,failed-vetting,failed-vetting
WITCH-GLOBIOM 3.1,SSP4-34,15.049383405129,17.8122787653827,15.6227410516601,19.6720171561364,18.2244680156485,17.7578108408186,15.8548809329991,12.8588758615281,11.2469362311838,8.95589577529195,failed-vetting,failed-vetting
WITCH-GLOBIOM 3.1,SSP4-45,15.049383405129,18.491656480112,20.3246357642824,23.6598373701952,22.2341128734438,20.8999114563629,19.3325840655534,17.7306740401938,16.0832624295839,12.7747706419184,failed-vetting,failed-vetting
WITCH-GLOBIOM 3.1,SSP4-60,15.049383405129,18.8959169502205,22.2658451080449,25.1953971732793,29.3447579634262,29.4268842823624,29.8035714992253,26.9912306901916,24.3756186475837,20.0866063420254,failed-vetting,failed-vetting
WITCH-GLOBIOM 3.1,SSP4-Baseline,15.049383405129,22.6336640833568,25.5326516905317,28.0322244214382,31.7279807729598,32.5832159151244,32.6164208444316,31.1895949701374,29.9868547452571,24.9792572586404,C7,C7: limit warming to 4°C (>50%)
WITCH-GLOBIOM 3.1,SSP5-34,15.049383405129,17.7516392431635,20.0461902861055,22.7935971538053,26.1425453188477,24.452156035042,22.2378019523453,18.0098232146702,12.8530874432191,8.04042518926797,failed-vetting,failed-vetting
WITCH-GLOBIOM 3.1,SSP5-45,15.049383405129,20.389956554853,21.3415864195117,35.3604027977816,46.3788509733906,53.02948933049221,54.7681267831112,49.22630399613689,41.8601780134364,31.6144636282425,failed-vetting,failed-vetting
WITCH-GLOBIOM 3.1,SSP5-60,15.049383405129,21.3362850130533,28.3463740511617,39.65754086584021,48.63704707237721,58.45191339684,62.0385885010009,59.1117521547097,52.5604353666795,41.2788979781261,failed-vetting,failed-vetting
WITCH-GLOBIOM 3.1,SSP5-Baseline,15.049383405129,23.6448801955057,35.1355954568078,52.0636714138667,70.1939110652013,81.6793575101084,82.9280019340723,80.40096460221929,68.73967559722979,53.14588228456101,C8,C8: exceed warming of 4°C (>=50%)
WITCH-GLOBIOM 4.2,ADVANCE_2020_1.5C-2100,15.1383442695454,13.4448975312466,7.10257055752342,5.77522435563054,6.45657333369491,7.75383861810787,7.93354123719267,9.87470482795826,12.2153169922103,8.76884674539678,failed-vetting,failed-vetting
WITCH-GLOBIOM 4.2,ADVANCE_2020_Med2C,15.1383442695454,13.4448975312466,13.9814901447727,16.3370921554128,16.0474455593596,17.5158077046252,20.6518128428644,21.6384456232462,26.02731718560329,24.0677651800302,failed-vetting,failed-vetting
WITCH-GLOBIOM 4.2,ADVANCE_2020_WB2C,15.1383442695454,13.4448975312466,10.45685867267,11.5135181057174,11.0893837746814,13.5652012513734,14.5770854543384,16.9524024197428,20.988768628568,18.2693895724205,failed-vetting,failed-vetting
WITCH-GLOBIOM 4.2,ADVANCE_2030_Med2C,15.1383442695454,13.4448975312466,19.5011241251407,15.7681058228981,14.1224152555724,15.2020329960588,15.5284645707611,18.6019909336831,23.0782977322608,19.9679388827954,failed-vetting,failed-vetting
WITCH-GLOBIOM 4.2,ADVANCE_2030_Price1.5C,15.1383442695454,13.4448975312466,19.5011241251407,14.2664021073163,7.4047313254818,8.13333929435707,9.15962890487048,10.7382082259786,13.8965495046496,12.039919610816,failed-vetting,failed-vetting
WITCH-GLOBIOM 4.2,ADVANCE_2030_WB2C,15.1383442695454,13.4448975312466,19.5011241251407,14.4472910971853,7.84988931907675,8.27447753720655,9.87047704036246,11.4486581082748,14.6847843100236,12.973632655085,failed-vetting,failed-vetting
WITCH-GLOBIOM 4.2,ADVANCE_INDC,15.1383442695454,13.4448975312466,19.5011241251407,25.7881861668033,28.8525206868022,35.38224634356889,42.567192694487,46.6443671649442,48.8489736757099,43.75584436720101,failed-vetting,failed-vetting
WITCH-GLOBIOM 4.2,ADVANCE_NoPolicy,15.1383442695454,22.0904828826761,29.1354789638099,35.2443594862315,42.672851642316,48.2806651767568,54.4615757779039,57.4244027571154,56.7568874185779,48.28955966938111,C8,C8: exceed warming of 4°C (>=50%)
WITCH-GLOBIOM 4.2,ADVANCE_Reference,15.1383442695454,17.312931077068,25.0511770013018,30.9548402463988,37.0527792309671,39.9588737084596,43.29005922328261,44.615450597711,43.7927197757412,37.1945951842886,failed-vetting,failed-vetting
WITCH-GLOBIOM 4.2,EMF30_BCOC-EndU,15.5770718356542,22.5684292784098,29.9383744744276,36.3900312780141,43.98130889267261,49.1757984653356,54.8936248957021,56.95139896590489,56.6652970907442,48.4343494323087,C8,C8: exceed warming of 4°C (>=50%)
WITCH-GLOBIOM 4.2,EMF30_Baseline,15.5770718356542,22.5631436193149,29.9335926829226,36.394174371597,43.9936579168178,49.19623641858271,54.93977697195029,57.0210319114962,56.7305322665128,48.5054717701375,C8,C8: exceed warming of 4°C (>=50%)
WITCH-GLOBIOM 4.2,EMF30_CH4-Only,15.5770718356542,22.6148316730395,30.121398475508,36.5924843286696,44.1727610355449,49.3653089652046,55.1012878713943,57.1776483163542,56.8235387648165,48.5803082301159,C7,C7: limit warming to 4°C (>50%)
WITCH-GLOBIOM 4.2,EMF30_ClimPolicy,15.5770718356542,14.2868358701244,13.8882188715341,12.9927390283737,12.5620993198968,15.0258871814018,14.4330857598054,15.3434999198062,18.7144587871705,14.4334025718286,failed-vetting,failed-vetting
WITCH-GLOBIOM 4.2,EMF30_ClimPolicy+SLCF,15.5770718356542,14.2904746627909,13.8628635617793,13.0068793558393,12.5811312071172,15.0611972892882,14.4413112293302,15.3488721020963,18.6887168841726,14.4375369588111,failed-vetting,failed-vetting
WITCH-GLOBIOM 4.2,EMF30_D_BCOC-Red,15.5770718356542,22.5636407544975,29.9342147633967,36.3952501988666,43.9955094539326,49.1988852244523,54.9420841123755,57.0233725998017,56.7407566522445,48.51259378716821,C8,C8: exceed warming of 4°C (>=50%)
WITCH-GLOBIOM 4.2,EMF30_D_CH4-ClimPolicy,15.5770718356542,22.5893283894827,30.019634579794,36.6096082744363,44.3535070489819,49.8456132541047,56.0809328344472,57.44098637476461,57.1100721677051,48.90015354576921,failed-vetting,failed-vetting
WITCH-GLOBIOM 4.2,EMF30_D_CO2-Only,15.5770718356542,14.0590452364727,13.7119036630481,12.7413298142453,12.763099278381,15.7679298743161,14.7005662804019,15.378175803212,18.9123408195731,14.7470651912971,failed-vetting,failed-vetting
WITCH-GLOBIOM 4.2,EMF30_D_Frozen-CH4,15.5770718356542,22.5636411889844,29.9342158093023,36.39525094368821,43.9955245112729,49.1988801101634,54.9422397497267,57.02406479558621,56.74106383040029,48.5128891429116,C8,C8: exceed warming of 4°C (>=50%)
WITCH-GLOBIOM 4.2,EMF30_D_Frozen-EF,15.5770718356542,22.5636411889844,29.9342158093023,36.39525094368821,43.9955245112729,49.1988801101634,54.9422397497267,57.02406479558621,56.74106383040029,48.5128891429116,C7,C7: limit warming to 4°C (>50%)
WITCH-GLOBIOM 4.2,EMF30_D_Frozen-EF-EndU,15.5770718356542,22.5636407544975,29.9342147633967,36.3952501988666,43.9955094539326,49.1988852244523,54.9420841123755,57.0233725998017,56.7407566522445,48.51259378716821,C8,C8: exceed warming of 4°C (>=50%)
WITCH-GLOBIOM 4.2,EMF30_D_Frozen-EF-SLCF,15.5770718356542,22.5636407544975,29.9342147633967,36.3952501988666,43.9955094539326,49.1988852244523,54.9420841123755,57.0233725998017,56.7407566522445,48.51259378716821,C8,C8: exceed warming of 4°C (>=50%)
WITCH-GLOBIOM 4.2,EMF30_SLCF,15.5770718356542,22.6218606618412,30.12621920309969,36.5849887292423,44.1574593079842,49.3452136372331,55.0595532554421,57.122314092472,56.7630461548885,48.52691509944199,C7,C7: limit warming to 4°C (>50%)
WITCH-GLOBIOM 4.2,EMF30_Slower-Action,15.8035465967419,19.339998514385,25.5862193156562,31.5316623242349,38.8112741670385,47.24082130252971,54.35553871619351,58.0001218494016,57.5002408871772,60.8806283610924,failed-vetting,failed-vetting
WITCH-GLOBIOM 4.2,EMF30_Slower-Action+SLCF,15.8035465967419,19.4419706283847,25.52605742004389,32.9799932267468,39.5449064240648,50.0027926257159,57.15320509379729,60.57851342991921,60.1846922686716,63.1951005462309,failed-vetting,failed-vetting
WITCH-GLOBIOM 4.2,EMF30_Slower-to-faster,15.8035465967419,19.339998514385,25.5862193156562,31.4414499476381,36.4457642786817,42.7800766213849,47.10525322894301,46.4563423276282,40.7755494598999,35.3048433511434,failed-vetting,failed-vetting
WITCH-GLOBIOM 4.2,EMF30_Slower-to-faster+SLCF,15.8035465967419,19.4419706283847,25.52605742004389,31.5474741904027,36.2566897341172,42.554323344336,46.8485661901787,46.4364259492177,40.8046045149926,35.3798196597335,failed-vetting,failed-vetting
WITCH-GLOBIOM 4.2,EMF30_Slower-to-faster+SLCF+HFC,15.8035465967419,19.4419706283847,25.52605742004389,31.5459981813002,36.2495639018343,42.5438579630156,46.8458638462473,46.4338334587978,40.8046197195192,35.3780275212229,failed-vetting,failed-vetting
WITCH-GLOBIOM 4.4,CD-LINKS_INDC2030i_1600,16.7586979966089,17.4263887477593,19.0241471097941,13.2591416263942,9.95766386311703,11.0773211865821,12.1709298242387,15.0700459524565,12.7397324912759,14.990294591887,C3,C3: limit warming to 2°C (>67%)
WITCH-GLOBIOM 4.4,CD-LINKS_INDCi,16.7586979966089,17.4263887477593,19.0241471097941,25.8645575899835,31.45763280747211,47.6086835747944,53.0462459568658,56.9305018902916,57.3110024537263,56.5729983724679,C7,C7: limit warming to 4°C (>50%)
WITCH-GLOBIOM 4.4,CD-LINKS_NDC2030i_1000,16.7586979966089,17.4263887477593,19.0241471097941,9.61448110797073,5.42817222637848,6.17717561281474,7.756711274130679,6.561348918244049,7.391391320668251,10.3772898613996,C2,C2: return warming to 1.5°C (>50%) after a high overshoot
WITCH-GLOBIOM 4.4,CD-LINKS_NPi,16.7586979966089,17.458458327438,24.2612215513925,29.9639517728635,35.9659650811377,52.18714960038611,58.1219637085199,62.3045065775291,63.4572602705549,61.8328327795539,C7,C7: limit warming to 4°C (>50%)
WITCH-GLOBIOM 4.4,CD-LINKS_NPi2020_1000,16.7586979966089,17.458458327438,10.6301403650424,8.700773965481691,7.848083537162629,10.7628331805822,13.4218233084724,11.9174385070002,13.5633542005717,16.9675788753775,C1,C1: limit warming to 1.5°C (>50%) with no or limited overshoot
WITCH-GLOBIOM 4.4,CD-LINKS_NPi2020_1600,16.7586979966089,17.458458327438,14.3798748173229,12.9979607291567,12.4921282410175,14.8447101921322,19.7028797515725,19.6682670382819,19.7003823392185,23.3900604242392,C3,C3: limit warming to 2°C (>67%)
WITCH-GLOBIOM 4.4,CD-LINKS_NPi2020_400,16.7586979966089,17.458458327438,7.03453067375466,5.46810771616507,4.49117331832327,6.59850429952127,5.804145634192951,6.86539770444594,9.36522277690319,10.0851408786048,C1,C1: limit warming to 1.5°C (>50%) with no or limited overshoot
WITCH-GLOBIOM 4.4,CD-LINKS_NoPolicy,16.7586979966089,18.1432937508543,24.86066350442231,30.3808358974905,36.4337026142035,53.1074886838647,58.4830988016766,62.6523372110582,63.3904326841669,61.7615259996169,C7,C7: limit warming to 4°C (>50%)
