Model,Scenario,2010,2020,2030,2040,2050,2060,2070,2080,2090,2100,Category,Category_name
AIM/CGE 2.0,ADVANCE_2020_1.5C-2100,0.1996,0.2311,0.278,0.3323,0.3918,0.4668000000000001,0.5454,0.6272,0.7111000000000001,0.7962,failed-vetting,failed-vetting
AIM/CGE 2.0,ADVANCE_2020_Med2C,0.1996,0.2311,0.2785,0.3324,0.382999999999999,0.4454,0.5085000000000001,0.5622,0.6203000000000001,0.6915,failed-vetting,failed-vetting
AIM/CGE 2.0,ADVANCE_2020_WB2C,0.1996,0.2311,0.2785,0.3329,0.3944,0.4651,0.5434,0.6248,0.7077,0.7927000000000001,failed-vetting,failed-vetting
AIM/CGE 2.0,ADVANCE_2030_Med2C,0.1996,0.2334,0.2793,0.328999999999999,0.3865,0.4536,0.5289,0.5889,0.6448,0.7206,failed-vetting,failed-vetting
AIM/CGE 2.0,ADVANCE_2030_Price1.5C,0.2,0.2328,0.2812,0.3362,0.3984,0.4702,0.5492,0.6316,0.7159,0.802,failed-vetting,failed-vetting
AIM/CGE 2.0,ADVANCE_2030_WB2C,0.1996,0.2334,0.2793,0.328999999999999,0.39,0.4603,0.5378000000000001,0.6185,0.7010000000000001,0.7852,failed-vetting,failed-vetting
AIM/CGE 2.0,ADVANCE_INDC,0.2,0.233,0.2817,0.3356,0.373,0.3962,0.4872,0.5575,0.63,0.7039000000000001,failed-vetting,failed-vetting
AIM/CGE 2.0,ADVANCE_NoPolicy,0.2,0.2329,0.2752,0.3155,0.3531,0.4009,0.4547000000000001,0.515,0.5772,0.6413,failed-vetting,failed-vetting
AIM/CGE 2.0,ADVANCE_Reference,0.2,0.233,0.2527,0.2629,0.2808,0.3126,0.3453,0.3864,0.4379999999999991,0.4923,failed-vetting,failed-vetting
AIM/CGE 2.0,EMF30_BCOC-EndU,0.2036,0.246,0.2964,0.3501,0.4054,0.4731,0.5427000000000001,0.6124,0.6880000000000001,0.7681,failed-vetting,failed-vetting
AIM/CGE 2.0,EMF30_Baseline,0.2037,0.246,0.2961,0.3491,0.4044,0.4721,0.5413,0.6108,0.6865,0.7662,failed-vetting,failed-vetting
AIM/CGE 2.0,EMF30_CH4-Only,0.2036,0.2446,0.2808,0.3211,0.3698,0.4283,0.4894,0.5528000000000001,0.6193000000000001,0.6903,failed-vetting,failed-vetting
AIM/CGE 2.0,EMF30_ClimPolicy,0.2036,0.2452,0.2958,0.348,0.4034,0.4735,0.5526,0.635,0.7192000000000001,0.805,failed-vetting,failed-vetting
AIM/CGE 2.0,EMF30_ClimPolicy+SLCF,0.2036,0.2455,0.2961,0.3498,0.4045,0.4753,0.5547000000000001,0.6372,0.7218,0.8079999999999989,failed-vetting,failed-vetting
AIM/CGE 2.0,EMF30_D_BCOC-Red,0.2037,0.246,0.2961,0.3491,0.4044,0.4721,0.5413,0.6108,0.6865,0.7662,failed-vetting,failed-vetting
AIM/CGE 2.0,EMF30_D_CH4-ClimPolicy,0.2036,0.2446,0.2817,0.3228,0.3744,0.4384,0.5108,0.5866,0.6632,0.7407,failed-vetting,failed-vetting
AIM/CGE 2.0,EMF30_D_CO2-Only,0.2036,0.2452,0.2955,0.3483,0.4065,0.479,0.5589000000000001,0.642,0.7271000000000001,0.8137000000000001,failed-vetting,failed-vetting
AIM/CGE 2.0,EMF30_D_Frozen-CH4,0.2037,0.246,0.2961,0.3491,0.4044,0.4721,0.5413,0.6108,0.6865,0.7662,failed-vetting,failed-vetting
AIM/CGE 2.0,EMF30_D_Frozen-EF,0.2037,0.246,0.2961,0.3491,0.4044,0.4721,0.5413,0.6108,0.6865,0.7662,failed-vetting,failed-vetting
AIM/CGE 2.0,EMF30_D_Frozen-EF-EndU,0.2037,0.246,0.2961,0.3491,0.4044,0.4721,0.5413,0.6108,0.6865,0.7662,failed-vetting,failed-vetting
AIM/CGE 2.0,EMF30_D_Frozen-EF-SLCF,0.2037,0.246,0.2961,0.3491,0.4044,0.4721,0.5413,0.6108,0.6865,0.7662,failed-vetting,failed-vetting
AIM/CGE 2.0,EMF30_SLCF,0.2035,0.2447,0.2829,0.3229,0.3716,0.43,0.491,0.5544,0.6208,0.6923,failed-vetting,failed-vetting
AIM/CGE 2.0,EMF30_Slower-Action,0.2036,0.2453,0.2904,0.3388,0.3812,0.428,0.4891,0.5596,0.6325000000000001,0.7068,failed-vetting,failed-vetting
AIM/CGE 2.0,EMF30_Slower-Action+SLCF,0.2035,0.2455,0.2869,0.3346,0.379,0.4419,0.4977,0.5699000000000001,0.6445000000000001,0.7203,failed-vetting,failed-vetting
AIM/CGE 2.0,EMF30_Slower-to-faster,0.2036,0.2453,0.2904,0.3369,0.3907,0.4596,0.5354,0.615,0.6963,0.7792,failed-vetting,failed-vetting
AIM/CGE 2.0,EMF30_Slower-to-faster+SLCF,0.2035,0.2455,0.2917,0.3432,0.406,0.4781,0.5577,0.6405000000000001,0.7252000000000001,0.8116,failed-vetting,failed-vetting
AIM/CGE 2.0,EMF30_Slower-to-faster+SLCF+HFC,0.2035,0.2455,0.2917,0.3433,0.406,0.4781,0.5578000000000001,0.6406000000000001,0.7253000000000001,0.8116,failed-vetting,failed-vetting
AIM/CGE 2.0,SFCM_SSP2_Bio_1p5Degree,0.2035,0.2457,0.2963,0.3532,0.4178,0.4921,0.5740000000000001,0.6592,0.7465,0.8349000000000001,failed-vetting,failed-vetting
AIM/CGE 2.0,SFCM_SSP2_Bio_2Degree,0.2035,0.2457,0.2963,0.3482,0.3996,0.4653000000000001,0.5418000000000001,0.6227,0.7051000000000001,0.7801,failed-vetting,failed-vetting
AIM/CGE 2.0,SFCM_SSP2_Bio_Baseline,0.2036,0.2459,0.2956,0.3467,0.4008000000000001,0.4578,0.5142,0.5743,0.6412,0.7141000000000001,failed-vetting,failed-vetting
AIM/CGE 2.0,SFCM_SSP2_EEEI_1p5Degree,0.201999999999999,0.2391,0.288,0.3433,0.4033,0.4739,0.5526,0.634,0.7172000000000001,0.8021,failed-vetting,failed-vetting
AIM/CGE 2.0,SFCM_SSP2_EEEI_2Degree,0.201999999999999,0.2391,0.2809,0.3298,0.3558,0.3886,0.4516,0.5188,0.5836,0.6368,failed-vetting,failed-vetting
AIM/CGE 2.0,SFCM_SSP2_EEEI_Baseline,0.201999999999999,0.238,0.2679,0.2951,0.3214,0.3512,0.3815,0.4091,0.4392,0.4695,failed-vetting,failed-vetting
AIM/CGE 2.0,SFCM_SSP2_LifeStyle_1p5Degree,0.2032,0.2448,0.2952,0.3519,0.4162,0.4903,0.5718,0.6567000000000001,0.7431,0.8310000000000001,failed-vetting,failed-vetting
AIM/CGE 2.0,SFCM_SSP2_LifeStyle_2Degree,0.2032,0.2448,0.2933,0.3444,0.3942,0.4402,0.512,0.5884,0.6662,0.7319,failed-vetting,failed-vetting
AIM/CGE 2.0,SFCM_SSP2_LifeStyle_Baseline,0.2033,0.2454,0.2923,0.3369,0.3791,0.4299,0.4801,0.5299,0.5828,0.6395000000000001,failed-vetting,failed-vetting
AIM/CGE 2.0,SFCM_SSP2_Ref_1p5Degree,0.2035,0.2457,0.2963,0.3532,0.4178,0.4921,0.5740000000000001,0.6592,0.7465,0.8353,failed-vetting,failed-vetting
AIM/CGE 2.0,SFCM_SSP2_Ref_2Degree,0.2035,0.2457,0.2963,0.3478,0.3999,0.4673000000000001,0.545,0.6264000000000001,0.7094,0.7941,failed-vetting,failed-vetting
AIM/CGE 2.0,SFCM_SSP2_Ref_Baseline,0.2036,0.2459,0.2955,0.3464,0.4007,0.4586,0.5165000000000001,0.5786,0.6462,0.7199,failed-vetting,failed-vetting
AIM/CGE 2.0,SFCM_SSP2_ST_CCS_1p5Degree,0.2035,0.2457,0.2963,0.3532,0.4178,0.4921,0.5740000000000001,0.6592,0.7464000000000001,0.8347,failed-vetting,failed-vetting
AIM/CGE 2.0,SFCM_SSP2_ST_CCS_2Degree,0.2035,0.2457,0.2961,0.3467,0.3957,0.4527000000000001,0.5278,0.6067,0.6874,0.7693,failed-vetting,failed-vetting
AIM/CGE 2.0,SFCM_SSP2_ST_CCS_Baseline,0.2036,0.2459,0.2955,0.3464,0.4007,0.4586,0.5165000000000001,0.5786,0.6462,0.7199,failed-vetting,failed-vetting
AIM/CGE 2.0,SFCM_SSP2_ST_bio_1p5Degree,0.2035,0.2457,0.2963,0.3532,0.4178,0.4921,0.5740000000000001,0.6592,0.7465,0.8349000000000001,failed-vetting,failed-vetting
AIM/CGE 2.0,SFCM_SSP2_ST_bio_2Degree,0.2035,0.2457,0.2963,0.3476,0.3989,0.4655,0.5426,0.6236,0.7064,0.7871,failed-vetting,failed-vetting
AIM/CGE 2.0,SFCM_SSP2_ST_bio_Baseline,0.2036,0.2459,0.2955,0.3464,0.4002,0.4572,0.514,0.5747,0.6417,0.7147,failed-vetting,failed-vetting
AIM/CGE 2.0,SFCM_SSP2_ST_nuclear_1p5Degree,0.2035,0.2459,0.2966,0.3536,0.4182,0.4926,0.5746,0.6599,0.7468,0.8349000000000001,failed-vetting,failed-vetting
AIM/CGE 2.0,SFCM_SSP2_ST_nuclear_2Degree,0.2035,0.2459,0.2966,0.3492,0.4003,0.4675,0.5449,0.626,0.7089000000000001,0.7839,failed-vetting,failed-vetting
AIM/CGE 2.0,SFCM_SSP2_ST_nuclear_Baseline,0.2036,0.2459,0.2961,0.3484,0.4027,0.4644,0.5276000000000001,0.5888,0.6576000000000001,0.7311000000000001,failed-vetting,failed-vetting
AIM/CGE 2.0,SFCM_SSP2_ST_solar_1p5Degree,0.2035,0.2457,0.2963,0.3532,0.4178,0.4921,0.5740000000000001,0.6592,0.7465,0.8348,failed-vetting,failed-vetting
AIM/CGE 2.0,SFCM_SSP2_ST_solar_2Degree,0.2035,0.2457,0.2961,0.3469,0.3982,0.465,0.5423,0.6232,0.706,0.7903,failed-vetting,failed-vetting
AIM/CGE 2.0,SFCM_SSP2_ST_solar_Baseline,0.2036,0.2459,0.2954,0.346,0.3988,0.4558,0.5132,0.5747,0.6418,0.7148,failed-vetting,failed-vetting
AIM/CGE 2.0,SFCM_SSP2_ST_wind_1p5Degree,0.2035,0.2456,0.2963,0.3531,0.4177,0.4920000000000001,0.5739000000000001,0.6591,0.7464000000000001,0.8354,failed-vetting,failed-vetting
AIM/CGE 2.0,SFCM_SSP2_ST_wind_2Degree,0.2035,0.2456,0.2955,0.3459,0.397,0.4564,0.5324,0.6118,0.6930000000000001,0.775,failed-vetting,failed-vetting
AIM/CGE 2.0,SFCM_SSP2_ST_wind_Baseline,0.2036,0.2459,0.2953,0.3454,0.3977,0.4546,0.5119,0.5732,0.6401,0.7125,failed-vetting,failed-vetting
AIM/CGE 2.0,SFCM_SSP2_SupTech_1p5Degree,0.2035,0.2459,0.2966,0.3535,0.4111,0.484,0.5643,0.6477,0.7329,0.8183,failed-vetting,failed-vetting
AIM/CGE 2.0,SFCM_SSP2_SupTech_2Degree,0.2035,0.2459,0.2961,0.3444,0.3779999999999989,0.4162,0.4828,0.5546,0.6229,0.677,failed-vetting,failed-vetting
AIM/CGE 2.0,SFCM_SSP2_SupTech_Baseline,0.2036,0.2458,0.296,0.3469,0.3997,0.4598,0.5163,0.5747,0.6407,0.7119000000000001,failed-vetting,failed-vetting
AIM/CGE 2.0,SFCM_SSP2_combined_1p5Degree,0.201,0.2358,0.2837,0.3376,0.3829,0.4444,0.5081,0.5645,0.5992000000000001,0.6228,failed-vetting,failed-vetting
AIM/CGE 2.0,SFCM_SSP2_combined_2Degree,0.201,0.2358,0.2733,0.3142,0.2787,0.2706,0.3024,0.3313,0.3456,0.3496,failed-vetting,failed-vetting
AIM/CGE 2.0,SFCM_SSP2_combined_Baseline,0.2011,0.2368,0.2639,0.2879,0.3056,0.3267,0.3463,0.3607,0.3722,0.3797,failed-vetting,failed-vetting
AIM/CGE 2.0,SSP1-19,0.2034,0.2424,0.2925,0.3548,0.4172,0.4944,0.5726,0.6395000000000001,0.6944,0.7371000000000001,failed-vetting,failed-vetting
AIM/CGE 2.0,SSP1-26,0.2034,0.2425,0.2831,0.3363,0.3601,0.4112,0.4766,0.5305,0.5709000000000001,0.594,C3,C3: limit warming to 2°C (>67%)
AIM/CGE 2.0,SSP1-34,0.2034,0.2425,0.2587,0.2538,0.2531,0.2936,0.3394,0.379,0.4092,0.4293,C5,C5: limit warming to 2.5°C (>50%)
AIM/CGE 2.0,SSP1-45,0.2034,0.2443,0.2471,0.2278,0.2176,0.2416,0.2753,0.3056,0.3314,0.3522,C6,C6: limit warming to 3°C (>50%)
AIM/CGE 2.0,SSP1-Baseline,0.2035,0.2461,0.2818,0.2837,0.2749,0.2869,0.3016,0.3212,0.3407,0.3557,C7,C7: limit warming to 4°C (>50%)
AIM/CGE 2.0,SSP2-19,0.2036,0.2453,0.2958,0.3526,0.417,0.4912,0.5729000000000001,0.6579,0.7449,0.8337,failed-vetting,failed-vetting
AIM/CGE 2.0,SSP2-26,0.2037,0.2453,0.2959,0.3501,0.403999999999999,0.4734,0.5522,0.6344000000000001,0.7184,0.8038000000000001,failed-vetting,failed-vetting
AIM/CGE 2.0,SSP2-34,0.2037,0.2453,0.2929,0.3394,0.3868,0.4284,0.4957,0.5698,0.6458,0.7236,failed-vetting,failed-vetting
AIM/CGE 2.0,SSP2-45,0.2037,0.2453,0.2745,0.2893,0.2983,0.3446,0.4008000000000001,0.4601,0.521,0.5834,failed-vetting,failed-vetting
AIM/CGE 2.0,SSP2-60,0.2037,0.2453,0.2728,0.2845,0.276,0.2899,0.318,0.3589,0.4027,0.4476,failed-vetting,failed-vetting
AIM/CGE 2.0,SSP2-Baseline,0.2037,0.2461,0.2961,0.3489,0.4042,0.4714,0.5409,0.6109,0.6864,0.7663000000000001,failed-vetting,failed-vetting
AIM/CGE 2.0,SSP3-34,0.2029,0.2402,0.2772,0.3191,0.3548,0.3862,0.4168,0.4462,0.4754,0.507,failed-vetting,failed-vetting
AIM/CGE 2.0,SSP3-45,0.2029,0.2402,0.2727,0.3076,0.3425,0.3737,0.4042,0.4337,0.462999999999999,0.4948,failed-vetting,failed-vetting
AIM/CGE 2.0,SSP3-60,0.2029,0.2402,0.2715,0.3018,0.3336,0.3641,0.3945,0.4239,0.4535,0.4854,failed-vetting,failed-vetting
AIM/CGE 2.0,SSP3-Baseline,0.203,0.2421,0.2815,0.3209,0.357,0.3896,0.4215,0.4526,0.4838,0.5177,failed-vetting,failed-vetting
AIM/CGE 2.0,SSP4-26,0.204,0.2461,0.2949,0.3462,0.3688,0.3996,0.4459,0.4877,0.5134000000000001,0.528,C3,C3: limit warming to 2°C (>67%)
AIM/CGE 2.0,SSP4-34,0.204,0.2461,0.2888,0.325,0.3259,0.3538,0.3879,0.4152,0.4305,0.4337,C5,C5: limit warming to 2.5°C (>50%)
AIM/CGE 2.0,SSP4-45,0.204,0.2461,0.2828,0.2926,0.2762,0.2956,0.3267,0.3561,0.3807,0.3961,C6,C6: limit warming to 3°C (>50%)
AIM/CGE 2.0,SSP4-Baseline,0.204,0.2464,0.2911,0.3328,0.3337,0.3346,0.3424,0.3568,0.3696,0.3783,C7,C7: limit warming to 4°C (>50%)
AIM/CGE 2.0,SSP5-26,0.2026,0.2389,0.2911,0.3549,0.4325,0.5269,0.6412,0.7689,0.9072,1.0566,failed-vetting,failed-vetting
AIM/CGE 2.0,SSP5-34,0.2026,0.2389,0.2903,0.3464,0.4089,0.4962,0.6039,0.7241000000000001,0.8535,0.9923,failed-vetting,failed-vetting
AIM/CGE 2.0,SSP5-45,0.2026,0.2389,0.2725,0.3198,0.3778,0.4503,0.5454,0.6545000000000001,0.7726000000000001,0.9003,failed-vetting,failed-vetting
AIM/CGE 2.0,SSP5-60,0.2026,0.2389,0.267,0.3082,0.349,0.4143,0.4926,0.5878,0.6903,0.807,failed-vetting,failed-vetting
AIM/CGE 2.0,SSP5-Baseline,0.2027,0.2418,0.273,0.3103,0.3633,0.4388,0.5284,0.6306,0.7451,0.8699,failed-vetting,failed-vetting
AIM/CGE 2.1,CD-LINKS_INDC2030i_1600,0.2037,0.2381,0.2816,0.3218,0.3658,0.4272,0.4893,0.5491,0.6094,0.664,C5,C5: limit warming to 2.5°C (>50%)
AIM/CGE 2.1,CD-LINKS_INDCi,0.2037,0.2381,0.2787,0.2784,0.2801,0.2957,0.3219,0.3577,0.3928,0.4307,C7,C7: limit warming to 4°C (>50%)
AIM/CGE 2.1,CD-LINKS_NDC2030i_1000,0.2037,0.2381,0.2816,0.322,0.3807,0.4375,0.5079,0.5753,0.6476000000000001,0.725,C4,C4: limit warming to 2°C (>50%)
AIM/CGE 2.1,CD-LINKS_NPi,0.2031,0.2418,0.2848,0.3224,0.3720000000000001,0.4325,0.4946,0.5586,0.6165,0.6904,failed-vetting,failed-vetting
AIM/CGE 2.1,CD-LINKS_NPi2020_1000,0.2033,0.2402,0.2918,0.355,0.3903,0.453999999999999,0.5244,0.5889,0.6425000000000001,0.7049000000000001,C3,C3: limit warming to 2°C (>67%)
AIM/CGE 2.1,CD-LINKS_NPi2020_1600,0.2037,0.2379,0.2851,0.331,0.3798,0.4459,0.5005000000000001,0.5603,0.6207,0.6766,C5,C5: limit warming to 2.5°C (>50%)
AIM/CGE 2.1,CD-LINKS_NPi2020_400,0.2033,0.2402,0.2956,0.365,0.4311,0.4989,0.5659000000000001,0.6467,0.7251000000000001,0.8126,C1,C1: limit warming to 1.5°C (>50%) with no or limited overshoot
AIM/CGE 2.1,CD-LINKS_NoPolicy,0.1977,0.2326,0.2759,0.3208,0.3721,0.4323,0.4948,0.5552,0.6174000000000001,0.6899000000000001,failed-vetting,failed-vetting
AIM/CGE 2.1,CO_2Deg2020,0.2299999999999999,0.3111,0.3922,0.4688,0.5496000000000001,2.236372208494915,2.50450329907943,2.783646499551391,2.9311455406842644,3.028776166871727,no-climate-assessment,no-climate-assessment
AIM/CGE 2.1,CO_2Deg2030,0.2299999999999999,0.3111,0.3896999999999999,0.4952,0.6060000000000001,2.236372208494915,2.50450329907943,2.783646499551391,2.9311455406842644,3.028776166871727,no-climate-assessment,no-climate-assessment
AIM/CGE 2.1,CO_BAU,0.2300999999999999,0.3011999999999999,0.3508,0.3959,0.4466,2.236372208494915,2.50450329907943,2.783646499551391,2.9311455406842644,3.028776166871727,no-climate-assessment,no-climate-assessment
AIM/CGE 2.1,CO_Bridge,0.2299999999999999,0.311,0.3882,0.4635,0.5446,0.5803,0.625,0.6649,0.6991,0.7347,C3,C3: limit warming to 2°C (>67%)
AIM/CGE 2.1,CO_CurPol,0.2299999999999999,0.311,0.3743999999999999,0.4203,0.475,0.5028,0.517,0.5328,0.5566,0.5846,C7,C7: limit warming to 4°C (>50%)
AIM/CGE 2.1,CO_GPP,0.2299999999999999,0.311,0.3882,0.4595,0.535,2.236372208494915,2.50450329907943,2.783646499551391,2.9311455406842644,3.028776166871727,no-climate-assessment,no-climate-assessment
AIM/CGE 2.1,CO_NDCplus,0.2299999999999999,0.3111,0.3896999999999999,0.4575,0.4843999999999999,2.236372208494915,2.50450329907943,2.783646499551391,2.9311455406842644,3.028776166871727,no-climate-assessment,no-climate-assessment
AIM/CGE 2.1,EMF33_Baseline,0.1988,0.2296,0.271,0.31,0.351,0.3935,0.4404,0.5008,0.5609000000000001,0.6221,failed-vetting,failed-vetting
AIM/CGE 2.1,EMF33_Med2C_cost100,0.1989,0.2307,0.2767,0.3308,0.3871,0.4549,0.5311,0.6052000000000001,0.6625,0.7152000000000001,failed-vetting,failed-vetting
AIM/CGE 2.1,EMF33_Med2C_full,0.198999999999999,0.2308,0.2767,0.3308,0.386,0.4505,0.5203,0.5798,0.6352,0.6858000000000001,failed-vetting,failed-vetting
AIM/CGE 2.1,EMF33_Med2C_nobeccs,0.198999999999999,0.2308,0.2767,0.3308,0.3877,0.4564,0.5334,0.6135,0.6949000000000001,0.775,failed-vetting,failed-vetting
AIM/CGE 2.1,EMF33_Med2C_nofuel,0.198999999999999,0.2308,0.2768,0.3309,0.3904,0.4606,0.5384,0.6193000000000001,0.7017,0.7853,failed-vetting,failed-vetting
AIM/CGE 2.1,EMF33_Med2C_none,0.198999999999999,0.231,0.2769,0.3311,0.3916,0.4621,0.5401,0.6212,0.7043,0.7882,failed-vetting,failed-vetting
AIM/CGE 2.1,EMF33_WB2C_cost100,0.1989,0.2307,0.2767,0.3308,0.3924,0.4633000000000001,0.5414,0.6227,0.7059000000000001,0.7898000000000001,failed-vetting,failed-vetting
AIM/CGE 2.1,EMF33_WB2C_full,0.198999999999999,0.2308,0.2767,0.3308,0.3924,0.4626,0.5406000000000001,0.6218,0.7041000000000001,0.7873,failed-vetting,failed-vetting
AIM/CGE 2.1,EMF33_tax_hi_full,0.198999999999999,0.2275,0.2742,0.327999999999999,0.3891,0.4596,0.5372,0.618,0.7006,0.7848,failed-vetting,failed-vetting
AIM/CGE 2.1,EMF33_tax_hi_none,0.198999999999999,0.2276,0.2743,0.3281,0.3893,0.4598,0.5375,0.6183000000000001,0.7010000000000001,0.7852,failed-vetting,failed-vetting
AIM/CGE 2.1,EMF33_tax_lo_full,0.198999999999999,0.2275,0.2742,0.327999999999999,0.3891,0.4596,0.5372,0.618,0.7006,0.7848,failed-vetting,failed-vetting
AIM/CGE 2.1,EMF33_tax_lo_none,0.198999999999999,0.2276,0.2743,0.3281,0.3893,0.4598,0.5375,0.6183000000000001,0.7010000000000001,0.7852,failed-vetting,failed-vetting
AIM/CGE 2.1,TERL_15D_LowCarbonTransportPolicy,0.1967,0.2244,0.2704,0.3235,0.3839,0.4531,0.5282,0.6078,0.6894,0.7727,failed-vetting,failed-vetting
AIM/CGE 2.1,TERL_15D_NoTransportPolicy,0.1978,0.2265,0.2727,0.3263,0.3871,0.4572,0.5345,0.6151,0.6976,0.7818,failed-vetting,failed-vetting
AIM/CGE 2.1,TERL_2D_LowCarbonTransportPolicy,0.1967,0.2244,0.2704,0.3234,0.3779,0.4415,0.5024000000000001,0.5725,0.6496000000000001,0.7284,failed-vetting,failed-vetting
AIM/CGE 2.1,TERL_2D_NoTransportPolicy,0.1978,0.2265,0.2727,0.3262,0.3807,0.4457,0.5192,0.5975,0.6778000000000001,0.7598,failed-vetting,failed-vetting
AIM/CGE 2.1,TERL_Baseline_LowCarbonTransportPolicy,0.1963,0.2255,0.2654,0.3055,0.3474,0.382999999999999,0.431,0.493,0.5581,0.6218,failed-vetting,failed-vetting
AIM/CGE 2.1,TERL_Baseline_NoTransportPolicy,0.1974,0.2273,0.2678,0.3106,0.3509,0.3895,0.439,0.5007,0.5663,0.6277,failed-vetting,failed-vetting
AIM/CGE 2.2,EN_INDCi2030_1000f,0.3352,0.4459,0.5388,0.645,0.7662,0.9062,1.0642,1.2269,1.3919,1.5592,C3,C3: limit warming to 2°C (>67%)
AIM/CGE 2.2,EN_INDCi2030_1200,0.3352,0.4459,0.5388,0.645,0.7662,0.9062,1.0642,1.2269,1.3919,1.5592,C4,C4: limit warming to 2°C (>50%)
AIM/CGE 2.2,EN_INDCi2030_1200f,0.3352,0.4459,0.5388,0.645,0.7662,0.9062,1.0642,1.2269,1.3919,1.5592,C4,C4: limit warming to 2°C (>50%)
AIM/CGE 2.2,EN_INDCi2030_1400,0.3352,0.4459,0.5388,0.645,0.7647,0.8998,1.0567,1.2184,1.3823,1.5485,C4,C4: limit warming to 2°C (>50%)
AIM/CGE 2.2,EN_INDCi2030_1400f,0.3352,0.4459,0.5388,0.645,0.7563,0.8863,1.0409,1.2004,1.3621,1.5261,C4,C4: limit warming to 2°C (>50%)
AIM/CGE 2.2,EN_INDCi2030_1600,0.3352,0.4459,0.5388,0.645,0.751,0.8793,1.0328,1.1912,1.3519,1.5148,C5,C5: limit warming to 2.5°C (>50%)
AIM/CGE 2.2,EN_INDCi2030_1600f,0.3352,0.4459,0.5388,0.645,0.7464,0.8732,1.0259,1.1834,1.3433,1.5054,C5,C5: limit warming to 2.5°C (>50%)
AIM/CGE 2.2,EN_INDCi2030_1800,0.3352,0.4459,0.5388,0.6441,0.7401,0.8644,1.0157,1.1719,1.3303,1.4911,C5,C5: limit warming to 2.5°C (>50%)
AIM/CGE 2.2,EN_INDCi2030_1800f,0.3352,0.4459,0.5388,0.6441,0.7401,0.8644,1.0157,1.1719,1.3303,1.4911,C5,C5: limit warming to 2.5°C (>50%)
AIM/CGE 2.2,EN_INDCi2030_800f,0.3352,0.4459,0.5388,0.645,0.7662,0.9062,1.0642,1.2269,1.3919,1.5592,C3,C3: limit warming to 2°C (>67%)
AIM/CGE 2.2,EN_INDCi2030_900f,0.3352,0.4459,0.5388,0.645,0.7662,0.9062,1.0642,1.2269,1.3919,1.5592,C3,C3: limit warming to 2°C (>67%)
AIM/CGE 2.2,EN_INDCi2100,0.3352,0.4459,0.5388,0.645,0.7606,0.8957,1.0486,1.2073,1.3682,1.5316,C6,C6: limit warming to 3°C (>50%)
AIM/CGE 2.2,EN_NPi2020_1000,0.3352,0.4459,0.5387,0.645,0.7662,0.9062,1.0641,1.2269,1.3918,1.5591,C3,C3: limit warming to 2°C (>67%)
AIM/CGE 2.2,EN_NPi2020_1000f,0.3352,0.4459,0.5387,0.645,0.7661,0.9061,1.0641,1.2268,1.3918,1.559,C3,C3: limit warming to 2°C (>67%)
AIM/CGE 2.2,EN_NPi2020_1200,0.3352,0.4459,0.5387,0.645,0.7662,0.9062,1.0641,1.2268,1.3918,1.5591,C3,C3: limit warming to 2°C (>67%)
AIM/CGE 2.2,EN_NPi2020_1200f,0.3352,0.4459,0.5386,0.6449,0.7633,0.8988,1.0556,1.2171,1.381,1.5471,C4,C4: limit warming to 2°C (>50%)
AIM/CGE 2.2,EN_NPi2020_1400,0.3352,0.4459,0.5386,0.6449,0.7604,0.895,1.0511,1.212,1.3752,1.5406,C4,C4: limit warming to 2°C (>50%)
AIM/CGE 2.2,EN_NPi2020_1400f,0.3352,0.4459,0.5386,0.6448,0.7568,0.8896,1.0448,1.2048,1.3671,1.5317,C4,C4: limit warming to 2°C (>50%)
AIM/CGE 2.2,EN_NPi2020_1600,0.3352,0.4459,0.5385,0.6447,0.7507,0.8789,1.0325,1.1909,1.3516,1.5146,C5,C5: limit warming to 2.5°C (>50%)
AIM/CGE 2.2,EN_NPi2020_1600f,0.3352,0.4459,0.5385,0.6447,0.7507,0.8789,1.0325,1.1909,1.3516,1.5146,C5,C5: limit warming to 2.5°C (>50%)
AIM/CGE 2.2,EN_NPi2020_1800,0.3352,0.4459,0.5384,0.6442,0.7455,0.8703,1.0225,1.1795,1.3388,1.5004,C5,C5: limit warming to 2.5°C (>50%)
AIM/CGE 2.2,EN_NPi2020_1800f,0.3352,0.4459,0.5384,0.6442,0.7455,0.8703,1.0225,1.1795,1.3388,1.5004,C5,C5: limit warming to 2.5°C (>50%)
AIM/CGE 2.2,EN_NPi2020_300f,0.3352,0.4459,0.5387,0.645,0.7662,0.9062,1.0641,1.2269,1.3918,1.5591,C1,C1: limit warming to 1.5°C (>50%) with no or limited overshoot
AIM/CGE 2.2,EN_NPi2020_400f,0.3352,0.4459,0.5387,0.645,0.7662,0.9062,1.0641,1.2269,1.3918,1.5591,C2,C2: return warming to 1.5°C (>50%) after a high overshoot
AIM/CGE 2.2,EN_NPi2020_500f,0.3352,0.4459,0.5387,0.645,0.7662,0.9062,1.0641,1.2269,1.3918,1.5591,C2,C2: return warming to 1.5°C (>50%) after a high overshoot
AIM/CGE 2.2,EN_NPi2020_600,0.3352,0.4459,0.5387,0.645,0.7662,0.9062,1.0641,1.2269,1.3918,1.5591,C1,C1: limit warming to 1.5°C (>50%) with no or limited overshoot
AIM/CGE 2.2,EN_NPi2020_600f,0.3352,0.4459,0.5387,0.645,0.7662,0.9062,1.0641,1.2269,1.3918,1.5591,C2,C2: return warming to 1.5°C (>50%) after a high overshoot
AIM/CGE 2.2,EN_NPi2020_700,0.3352,0.4459,0.5387,0.645,0.7662,0.9062,1.0641,1.2269,1.3918,1.5591,C3,C3: limit warming to 2°C (>67%)
AIM/CGE 2.2,EN_NPi2020_700f,0.3352,0.4459,0.5387,0.645,0.7662,0.9062,1.0641,1.2269,1.3918,1.5591,C3,C3: limit warming to 2°C (>67%)
AIM/CGE 2.2,EN_NPi2020_800,0.3352,0.4459,0.5387,0.645,0.7662,0.9062,1.0641,1.2269,1.3918,1.5591,C3,C3: limit warming to 2°C (>67%)
AIM/CGE 2.2,EN_NPi2020_800f,0.3352,0.4459,0.5387,0.645,0.7662,0.9062,1.0641,1.2269,1.3918,1.5591,C3,C3: limit warming to 2°C (>67%)
AIM/CGE 2.2,EN_NPi2020_900,0.3352,0.4459,0.5387,0.645,0.7662,0.9062,1.0641,1.2269,1.3918,1.5591,C3,C3: limit warming to 2°C (>67%)
AIM/CGE 2.2,EN_NPi2020_900f,0.3352,0.4459,0.5387,0.645,0.7662,0.9062,1.0641,1.2269,1.3918,1.5591,C3,C3: limit warming to 2°C (>67%)
AIM/CGE 2.2,EN_NPi2100,0.3352,0.4459,0.5243,0.6236,0.7284,0.8416,0.9581,1.0873,1.2081,1.3226,C7,C7: limit warming to 4°C (>50%)
AIM/Hub-Global 2.0,1.5C,0.2293,0.299,0.3603,0.4309,0.4851,0.5667,0.64,0.7143999999999999,0.789,0.8625999999999998,C1,C1: limit warming to 1.5°C (>50%) with no or limited overshoot
AIM/Hub-Global 2.0,2.5C,0.2293,0.2678,0.2786,0.2678,0.2647,0.3093,0.3585,0.4092,0.4590000000000001,0.5064,C6,C6: limit warming to 3°C (>50%)
AIM/Hub-Global 2.0,2C,0.2293,0.2678,0.3068,0.32,0.3363,0.3933,0.4555,0.5137,0.5661,0.6104,C5,C5: limit warming to 2.5°C (>50%)
AIM/Hub-Global 2.0,450ppmCancunP,0.2043,0.2453,0.2941,0.3465,0.3974,0.4679,0.5476,0.6301,0.7144999999999999,0.7996000000000001,failed-vetting,failed-vetting
AIM/Hub-Global 2.0,450ppmRCP,0.2033,0.2457,0.2973,0.3494,0.3984,0.4688,0.5486,0.6311,0.7152,0.8002,failed-vetting,failed-vetting
AIM/Hub-Global 2.0,450ppmeINDC,0.2041,0.2465999999999999,0.2879,0.3301,0.3769,0.4447,0.5224,0.6053999999999999,0.7276,0.8087,failed-vetting,failed-vetting
AIM/Hub-Global 2.0,Baseline,0.2293,0.2673999999999999,0.3129,0.3541999999999999,0.4013,0.4372,0.4691999999999999,0.5206,0.5742,0.6256,C7,C7: limit warming to 4°C (>50%)
AIM/Hub-Global 2.0,INDCSamePrice,0.2043,0.2465999999999999,0.288,0.3126,0.3236,0.3534,0.3945,0.4420999999999999,0.4927,0.5448999999999999,failed-vetting,failed-vetting
AIM/Hub-Global 2.0,WB2C,0.2293,0.2988999999999999,0.3572999999999999,0.422,0.4649999999999999,0.5436,0.6157,0.6820999999999999,0.7502000000000001,0.8238,C3,C3: limit warming to 2°C (>67%)
BET EMF33,EMF33_1.5C_cost100,0.245321999999999,1.803078057037,3.60306537476546,4.233599978397161,4.233599954622791,4.23359990352098,4.23359975814437,3.904997455121721,3.89609909547839,4.23359898951563,failed-vetting,failed-vetting
BET EMF33,EMF33_1.5C_full,0.245321999999999,1.8035666990866,3.60796713235983,4.23360000306577,4.23360000189341,4.23359999933456,4.2335999913344,3.89307941429121,3.896099960564029,4.23359993823385,failed-vetting,failed-vetting
BET EMF33,EMF33_1.5C_nofuel,0.245321999999999,1.796318465490659,3.582195256469509,4.233600000109471,4.23359999640118,4.233599987813411,4.23359996872579,3.89295581859937,3.896099861592649,4.233599784953109,failed-vetting,failed-vetting
BET EMF33,EMF33_Baseline,0.245321999999999,1.809631072082889,3.47909165915589,4.23359964931063,4.233599474732491,4.233599148626991,4.233598898978721,4.23359806946335,4.23359756657208,4.23359655470104,failed-vetting,failed-vetting
BET EMF33,EMF33_Med2C_cost100,0.245321999999999,1.74457058877411,3.43602760126927,4.23359993896945,4.23359991010816,4.23359985125879,4.23359980010329,4.23359969602581,4.23359934473882,4.23359929231449,failed-vetting,failed-vetting
BET EMF33,EMF33_Med2C_full,0.245321999999999,1.74108568757277,3.42456288789195,4.23360000079095,4.233599999283911,4.23359999620212,4.233599993998291,4.23359998864718,4.23359996512861,4.23359995684224,failed-vetting,failed-vetting
BET EMF33,EMF33_Med2C_limbio,0.245321999999999,1.736294512614379,3.393809990940439,4.23359995039643,4.23359992976038,4.23359988385664,4.23359982629995,4.23359973213575,4.2335996411011,4.23359961247006,failed-vetting,failed-vetting
BET EMF33,EMF33_Med2C_nofuel,0.245321999999999,1.74253028878378,3.42246814211815,4.23360000041243,4.23359999872538,4.23359999569121,4.23359999165949,4.233599983975791,4.23359996763808,4.233599966107231,failed-vetting,failed-vetting
BET EMF33,EMF33_WB2C_cost100,0.245321999999999,1.71818829983902,3.39044358789431,4.23359999156808,4.23359998708845,4.233599975897491,4.23359996403201,4.19640829564674,3.990004036473749,3.91454387270153,failed-vetting,failed-vetting
BET EMF33,EMF33_WB2C_full,0.245321999999999,1.71849515696445,3.394035719020749,4.23360000299583,4.23360000254964,4.2336000013721,4.23360000008326,4.18036823573288,3.981984109878009,4.2335999791942,failed-vetting,failed-vetting
BET EMF33,EMF33_WB2C_limbio,0.245321999999999,1.79038082005153,3.518098577671729,4.23359996584409,4.23359991640104,4.233599839411061,4.2335997416608,4.2335996386222,4.23359953347331,4.233599293394491,failed-vetting,failed-vetting
BET EMF33,EMF33_WB2C_nofuel,0.245321999999999,1.71676406946776,3.38575619789275,4.233600001958701,4.233600001199299,4.233599998217669,4.23359999666023,4.23359998378848,4.00859997495494,4.23359992755032,failed-vetting,failed-vetting
BET EMF33,EMF33_tax_hi_full,0.245321999999999,1.57523194200007,3.38640165990359,4.23359980890423,4.2335997148148,4.23359964048942,4.23359946791616,4.23359927940904,4.23359859878564,4.138216059958999,failed-vetting,failed-vetting
BET EMF33,EMF33_tax_hi_none,0.245321999999999,1.56884775973486,3.3711475557387,4.2335991871243,4.233598784130161,4.23359849223185,4.23359718665435,4.23359645864927,4.233595339358049,4.23359392046083,failed-vetting,failed-vetting
BET EMF33,EMF33_tax_lo_full,0.245321999999999,1.65679789392637,3.41304326154433,4.233598822923209,4.23359827587911,4.23359795153504,4.23359638075811,4.23359387098136,4.2335925600428,4.23359056328693,failed-vetting,failed-vetting
BET EMF33,EMF33_tax_lo_none,0.245321999999999,1.657962277388831,3.41850492063202,4.233597884517549,4.23359683685484,4.23359617083267,4.23359351909898,4.2335898211723,4.23358722293994,4.23358394537828,failed-vetting,failed-vetting
COFFEE 1.1,CO_2Deg2020,0.2355972661008,0.1996562577024,0.2355972661008,0.7244180886384,0.7392926737584,0.8212165791984,0.8212165791984,0.8212165791984,0.8212165791984,0.8159491703145599,C4,C4: limit warming to 2°C (>50%)
COFFEE 1.1,CO_2Deg2030,0.2355972661008,0.1996562577024,0.4428507070367999,0.7236557058383999,0.7244180886384,0.8301314910384,0.8301314910384,0.8301314910384,0.8301314910384,0.8251699189132798,C4,C4: limit warming to 2°C (>50%)
COFFEE 1.1,CO_BAU,0.2355972661008,0.1996562577024,0.551163044808,0.624850787736,0.6531429947759999,0.6739729611263999,0.6739729611263999,0.7062465250943999,0.7062465250943999,0.7009227790387199,C7,C7: limit warming to 4°C (>50%)
COFFEE 1.1,CO_Bridge,0.2355972661008,0.1996562577024,0.7172171583984,0.7172171583984,0.7717471282224,0.8073710137584,0.8127144735984,0.8212165791984,0.8212165791984,0.8114097334089599,C3,C3: limit warming to 2°C (>67%)
COFFEE 1.1,CO_CurPol,0.2355972661008,0.1996562577024,0.2355972661008,0.4071391356528,0.4181149250928,0.5029492312080001,0.5657310369359999,0.680580670824,0.680580670824,0.6617939364201599,C6,C6: limit warming to 3°C (>50%)
COFFEE 1.1,CO_GPP,0.2355972661008,0.1996562577024,0.7172171583984,0.7244125698383999,0.7593735371183999,0.7593735371183999,0.7916471010864,0.7916471010864,0.7916471010864,0.77286036668256,C5,C5: limit warming to 2.5°C (>50%)
COFFEE 1.1,CO_NDCplus,0.2355972661008,0.1996562577024,0.4428507070367999,0.5367829536288,0.5477587430688,0.7566916526064,0.7566916526064,0.7566916526064,0.7566916526064,0.7552213358025599,C6,C6: limit warming to 3°C (>50%)
COFFEE 1.1,EN_INDCi2030_1000,0.2355972661008,0.1996562577024,0.4428507070367999,0.7236557058383999,0.7600419741744,0.8212165791984,0.8212165791984,0.8212165791984,0.8212165791984,0.8154901247299199,C4,C4: limit warming to 2°C (>50%)
COFFEE 1.1,EN_INDCi2030_1000_COV_NDCp,0.2355972661008,0.1832574809375999,0.4312714920048,0.6448852584864,0.6805091440223999,0.8212165791984,0.8212165791984,0.8212165791984,0.8212165791984,0.8151664297651199,failed-vetting,failed-vetting
COFFEE 1.1,EN_INDCi2030_1000_NDCp,0.2355972661008,0.1996562577024,0.510586856208,0.7236557058383999,0.7600419741744,0.8212165791984,0.8212165791984,0.8212165791984,0.8212165791984,0.8151664297651199,C4,C4: limit warming to 2°C (>50%)
COFFEE 1.1,EN_INDCi2030_1000f,0.2355972661008,0.1996562577024,0.4428507070367999,0.6353283880044,0.65474006627448,0.7566666658452,0.8107278159743998,0.8219104815743999,0.8219104815743999,0.8169489094492798,C5,C5: limit warming to 2.5°C (>50%)
COFFEE 1.1,EN_INDCi2030_1000f_COV_NDCp,0.2355972661008,0.1832574809375999,0.4312714920048,0.5289841165968,0.5769697987728,0.7484627591424,0.7942405586543999,0.8204597151983999,0.8204597151983999,0.8155160012793597,failed-vetting,failed-vetting
COFFEE 1.1,EN_INDCi2030_1000f_NDCp,0.2355972661008,0.1996562577024,0.510586856208,0.639049398696,0.6540187211135999,0.7600419741744,0.8072448697583999,0.8204597151983999,0.8204597151983999,0.8162728652793599,failed-vetting,failed-vetting
COFFEE 1.1,EN_INDCi2030_1200,0.2355972661008,0.1996562577024,0.4428507070367999,0.661646297198736,0.6940148916639888,0.77829182536536,0.8129732706288,0.8157537871343999,0.8157537871343999,0.8080075790190719,C4,C4: limit warming to 2°C (>50%)
COFFEE 1.1,EN_INDCi2030_1200f,0.2355972661008,0.1996562577024,0.4428507070367999,0.6016458294575999,0.6229497598128,0.7566916526064,0.7942405586543999,0.8212165791984,0.8212165791984,0.8162343863135998,C5,C5: limit warming to 2.5°C (>50%)
COFFEE 1.1,EN_INDCi2030_1400,0.2355972661008,0.1996562577024,0.4428507070367999,0.6185550132288,0.64813166483472,0.7484627591424,0.8072448697583999,0.8119576095983999,0.8119576095983999,0.8059074601651198,C5,C5: limit warming to 2.5°C (>50%)
COFFEE 1.1,EN_INDCi2030_1400f,0.2355972661008,0.1996562577024,0.4428507070367999,0.5289841165968,0.6020867721168,0.7128388736064,0.7484627591424,0.8204597151983999,0.8204597151983999,0.8154775223135998,C5,C5: limit warming to 2.5°C (>50%)
COFFEE 1.1,EN_INDCi2030_1600,0.2355972661008,0.1996562577024,0.4428507070367999,0.5289841165968,0.6020867721168,0.7032021027263998,0.7484627591424,0.8204597151983999,0.8204597151983999,0.8102728372723199,C5,C5: limit warming to 2.5°C (>50%)
COFFEE 1.1,EN_INDCi2030_1600f,0.2355972661008,0.1996562577024,0.4428507070367999,0.5289841165968,0.5361795280368,0.7128388736064,0.7451124375744,0.8112007455983999,0.8204597151983999,0.8154596641075199,C5,C5: limit warming to 2.5°C (>50%)
COFFEE 1.1,EN_INDCi2030_1800,0.2355972661008,0.1996562577024,0.4428507070367999,0.5252037385968,0.5361795280368,0.7244180886384,0.7566916526064,0.8072448697583999,0.8072448697583999,0.8019211237027198,C5,C5: limit warming to 2.5°C (>50%)
COFFEE 1.1,EN_INDCi2030_1800f,0.2355972661008,0.1996562577024,0.4428507070367999,0.5252037385968,0.5361795280368,0.7244180886384,0.7566916526064,0.7942405586543999,0.8204597151983999,0.8203917355660798,C5,C5: limit warming to 2.5°C (>50%)
COFFEE 1.1,EN_INDCi2030_2000,0.2355972661008,0.1996562577024,0.4428507070367999,0.5252037385968,0.5361795280368,0.7392926737584,0.7566916526064,0.7600419741744,0.8080017337583999,0.7978148558323198,C5,C5: limit warming to 2.5°C (>50%)
COFFEE 1.1,EN_INDCi2030_2000f,0.2355972661008,0.1996562577024,0.4428507070367999,0.5252037385968,0.5361795280368,0.7384529142288,0.7600419741744,0.7600419741744,0.8119576095983999,0.8154981430732798,C5,C5: limit warming to 2.5°C (>50%)
COFFEE 1.1,EN_INDCi2030_2500,0.2355972661008,0.1996562577024,0.4428507070367999,0.5252037385968,0.5361795280368,0.722684069064,0.722684069064,0.734263284096,0.734263284096,0.7807033591603199,C6,C6: limit warming to 3°C (>50%)
COFFEE 1.1,EN_INDCi2030_2500f,0.2355972661008,0.1996562577024,0.4428507070367999,0.5252037385968,0.5361795280368,0.722684069064,0.722684069064,0.734263284096,0.734263284096,0.7807033591603199,C6,C6: limit warming to 3°C (>50%)
COFFEE 1.1,EN_INDCi2030_400f,0.2355972661008,0.1996562577024,0.4428507070367999,0.7236557058383999,0.7600419741744,0.8212165791984,0.8212165791984,0.8212165791984,0.8204242371984,0.8203917355660798,C2,C2: return warming to 1.5°C (>50%) after a high overshoot
COFFEE 1.1,EN_INDCi2030_500,0.2355972661008,0.1996562577024,0.4428507070367999,0.8316452190383999,0.8240787707903999,0.8308528770383999,0.8316452190383999,0.8316452190383999,0.8316452190383999,0.8202933382003199,C3,C3: limit warming to 2°C (>67%)
COFFEE 1.1,EN_INDCi2030_500f,0.2355972661008,0.1996562577024,0.4428507070367999,0.7236557058383999,0.7600419741744,0.8212165791984,0.8212165791984,0.8212165791984,0.8204242371984,0.8168755163471998,C2,C2: return warming to 1.5°C (>50%) after a high overshoot
COFFEE 1.1,EN_INDCi2030_600,0.2355972661008,0.1996562577024,0.4428507070367999,0.8310775710384,0.8291859589764,0.8308794855384,0.8310775710384,0.8310775710384,0.8310775710384,0.8205994423843197,C3,C3: limit warming to 2°C (>67%)
COFFEE 1.1,EN_INDCi2030_600_COV_NDCp,0.2355972661008,0.1832574809375999,0.4312714920048,0.8301314910384,0.8301314910384,0.8301314910384,0.8301314910384,0.8301314910384,0.8301314910384,0.8199446131123198,failed-vetting,failed-vetting
COFFEE 1.1,EN_INDCi2030_600_NDCp,0.2355972661008,0.1996562577024,0.510586856208,0.8308883550384,0.8308883550384,0.8308883550384,0.8308883550384,0.8308883550384,0.8308883550384,0.8207014771123198,C3,C3: limit warming to 2°C (>67%)
COFFEE 1.1,EN_INDCi2030_600f,0.2355972661008,0.1996562577024,0.4428507070367999,0.7236557058383999,0.7297616714687999,0.8287942542623999,0.8287942542623999,0.8287942542623999,0.8286754029623999,0.8238326821372799,C4,C4: limit warming to 2°C (>50%)
COFFEE 1.1,EN_INDCi2030_600f_COV_NDCp,0.2355972661008,0.1832574809375999,0.4312714920048,0.625188774816,0.6375132454464,0.8119576095984,0.8212165791984,0.8212165791984,0.8212165791984,0.8162550070732798,failed-vetting,failed-vetting
COFFEE 1.1,EN_INDCi2030_600f_NDCp,0.2355972661008,0.1996562577024,0.510586856208,0.7236557058383999,0.7600419741744,0.8212165791984,0.8212165791984,0.8212165791984,0.8212165791984,0.8159491703145599,failed-vetting,failed-vetting
COFFEE 1.1,EN_INDCi2030_700,0.2355972661008,0.1996562577024,0.4428507070367999,0.8233764798384,0.8303207070384,0.8303207070384,0.8303207070384,0.8303207070384,0.8303207070384,0.8203766003359199,C3,C3: limit warming to 2°C (>67%)
COFFEE 1.1,EN_INDCi2030_700f,0.2355972661008,0.1996562577024,0.4428507070367999,0.7236557058383999,0.7237700632584,0.8216180324784,0.8301314910384,0.8301314910384,0.8301314910384,0.8247512583302399,C4,C4: limit warming to 2°C (>50%)
COFFEE 1.1,EN_INDCi2030_800,0.2355972661008,0.1996562577024,0.4428507070367999,0.7819857951984,0.8020956842928,0.8265655263024,0.8265655263024,0.8265655263024,0.8265655263024,0.8165728653551998,C3,C3: limit warming to 2°C (>67%)
COFFEE 1.1,EN_INDCi2030_800f,0.2355972661008,0.1996562577024,0.4428507070367999,0.6930897707008798,0.7045915926045598,0.8162170509743999,0.8267689965744,0.8267689965744,0.8267689965744,0.8217335431699198,C4,C4: limit warming to 2°C (>50%)
COFFEE 1.1,EN_INDCi2030_900,0.2355972661008,0.1996562577024,0.4428507070367999,0.7294887147743999,0.76424734518624,0.8217514739088,0.8217514739088,0.8217514739088,0.8217514739088,0.811584017680608,C3,C3: limit warming to 2°C (>67%)
COFFEE 1.1,EN_INDCi2030_900f,0.2355972661008,0.1996562577024,0.4428507070367999,0.65214459513288,0.6817709616659999,0.8050115091599999,0.8261756151983999,0.8295381096623999,0.8295381096623999,0.8245765375372799,C4,C4: limit warming to 2°C (>50%)
COFFEE 1.1,EN_INDCi2100,0.2355972661008,0.1996562577024,0.4428507070367999,0.5367829536288,0.5477587430688,0.6877499483808,0.6885123311808,0.6885123311808,0.6885123311808,0.66731222869056,C6,C6: limit warming to 3°C (>50%)
COFFEE 1.1,EN_INDCi2100_COV_NDCp,0.2355972661008,0.1893047296896,0.4312714920048,0.5252037385968,0.5361795280368,0.680580670824,0.690217441704,0.690217441704,0.690217441704,0.6805965542457599,C6,C6: limit warming to 3°C (>50%)
COFFEE 1.1,EN_INDCi2100_NDCp,0.2355972661008,0.1996562577024,0.510586856208,0.550067279184,0.561043068624,0.734263284096,0.734263284096,0.734263284096,0.734263284096,0.7130631816057599,failed-vetting,failed-vetting
COFFEE 1.1,EN_NPi2020_1000,0.2355972661008,0.1996562577024,0.3360740652432,0.7236557058383999,0.7600419741744,0.8212165791984,0.8212165791984,0.8212165791984,0.8212165791984,0.8151664297651199,C4,C4: limit warming to 2°C (>50%)
COFFEE 1.1,EN_NPi2020_1000_COV,0.2355972661008,0.1893047296896,0.2355972661008,0.6891553943711999,0.6891553943711999,0.8127144735984,0.8127144735984,0.8127144735984,0.8127144735984,0.8066643241651198,failed-vetting,failed-vetting
COFFEE 1.1,EN_NPi2020_1000f,0.2355972661008,0.1996562577024,0.2355972661008,0.645870856248,0.678337483608,0.7769241410544,0.8127144735984,0.8212165791984,0.8212165791984,0.8162728652793599,C5,C5: limit warming to 2.5°C (>50%)
COFFEE 1.1,EN_NPi2020_1000f_COV,0.2355972661008,0.1893047296896,0.2355972661008,0.5495756550191999,0.6125986669968,0.7600419741744,0.7948712786543999,0.8212165791984,0.8212165791984,0.8162728652793599,failed-vetting,failed-vetting
COFFEE 1.1,EN_NPi2020_1200,0.2355972661008,0.1996562577024,0.2355972661008,0.6763637967408,0.6987921652511999,0.8161597815984,0.8261756151984,0.8261756151984,0.8261756151984,0.8201254657651199,C4,C4: limit warming to 2°C (>50%)
COFFEE 1.1,EN_NPi2020_1200f,0.2355972661008,0.1996562577024,0.2355972661008,0.5696760139343999,0.6229497598128,0.7600419741744,0.7948712786543999,0.8212165791984,0.8212165791984,0.8162728652793599,C5,C5: limit warming to 2.5°C (>50%)
COFFEE 1.1,EN_NPi2020_1400,0.2355972661008,0.1996562577024,0.2355972661008,0.620014347936,0.6489589348468799,0.7769241410544,0.8080017337583999,0.8080017337583999,0.8080017337583999,0.8019515843251198,C5,C5: limit warming to 2.5°C (>50%)
COFFEE 1.1,EN_NPi2020_1400f,0.2355972661008,0.1996562577024,0.2355972661008,0.5289841165968,0.6020867721168,0.7600419741744,0.7769241410544,0.8204597151983999,0.8204597151983999,0.8151359691427199,C5,C5: limit warming to 2.5°C (>50%)
COFFEE 1.1,EN_NPi2020_1600,0.2355972661008,0.1996562577024,0.2355972661008,0.5305688005968,0.6020867721168,0.7600419741744,0.7769241410544,0.8204597151983999,0.8204597151983999,0.8102728372723199,C5,C5: limit warming to 2.5°C (>50%)
COFFEE 1.1,EN_NPi2020_1600f,0.2355972661008,0.1996562577024,0.2355972661008,0.5252037385968,0.5696269249968,0.7566916526064,0.7600419741744,0.8112007455983999,0.8204597151983999,0.8154596641075199,C5,C5: limit warming to 2.5°C (>50%)
COFFEE 1.1,EN_NPi2020_1800,0.2355972661008,0.1996562577024,0.2355972661008,0.5252037385968,0.572019693768,0.7566916526064,0.7600419741744,0.8072448697583999,0.8072448697583999,0.8022448186675198,C5,C5: limit warming to 2.5°C (>50%)
COFFEE 1.1,EN_NPi2020_1800f,0.2355972661008,0.1996562577024,0.2355972661008,0.5252037385968,0.5361795280368,0.7566916526064,0.7566916526064,0.7942405586543999,0.8204597151983999,0.8196348715660798,C5,C5: limit warming to 2.5°C (>50%)
COFFEE 1.1,EN_NPi2020_2000,0.2355972661008,0.1996562577024,0.2355972661008,0.5252037385968,0.5361795280368,0.7566916526064,0.7566916526064,0.7740080702064,0.8038945481904,0.7988944970995199,C5,C5: limit warming to 2.5°C (>50%)
COFFEE 1.1,EN_NPi2020_2000f,0.2355972661008,0.1996562577024,0.2355972661008,0.5252037385968,0.5361795280368,0.7566916526064,0.7566916526064,0.7566916526064,0.8171093936303999,0.8170414139980798,C5,C5: limit warming to 2.5°C (>50%)
COFFEE 1.1,EN_NPi2020_2500,0.2355972661008,0.1996562577024,0.2355972661008,0.4224271261968,0.4334029156368,0.7451124375744,0.7451124375744,0.7566916526064,0.7740080702064,0.7807033591603199,C6,C6: limit warming to 3°C (>50%)
COFFEE 1.1,EN_NPi2020_2500f,0.2355972661008,0.1996562577024,0.2355972661008,0.4224271261968,0.4334029156368,0.7451124375744,0.7451124375744,0.7566916526064,0.7740080702064,0.7807033591603199,C6,C6: limit warming to 3°C (>50%)
COFFEE 1.1,EN_NPi2020_400,0.2355972661008,0.1996562577024,0.8212165791984,0.8301314910384,0.8301314910384,0.8301314910384,0.8301314910384,0.8301314910384,0.8301314910384,0.8199446131123198,C1,C1: limit warming to 1.5°C (>50%) with no or limited overshoot
COFFEE 1.1,EN_NPi2020_400_lowBECCS,0.2355972661008,0.1996562577024,0.8308883550384,0.8308883550384,0.8308883550384,0.8241142487904,0.8308883550384,0.8308883550384,0.8308883550384,0.8259267829132798,C3,C3: limit warming to 2°C (>67%)
COFFEE 1.1,EN_NPi2020_400f,0.2355972661008,0.1996562577024,0.5961633652368,0.7236557058383999,0.7600419741744,0.8212165791984,0.8212165791984,0.8212165791984,0.8204242371984,0.81970746680736,C2,C2: return warming to 1.5°C (>50%) after a high overshoot
COFFEE 1.1,EN_NPi2020_400f_lowBECCS,0.2355972661008,0.1996562577024,0.6882439093631999,0.7735738194864,0.8112007455983999,0.8212165791984,0.8212165791984,0.8212165791984,0.8212165791984,0.8162550070732798,C3,C3: limit warming to 2°C (>67%)
COFFEE 1.1,EN_NPi2020_500,0.2355972661008,0.1996562577024,0.8113268895984,0.8301314910384,0.8301314910384,0.8301314910384,0.8301314910384,0.8301314910384,0.8301314910384,0.8199446131123198,C3,C3: limit warming to 2°C (>67%)
COFFEE 1.1,EN_NPi2020_500f,0.2355972661008,0.1996562577024,0.408693740616,0.7140189349583999,0.7600419741744,0.8212165791984,0.8212165791984,0.8212165791984,0.8212165791984,0.81557073831456,C2,C2: return warming to 1.5°C (>50%) after a high overshoot
COFFEE 1.1,EN_NPi2020_600,0.2355972661008,0.1996562577024,0.7413002555184,0.8169166455984,0.8301314910384,0.8301314910384,0.8301314910384,0.8301314910384,0.8301314910384,0.8199446131123198,C3,C3: limit warming to 2°C (>67%)
COFFEE 1.1,EN_NPi2020_600_COV,0.2355972661008,0.1893047296896,0.7128388736064,0.7775548610544,0.8127144735984,0.8127144735984,0.8127144735984,0.8127144735984,0.8127144735984,0.8025275956723198,failed-vetting,failed-vetting
COFFEE 1.1,EN_NPi2020_600f,0.2355972661008,0.1996562577024,0.2355972661008,0.7244180886384,0.7392926737584,0.8212165791984,0.8212165791984,0.8212165791984,0.8212165791984,0.8159491703145599,C4,C4: limit warming to 2°C (>50%)
COFFEE 1.1,EN_NPi2020_600f_COV,0.2355972661008,0.1893047296896,0.2355972661008,0.6763637967408,0.6987921652511999,0.8072448697583999,0.8172607033584,0.8172607033584,0.8172607033584,0.8162728652793599,failed-vetting,failed-vetting
COFFEE 1.1,EN_NPi2020_700,0.2355972661008,0.1996562577024,0.7244180886384,0.7600419741744,0.8216293854384,0.8216293854384,0.8216293854384,0.8216293854384,0.8216293854384,0.8117662024771198,C3,C3: limit warming to 2°C (>67%)
COFFEE 1.1,EN_NPi2020_700f,0.2355972661008,0.1996562577024,0.2355972661008,0.6934902887807999,0.6934902887807999,0.8204597151984,0.8212165791984,0.8212165791984,0.8212165791984,0.8157803234169599,C4,C4: limit warming to 2°C (>50%)
COFFEE 1.1,EN_NPi2020_800,0.2355972661008,0.1996562577024,0.6349032882432,0.7244180886384,0.7948712786543999,0.8212165791984,0.8212165791984,0.8212165791984,0.8212165791984,0.8113533962371199,C3,C3: limit warming to 2°C (>67%)
COFFEE 1.1,EN_NPi2020_800f,0.2355972661008,0.1996562577024,0.2355972661008,0.6911215756703999,0.6987921652511999,0.8161597815984,0.8261756151984,0.8261756151984,0.8261756151984,0.8251877771193599,C4,C4: limit warming to 2°C (>50%)
COFFEE 1.1,EN_NPi2020_900,0.2355972661008,0.1996562577024,0.5862407930496,0.7236557058383999,0.7600419741744,0.8212165791984,0.8212165791984,0.8212165791984,0.8212165791984,0.8110297012723199,C3,C3: limit warming to 2°C (>67%)
COFFEE 1.1,EN_NPi2020_900f,0.2355972661008,0.1996562577024,0.2355972661008,0.6757968614544,0.6896481222959999,0.8155290615984,0.8301314910384,0.8301314910384,0.8301314910384,0.8251877771193599,C4,C4: limit warming to 2°C (>50%)
COFFEE 1.1,EN_NPi2100,0.2355972661008,0.1996562577024,0.2355972661008,0.4071391356528,0.4181149250928,0.5029492312080001,0.5657310369359999,0.680580670824,0.680580670824,0.6617939364201599,C6,C6: limit warming to 3°C (>50%)
COFFEE 1.1,EN_NPi2100_COV,0.2355972661008,0.1893047296896,0.2355972661008,0.4071004756704,0.4180762651104,0.5205839984207999,0.5524467113807999,0.5645197328688,0.5645197328688,0.6460962427785599,failed-vetting,failed-vetting
DNE21+ V.14C,CD-LINKS_INDC2030i_1600,0.245104838037515,0.30068949785564,0.347012028574666,0.332951364867523,0.330787868870958,2.236372208494915,2.50450329907943,2.783646499551391,2.9311455406842644,3.028776166871727,no-climate-assessment,no-climate-assessment
DNE21+ V.14C,CD-LINKS_INDCi,0.245104838037515,0.2951349246664131,0.346299932826787,0.319404703787021,0.30754119019374,2.236372208494915,2.50450329907943,2.783646499551391,2.9311455406842644,3.028776166871727,no-climate-assessment,no-climate-assessment
DNE21+ V.14C,CD-LINKS_NDC2030i_1000,0.245104838037515,0.3067046790044241,0.347591481205321,0.3480782451031481,0.335959214041588,2.236372208494915,2.50450329907943,2.783646499551391,2.9311455406842644,3.028776166871727,no-climate-assessment,no-climate-assessment
DNE21+ V.14C,CD-LINKS_NPi,0.245104838037515,0.291163363931117,0.309927187318659,0.304712164288675,0.293428316317338,2.236372208494915,2.50450329907943,2.783646499551391,2.9311455406842644,3.028776166871727,no-climate-assessment,no-climate-assessment
DNE21+ V.14C,CD-LINKS_NPi2020_1000,0.245104838037515,0.310380274365257,0.352178221912216,0.360073609682207,0.346476830614617,2.236372208494915,2.50450329907943,2.783646499551391,2.9311455406842644,3.028776166871727,no-climate-assessment,no-climate-assessment
DNE21+ V.14C,CD-LINKS_NPi2020_1600,0.245104838037515,0.298015554541604,0.323165290257343,0.34206395359314,0.341109374499349,2.236372208494915,2.50450329907943,2.783646499551391,2.9311455406842644,3.028776166871727,no-climate-assessment,no-climate-assessment
DNE21+ V.14C,CD-LINKS_NPi2020_400,0.245104838037515,0.310573213003504,0.346921637290958,0.355145546753439,0.36527648015565,2.236372208494915,2.50450329907943,2.783646499551391,2.9311455406842644,3.028776166871727,no-climate-assessment,no-climate-assessment
DNE21+ V.14C,CD-LINKS_NoPolicy,0.245104838037515,0.262490690349303,0.282124382030862,0.292242447775955,0.292973910796326,2.236372208494915,2.50450329907943,2.783646499551391,2.9311455406842644,3.028776166871727,failed-vetting,failed-vetting
DNE21+ V.14E1,EMF30_BCOC-EndU,0.236418291984182,0.242111141372325,0.264630952411284,0.272396869101998,0.280162845633674,0.284055823569669,0.287948801505664,0.293775714371349,0.299602627237034,0.305429540102721,failed-vetting,failed-vetting
DNE21+ V.14E1,EMF30_Baseline,0.236418291984182,0.2424020730304161,0.264957945321031,0.272793619215963,0.280603229445861,0.287441931996633,0.2942806345474061,0.298142452168078,0.30200426978875,0.305866087409423,failed-vetting,failed-vetting
DNE21+ V.14E1,EMF30_CH4-Only,0.236418291984182,0.2424020730304161,0.264957945321031,0.272793619215963,0.280603229445861,0.287441931996633,0.2942806345474061,0.298142452168078,0.30200426978875,0.305866087409423,failed-vetting,failed-vetting
DNE21+ V.14E1,EMF30_ClimPolicy,0.236418291984182,0.271613962850983,0.294458134545211,0.300729679978133,0.299500343362428,0.298746856420502,0.297993369478576,0.306294082883465,0.314594796288353,0.322895509693243,failed-vetting,failed-vetting
DNE21+ V.14E1,EMF30_ClimPolicy+SLCF,0.236418291984182,0.271606460601617,0.294639855194413,0.300754057344216,0.299792922292481,0.299000277554266,0.298207632816053,0.3064786999703351,0.314749767124617,0.323020834278899,failed-vetting,failed-vetting
DNE21+ V.14E1,EMF30_D_BCOC-Red,0.236418291984182,0.2424020730304161,0.264957945321031,0.272793619215963,0.280603229445861,0.287441931996633,0.2942806345474061,0.298142452168078,0.30200426978875,0.305866087409423,failed-vetting,failed-vetting
DNE21+ V.14E1,EMF30_D_CH4-ClimPolicy,0.236418291984182,0.2424020730304161,0.264957945321031,0.272793619215963,0.280603229445861,0.287441931996633,0.2942806345474061,0.298142452168078,0.30200426978875,0.305866087409423,failed-vetting,failed-vetting
DNE21+ V.14E1,EMF30_D_CO2-Only,0.236418291984182,0.271613962850983,0.294458134545211,0.300729679978133,0.299500343362428,0.298746856420502,0.297993369478576,0.306294082883465,0.314594796288353,0.322895509693243,failed-vetting,failed-vetting
DNE21+ V.14E1,EMF30_D_Frozen-EF-EndU,0.236418291984182,0.2424020730304161,0.264957945321031,0.272793619215963,0.280603229445861,0.287441931996633,0.2942806345474061,0.298142452168078,0.30200426978875,0.305866087409423,failed-vetting,failed-vetting
DNE21+ V.14E1,EMF30_SLCF,0.236418291984182,0.242111141372325,0.264630952411284,0.272396869101998,0.280162845633674,0.284055823569669,0.287948801505664,0.293775714371349,0.299602627237034,0.305429540102721,failed-vetting,failed-vetting
DNE21+ V.14E1,EMF30_Slower-Action,0.236418291984182,0.253992837409095,0.275891594282667,0.275203340928534,0.285465185061823,0.295060256452067,0.304655327842312,0.308903547705577,0.313151767568842,0.317399987432107,failed-vetting,failed-vetting
DNE21+ V.14E1,EMF30_Slower-Action+SLCF,0.236418291984182,0.253780406872811,0.272858767967602,0.275089378902516,0.283658695352265,0.295705539676678,0.3077523840010901,0.310836321577609,0.313920259154127,0.317004196730646,failed-vetting,failed-vetting
DNE21+ V.14E1,EMF30_Slower-to-faster,0.236418291984182,0.260041090088649,0.280157696280471,0.301954143190893,0.312900820810447,0.308804777810665,0.304708734810883,0.307377173404818,0.310045611998752,0.312714050592686,failed-vetting,failed-vetting
DNE21+ V.14E1,EMF30_Slower-to-faster+SLCF,0.236418291984182,0.260048592338014,0.282687860690749,0.305180420066271,0.3151564782343,0.311973249489415,0.30879002074453,0.310078897217636,0.311367773690742,0.312656650163848,failed-vetting,failed-vetting
DNE21+ V.14E1,EMF30_Slower-to-faster+SLCF+HFC,0.236418291984182,0.260041090088649,0.280165198529836,0.301940070277432,0.312886833187372,0.308794032874445,0.304701232561518,0.307372171905241,0.310043111248964,0.312714050592686,failed-vetting,failed-vetting
DNE21+ V.14E2,EMF33_1.5C_cost100,0.2451241779317561,0.269832106563951,0.319807935109341,0.34224181297577,0.32785254536302,0.3511331932599011,0.3744138411567821,0.37685248525628,0.37929112935578,0.381729773455279,failed-vetting,failed-vetting
DNE21+ V.14E2,EMF33_1.5C_full,0.2451241779317561,0.269821579163646,0.31983037043464,0.330292267894888,0.340559602510991,0.354684813744613,0.368810024978234,0.370733085790604,0.372656146602974,0.374579207415343,failed-vetting,failed-vetting
DNE21+ V.14E2,EMF33_1.5C_limbio,0.245126561397408,0.26983758773043,0.327254854859205,0.3779708063169021,0.396707881503219,0.414278743865069,0.4318496062269209,0.438785216510797,0.4457208267946751,0.452656437078552,failed-vetting,failed-vetting
DNE21+ V.14E2,EMF33_1.5C_nofuel,0.2451241779317561,0.269827696159223,0.319830743363434,0.33025037193569,0.340558949885601,0.3546842077353221,0.3688094655850421,0.37073271286181,0.372655960138577,0.374579207415343,failed-vetting,failed-vetting
DNE21+ V.14E2,EMF33_Baseline,0.24510141151984,0.26069130124285,0.302377131661364,0.319680114619752,0.325878464195216,0.333267803258969,0.340657142322721,0.34021666894566,0.3397761955686,0.339335722191539,failed-vetting,failed-vetting
DNE21+ V.14E2,EMF33_Med2C_cost100,0.2451210057344231,0.269823834897437,0.312971580223916,0.342887277584969,0.334342379285986,0.339980291409437,0.345618203532888,0.349567301488448,0.353516399444008,0.357465497399567,failed-vetting,failed-vetting
DNE21+ V.14E2,EMF33_Med2C_full,0.245126439506636,0.269813307497131,0.3111294197745481,0.333707150999579,0.324284914608544,0.334420742744401,0.344556570880257,0.341054280894289,0.3375519909083211,0.334049700922352,failed-vetting,failed-vetting
DNE21+ V.14E2,EMF33_Med2C_limbio,0.245118731158468,0.269819424492708,0.317227674119493,0.328245931203569,0.327142894053181,0.345710141051419,0.364277388049659,0.372506067719573,0.380734747389488,0.388963427059402,failed-vetting,failed-vetting
DNE21+ V.14E2,EMF33_Med2C_nobeccs,0.2451264525077121,0.269820479419663,0.3228445373506451,0.3544285474972571,0.351111824334794,0.3739752420509741,0.396838659767153,0.4072031755865581,0.4175676914059621,0.427932207225367,failed-vetting,failed-vetting
DNE21+ V.14E2,EMF33_Med2C_nofuel,0.245126439506636,0.269813486752151,0.311119802042697,0.333697536708398,0.324269369224386,0.334400015565521,0.344530661906658,0.3410233831251011,0.3375161043435431,0.334008825561986,failed-vetting,failed-vetting
DNE21+ V.14E2,EMF33_Med2C_none,0.2451209927333461,0.269820479419663,0.322209105547759,0.3544285474972571,0.351903297930118,0.375158662004094,0.398414026078072,0.408253792722632,0.4180935593671921,0.4279333260117511,failed-vetting,failed-vetting
DNE21+ V.14E2,EMF33_WB2C_cost100,0.245117566215672,0.26981481525779,0.3216133129713811,0.3439665654331771,0.328340953105737,0.341957802823752,0.355574652541766,0.3593222884941381,0.363069924446512,0.366817560398885,failed-vetting,failed-vetting
DNE21+ V.14E2,EMF33_WB2C_full,0.2451210057344231,0.269798956943402,0.318166654561301,0.3395644185131459,0.32490029895414,0.339936734443043,0.3549731699319461,0.3550617493998689,0.3551503288677929,0.355238908335718,failed-vetting,failed-vetting
DNE21+ V.14E2,EMF33_WB2C_limbio,0.2451241779317561,0.269831186074988,0.319696670872174,0.329934410380284,0.340606862406173,0.360163986903449,0.379721111400724,0.390259866159356,0.400798620917986,0.4113373756766161,failed-vetting,failed-vetting
DNE21+ V.14E2,EMF33_WB2C_nobeccs,0.245118840048163,0.269850228580745,0.329704235443035,0.354453315639047,0.370898335891712,0.391621815992224,0.412345296092739,0.4293901431261861,0.4464349901596331,0.4634798371930801,failed-vetting,failed-vetting
DNE21+ V.14E2,EMF33_WB2C_nofuel,0.2451209927333461,0.269798956943402,0.318169965222047,0.3395644185131459,0.32490496056407,0.339938319390418,0.354971678216767,0.3563183710467561,0.357665063876745,0.3590117567067321,failed-vetting,failed-vetting
DNE21+ V.14E2,EMF33_WB2C_none,0.2451244207670721,0.269825470981278,0.326700319866338,0.354436688499503,0.3709947306523661,0.391846591556155,0.412698452459943,0.4291392135384911,0.445579974617038,0.4620207356955861,failed-vetting,failed-vetting
DNE21+ V.14E2,EMF33_tax_hi_full,0.245087019140096,0.260686084731343,0.310214179862882,0.332848388005769,0.331737910098959,0.331354293759654,0.330970677420349,0.324199566365921,0.3174284553114931,0.310657344257067,failed-vetting,failed-vetting
DNE21+ V.14E2,EMF33_tax_hi_none,0.2450868474768821,0.260672326805178,0.3103552886261211,0.343977196928003,0.35516597816109,0.369503184993522,0.383840391825955,0.393808277290167,0.4037761627543801,0.413744048218592,failed-vetting,failed-vetting
DNE21+ V.14E2,EMF33_tax_lo_full,0.245089109051761,0.260684407271147,0.306350407236157,0.331712485482969,0.346812776133767,0.341438956126781,0.336065136119795,0.339280492104396,0.342495848088997,0.345711204073598,failed-vetting,failed-vetting
DNE21+ V.14E2,EMF33_tax_lo_none,0.2450897391689361,0.260684272925946,0.306364084535675,0.331740223332808,0.346747311234228,0.358679354919575,0.3706113986049221,0.380050292174334,0.389489185743746,0.398928079313157,failed-vetting,failed-vetting
E3ME 6.1,PR_Baseline,0.245,0.28,0.266,0.265,0.287,2.236372208494915,2.50450329907943,2.783646499551391,2.9311455406842644,3.028776166871727,no-climate-assessment,no-climate-assessment
E3ME 6.1,PR_CP_Intensity,0.245,0.28,0.266,0.277,0.324,2.236372208494915,2.50450329907943,2.783646499551391,2.9311455406842644,3.028776166871727,no-climate-assessment,no-climate-assessment
E3ME 6.1,PR_CP_Price,0.245,0.28,0.266,0.265,0.287,2.236372208494915,2.50450329907943,2.783646499551391,2.9311455406842644,3.028776166871727,no-climate-assessment,no-climate-assessment
E3ME 6.1,PR_NDC_Intensity,0.245,0.281,0.247,0.238,0.252,2.236372208494915,2.50450329907943,2.783646499551391,2.9311455406842644,3.028776166871727,no-climate-assessment,no-climate-assessment
E3ME 6.1,PR_NDC_Price,0.245,0.281,0.247,0.228,0.228,2.236372208494915,2.50450329907943,2.783646499551391,2.9311455406842644,3.028776166871727,no-climate-assessment,no-climate-assessment
GCAM 4.0,20% abatement (FF&I),0.244874645,1.530736956,2.827878177,3.420611664999999,3.71826123,3.794613398000001,3.87062019,3.928057957000001,3.953977589000001,3.96619089,no-climate-assessment,no-climate-assessment
GCAM 4.0,20% abatement (GHG),0.244874645,1.458822907,2.797332923,3.448610867,3.752820563,3.806143053,3.864445366,3.919965425,3.950172164,3.965533781,no-climate-assessment,no-climate-assessment
GCAM 4.0,450 concentration,0.244874645,1.490452211,2.652814499,3.380084225,3.778523021000001,3.916969822,3.983442019,3.995035861000001,4.001880363,4.028843134000001,no-climate-assessment,no-climate-assessment
GCAM 4.0,50% abatement (FF&I),0.244874645,1.673679515,3.005393559,3.568729613,3.798073173000001,3.813125631,3.877712077,3.929509754,3.962248892,3.971600202,no-climate-assessment,no-climate-assessment
GCAM 4.0,50% abatement (GHG),0.244874645,1.570715705,3.048692693,3.635590727000001,3.839129916,3.827185418,3.869692767,3.920453049,3.965215074000001,3.978702130999999,no-climate-assessment,no-climate-assessment
GCAM 4.0,550 concentration,0.244874645,1.468948791,2.563191685,3.234909658999999,3.682202333000001,3.872654209,3.977521013,4.032834754,4.09814402,4.004771816000001,no-climate-assessment,no-climate-assessment
GCAM 4.0,650 concentration,0.244874645,1.452821827,2.459192746,3.049815577,3.445292223,3.71334494,3.871222057,3.991263006,3.998218111,4.031840416,no-climate-assessment,no-climate-assessment
GCAM 4.0,Core baseline,0.244874645,1.461347709,2.384482361,2.90214094,3.221637947,3.432554033,3.554850376000001,3.683976607000001,3.729523965,3.742070617,no-climate-assessment,no-climate-assessment
GCAM 4.0,High CO2 price,0.244874645,1.837955395,3.184736793,3.716656831000001,3.881981370999999,3.901018453,3.955883024,4.011315816,4.035734503,4.058025323,failed-vetting,failed-vetting
GCAM 4.0,Low CO2 price,0.244874645,1.465352576,2.533313622,3.158350472,3.557859096999999,3.787628904,3.915842415000001,3.990525226,3.988143973,3.985279879999999,no-climate-assessment,no-climate-assessment
GCAM 4.0,Policy baseline,0.244874645,1.521032951,2.557483476,3.201372483,3.528158047,3.709868246999999,3.813390421999999,3.8732391,3.881761680999999,3.894298344000001,no-climate-assessment,no-climate-assessment
GCAM 4.2,ADVANCE_2020_1.5C-2100,0.245125838999999,1.067518575,2.805791591,3.513661812,3.761197801,3.851507103,3.917249803,4.007639567,4.007628005,4.00770032,failed-vetting,failed-vetting
GCAM 4.2,ADVANCE_2020_Med2C,0.245125838999999,1.067518575,1.958607187,2.891800048,3.542469174,3.759718128,3.860749468,3.919825337,3.965590235,4.007631376,failed-vetting,failed-vetting
GCAM 4.2,ADVANCE_2020_WB2C,0.245125838999999,1.067518575,2.224530104,3.349791003999999,3.666048718,3.828130747,3.862908591,3.940092533,4.007631811,4.007631648,failed-vetting,failed-vetting
GCAM 4.2,ADVANCE_2030_1.5C-2100,0.245125838999999,1.067518665,2.133265380999999,3.568409543999999,3.813289101,3.909602306,3.981634125,4.007630266,4.007630876999999,4.007673151000001,failed-vetting,failed-vetting
GCAM 4.2,ADVANCE_2030_Med2C,0.245125838999999,1.067518715,2.133264379,2.845996712,3.534009531,3.74284022,3.847070343,3.92058417,3.966952418,4.007652451,failed-vetting,failed-vetting
GCAM 4.2,ADVANCE_2030_Price1.5C,0.245125838999999,1.067518575,2.13326459,3.506686218999999,3.772192712,3.877431255,3.914505616999999,4.007626514,4.007537009,4.007631588,failed-vetting,failed-vetting
GCAM 4.2,ADVANCE_2030_WB2C,0.245125838999999,1.067518715,2.133264379,3.348036611,3.677379375,3.834240235,3.869002063999999,3.950107468999998,4.007630591,4.00763102,failed-vetting,failed-vetting
GCAM 4.2,ADVANCE_NoPolicy,0.24512564,0.995201945,1.746670519,2.304177731,2.718273918999999,2.95869947,3.148006267,3.376403715,3.506680984,3.56164444,failed-vetting,failed-vetting
GCAM 4.2,EMF30_BCOC-EndU,0.24512563,0.996804650999999,1.759115073,2.347044204,2.677660179,3.001272314,3.246403473,3.516048931,3.66484377,3.728844331,failed-vetting,failed-vetting
GCAM 4.2,EMF30_Baseline,0.24512563,0.983273043,1.723848841,2.321705276,2.663874282,2.99787572,3.244555799999999,3.513654055,3.662917813999999,3.728830596,failed-vetting,failed-vetting
GCAM 4.2,EMF30_CH4-Only,0.24512563,0.990714485,1.784168081,2.428618218,2.794712872,3.109299612,3.324093438,3.584748195,3.701958861999999,3.762794593,failed-vetting,failed-vetting
GCAM 4.2,EMF30_ClimPolicy,0.24512563,0.962972295,2.278051947,3.267708989,3.631790418,3.800878985,3.896730406,3.983310941999999,4.007630676000002,4.007630221,failed-vetting,failed-vetting
GCAM 4.2,EMF30_ClimPolicy+SLCF,0.24512563,0.987281099,2.364049986,3.298057446,3.654814913,3.803236611,3.88738567,3.976733383999999,4.003662868999999,4.007644259,failed-vetting,failed-vetting
GCAM 4.2,EMF30_D_CH4-ClimPolicy,0.24512563,0.98383026,1.728509999999999,2.331977985,2.678538561,3.017497739,3.268254526,3.55275582,3.696900186,3.765992481999999,failed-vetting,failed-vetting
GCAM 4.2,EMF30_D_CO2-Only,0.24512563,0.95313069,2.237835104,3.254236868,3.612782833,3.783195336,3.869048145,3.972881888,4.003453581,4.007614927,failed-vetting,failed-vetting
GCAM 4.2,EMF30_D_Frozen-CH4,0.24512563,0.983273043,1.723848841,2.321705276,2.663874282,2.99787572,3.244555799999999,3.513654055,3.662917813999999,3.728830596,failed-vetting,failed-vetting
GCAM 4.2,EMF30_D_Frozen-EF,0.24512563,0.983273043,1.723848841,2.321705276,2.663874282,2.99787572,3.244555799999999,3.513654055,3.662917813999999,3.728830596,failed-vetting,failed-vetting
GCAM 4.2,EMF30_D_Frozen-EF-EndU,0.24512563,0.983273043,1.723848841,2.321705276,2.663874282,2.99787572,3.244555799999999,3.513654055,3.662917813999999,3.728830596,failed-vetting,failed-vetting
GCAM 4.2,EMF30_D_Frozen-EF-SLCF,0.24512563,0.983273043,1.723848841,2.321705276,2.663874282,2.99787572,3.244555799999999,3.513654055,3.662917813999999,3.728830596,failed-vetting,failed-vetting
GCAM 4.2,EMF30_SLCF,0.24512563,1.004312063,1.817383397,2.447876033,2.807088455,3.112572894,3.325324707,3.586816161,3.703353278,3.763318755,failed-vetting,failed-vetting
GCAM 4.2,EMF33_Baseline,0.245125838999999,0.939305757999999,1.745893911999999,2.357944872,2.729660391,2.929608505,3.056474203999998,3.291419523,3.411771561999999,3.485086622,failed-vetting,failed-vetting
GCAM 4.2,EMF33_Med2C_cost100,0.245125838999999,1.022711527999999,2.285459806,3.333574282,3.642615911499999,3.7906294224,3.852124328,3.93872413,4.0076315132,4.0076303756,failed-vetting,failed-vetting
GCAM 4.2,EMF33_Med2C_full,0.245125838999999,1.032013606,2.198156232,3.226952762,3.6161891055,3.7551079417,3.817189555,3.891015678999999,4.007631059499999,4.0223225576,failed-vetting,failed-vetting
GCAM 4.2,EMF33_Med2C_limbio,0.245125838999999,1.032015288,2.294673112,3.348414285,3.6441379955,3.7676598076,3.82998184,3.919827653,4.0076332317,4.0076298668,failed-vetting,failed-vetting
GCAM 4.2,EMF33_Med2C_nobeccs,0.245125838999999,1.026979462,2.480314836,3.420384144,3.6997775243,3.8258627724,3.900567352,3.991574241,4.007631563899999,4.007631841,failed-vetting,failed-vetting
GCAM 4.2,EMF33_Med2C_nofuel,0.245125838999999,1.027398645,2.232793664,3.250577398,3.6019906413,3.7021339129,3.700626085,3.735313435,3.81468999,3.8746170961,failed-vetting,failed-vetting
GCAM 4.2,EMF33_Med2C_none,0.245125838999999,1.021795619,2.500371973,3.400057774,3.6732358907,3.805841983399998,3.905809236999999,4.006473436999999,4.0076289353,4.0167922581,failed-vetting,failed-vetting
GCAM 4.2,EMF33_WB2C_full,0.245125838999999,1.032013606,2.592129073,3.457043663,3.6968976557,3.7765290812,3.828093535,3.960742398,4.0076304698,4.538856817,failed-vetting,failed-vetting
GCAM 4.2,EMF33_WB2C_limbio,0.245125838999999,1.032015288,2.9021970967,3.524586949499999,3.748620776999999,3.805922591,3.896981753,4.0076316452,4.0076318675,4.007630049499999,failed-vetting,failed-vetting
GCAM 4.2,EMF33_WB2C_nobeccs,0.245125838999999,1.026979462,3.1137358413,3.5980891804,3.838541331,3.908020088,3.9967949612,4.007631673500001,4.007630881,5.556067272999999,failed-vetting,failed-vetting
GCAM 4.2,EMF33_WB2C_nofuel,0.245125838999999,1.027398645,2.650744974,3.435275828,3.646538664,3.657130574,3.661009612,3.718214573999999,3.7681756786,5.73296945156,failed-vetting,failed-vetting
GCAM 4.2,EMF33_WB2C_none,0.245125838999999,1.021798339,3.1250320132,3.562036147599999,3.814588918,3.918384135,4.0076304333,4.0076292427,4.0076306672,4.220002264963,failed-vetting,failed-vetting
GCAM 4.2,EMF33_tax_hi_full,0.245125838999999,0.939305757999999,1.958064255,3.08695823,3.5883569411,3.7693836261,3.820868083,3.881840388,4.0022908181,4.1368425694,failed-vetting,failed-vetting
GCAM 4.2,EMF33_tax_hi_none,0.245125838999999,0.93409284,1.925240738,3.019250973,3.5586811747,3.7597717132,3.8514356065,3.963823683,4.0076301973,4.007630471600002,failed-vetting,failed-vetting
GCAM 4.2,EMF33_tax_lo_full,0.245125838999999,0.939305757999999,1.819286767,2.665793665,3.237492966999999,3.521087127,3.652325315,3.812349068,3.8909750629,3.920343897,failed-vetting,failed-vetting
GCAM 4.2,EMF33_tax_lo_none,0.245125838999999,0.93409284,1.794858291999999,2.624988929,3.182823391,3.486165413,3.623772255,3.7979446946,3.8813590989,3.908962261,failed-vetting,failed-vetting
GCAM 4.2,SSP1-19,0.2451256989999991,1.581682709,4.511635821,7.606238171,10.677916925,12.527924648,12.415859489,10.991947611,9.020231832,6.635971925,C1,C1: limit warming to 1.5°C (>50%) with no or limited overshoot
GCAM 4.2,SSP1-26,0.2451256989999991,1.580085069,3.751851991599,5.786022291698999,8.172153151736799,10.6417538702162,11.5814137854668,10.6623346828286,9.01883140531863,7.22392558220087,no-climate-assessment,no-climate-assessment
GCAM 4.2,SSP1-34,0.2451256989999991,1.580085069,3.451905051793,4.989280301812,6.376148899504201,7.805973101567731,9.36796694840647,9.91031485989957,8.75624978796477,7.168263026122402,no-climate-assessment,no-climate-assessment
GCAM 4.2,SSP1-45,0.2451256989999991,1.580085069,3.350546152685,4.722663579967,5.776483930055,6.676288854158701,7.42598606893292,8.12743239110158,7.66363303762721,6.407500882632363,no-climate-assessment,no-climate-assessment
GCAM 4.2,SSP1-Baseline,0.2451255,1.538170699,3.239999025,4.49308783,5.282141651,5.892771427,6.153085227999999,6.199120831,5.785107581,5.048384438999999,no-climate-assessment,no-climate-assessment
GCAM 4.2,SSP2-19,0.2451256989999991,1.560205009,3.21119081,3.926573242,4.040312668,4.049618768999999,4.041741958999999,4.047638678,3.94116427,3.487014847402,failed-vetting,failed-vetting
GCAM 4.2,SSP2-26,0.2451256989999991,1.559415018,2.660924173509999,3.80624072548096,3.997493275550509,4.0504869460913,4.0605435170193,4.04207196813864,4.0297062733348,3.88494253806,failed-vetting,failed-vetting
GCAM 4.2,SSP2-34,0.2451256989999991,1.559415018,2.660924173509999,3.47696591995249,3.838593026292358,3.983418214428081,4.059397445506,4.05944042280226,4.04735038630871,4.0399982463961,failed-vetting,failed-vetting
GCAM 4.2,SSP2-45,0.2451256989999991,1.559415018,2.660924173509999,3.37372914832615,3.7710976007829,3.93319652610961,4.04100825223174,4.04976169669528,4.00146043926513,3.970566625166049,failed-vetting,failed-vetting
GCAM 4.2,SSP2-60,0.2451256989999991,1.559415018,2.660924173509999,3.177941391648,3.456196357860998,3.59809443542412,3.72000588786957,3.86096960422732,3.94534483506298,4.01514082527804,failed-vetting,failed-vetting
GCAM 4.2,SSP2-Baseline,0.2451255,1.520996915,2.519519036,3.056353456,3.325541631999999,3.448280705,3.522822078999999,3.647887898999999,3.673775563,3.651874908999999,no-climate-assessment,no-climate-assessment
GCAM 4.2,SSP3-Baseline,0.2451255,1.45621808,2.39394147,2.871790711999999,3.109120233,3.193237665,3.236615713999999,3.310092165,3.280990701,3.223864833999999,C8,C8: exceed warming of 4°C (>=50%)
GCAM 4.2,SSP4-26,0.2451255,1.691189974,4.203671922,5.149556709,5.636822523999999,5.836991853,5.903086675,5.844583214,5.805031011000001,4.557015483,failed-vetting,failed-vetting
GCAM 4.2,SSP4-34,0.2451256989999991,1.691189974,3.52173700008,4.6165526926638,5.2448079678998,5.568943893904001,5.62218006941,5.47707611698359,5.32045097266993,5.0353826850579,failed-vetting,failed-vetting
GCAM 4.2,SSP4-45,0.2451256989999991,1.691189974,3.236907088259,4.1669529914613,4.8134932254518,5.310672747161599,5.480945583518999,5.01012782154498,4.58418824619687,4.33607049076174,failed-vetting,failed-vetting
GCAM 4.2,SSP4-60,0.2451256989999991,1.691189974,2.918842725554,3.566291865698,3.808533033401,3.9658169913027,4.064929419053001,4.33301436280622,4.40671092616307,4.2944893618288,failed-vetting,failed-vetting
GCAM 4.2,SSP4-Baseline,0.2451255,1.631896223,2.833515818999999,3.444372398,3.646388424,3.743150279,3.724661066,3.82894403,3.762359986,3.573676688,C7,C7: limit warming to 4°C (>50%)
GCAM 4.2,SSP5-19,0.2451256989999991,1.576008565,3.405377793,3.990123697,4.058306672,4.046243521,4.01551115,4.050701823,4.072788592,4.026823263,failed-vetting,failed-vetting
GCAM 4.2,SSP5-26,0.2451255,1.574561115,2.803781112,3.940711516,4.048992997,4.053773408000001,4.032459084,3.981298113,4.036470154,4.065492456999999,failed-vetting,failed-vetting
GCAM 4.2,SSP5-34,0.2451256989999991,1.574561115,2.8037807100664,3.79883707257222,4.005824450212509,4.04752852970462,4.03916919157298,3.98271148777784,3.98813887970722,4.01659944183906,failed-vetting,failed-vetting
GCAM 4.2,SSP5-45,0.2451256989999991,1.574561115,2.8037807100664,3.65895243723837,3.93079838977275,4.017559058752369,4.040298082158579,4.01261752744101,3.89984280720223,3.81599938670053,failed-vetting,failed-vetting
GCAM 4.2,SSP5-60,0.2451256989999991,1.574561115,2.8037807100664,3.4450845295768,3.7073127410679,3.80915983289764,3.87322543110257,3.96748314423312,3.97697597712226,3.912136567133749,no-climate-assessment,no-climate-assessment
GCAM 4.2,SSP5-Baseline,0.2451255,1.541650833,2.655258431,3.249798556,3.443901559,3.483656916,3.43333466,3.463379387,3.443208699,3.328673362,no-climate-assessment,no-climate-assessment
GCAM 5.2,"NGFS1_Current policies (Hot house world, Rep)",0.244979239,0.771497652,1.55355544,2.28504408,2.57797923,2.79350289,3.00702196,3.13052436,3.22772873,3.2563194,C7,C7: limit warming to 4°C (>50%)
GCAM 5.2,"NGFS1_Immediate 2C with CDR (Orderly, Rep)",0.244979239,0.771497652,2.47392207,3.29222118,3.53730347,3.55490787,3.59123483,3.73676056,3.892325,6.01631098,C4,C4: limit warming to 2°C (>50%)
GCAM 5.3,NGFS2_Below 2°C,0.2449792,0.7765322,2.371616,3.374154,3.729309,3.897593,3.96372,3.961295,3.953456,3.865411,C3,C3: limit warming to 2°C (>67%)
GCAM 5.3,NGFS2_Current Policies,0.2449792,0.7764173,1.687802,2.275837,2.666986,3.027755,3.204266,3.302075,3.390428,3.26764,C7,C7: limit warming to 4°C (>50%)
GCAM 5.3,NGFS2_Delayed Transition,0.2449792,0.7764173,1.687802,3.446611,3.906484,4.007631,4.007651,4.007598,4.00762,4.003229,C4,C4: limit warming to 2°C (>50%)
GCAM 5.3,NGFS2_Divergent Net Zero Policies,0.2449792,0.7764173,3.034677,3.688115,3.995793,3.999436,4.000393,4.002755,3.998027,3.928354,C2,C2: return warming to 1.5°C (>50%) after a high overshoot
GCAM 5.3,NGFS2_Nationally Determined Contributions (NDCs),0.2449792,0.6473351,2.192663,3.055073,3.48467,3.620769,3.703209,3.810133,3.856216,3.777358,C5,C5: limit warming to 2.5°C (>50%)
GCAM 5.3,NGFS2_Net-Zero 2050,0.2449792,0.7758605,2.52974,3.461689,3.869514,3.995337,3.999395,4.004715,4.003415,3.984375,C2,C2: return warming to 1.5°C (>50%) after a high overshoot
GCAM 5.3,R_BAU,0.244979239,0.749700157,1.59490233,2.34677412,2.69472715,2.8703716,3.03361116,3.12526453,3.26572006,3.36081511,C7,C7: limit warming to 4°C (>50%)
GCAM 5.3,R_MAC_30_n0,0.244979239,0.749700157,3.21199028,3.51017646,3.72584512,3.65413711,3.80895977,3.90848459,3.91861851,3.90098633,C1,C1: limit warming to 1.5°C (>50%) with no or limited overshoot
GCAM 5.3,R_MAC_30_n8,0.244979239,0.749700157,3.27639025,3.5968954,3.82498153,3.80391834,3.8588687,3.90848119,3.94020923,3.94175514,failed-vetting,failed-vetting
GCAM 5.3,R_MAC_35_n0,0.244979239,0.749700157,2.88896314,3.5096802,3.72484677,3.72532988,3.78699724,3.90654202,3.92900269,3.90456767,C3,C3: limit warming to 2°C (>67%)
GCAM 5.3,R_MAC_35_n8,0.244979239,0.749700157,3.04305631,3.57826028,3.8075126,3.82769715,3.852313,3.91663912,3.94221054,3.94164806,C1,C1: limit warming to 1.5°C (>50%) with no or limited overshoot
GCAM 5.3,R_MAC_40_n0,0.244979239,0.749700157,2.67853373,3.49876683,3.72357688,3.75246002,3.77483452,3.89628673,3.92878821,3.91068993,C3,C3: limit warming to 2°C (>67%)
GCAM 5.3,R_MAC_40_n8,0.244979239,0.749700157,2.81694249,3.54994367,3.78617972,3.84134372,3.85330727,3.92811579,3.94398907,3.94030436,C1,C1: limit warming to 1.5°C (>50%) with no or limited overshoot
GCAM 5.3,R_MAC_45_n0,0.244979239,0.749700157,2.51541248,3.43680721,3.72136629,3.76610306,3.78643526,3.88044242,3.92522923,3.91967873,C3,C3: limit warming to 2°C (>67%)
GCAM 5.3,R_MAC_45_n8,0.244979239,0.749700157,2.65204967,3.48817939,3.76291946,3.84328746,3.85281813,3.93516666,3.94558774,3.93927811,C1,C1: limit warming to 1.5°C (>50%) with no or limited overshoot
GCAM 5.3,R_MAC_50_n0,0.244979239,0.749700157,2.3942042,3.38060184,3.70592894,3.77489324,3.7963032,3.87127891,3.92526804,3.92331699,C3,C3: limit warming to 2°C (>67%)
GCAM 5.3,R_MAC_50_n8,0.244979239,0.749700157,2.519586,3.43843713,3.73528535,3.83623236,3.86181627,3.93743034,3.94557844,3.93366344,C1,C1: limit warming to 1.5°C (>50%) with no or limited overshoot
GCAM 5.3,R_MAC_55_n0,0.244979239,0.749700157,2.30148775,3.32035566,3.66285739,3.77824937,3.8049616,3.87528433,3.92374722,3.9192967,C3,C3: limit warming to 2°C (>67%)
GCAM 5.3,R_MAC_55_n8,0.244979239,0.749700157,2.41593214,3.39049706,3.71427595,3.80713814,3.86080074,3.93145114,3.94557411,3.93146163,C2,C2: return warming to 1.5°C (>50%) after a high overshoot
GCAM 5.3,R_MAC_60_n0,0.244979239,0.749700157,2.22799759,3.26689448,3.62849337,3.76439587,3.81060326,3.8798649,3.92270125,3.92053143,C3,C3: limit warming to 2°C (>67%)
GCAM 5.3,R_MAC_60_n8,0.244979239,0.749700157,2.33337839,3.34432193,3.67762723,3.76678814,3.84780382,3.93153747,3.94529401,3.93753648,C2,C2: return warming to 1.5°C (>50%) after a high overshoot
GCAM 5.3,R_MAC_65_n0,0.244979239,0.749700157,2.16765803,3.2239229,3.60061873,3.74932262,3.81235802,3.88345384,3.91883937,3.91887401,C3,C3: limit warming to 2°C (>67%)
GCAM 5.3,R_MAC_65_n8,0.244979239,0.749700157,2.26604803,3.29425357,3.64591226,3.77135871,3.8289349,3.93234675,3.94540945,3.94234583,C3,C3: limit warming to 2°C (>67%)
GCAM 5.3,R_MAC_70_n0,0.244979239,0.749700157,2.11670966,3.18547735,3.57767785,3.73213219,3.81019862,3.88640928,3.91775558,3.91227558,C4,C4: limit warming to 2°C (>50%)
GCAM 5.3,R_MAC_70_n8,0.244979239,0.749700157,2.20983243,3.25395487,3.62002064,3.7599668,3.80937034,3.92949854,3.94410725,3.94121358,C3,C3: limit warming to 2°C (>67%)
GCAM 5.3,R_MAC_75_n0,0.244979239,0.749700157,2.07411331,3.15365561,3.55886567,3.71643909,3.78709022,3.88915711,3.91836899,3.91144561,C4,C4: limit warming to 2°C (>50%)
GCAM 5.3,R_MAC_75_n8,0.244979239,0.749700157,2.16150906,3.21922433,3.59776967,3.74750584,3.82565309,3.9243356,3.94252161,3.94081692,C3,C3: limit warming to 2°C (>67%)
GCAM 5.3,R_MAC_80_n0,0.244979239,0.749700157,2.0400132,3.12582272,3.54345432,3.70151367,3.76530919,3.89107966,3.91964589,3.91229203,C4,C4: limit warming to 2°C (>50%)
GCAM 5.3,R_MAC_80_n8,0.244979239,0.749700157,2.11948743,3.18755038,3.57893003,3.73314739,3.81124258,3.91588967,3.94148609,3.93914148,C4,C4: limit warming to 2°C (>50%)
GCAM 5.3,R_MAC_85_n0,0.244979239,0.749700157,2.01112204,3.10057627,3.53047597,3.68668002,3.7491797,3.86330336,3.92055777,3.91235689,C5,C5: limit warming to 2.5°C (>50%)
GCAM 5.3,R_MAC_85_n8,0.244979239,0.749700157,2.08315709,3.16058544,3.56286998,3.72001567,3.7927974,3.91229887,3.94068964,3.938438,C4,C4: limit warming to 2°C (>50%)
GCAM 5.3,R_MAC_90_n0,0.244979239,0.749700157,1.986392,3.07851393,3.51747161,3.66941065,3.73674793,3.8416759,3.92001084,3.91218045,C5,C5: limit warming to 2.5°C (>50%)
GCAM 5.3,R_MAC_90_n8,0.244979239,0.749700157,2.05310983,3.13657,3.54927498,3.70727724,3.77342037,3.90126377,3.93979484,3.93907093,C4,C4: limit warming to 2°C (>50%)
GCAM 5.3,R_MAC_95_n0,0.244979239,0.749700157,1.96527305,3.0590441,3.50583716,3.65485126,3.72650248,3.8240063,3.90338207,3.91399903,C5,C5: limit warming to 2.5°C (>50%)
GCAM 5.3,R_MAC_95_n8,0.244979239,0.749700157,2.02718726,3.11473387,3.53763538,3.69530392,3.75777927,3.87857134,3.93509141,3.94046768,C4,C4: limit warming to 2°C (>50%)
GCAM 5.3,R_MAC_99_n0,0.244979239,0.749700157,1.94656305,3.04154607,3.49574665,3.64245451,3.71733626,3.80964738,3.88517851,3.91454047,C5,C5: limit warming to 2.5°C (>50%)
GCAM 5.3,R_MAC_99_n8,0.244979239,0.749700157,2.00452059,3.09471828,3.52734334,3.68211814,3.74585596,3.8575031,3.92692051,3.93759543,C5,C5: limit warming to 2.5°C (>50%)
GCAM 5.3,SSP1-DACCS-1p9-3pctHR,0.244972988,1.105449789,4.36546283,6.7458664,8.3916553,8.642655,8.6479257,8.4270357,8.2090444,7.9793771,failed-vetting,failed-vetting
GCAM 5.3,SSP1-DACCS-2p6-3pctHR,0.244972988,1.105451349,3.44246966,5.2998419,6.874074,7.4413844,7.7707952,7.774363,7.7541359,7.5163674,failed-vetting,failed-vetting
GCAM 5.3,SSP1-highcostDACCS-2p6-3pctHR,0.244972988,1.101414791,3.47396848,5.3717597,6.953106,7.4011492,7.598398,7.4359045,6.9942772,6.8004911,failed-vetting,failed-vetting
GCAM 5.3,SSP1-lowcostDACCS-2p6-3pctHR,0.244972988,1.101414001,3.33421051,5.1248768,6.599435,7.1361362,7.5015819,7.7981444,7.7395455,7.3799009,failed-vetting,failed-vetting
GCAM 5.3,SSP1-noDACCS-1p9-3pctHR,0.244972988,1.105450619,4.19955463,6.5052124,8.161532,8.2799412,8.0166073,7.6246327,7.4445282,7.2447208,failed-vetting,failed-vetting
GCAM 5.3,SSP1-noDACCS-2p6-3pctHR,0.244972988,1.105449839,3.47822999,5.3494551,6.9440484,7.4945351,7.7939611,7.6934815,7.2231321,6.5289254,failed-vetting,failed-vetting
GCAM 5.3,SSP2-DACCS-2p6-3pctHR,0.244972988,0.913717671,1.90811029,3.08902147,3.51944359,3.73225134,3.92066359,3.93257048,3.93086443,3.92817858,failed-vetting,failed-vetting
GCAM 5.3,SSP2-noDACCS-2p6-3pctHR,0.244972988,0.915788988,1.91744562,3.1883274,3.53375486,3.68939372,3.70239361,3.70900415,3.69434164,3.67251242,failed-vetting,failed-vetting
GCAM 5.3,SSP4-DACCS-1p9-3pctHR,0.244972988,1.14498317,3.02637666,4.4299913,5.2659447,5.7543937,6.1447032,6.0344085,5.8502434,5.759814,failed-vetting,failed-vetting
GCAM 5.3,SSP4-DACCS-2p6-3pctHR,0.244972988,1.14486602,2.74686061,3.9698543,4.4892413,4.8332764,5.4282716,5.9180036,5.9008065,5.7441017,failed-vetting,failed-vetting
GCAM 5.3,SSP4-highcostDACCS-2p6-3pctHR,0.244972988,1.14498177,2.99167158,4.3569513,4.9809567,5.0860033,5.1079488,4.8390097,4.8626829,4.812396,failed-vetting,failed-vetting
GCAM 5.3,SSP4-medcostDACCS-2p6-3pctHR,0.244972988,1.14526424,2.89191256,4.2035853,4.7981525,4.9941065,5.2215652,5.427659,5.506878,5.4231106,failed-vetting,failed-vetting
GCAM 5.3,SSP4-noDACCS-1p9-3pctHR,0.244972988,1.14788038,3.5219244,5.0523053,5.5221332,5.1641391,5.1504995,5.1777303,5.4293915,5.616262,failed-vetting,failed-vetting
GCAM 5.3,SSP4-noDACCS-2p6-3pctHR,0.244972988,1.14742126,2.99816118,4.3511579,4.9832107,5.125767,5.1966591,4.9367666,4.9527252,4.9000967,failed-vetting,failed-vetting
GCAM 5.3,SSP5-DACCS-1p9-3pctHR,0.244972988,0.936984849,2.1324318,3.42305124,3.861163,3.94687975,3.94486535,3.9210995,3.90800757,3.91789507,failed-vetting,failed-vetting
GCAM 5.3,SSP5-DACCS-2p6-3pctHR,0.244972988,0.936984849,2.12657151,3.28830437,3.73317804,3.91025512,3.9456393,3.93721637,3.91353153,3.87802385,failed-vetting,failed-vetting
GCAM 5.3,SSP5-noDACCS-2p6-3pctHR,0.244972988,0.938938065,2.13275729,3.44690642,3.7603923,3.84113425,3.81395946,3.71677488,3.70838582,3.69677246,failed-vetting,failed-vetting
GCAM 5.3,SSP_SSP1,0.244979239,0.839412195,3.9848639,7.2533783,10.1219829,11.3908032,10.8933599,10.2052174,9.8520084,9.5784099,no-climate-assessment,no-climate-assessment
GCAM 5.3,SSP_SSP2,0.244979239,0.8716608,2.63118634,3.51637889,3.80553802,3.82138,3.87199658,3.92795738,3.94506527,3.92770413,C3,C3: limit warming to 2°C (>67%)
GCAM 5.3,SSP_SSP3,0.244979239,0.86135981,2.42042707,3.36880059,3.66342281,3.70335721,3.67910377,3.63397648,3.8550414,3.85815309,C2,C2: return warming to 1.5°C (>50%) after a high overshoot
GCAM 5.3,SSP_SSP4,0.244979239,0.87415381,3.2902331,5.3934863,6.8391593,8.0537146,7.8420225,7.585599,7.6588203,7.8422605,C2,C2: return warming to 1.5°C (>50%) after a high overshoot
GCAM 5.3,SSP_SSP5,0.244979239,0.89668141,2.90780557,3.6776742,3.90774276,3.89163515,3.91486567,3.94541772,3.94363796,3.86979003,C3,C3: limit warming to 2°C (>67%)
GCAM-PR 5.3,CSH,0.244979339,1.14003902,2.15187603,1.461294075602008,1.8718207611307403,2.236372208494915,2.50450329907943,2.783646499551391,2.9311455406842644,3.028776166871727,no-climate-assessment,no-climate-assessment
GCAM-PR 5.3,PCSH,0.244979339,1.31615128,2.29823949,1.461294075602008,1.8718207611307403,2.236372208494915,2.50450329907943,2.783646499551391,2.9311455406842644,3.028776166871727,failed-vetting,failed-vetting
GCAM-PR 5.3,PR_CP_Intensity,0.244979339,1.3021357,2.29171051,2.94938331,3.58042582,3.76629484,3.85522901,3.91395196,3.91249506,3.90504755,failed-vetting,failed-vetting
GCAM-PR 5.3,PR_CP_Price,0.244979339,1.302354763,2.29182431,2.88934738,3.53119531,3.68098071,3.7572124,3.8583167,3.89063874,3.91017467,failed-vetting,failed-vetting
GCAM-PR 5.3,PR_CP_PriceOnly,0.244979339,1.217864838,2.31708394,2.91362174,3.53042136,3.71038941,3.75118193,3.85744106,3.88849281,3.91016409,C7,C7: limit warming to 4°C (>50%)
GCAM-PR 5.3,PR_NDC_Intensity,0.244979339,1.302354763,2.45806345,3.20262082,3.62540198,3.80444718,3.88907679,3.8993175,3.91736972,3.92188884,failed-vetting,failed-vetting
GCAM-PR 5.3,PR_NDC_Price,0.244979339,1.302354763,2.45850406,3.14782232,3.57825906,3.73576419,3.80282578,3.87377621,3.8753383,3.83760977,failed-vetting,failed-vetting
GCAM-PR 5.3,PR_NDC_PriceOnly,0.244979339,1.217545511,2.47347214,3.15092319,3.5737851,3.75033884,3.78641772,3.8622923,3.86053534,3.83070654,C6,C6: limit warming to 3°C (>50%)
GCAM-PR 5.3,PR_baseline,0.244979339,1.14118764,2.16757657,2.77323557,3.42753943,3.61020847,3.65536064,3.76833034,3.80762478,3.82028247,C7,C7: limit warming to 4°C (>50%)
GCAM-PR 5.3,R,0.244979239,0.736361985,1.52504962,1.461294075602008,1.8718207611307403,2.236372208494915,2.50450329907943,2.783646499551391,2.9311455406842644,3.028776166871727,no-climate-assessment,no-climate-assessment
GCAM-PR 5.3,SH,0.244979239,0.731896651,1.53980004,1.461294075602008,1.8718207611307403,2.236372208494915,2.50450329907943,2.783646499551391,2.9311455406842644,3.028776166871727,no-climate-assessment,no-climate-assessment
GCAM5.2_NET,GCAM_1.5C_high_os_high-cost-DAC,0.2451258,0.9738286,1.852291,3.441599,3.809882,3.866249,3.787068,3.944703,3.945129,3.945257,failed-vetting,failed-vetting
GCAM5.2_NET,GCAM_1.5C_high_os_low-cost-DAC,0.2451258,0.9738286,1.852291,3.441599,3.789282,3.947756,3.843353,3.937022,3.945664,3.945228,failed-vetting,failed-vetting
GCAM5.2_NET,GCAM_1.5C_low_os_high-cost-DAC,0.2451258,0.9738286,3.100442,3.623162,3.783098,3.741471,3.777018,3.930872,3.945351,3.942966,failed-vetting,failed-vetting
GCAM5.2_NET,GCAM_1.5C_low_os_low-cost-DAC,0.2451258,0.9738286,3.100442,3.66854,3.809497,3.777988,3.78561,3.896301,3.945325,3.929772,failed-vetting,failed-vetting
GCAM5.2_NET,GCAM_1.5C_low_os_noDAC,0.2451258,0.9738291,3.100442,3.544582,3.721604,3.717377,3.784431,3.915555,3.940971,3.936129,failed-vetting,failed-vetting
GEM-E3_V2021,EN_INDCi2030_1000,0.28451162788245987,0.57448975704363,0.611530823738921,1.195302727838252,2.260568363682349,3.682605374815837,4.371412601655421,4.865390972164907,4.872599135390512,4.878599807588895,C3,C3: limit warming to 2°C (>67%)
GEM-E3_V2021,EN_INDCi2030_1000_COV,0.28451162788245987,0.5289679042230165,0.5645486390584834,1.095354196654378,1.975691199311869,3.282854563454672,4.007781763629618,4.494634684770986,4.497500468455793,4.443144277087486,C3,C3: limit warming to 2°C (>67%)
GEM-E3_V2021,EN_INDCi2030_1000_COV_NDCp,0.28451162788245987,0.528967906124811,0.6023985446564414,1.094972573729778,1.949233044601097,3.250318416038938,3.991280271242124,4.500134339432972,4.529919768097834,4.46312672082114,C3,C3: limit warming to 2°C (>67%)
GEM-E3_V2021,EN_INDCi2030_1000_NDCp,0.28451162788245987,0.57448975704363,0.6499890690291407,1.205597518900364,2.260734192325303,3.689497221636955,4.378882469516644,4.896303747179397,4.879130608833854,4.906284977843909,C3,C3: limit warming to 2°C (>67%)
GEM-E3_V2021,EN_INDCi2030_1000f,0.28451162788245987,0.57448975704363,0.611530823738921,1.142679355073495,1.871624478596188,3.282546015067812,4.375253620036749,5.084847579541574,5.196600354453951,5.156630132076165,C4,C4: limit warming to 2°C (>50%)
GEM-E3_V2021,EN_INDCi2030_1000f_COV,0.28451162788245987,0.5289679042230165,0.5645486390584834,1.057176453252102,1.670295555384607,2.9652048999492,3.991802519302748,4.689411220514323,4.76770877795555,4.751772314583274,C3,C3: limit warming to 2°C (>67%)
GEM-E3_V2021,EN_INDCi2030_1000f_COV_NDCp,0.28451162788245987,0.528967906124811,0.6023985446564414,1.069886474832127,1.679744741530637,2.941766452503937,3.989203351448523,4.702145513057396,4.776029550474423,4.758269531848708,C3,C3: limit warming to 2°C (>67%)
GEM-E3_V2021,EN_INDCi2030_1000f_NDCp,0.28451162788245987,0.57448975704363,0.6499890690291407,1.153947087986761,1.903718231320476,3.235807333522116,4.360922996706639,5.07855493565976,5.19666948524833,5.157160765800311,C4,C4: limit warming to 2°C (>50%)
GEM-E3_V2021,EN_INDCi2030_1400,0.28451162788245987,0.57448975704363,0.611530823738921,1.085997642793969,1.648987113489582,2.391111899090536,3.690054183724429,4.721028046703456,4.966470045221884,4.946752577152053,C4,C4: limit warming to 2°C (>50%)
GEM-E3_V2021,EN_INDCi2030_1400f,0.28451162788245987,0.57448975704363,0.611530823738921,1.085997642793969,1.648987113489582,2.370879627097409,3.64405383434665,4.698503207977685,4.966201766162195,5.054061530925344,C4,C4: limit warming to 2°C (>50%)
GEM-E3_V2021,EN_INDCi2030_1800,0.28451162788245987,0.57448975704363,0.611530823738921,1.027700960690215,1.392426731223993,1.960465791067152,2.731291172610412,3.636972095938764,4.399421076732359,4.762108180636259,C5,C5: limit warming to 2.5°C (>50%)
GEM-E3_V2021,EN_INDCi2030_1800f,0.28451162788245987,0.57448975704363,0.611530823738921,1.027700960690215,1.392426731223993,1.960465791067152,2.731291172610412,3.636972095938764,4.399421076732359,4.762108180636259,C5,C5: limit warming to 2.5°C (>50%)
GEM-E3_V2021,EN_INDCi2030_600f,0.28451162788245987,0.57448975704363,0.611530823738921,1.313539675918896,3.373308497121293,4.587191902373053,5.326211560249857,5.674298181800702,5.997743308204501,6.292295683644379,C2,C2: return warming to 1.5°C (>50%) after a high overshoot
GEM-E3_V2021,EN_INDCi2030_600f_COV,0.28451162788245987,0.5289679042230165,0.5645486390584834,1.201129979409461,3.061000322922074,4.231718681199596,4.920375523104772,5.267971420724414,5.657158110868406,5.750995890865204,C2,C2: return warming to 1.5°C (>50%) after a high overshoot
GEM-E3_V2021,EN_INDCi2030_600f_COV_NDCp,0.28451162788245987,0.528967906124811,0.6023985446564414,1.207371817796978,3.008721945989983,4.228910096769283,4.925492539362506,5.277459172454997,5.664255289790365,5.759424013960126,C2,C2: return warming to 1.5°C (>50%) after a high overshoot
GEM-E3_V2021,EN_INDCi2030_600f_NDCp,0.28451162788245987,0.57448975704363,0.6499890690291407,1.310011898196804,3.328268601051371,4.613899567432361,5.347797873816574,5.71041395058617,6.019930571192043,6.308188537074531,C2,C2: return warming to 1.5°C (>50%) after a high overshoot
GEM-E3_V2021,EN_INDCi2030_800,0.28451162788245987,0.57448975704363,0.611530823738921,1.495775608942003,3.199281025359796,4.414652483570896,5.044302419141868,5.354246683868777,5.415978625531029,5.465397615851535,C3,C3: limit warming to 2°C (>67%)
GEM-E3_V2021,EN_INDCi2030_800f,0.28451162788245987,0.57448975704363,0.611530823738921,1.222535078365215,2.710780357827092,4.265812163218164,5.241622425287602,5.673890589307071,5.722436015068309,6.147315148887613,C2,C2: return warming to 1.5°C (>50%) after a high overshoot
GEM-E3_V2021,EN_INDCi2100,0.28451162788245987,0.57448975704363,0.611530823738921,0.9403147004618588,1.092848949509984,1.284022047136047,1.652959461730974,1.993639611835245,2.594230867656957,2.978238492760535,C7,C7: limit warming to 4°C (>50%)
GEM-E3_V2021,EN_INDCi2100_COV,0.28451162788245987,0.5289679042230165,0.5645486390584834,0.870101953071212,1.007064888556915,1.224303823591529,1.5438113937837,1.883208111214789,2.3876180903383,2.758392251964387,C6,C6: limit warming to 3°C (>50%)
GEM-E3_V2021,EN_INDCi2100_COV_NDCp,0.28451162788245987,0.528967906124811,0.6023985446564414,0.9405024408501615,1.121309055846906,1.294061885153052,1.641347352406073,1.964967536798113,2.458211623353073,2.822407265422902,C6,C6: limit warming to 3°C (>50%)
GEM-E3_V2021,EN_INDCi2100_NDCp,0.28451162788245987,0.57448975704363,0.6499890690291407,1.011900868497721,1.195427847887089,1.360725559536254,1.751815536118867,2.076449732105381,2.652754549318377,3.031411263406807,C6,C6: limit warming to 3°C (>50%)
GEM-E3_V2021,EN_NPi2020_1000,0.28451162788245987,0.5744897561674875,0.9492485374957572,1.314975267841305,1.943011577546362,3.309665798905929,4.251507416210277,4.913036083851544,4.933731367506581,4.802553042758644,C3,C3: limit warming to 2°C (>67%)
GEM-E3_V2021,EN_NPi2020_1000_COV,0.28451162788245987,0.5289679042230165,0.8075392635149885,1.14226761604638,1.700732757148818,2.939870305318371,3.898001374416042,4.50682412101526,4.512504301391361,4.443278323399254,C3,C3: limit warming to 2°C (>67%)
GEM-E3_V2021,EN_NPi2020_1000f,0.28451162788245987,0.5744897570528086,0.8685798720174973,1.206745332907921,1.793103679293754,3.105840651658871,4.313415226159242,5.060737321923922,5.160630644289771,5.139438090637629,C4,C4: limit warming to 2°C (>50%)
GEM-E3_V2021,EN_NPi2020_1000f_COV,0.28451162788245987,0.5289679042230165,0.7190729071458136,1.03328544974702,1.616175383548409,2.686142132954729,3.900387950753408,4.629230553119512,4.653603161499222,4.719474331661703,C3,C3: limit warming to 2°C (>67%)
GEM-E3_V2021,EN_NPi2020_1400,0.28451162788245987,0.5744897575765249,0.768188674084049,1.074716526071512,1.614888114591233,2.325993226824824,3.180060335497921,4.50833710572445,4.942979450905245,4.930976189487582,C5,C5: limit warming to 2.5°C (>50%)
GEM-E3_V2021,EN_NPi2020_1400f,0.28451162788245987,0.5744897575765249,0.768188674084049,1.074716526071512,1.614888114591233,2.314950152195502,3.172968580402033,4.493555735365755,4.937540157905377,5.052795874332007,C4,C4: limit warming to 2°C (>50%)
GEM-E3_V2021,EN_NPi2020_1800,0.28451162788245987,0.5744897575765249,0.766550442594485,1.016627928262199,1.351056988877829,1.803956669948705,2.691739951349143,3.58972791301068,4.258005798879515,4.734909809878817,C5,C5: limit warming to 2.5°C (>50%)
GEM-E3_V2021,EN_NPi2020_1800f,0.28451162788245987,0.5744897575765249,0.766550442594485,1.016627928262199,1.351056988877829,1.803956669948705,2.691739951349143,3.58972791301068,4.258005798879515,4.734909809878817,C5,C5: limit warming to 2.5°C (>50%)
GEM-E3_V2021,EN_NPi2020_400f,0.28451162788245987,0.5744897570528086,1.251164407573425,1.733104094434951,3.003558670183123,3.970109725171482,4.708556643329556,5.266149303272183,5.314646170602103,5.326888242043387,C2,C2: return warming to 1.5°C (>50%) after a high overshoot
GEM-E3_V2021,EN_NPi2020_500,0.28451162788245987,0.5744897561674875,1.754350779276828,3.062307802292413,3.649656742984687,4.169137567388134,4.381973850008698,4.790567613187494,4.83514608960177,4.727547080630581,C1,C1: limit warming to 1.5°C (>50%) with no or limited overshoot
GEM-E3_V2021,EN_NPi2020_500f,0.28451162788245987,0.5744897570528086,1.172976016845321,1.627896374112779,2.837846026803965,3.933254850190222,4.707600705175313,5.228674842297545,5.298985040708524,5.223789958722835,C2,C2: return warming to 1.5°C (>50%) after a high overshoot
GEM-E3_V2021,EN_NPi2020_600,0.28451162788245987,0.5744897561674875,1.483492870085881,2.401317934547764,3.452549708795648,3.98309792667612,4.46073397657244,4.903607531194795,4.803411089437679,4.882900351790135,C2,C2: return warming to 1.5°C (>50%) after a high overshoot
GEM-E3_V2021,EN_NPi2020_600_COV,0.28451162788245987,0.5289679042230165,1.305508132102275,1.969024894581965,3.237410329070557,3.860482970795212,4.590660508019204,4.880396485051914,4.998404859942589,5.158580081149506,C1,C1: limit warming to 1.5°C (>50%) with no or limited overshoot
GEM-E3_V2021,EN_NPi2020_600f,0.28451162788245987,0.5744897570528086,1.057378619171712,1.456863312536207,2.478552260933341,3.694403713047186,4.659214678286654,5.240464602825671,5.272092774236604,5.204028467123357,C2,C2: return warming to 1.5°C (>50%) after a high overshoot
GEM-E3_V2021,EN_NPi2020_600f_COV,0.28451162788245987,0.5289679042230165,1.088126180022334,1.491711967949302,2.380741187479266,3.860487033657669,4.823222386023977,5.269257278080342,5.341529781128253,5.73143810508129,C2,C2: return warming to 1.5°C (>50%) after a high overshoot
GEM-E3_V2021,EN_NPi2020_800,0.28451162788245987,0.5744897561674875,1.228471380702186,1.71637619633345,2.778723779311901,3.753684690607679,4.320393508401029,4.823314118303818,4.845757197458162,4.867356158202723,C3,C3: limit warming to 2°C (>67%)
GEM-E3_V2021,EN_NPi2020_800f,0.28451162788245987,0.5744897570528086,0.9543125019483067,1.324472888573833,1.958418144220676,3.439175487904592,4.416262357564504,5.203930891617933,5.237188148401186,5.151988520684704,C3,C3: limit warming to 2°C (>67%)
GEM-E3_V2021,EN_NPi2100,0.28451162788245987,0.57448975704363,0.5936993223608278,0.9046491342909584,1.082066359082984,1.242801570841952,1.616435380022868,1.979685957992902,2.4867050784967,2.875373353678189,C7,C7: limit warming to 4°C (>50%)
GEM-E3_V2021,EN_NPi2100_COV,0.28451162788245987,0.5289679042230165,0.5523081412962139,0.8429834424095518,1.006764034509656,1.15248298708987,1.500349310417238,1.836303975022188,2.306741074482014,2.668049645505071,C7,C7: limit warming to 4°C (>50%)
GENeSYS-MOD 1.0,1,0.28451162788245987,0.332,0.243,0.17,0.044,2.236372208494915,2.50450329907943,2.783646499551391,2.9311455406842644,3.028776166871727,no-climate-assessment,no-climate-assessment
GMM-17,Hard_Rock,0.2452,0.2961399999999999,0.42688,0.6098899999999999,0.97868,1.31379,2.50450329907943,2.783646499551391,2.9311455406842644,3.028776166871727,no-climate-assessment,no-climate-assessment
GMM-17,Modern_Jazz,0.2452,0.35608,0.6917499999999999,1.104030000000001,1.67927,2.157230000000001,2.50450329907943,2.783646499551391,2.9311455406842644,3.028776166871727,no-climate-assessment,no-climate-assessment
GMM-17,Symphony_1.5C,0.2452,0.5196999999999999,0.96548,1.61302,2.944170000000001,5.15141,2.50450329907943,2.783646499551391,2.9311455406842644,3.028776166871727,no-climate-assessment,no-climate-assessment
GMM-17,Unfinished_Symphony,0.2452,0.3474100000000001,0.64629,1.18934,2.01138,3.09176,2.50450329907943,2.783646499551391,2.9311455406842644,3.028776166871727,no-climate-assessment,no-climate-assessment
GRAPE-15 1.0,EMF33_1.5C_cost100,0.2459,0.2582,0.2711,0.2846,0.2989,0.3138,0.3295,0.346,0.3633,0.3814,failed-vetting,failed-vetting
GRAPE-15 1.0,EMF33_1.5C_full,0.2459,0.2582,0.2711,0.2846,0.2989,0.3138,0.3295,0.346,0.3633,0.3814,failed-vetting,failed-vetting
GRAPE-15 1.0,EMF33_1.5C_nofuel,0.2459,0.2582,0.2711,0.2846,0.2989,0.3138,0.3295,0.346,0.3633,0.3814,failed-vetting,failed-vetting
GRAPE-15 1.0,EMF33_Baseline,0.2459,0.2582,0.2711,0.2846,0.2989,0.3138,0.3295,0.346,0.3633,0.3814,failed-vetting,failed-vetting
GRAPE-15 1.0,EMF33_Med2C_cost100,0.2459,0.2582,0.2711,0.2846,0.2989,0.3138,0.3295,0.346,0.3633,0.3814,failed-vetting,failed-vetting
GRAPE-15 1.0,EMF33_Med2C_full,0.2459,0.2582,0.2711,0.2846,0.2989,0.3138,0.3295,0.346,0.3633,0.3814,failed-vetting,failed-vetting
GRAPE-15 1.0,EMF33_Med2C_limbio,0.2459,0.2582,0.2711,0.2846,0.2989,0.3138,0.3295,0.346,0.3633,0.3814,failed-vetting,failed-vetting
GRAPE-15 1.0,EMF33_Med2C_nobeccs,0.2459,0.2582,0.2711,0.2846,0.2989,0.3138,0.3295,0.346,0.3633,0.3814,failed-vetting,failed-vetting
GRAPE-15 1.0,EMF33_Med2C_nofuel,0.2459,0.2582,0.2711,0.2846,0.2989,0.3138,0.3295,0.346,0.3633,0.3814,failed-vetting,failed-vetting
GRAPE-15 1.0,EMF33_Med2C_none,0.2459,0.2582,0.2711,0.2846,0.2989,0.3138,0.3295,0.346,0.3633,0.3814,failed-vetting,failed-vetting
GRAPE-15 1.0,EMF33_WB2C_cost100,0.2459,0.2582,0.2711,0.2846,0.2989,0.3138,0.3295,0.346,0.3633,0.3814,failed-vetting,failed-vetting
GRAPE-15 1.0,EMF33_WB2C_full,0.2459,0.2582,0.2711,0.2846,0.2989,0.3138,0.3295,0.346,0.3633,0.3814,failed-vetting,failed-vetting
GRAPE-15 1.0,EMF33_WB2C_limbio,0.2459,0.2582,0.2711,0.2846,0.2989,0.3138,0.3295,0.346,0.3633,0.3814,failed-vetting,failed-vetting
GRAPE-15 1.0,EMF33_WB2C_nofuel,0.2459,0.2582,0.2711,0.2846,0.2989,0.3138,0.3295,0.346,0.3633,0.3814,failed-vetting,failed-vetting
GRAPE-15 1.0,EMF33_tax_hi_full,0.2459,0.2582,0.2711,0.2846,0.2989,0.3138,0.3295,0.346,0.3633,0.3814,failed-vetting,failed-vetting
GRAPE-15 1.0,EMF33_tax_hi_none,0.2459,0.2582,0.2711,0.2846,0.2989,0.3138,0.3295,0.346,0.3633,0.3814,failed-vetting,failed-vetting
GRAPE-15 1.0,EMF33_tax_lo_full,0.2459,0.2582,0.2711,0.2846,0.2989,0.3138,0.3295,0.346,0.3633,0.3814,failed-vetting,failed-vetting
GRAPE-15 1.0,EMF33_tax_lo_none,0.2459,0.2582,0.2711,0.2846,0.2989,0.3138,0.3295,0.346,0.3633,0.3814,failed-vetting,failed-vetting
IEA Energy Technology Perspectives Model 2020,B2DS,0.2451817549961454,0.33156,1.05617498023061,1.919452194945112,2.780926015187291,3.617971308989717,4.455014420093742,2.783646499551391,2.9311455406842644,3.028776166871727,no-climate-assessment,no-climate-assessment
LUT-ESTM 2.0,BPS,0.28451162788245987,1.148399999999999,1.8108,1.674,1.3716,2.236372208494915,2.50450329907943,2.783646499551391,2.9311455406842644,3.028776166871727,failed-vetting,failed-vetting
MESSAGE-GLOBIOM 1.0,ADVANCE_2020_1.5C-2100,0.353,0.32,1.676999999999999,3.425,6.064,5.982,6.176,6.143,6.252999999999999,6.284,C1,C1: limit warming to 1.5°C (>50%) with no or limited overshoot
MESSAGE-GLOBIOM 1.0,ADVANCE_2020_Med2C,0.353,0.319,0.188999999999999,0.3,0.525,0.7929999999999989,1.226,2.283,3.467,5.146,C4,C4: limit warming to 2°C (>50%)
MESSAGE-GLOBIOM 1.0,ADVANCE_2020_WB2C,0.353,0.319,0.433,0.611,1.162,1.728,2.925,4.227,6.082999999999998,6.329,C3,C3: limit warming to 2°C (>67%)
MESSAGE-GLOBIOM 1.0,ADVANCE_2030_Med2C,0.353,0.319,0.56,0.757,1.073,1.605999999999999,2.253,3.448,5.171,6.082999999999998,C4,C4: limit warming to 2°C (>50%)
MESSAGE-GLOBIOM 1.0,ADVANCE_2030_Price1.5C,0.353,0.32,0.561,2.65,5.645,5.966,6.144,6.226,6.074,6.342000000000001,C2,C2: return warming to 1.5°C (>50%) after a high overshoot
MESSAGE-GLOBIOM 1.0,ADVANCE_2030_WB2C,0.353,0.32,0.561,2.38,3.686,4.813,5.905,6.098,6.025,6.322,C3,C3: limit warming to 2°C (>67%)
MESSAGE-GLOBIOM 1.0,ADVANCE_INDC,0.353,0.319,0.56,0.752,1.071,0.669,0.941,1.39,2.212,3.38,C5,C5: limit warming to 2.5°C (>50%)
MESSAGE-GLOBIOM 1.0,ADVANCE_NoPolicy,0.353,0.32,0.172,0.017,0.017,0.01,0.006,0.006,0.004,0.004,failed-vetting,failed-vetting
MESSAGE-GLOBIOM 1.0,ADVANCE_Reference,0.353,0.319,0.19,0.031,0.031,0.019,0.019,0.018,0.011,0.011,C6,C6: limit warming to 3°C (>50%)
MESSAGE-GLOBIOM 1.0,EMF30_BCOC-EndU,0.353,0.32,0.172,0.017,0.017,0.01,0.006,0.006,0.004,0.004,C7,C7: limit warming to 4°C (>50%)
MESSAGE-GLOBIOM 1.0,EMF30_Baseline,0.353,0.32,0.172,0.017,0.017,0.01,0.006,0.006,0.004,0.004,C7,C7: limit warming to 4°C (>50%)
MESSAGE-GLOBIOM 1.0,EMF30_CH4-Only,0.353,0.313,0.18,0.022,0.022,0.013,0.013,0.013,0.008,0.008,failed-vetting,failed-vetting
MESSAGE-GLOBIOM 1.0,EMF30_ClimPolicy,0.353,0.317,0.201,0.316,0.537,0.909,2.61,4.205,6.114,6.318,failed-vetting,failed-vetting
MESSAGE-GLOBIOM 1.0,EMF30_ClimPolicy+SLCF,0.353,0.316,0.201,0.317,0.535,0.902,1.776,3.585,5.352,6.309,failed-vetting,failed-vetting
MESSAGE-GLOBIOM 1.0,EMF30_D_BCOC-Red,0.353,0.32,0.172,0.017,0.017,0.01,0.006,0.006,0.004,0.004,C7,C7: limit warming to 4°C (>50%)
MESSAGE-GLOBIOM 1.0,EMF30_D_CH4-ClimPolicy,0.353,0.32,0.181,0.023,0.023,0.013999999999999,0.013,0.013,0.008,0.008,C7,C7: limit warming to 4°C (>50%)
MESSAGE-GLOBIOM 1.0,EMF30_D_Frozen-CH4,0.353,0.32,0.172,0.017,0.017,0.01,0.006,0.006,0.004,0.004,C7,C7: limit warming to 4°C (>50%)
MESSAGE-GLOBIOM 1.0,EMF30_D_Frozen-EF,0.353,0.32,0.172,0.017,0.017,0.01,0.006,0.006,0.004,0.004,C7,C7: limit warming to 4°C (>50%)
MESSAGE-GLOBIOM 1.0,EMF30_D_Frozen-EF-EndU,0.353,0.32,0.172,0.017,0.017,0.01,0.006,0.006,0.004,0.004,C7,C7: limit warming to 4°C (>50%)
MESSAGE-GLOBIOM 1.0,EMF30_D_Frozen-EF-SLCF,0.353,0.32,0.172,0.017,0.017,0.01,0.006,0.006,0.004,0.004,C7,C7: limit warming to 4°C (>50%)
MESSAGE-GLOBIOM 1.0,EMF30_SLCF,0.353,0.313,0.18,0.022,0.022,0.013,0.013,0.013,0.008,0.008,failed-vetting,failed-vetting
MESSAGE-GLOBIOM 1.0,EMF30_Slower-Action,0.353,0.32,0.19,0.309,0.531,0.6880000000000001,0.957,1.506,2.351,3.409,C5,C5: limit warming to 2.5°C (>50%)
MESSAGE-GLOBIOM 1.0,EMF30_Slower-Action+SLCF,0.353,0.318,0.188999999999999,0.297,0.52,0.789,1.176,1.765,2.671,3.788999999999999,failed-vetting,failed-vetting
MESSAGE-GLOBIOM 1.0,EMF30_Slower-to-faster,0.353,0.32,0.19,1.458,3.273999999999999,4.466,5.463999999999999,6.335,6.357,6.295,C2,C2: return warming to 1.5°C (>50%) after a high overshoot
MESSAGE-GLOBIOM 1.0,EMF30_Slower-to-faster+SLCF,0.353,0.318,0.188999999999999,1.252,2.909,4.448,5.29,6.335,6.352,6.292999999999997,failed-vetting,failed-vetting
MESSAGE-GLOBIOM 1.0,EMF30_Slower-to-faster+SLCF+HFC,0.353,0.318,0.188999999999999,1.254,2.91,4.449,5.291,6.335,6.307,6.298999999999999,failed-vetting,failed-vetting
MESSAGE-GLOBIOM 1.0,EMF33_1.5C_cost100,0.357841553874461,0.147840995644827,1.56385321228834,3.60826624217264,4.443911969639759,5.45611688506438,6.08108545973358,6.43704366956868,6.48746229471087,6.46634024886117,C1,C1: limit warming to 1.5°C (>50%) with no or limited overshoot
MESSAGE-GLOBIOM 1.0,EMF33_1.5C_full,0.357841553874461,0.147840995644827,1.519825959523179,3.54637131044487,4.42341895013524,5.40786934749792,5.998694320970008,6.229655616109039,6.41836699878072,6.4668142747562,C1,C1: limit warming to 1.5°C (>50%) with no or limited overshoot
MESSAGE-GLOBIOM 1.0,EMF33_Baseline,0.357841553874461,0.070236354484531,0.0,0.0,0.0,0.0,0.0,0.0,0.0,0.0,C7,C7: limit warming to 4°C (>50%)
MESSAGE-GLOBIOM 1.0,EMF33_Med2C_cost100,0.357841553874461,0.147840995644827,0.1434832248308681,0.282819468573445,0.4793723336129651,0.745709726942545,1.2060508396465,2.09173516469577,3.62795369931797,5.43537840628517,C4,C4: limit warming to 2°C (>50%)
MESSAGE-GLOBIOM 1.0,EMF33_Med2C_full,0.357841553874461,0.147840995644827,0.141468305070814,0.083779576113285,0.238098732125582,0.452998668927899,0.8329827679504531,1.63755765634281,3.47823679543136,5.18098010155745,C4,C4: limit warming to 2°C (>50%)
MESSAGE-GLOBIOM 1.0,EMF33_Med2C_limbio,0.357841553874461,0.147840995644827,0.143568940283285,0.288435524209893,0.484119951563465,0.8766675567894371,1.45047658720524,2.48267736796698,4.841089106299362,6.253014121273531,C4,C4: limit warming to 2°C (>50%)
MESSAGE-GLOBIOM 1.0,EMF33_Med2C_nobeccs,0.357841553874461,0.147840995644827,0.172820672019651,0.304179932383977,0.560014109286431,1.13439031226827,1.973090207938909,4.5008616324738,6.2413052871686,6.48038454882872,C3,C3: limit warming to 2°C (>67%)
MESSAGE-GLOBIOM 1.0,EMF33_Med2C_nofuel,0.357841553874461,0.147840995644827,0.1436487898366401,0.283265610195687,0.480855366518075,0.7483746741755841,1.1934729952899,2.15967908538711,3.62383322404564,5.05569853007946,C4,C4: limit warming to 2°C (>50%)
MESSAGE-GLOBIOM 1.0,EMF33_Med2C_none,0.357841553874461,0.147840995644827,0.314832301120208,0.489979623094349,0.7840993921933911,1.40194759028997,2.26636608822221,4.45090970509192,6.04173568996901,6.24261405074112,C3,C3: limit warming to 2°C (>67%)
MESSAGE-GLOBIOM 1.0,EMF33_WB2C_cost100,0.357841553874461,0.147840995644827,0.3151749259991811,0.4918481161040991,0.781068388726969,1.33848013094737,2.21467796523511,4.54505956128592,6.24468127786945,6.48904795419824,C2,C2: return warming to 1.5°C (>50%) after a high overshoot
MESSAGE-GLOBIOM 1.0,EMF33_WB2C_full,0.357841553874461,0.147840995644827,0.315117334564205,0.491267368002394,0.7727581671586181,1.32738931064495,2.19831252400848,4.53850054945477,6.25205136160695,6.487830912471651,C2,C2: return warming to 1.5°C (>50%) after a high overshoot
MESSAGE-GLOBIOM 1.0,EMF33_WB2C_limbio,0.357841553874461,0.147840995644827,0.371057096417525,1.25856182610115,1.892338787406219,3.00002134829908,4.707752433937049,6.17470678365335,6.38862930065468,6.48175945428287,C2,C2: return warming to 1.5°C (>50%) after a high overshoot
MESSAGE-GLOBIOM 1.0,EMF33_WB2C_nofuel,0.357841553874461,0.147840995644827,0.315209472964101,0.491587816781092,0.7884903804021851,1.32717863113719,2.20742396918219,4.4291154833513,6.00828449258558,6.385215755247098,C2,C2: return warming to 1.5°C (>50%) after a high overshoot
MESSAGE-GLOBIOM 1.0,EMF33_tax_hi_full,0.357841553874461,0.070236354484531,0.150362034093432,0.2859824333625539,0.481458091125669,0.8654717202418921,1.44214219372573,3.19452994891139,4.83149151281603,6.24829674806682,C3,C3: limit warming to 2°C (>67%)
MESSAGE-GLOBIOM 1.0,EMF33_tax_hi_none,0.357841553874461,0.070236354484531,0.1503015456921231,0.285852603615474,0.492512581091514,0.871695044108561,1.47487249868743,3.302411271560109,4.877121243819651,6.03473375783903,C4,C4: limit warming to 2°C (>50%)
MESSAGE-GLOBIOM 1.0,EMF33_tax_lo_full,0.357841553874461,0.070236354484531,0.127906290388626,0.075594819834842,0.051151905404542,0.120363079049899,0.08745568133156,0.26763776059236,0.6688357131357979,1.47900097092625,C5,C5: limit warming to 2.5°C (>50%)
MESSAGE-GLOBIOM 1.0,EMF33_tax_lo_none,0.357841553874461,0.070236354484531,0.128390745174919,0.0756972292452509,0.050914205142734,0.122323411921479,0.089354671978565,0.269882611951301,0.6359469706439641,1.440926651630649,C5,C5: limit warming to 2.5°C (>50%)
MESSAGE-GLOBIOM 1.0,SSP1-19,0.353,0.32,0.402999999999999,1.085,2.252,3.47,4.89,5.758999999999999,6.478,6.289,failed-vetting,failed-vetting
MESSAGE-GLOBIOM 1.0,SSP1-26,0.353,0.319,0.188,0.286,0.52,0.856,1.418,2.249,3.093,4.263999999999999,C4,C4: limit warming to 2°C (>50%)
MESSAGE-GLOBIOM 1.0,SSP1-34,0.353,0.32,0.188999999999999,0.081999999999999,0.096,0.337999999999999,0.636,1.269,2.029,2.891,C5,C5: limit warming to 2.5°C (>50%)
MESSAGE-GLOBIOM 1.0,SSP1-45,0.353,0.32,0.181,0.023,0.023,0.018,0.068,0.305,0.682,1.306,C6,C6: limit warming to 3°C (>50%)
MESSAGE-GLOBIOM 1.0,SSP1-Baseline,0.353,0.32,0.172,0.017,0.017,0.01,0.006,0.006,0.039,0.038,C7,C7: limit warming to 4°C (>50%)
MESSAGE-GLOBIOM 1.0,SSP2-19,0.353,0.319,0.763,2.349,3.573,4.744,5.864,6.021,6.188,6.295,C1,C1: limit warming to 1.5°C (>50%) with no or limited overshoot
MESSAGE-GLOBIOM 1.0,SSP2-26,0.353,0.319,0.188,0.314,0.546,0.8320000000000001,1.474,3.058999999999999,4.672,6.072999999999999,C3,C3: limit warming to 2°C (>67%)
MESSAGE-GLOBIOM 1.0,SSP2-34,0.353,0.319,0.188999999999999,0.031,0.209,0.44,0.718,1.242,2.194,3.988,C5,C5: limit warming to 2.5°C (>50%)
MESSAGE-GLOBIOM 1.0,SSP2-45,0.353,0.319,0.181,0.023,0.023,0.013999999999999,0.013,0.079,0.5650000000000001,1.237,C6,C6: limit warming to 3°C (>50%)
MESSAGE-GLOBIOM 1.0,SSP2-60,0.353,0.32,0.163999999999999,0.012,0.012,0.006999999999999,0.004,0.004,0.004,0.003,C7,C7: limit warming to 4°C (>50%)
MESSAGE-GLOBIOM 1.0,SSP2-Baseline,0.353,0.32,0.159,0.0,0.0,0.0,0.0,0.0,0.0,0.0,C7,C7: limit warming to 4°C (>50%)
MESSAGE-GLOBIOM 1.0,SSP3-34,0.353,0.318,0.418,0.588,0.889,1.415,2.211,3.205,3.842,4.814,C4,C4: limit warming to 2°C (>50%)
MESSAGE-GLOBIOM 1.0,SSP3-45,0.353,0.319,0.407,0.5710000000000001,0.857,1.23,1.990999999999999,2.947,4.177,4.788,C5,C5: limit warming to 2.5°C (>50%)
MESSAGE-GLOBIOM 1.0,SSP3-60,0.353,0.32,0.188,0.031,0.209,0.429,0.888,1.585,2.419,3.147,C6,C6: limit warming to 3°C (>50%)
MESSAGE-GLOBIOM 1.0,SSP3-Baseline,0.353,0.32,0.158,0.0,0.0,0.0,0.005,0.168,0.386,0.648,failed-vetting,failed-vetting
MESSAGEix-GLOBIOM 1.0,CD-LINKS_INDC2030i_1600,0.357841553874461,0.239242339333528,0.197196944519185,0.117639465419881,0.275327008124813,0.507777059562284,0.98890636287572,1.85853579999645,3.63362042075093,4.88521956626641,C4,C4: limit warming to 2°C (>50%)
MESSAGEix-GLOBIOM 1.0,CD-LINKS_INDCi,0.357841553874461,0.239242339333528,0.197196944519185,0.117505892928283,0.078361856678783,0.062870464072299,0.037796290124806,0.027723916487255,0.027660479698057,0.018171431170933,C7,C7: limit warming to 4°C (>50%)
MESSAGEix-GLOBIOM 1.0,CD-LINKS_NDC2030i_1000,0.357841553874461,0.239242339333528,0.197196944519185,0.762094397841742,1.412118224940629,2.03759775295163,3.547541389907649,4.72732926038477,6.085591774099951,6.489462616055111,C2,C2: return warming to 1.5°C (>50%) after a high overshoot
MESSAGEix-GLOBIOM 1.0,CD-LINKS_NPi,0.357841553874461,0.239242339333528,0.143423520173326,0.0857875534689849,0.053265408587964,0.046858052057979,0.030535841209359,0.022166765279345,0.022165621219213,0.017893612019305,C7,C7: limit warming to 4°C (>50%)
MESSAGEix-GLOBIOM 1.0,CD-LINKS_NPi2020_1000,0.357841553874461,0.239242339333528,0.1917604790960681,0.330927846923968,0.528593064955577,0.8603588900970691,1.47093827374233,3.21787735876881,4.78221839521208,6.245665967821598,C2,C2: return warming to 1.5°C (>50%) after a high overshoot
MESSAGEix-GLOBIOM 1.0,CD-LINKS_NPi2020_1600,0.357841553874461,0.239242339333528,0.163999950935773,0.097724565481438,0.247035686412726,0.462618173480097,0.771589510616817,1.62341586683898,3.34221137458156,4.71741472374114,C4,C4: limit warming to 2°C (>50%)
MESSAGEix-GLOBIOM 1.0,CD-LINKS_NPi2020_400,0.357841553874461,0.239242339333528,1.039749929099449,2.97971938133398,4.08138989873436,4.62603172344682,5.413961768013579,6.08755423306151,6.48185813924521,6.48235417779866,C1,C1: limit warming to 1.5°C (>50%) with no or limited overshoot
MESSAGEix-GLOBIOM 1.0,CD-LINKS_NoPolicy,0.357841553874461,0.214214004019654,0.128173737225368,0.07655237284774,0.047647902369888,0.04514561340373,0.029552574525481,0.021536559071587,0.021532764182645,0.017707054473701,C7,C7: limit warming to 4°C (>50%)
MESSAGEix-GLOBIOM 1.0,LowEnergyDemand_1.3_IPCC,0.3578787047146719,0.2525068439006043,0.6316785165319267,0.8427355629586224,1.343856511982044,1.689594162196561,2.362434362293261,3.30587103010428,2.790748041918041,2.208692763926573,C1,C1: limit warming to 1.5°C (>50%) with no or limited overshoot
MESSAGEix-GLOBIOM_1.0,CO_2Deg2020,0.3578415538744608,0.226142352527261,0.176970784065285,0.3967957930513457,0.694433987259165,1.125374546192794,2.185385903324344,4.198273376170299,5.760397339192598,6.192327537000631,failed-vetting,failed-vetting
MESSAGEix-GLOBIOM_1.0,CO_2Deg2030,0.3578415538744608,0.226142352527261,0.1733810102159086,0.6163146781181191,2.25128560202513,3.212802876818646,4.351582114253561,5.599040830560888,5.834849520554013,6.048067565004088,failed-vetting,failed-vetting
MESSAGEix-GLOBIOM_1.0,CO_BAU,0.3578415538744608,0.2142217642702459,0.1280981237502749,0.0764295734947433,0.0476140109674179,0.0450620948203237,0.0295159381010166,0.0215403286476835,0.0206958360351248,0.0172039436422965,failed-vetting,failed-vetting
MESSAGEix-GLOBIOM_1.0,CO_Bridge,0.3578415538744608,0.226142352527261,0.8957007515548601,1.242688622280589,1.698926088639054,2.304224350450466,3.2783872061798,4.653483107484263,5.787932877570507,6.048149602013887,failed-vetting,failed-vetting
MESSAGEix-GLOBIOM_1.0,CO_CurPol,0.3578415538744608,0.226142352527261,0.1353248278032962,0.0809173459341223,0.0501597256145301,0.0437484893909997,0.0288335992490098,0.0211486344673705,0.0203059725722079,0.016374272188033,failed-vetting,failed-vetting
MESSAGEix-GLOBIOM_1.0,CO_GPP,0.3578415538744608,0.226142352527261,0.9875529962025132,1.116162195727709,1.07972176604002,1.022589241441388,1.310371710920061,1.678858188179776,1.639151666377026,1.623850031864529,failed-vetting,failed-vetting
MESSAGEix-GLOBIOM_1.0,CO_NDC_2050convergence,0.3578415538744608,0.226142352527261,0.1733810102159086,0.394928509727492,0.679511445886055,1.02031797858947,1.456426643663424,2.035906565832319,2.949653042626439,3.82055069511312,failed-vetting,failed-vetting
MESSAGEix-GLOBIOM_1.0,CO_NDCplus,0.3578415538744608,0.226142352527261,0.1733810102159086,0.3807684300544866,0.6491179846006949,0.9857080293468428,1.401812478868651,1.911078495780115,2.536908377913316,3.240481081089536,failed-vetting,failed-vetting
MESSAGEix-GLOBIOM_1.1,EN_INDCi2030_1000,0.3578932322696901,0.3237679524219866,0.2880675284008359,1.463455790827193,2.890299712157176,4.641609479069127,5.29971423722295,6.032511523198851,6.451561292509324,6.431025584337168,C3,C3: limit warming to 2°C (>67%)
MESSAGEix-GLOBIOM_1.1,EN_INDCi2030_1000_COV,0.3578932322696901,0.2257688389091486,0.2656668155499891,1.384529418475116,2.752869710995538,4.445479488126499,5.343954742987123,6.089212663341648,6.442654513791297,6.258698085051212,C3,C3: limit warming to 2°C (>67%)
MESSAGEix-GLOBIOM_1.1,EN_INDCi2030_1000_COV_NDCp,0.3578932322696901,0.2257688389091486,0.2630532055038382,1.375196951684104,2.753292448362978,4.236612787220601,5.327803029213626,6.078067870204831,6.450601118207667,6.267433058276734,C3,C3: limit warming to 2°C (>67%)
MESSAGEix-GLOBIOM_1.1,EN_INDCi2030_1000_NDCp,0.3578932322696901,0.3237679524219866,0.2876234359235347,1.458843091774006,2.880692960240204,4.644730371428196,5.302210890788123,6.033272270635868,6.451733932924451,6.432180861718977,C3,C3: limit warming to 2°C (>67%)
MESSAGEix-GLOBIOM_1.1,EN_INDCi2030_1000f,0.3578932322696901,0.3237679524219866,0.2880675284008359,1.346211276996277,2.668992075875434,4.370954490130616,5.592242838656019,6.479587210996244,6.485346124405027,5.715064182398112,C4,C4: limit warming to 2°C (>50%)
MESSAGEix-GLOBIOM_1.1,EN_INDCi2030_1000f_COV,0.3578932322696901,0.2257688389091486,0.2656668155499891,1.175393277054674,2.507971175599906,4.200589811466774,5.434343743383536,6.471370142173235,6.485045365956828,6.319510869515526,C3,C3: limit warming to 2°C (>67%)
MESSAGEix-GLOBIOM_1.1,EN_INDCi2030_1000f_COV_NDCp,0.3578932322696901,0.2257688389091486,0.2630532055038382,1.111336577753832,2.449227664316068,4.123031550925131,5.031096189742745,6.009493811379341,6.485234630622808,6.349374420613556,C3,C3: limit warming to 2°C (>67%)
MESSAGEix-GLOBIOM_1.1,EN_INDCi2030_1000f_NDCp,0.3578932322696901,0.3237679524219866,0.2876234359235347,1.34523701653876,2.668080772907484,4.368483382003222,5.59158567456533,6.477750763677487,6.485373817149902,5.715007229528913,C4,C4: limit warming to 2°C (>50%)
MESSAGEix-GLOBIOM_1.1,EN_INDCi2030_1200,0.3578932322696901,0.3237679524219866,0.2880675284008359,1.345183668995158,2.689029774780944,4.385529977974044,5.302232676837075,6.081411563425347,6.450874384447029,6.443668462880808,C4,C4: limit warming to 2°C (>50%)
MESSAGEix-GLOBIOM_1.1,EN_INDCi2030_1200_COV,0.3578932322696901,0.2257688389091486,0.2656668155499891,1.248937842537101,2.541525198926935,4.186142201744867,5.04819052569715,5.974273597484272,6.448376406467903,6.270683835836258,C3,C3: limit warming to 2°C (>67%)
MESSAGEix-GLOBIOM_1.1,EN_INDCi2030_1200_COV_NDCp,0.3578932322696901,0.2257688389091486,0.2630532055038382,1.203159275014203,2.512144014149296,4.195301166730984,5.055543831197876,5.986657031980203,6.442988670551797,6.274181176347539,C3,C3: limit warming to 2°C (>67%)
MESSAGEix-GLOBIOM_1.1,EN_INDCi2030_1200_NDCp,0.3578932322696901,0.3237679524219866,0.2876234359235347,1.346195422630839,2.69378468526746,4.409594522662048,5.316003503788867,6.091430551975823,6.444598589004379,6.437874292494309,C4,C4: limit warming to 2°C (>50%)
MESSAGEix-GLOBIOM_1.1,EN_INDCi2030_1200f,0.3578932322696901,0.3237679524219866,0.2880675284008359,1.087465510335061,2.477129442652921,3.948055621499975,4.798872049480922,5.695854045155439,6.484869132325128,6.483544357249437,C4,C4: limit warming to 2°C (>50%)
MESSAGEix-GLOBIOM_1.1,EN_INDCi2030_1200f_COV,0.3578932322696901,0.2257688389091486,0.2656668155499891,0.8002436455947867,2.110727475641103,3.685106671834579,4.796402765349038,5.686276598457903,6.484306162426297,6.329626996126303,C4,C4: limit warming to 2°C (>50%)
MESSAGEix-GLOBIOM_1.1,EN_INDCi2030_1200f_COV_NDCp,0.3578932322696901,0.2257688389091486,0.2630532055038382,0.8792406826897026,2.209405283239678,3.802876197998697,4.782612282760378,5.690630269127608,6.484463330018273,6.300186958230084,C4,C4: limit warming to 2°C (>50%)
MESSAGEix-GLOBIOM_1.1,EN_INDCi2030_1200f_NDCp,0.3578932322696901,0.3237679524219866,0.2876234359235347,1.090388006481242,2.522949150749611,4.015188311458738,4.884276747487127,5.695933232142625,6.48521654425541,6.482816639783597,C4,C4: limit warming to 2°C (>50%)
MESSAGEix-GLOBIOM_1.1,EN_INDCi2030_1400,0.3578932322696901,0.3237679524219866,0.2880675284008359,1.088458556958448,2.478352543559398,3.933269554974383,4.790681485841931,5.662726272025208,6.431799627601639,6.420046278697694,C4,C4: limit warming to 2°C (>50%)
MESSAGEix-GLOBIOM_1.1,EN_INDCi2030_1400_COV,0.3578932322696901,0.2257688389091486,0.2656668155499891,0.7466637915658642,2.035878147517064,3.48002912253556,4.729547504002944,5.595013383802122,6.337643007820782,6.416504741676554,C4,C4: limit warming to 2°C (>50%)
MESSAGEix-GLOBIOM_1.1,EN_INDCi2030_1400_COV_NDCp,0.3578932322696901,0.2257688389091486,0.2630532055038382,0.7304743362555214,2.037023864004499,3.700742710223759,4.88660847946421,5.678898628065661,6.428276703913908,6.409640126717593,C4,C4: limit warming to 2°C (>50%)
MESSAGEix-GLOBIOM_1.1,EN_INDCi2030_1400_NDCp,0.3578932322696901,0.3237679524219866,0.2876234359235347,1.088139914301579,2.476643263845439,3.933355640315681,4.792675520755642,5.664892166300401,6.434815201318284,6.426113480125441,C4,C4: limit warming to 2°C (>50%)
MESSAGEix-GLOBIOM_1.1,EN_INDCi2030_1400f,0.3578932322696901,0.3237679524219866,0.2880675284008359,0.6684234203657202,1.969457463909844,3.294313856740705,4.837434063420641,5.682496166673548,6.484104623543787,6.481443596919489,C4,C4: limit warming to 2°C (>50%)
MESSAGEix-GLOBIOM_1.1,EN_INDCi2030_1400f_COV,0.3578932322696901,0.2257688389091486,0.2656668155499891,0.5495813308054,1.562747160715994,2.910806057668421,4.351554030208966,5.073977940653453,5.741252771133317,6.479838913327409,C4,C4: limit warming to 2°C (>50%)
MESSAGEix-GLOBIOM_1.1,EN_INDCi2030_1400f_COV_NDCp,0.3578932322696901,0.2257688389091486,0.2630532055038382,0.5496232407965205,1.534804522112733,2.85749950408931,4.483654703163809,5.325720358527744,6.046190204029859,6.479188366727977,C4,C4: limit warming to 2°C (>50%)
MESSAGEix-GLOBIOM_1.1,EN_INDCi2030_1400f_NDCp,0.3578932322696901,0.3237679524219866,0.2876234359235347,0.7302273177996828,2.04386260298385,3.434851766834622,4.898697854336852,5.680913010021044,6.483802821730762,6.481182459040378,C4,C4: limit warming to 2°C (>50%)
MESSAGEix-GLOBIOM_1.1,EN_INDCi2030_1600,0.3578932322696901,0.3237679524219866,0.2880675284008359,0.6180758520929868,1.809232949576828,3.182756570588847,4.374783074436248,5.030367808857249,5.653306493231816,6.417648901041887,C5,C5: limit warming to 2.5°C (>50%)
MESSAGEix-GLOBIOM_1.1,EN_INDCi2030_1600_COV,0.3578932322696901,0.2257688389091486,0.2656668155499891,0.5473365421026068,1.536305540942331,2.70430364199558,4.268139859769416,5.051929590286033,5.67682366307268,6.172834031919818,C4,C4: limit warming to 2°C (>50%)
MESSAGEix-GLOBIOM_1.1,EN_INDCi2030_1600_COV_NDCp,0.3578932322696901,0.2257688389091486,0.2630532055038382,0.5469393498911687,1.535368293240976,2.707024538204007,4.271395485372001,5.061150151824146,5.687162140229949,6.173499185838499,C4,C4: limit warming to 2°C (>50%)
MESSAGEix-GLOBIOM_1.1,EN_INDCi2030_1600_NDCp,0.3578932322696901,0.3237679524219866,0.2876234359235347,0.6179807122702814,1.808569211399174,3.17896996270865,4.370744806799559,5.026677994409606,5.644706574667987,6.415927035666753,C5,C5: limit warming to 2.5°C (>50%)
MESSAGEix-GLOBIOM_1.1,EN_INDCi2030_1600f,0.3578932322696901,0.3237679524219866,0.2880675284008359,0.5542151408115603,1.548860220970564,2.743422889411162,4.286834563783181,5.067457139573059,5.746677849343117,6.479122895463761,C5,C5: limit warming to 2.5°C (>50%)
MESSAGEix-GLOBIOM_1.1,EN_INDCi2030_1600f_COV,0.3578932322696901,0.2257688389091486,0.2656668155499891,0.4745705152681507,1.365009585474574,2.457740262496634,4.141484750225231,5.058826467062301,5.728900562829324,6.476076652640279,C5,C5: limit warming to 2.5°C (>50%)
MESSAGEix-GLOBIOM_1.1,EN_INDCi2030_1600f_COV_NDCp,0.3578932322696901,0.2257688389091486,0.2630532055038382,0.4820211562699396,1.374664923824404,2.471215849200473,4.143099422401159,5.060901378998543,5.729599540744073,6.479847898124727,C5,C5: limit warming to 2.5°C (>50%)
MESSAGEix-GLOBIOM_1.1,EN_INDCi2030_1600f_NDCp,0.3578932322696901,0.3237679524219866,0.2876234359235347,0.5542769248549573,1.5475451284921,2.740560858880568,4.279292487075335,5.067899144004729,5.747167207468461,6.4790490734221,C5,C5: limit warming to 2.5°C (>50%)
MESSAGEix-GLOBIOM_1.1,EN_INDCi2030_1800,0.3578932322696901,0.3237679524219866,0.2880675284008359,0.5426637142837577,1.446616714271187,2.627855871521611,4.155374766591279,5.060302394359968,5.698980191000673,6.424871915129476,C5,C5: limit warming to 2.5°C (>50%)
MESSAGEix-GLOBIOM_1.1,EN_INDCi2030_1800_COV,0.3578932322696901,0.2257688389091486,0.2656668155499891,0.4641950154356353,1.129698965780966,2.264729623848587,3.986874906001672,5.026007110432386,5.690692113867101,6.172289783388685,C5,C5: limit warming to 2.5°C (>50%)
MESSAGEix-GLOBIOM_1.1,EN_INDCi2030_1800_COV_NDCp,0.3578932322696901,0.2257688389091486,0.2630532055038382,0.4639713920965172,1.084783092928473,2.204503400668863,3.903583841271238,5.009068947842154,5.672542791736303,6.170170074746514,C5,C5: limit warming to 2.5°C (>50%)
MESSAGEix-GLOBIOM_1.1,EN_INDCi2030_1800_NDCp,0.3578932322696901,0.3237679524219866,0.2876234359235347,0.5425287922985529,1.445567888408972,2.626039570643953,4.15255480961122,5.058284965179998,5.699936192516042,6.424533271326682,C5,C5: limit warming to 2.5°C (>50%)
MESSAGEix-GLOBIOM_1.1,EN_INDCi2030_1800f,0.3578932322696901,0.3237679524219866,0.2880675284008359,0.4798045471339494,1.261457576731035,2.378882963120813,4.132121888952091,5.039866322906014,5.722548478197897,6.476656756821315,C5,C5: limit warming to 2.5°C (>50%)
MESSAGEix-GLOBIOM_1.1,EN_INDCi2030_1800f_COV,0.3578932322696901,0.2257688389091486,0.2656668155499891,0.4641263927628524,0.997721277046454,2.152646768771358,3.816028250449254,4.973792560823988,5.674351381062492,6.465547778542925,C5,C5: limit warming to 2.5°C (>50%)
MESSAGEix-GLOBIOM_1.1,EN_INDCi2030_1800f_COV_NDCp,0.3578932322696901,0.2257688389091486,0.2630532055038382,0.4638410229530294,0.9977419629558144,2.154159360177711,3.664452730604774,4.9733100423425,5.654105379361727,6.447835457385022,C5,C5: limit warming to 2.5°C (>50%)
MESSAGEix-GLOBIOM_1.1,EN_INDCi2030_1800f_NDCp,0.3578932322696901,0.3237679524219866,0.2876234359235347,0.4867577813942182,1.290197326577446,2.388277232340203,4.131311987737108,5.039348863119217,5.722754805847454,6.475690080289258,C5,C5: limit warming to 2.5°C (>50%)
MESSAGEix-GLOBIOM_1.1,EN_INDCi2030_2000,0.3578932322696901,0.3237679524219866,0.2880675284008359,0.4812323778289699,1.032559177915655,2.196901202457377,3.945850662066304,4.973300537129049,5.643952871076232,6.425965838092775,C5,C5: limit warming to 2.5°C (>50%)
MESSAGEix-GLOBIOM_1.1,EN_INDCi2030_2000_COV,0.3578932322696901,0.2257688389091486,0.2656668155499891,0.3407777476049259,0.6614002300191748,1.663830932742403,3.140645019835114,4.907557945418112,5.622624522080252,6.176419031822588,C5,C5: limit warming to 2.5°C (>50%)
MESSAGEix-GLOBIOM_1.1,EN_INDCi2030_2000_COV_NDCp,0.3578932322696901,0.2257688389091486,0.2630532055038382,0.3405544165769373,0.7075847126195046,1.731093777490805,3.223006365155972,4.90540287776952,5.620707187709568,6.181506003180901,C5,C5: limit warming to 2.5°C (>50%)
MESSAGEix-GLOBIOM_1.1,EN_INDCi2030_2000_NDCp,0.3578932322696901,0.3237679524219866,0.2876234359235347,0.4809710404103009,1.035083324427944,2.201051830514397,3.954817300321237,4.984015989377612,5.645080654662554,6.424900054394379,C5,C5: limit warming to 2.5°C (>50%)
MESSAGEix-GLOBIOM_1.1,EN_INDCi2030_2000f,0.3578932322696901,0.3237679524219866,0.2880675284008359,0.481261942560649,0.9443545907097044,2.090827433594699,3.360940475008616,5.110851050697447,5.817848588845525,6.448791712058977,C5,C5: limit warming to 2.5°C (>50%)
MESSAGEix-GLOBIOM_1.1,EN_INDCi2030_2000f_COV,0.3578932322696901,0.2257688389091486,0.2656668155499891,0.4163046739220483,0.7536360051060489,1.77719807175542,3.149695567958103,4.908143131293347,5.632113852204237,6.428926098580899,C5,C5: limit warming to 2.5°C (>50%)
MESSAGEix-GLOBIOM_1.1,EN_INDCi2030_2000f_COV_NDCp,0.3578932322696901,0.2257688389091486,0.2630532055038382,0.3404680433551007,0.6612424771694667,1.664749832202157,3.150175514553946,4.908113946512828,5.628716218453651,6.42243818000192,C5,C5: limit warming to 2.5°C (>50%)
MESSAGEix-GLOBIOM_1.1,EN_INDCi2030_2000f_NDCp,0.3578932322696901,0.3237679524219866,0.2876234359235347,0.4809977293812281,0.9437230993385896,2.090641054004756,3.360587463105274,4.964052641698653,5.63734938917871,6.447767579097069,C5,C5: limit warming to 2.5°C (>50%)
MESSAGEix-GLOBIOM_1.1,EN_INDCi2030_2500,0.3578932322696901,0.3237679524219866,0.2880675284008359,0.2756696799089902,0.5619869640686764,1.460866516882553,2.749643634727319,4.394599076149369,5.026635404694963,5.687637238108454,C5,C5: limit warming to 2.5°C (>50%)
MESSAGEix-GLOBIOM_1.1,EN_INDCi2030_2500_COV,0.3578932322696901,0.2257688389091486,0.2656668155499891,0.1843279583011071,0.4133973737078722,1.053045115757161,2.347238164986504,4.197741864894352,4.949294742336236,5.622734654232597,C5,C5: limit warming to 2.5°C (>50%)
MESSAGEix-GLOBIOM_1.1,EN_INDCi2030_2500_COV_NDCp,0.3578932322696901,0.2257688389091486,0.2630532055038382,0.1843490123434897,0.4211569856750037,1.005929111460618,2.263123363740546,4.157106982023103,4.888309479852889,5.543861719175403,C5,C5: limit warming to 2.5°C (>50%)
MESSAGEix-GLOBIOM_1.1,EN_INDCi2030_2500_NDCp,0.3578932322696901,0.3237679524219866,0.2876234359235347,0.259470177038618,0.5418443330430265,1.435937585701529,2.718690287163702,4.338729385795443,4.959420996785191,5.604880870511064,C5,C5: limit warming to 2.5°C (>50%)
MESSAGEix-GLOBIOM_1.1,EN_INDCi2030_2500f,0.3578932322696901,0.3237679524219866,0.2880675284008359,0.3329928435730388,0.6306358803524653,1.545843354386206,2.853193671869453,4.586541392537696,5.26100577974127,5.97589067926901,C5,C5: limit warming to 2.5°C (>50%)
MESSAGEix-GLOBIOM_1.1,EN_INDCi2030_2500f_COV,0.3578932322696901,0.2257688389091486,0.2656668155499891,0.1842078101576312,0.4134914919651826,1.052627581156285,2.304432742782342,4.105176042846105,4.83943150041275,5.486566053022704,C5,C5: limit warming to 2.5°C (>50%)
MESSAGEix-GLOBIOM_1.1,EN_INDCi2030_2500f_COV_NDCp,0.3578932322696901,0.2257688389091486,0.2630532055038382,0.186802422339378,0.4226622105976313,1.00660392705312,2.248718333795792,4.126447967056973,4.853611014263135,5.484620595066842,C5,C5: limit warming to 2.5°C (>50%)
MESSAGEix-GLOBIOM_1.1,EN_INDCi2030_2500f_NDCp,0.3578932322696901,0.3237679524219866,0.2876234359235347,0.2595042120306609,0.5408762650976642,1.436429102489455,2.72010039258841,4.340446372522526,4.96055461906203,5.60933457440791,C5,C5: limit warming to 2.5°C (>50%)
MESSAGEix-GLOBIOM_1.1,EN_INDCi2030_3000,0.3578932322696901,0.3237679524219866,0.2880675284008359,0.1886508770284401,0.4086008369492263,0.7691833867012885,1.859287329339315,3.669110732867126,4.857601931905233,5.568574755292477,C6,C6: limit warming to 3°C (>50%)
MESSAGEix-GLOBIOM_1.1,EN_INDCi2030_3000_COV,0.3578932322696901,0.2257688389091486,0.2656668155499891,0.1725489736777565,0.3699725695790478,0.7207510400067246,1.690295776977818,3.61340180263602,4.761088226324397,5.447204444016258,C6,C6: limit warming to 3°C (>50%)
MESSAGEix-GLOBIOM_1.1,EN_INDCi2030_3000_COV_NDCp,0.3578932322696901,0.2257688389091486,0.2630532055038382,0.1724647407443858,0.3843074588932821,0.7377638915990041,1.691998451853477,3.613632677007144,4.764353104003775,5.458552775222523,C6,C6: limit warming to 3°C (>50%)
MESSAGEix-GLOBIOM_1.1,EN_INDCi2030_3000_NDCp,0.3578932322696901,0.3237679524219866,0.2876234359235347,0.1884832611846832,0.4089072325010301,0.7685208610371426,1.858186735800146,3.668288344071454,4.856195692808398,5.563007479036995,C6,C6: limit warming to 3°C (>50%)
MESSAGEix-GLOBIOM_1.1,EN_INDCi2030_3000f,0.3578932322696901,0.3237679524219866,0.2880675284008359,0.1911124030527401,0.4101138551679053,0.7690397435261179,1.858452595726528,3.667904967438452,4.86116604938714,5.566836579649392,C6,C6: limit warming to 3°C (>50%)
MESSAGEix-GLOBIOM_1.1,EN_INDCi2030_3000f_COV,0.3578932322696901,0.2257688389091486,0.2656668155499891,0.172541027764871,0.3835392917868759,0.7389263848133699,1.692303451141277,3.613150342217154,4.760678176585058,5.454452847564548,C6,C6: limit warming to 3°C (>50%)
MESSAGEix-GLOBIOM_1.1,EN_INDCi2030_3000f_COV_NDCp,0.3578932322696901,0.2257688389091486,0.2630532055038382,0.1759450911215334,0.3883493452730198,0.7420492314777208,1.690592713847631,3.608846018603515,4.761060290016784,5.454640300170223,C6,C6: limit warming to 3°C (>50%)
MESSAGEix-GLOBIOM_1.1,EN_INDCi2030_3000f_NDCp,0.3578932322696901,0.3237679524219866,0.2876234359235347,0.188442983740561,0.4087767361755661,0.7685900507262321,1.857800113279837,3.668441158748365,4.861427342477147,5.571850784600517,C6,C6: limit warming to 3°C (>50%)
MESSAGEix-GLOBIOM_1.1,EN_INDCi2030_600f_COV,0.3578932322696901,0.2257688389091486,0.2656668155499891,1.390221711989403,2.767586193658412,4.500605807725348,5.291486481301698,6.034090832210813,6.493305725892026,6.271757277471067,C2,C2: return warming to 1.5°C (>50%) after a high overshoot
MESSAGEix-GLOBIOM_1.1,EN_INDCi2030_600f_COV_NDCp,0.3578932322696901,0.2257688389091486,0.2630532055038382,1.421950574676363,2.805862445826135,4.555799778284337,5.675134348212874,6.493050677980237,6.492952789088624,6.373297340022004,C2,C2: return warming to 1.5°C (>50%) after a high overshoot
MESSAGEix-GLOBIOM_1.1,EN_INDCi2030_700f,0.3578932322696901,0.3237679524219866,0.2880675284008359,1.453923507609323,2.859807831362414,4.603657314471071,5.31163175338927,6.065316954835698,6.495729987738642,6.490599944419088,C2,C2: return warming to 1.5°C (>50%) after a high overshoot
MESSAGEix-GLOBIOM_1.1,EN_INDCi2030_700f_COV,0.3578932322696901,0.2257688389091486,0.2656668155499891,1.368861314358346,2.744884502901484,4.427922813044375,5.658119627898882,6.487020850465615,6.487029574590148,6.375705124923774,C2,C2: return warming to 1.5°C (>50%) after a high overshoot
MESSAGEix-GLOBIOM_1.1,EN_INDCi2030_700f_COV_NDCp,0.3578932322696901,0.2257688389091486,0.2630532055038382,1.375268711471394,2.753624331033172,4.431469122681107,5.666574929501604,6.486355295088517,6.486986674625524,6.32334705307108,C2,C2: return warming to 1.5°C (>50%) after a high overshoot
MESSAGEix-GLOBIOM_1.1,EN_INDCi2030_700f_NDCp,0.3578932322696901,0.3237679524219866,0.2876234359235347,1.452715251588897,2.859810917503506,4.603351096692689,5.477581937264797,6.263928339485931,6.495530957977403,6.490025375603436,C2,C2: return warming to 1.5°C (>50%) after a high overshoot
MESSAGEix-GLOBIOM_1.1,EN_INDCi2030_800f,0.3578932322696901,0.3237679524219866,0.2880675284008359,1.414939211079732,2.814039515866642,4.443408091804624,5.659187424970584,6.48752804999744,6.491955821767947,6.487023509239824,C3,C3: limit warming to 2°C (>67%)
MESSAGEix-GLOBIOM_1.1,EN_INDCi2030_800f_COV,0.3578932322696901,0.2257688389091486,0.2656668155499891,1.294670169107643,2.608074015953076,4.335576952992163,5.615709817342006,6.477895052916931,6.487250191991397,6.475221135452529,C3,C3: limit warming to 2°C (>67%)
MESSAGEix-GLOBIOM_1.1,EN_INDCi2030_800f_COV_NDCp,0.3578932322696901,0.2257688389091486,0.2630532055038382,1.296865192656216,2.622380717591921,4.233375526564749,5.612683483607934,6.48575166111237,6.487106478851214,6.235852081379608,C3,C3: limit warming to 2°C (>67%)
MESSAGEix-GLOBIOM_1.1,EN_INDCi2030_800f_NDCp,0.3578932322696901,0.3237679524219866,0.2876234359235347,1.419611087320294,2.823594069579777,4.455785251600193,5.665440655773392,6.487322437004272,6.491363362465681,6.486285017152513,C3,C3: limit warming to 2°C (>67%)
MESSAGEix-GLOBIOM_1.1,EN_INDCi2030_900f,0.3578932322696901,0.3237679524219866,0.2880675284008359,1.357839086608239,2.712552707709427,4.419607532254091,5.630529630258899,6.471839571424843,6.489519864624827,6.405725302178692,C3,C3: limit warming to 2°C (>67%)
MESSAGEix-GLOBIOM_1.1,EN_INDCi2030_900f_COV,0.3578932322696901,0.2257688389091486,0.2656668155499891,1.29548820858013,2.60126228276002,3.967893958896074,5.550283335878497,6.465808483205055,6.485473444786283,5.711511302880304,C3,C3: limit warming to 2°C (>67%)
MESSAGEix-GLOBIOM_1.1,EN_INDCi2030_900f_COV_NDCp,0.3578932322696901,0.2257688389091486,0.2630532055038382,1.294340761791688,2.607037386130512,4.068371998535912,5.554065100571645,6.482889774965924,6.485115730100516,5.711197917019087,C3,C3: limit warming to 2°C (>67%)
MESSAGEix-GLOBIOM_1.1,EN_INDCi2030_900f_NDCp,0.3578932322696901,0.3237679524219866,0.2876234359235347,1.360780432194705,2.720271576408728,4.426979376202037,5.636963964313256,6.473557877013781,6.48858596855833,6.332807576642308,C3,C3: limit warming to 2°C (>67%)
MESSAGEix-GLOBIOM_1.1,EN_INDCi2030_950_COV,0.3578932322696901,0.2257688389091486,0.2656668155499891,1.420498254347285,2.833070308133936,4.382153983022929,5.010016320279724,5.683914720068509,6.441813099286435,6.24935897994948,C3,C3: limit warming to 2°C (>67%)
MESSAGEix-GLOBIOM_1.1,EN_INDCi2030_950_COV_NDCp,0.3578932322696901,0.2257688389091486,0.2630532055038382,1.429211236693434,2.829909949470989,4.566033355092181,5.5280706181813,6.312446515479508,6.430473946672656,6.242384140953544,C3,C3: limit warming to 2°C (>67%)
MESSAGEix-GLOBIOM_1.1,EN_INDCi2030_950f_COV,0.3578932322696901,0.2257688389091486,0.2656668155499891,1.242925882503921,2.583508842207389,4.265241846735949,5.515952423440058,6.466997005354328,6.484451183355718,5.540060828440628,C3,C3: limit warming to 2°C (>67%)
MESSAGEix-GLOBIOM_1.1,EN_INDCi2030_950f_COV_NDCp,0.3578932322696901,0.2257688389091486,0.2630532055038382,1.238735842760834,2.591023216039043,4.26942246447107,5.352202031265093,6.28891492432209,6.484651752809352,5.729583706725188,C3,C3: limit warming to 2°C (>67%)
MESSAGEix-GLOBIOM_1.1,EN_INDCi2100,0.3578932322696901,0.3237679524219866,0.2880675284008359,0.4411940365862645,0.6834960230052481,1.173252211247708,1.947056658583443,3.125476466072694,3.978026027596569,4.709161720012884,C6,C6: limit warming to 3°C (>50%)
MESSAGEix-GLOBIOM_1.1,EN_INDCi2100_COV,0.3578932322696901,0.2257688389091486,0.2656668155499891,0.3862699179645823,0.6343678229429754,1.00984070871313,1.732425893791713,2.911346747820471,3.931137721688428,4.727449390499616,C6,C6: limit warming to 3°C (>50%)
MESSAGEix-GLOBIOM_1.1,EN_INDCi2100_COV_NDCp,0.3578932322696901,0.2257688389091486,0.2630532055038382,0.3886732863581933,0.6725323483825758,1.15983448100792,2.025232619254794,3.38150244654015,4.403073450760158,4.857071880431902,C6,C6: limit warming to 3°C (>50%)
MESSAGEix-GLOBIOM_1.1,EN_INDCi2100_NDCp,0.3578932322696901,0.3237679524219866,0.2876234359235347,0.4434012556817375,0.7230216392179017,1.215656056609286,2.134410833346945,3.377572326822151,4.36701641058695,5.045126980353908,C6,C6: limit warming to 3°C (>50%)
MESSAGEix-GLOBIOM_1.1,EN_NPi2020_1000,0.3578932322696901,0.3237679524219866,0.671141767478302,1.623551524347934,3.214293048965208,4.245764260695845,5.058106028969736,5.727107234257316,6.397018665034693,6.395234778027092,C3,C3: limit warming to 2°C (>67%)
MESSAGEix-GLOBIOM_1.1,EN_NPi2020_1000_COV,0.3578932322696901,0.2257688389092261,0.5226641237889998,1.204662170067704,2.714280102709151,4.048233383385528,4.890484802424638,5.663023174693609,6.437771804431084,6.24791099963951,C3,C3: limit warming to 2°C (>67%)
MESSAGEix-GLOBIOM_1.1,EN_NPi2020_1000_DR10p,0.3578932322696901,0.3397790083133789,0.4237028986694943,0.9234408052320138,1.994750694438591,3.174900240900546,4.787021850415643,5.496324936688689,6.235725667230055,6.410538274438268,C3,C3: limit warming to 2°C (>67%)
MESSAGEix-GLOBIOM_1.1,EN_NPi2020_1000_DR1p,0.3578932322696901,0.3549691460310493,1.346906100688972,2.723901439717545,4.17688171965237,4.926393225886924,5.23480421690804,6.424565318379438,6.460046829425047,6.449165142666537,C3,C3: limit warming to 2°C (>67%)
MESSAGEix-GLOBIOM_1.1,EN_NPi2020_1000_DR2p,0.3578932322696901,0.3387220154776753,1.020046984723817,2.35306226874723,3.86638268493745,4.629046148242939,5.269900339807726,6.403352368779379,6.401899398467786,6.395858901828618,C3,C3: limit warming to 2°C (>67%)
MESSAGEix-GLOBIOM_1.1,EN_NPi2020_1000_DR3p,0.3578932322696901,0.3234294756529713,0.8379612101067806,2.095960740875798,3.648128826904267,4.607785605037382,5.391968222366393,6.426068279436357,6.407235237938474,6.408664315281572,C3,C3: limit warming to 2°C (>67%)
MESSAGEix-GLOBIOM_1.1,EN_NPi2020_1000_DR4p,0.3578932322696901,0.3235970254495431,0.6822409952726781,1.745692379427817,3.413082737566592,4.386429837861098,5.220904017781821,6.102703044577717,6.404288590435698,6.378520725124631,C3,C3: limit warming to 2°C (>67%)
MESSAGEix-GLOBIOM_1.1,EN_NPi2020_1000f,0.3578932322696901,0.3237679524219866,0.5783632022010349,1.160693865965365,2.716916045926211,3.965908923044597,4.957756125560913,5.6869193956887,6.486933147578539,6.485272209787531,C3,C3: limit warming to 2°C (>67%)
MESSAGEix-GLOBIOM_1.1,EN_NPi2020_1000f_COV,0.3578932322696901,0.2257688389092261,0.4639645464885155,0.9385809328221162,2.255515547585445,3.654879092958969,4.756960646231343,5.642463359794856,6.440420353855303,6.235248821504553,C3,C3: limit warming to 2°C (>67%)
MESSAGEix-GLOBIOM_1.1,EN_NPi2020_1000f_DR10p,0.3578932322696901,0.3397790083133789,0.2917721395381346,0.3502536042053159,1.228385570655193,2.589046852730625,4.429820168484702,5.648941972225261,6.41735707320044,6.429014030763388,C4,C4: limit warming to 2°C (>50%)
MESSAGEix-GLOBIOM_1.1,EN_NPi2020_1000f_DR1p,0.3578932322696901,0.3549691460310493,1.394656808364443,2.724949435539972,4.17789704841627,4.86757402037421,5.200737783544364,6.403464661746791,6.438999318117989,6.411213323255205,C3,C3: limit warming to 2°C (>67%)
MESSAGEix-GLOBIOM_1.1,EN_NPi2020_1000f_DR2p,0.3578932322696901,0.3387220154776753,0.9782251773323314,2.294094350343689,3.85632638318752,4.612084063685864,5.259305108038355,6.403011893371509,6.407435117825326,6.404998539806783,C3,C3: limit warming to 2°C (>67%)
MESSAGEix-GLOBIOM_1.1,EN_NPi2020_1000f_DR3p,0.3578932322696901,0.3234294756529713,0.7132749103918421,1.872586421925118,3.601071289359803,4.60796844466658,5.491806064991344,6.43462263139291,6.457189337527673,6.476637841141331,C3,C3: limit warming to 2°C (>67%)
MESSAGEix-GLOBIOM_1.1,EN_NPi2020_1000f_DR4p,0.3578932322696901,0.3235970254495431,0.6012839985471032,1.407323888404487,3.025006274801265,4.13088392264267,4.915510692002527,5.747717441299671,6.480382798153208,6.482359480706363,C3,C3: limit warming to 2°C (>67%)
MESSAGEix-GLOBIOM_1.1,EN_NPi2020_1200,0.3578932322696901,0.3237679524219866,0.5851548358798481,1.168682159787111,2.730097614093591,3.970103626738474,4.961819272091508,5.649275779591099,6.421271216663163,6.390939951353024,C3,C3: limit warming to 2°C (>67%)
MESSAGEix-GLOBIOM_1.1,EN_NPi2020_1200_COV,0.3578932322696901,0.2257688389092261,0.465001387526724,0.8888997903265128,2.19855389278742,3.645769280647393,4.749092032832622,5.62471612462008,6.384061849937593,6.176689890986964,C3,C3: limit warming to 2°C (>67%)
MESSAGEix-GLOBIOM_1.1,EN_NPi2020_1200f,0.3578932322696901,0.3237679524219866,0.5225849920968284,0.8833223427323916,2.027067817301762,3.262014874941038,4.3880968497795,5.060625001988133,5.730848795520052,6.483061185464859,C4,C4: limit warming to 2°C (>50%)
MESSAGEix-GLOBIOM_1.1,EN_NPi2020_1200f_COV,0.3578932322696901,0.2257688389092261,0.4078282403014039,0.6935750697346068,1.693042572575538,2.917879664408939,4.615793732610738,5.5254375646285,6.294238830541715,6.479664854984014,C4,C4: limit warming to 2°C (>50%)
MESSAGEix-GLOBIOM_1.1,EN_NPi2020_1400,0.3578932322696901,0.3237679524219866,0.5150312453030357,0.8811644330100681,2.030312959363185,3.488652937370615,4.668003367616626,5.408832919443049,6.114538493868671,6.396447967927267,C4,C4: limit warming to 2°C (>50%)
MESSAGEix-GLOBIOM_1.1,EN_NPi2020_1400_COV,0.3578932322696901,0.2257688389092261,0.4079471099011723,0.6851322784224737,1.703136777031882,2.895801178677349,4.640429732236211,5.506634615003546,6.233568094217342,6.391899772232726,C4,C4: limit warming to 2°C (>50%)
MESSAGEix-GLOBIOM_1.1,EN_NPi2020_1400f,0.3578932322696901,0.3237679524219866,0.5140875263968041,0.8135707822452577,1.858817318661484,3.113788185585498,4.756611162609855,5.644759006398095,6.466290778561607,6.478761696059567,C4,C4: limit warming to 2°C (>50%)
MESSAGEix-GLOBIOM_1.1,EN_NPi2020_1400f_COV,0.3578932322696901,0.2257688389092261,0.4068846280156883,0.639422287594505,1.56262688725406,2.672032127876113,4.529323283391819,5.513861338918306,6.297552293420906,6.480844146934169,C4,C4: limit warming to 2°C (>50%)
MESSAGEix-GLOBIOM_1.1,EN_NPi2020_1600,0.3578932322696901,0.3237679524219866,0.4128320995047685,0.678764927373359,1.690539466383299,2.881209573684294,4.607397936198328,5.502784849853589,6.224037649341011,6.38973357509785,C4,C4: limit warming to 2°C (>50%)
MESSAGEix-GLOBIOM_1.1,EN_NPi2020_1600_COV,0.3578932322696901,0.2257688389092261,0.2883411285237601,0.476098463067699,1.277229607586419,2.371496276728364,4.120334517922959,5.021156542487219,5.689574800587438,6.385666538240459,C4,C4: limit warming to 2°C (>50%)
MESSAGEix-GLOBIOM_1.1,EN_NPi2020_1600f,0.3578932322696901,0.3237679524219866,0.4055264680026128,0.659115667940634,1.58587379369175,2.72030929958368,4.499469541045812,5.477356885939208,6.268306510247863,6.477006944048409,C5,C5: limit warming to 2.5°C (>50%)
MESSAGEix-GLOBIOM_1.1,EN_NPi2020_1600f_COV,0.3578932322696901,0.2257688389092261,0.2883240496904267,0.4747056347386005,1.052545167894412,2.163306020728765,3.850869973051666,4.990173405929816,5.708896452084375,6.467160983502276,C4,C4: limit warming to 2°C (>50%)
MESSAGEix-GLOBIOM_1.1,EN_NPi2020_1800,0.3578932322696901,0.3237679524219866,0.29561897772091,0.4834522400398115,1.167990271644286,2.304990543505263,4.021221133097715,5.023063201043218,5.681969177461268,6.393790672119676,C5,C5: limit warming to 2.5°C (>50%)
MESSAGEix-GLOBIOM_1.1,EN_NPi2020_1800_COV,0.3578932322696901,0.2257688389092261,0.2746817853960713,0.4679778529570722,0.9522912750983196,2.078849366629971,3.343313584641451,4.955652059666266,5.617854687500591,6.385638563371818,C5,C5: limit warming to 2.5°C (>50%)
MESSAGEix-GLOBIOM_1.1,EN_NPi2020_1800f,0.3578932322696901,0.3237679524219866,0.2956485306483869,0.4817801727317144,1.095443691744494,2.267665854062056,3.487964471155129,4.96783989515191,5.670043972224378,6.466344965654081,C5,C5: limit warming to 2.5°C (>50%)
MESSAGEix-GLOBIOM_1.1,EN_NPi2020_1800f_COV,0.3578932322696901,0.2257688389092261,0.275488587636661,0.4608404445892511,0.8509874124973964,1.843158422620136,3.230028460074349,5.053015636696525,5.814339841173712,6.410302685550369,C5,C5: limit warming to 2.5°C (>50%)
MESSAGEix-GLOBIOM_1.1,EN_NPi2020_2000,0.3578932322696901,0.3237679524219866,0.2902776078169944,0.471360280895147,0.9614243126490042,2.078602096042356,3.342001795370604,5.070482111124421,5.800980523528533,6.413077321176924,C5,C5: limit warming to 2.5°C (>50%)
MESSAGEix-GLOBIOM_1.1,EN_NPi2020_2000_COV,0.3578932322696901,0.2257688389092261,0.2705000280620655,0.3410106879047294,0.6629713036054632,1.64972902323484,3.14707935366322,4.893293721874986,5.625510354977696,6.198269873161327,C5,C5: limit warming to 2.5°C (>50%)
MESSAGEix-GLOBIOM_1.1,EN_NPi2020_2000f,0.3578932322696901,0.3237679524219866,0.2901980308304964,0.4709274754483705,0.8517352929412632,1.859852812612956,3.266011290070123,5.045846568124282,5.807651624389014,6.445630544970551,C5,C5: limit warming to 2.5°C (>50%)
MESSAGEix-GLOBIOM_1.1,EN_NPi2020_2000f_COV,0.3578932322696901,0.2257688389092261,0.2704323281584428,0.3408297799636085,0.6629863629191907,1.650357463835986,3.145183647220236,4.885100921880045,5.625995645049686,6.400256839854918,C5,C5: limit warming to 2.5°C (>50%)
MESSAGEix-GLOBIOM_1.1,EN_NPi2020_200f,0.3578932322696901,0.3237679524219866,1.379490903097002,2.673386319880147,4.435038425454279,5.258688441281694,6.225542065389059,6.4901683170247,6.501674468816569,6.491301237910058,C2,C2: return warming to 1.5°C (>50%) after a high overshoot
MESSAGEix-GLOBIOM_1.1,EN_NPi2020_2500,0.3578932322696901,0.3237679524219866,0.2895549033768219,0.2598864108327569,0.5408685184286611,1.355521095684131,2.643884620471493,4.240561159216963,4.950259425652791,5.600566964723326,C5,C5: limit warming to 2.5°C (>50%)
MESSAGEix-GLOBIOM_1.1,EN_NPi2020_2500_COV,0.3578932322696901,0.2257688389092261,0.2678663125021558,0.1850442063669737,0.4137290184070498,0.9991023706616032,2.281906554439151,4.218405651001893,4.957181082024202,5.60020916933074,C5,C5: limit warming to 2.5°C (>50%)
MESSAGEix-GLOBIOM_1.1,EN_NPi2020_2500f,0.3578932322696901,0.3237679524219866,0.2895383173664062,0.2600972215007982,0.540829307730795,1.354998973290031,2.644393288942275,4.255599602288756,4.95580937535565,5.598558400917497,C5,C5: limit warming to 2.5°C (>50%)
MESSAGEix-GLOBIOM_1.1,EN_NPi2020_2500f_COV,0.3578932322696901,0.2257688389092261,0.2668215389433703,0.1849410385580598,0.4142897014784046,0.9990424562869388,2.23544302824062,4.116800417550758,4.843189443348148,5.478945733316346,C5,C5: limit warming to 2.5°C (>50%)
MESSAGEix-GLOBIOM_1.1,EN_NPi2020_3000,0.3578932322696901,0.3237679524219866,0.2871523002909104,0.1879296881086052,0.4068665169447923,0.7661369994924422,1.8545135242452,3.669304693912801,4.864510100974973,5.573481587508267,C6,C6: limit warming to 3°C (>50%)
MESSAGEix-GLOBIOM_1.1,EN_NPi2020_3000_COV,0.3578932322696901,0.2257688389092261,0.2272953451296921,0.1495877515513954,0.3423936487856147,0.6881209962357454,1.647868309378965,3.53099972446049,4.670376819423632,5.340686988084112,C6,C6: limit warming to 3°C (>50%)
MESSAGEix-GLOBIOM_1.1,EN_NPi2020_3000f,0.3578932322696901,0.3237679524219866,0.2899881726031251,0.1896860151018074,0.4100242267867816,0.7695280588124892,1.85643872156086,3.670821055109512,4.780156813154733,5.463856504263889,C6,C6: limit warming to 3°C (>50%)
MESSAGEix-GLOBIOM_1.1,EN_NPi2020_3000f_COV,0.3578932322696901,0.2257688389092261,0.2272948165308002,0.1495517840054168,0.3550662209710955,0.7042976420611832,1.648219959212404,3.532100105826061,4.67078483869679,5.340528558603124,C6,C6: limit warming to 3°C (>50%)
MESSAGEix-GLOBIOM_1.1,EN_NPi2020_300f,0.3578932322696901,0.3237679524219866,1.295735877009594,2.659159623865411,4.378704208242556,5.233714408486345,6.199848157698683,6.485331393397948,6.500236892977793,6.494889379148066,C2,C2: return warming to 1.5°C (>50%) after a high overshoot
MESSAGEix-GLOBIOM_1.1,EN_NPi2020_400f,0.3578932322696901,0.3237679524219866,1.139375218730913,2.546507372338132,4.299260349919211,5.203891211995907,6.215872448248208,6.484802846055078,6.492048649899298,6.32557719632886,C2,C2: return warming to 1.5°C (>50%) after a high overshoot
MESSAGEix-GLOBIOM_1.1,EN_NPi2020_450,0.3578932322696901,0.3237679524219866,1.487837510293169,2.819422730653786,4.122928391747553,4.828980834160898,5.649126869312936,6.401681515742764,6.411629535173663,6.391936665272226,C1,C1: limit warming to 1.5°C (>50%) with no or limited overshoot
MESSAGEix-GLOBIOM_1.1,EN_NPi2020_450f,0.3578932322696901,0.3237679524219866,1.136484188972646,2.548193492181754,4.287092804629086,5.186548676968788,6.214361869340122,6.485072318904883,6.487921603252711,6.459835888285669,C2,C2: return warming to 1.5°C (>50%) after a high overshoot
MESSAGEix-GLOBIOM_1.1,EN_NPi2020_500,0.3578932322696901,0.3237679524219866,1.492913555311131,2.800202502058315,4.45437120600787,5.255683443272519,6.195450470127367,6.424280493211275,6.43151160605097,6.412887259526474,C1,C1: limit warming to 1.5°C (>50%) with no or limited overshoot
MESSAGEix-GLOBIOM_1.1,EN_NPi2020_500f,0.3578932322696901,0.3237679524219866,0.9700909595997748,2.282766936359764,4.063850405135928,5.01447633667344,6.009131106004035,6.484890089751149,6.486556770092919,5.726281507368561,C2,C2: return warming to 1.5°C (>50%) after a high overshoot
MESSAGEix-GLOBIOM_1.1,EN_NPi2020_600,0.3578932322696901,0.3237679524219866,1.377717065867293,2.671850361771412,4.434682026752888,5.278722836851212,6.209781543524195,6.436925042978965,6.438553757209475,6.407711289878599,C2,C2: return warming to 1.5°C (>50%) after a high overshoot
MESSAGEix-GLOBIOM_1.1,EN_NPi2020_600_COV,0.3578932322696901,0.2257688389092261,1.060298795252756,2.386314811045264,4.052711258669635,4.920352096379827,5.798772456487433,6.439243880427022,6.445630813569396,6.203950417058304,C1,C1: limit warming to 1.5°C (>50%) with no or limited overshoot
MESSAGEix-GLOBIOM_1.1,EN_NPi2020_600_DR10p,0.3578932322696901,0.3397790083133789,1.081647754300644,2.396128647339424,3.584907920974487,4.287504906304891,4.992988263748666,5.642790613083952,6.406091960061509,6.403586365350328,C2,C2: return warming to 1.5°C (>50%) after a high overshoot
MESSAGEix-GLOBIOM_1.1,EN_NPi2020_600_DR1p,0.3578932322696901,0.3549691460310493,1.569256090535416,3.015433957858858,4.253364250724737,5.005470017552719,5.563914669182636,6.454165888391328,6.43531585651491,6.417136975100044,C1,C1: limit warming to 1.5°C (>50%) with no or limited overshoot
MESSAGEix-GLOBIOM_1.1,EN_NPi2020_600_DR2p,0.3578932322696901,0.3387220154776753,1.539015017571677,2.899482976986474,4.590494761779035,5.450078423159473,6.089271225889614,6.432490656737884,6.407361789567166,6.390978112062314,C1,C1: limit warming to 1.5°C (>50%) with no or limited overshoot
MESSAGEix-GLOBIOM_1.1,EN_NPi2020_600_DR3p,0.3578932322696901,0.3234294756529713,1.465377422461443,2.860682444235613,4.497789705539957,5.337384498904753,6.120523681078984,6.440529448132427,6.422741201477637,6.390379865166672,C1,C1: limit warming to 1.5°C (>50%) with no or limited overshoot
MESSAGEix-GLOBIOM_1.1,EN_NPi2020_600_DR4p,0.3578932322696901,0.3235970254495431,1.433360299971454,2.75472739145036,4.450963940563768,5.290350167900877,6.217020980817944,6.418735523364457,6.41665963629308,6.381937695491949,C1,C1: limit warming to 1.5°C (>50%) with no or limited overshoot
MESSAGEix-GLOBIOM_1.1,EN_NPi2020_600f,0.3578932322696901,0.3237679524219866,0.7455998812953007,1.939128363765705,3.626540239643117,4.729706843469926,5.665812149823833,6.486225820385632,6.486315608227171,5.723172043594094,C2,C2: return warming to 1.5°C (>50%) after a high overshoot
MESSAGEix-GLOBIOM_1.1,EN_NPi2020_600f_COV,0.3578932322696901,0.2257688389092261,0.6047530978688843,1.616088789507906,3.231980232491107,4.269245857060045,5.083391068941997,5.907728183388739,6.484917877762213,5.720357385673151,C2,C2: return warming to 1.5°C (>50%) after a high overshoot
MESSAGEix-GLOBIOM_1.1,EN_NPi2020_600f_DR10p,0.3578932322696901,0.3397790083133789,0.4130094751106529,0.8881826561483628,2.076817959865526,3.23765161119729,5.023105052710497,5.765255294979039,6.428510363852594,6.415787597429856,C2,C2: return warming to 1.5°C (>50%) after a high overshoot
MESSAGEix-GLOBIOM_1.1,EN_NPi2020_600f_DR1p,0.3578932322696901,0.3549691460310493,1.552832665811442,2.902583515057744,4.224195343397682,4.99368167078172,5.555921003448471,6.486795000604938,6.48249598457325,6.475997317049271,C2,C2: return warming to 1.5°C (>50%) after a high overshoot
MESSAGEix-GLOBIOM_1.1,EN_NPi2020_600f_DR2p,0.3578932322696901,0.3387220154776753,1.398209199468349,2.630787607533044,4.06767997035394,4.824708769812462,5.703366246858623,6.4887799905059,6.484038376613605,6.479507916142219,C2,C2: return warming to 1.5°C (>50%) after a high overshoot
MESSAGEix-GLOBIOM_1.1,EN_NPi2020_600f_DR3p,0.3578932322696901,0.3234294756529713,1.189365212456803,2.453312965700377,3.922460904276742,4.659085516086184,5.550346661245977,6.489210271597906,6.485808248470446,6.481318731904664,C2,C2: return warming to 1.5°C (>50%) after a high overshoot
MESSAGEix-GLOBIOM_1.1,EN_NPi2020_600f_DR4p,0.3578932322696901,0.3235970254495431,1.070562456410601,2.456207180309794,3.941887431226647,4.73245220801853,5.656928942946862,6.485212579851849,6.484975208099043,6.482587948600895,C2,C2: return warming to 1.5°C (>50%) after a high overshoot
MESSAGEix-GLOBIOM_1.1,EN_NPi2020_700,0.3578932322696901,0.3237679524219866,1.169426737131402,2.542568294461717,4.306418174992194,5.232189092485895,6.209568622105678,6.440438431630582,6.432515043704671,6.416676858675411,C2,C2: return warming to 1.5°C (>50%) after a high overshoot
MESSAGEix-GLOBIOM_1.1,EN_NPi2020_700_COV,0.3578932322696901,0.2257688389092261,0.9366298586254288,2.247276281492273,3.853569574023259,4.757607247514088,5.654089603732112,6.449563702034833,6.450024003241802,6.22230221419235,C2,C2: return warming to 1.5°C (>50%) after a high overshoot
MESSAGEix-GLOBIOM_1.1,EN_NPi2020_700f,0.3578932322696901,0.3237679524219866,0.6812589518286349,1.635869647863258,3.239980376865095,4.267815398907634,5.091924011927436,5.788396414295299,6.486266776944434,6.257634273613187,C2,C2: return warming to 1.5°C (>50%) after a high overshoot
MESSAGEix-GLOBIOM_1.1,EN_NPi2020_700f_COV,0.3578932322696901,0.2257688389092261,0.5246645603847858,1.325788451195345,2.86028081935784,4.09689524119864,4.873914906796047,5.694370900924581,6.485450020433586,6.347431532539734,C2,C2: return warming to 1.5°C (>50%) after a high overshoot
MESSAGEix-GLOBIOM_1.1,EN_NPi2020_800,0.3578932322696901,0.3237679524219866,1.071917380053385,2.469379122291174,4.189537265177442,5.073980957947377,6.05393687880416,6.437534611036556,6.44188541401085,6.437274237934783,C3,C3: limit warming to 2°C (>67%)
MESSAGEix-GLOBIOM_1.1,EN_NPi2020_800_COV,0.3578932322696901,0.2257688389092261,0.6104740336788511,1.691412416055798,3.293639506379665,4.350344379628512,5.189890864876968,5.972827742638278,6.448741359740392,6.263402117793661,C3,C3: limit warming to 2°C (>67%)
MESSAGEix-GLOBIOM_1.1,EN_NPi2020_800f,0.3578932322696901,0.3237679524219866,0.6003267073138605,1.405711714664948,3.032166754324646,4.242001406363712,5.057231265825235,5.780389632090536,6.487053612184863,6.485077361558327,C3,C3: limit warming to 2°C (>67%)
MESSAGEix-GLOBIOM_1.1,EN_NPi2020_800f_COV,0.3578932322696901,0.2257688389092261,0.5171925192700249,1.194079562076798,2.695914347790954,4.034074533768805,4.89160601413146,5.690755757230899,6.485465761854773,6.484557538380519,C3,C3: limit warming to 2°C (>67%)
MESSAGEix-GLOBIOM_1.1,EN_NPi2020_900,0.3578932322696901,0.3237679524219866,0.699634245327636,1.794964235254747,3.459583000817957,4.537554281229691,5.423004913041424,6.114155467366988,6.429557163280917,6.428517178915961,C3,C3: limit warming to 2°C (>67%)
MESSAGEix-GLOBIOM_1.1,EN_NPi2020_900_COV,0.3578932322696901,0.2257688389092261,0.5995466779258292,1.484346792547609,3.037233426352859,4.128675431569129,4.917214711886536,5.66953924585388,6.441739171820307,6.270200680353973,C3,C3: limit warming to 2°C (>67%)
MESSAGEix-GLOBIOM_1.1,EN_NPi2020_900f,0.3578932322696901,0.3237679524219866,0.5997774515128776,1.363466231442994,2.985245692304516,4.181692226377807,5.058670324227568,5.78135409121255,6.486989766498899,6.484060239846944,C3,C3: limit warming to 2°C (>67%)
MESSAGEix-GLOBIOM_1.1,EN_NPi2020_900f_COV,0.3578932322696901,0.2257688389092261,0.4823819292983056,0.950986909627905,2.439051178339297,3.689388634528744,4.787979492797984,5.669616524975659,6.485779319421221,6.352396951731346,C3,C3: limit warming to 2°C (>67%)
MESSAGEix-GLOBIOM_1.1,EN_NPi2100,0.3578932322696901,0.3237679524219866,0.2638210677888757,0.1587957475341395,0.1134021162236051,0.1115768560328084,0.2187003545993518,0.4936392203502761,0.5201499176206251,0.3871855303964424,C7,C7: limit warming to 4°C (>50%)
MESSAGEix-GLOBIOM_1.1,EN_NPi2100_COV,0.3578932322696901,0.2257688389091486,0.1685159263228246,0.1108604576906901,0.0763268988104765,0.0747096224864805,0.0811967413180102,0.3310403037487815,0.3443492150958767,0.3311053953335744,C7,C7: limit warming to 4°C (>50%)
MESSAGEix-GLOBIOM_1.1,EN_NoPolicy,0.3578932322696901,0.3172922537656943,0.2377110992365082,0.1448949697369215,0.1041180839627976,0.0967828327845274,0.0738976614451272,0.0471461742330628,0.0431743247161764,0.0397534888564438,C7,C7: limit warming to 4°C (>50%)
MESSAGEix-GLOBIOM_1.1,NGFS2_Below 2°C,0.357893232,0.225768839,0.522427129,1.205023425,2.719250351,4.051705977,4.890947959,5.66405059,6.437877121,6.246317635,C3,C3: limit warming to 2°C (>67%)
MESSAGEix-GLOBIOM_1.1,NGFS2_Current Policies,0.357893232,0.225768839,0.168515927,0.110833479,0.07628932,0.074582033,0.118744369,0.245626569,0.317728602,0.373556271,C7,C7: limit warming to 4°C (>50%)
MESSAGEix-GLOBIOM_1.1,NGFS2_Delayed Transition,0.357893232,0.225768839,0.168515927,2.379284351,3.848777787,5.111098375,5.983466665,6.473064313,6.474889463,6.453565574,C3,C3: limit warming to 2°C (>67%)
MESSAGEix-GLOBIOM_1.1,NGFS2_Divergent Net Zero Policies,0.357893232,0.225768839,1.069842537,2.367281215,4.083042005,4.956247436,5.820727967,6.459290558,6.456484943,6.212845575,C1,C1: limit warming to 1.5°C (>50%) with no or limited overshoot
MESSAGEix-GLOBIOM_1.1,NGFS2_Nationally Determined Contributions (NDCs),0.357893232,0.225768839,0.263053207,0.649066068,1.151054999,2.196802332,3.339334856,4.339799924,4.87894722,5.488521875,C5,C5: limit warming to 2.5°C (>50%)
MESSAGEix-GLOBIOM_1.1,NGFS2_Net-Zero 2050,0.357893232,0.225768839,1.060072447,2.402051127,4.091974562,4.946412048,5.804206155,6.444796092,6.440922448,6.198153882,C1,C1: limit warming to 1.5°C (>50%) with no or limited overshoot
MESSAGEix-GLOBIOM_GEI 1.0,SSP2_int_lc_15,0.357841553874461,0.21421400943547,0.189478438664935,0.404247678017907,0.682555578028552,1.30198429446487,2.09295718912802,3.09725735364328,4.34313647408054,5.48697252838055,C5,C5: limit warming to 2.5°C (>50%)
MESSAGEix-GLOBIOM_GEI 1.0,SSP2_int_lc_50,0.357841553874461,0.21421400943547,0.463799540288343,1.88877009362653,4.1230673168868,4.94842800357817,5.59474703347869,6.14134771245555,6.45549080395807,6.4695629074389,C3,C3: limit warming to 2°C (>67%)
MESSAGEix-GLOBIOM_GEI 1.0,SSP2_int_mc_15,0.357841553874461,0.21421400943547,0.164042181968149,0.0978670689753491,0.247739686443399,0.464974413209806,0.841630294383496,1.62683151424898,3.45482342549015,4.83269643709558,C5,C5: limit warming to 2.5°C (>50%)
MESSAGEix-GLOBIOM_GEI 1.0,SSP2_int_mc_50,0.357841553874461,0.21421400943547,0.398655676705037,0.661743824917064,1.39763298274534,2.14009507626379,4.1536875481555,5.72736837754117,6.27585761563207,6.4859452452974,C2,C2: return warming to 1.5°C (>50%) after a high overshoot
MESSAGEix-GLOBIOM_GEI 1.0,SSP2_noint_lc_15,0.357841553874461,0.21421400943547,0.1840797088301238,0.395460132990688,0.6773467812431958,1.296934540281699,2.086034885971687,3.088564385463864,4.333134797139414,5.489422369396451,C5,C5: limit warming to 2.5°C (>50%)
MESSAGEix-GLOBIOM_GEI 1.0,SSP2_noint_lc_50,0.357841553874461,0.21421400943547,0.475277269656527,1.90324382297965,4.24056589203183,4.9550313697068,5.58080745758603,6.12631119294095,6.43090710746858,6.469697135159,C3,C3: limit warming to 2°C (>67%)
MESSAGEix-GLOBIOM_GEI 1.0,SSP2_noint_mc_15,0.357841553874461,0.21421400943547,0.164036043065772,0.0978597226789411,0.247734102822735,0.464956438341344,0.832018381661271,1.61452387749745,3.43935379881149,4.81495700869907,C5,C5: limit warming to 2.5°C (>50%)
MESSAGEix-GLOBIOM_GEI 1.0,SSP2_noint_mc_50,0.357841553874461,0.21421400943547,0.392639040518285,0.658155918056867,1.39592304125414,2.13800591107495,4.14950250916637,5.72233696760959,6.27599683185227,6.48547124514772,C2,C2: return warming to 1.5°C (>50%) after a high overshoot
MESSAGEix-GLOBIOM_GEI 1.0,SSP2_openres_lc_100,0.357841553874461,0.21421400943547,1.05375810776052,3.80561916286673,5.19513792361128,5.85128390037384,6.21481439284476,6.47573321486271,6.48062873357392,6.48150431181071,C2,C2: return warming to 1.5°C (>50%) after a high overshoot
MESSAGEix-GLOBIOM_GEI 1.0,SSP2_openres_lc_120,0.357841553874461,0.21421400943547,1.53616778540623,4.01492955335656,5.56918062408345,5.90431986144634,6.26585824420837,6.47734358556252,6.48080104791715,6.48187756041418,C2,C2: return warming to 1.5°C (>50%) after a high overshoot
MESSAGEix-GLOBIOM_GEI 1.0,SSP2_openres_lc_15,0.357841553874461,0.21421400943547,0.189410115188683,0.398983444547548,0.66815160025001,1.2161312638315,2.08700709204145,3.1134129602127,4.37464055652081,5.53626445369422,C5,C5: limit warming to 2.5°C (>50%)
MESSAGEix-GLOBIOM_GEI 1.0,SSP2_openres_lc_50,0.357841553874461,0.21421400943547,0.488452082780798,1.60566931081708,4.34311234538197,5.6996772118016,6.19232047507385,6.34456956036179,6.44338885152679,6.48038790820952,C3,C3: limit warming to 2°C (>67%)
MESSAGEix-GLOBIOM_GEI 1.0,SSP2_openres_lc_80,0.357841553874461,0.21421400943547,1.0333421475665,3.45722462562138,4.73466965819384,5.41479454176779,6.1567495106004,6.47187581646015,6.47933576936583,6.48060769602464,C2,C2: return warming to 1.5°C (>50%) after a high overshoot
MESSAGEix-GLOBIOM_GEI 1.0,SSP2_openres_lc_CB400,0.357841553874461,0.21421400943547,2.49041192060193,5.36619146818291,6.42775766168405,6.23545585461436,6.48012528440137,6.48060738402937,6.48345205294619,6.48167487428946,C2,C2: return warming to 1.5°C (>50%) after a high overshoot
MESSAGEix-GLOBIOM_GEI 1.0,SSP2_openres_lc_CB450,0.357841553874461,0.21421400943547,2.29202011318204,5.13841171672945,6.40259052630182,6.23572372815824,6.47759055062812,6.47894306468329,6.48196282059976,6.48160850744105,C2,C2: return warming to 1.5°C (>50%) after a high overshoot
MESSAGEix-GLOBIOM_GEI 1.0,SSP2_openres_lc_CB500,0.357841553874461,0.21421400943547,1.99227371561206,4.92938848485382,6.39188162395219,6.30603280984928,6.47722761104621,6.47951764711039,6.48224195324779,6.48155974159376,C2,C2: return warming to 1.5°C (>50%) after a high overshoot
MESSAGEix-GLOBIOM_GEI 1.0,SSP2_openres_lc_CB550,0.357841553874461,0.21421400943547,1.99066914596016,4.92069552030516,6.36343888211236,6.34808940993593,6.47658464771143,6.4805586388926,6.4823125641361,6.48142262652647,C2,C2: return warming to 1.5°C (>50%) after a high overshoot
MESSAGEix-GLOBIOM_GEI 1.0,SSP2_openres_lc_CB600,0.357841553874461,0.21421400943547,1.90791674187732,4.89386800284953,6.34222278668263,6.27648418710719,6.47799846306539,6.47974323575075,6.48226591008167,6.48168907541093,C2,C2: return warming to 1.5°C (>50%) after a high overshoot
MESSAGEix-GLOBIOM_GEI 1.0,SSP2_openres_mc_15,0.357841553874461,0.21421400943547,0.163979813083074,0.0978816179286441,0.247767039907476,0.464982977197352,0.916826209461802,1.70191528050767,3.54694974351472,4.7844024861979,C5,C5: limit warming to 2.5°C (>50%)
MESSAGEix-GLOBIOM_GEI 1.0,SSP2_openres_mc_50,0.357841553874461,0.21421400943547,0.384859087964862,0.644911935304446,1.11345392682173,1.72981427469366,3.31334757749317,4.80055299957139,6.27264455386208,6.48460307330636,C2,C2: return warming to 1.5°C (>50%) after a high overshoot
MUSE 1.0,PR_Baseline,0.28451162788245987,0.4288,0.8133,8.6201,14.2523,18.8737,23.6934,28.277,32.125,32.713,failed-vetting,failed-vetting
MUSE 1.0,PR_CP_Intensity,0.28451162788245987,0.895,1.6641,7.2247,15.9352,21.11,27.76,33.0487,33.2244,33.495,no-climate-assessment,no-climate-assessment
MUSE 1.0,PR_CP_Price,0.28451162788245987,0.895,1.5965,8.7094,14.7547,20.7648,25.277,31.7735,32.5756,32.8146,no-climate-assessment,no-climate-assessment
MUSE 1.0,PR_CP_PriceOnly,0.28451162788245987,0.4288,3.4943,9.3478,14.5181,19.7832,25.7289,28.6713,31.2621,31.2851,failed-vetting,failed-vetting
MUSE 1.0,PR_NDC_Intensity,0.28451162788245987,0.895,2.6103,8.6666,15.9577,21.2451,27.7825,33.9724,33.0667,33.6527,no-climate-assessment,no-climate-assessment
MUSE 1.0,PR_NDC_Price,0.28451162788245987,0.895,2.8807,9.5204,14.8763,19.9184,24.3299,28.9439,29.2548,30.5033,no-climate-assessment,no-climate-assessment
MUSE 1.0,PR_NDC_PriceOnly,0.28451162788245987,0.4288,5.7247,9.5731,15.0588,19.7607,26.0218,28.7388,30.0681,30.0685,failed-vetting,failed-vetting
McKinsey 1.0,1.5C A,0.28451162788245987,0.5211688279914005,0.3079822993621654,1.461294075602008,0.6075374003731048,2.236372208494915,2.50450329907943,2.783646499551391,2.9311455406842644,3.028776166871727,failed-vetting,failed-vetting
McKinsey 1.0,1.5C B,0.28451162788245987,0.5211688279914005,0.3070743844756856,1.461294075602008,0.6044460932063206,2.236372208494915,2.50450329907943,2.783646499551391,2.9311455406842644,3.028776166871727,failed-vetting,failed-vetting
McKinsey 1.0,1.5C C,0.28451162788245987,0.5211688279914005,0.3054365629434888,1.461294075602008,0.6075374003731048,2.236372208494915,2.50450329907943,2.783646499551391,2.9311455406842644,3.028776166871727,failed-vetting,failed-vetting
POLES ADVANCE,ADVANCE_2020_1.5C-2100,0.246547198634062,0.552596230670625,1.01502975997575,0.9768506264685,0.9029113197885,0.69427120882725,0.577565711868375,0.6909870802904999,0.739318972215375,0.668458332095625,C1,C1: limit warming to 1.5°C (>50%) with no or limited overshoot
POLES ADVANCE,ADVANCE_2020_Med2C,0.246547198634062,0.5525709698745,0.9192810470591252,1.16006116092975,1.2257179645275,1.044802280565,0.831269395312875,0.8266234904505,0.7533087274181249,0.67668721927875,C3,C3: limit warming to 2°C (>67%)
POLES ADVANCE,ADVANCE_2020_WB2C,0.246547198634062,0.5525709698745,0.936011908072125,1.141777632987,1.13911394110875,0.88020709626375,0.75104600145075,0.764668659337875,0.72644007318075,0.6995381129493751,C2,C2: return warming to 1.5°C (>50%) after a high overshoot
POLES ADVANCE,ADVANCE_2030_1.5C-2100,0.246547198634062,0.5525709698745,0.8356101452572501,0.75429288578475,0.6874187256022499,0.54055391969475,0.396905786434125,0.7192377644985,0.756454737348,0.68297440076775,C2,C2: return warming to 1.5°C (>50%) after a high overshoot
POLES ADVANCE,ADVANCE_2030_Med2C,0.246547198634062,0.5525709698745,0.835438720656375,1.115794006776,1.15852075870725,0.95790345409125,0.828835469785125,0.8083407501495,0.74556446495175,0.6849739981305,C3,C3: limit warming to 2°C (>67%)
POLES ADVANCE,ADVANCE_2030_Price1.5C,0.246547198634062,0.5525709698745,0.835438720656375,0.8670668689485,0.897637495671,0.7135481780572499,0.58659203006325,0.6934872802455001,0.7449495417855001,0.656964388558125,C2,C2: return warming to 1.5°C (>50%) after a high overshoot
POLES ADVANCE,ADVANCE_2030_WB2C,0.246547198634062,0.5525709698745,0.835438720656375,1.064842587171,1.05090954217425,0.8530482523016251,0.718169891065875,0.7590587934937499,0.701420126650875,0.698923639864125,C2,C2: return warming to 1.5°C (>50%) after a high overshoot
POLES ADVANCE,ADVANCE_INDC,0.246547198634062,0.5525709698745,0.835438720656375,1.0253891618325,1.21425653934225,1.15187666298525,1.1017841104485,1.028181239316,0.93161804856975,0.81554305883175,C5,C5: limit warming to 2.5°C (>50%)
POLES ADVANCE,ADVANCE_NoPolicy,0.246547198634062,0.55002204865125,0.8208496263420001,1.03480316854875,1.23102104391,1.1630662392465,1.167231513861,1.1082711279015,1.0163605369725,0.903782451564,C7,C7: limit warming to 4°C (>50%)
POLES ADVANCE,ADVANCE_Reference,0.246547198634062,0.5525488033852499,0.8248953481908751,1.034068748877,1.23204058989525,1.1605975449615,1.170477948114,1.11306932892225,1.010524561686,0.91112878616625,C7,C7: limit warming to 4°C (>50%)
POLES CD-LINKS,CD-LINKS_INDC2030i_1600,0.246446371078491,0.397717118263245,0.7814499735832211,0.941236078739165,1.00750434398651,0.995940387248992,0.9025527834892272,0.9483327269554142,0.941414833068848,0.919659852981567,failed-vetting,failed-vetting
POLES CD-LINKS,CD-LINKS_INDC2030i_400,0.246446371078491,0.397578060626984,0.7812844514846801,0.8555160760879521,1.00169718265533,0.9605832099914552,0.8300678133964541,0.880289375782012,0.8907341361045841,0.894502758979797,failed-vetting,failed-vetting
POLES CD-LINKS,CD-LINKS_INDCi,0.246446371078491,0.4167452156543731,0.7757613062858572,0.91134089231491,1.04401230812073,1.01415169239044,0.9214049577713,0.98014497756958,0.9705324172973632,0.938198685646057,failed-vetting,failed-vetting
POLES CD-LINKS,CD-LINKS_NDC2030i_1000,0.246446371078491,0.397717118263245,0.7814499735832211,0.8949735164642331,1.01742708683014,0.9733451008796692,0.8960434794425961,0.9208347201347352,0.939449369907379,0.9181832671165472,failed-vetting,failed-vetting
POLES CD-LINKS,CD-LINKS_NPi,0.246446371078491,0.3817886114120471,0.7614849209785451,0.9122822284698492,1.02514386177063,0.981075704097747,0.92009538412094,0.9796404838562,1.00467455387115,0.9515070915222172,failed-vetting,failed-vetting
POLES CD-LINKS,CD-LINKS_NPi2020_1000,0.246446371078491,0.3821814656257621,0.80705577135086,0.9359285235404972,1.00499069690704,0.9744917750358572,0.8942016959190371,0.935522735118866,0.94477617740631,0.916347861289978,failed-vetting,failed-vetting
POLES CD-LINKS,CD-LINKS_NPi2020_1600,0.246446371078491,0.3821814656257621,0.7982328534126271,0.960725367069244,1.00666177272797,0.998573899269104,0.8968331217765799,0.948199808597565,0.942983806133269,0.9161191582679752,failed-vetting,failed-vetting
POLES CD-LINKS,CD-LINKS_NPi2020_400,0.246446371078491,0.3821814656257621,0.818264663219452,0.901715576648712,1.0114768743515,0.9495862722396852,0.852374613285065,0.91729724407196,0.9512212872505192,0.907558739185332,failed-vetting,failed-vetting
POLES CD-LINKS,CD-LINKS_NoPolicy,0.246446371078491,0.36647155880928,0.765915036201477,0.940733313560486,1.0110856294632,1.03571856021881,0.972863495349884,0.9884267449378972,0.980806350708007,0.94722056388855,C7,C7: limit warming to 4°C (>50%)
POLES EMF30,EMF30_BCOC-EndU,0.2465796044660611,0.485791157921625,0.8008251288311251,0.919462373442,1.02416640427575,0.8807915827023751,0.826493642081999,0.834556449376125,0.72506260028025,0.6293500063638751,C7,C7: limit warming to 4°C (>50%)
POLES EMF30,EMF30_Baseline,0.2465796044660611,0.4803749394277501,0.7935690917295001,0.91741371725025,1.0203144985575,0.881789412279375,0.821469444139125,0.822693045597749,0.719439175745999,0.6228231567423751,C7,C7: limit warming to 4°C (>50%)
POLES EMF30,EMF30_CH4-Only,0.2465796044660611,0.48032070466725,0.79312204877625,0.917455912344,1.020522210939,0.88195206030075,0.822516332545125,0.82403991299025,0.721032349965749,0.6242784936558751,failed-vetting,failed-vetting
POLES EMF30,EMF30_ClimPolicy,0.2465796044660611,0.524003203602,0.8468561504238751,0.8577930062036251,0.9022533576266252,0.707994684858375,0.615277211216624,0.633726650268,0.54491205401775,0.4836723453540001,failed-vetting,failed-vetting
POLES EMF30,EMF30_ClimPolicy+SLCF,0.2465796044660611,0.5274964510233751,0.845784620083124,0.8542778735936251,0.90235895788125,0.72132445253475,0.6328672205985,0.6483725110485,0.55575225490275,0.494442952464375,failed-vetting,failed-vetting
POLES EMF30,EMF30_D_BCOC-Red,0.2465796044660611,0.4803749394277501,0.7935690917295001,0.91741371725025,1.0203144985575,0.881789412279375,0.821469444139125,0.822693045597749,0.719439175745999,0.6228231567423751,C7,C7: limit warming to 4°C (>50%)
POLES EMF30,EMF30_D_CH4-ClimPolicy,0.2465796044660611,0.48032070466725,0.7931224988572501,0.91745489966175,1.020524461343999,0.881954366965875,0.8225176827881251,0.82405251525825,0.721060086207374,0.6244603826399999,failed-vetting,failed-vetting
POLES EMF30,EMF30_D_CO2-Only,0.2465796044660611,0.5240214881426251,0.84707483352975,0.857526501991499,0.902132060797124,0.7072437809700001,0.6164003320920001,0.634424894679375,0.54508083439275,0.4783452428981239,C4,C4: limit warming to 2°C (>50%)
POLES EMF30,EMF30_D_Frozen-CH4,0.2465796044660611,0.480382084463625,0.793589851715624,0.9173890753155,1.02030853498425,0.8817725342418751,0.8214580233337501,0.8227214007007501,0.719331606386999,0.6227595828011251,C7,C7: limit warming to 4°C (>50%)
POLES EMF30,EMF30_D_Frozen-EF,0.2465796044660611,0.480382084463625,0.793589851715624,0.9173890753155,1.02030853498425,0.8817725342418751,0.8214580233337501,0.8227214007007501,0.719331606386999,0.6227595828011251,C7,C7: limit warming to 4°C (>50%)
POLES EMF30,EMF30_D_Frozen-EF-EndU,0.2465796044660611,0.4803749394277501,0.7935690917295001,0.91741371725025,1.0203144985575,0.881789412279375,0.821469444139125,0.822693045597749,0.719439175745999,0.6228231567423751,C7,C7: limit warming to 4°C (>50%)
POLES EMF30,EMF30_D_Frozen-EF-SLCF,0.2465796044660611,0.480382084463625,0.793589851715624,0.9173890753155,1.02030853498425,0.8817725342418751,0.8214580233337501,0.8227214007007501,0.719331606386999,0.6227595828011251,C7,C7: limit warming to 4°C (>50%)
POLES EMF30,EMF30_SLCF,0.2465796044660611,0.48573225357075,0.8004259069841251,0.9194364937845,1.0243368724545,0.88140273644025,0.8270534865858751,0.83526920889975,0.725972270241375,0.630283249317375,failed-vetting,failed-vetting
POLES EMF30,EMF30_Slower-Action,0.2465796044660611,0.5406862435087489,0.799965024040125,1.0268496746775,1.1482045646265,0.96684408811575,0.8594546489955001,0.76345721006625,0.62775486303975,0.5681455727985,failed-vetting,failed-vetting
POLES EMF30,EMF30_Slower-Action+SLCF,0.2465796044660611,0.54519920569575,0.805433564450249,1.029158365167,1.137351086352,0.9510915906765,0.842969757249,0.747093896449874,0.620203854102749,0.5655169872382501,failed-vetting,failed-vetting
POLES EMF30,EMF30_Slower-to-faster,0.2465796044660611,0.5406862435087489,0.799965024040125,0.9323765475749992,0.9288834126738752,0.768162413100374,0.6455810524263751,0.635520673134,0.5394273106916251,0.4829500778692501,C2,C2: return warming to 1.5°C (>50%) after a high overshoot
POLES EMF30,EMF30_Slower-to-faster+SLCF,0.2465796044660611,0.54519920569575,0.805433564450249,0.9316837041356252,0.94285027000575,0.78289598341575,0.66001621903875,0.6522214349801251,0.552333833447625,0.495736035177375,failed-vetting,failed-vetting
POLES EMF30,EMF30_Slower-to-faster+SLCF+HFC,0.2465796044660611,0.54519920569575,0.805433564450249,0.9316837041356252,0.94285027000575,0.78289598341575,0.66001621903875,0.6522214349801251,0.552333833447625,0.495736035177375,failed-vetting,failed-vetting
POLES EMF33,EMF33_1.5C_cost100,0.246446371078491,0.377327978610992,0.7727134227752691,0.8282420635223391,0.8668169379234311,0.75312042236328,0.6663985848426821,0.6674450635910021,0.6157785058021551,0.5503239035606371,failed-vetting,failed-vetting
POLES EMF33,EMF33_1.5C_full,0.246446371078491,0.3773276507854461,0.78740394115448,0.8354421257972721,0.8755217790603641,0.79180645942688,0.672279834747314,0.6599655747413641,0.6040824651718141,0.522649109363556,failed-vetting,failed-vetting
POLES EMF33,EMF33_1.5C_limbio,0.246446371078491,0.380087167024612,0.6601909995079029,0.7625299692153931,0.7800155282020571,0.720749020576477,0.649472117424011,0.6521310210227971,0.593205094337463,0.50483238697052,failed-vetting,failed-vetting
POLES EMF33,EMF33_1.5C_nofuel,0.246446371078491,0.377328813076019,0.7621111273765561,0.8167934417724599,0.8528792262077322,0.7335937023162841,0.6477968692779541,0.6434438824653621,0.595617353916168,0.51673650741577,failed-vetting,failed-vetting
POLES EMF33,EMF33_Baseline,0.246446371078491,0.3773167729377751,0.7875837087631221,1.00498151779175,1.10547542572021,1.02910041809082,0.9153775572776792,0.878639042377472,0.7896046638488771,0.6658494472503661,C7,C7: limit warming to 4°C (>50%)
POLES EMF33,EMF33_Med2C_cost100,0.246446371078491,0.377327978610992,0.845663905143737,0.9880571365356452,0.9732891321182252,0.85767900943756,0.7249121665954591,0.7022408246994021,0.642428278923035,0.564492166042328,C3,C3: limit warming to 2°C (>67%)
POLES EMF33,EMF33_Med2C_full,0.246446371078491,0.3773167729377751,0.8450307250022892,0.993821442127228,0.9835599660873412,0.8696151971817021,0.7353689670562741,0.706952273845672,0.636263370513916,0.549430072307587,C3,C3: limit warming to 2°C (>67%)
POLES EMF33,EMF33_Med2C_limbio,0.246446371078491,0.37732782959938,0.8545506596565251,0.957240879535675,0.9349682927131652,0.8217498660087591,0.679096341133118,0.6577660441398621,0.5879469513893131,0.5122740864753721,C3,C3: limit warming to 2°C (>67%)
POLES EMF33,EMF33_Med2C_nobeccs,0.246446371078491,0.3773276507854461,0.855068504810332,0.929337680339812,0.9207244515419012,0.83508974313736,0.742677927017212,0.7488692402839661,0.6790007352828981,0.608625113964081,C3,C3: limit warming to 2°C (>67%)
POLES EMF33,EMF33_Med2C_nofuel,0.246446371078491,0.3773289620876311,0.8447792530059811,0.992558062076569,0.977349579334259,0.863033056259154,0.7356353402137761,0.7134742140769961,0.639628708362579,0.552894413471222,C3,C3: limit warming to 2°C (>67%)
POLES EMF33,EMF33_Med2C_none,0.246446371078491,0.377328813076019,0.856299757957458,0.9249135851860052,0.920785009860992,0.835644960403442,0.7503498792648321,0.751433551311492,0.6804141402244571,0.6082410216331481,C3,C3: limit warming to 2°C (>67%)
POLES EMF33,EMF33_WB2C_cost100,0.246446371078491,0.377327978610992,0.8565670847892751,0.9118499755859372,0.904487907886505,0.80686616897583,0.685693740844727,0.6965313553810121,0.6273980140686041,0.538967967033386,C1,C1: limit warming to 1.5°C (>50%) with no or limited overshoot
POLES EMF33,EMF33_WB2C_full,0.246446371078491,0.3773276507854461,0.856583535671234,0.9252539873123172,0.915351510047912,0.8156071901321411,0.6842074394226071,0.6859900951385501,0.607812702655792,0.523762106895447,C1,C1: limit warming to 1.5°C (>50%) with no or limited overshoot
POLES EMF33,EMF33_WB2C_limbio,0.246446371078491,0.3773276507854461,0.8408570289611821,0.846590280532837,0.8888651132583621,0.806856632232665,0.6796833276748661,0.660754442214966,0.582648634910582,0.524693667888641,failed-vetting,failed-vetting
POLES EMF33,EMF33_WB2C_nobeccs,0.246446371078491,0.3773276507854461,0.818852305412292,0.836736142635345,0.884611785411835,0.8093720078468309,0.6679363250732421,0.689795792102814,0.6559432744979861,0.6118937134742729,failed-vetting,failed-vetting
POLES EMF33,EMF33_WB2C_nofuel,0.246446371078491,0.377328813076019,0.856907963752747,0.9131729006767272,0.909431338310242,0.8142705559730531,0.6941426396369931,0.688994288444519,0.6121199131011961,0.517710328102112,C1,C1: limit warming to 1.5°C (>50%) with no or limited overshoot
POLES EMF33,EMF33_WB2C_none,0.246446371078491,0.377328813076019,0.8187191486358629,0.834053337574005,0.8828383684158331,0.796491801738739,0.6697251200675961,0.6837614178657521,0.654099345207214,0.6104303002357481,failed-vetting,failed-vetting
POLES EMF33,EMF33_tax_hi_full,0.246446371078491,0.3744882345199581,0.8430519700050351,1.02626383304596,1.03726625442505,0.9148947596549992,0.763618350028992,0.7160568237304691,0.6274240016937261,0.54246813058853,C4,C4: limit warming to 2°C (>50%)
POLES EMF33,EMF33_tax_hi_none,0.246446371078491,0.374489337205887,0.843066334724425,1.02437448501587,1.03321778774261,0.9222114682197572,0.780980467796326,0.76658046245575,0.6981179714202881,0.62588232755661,C4,C4: limit warming to 2°C (>50%)
POLES EMF33,EMF33_tax_lo_full,0.246446371078491,0.3744882345199581,0.8284838795661931,1.02405560016632,1.07016932964325,0.9794705510139472,0.834393918514252,0.794391214847565,0.7120190262794491,0.6107605695724491,C5,C5: limit warming to 2.5°C (>50%)
POLES EMF33,EMF33_tax_lo_none,0.246446371078491,0.374489337205887,0.8291054964065551,1.02301609516144,1.06699669361115,0.977259993553162,0.8370997309684751,0.79811292886734,0.7274538874626161,0.6498998403549181,C5,C5: limit warming to 2.5°C (>50%)
POLES ENGAGE,EN_INDCi2030_1000,0.2467956393957138,0.2578761875629425,0.4803062379360199,1.643914461135864,2.287071704864502,2.58705472946167,2.084104537963867,2.233614921569824,2.509833097457886,2.643773317337036,C4,C4: limit warming to 2°C (>50%)
POLES ENGAGE,EN_INDCi2030_1000_COV,0.2467956393957138,0.2557320296764374,0.3959530889987945,1.546350717544556,2.295644760131836,2.513244867324829,2.357064485549927,2.227153778076172,2.376897096633911,2.659248113632202,C4,C4: limit warming to 2°C (>50%)
POLES ENGAGE,EN_INDCi2030_1000_COV_NDCp,0.2467956393957138,0.2557321488857269,0.5241934657096863,1.638838410377502,2.29118800163269,2.568098306655884,2.323232412338257,2.22153639793396,2.389610290527344,2.754673957824707,C4,C4: limit warming to 2°C (>50%)
POLES ENGAGE,EN_INDCi2030_1000_NDCp,0.2467956393957138,0.2578780055046081,0.5848569273948669,1.601580023765564,2.335933923721313,2.634491205215454,2.250234365463257,2.265488147735596,2.435120344161988,2.691329717636108,C4,C4: limit warming to 2°C (>50%)
POLES ENGAGE,EN_INDCi2030_1000f,0.2467956393957138,0.2578761875629425,0.4803062379360199,1.640395522117615,2.412417888641357,2.765933990478516,2.750598669052124,2.191275358200073,2.054315090179444,1.983208060264588,C4,C4: limit warming to 2°C (>50%)
POLES ENGAGE,EN_INDCi2030_1000f_COV,0.2467956393957138,0.2557320296764374,0.3959530889987945,1.519318461418152,2.309995889663696,2.635998725891113,2.726413249969482,2.345566511154175,2.156807899475098,2.199232816696167,C4,C4: limit warming to 2°C (>50%)
POLES ENGAGE,EN_INDCi2030_1000f_COV_NDCp,0.2467956393957138,0.2557321488857269,0.5241934657096863,1.563036441802978,2.32497763633728,2.707811117172241,2.705662727355957,2.319643259048462,2.229712724685669,2.21968960762024,C4,C4: limit warming to 2°C (>50%)
POLES ENGAGE,EN_INDCi2030_1000f_NDCp,0.2467956393957138,0.2578780055046081,0.5848569869995117,1.642147183418274,2.440880537033081,2.91497540473938,2.767285346984864,2.237948417663574,2.161166191101074,2.111048698425293,C4,C4: limit warming to 2°C (>50%)
POLES ENGAGE,EN_INDCi2030_1200,0.2467956393957138,0.2578761875629425,0.4803062379360199,1.623512625694275,2.437975168228149,2.852940320968628,2.613125801086426,2.381195545196533,2.480965137481689,2.584342002868652,C4,C4: limit warming to 2°C (>50%)
POLES ENGAGE,EN_INDCi2030_1200f,0.2467956393957138,0.2578761875629425,0.4803062379360199,1.547304391860962,2.481826066970825,2.888107061386108,2.926954030990601,2.532321214675904,2.348678588867188,2.396229267120361,C4,C4: limit warming to 2°C (>50%)
POLES ENGAGE,EN_INDCi2030_1400,0.2467956393957138,0.2578761875629425,0.4803062379360199,1.447404742240906,2.478877544403076,2.952533960342407,3.071673631668091,2.704905271530152,2.556901693344116,2.739261388778687,C5,C5: limit warming to 2.5°C (>50%)
POLES ENGAGE,EN_INDCi2030_1400f,0.2467956393957138,0.2578761875629425,0.4803062379360199,1.438649415969849,2.475257396697998,2.956677436828613,3.066153764724731,2.70568323135376,2.536142826080322,2.631147861480713,C5,C5: limit warming to 2.5°C (>50%)
POLES ENGAGE,EN_INDCi2030_1600,0.2467956393957138,0.2578761875629425,0.4803062379360199,1.355239629745483,2.444683790206909,2.924264669418335,3.026694059371948,2.94783902168274,2.574581861495972,2.740755796432495,C5,C5: limit warming to 2.5°C (>50%)
POLES ENGAGE,EN_INDCi2030_1600f,0.2467956393957138,0.2578761875629425,0.4803062379360199,1.355239629745483,2.444683790206909,2.924264669418335,3.026694059371948,2.94783902168274,2.574581861495972,2.740755796432495,C5,C5: limit warming to 2.5°C (>50%)
POLES ENGAGE,EN_INDCi2030_1800,0.2467956393957138,0.2578761875629425,0.4803062379360199,1.265787839889526,2.342404365539551,2.82392406463623,2.973572731018066,3.059015512466431,2.890638828277588,2.81165075302124,C5,C5: limit warming to 2.5°C (>50%)
POLES ENGAGE,EN_INDCi2030_1800f,0.2467956393957138,0.2578761875629425,0.4803062379360199,1.265787839889526,2.342404365539551,2.82392406463623,2.973572731018066,3.059015512466431,2.890638828277588,2.81165075302124,C5,C5: limit warming to 2.5°C (>50%)
POLES ENGAGE,EN_INDCi2030_2000,0.2467956393957138,0.2578761875629425,0.4803062379360199,1.221786379814148,2.272644758224488,2.79236388206482,2.915431261062622,3.009956359863281,2.907811403274536,2.886930704116821,C5,C5: limit warming to 2.5°C (>50%)
POLES ENGAGE,EN_INDCi2030_2000f,0.2467956393957138,0.2578761875629425,0.4803062379360199,1.221786379814148,2.272644758224488,2.79236388206482,2.915431261062622,3.009956359863281,2.907811403274536,2.886930704116821,C5,C5: limit warming to 2.5°C (>50%)
POLES ENGAGE,EN_INDCi2030_2500,0.2467956393957138,0.2578761875629425,0.4803062379360199,1.021106243133545,1.921541929244995,2.603132486343384,2.657636165618896,2.68191385269165,2.651165008544922,2.615285634994507,C6,C6: limit warming to 3°C (>50%)
POLES ENGAGE,EN_INDCi2030_2500f,0.2467956393957138,0.2578761875629425,0.4803062379360199,1.021106243133545,1.921541929244995,2.603132486343384,2.657636165618896,2.68191385269165,2.651165008544922,2.615285634994507,C6,C6: limit warming to 3°C (>50%)
POLES ENGAGE,EN_INDCi2030_3000,0.2467956393957138,0.2578761875629425,0.4803062379360199,0.9379807710647584,1.585498452186584,2.191090583801269,2.142727136611938,2.233351469039917,2.157359838485718,2.21346640586853,C6,C6: limit warming to 3°C (>50%)
POLES ENGAGE,EN_INDCi2030_3000f,0.2467956393957138,0.2578761875629425,0.4803062379360199,0.9379807710647584,1.585498452186584,2.191090583801269,2.142727136611938,2.233351469039917,2.157359838485718,2.21346640586853,C6,C6: limit warming to 3°C (>50%)
POLES ENGAGE,EN_INDCi2030_300f,0.2467956393957138,0.2578761875629425,0.4803062379360199,1.433539986610413,2.039588928222656,2.60282826423645,2.454638481140137,2.445917844772339,2.490834474563598,2.25806713104248,C2,C2: return warming to 1.5°C (>50%) after a high overshoot
POLES ENGAGE,EN_INDCi2030_400f,0.2467956393957138,0.2578761875629425,0.4803062379360199,1.52007782459259,2.122116565704346,2.542113542556763,2.50253438949585,2.351799488067627,2.481084823608398,2.195377826690674,C2,C2: return warming to 1.5°C (>50%) after a high overshoot
POLES ENGAGE,EN_INDCi2030_500f,0.2467956393957138,0.2578761875629425,0.4803062379360199,1.617196679115295,2.269855260848999,2.66821813583374,2.398288011550904,2.343112945556641,2.449492931365967,2.137107133865356,C3,C3: limit warming to 2°C (>67%)
POLES ENGAGE,EN_INDCi2030_600f,0.2467956393957138,0.2578761875629425,0.4803062379360199,1.626935958862305,2.202112436294556,2.565056324005127,2.198901414871216,2.182471513748169,2.307254076004028,2.024109125137329,C3,C3: limit warming to 2°C (>67%)
POLES ENGAGE,EN_INDCi2030_600f_COV,0.2467956393957138,0.2557320296764374,0.3959530889987945,1.558741450309753,2.160183668136597,2.390827894210815,2.086381435394287,1.939267754554748,2.052759170532227,1.960902333259582,C3,C3: limit warming to 2°C (>67%)
POLES ENGAGE,EN_INDCi2030_600f_COV_NDCp,0.2467956393957138,0.2557321488857269,0.5241934657096863,1.664504766464233,2.168729066848755,2.40428352355957,2.068676710128784,1.913640975952148,1.950729608535766,1.872780799865723,C3,C3: limit warming to 2°C (>67%)
POLES ENGAGE,EN_INDCi2030_600f_NDCp,0.2467956393957138,0.2578780055046081,0.5848569273948669,1.599314212799072,2.167252779006958,2.46610426902771,2.188482999801636,1.980153918266296,2.220369577407837,2.198204040527344,C3,C3: limit warming to 2°C (>67%)
POLES ENGAGE,EN_INDCi2030_700f,0.2467956393957138,0.2578761875629425,0.4803062379360199,1.619400143623352,2.274745941162109,2.631340980529785,2.140047311782837,1.983786344528198,2.137604236602783,1.974908709526062,C3,C3: limit warming to 2°C (>67%)
POLES ENGAGE,EN_INDCi2030_800f,0.2467956393957138,0.2578761875629425,0.4803062379360199,1.628812670707703,2.264001607894897,2.602746963500977,2.088017225265503,1.844279170036316,2.057320594787598,2.152607202529907,C4,C4: limit warming to 2°C (>50%)
POLES ENGAGE,EN_INDCi2030_900,0.2467956393957138,0.2578761875629425,0.4803062379360199,1.379660248756409,2.108835220336914,2.986268997192383,2.278444051742554,2.014917135238647,2.13972282409668,2.216058492660522,C3,C3: limit warming to 2°C (>67%)
POLES ENGAGE,EN_INDCi2030_900f,0.2467956393957138,0.2578761875629425,0.4803062379360199,1.637609720230102,2.382307767868042,2.709796190261841,2.219501733779907,1.890040755271912,1.852259397506714,1.859948992729187,C4,C4: limit warming to 2°C (>50%)
POLES ENGAGE,EN_INDCi2100,0.2467956393957138,0.2578777968883514,0.4414420425891876,1.021652221679688,1.91517984867096,2.581948518753052,2.918161630630493,3.005021333694458,2.870681047439575,2.901859760284424,C7,C7: limit warming to 4°C (>50%)
POLES ENGAGE,EN_INDCi2100_COV,0.2467956393957138,0.2557301521301269,0.3646774291992187,0.938636839389801,1.808326125144958,2.419880628585815,2.740974903106689,2.833626508712769,2.731314659118652,2.756981372833252,C7,C7: limit warming to 4°C (>50%)
POLES ENGAGE,EN_INDCi2100_COV_NDCp,0.2467956393957138,0.2557302713394165,0.5108894109725952,1.205362915992737,2.042591094970703,2.551199913024902,2.73161768913269,2.714655637741089,2.6542649269104,2.583052635192871,C6,C6: limit warming to 3°C (>50%)
POLES ENGAGE,EN_INDCi2100_NDCp,0.2467956393957138,0.2578780055046081,0.5848570466041565,1.276264667510986,2.147073030471802,2.689201354980469,2.866868495941162,2.826748609542847,2.715495824813843,2.627383232116699,C6,C6: limit warming to 3°C (>50%)
POLES ENGAGE,EN_NPi2020_1000,0.2467956393957138,0.2581863105297088,0.7250549793243408,1.923648715019226,2.627636432647705,2.989531278610229,2.56611704826355,2.397200584411621,2.578860998153687,2.776938915252685,C4,C4: limit warming to 2°C (>50%)
POLES ENGAGE,EN_NPi2020_1000_COV,0.2467956393957138,0.255728930234909,0.5499159693717957,1.710603713989258,2.433418750762939,2.738904476165771,2.474838018417358,2.406472444534302,2.494451284408569,2.825115442276001,C4,C4: limit warming to 2°C (>50%)
POLES ENGAGE,EN_NPi2020_1000f,0.2467956393957138,0.2581863105297088,0.5302411913871765,1.566641330718994,2.573507308959961,2.96781063079834,2.922734260559082,2.445691585540771,2.254777193069458,2.261328458786011,C4,C4: limit warming to 2°C (>50%)
POLES ENGAGE,EN_NPi2020_1000f_COV,0.2467956393957138,0.255728930234909,0.4197558760643005,1.410864472389221,2.349660634994507,2.729685068130493,2.806697130203247,2.477517127990723,2.336814880371094,2.337399959564209,C4,C4: limit warming to 2°C (>50%)
POLES ENGAGE,EN_NPi2020_1200,0.2467956393957138,0.2581863105297088,0.59752357006073,1.666943192481995,2.618007659912109,3.051718711853028,2.978446960449219,2.561448574066162,2.607265472412109,2.942462205886841,C4,C4: limit warming to 2°C (>50%)
POLES ENGAGE,EN_NPi2020_1200f,0.2467956393957138,0.2581863105297088,0.4889134466648102,1.392008662223816,2.495382785797119,3.000316143035889,3.068247318267822,2.673317909240723,2.583782196044922,2.689809083938598,C4,C4: limit warming to 2°C (>50%)
POLES ENGAGE,EN_NPi2020_1400,0.2467956393957138,0.2581863105297088,0.4721676111221313,1.28316855430603,2.428523063659668,2.952157497406006,3.11285138130188,2.988658905029297,2.544527292251587,2.688500881195068,C5,C5: limit warming to 2.5°C (>50%)
POLES ENGAGE,EN_NPi2020_1400f,0.2467956393957138,0.2581863105297088,0.4671728610992431,1.246403694152832,2.405545234680176,2.922029256820679,3.118131875991821,3.029996633529663,2.544878005981445,2.631336212158203,C5,C5: limit warming to 2.5°C (>50%)
POLES ENGAGE,EN_NPi2020_1600,0.2467956393957138,0.2581863105297088,0.4721676111221313,1.147485017776489,2.294506788253784,2.856773138046265,3.029747486114502,3.065982341766357,2.778815269470215,2.693331480026245,C5,C5: limit warming to 2.5°C (>50%)
POLES ENGAGE,EN_NPi2020_1600f,0.2467956393957138,0.2581863105297088,0.4721676111221313,1.147485017776489,2.294506549835205,2.856773138046265,3.029973030090332,3.067203521728516,2.78226637840271,2.7098069190979,C5,C5: limit warming to 2.5°C (>50%)
POLES ENGAGE,EN_NPi2020_1800,0.2467956393957138,0.2581863105297088,0.4721676111221313,1.034333109855652,2.191739320755005,2.769503355026245,2.962337017059326,3.121239900588989,2.925121784210205,2.60901403427124,C5,C5: limit warming to 2.5°C (>50%)
POLES ENGAGE,EN_NPi2020_1800f,0.2467956393957138,0.2581863105297088,0.4721676111221313,1.034333109855652,2.191739320755005,2.769503355026245,2.962337017059326,3.121239900588989,2.925121784210205,2.60901403427124,C5,C5: limit warming to 2.5°C (>50%)
POLES ENGAGE,EN_NPi2020_2000,0.2467956393957138,0.2581863105297088,0.4721676111221313,1.002697110176086,2.059895753860474,2.687833309173584,2.825034379959106,2.979961156845093,2.836524248123169,2.826132297515869,C5,C5: limit warming to 2.5°C (>50%)
POLES ENGAGE,EN_NPi2020_2000f,0.2467956393957138,0.2581863105297088,0.4721676111221313,1.002697110176086,2.059895753860474,2.687833309173584,2.825034379959106,2.979961156845093,2.836524248123169,2.826132297515869,C5,C5: limit warming to 2.5°C (>50%)
POLES ENGAGE,EN_NPi2020_2500,0.2467956393957138,0.2581863105297088,0.4353735446929931,0.9053780436515808,1.7466721534729,2.47684645652771,2.635366678237915,2.68934965133667,2.576090574264526,2.487049102783203,C6,C6: limit warming to 3°C (>50%)
POLES ENGAGE,EN_NPi2020_2500f,0.2467956393957138,0.2581863105297088,0.4353735446929931,0.9053780436515808,1.7466721534729,2.47684645652771,2.635366678237915,2.68934965133667,2.576090574264526,2.487049102783203,C6,C6: limit warming to 3°C (>50%)
POLES ENGAGE,EN_NPi2020_3000,0.2467956393957138,0.2581863105297088,0.4721676111221313,0.9642884731292723,1.685914516448975,2.248982906341553,2.163987398147583,2.112753868103028,2.05115532875061,2.071891784667969,C6,C6: limit warming to 3°C (>50%)
POLES ENGAGE,EN_NPi2020_3000f,0.2467956393957138,0.2581863105297088,0.4721676111221313,0.9642884731292723,1.685914516448975,2.248982906341553,2.163987398147583,2.112753868103028,2.05115532875061,2.071891784667969,C6,C6: limit warming to 3°C (>50%)
POLES ENGAGE,EN_NPi2020_300f,0.2467956393957138,0.2581863105297088,0.8897948861122131,2.029106855392456,2.50823712348938,2.852351903915405,2.265961408615112,2.054131984710693,2.190646409988404,1.897398591041565,C2,C2: return warming to 1.5°C (>50%) after a high overshoot
POLES ENGAGE,EN_NPi2020_400f,0.2467956393957138,0.2581863105297088,0.8559357523918152,1.979536414146424,2.462604522705078,2.788947820663452,2.219340324401855,1.918185591697693,1.970164895057678,2.022218942642212,C2,C2: return warming to 1.5°C (>50%) after a high overshoot
POLES ENGAGE,EN_NPi2020_500,0.2467956393957138,0.2581863105297088,0.9524707198143004,1.786102533340454,2.518172025680542,2.720536947250366,2.392455101013184,2.106609582901001,2.169392824172974,2.502748012542725,C3,C3: limit warming to 2°C (>67%)
POLES ENGAGE,EN_NPi2020_500f,0.2467956393957138,0.2581863105297088,0.8066241145133972,1.965753078460693,2.499836921691895,2.734885454177856,2.184711217880249,1.895712971687317,2.159951448440552,2.085541009902954,C3,C3: limit warming to 2°C (>67%)
POLES ENGAGE,EN_NPi2020_600,0.2467956393957138,0.2581863105297088,0.8560016751289368,1.872175931930542,2.443590402603149,2.814054012298584,2.455240964889526,2.326935768127441,2.590164184570312,2.797632932662964,C3,C3: limit warming to 2°C (>67%)
POLES ENGAGE,EN_NPi2020_600f,0.2467956393957138,0.2581863105297088,0.7398566603660583,1.89930784702301,2.5455322265625,2.832375288009644,2.218400478363037,1.899081349372864,1.862385272979736,1.897276639938354,C3,C3: limit warming to 2°C (>67%)
POLES ENGAGE,EN_NPi2020_600f_COV,0.2467956393957138,0.255728930234909,0.6194615364074707,1.785829305648804,2.381351709365845,2.592718362808228,2.174924850463867,1.740052700042725,1.898574233055115,1.85332715511322,C3,C3: limit warming to 2°C (>67%)
POLES ENGAGE,EN_NPi2020_700,0.2467956393957138,0.2581863105297088,0.9037922024726868,2.025139331817627,2.54049015045166,2.925648212432861,2.259329080581665,2.227550983428955,2.395182132720948,2.83301305770874,C3,C3: limit warming to 2°C (>67%)
POLES ENGAGE,EN_NPi2020_700f,0.2467956393957138,0.2581863105297088,0.6679150462150574,1.870852470397949,2.576164484024048,2.871110439300537,2.391405344009399,1.856362342834473,1.828089475631714,1.875891208648682,C3,C3: limit warming to 2°C (>67%)
POLES ENGAGE,EN_NPi2020_800,0.2467956393957138,0.2581863105297088,0.815961480140686,1.968892335891724,2.553128004074097,2.882628917694092,2.428175210952759,2.282861948013306,2.464370489120483,2.823903799057007,C3,C3: limit warming to 2°C (>67%)
POLES ENGAGE,EN_NPi2020_800f,0.2467956393957138,0.2581863105297088,0.6209989786148071,1.76590096950531,2.593152284622192,2.935266494750977,2.75322961807251,2.107016801834106,1.986798644065857,1.959707260131836,C4,C4: limit warming to 2°C (>50%)
POLES ENGAGE,EN_NPi2020_900,0.2467956393957138,0.2581863105297088,0.7406849265098572,1.899407863616944,2.575587511062622,2.977897882461548,2.48652172088623,2.285027742385864,2.455492496490479,2.788854837417603,C3,C3: limit warming to 2°C (>67%)
POLES ENGAGE,EN_NPi2020_900f,0.2467956393957138,0.2581863105297088,0.5774271488189697,1.674066305160522,2.581152677536011,2.952831268310547,2.827883243560791,2.37871241569519,2.185881614685059,2.14377236366272,C4,C4: limit warming to 2°C (>50%)
POLES ENGAGE,EN_NPi2100,0.2467956393957138,0.260736882686615,0.4851926267147064,0.9239346981048584,1.642287850379944,2.202567338943481,2.627655506134033,2.78456711769104,2.762480735778809,2.995003461837769,C7,C7: limit warming to 4°C (>50%)
POLES ENGAGE,EN_NPi2100_COV,0.2467956393957138,0.2585693597793579,0.4009549021720886,0.8300843238830566,1.52358865737915,2.074017286300659,2.48870062828064,2.689366102218628,2.734852313995361,2.900434970855713,C7,C7: limit warming to 4°C (>50%)
POLES GECO2019,CO_2Deg2020,0.2467956393957138,0.2577569782733917,0.6152790784835815,1.764564156532288,2.558303594589233,2.913650989532471,2.712473392486572,2.032782316207886,1.879325985908508,1.907058954238892,C3,C3: limit warming to 2°C (>67%)
POLES GECO2019,CO_2Deg2030,0.2467956393957138,0.2578800320625305,0.4394876062870025,1.494281768798828,2.068215131759644,2.427492618560791,2.132307291030884,1.861100792884827,1.820495963096619,1.984601378440857,C3,C3: limit warming to 2°C (>67%)
POLES GECO2019,CO_BAU,0.2467956393957138,0.2602573037147522,0.445919930934906,0.837548017501831,1.553646802902222,2.137861013412476,2.627433300018311,2.811825037002563,2.820632696151733,3.031724214553833,C7,C7: limit warming to 4°C (>50%)
POLES GECO2019,CO_Bridge,0.2467956393957138,0.2583428919315338,0.828373908996582,2.194334268569946,2.978814125061035,3.549075365066528,2.180114984512329,1.738773941993713,1.789890170097351,1.695387721061706,C2,C2: return warming to 1.5°C (>50%) after a high overshoot
POLES GECO2019,CO_Bridge_notax,0.2467956393957138,0.2583428919315338,0.4835656881332397,1.682599902153015,2.174909830093384,2.663468599319458,2.072121143341064,1.959024429321289,1.796640515327454,1.801968216896057,C4,C4: limit warming to 2°C (>50%)
POLES GECO2019,CO_CurPol,0.2467956393957138,0.2578669786453247,0.3960842788219452,0.8093659281730652,1.554150700569153,2.150402784347534,2.60550332069397,2.76806116104126,2.786863088607788,3.010249614715576,C7,C7: limit warming to 4°C (>50%)
POLES GECO2019,CO_GPP,0.2467956393957138,0.2583428919315338,0.828373908996582,1.8783438205719,2.665376663208008,3.193045139312744,2.865020275115967,2.81134819984436,2.84581995010376,2.796626567840576,C5,C5: limit warming to 2.5°C (>50%)
POLES GECO2019,CO_GPP_notax,0.2467956393957138,0.2583427131175995,0.4830474853515625,1.166454672813416,1.876964926719665,2.601625919342041,2.998461008071899,2.934329509735107,3.002649784088135,2.92655086517334,C7,C7: limit warming to 4°C (>50%)
POLES GECO2019,CO_NDC_2050convergence,0.2467956393957138,0.2578800022602081,0.4388491213321686,1.086357831954956,2.19147801399231,2.856839418411255,3.099966526031494,2.973344087600708,2.949617385864258,3.047899723052979,C6,C6: limit warming to 3°C (>50%)
POLES GECO2019,CO_NDCplus,0.2467956393957138,0.2578800022602081,0.4388491213321686,1.008743405342102,1.916875720024109,2.623100519180298,2.945636034011841,2.998568296432495,2.881803512573242,2.954619169235229,C7,C7: limit warming to 4°C (>50%)
REMIND 1.6,EMF30_BCOC-EndU,0.284669599999999,0.357081,0.8550995000000001,1.0221868,1.089277,1.1734655,1.2128624,1.2320081,1.1729751,1.2320081,C7,C7: limit warming to 4°C (>50%)
REMIND 1.6,EMF30_Baseline,0.284669599999999,0.39944,0.8921766999999989,1.0218197,1.0819788,1.151091,1.1944734,1.2320081,1.1727606,1.2320081,C7,C7: limit warming to 4°C (>50%)
REMIND 1.6,EMF30_CH4-Only,0.284669599999999,0.3880752,0.8923306999999989,1.0357834,1.104472,1.1685446,1.2074905,1.2320081,1.157496699999999,1.2320081,C7,C7: limit warming to 4°C (>50%)
REMIND 1.6,EMF30_ClimPolicy,0.284669599999999,0.586572099999999,1.1571341,1.229051199999999,1.2314183,1.2053038,1.163350899999999,1.2320081,1.1485357,1.2320081,failed-vetting,failed-vetting
REMIND 1.6,EMF30_ClimPolicy+SLCF,0.284669599999999,0.5910579,1.1638419,1.2285683,1.231448699999999,1.2320081,1.2320081,1.2320081,1.140056999999999,1.2320081,failed-vetting,failed-vetting
REMIND 1.6,EMF30_D_BCOC-Red,0.284669599999999,0.39944,0.8921766999999989,1.0218197,1.0819788,1.151091,1.1944734,1.2320081,1.1727606,1.2320081,C7,C7: limit warming to 4°C (>50%)
REMIND 1.6,EMF30_D_CH4-ClimPolicy,0.284669599999999,0.3607758,0.8508382999999989,1.0164186,1.0726613,1.1539045,1.1977163,1.2320081,1.1352109,1.2172075,C7,C7: limit warming to 4°C (>50%)
REMIND 1.6,EMF30_D_CO2-Only,0.284669599999999,0.5692273,1.139626,1.2292272,1.2312808,1.2196506,1.177352899999999,1.2320081,1.1465248,1.2320081,failed-vetting,failed-vetting
REMIND 1.6,EMF30_D_Frozen-CH4,0.284669599999999,0.359850799999999,0.8581861999999991,1.0231477,1.0915741,1.1752767,1.2143646,1.2320081,1.1722257,1.2320081,C8,C8: exceed warming of 4°C (>=50%)
REMIND 1.6,EMF30_D_Frozen-EF,0.284669599999999,0.3977189,0.8925203000000002,1.020636,1.080578,1.1526993,1.1957877,1.2320081,1.1755155,1.2320081,C8,C8: exceed warming of 4°C (>=50%)
REMIND 1.6,EMF30_D_Frozen-EF-EndU,0.284669599999999,0.4005347,0.8953379000000001,1.021869,1.0825774,1.150913699999999,1.194352399999999,1.2320081,1.1731783,1.2320081,C7,C7: limit warming to 4°C (>50%)
REMIND 1.6,EMF30_D_Frozen-EF-SLCF,0.284669599999999,0.400312,0.8931865999999999,1.0226144,1.0850026,1.1536426,1.1964158,1.2320081,1.1728476,1.2320081,C8,C8: exceed warming of 4°C (>=50%)
REMIND 1.6,EMF30_SLCF,0.284669599999999,0.3894666,0.9091744,1.0573331,1.1330608,1.1831888,1.2181877,1.2320081,1.164665399999999,1.2320081,C7,C7: limit warming to 4°C (>50%)
REMIND 1.6,EMF30_Slower-Action,0.284669599999999,0.3962565,0.8704143999999999,1.0627056,1.181989399999999,1.2313655,1.2320081,1.2320081,1.0860257,1.1899948,C7,C7: limit warming to 4°C (>50%)
REMIND 1.6,EMF30_Slower-Action+SLCF,0.284669599999999,0.4224267,0.966576,1.1942458,1.230180699999999,1.2320081,1.230562,1.2320081,1.1410701,1.2320081,C6,C6: limit warming to 3°C (>50%)
REMIND 1.6,EMF30_Slower-to-faster,0.284669599999999,0.3962565,0.8704143999999999,1.1611241,1.2320081,1.2282965,1.2289671,1.2320081,1.1457669,1.2320081,C3,C3: limit warming to 2°C (>67%)
REMIND 1.6,EMF30_Slower-to-faster+SLCF,0.284669599999999,0.4224267,0.966576,1.215648399999999,1.2313819,1.2296018,1.227801699999999,1.2320081,1.1472251,1.2320081,C3,C3: limit warming to 2°C (>67%)
REMIND 1.6,EMF30_Slower-to-faster+SLCF+HFC,0.284669599999999,0.4224267,0.966576,1.2157506,1.2311696,1.2296018,1.2257487,1.2320081,1.1480278,1.2320081,C3,C3: limit warming to 2°C (>67%)
REMIND 1.7,ADVANCE_2020_1.5C-2100,0.2847,0.3855,1.1081,1.2281,1.2268,1.2204,1.232,1.232,1.169,1.2313,C1,C1: limit warming to 1.5°C (>50%) with no or limited overshoot
REMIND 1.7,ADVANCE_2020_Med2C,0.2847,0.3855,1.0095,1.2183,1.2299,1.2282,1.2271,1.232,1.1156,1.1939,C3,C3: limit warming to 2°C (>67%)
REMIND 1.7,ADVANCE_2020_WB2C,0.2847,0.3855,1.0626,1.2227,1.2311,1.2182,1.2298,1.232,1.1409,1.232,C2,C2: return warming to 1.5°C (>50%) after a high overshoot
REMIND 1.7,ADVANCE_2030_1.5C-2100,0.2847,0.3855,0.8629,1.1836,1.2302,1.2315,1.218,1.232,1.1414,1.232,C2,C2: return warming to 1.5°C (>50%) after a high overshoot
REMIND 1.7,ADVANCE_2030_Med2C,0.2847,0.3855,0.8629,1.1393,1.2296,1.2315,1.2302,1.232,1.1131,1.199,C4,C4: limit warming to 2°C (>50%)
REMIND 1.7,ADVANCE_2030_Price1.5C,0.2847,0.3855,0.8629,1.1839,1.2319,1.2315,1.2217,1.232,1.1435,1.232,C2,C2: return warming to 1.5°C (>50%) after a high overshoot
REMIND 1.7,ADVANCE_2030_WB2C,0.2847,0.3855,0.8629,1.1661,1.232,1.2315,1.2259,1.232,1.136,1.2277,C2,C2: return warming to 1.5°C (>50%) after a high overshoot
REMIND 1.7,ADVANCE_INDC,0.2847,0.3855,0.8629,1.0415,1.1301,1.2033,1.232,1.232,1.1424,1.232,C6,C6: limit warming to 3°C (>50%)
REMIND 1.7,ADVANCE_NoPolicy,0.2847,0.408,0.9071,1.0267,1.0899,1.153,1.198,1.232,1.1744,1.232,C7,C7: limit warming to 4°C (>50%)
REMIND 1.7,ADVANCE_Reference,0.2847,0.3855,0.8551000000000001,1.0327,1.1231,1.204,1.232,1.232,1.1593,1.232,C7,C7: limit warming to 4°C (>50%)
REMIND 1.7,CEMICS-1.5-CDR12,0.2847,0.4281,1.1429,1.2276,1.2304,1.2128,1.232,1.232,1.1454,1.2254,C1,C1: limit warming to 1.5°C (>50%) with no or limited overshoot
REMIND 1.7,CEMICS-1.5-CDR20,0.2847,0.4281,1.1043,1.2295,1.2294,1.2242,1.2157,1.230999999999999,1.1793,1.232,C1,C1: limit warming to 1.5°C (>50%) with no or limited overshoot
REMIND 1.7,CEMICS-1.5-CDR8,0.2847,0.4281,1.1666,1.2285,1.2286,1.2073,1.2316,1.232,1.1265,1.2169,C1,C1: limit warming to 1.5°C (>50%) with no or limited overshoot
REMIND 1.7,CEMICS-2.0-CDR12,0.2847,0.4281,1.0791,1.2265,1.2305,1.2204,1.2295,1.232,1.1156,1.2187,C2,C2: return warming to 1.5°C (>50%) after a high overshoot
REMIND 1.7,CEMICS-2.0-CDR20,0.2847,0.4281,1.0553,1.2198,1.232,1.2288,1.232,1.232,1.1322,1.232,C2,C2: return warming to 1.5°C (>50%) after a high overshoot
REMIND 1.7,CEMICS-2.0-CDR8,0.2847,0.4281,1.1067,1.2294,1.2292,1.2228,1.232,1.232,1.1363,1.232,C1,C1: limit warming to 1.5°C (>50%) with no or limited overshoot
REMIND 1.7,CEMICS-Ref,0.2847,0.397,0.8945000000000001,1.0598,1.1341,1.1979,1.232,1.232,1.1603,1.232,C7,C7: limit warming to 4°C (>50%)
REMIND 2.1,CEMICS_GDPgrowth_1p5,0.3088,0.8496,1.344,1.3423,1.3142,1.2759,1.3019,1.3415,1.3017,1.344,C1,C1: limit warming to 1.5°C (>50%) with no or limited overshoot
REMIND 2.1,CEMICS_GDPgrowth_2C,0.3088,0.8496,1.3282,1.3423,1.337,1.3188,1.2956,1.2551,1.1707,1.232,C3,C3: limit warming to 2°C (>67%)
REMIND 2.1,CEMICS_HotellingConst_1p5,0.3088,0.8496,1.344,1.3404,1.3196,1.334,1.3368,1.344,1.305,1.344,C1,C1: limit warming to 1.5°C (>50%) with no or limited overshoot
REMIND 2.1,CEMICS_HotellingConst_2C,0.3088,0.8496,1.3189,1.341,1.3268,1.298,1.2713,1.2391,1.1626,1.2363,C3,C3: limit warming to 2°C (>67%)
REMIND 2.1,CEMICS_Linear_1p5,0.3088,0.8496,1.344,1.3305,1.2624,1.2399,1.3189,1.344,1.288,1.344,C1,C1: limit warming to 1.5°C (>50%) with no or limited overshoot
REMIND 2.1,CEMICS_Linear_2C,0.3088,0.8496,1.3196,1.3416,1.3312,1.3083,1.2808,1.2446,1.1605,1.2376,C3,C3: limit warming to 2°C (>67%)
REMIND 2.1,CEMICS_NPI,0.3088,0.8496,1.2798,1.3057,1.2246,1.1483,1.1939,1.2478,1.1722,1.2277,C7,C7: limit warming to 4°C (>50%)
REMIND 2.1,CEMICS_opt_1p5,0.3088,0.8496,1.344,1.3397,1.2746,1.2355,1.2237,1.232,1.1777,1.208,C1,C1: limit warming to 1.5°C (>50%) with no or limited overshoot
REMIND 2.1,CEMICS_opt_2C,0.3088,0.8496,1.3181,1.3397,1.3089,1.2803,1.2564,1.2346,1.159,1.2202,C3,C3: limit warming to 2°C (>67%)
REMIND 2.1,LeastTotalCost_Base_brkLR15_SSP1_P50,0.3298,0.9179,1.2774,1.3243,1.2012,1.1028,1.0642,1.0626,0.976,1.0275,C6,C6: limit warming to 3°C (>50%)
REMIND 2.1,LeastTotalCost_Base_brkLR15_SSP2_P50,0.3097,0.8055,1.2834,1.3191,1.2318,1.1215,1.1393,1.1917,1.1459,1.2134,C7,C7: limit warming to 4°C (>50%)
REMIND 2.1,LeastTotalCost_Base_brkLR15_SSP5_P50,0.3021,0.7212,1.162,1.2742,1.3384,1.344,1.344,1.344,1.3231,1.344,C8,C8: exceed warming of 4°C (>=50%)
REMIND 2.1,LeastTotalCost_Base_brkSR15_SSP1_P50,0.3298,0.9125,1.2862,1.3203,1.203,1.1039,1.0698,1.0584,0.9684,1.0357,C6,C6: limit warming to 3°C (>50%)
REMIND 2.1,LeastTotalCost_Base_brkSR15_SSP2_P50,0.3107,0.7976,1.2867,1.321,1.2417,1.1474,1.1635,1.1977,1.1531,1.219,C7,C7: limit warming to 4°C (>50%)
REMIND 2.1,LeastTotalCost_Base_brkSR15_SSP5_P50,0.301,0.6934,1.1801,1.309,1.3361,1.3373,1.344,1.344,1.3259,1.344,C8,C8: exceed warming of 4°C (>=50%)
REMIND 2.1,LeastTotalCost_CBA_brkLR15_SSP2_P50,0.3088,0.8516,1.3415,1.344,1.3314,1.2968,1.2697,1.2429,1.1804,1.2432,C3,C3: limit warming to 2°C (>67%)
REMIND 2.1,LeastTotalCost_CBA_brkSR15_SSP2_P50,0.3088,0.8516,1.3203,1.3423,1.3391,1.3404,1.3122,1.2661,1.1679,1.232,C3,C3: limit warming to 2°C (>67%)
REMIND 2.1,LeastTotalCost_CEA_brkLR15_SSP2_P50,0.3088,0.8516,1.3186,1.3417,1.3342,1.3229,1.2938,1.253,1.1552,1.2283,C3,C3: limit warming to 2°C (>67%)
REMIND 2.1,LeastTotalCost_CEA_brkSR15_SSP2_P50,0.3088,0.8516,1.3182,1.3416,1.3393,1.3395,1.3091,1.2632,1.1601,1.232,C3,C3: limit warming to 2°C (>67%)
REMIND 2.1,LeastTotalCost_LTC_brkLR15_SSP1_P50,0.3088,0.8516,1.3344,1.343,1.2814,1.2047,1.163,1.072,0.8942,0.8552,C1,C1: limit warming to 1.5°C (>50%) with no or limited overshoot
REMIND 2.1,LeastTotalCost_LTC_brkLR15_SSP2_P50,0.3088,0.8516,1.3415,1.344,1.3314,1.2968,1.2697,1.243,1.1806,1.2448,C3,C3: limit warming to 2°C (>67%)
REMIND 2.1,LeastTotalCost_LTC_brkLR15_SSP5_P50,0.3088,0.8516,1.3367,1.344,1.3417,1.3361,1.344,1.344,1.3079,1.344,C3,C3: limit warming to 2°C (>67%)
REMIND 2.1,LeastTotalCost_LTC_brkSR15_SSP1_P50,0.3088,0.8516,1.3188,1.3409,1.2924,1.2333,1.149,1.0459,0.8964,0.8687,C2,C2: return warming to 1.5°C (>50%) after a high overshoot
REMIND 2.1,LeastTotalCost_LTC_brkSR15_SSP2_P50,0.3088,0.8516,1.3214,1.3423,1.342,1.3385,1.3087,1.2636,1.1645,1.232,C3,C3: limit warming to 2°C (>67%)
REMIND 2.1,LeastTotalCost_LTC_brkSR15_SSP5_P50,0.3088,0.8516,1.3281,1.344,1.3417,1.339,1.344,1.344,1.2953,1.344,C3,C3: limit warming to 2°C (>67%)
REMIND 2.1,LeastTotalCost_NDC_brkLR15_SSP2_P50,0.3097,0.8601,1.3003,1.3387,1.3337,1.304,1.2793,1.2435,1.1664,1.225,C5,C5: limit warming to 2.5°C (>50%)
REMIND 2.1,LeastTotalCost_NDC_brkSR15_SSP2_P50,0.3107,0.8483,1.296,1.3386,1.3415,1.3384,1.3186,1.272,1.1754,1.232,C5,C5: limit warming to 2.5°C (>50%)
REMIND 2.1,LeastTotalCost_NPi_brkLR15_SSP1_P50,0.3097,0.8601,1.2614,1.317,1.2289,1.1263,1.066,1.099,1.0443,1.0608,C5,C5: limit warming to 2.5°C (>50%)
REMIND 2.1,LeastTotalCost_NPi_brkLR15_SSP2_P50,0.3097,0.8601,1.2887,1.3093,1.2155,1.1093,1.1366,1.1948,1.1507,1.1994,C7,C7: limit warming to 4°C (>50%)
REMIND 2.1,LeastTotalCost_NPi_brkLR15_SSP5_P50,0.3097,0.8601,1.2607,1.3215,1.3378,1.344,1.344,1.344,1.3272,1.344,C8,C8: exceed warming of 4°C (>=50%)
REMIND 2.1,LeastTotalCost_NPi_brkSR15_SSP1_P50,0.3107,0.8483,1.2683,1.3247,1.2418,1.1593,1.1238,1.1241,1.0191,1.0301,C5,C5: limit warming to 2.5°C (>50%)
REMIND 2.1,LeastTotalCost_NPi_brkSR15_SSP2_P50,0.3107,0.8483,1.2831,1.3099,1.2304,1.1459,1.171,1.2177,1.1474,1.2127,C7,C7: limit warming to 4°C (>50%)
REMIND 2.1,LeastTotalCost_NPi_brkSR15_SSP5_P50,0.3107,0.8483,1.2702,1.327,1.3385,1.3402,1.344,1.344,1.321,1.344,C8,C8: exceed warming of 4°C (>=50%)
REMIND 2.1,R2p1_SSP1-Base,0.3362,0.9106,1.2823,1.3306,1.235,1.1152,1.0439,0.9535,0.8233,0.8418,C6,C6: limit warming to 3°C (>50%)
REMIND 2.1,R2p1_SSP1-NDC,0.3206,0.8687,1.2933,1.3344,1.2572,1.1541,1.0339,0.8792,0.691,0.7268,C5,C5: limit warming to 2.5°C (>50%)
REMIND 2.1,R2p1_SSP1-NPi,0.3206,0.8687,1.2771,1.3253,1.2309,1.1164,1.0682,1.0449,0.9491,0.8839,C5,C5: limit warming to 2.5°C (>50%)
REMIND 2.1,R2p1_SSP1-PkBudg1100,0.3206,0.8687,1.3129,1.3403,1.2679,1.1606,1.0335,0.8887,0.7333,0.7272,C2,C2: return warming to 1.5°C (>50%) after a high overshoot
REMIND 2.1,R2p1_SSP1-PkBudg1300,0.3206,0.8687,1.3098,1.339,1.2662,1.1633,1.0374,0.8754,0.701,0.7005,C2,C2: return warming to 1.5°C (>50%) after a high overshoot
REMIND 2.1,R2p1_SSP1-PkBudg900,0.3206,0.8687,1.3221,1.3338,1.2515,1.0788,0.9375,0.8251,0.7271,0.6969,C1,C1: limit warming to 1.5°C (>50%) with no or limited overshoot
REMIND 2.1,R2p1_SSP2-Base,0.3206,0.8216,1.2878,1.3294,1.2857,1.2118,1.1915,1.1916,1.1188,1.2026,C7,C7: limit warming to 4°C (>50%)
REMIND 2.1,R2p1_SSP2-NDC,0.3206,0.8687,1.3011,1.3393,1.3046,1.2712,1.2415,1.2331,1.1652,1.2294,C5,C5: limit warming to 2.5°C (>50%)
REMIND 2.1,R2p1_SSP2-NPi,0.3206,0.8687,1.2951,1.3316,1.2833,1.2364,1.2436,1.2379,1.143,1.2059,C7,C7: limit warming to 4°C (>50%)
REMIND 2.1,R2p1_SSP2-PkBudg1100,0.3206,0.8687,1.318,1.3432,1.3115,1.2816,1.2476,1.2364,1.1621,1.231,C3,C3: limit warming to 2°C (>67%)
REMIND 2.1,R2p1_SSP2-PkBudg1300,0.3206,0.8687,1.3158,1.3432,1.305,1.2714,1.2405,1.2331,1.1652,1.231,C3,C3: limit warming to 2°C (>67%)
REMIND 2.1,R2p1_SSP2-PkBudg900,0.3206,0.8687,1.3255,1.3407,1.3064,1.2722,1.2395,1.2336,1.1766,1.2883,C1,C1: limit warming to 1.5°C (>50%) with no or limited overshoot
REMIND 2.1,R2p1_SSP5-Base,0.3134,0.7351,1.1949,1.2988,1.3396,1.3391,1.344,1.344,1.3229,1.344,C8,C8: exceed warming of 4°C (>=50%)
REMIND 2.1,R2p1_SSP5-NDC,0.3206,0.8687,1.2744,1.336,1.3395,1.3421,1.344,1.344,1.2991,1.344,C7,C7: limit warming to 4°C (>50%)
REMIND 2.1,R2p1_SSP5-NPi,0.3206,0.8687,1.264,1.3215,1.3395,1.3432,1.344,1.344,1.314,1.344,C8,C8: exceed warming of 4°C (>=50%)
REMIND 2.1,R2p1_SSP5-PkBudg1100,0.3206,0.8687,1.3152,1.344,1.3395,1.344,1.344,1.344,1.2936,1.344,C2,C2: return warming to 1.5°C (>50%) after a high overshoot
REMIND 2.1,R2p1_SSP5-PkBudg1300,0.3206,0.8687,1.3128,1.344,1.3395,1.344,1.344,1.344,1.2843,1.344,C3,C3: limit warming to 2°C (>67%)
REMIND 2.1,R2p1_SSP5-PkBudg900,0.3206,0.8687,1.3298,1.344,1.339,1.3389,1.344,1.344,1.3015,1.344,C1,C1: limit warming to 1.5°C (>50%) with no or limited overshoot
REMIND 2.1,TechCost-SSP2-B1100-bioH,0.3088,0.8473,1.3124,1.3428,1.3084,1.2814,1.247,1.2356,1.1528,1.232,C3,C3: limit warming to 2°C (>67%)
REMIND 2.1,TechCost-SSP2-B1100-ccsH,0.3088,0.8476,1.3129,1.3426,1.3232,1.3004,1.2641,1.2415,1.1581,1.232,C3,C3: limit warming to 2°C (>67%)
REMIND 2.1,TechCost-SSP2-B1100-coalH,0.3088,0.8255,1.3078,1.3419,1.3194,1.2925,1.256,1.2391,1.164,1.232,C3,C3: limit warming to 2°C (>67%)
REMIND 2.1,TechCost-SSP2-B1100-elh2H,0.3088,0.844,1.3125,1.3427,1.3252,1.3008,1.2631,1.2413,1.1644,1.232,C3,C3: limit warming to 2°C (>67%)
REMIND 2.1,TechCost-SSP2-B1100-gasH,0.3088,0.8479,1.3121,1.3417,1.3254,1.3007,1.2635,1.2411,1.1626,1.232,C3,C3: limit warming to 2°C (>67%)
REMIND 2.1,TechCost-SSP2-B1100-nucH,0.3088,0.8426,1.3134,1.3397,1.3271,1.3034,1.2669,1.2422,1.1881,1.232,C3,C3: limit warming to 2°C (>67%)
REMIND 2.1,TechCost-SSP2-B1100-oilH,0.3088,0.8483,1.3142,1.3405,1.3101,1.2823,1.2481,1.236,1.1642,1.232,C3,C3: limit warming to 2°C (>67%)
REMIND 2.1,TechCost-SSP2-B1100-spvH,0.3088,0.8468,1.3115,1.3394,1.2892,1.2525,1.1811,1.1945,1.1465,1.21,C3,C3: limit warming to 2°C (>67%)
REMIND 2.1,TechCost-SSP2-B1100-windH,0.3088,0.8523000000000001,1.3125,1.3083,1.2004,1.0634,1.0123,1.0159,0.9703,1.0271,C3,C3: limit warming to 2°C (>67%)
REMIND-Buildings 2.0,BEG-Base,0.3147,0.8166,1.2608,1.3362,1.2884,1.2483,1.2929,1.3427,1.2977,1.3424,C7,C7: limit warming to 4°C (>50%)
REMIND-Buildings 2.0,BEG-Budg600,0.3147,0.8166,1.3417,1.3427,1.3401,1.327,1.3265,1.344,1.2935,1.344,C2,C2: return warming to 1.5°C (>50%) after a high overshoot
REMIND-Buildings 2.0,BEG-Budg600-EG,0.3147,0.8166,1.3357,1.342,1.3399,1.3299,1.317,1.3351,1.2901,1.344,C2,C2: return warming to 1.5°C (>50%) after a high overshoot
REMIND-Buildings 2.0,BEG-EG,0.3147,0.8166,1.2289,1.3185,1.2458,1.1854,1.2392,1.3221,1.3049,1.342,C7,C7: limit warming to 4°C (>50%)
REMIND-H13 2.1,START_BAU,0.3217,0.8173,1.2186,1.2574,1.126,0.9988,1.0304,1.1197,1.0962,1.1623,failed-vetting,failed-vetting
REMIND-H13 2.1,START_Current_Policies,0.3217,0.8636,1.258,1.2557,1.114,1.0018,1.0542,1.148,1.1026,1.1511,failed-vetting,failed-vetting
REMIND-H13 2.1,START_Net-zero,0.3217,0.8636,1.2731,1.2833,1.2435,1.2053,1.1776,1.1742,1.1059,1.1737,failed-vetting,failed-vetting
REMIND-H13 2.1,START_Net-zero_noLandUse_CDRlim,0.3217,0.8636,1.2745,1.2831,1.2425,1.2039,1.1765,1.1741,1.1058,1.1737,failed-vetting,failed-vetting
REMIND-H13 2.1,START_Net-zero_noNuc_lowVRE,0.3217,0.8636,1.2738,1.2834,1.2454,1.207,1.1807,1.1743,1.1232,1.1736,failed-vetting,failed-vetting
REMIND-MAgPIE 1.5,SSP1-19,0.3309,0.4937,1.026,1.167,1.222999999999999,1.222,1.23,1.232,1.185,1.176,C2,C2: return warming to 1.5°C (>50%) after a high overshoot
REMIND-MAgPIE 1.5,SSP1-26,0.3309,0.4937,0.9156,1.07,1.132,1.169,1.205,1.232,1.202,1.219,C4,C4: limit warming to 2°C (>50%)
REMIND-MAgPIE 1.5,SSP1-34,0.3309,0.4937,0.8711000000000001,1.009,1.092,1.141,1.19,1.232,1.195,1.232,C5,C5: limit warming to 2.5°C (>50%)
REMIND-MAgPIE 1.5,SSP1-45,0.3309,0.4937,0.862,0.9885,1.079,1.131,1.158,1.204,1.194,1.232,C6,C6: limit warming to 3°C (>50%)
REMIND-MAgPIE 1.5,SSP1-Baseline,0.3309,0.4495,0.7965,0.9506,1.059,1.132,1.163,1.176,1.123,1.216,C7,C7: limit warming to 4°C (>50%)
REMIND-MAgPIE 1.5,SSP2-19,0.3277,0.4372,1.051,1.161,1.197,1.164,1.121,1.12,1.095999999999999,1.12,C1,C1: limit warming to 1.5°C (>50%) with no or limited overshoot
REMIND-MAgPIE 1.5,SSP2-26,0.3277,0.4372,0.8998,1.097999999999999,1.167,1.212,1.224,1.232,1.185,1.175,C3,C3: limit warming to 2°C (>67%)
REMIND-MAgPIE 1.5,SSP2-34,0.3277,0.4372,0.8504,1.031,1.12,1.175,1.216,1.232,1.196,1.232,C5,C5: limit warming to 2.5°C (>50%)
REMIND-MAgPIE 1.5,SSP2-45,0.3277,0.4372,0.8211,0.9675,1.055,1.127,1.195,1.232,1.195,1.232,C6,C6: limit warming to 3°C (>50%)
REMIND-MAgPIE 1.5,SSP2-60,0.3277,0.4372,0.8037000000000001,0.9281,1.004,1.038,1.087,1.135,1.141,1.217,C7,C7: limit warming to 4°C (>50%)
REMIND-MAgPIE 1.5,SSP2-Baseline,0.3277,0.387999999999999,0.6918000000000001,0.8714000000000001,1.001,1.025,1.073,1.132,1.137,1.215,C7,C7: limit warming to 4°C (>50%)
REMIND-MAgPIE 1.5,SSP5-19,0.3277,0.4061,0.944,1.214,1.226,1.2,1.143,1.121,1.115,1.12,C2,C2: return warming to 1.5°C (>50%) after a high overshoot
REMIND-MAgPIE 1.5,SSP5-26,0.3277,0.4061,0.809,1.102,1.2,1.232,1.218,1.200999999999999,1.167,1.145,C4,C4: limit warming to 2°C (>50%)
REMIND-MAgPIE 1.5,SSP5-34,0.3277,0.4061,0.7677,1.032,1.141,1.2,1.232,1.232,1.217,1.232,C5,C5: limit warming to 2.5°C (>50%)
REMIND-MAgPIE 1.5,SSP5-45,0.3277,0.4061,0.7548,1.009,1.12,1.181,1.222,1.232,1.218,1.232,C6,C6: limit warming to 3°C (>50%)
REMIND-MAgPIE 1.5,SSP5-60,0.3277,0.4061,0.6963,0.9223,1.075999999999999,1.157,1.205,1.232,1.225,1.232,C7,C7: limit warming to 4°C (>50%)
REMIND-MAgPIE 1.5,SSP5-Baseline,0.3277,0.3612,0.5018,0.6563,0.8869,1.012,1.094,1.162,1.199,1.232,C8,C8: exceed warming of 4°C (>=50%)
REMIND-MAgPIE 1.7-3.0,CD-LINKS_INDC2030i_1000,0.2847,0.4126,0.8998,1.1781,1.232,1.2299,1.2228,1.232,1.1345,1.232,C2,C2: return warming to 1.5°C (>50%) after a high overshoot
REMIND-MAgPIE 1.7-3.0,CD-LINKS_INDC2030i_1600,0.2847,0.4126,0.8998,1.1471,1.2305,1.23,1.2296,1.232,1.1413,1.232,C4,C4: limit warming to 2°C (>50%)
REMIND-MAgPIE 1.7-3.0,CD-LINKS_INDC2030i_400,0.2847,0.4126,0.8998,1.1984,1.2297,1.2299,1.2096,1.232,1.1496,1.232,C2,C2: return warming to 1.5°C (>50%) after a high overshoot
REMIND-MAgPIE 1.7-3.0,CD-LINKS_INDCi,0.2847,0.4126,0.8998,1.0721,1.1538,1.2129,1.232,1.232,1.1458,1.232,C7,C7: limit warming to 4°C (>50%)
REMIND-MAgPIE 1.7-3.0,CD-LINKS_NDC2030i_1000,0.2847,0.4126,0.8998,1.1781,1.232,1.2299,1.2228,1.232,1.1345,1.232,C3,C3: limit warming to 2°C (>67%)
REMIND-MAgPIE 1.7-3.0,CD-LINKS_NPi,0.2847,0.4126,0.8775000000000001,1.0506,1.1356,1.2011,1.232,1.232,1.1491,1.232,C7,C7: limit warming to 4°C (>50%)
REMIND-MAgPIE 1.7-3.0,CD-LINKS_NPi2020_1000,0.2847,0.4126,1.0657,1.2208,1.2316,1.2263,1.229,1.232,1.1616,1.232,C2,C2: return warming to 1.5°C (>50%) after a high overshoot
REMIND-MAgPIE 1.7-3.0,CD-LINKS_NPi2020_1600,0.2847,0.4126,1.0232,1.2125,1.2316,1.2307,1.2273,1.232,1.1453,1.232,C4,C4: limit warming to 2°C (>50%)
REMIND-MAgPIE 1.7-3.0,CD-LINKS_NPi2020_400,0.2847,0.4126,1.1113,1.2287,1.2286,1.2155,1.2221,1.232,1.1556,1.232,C1,C1: limit warming to 1.5°C (>50%) with no or limited overshoot
REMIND-MAgPIE 1.7-3.0,CD-LINKS_NoPolicy,0.2847,0.4118,0.9148,1.0725,1.1427,1.201,1.232,1.232,1.1643,1.232,C7,C7: limit warming to 4°C (>50%)
REMIND-MAgPIE 1.7-3.0,CO_2Deg2020,0.2847,0.4932,1.1559,1.2294,1.2303,1.2308,1.232,1.232,1.1252,1.232,C2,C2: return warming to 1.5°C (>50%) after a high overshoot
REMIND-MAgPIE 1.7-3.0,CO_2Deg2030,0.2847,0.409,0.8871,1.1594,1.232,1.2298,1.2285,1.232,1.1413,1.232,C2,C2: return warming to 1.5°C (>50%) after a high overshoot
REMIND-MAgPIE 1.7-3.0,CO_BAU,0.2847,0.4155,0.9069,1.0634,1.138,1.1996,1.232,1.232,1.1592,1.232,C7,C7: limit warming to 4°C (>50%)
REMIND-MAgPIE 1.7-3.0,CO_Bridge,0.2847,0.4722,1.0959,1.2251,1.2317,1.231,1.2312,1.232,1.1212,1.232,C2,C2: return warming to 1.5°C (>50%) after a high overshoot
REMIND-MAgPIE 1.7-3.0,CO_CurPol,0.2847,0.409,0.8673,1.051,1.1358,1.2017,1.232,1.232,1.1473,1.232,C7,C7: limit warming to 4°C (>50%)
REMIND-MAgPIE 1.7-3.0,CO_GPP,0.2847,0.4722,1.0959,1.2218,1.232,1.2306,1.2306,1.232,1.1183,1.232,C5,C5: limit warming to 2.5°C (>50%)
REMIND-MAgPIE 1.7-3.0,CO_NDCplus,0.2847,0.409,0.8871,1.0693,1.157,1.2151,1.232,1.232,1.1409,1.232,C7,C7: limit warming to 4°C (>50%)
REMIND-MAgPIE 1.7-3.0,EMF33_1.5C_cost100,0.2858,0.4265,1.0328,1.225899999999998,1.231399999999997,1.223699999999999,1.222399999999998,1.231999999999996,1.171,1.231999999999996,C2,C2: return warming to 1.5°C (>50%) after a high overshoot
REMIND-MAgPIE 1.7-3.0,EMF33_1.5C_full,0.2858,0.4265,1.0111,1.223299999999999,1.229499999999997,1.229999999999998,1.216099999999999,1.231999999999996,1.1701,1.222799999999997,C2,C2: return warming to 1.5°C (>50%) after a high overshoot
REMIND-MAgPIE 1.7-3.0,EMF33_1.5C_nofuel,0.2858,0.4265,1.0416,1.227499999999999,1.230399999999998,1.224499999999998,1.223199999999998,1.231999999999996,1.1964,1.231999999999996,C1,C1: limit warming to 1.5°C (>50%) with no or limited overshoot
REMIND-MAgPIE 1.7-3.0,EMF33_Baseline,0.2858,0.384899999999999,0.7909,0.969099999999999,1.024299999999998,1.072499999999999,1.126799999999999,1.183199999999997,1.1452,1.231999999999996,C8,C8: exceed warming of 4°C (>=50%)
REMIND-MAgPIE 1.7-3.0,EMF33_Med2C_cost100,0.2858,0.4265,0.8866999999999999,1.0986,1.194499999999998,1.230099999999997,1.231499999999997,1.231999999999996,1.171799999999999,1.231999999999996,C4,C4: limit warming to 2°C (>50%)
REMIND-MAgPIE 1.7-3.0,EMF33_Med2C_full,0.2858,0.4265,0.8773000000000001,1.0882,1.189999999999998,1.231899999999997,1.228599999999997,1.231999999999996,1.198999999999999,1.231999999999996,C5,C5: limit warming to 2.5°C (>50%)
REMIND-MAgPIE 1.7-3.0,EMF33_Med2C_limbio,0.2858,0.4265,0.9362,1.1659,1.227699999999997,1.228499999999997,1.220399999999998,1.231999999999996,1.171999999999999,1.231999999999996,C3,C3: limit warming to 2°C (>67%)
REMIND-MAgPIE 1.7-3.0,EMF33_Med2C_nobeccs,0.2858,0.4265,0.9545,1.1796,1.230499999999997,1.227499999999997,1.221599999999998,1.231999999999996,1.171799999999999,1.231999999999996,C4,C4: limit warming to 2°C (>50%)
REMIND-MAgPIE 1.7-3.0,EMF33_Med2C_nofuel,0.2858,0.4265,0.8871,1.105099999999999,1.198899999999998,1.229699999999997,1.229099999999997,1.231999999999996,1.1761,1.231999999999996,C4,C4: limit warming to 2°C (>50%)
REMIND-MAgPIE 1.7-3.0,EMF33_Med2C_none,0.2858,0.4265,0.9735,1.1977,1.231999999999996,1.227699999999996,1.222399999999998,1.231999999999996,1.1655,1.231999999999996,C4,C4: limit warming to 2°C (>50%)
REMIND-MAgPIE 1.7-3.0,EMF33_WB2C_cost100,0.2858,0.4265,0.9485,1.1769,1.229999999999997,1.228099999999997,1.223099999999998,1.231999999999996,1.169499999999999,1.231999999999996,C3,C3: limit warming to 2°C (>67%)
REMIND-MAgPIE 1.7-3.0,EMF33_WB2C_full,0.2858,0.4265,0.9324,1.161299999999999,1.227099999999997,1.227499999999997,1.223999999999998,1.231999999999996,1.165599999999999,1.231999999999996,C3,C3: limit warming to 2°C (>67%)
REMIND-MAgPIE 1.7-3.0,EMF33_WB2C_limbio,0.2858,0.4265,1.0208,1.215099999999999,1.229799999999997,1.223099999999997,1.187499999999999,1.231999999999996,1.208699999999998,1.219199999999997,C3,C3: limit warming to 2°C (>67%)
REMIND-MAgPIE 1.7-3.0,EMF33_WB2C_nobeccs,0.2858,0.4265,1.0644,1.228499999999997,1.231099999999996,1.227599999999996,1.231999999999996,1.231999999999996,1.2082,1.231999999999996,C3,C3: limit warming to 2°C (>67%)
REMIND-MAgPIE 1.7-3.0,EMF33_WB2C_nofuel,0.2858,0.4265,0.9532,1.181,1.231899999999997,1.225399999999997,1.217099999999999,1.231999999999996,1.180599999999999,1.231999999999996,C3,C3: limit warming to 2°C (>67%)
REMIND-MAgPIE 1.7-3.0,EMF33_WB2C_none,0.2858,0.4265,1.074,1.228199999999997,1.231299999999997,1.220899999999999,1.231999999999996,1.231999999999996,1.1763,1.231999999999996,C3,C3: limit warming to 2°C (>67%)
REMIND-MAgPIE 1.7-3.0,EMF33_tax_hi_full,0.2858,0.384899999999999,0.9215999999999992,1.1488,1.225899999999998,1.229399999999997,1.227799999999998,1.231999999999996,1.186599999999999,1.231999999999996,C3,C3: limit warming to 2°C (>67%)
REMIND-MAgPIE 1.7-3.0,EMF33_tax_hi_none,0.2858,0.384899999999999,0.9258,1.1551,1.224799999999998,1.230599999999997,1.221799999999998,1.231999999999996,1.187899999999999,1.231999999999996,C4,C4: limit warming to 2°C (>50%)
REMIND-MAgPIE 1.7-3.0,EMF33_tax_lo_full,0.2858,0.384899999999999,0.8612,1.043399999999999,1.154899999999998,1.217699999999997,1.231999999999996,1.231999999999996,1.1724,1.231999999999996,C5,C5: limit warming to 2.5°C (>50%)
REMIND-MAgPIE 1.7-3.0,EMF33_tax_lo_none,0.2858,0.384899999999999,0.864,1.039799999999999,1.149599999999998,1.214899999999998,1.231999999999996,1.231999999999996,1.179,1.231999999999996,C5,C5: limit warming to 2.5°C (>50%)
REMIND-MAgPIE 1.7-3.0,PEP_1p5C_full_NDC,0.2847,0.409,0.8871,1.1983,1.2314,1.2273,1.2093,1.232,1.1387,1.232,C2,C2: return warming to 1.5°C (>50%) after a high overshoot
REMIND-MAgPIE 1.7-3.0,PEP_1p5C_full_eff,0.2847,0.4932,1.1776,1.2276,1.232,1.2277,1.232,1.232,1.1403,1.232,C1,C1: limit warming to 1.5°C (>50%) with no or limited overshoot
REMIND-MAgPIE 1.7-3.0,PEP_1p5C_full_goodpractice,0.2847,0.4648000000000001,1.0722,1.2161,1.2308,1.2239,1.2234,1.232,1.1247,1.232,C2,C2: return warming to 1.5°C (>50%) after a high overshoot
REMIND-MAgPIE 1.7-3.0,PEP_1p5C_full_netzero,0.2847,0.4932,1.1479,1.2312,1.2308,1.2269,1.232,1.232,1.1169,1.232,C2,C2: return warming to 1.5°C (>50%) after a high overshoot
REMIND-MAgPIE 1.7-3.0,PEP_1p5C_red_eff,0.2847,0.4932,1.1997,1.2221,1.232,1.2254,1.232,1.232,1.1434,1.232,C1,C1: limit warming to 1.5°C (>50%) with no or limited overshoot
REMIND-MAgPIE 1.7-3.0,PEP_2C_full_NDC,0.2847,0.409,0.8871,1.1594,1.232,1.2298,1.2285,1.232,1.1413,1.232,C2,C2: return warming to 1.5°C (>50%) after a high overshoot
REMIND-MAgPIE 1.7-3.0,PEP_2C_full_eff,0.2847,0.4932,1.1559,1.2294,1.2303,1.2308,1.232,1.232,1.1252,1.232,C2,C2: return warming to 1.5°C (>50%) after a high overshoot
REMIND-MAgPIE 1.7-3.0,PEP_2C_full_goodpractice,0.2847,0.4648000000000001,1.0722,1.2108,1.2311,1.2285,1.2296,1.232,1.1166,1.232,C2,C2: return warming to 1.5°C (>50%) after a high overshoot
REMIND-MAgPIE 1.7-3.0,PEP_2C_full_netzero,0.2847,0.4932,1.1479,1.2305,1.232,1.2274,1.232,1.232,1.1179,1.232,C2,C2: return warming to 1.5°C (>50%) after a high overshoot
REMIND-MAgPIE 1.7-3.0,PEP_2C_red_NDC,0.2847,0.409,0.8871,1.1966,1.232,1.2284,1.2176,1.232,1.1328,1.232,C2,C2: return warming to 1.5°C (>50%) after a high overshoot
REMIND-MAgPIE 1.7-3.0,PEP_2C_red_eff,0.2847,0.4932,1.1789,1.2284,1.2308,1.2289,1.232,1.232,1.1299,1.232,C1,C1: limit warming to 1.5°C (>50%) with no or limited overshoot
REMIND-MAgPIE 1.7-3.0,PEP_2C_red_goodpractice,0.2847,0.4648000000000001,1.0722,1.215,1.2303,1.2287,1.2302,1.232,1.1158,1.232,C2,C2: return warming to 1.5°C (>50%) after a high overshoot
REMIND-MAgPIE 1.7-3.0,PEP_2C_red_netzero,0.2847,0.4932,1.1479,1.2306,1.232,1.2274,1.232,1.232,1.1151,1.232,C2,C2: return warming to 1.5°C (>50%) after a high overshoot
REMIND-MAgPIE 1.7-3.0,PEP_NDC,0.2847,0.409,0.8871,1.0693,1.157,1.2151,1.232,1.232,1.1409,1.232,C7,C7: limit warming to 4°C (>50%)
REMIND-MAgPIE 1.7-3.0,PEP_NPi,0.2847,0.409,0.8673,1.051,1.1358,1.2017,1.232,1.232,1.1473,1.232,C7,C7: limit warming to 4°C (>50%)
REMIND-MAgPIE 1.7-3.0,PEP_NoPolicy,0.2847,0.4155,0.9069,1.0634,1.138,1.1996,1.232,1.232,1.1592,1.232,C7,C7: limit warming to 4°C (>50%)
REMIND-MAgPIE 1.7-3.0,PEP_goodpractice,0.2847,0.4648000000000001,1.0722,1.1847,1.2236,1.229,1.232,1.232,1.1259,1.232,C6,C6: limit warming to 3°C (>50%)
REMIND-MAgPIE 1.7-3.0,PEP_netzero,0.2847,0.4932,1.1479,1.2292,1.232,1.2278,1.232,1.232,1.118,1.232,C5,C5: limit warming to 2.5°C (>50%)
REMIND-MAgPIE 1.7-3.0,SMP_1p5C_Def,0.2847,0.5562,1.1829,1.2281,1.2318,1.2298,1.232,1.232,1.1262,1.232,failed-vetting,failed-vetting
REMIND-MAgPIE 1.7-3.0,SMP_1p5C_Sust,0.2847,0.6051000000000001,1.2116,1.2304,1.232,1.2287,1.232,1.232,1.1034,1.2292,failed-vetting,failed-vetting
REMIND-MAgPIE 1.7-3.0,SMP_1p5C_early,0.2847,0.6288,1.2219,1.2274,1.232,1.2283,1.232,1.232,1.1045,1.232,failed-vetting,failed-vetting
REMIND-MAgPIE 1.7-3.0,SMP_1p5C_lifesty,0.2847,0.5329,1.1477,1.229,1.2315,1.2299,1.2307,1.232,1.1094,1.2237,failed-vetting,failed-vetting
REMIND-MAgPIE 1.7-3.0,SMP_1p5C_regul,0.2847,0.5734,1.2045,1.2286,1.2316,1.2265,1.2315,1.232,1.1093,1.220999999999999,failed-vetting,failed-vetting
REMIND-MAgPIE 1.7-3.0,SMP_2C_Def,0.2847,0.5176000000000001,1.147,1.2271,1.2316,1.2292,1.232,1.232,1.1036,1.2184,failed-vetting,failed-vetting
REMIND-MAgPIE 1.7-3.0,SMP_2C_Sust,0.2847,0.5471,1.1443,1.2219,1.232,1.2299,1.2319,1.232,1.0972,1.2258,failed-vetting,failed-vetting
REMIND-MAgPIE 1.7-3.0,SMP_2C_early,0.2847,0.5829,1.1891,1.2304,1.232,1.2302,1.232,1.232,1.1213,1.2317,failed-vetting,failed-vetting
REMIND-MAgPIE 1.7-3.0,SMP_2C_lifesty,0.2847,0.4855,1.1016,1.2227,1.232,1.2305,1.232,1.232,1.1327,1.2237,C1,C1: limit warming to 1.5°C (>50%) with no or limited overshoot
REMIND-MAgPIE 1.7-3.0,SMP_2C_regul,0.2847,0.527,1.1524,1.2286,1.2316,1.2294,1.232,1.232,1.1058,1.2164,failed-vetting,failed-vetting
REMIND-MAgPIE 1.7-3.0,SMP_REF_Def,0.2847,0.3969,0.8944000000000001,1.0598,1.1341,1.1979,1.232,1.232,1.1602,1.232,C7,C7: limit warming to 4°C (>50%)
REMIND-MAgPIE 1.7-3.0,SMP_REF_Sust,0.2847,0.36,0.8440000000000001,1.0357,1.11,1.1509,1.1941,1.232,1.1674,1.232,C7,C7: limit warming to 4°C (>50%)
REMIND-MAgPIE 2.0-4.1,Diff_1300Gt_hybrid_def,0.318,0.9503,1.3309,1.34,1.3309,1.2991,1.2076,1.0919,0.9553,1.0658,C3,C3: limit warming to 2°C (>67%)
REMIND-MAgPIE 2.0-4.1,Diff_1300Gt_no-transfer_def,0.318,0.9503,1.3252,1.3355,1.3368,1.3294,1.2501,1.1351,0.983,1.1194,C3,C3: limit warming to 2°C (>67%)
REMIND-MAgPIE 2.0-4.1,Diff_1300Gt_uniform-pricing_def,0.318,0.9503,1.3363,1.3395,1.3302,1.2944,1.2048,1.0913,0.9492,1.0634,C3,C3: limit warming to 2°C (>67%)
REMIND-MAgPIE 2.0-4.1,Diff_No-policy_baseline,0.318,0.8173,1.2693,1.3328,1.2895,1.1717,1.106,1.0182,0.8646,1.0,C7,C7: limit warming to 4°C (>50%)
REMIND-MAgPIE 2.1-4.2,CEMICS_SSP1-1p5C-fullCDR,0.329,0.9472,1.3224,1.3433,1.2591,1.1373,1.0519,1.0409,1.0181,0.9549,C1,C1: limit warming to 1.5°C (>50%) with no or limited overshoot
REMIND-MAgPIE 2.1-4.2,CEMICS_SSP1-1p5C-minCDR,0.329,0.9472,1.3343,1.3429,1.2662,1.1463,1.0923,1.0475,0.9557,0.9102,C1,C1: limit warming to 1.5°C (>50%) with no or limited overshoot
REMIND-MAgPIE 2.1-4.2,CEMICS_SSP1-Npi,0.329,0.9472,1.277,1.3223,1.2152,1.1234,1.1073,1.1167,1.018,1.0366,C6,C6: limit warming to 3°C (>50%)
REMIND-MAgPIE 2.1-4.2,CEMICS_SSP2-1p5C-fullCDR,0.3089,0.8504,1.3239,1.3423,1.3316,1.306,1.2713,1.2447,1.1812,1.232,C1,C1: limit warming to 1.5°C (>50%) with no or limited overshoot
REMIND-MAgPIE 2.1-4.2,CEMICS_SSP2-1p5C-minCDR,0.3089,0.8504,1.3406,1.3424,1.337,1.3347,1.3335,1.344,1.2772,1.3297,C1,C1: limit warming to 1.5°C (>50%) with no or limited overshoot
REMIND-MAgPIE 2.1-4.2,CEMICS_SSP2-2C-fullCDR,0.3089,0.8504,1.3126,1.3434,1.3406,1.344,1.3181,1.2747,1.1785,1.232,C3,C3: limit warming to 2°C (>67%)
REMIND-MAgPIE 2.1-4.2,CEMICS_SSP2-2C-minCDR,0.3089,0.8504,1.3151,1.3428,1.3402,1.344,1.336,1.3342,1.2638,1.3311,C3,C3: limit warming to 2°C (>67%)
REMIND-MAgPIE 2.1-4.2,CEMICS_SSP2-Npi,0.3089,0.8504,1.2806,1.3062,1.2244,1.1481,1.196,1.2513,1.1777,1.2268,C7,C7: limit warming to 4°C (>50%)
REMIND-MAgPIE 2.1-4.2,EN_INDCi2030_1000,0.3191,0.8839,1.3161,1.342,1.316,1.2846,1.2563,1.2382,1.1658,1.2279,C3,C3: limit warming to 2°C (>67%)
REMIND-MAgPIE 2.1-4.2,EN_INDCi2030_1000_COV,0.3249,0.8724,1.3044,1.3397,1.3151,1.2846,1.2535,1.2293,1.1707,1.2266,C3,C3: limit warming to 2°C (>67%)
REMIND-MAgPIE 2.1-4.2,EN_INDCi2030_1000_COV_NDCp,0.3249,0.8724,1.3039,1.3388,1.3145,1.283,1.2523,1.2302,1.1763,1.2298,C3,C3: limit warming to 2°C (>67%)
REMIND-MAgPIE 2.1-4.2,EN_INDCi2030_1000_NDCp,0.3191,0.8839,1.3157,1.342,1.3172,1.2859,1.2559,1.2384,1.1691,1.2301,C3,C3: limit warming to 2°C (>67%)
REMIND-MAgPIE 2.1-4.2,EN_INDCi2030_1000f,0.3191,0.8839,1.3161,1.3421,1.3144,1.2825,1.2602,1.2375,1.1594,1.2754,C3,C3: limit warming to 2°C (>67%)
REMIND-MAgPIE 2.1-4.2,EN_INDCi2030_1000f_COV,0.3249,0.8724,1.3044,1.3396,1.3183,1.2879,1.2603,1.2337,1.1729,1.2278,C3,C3: limit warming to 2°C (>67%)
REMIND-MAgPIE 2.1-4.2,EN_INDCi2030_1000f_COV_NDCp,0.3249,0.8724,1.3039,1.3386,1.3169,1.2857,1.256,1.2311,1.1745,1.2271,C3,C3: limit warming to 2°C (>67%)
REMIND-MAgPIE 2.1-4.2,EN_INDCi2030_1000f_NDCp,0.3191,0.8839,1.3157,1.342,1.3153,1.2834,1.2614,1.2376,1.1593,1.2745,C3,C3: limit warming to 2°C (>67%)
REMIND-MAgPIE 2.1-4.2,EN_INDCi2030_1200,0.3191,0.8839,1.3161,1.341,1.3185,1.2871,1.2644,1.2381,1.1505,1.2189,C3,C3: limit warming to 2°C (>67%)
REMIND-MAgPIE 2.1-4.2,EN_INDCi2030_1200f,0.3191,0.8839,1.3161,1.3411,1.317,1.2852,1.2628,1.2376,1.1502,1.2189,C3,C3: limit warming to 2°C (>67%)
REMIND-MAgPIE 2.1-4.2,EN_INDCi2030_1400,0.3191,0.8839,1.3161,1.3402,1.3117,1.2792,1.2494,1.2358,1.1638,1.2289,C4,C4: limit warming to 2°C (>50%)
REMIND-MAgPIE 2.1-4.2,EN_INDCi2030_1400f,0.3191,0.8839,1.3161,1.3402,1.3117,1.2792,1.2494,1.2358,1.1638,1.2289,C4,C4: limit warming to 2°C (>50%)
REMIND-MAgPIE 2.1-4.2,EN_INDCi2030_1600,0.3191,0.8839,1.3161,1.3386,1.3106,1.2784,1.2478,1.2356,1.1695,1.2297,C5,C5: limit warming to 2.5°C (>50%)
REMIND-MAgPIE 2.1-4.2,EN_INDCi2030_1600f,0.3191,0.8839,1.3161,1.3386,1.3106,1.2784,1.2478,1.2356,1.1695,1.2297,C5,C5: limit warming to 2.5°C (>50%)
REMIND-MAgPIE 2.1-4.2,EN_INDCi2030_1800,0.3191,0.8839,1.3161,1.3379,1.3071,1.2733,1.2399,1.2333,1.1697,1.2293,C5,C5: limit warming to 2.5°C (>50%)
REMIND-MAgPIE 2.1-4.2,EN_INDCi2030_1800f,0.3191,0.8839,1.3161,1.3379,1.3071,1.2733,1.2399,1.2333,1.1697,1.2293,C5,C5: limit warming to 2.5°C (>50%)
REMIND-MAgPIE 2.1-4.2,EN_INDCi2030_2000,0.3191,0.8839,1.3161,1.3369,1.3044,1.2709,1.2463,1.2332,1.1446,1.2153,C5,C5: limit warming to 2.5°C (>50%)
REMIND-MAgPIE 2.1-4.2,EN_INDCi2030_2000f,0.3191,0.8839,1.3161,1.3371,1.305,1.271,1.2443,1.2332,1.1599,1.2215,C5,C5: limit warming to 2.5°C (>50%)
REMIND-MAgPIE 2.1-4.2,EN_INDCi2030_2500,0.3191,0.8839,1.3161,1.3365,1.3047,1.2706,1.2485,1.2331,1.1564,1.2158,C6,C6: limit warming to 3°C (>50%)
REMIND-MAgPIE 2.1-4.2,EN_INDCi2030_2500f,0.3191,0.8839,1.3161,1.3365,1.3047,1.2706,1.2485,1.2331,1.1564,1.2158,C6,C6: limit warming to 3°C (>50%)
REMIND-MAgPIE 2.1-4.2,EN_INDCi2030_3000,0.3191,0.8839,1.3161,1.3359,1.3019,1.2689,1.2423,1.2282,1.1656,1.218,C6,C6: limit warming to 3°C (>50%)
REMIND-MAgPIE 2.1-4.2,EN_INDCi2030_3000f,0.3191,0.8839,1.3161,1.3359,1.3018,1.2688,1.2422,1.2278,1.164,1.217,C6,C6: limit warming to 3°C (>50%)
REMIND-MAgPIE 2.1-4.2,EN_INDCi2030_300f,0.3191,0.8839,1.3161,1.3425,1.3375,1.3415,1.344,1.344,1.2759,1.3296,C2,C2: return warming to 1.5°C (>50%) after a high overshoot
REMIND-MAgPIE 2.1-4.2,EN_INDCi2030_400f,0.3191,0.8839,1.3161,1.3425,1.3359,1.3418,1.344,1.344,1.2746,1.3309,C2,C2: return warming to 1.5°C (>50%) after a high overshoot
REMIND-MAgPIE 2.1-4.2,EN_INDCi2030_500f,0.3191,0.8839,1.3161,1.3425,1.3351,1.3362,1.3308,1.344,1.2925,1.3402,C2,C2: return warming to 1.5°C (>50%) after a high overshoot
REMIND-MAgPIE 2.1-4.2,EN_INDCi2030_600_COV,0.3249,0.8724,1.3044,1.3431,1.2886,1.2633,1.2434,1.2133,1.1565,1.2124,C2,C2: return warming to 1.5°C (>50%) after a high overshoot
REMIND-MAgPIE 2.1-4.2,EN_INDCi2030_600_COV_NDCp,0.3249,0.8724,1.3039,1.3432,1.2887,1.2631,1.2402,1.2106,1.1528,1.2062,C2,C2: return warming to 1.5°C (>50%) after a high overshoot
REMIND-MAgPIE 2.1-4.2,EN_INDCi2030_600f,0.3191,0.8839,1.3161,1.3426,1.3354,1.3354,1.3271,1.344,1.2898,1.343,C2,C2: return warming to 1.5°C (>50%) after a high overshoot
REMIND-MAgPIE 2.1-4.2,EN_INDCi2030_600f_COV,0.3249,0.8724,1.3044,1.3409,1.3217,1.2974,1.2689,1.2836,1.2638,1.3431,C2,C2: return warming to 1.5°C (>50%) after a high overshoot
REMIND-MAgPIE 2.1-4.2,EN_INDCi2030_600f_COV_NDCp,0.3249,0.8724,1.3039,1.3409,1.3227,1.2992,1.2705,1.2834,1.2634,1.3431,C2,C2: return warming to 1.5°C (>50%) after a high overshoot
REMIND-MAgPIE 2.1-4.2,EN_INDCi2030_600f_NDCp,0.3191,0.8839,1.3157,1.3425,1.335,1.3353,1.3271,1.344,1.2892,1.3421,C2,C2: return warming to 1.5°C (>50%) after a high overshoot
REMIND-MAgPIE 2.1-4.2,EN_INDCi2030_700,0.3191,0.8839,1.3161,1.3437,1.3123,1.283,1.2567,1.2383,1.1864,1.2277,C3,C3: limit warming to 2°C (>67%)
REMIND-MAgPIE 2.1-4.2,EN_INDCi2030_700f,0.3191,0.8839,1.3161,1.3425,1.3317,1.3158,1.2876,1.3109,1.2786,1.343,C3,C3: limit warming to 2°C (>67%)
REMIND-MAgPIE 2.1-4.2,EN_INDCi2030_800,0.3191,0.8839,1.3161,1.3428,1.3276,1.2995,1.2676,1.2424,1.1806,1.231,C3,C3: limit warming to 2°C (>67%)
REMIND-MAgPIE 2.1-4.2,EN_INDCi2030_800f,0.3191,0.8839,1.3161,1.3422,1.3279,1.3048,1.2726,1.2827,1.2491,1.343,C3,C3: limit warming to 2°C (>67%)
REMIND-MAgPIE 2.1-4.2,EN_INDCi2030_900,0.3191,0.8839,1.3161,1.3425,1.3296,1.3045,1.272,1.2452,1.1722,1.231,C3,C3: limit warming to 2°C (>67%)
REMIND-MAgPIE 2.1-4.2,EN_INDCi2030_900f,0.3191,0.8839,1.3161,1.3422,1.3215,1.2921,1.2692,1.2407,1.1529,1.2728,C3,C3: limit warming to 2°C (>67%)
REMIND-MAgPIE 2.1-4.2,EN_INDCi2100,0.3191,0.8839,1.3161,1.3397,1.3033,1.2685,1.2407,1.2307,1.1682,1.2265,C5,C5: limit warming to 2.5°C (>50%)
REMIND-MAgPIE 2.1-4.2,EN_INDCi2100_COV,0.3249,0.8724,1.3044,1.3384,1.3099,1.2783,1.2494,1.2276,1.1675,1.2191,C5,C5: limit warming to 2.5°C (>50%)
REMIND-MAgPIE 2.1-4.2,EN_INDCi2100_COV_NDCp,0.3249,0.8724,1.3039,1.3383,1.313,1.2822,1.252,1.2262,1.1641,1.2159,C5,C5: limit warming to 2.5°C (>50%)
REMIND-MAgPIE 2.1-4.2,EN_INDCi2100_NDCp,0.3191,0.8839,1.3157,1.3394,1.3043,1.2695,1.2415,1.2274,1.1631,1.2216,C5,C5: limit warming to 2.5°C (>50%)
REMIND-MAgPIE 2.1-4.2,EN_NPi2020_1000,0.3191,0.8839,1.3293,1.3417,1.31,1.2747,1.2558,1.2354,1.1447,1.2167,C3,C3: limit warming to 2°C (>67%)
REMIND-MAgPIE 2.1-4.2,EN_NPi2020_1000_COV,0.3249,0.8724,1.3191,1.3363,1.3122,1.2764,1.2521,1.233,1.1828,1.2297,C3,C3: limit warming to 2°C (>67%)
REMIND-MAgPIE 2.1-4.2,EN_NPi2020_1000f,0.3191,0.8839,1.3299,1.342,1.3099,1.2746,1.2558,1.2352,1.144,1.2166,C3,C3: limit warming to 2°C (>67%)
REMIND-MAgPIE 2.1-4.2,EN_NPi2020_1000f_COV,0.3249,0.8724,1.3203,1.3366,1.3116,1.2757,1.2543,1.2333,1.1815,1.23,C3,C3: limit warming to 2°C (>67%)
REMIND-MAgPIE 2.1-4.2,EN_NPi2020_1200,0.3191,0.8839,1.3255,1.3421,1.3072,1.2729,1.2448,1.2338,1.1642,1.2292,C3,C3: limit warming to 2°C (>67%)
REMIND-MAgPIE 2.1-4.2,EN_NPi2020_1200f,0.3191,0.8839,1.3262,1.3423,1.307,1.2724,1.2451,1.2336,1.1645,1.231,C3,C3: limit warming to 2°C (>67%)
REMIND-MAgPIE 2.1-4.2,EN_NPi2020_1400,0.3191,0.8839,1.3247,1.3416,1.3084,1.2744,1.2536,1.2342,1.1576,1.2298,C4,C4: limit warming to 2°C (>50%)
REMIND-MAgPIE 2.1-4.2,EN_NPi2020_1400f,0.3191,0.8839,1.3247,1.3416,1.3084,1.2744,1.2536,1.2342,1.1576,1.2298,C4,C4: limit warming to 2°C (>50%)
REMIND-MAgPIE 2.1-4.2,EN_NPi2020_1600,0.3191,0.8839,1.3238,1.3395,1.3078,1.2744,1.2534,1.2342,1.1516,1.2153,C4,C4: limit warming to 2°C (>50%)
REMIND-MAgPIE 2.1-4.2,EN_NPi2020_1600f,0.3191,0.8839,1.3238,1.3395,1.3078,1.2744,1.2534,1.2342,1.1516,1.2153,C4,C4: limit warming to 2°C (>50%)
REMIND-MAgPIE 2.1-4.2,EN_NPi2020_1800,0.3191,0.8839,1.3236,1.3391,1.307,1.2745,1.2533,1.234,1.1429,1.215,C5,C5: limit warming to 2.5°C (>50%)
REMIND-MAgPIE 2.1-4.2,EN_NPi2020_1800f,0.3191,0.8839,1.3237,1.3388,1.307,1.2728,1.2519,1.2335,1.1497,1.2156,C5,C5: limit warming to 2.5°C (>50%)
REMIND-MAgPIE 2.1-4.2,EN_NPi2020_2000,0.3191,0.8839,1.3225,1.3384,1.3065,1.2739,1.2529,1.2339,1.1422,1.2147,C5,C5: limit warming to 2.5°C (>50%)
REMIND-MAgPIE 2.1-4.2,EN_NPi2020_2000f,0.3191,0.8839,1.3226,1.3382,1.3075,1.2737,1.2527,1.2338,1.1513,1.2166,C5,C5: limit warming to 2.5°C (>50%)
REMIND-MAgPIE 2.1-4.2,EN_NPi2020_200f,0.3191,0.8839,1.344,1.3402,1.3344,1.3373,1.344,1.344,1.2631,1.3295,C1,C1: limit warming to 1.5°C (>50%) with no or limited overshoot
REMIND-MAgPIE 2.1-4.2,EN_NPi2020_2500,0.3191,0.8839,1.3213,1.3376,1.3075,1.2733,1.2524,1.2277,1.1427,1.2087,C6,C6: limit warming to 3°C (>50%)
REMIND-MAgPIE 2.1-4.2,EN_NPi2020_2500f,0.3191,0.8839,1.3213,1.3376,1.3076,1.2734,1.2525,1.2279,1.1432,1.2089,C6,C6: limit warming to 3°C (>50%)
REMIND-MAgPIE 2.1-4.2,EN_NPi2020_3000,0.3191,0.8839,1.3164,1.3375,1.3097,1.2768,1.2553,1.2194,1.1297,1.1973,C6,C6: limit warming to 3°C (>50%)
REMIND-MAgPIE 2.1-4.2,EN_NPi2020_3000f,0.3191,0.8839,1.3163,1.3375,1.3091,1.276,1.2547,1.2187,1.1287,1.1966,C6,C6: limit warming to 3°C (>50%)
REMIND-MAgPIE 2.1-4.2,EN_NPi2020_300f,0.3191,0.8839,1.344,1.3402,1.3343,1.3373,1.3328,1.344,1.2858,1.3424,C1,C1: limit warming to 1.5°C (>50%) with no or limited overshoot
REMIND-MAgPIE 2.1-4.2,EN_NPi2020_400,0.3191,0.8839,1.344,1.3371,1.3103,1.2713,1.2443,1.2342,1.1849,1.2307,C1,C1: limit warming to 1.5°C (>50%) with no or limited overshoot
REMIND-MAgPIE 2.1-4.2,EN_NPi2020_400f,0.3191,0.8839,1.344,1.3411,1.3334,1.3305,1.327,1.344,1.2932,1.343,C1,C1: limit warming to 1.5°C (>50%) with no or limited overshoot
REMIND-MAgPIE 2.1-4.2,EN_NPi2020_500,0.3191,0.8839,1.344,1.3419,1.3233,1.2909,1.2683,1.2406,1.1462,1.2127,C1,C1: limit warming to 1.5°C (>50%) with no or limited overshoot
REMIND-MAgPIE 2.1-4.2,EN_NPi2020_500f,0.3191,0.8839,1.344,1.3416,1.3323,1.3218,1.3083,1.3305,1.285,1.343,C2,C2: return warming to 1.5°C (>50%) after a high overshoot
REMIND-MAgPIE 2.1-4.2,EN_NPi2020_600,0.3191,0.8839,1.344,1.3406,1.3292,1.2992,1.2626,1.2446,1.1756,1.2286,C1,C1: limit warming to 1.5°C (>50%) with no or limited overshoot
REMIND-MAgPIE 2.1-4.2,EN_NPi2020_600_COV,0.3249,0.8724,1.3437,1.3358,1.3146,1.2734,1.2524,1.2374,1.1878,1.2292,C1,C1: limit warming to 1.5°C (>50%) with no or limited overshoot
REMIND-MAgPIE 2.1-4.2,EN_NPi2020_600f,0.3191,0.8839,1.3402,1.3421,1.3308,1.3067,1.2766,1.2894,1.2562,1.343,C2,C2: return warming to 1.5°C (>50%) after a high overshoot
REMIND-MAgPIE 2.1-4.2,EN_NPi2020_600f_COV,0.3249,0.8724,1.3354,1.337,1.3167,1.2762,1.2557,1.2327,1.1815,1.281,C1,C1: limit warming to 1.5°C (>50%) with no or limited overshoot
REMIND-MAgPIE 2.1-4.2,EN_NPi2020_700,0.3191,0.8839,1.343,1.3415,1.3293,1.3042,1.2752,1.248,1.1689,1.2258,C3,C3: limit warming to 2°C (>67%)
REMIND-MAgPIE 2.1-4.2,EN_NPi2020_700f,0.3191,0.8839,1.3389,1.3424,1.3272,1.3003,1.2675,1.2464,1.1634,1.2805,C3,C3: limit warming to 2°C (>67%)
REMIND-MAgPIE 2.1-4.2,EN_NPi2020_800,0.3191,0.8839,1.3381,1.3421,1.3197,1.2861,1.2524,1.24,1.1724,1.2302,C3,C3: limit warming to 2°C (>67%)
REMIND-MAgPIE 2.1-4.2,EN_NPi2020_800f,0.3191,0.8839,1.3374,1.3422,1.3166,1.2819,1.253,1.2385,1.1652,1.2775,C3,C3: limit warming to 2°C (>67%)
REMIND-MAgPIE 2.1-4.2,EN_NPi2020_900,0.3191,0.8839,1.3331,1.3423,1.3116,1.2758,1.2476,1.2362,1.167,1.2247,C3,C3: limit warming to 2°C (>67%)
REMIND-MAgPIE 2.1-4.2,EN_NPi2020_900f,0.3191,0.8839,1.3334,1.3423,1.311,1.275,1.2472,1.2359,1.1678,1.2259,C3,C3: limit warming to 2°C (>67%)
REMIND-MAgPIE 2.1-4.2,EN_NPi2100,0.3191,0.8839,1.316,1.3332,1.2832,1.2325,1.2406,1.2401,1.1557,1.2095,C7,C7: limit warming to 4°C (>50%)
REMIND-MAgPIE 2.1-4.2,EN_NPi2100_COV,0.3249,0.8724,1.3077,1.3317,1.2879,1.2224,1.1922,1.1948,1.1415,1.2076,C7,C7: limit warming to 4°C (>50%)
REMIND-MAgPIE 2.1-4.2,EN_NoPolicy,0.3191,0.8139,1.3077,1.3263,1.2831,1.2057,1.1908,1.1909,1.127,1.2007,C7,C7: limit warming to 4°C (>50%)
REMIND-MAgPIE 2.1-4.2,NGFS2_Below 2°C,0.3428,0.8665,1.3065,1.3416,1.313,1.268,1.2321,1.2331,1.1704,1.2287,C3,C3: limit warming to 2°C (>67%)
REMIND-MAgPIE 2.1-4.2,NGFS2_Below 2°C - IPD-95th,0.3428,0.879,1.3227,1.3403,1.314,1.2691,1.2342,1.234,1.1727,1.228,C3,C3: limit warming to 2°C (>67%)
REMIND-MAgPIE 2.1-4.2,NGFS2_Below 2°C - IPD-median,0.3428,0.8758,1.3181,1.3409,1.315,1.2705,1.2349,1.2341,1.1729,1.2282,C3,C3: limit warming to 2°C (>67%)
REMIND-MAgPIE 2.1-4.2,NGFS2_Current Policies,0.3428,0.8665,1.2883,1.3218,1.2301,1.1385,1.1209,1.1028,0.9887,1.0978,C7,C7: limit warming to 4°C (>50%)
REMIND-MAgPIE 2.1-4.2,NGFS2_Current Policies - IPD-95th,0.3428,0.879,1.2925,1.3206,1.2302,1.1275,1.084,1.0705,0.9882,1.0781,C7,C7: limit warming to 4°C (>50%)
REMIND-MAgPIE 2.1-4.2,NGFS2_Current Policies - IPD-median,0.3428,0.8758,1.2913,1.3216,1.2301,1.1296,1.0954,1.0807,0.9839,1.0813,C7,C7: limit warming to 4°C (>50%)
REMIND-MAgPIE 2.1-4.2,NGFS2_Delayed Transition,0.3428,0.8665,1.2883,1.344,1.3031,1.2595,1.2423,1.2321,1.1499,1.2239,C3,C3: limit warming to 2°C (>67%)
REMIND-MAgPIE 2.1-4.2,NGFS2_Divergent Net Zero Policies,0.3428,0.8665,1.3183,1.3424,1.303,1.2603,1.2233,1.2322,1.175,1.225,C1,C1: limit warming to 1.5°C (>50%) with no or limited overshoot
REMIND-MAgPIE 2.1-4.2,NGFS2_Nationally Determined Contributions (NDCs),0.3428,0.8665,1.2873,1.3393,1.329,1.2901,1.2525,1.1846,1.0391,1.0974,C5,C5: limit warming to 2.5°C (>50%)
REMIND-MAgPIE 2.1-4.2,NGFS2_Net-Zero 2050,0.3428,0.8665,1.3205,1.342,1.3046,1.2618,1.2226,1.2324,1.1855,1.2251,C1,C1: limit warming to 1.5°C (>50%) with no or limited overshoot
REMIND-MAgPIE 2.1-4.2,NGFS2_Net-Zero 2050 - IPD-95th,0.3428,0.879,1.3327,1.3416,1.3045,1.259,1.2233,1.2323,1.1972,1.2242,C1,C1: limit warming to 1.5°C (>50%) with no or limited overshoot
REMIND-MAgPIE 2.1-4.2,NGFS2_Net-Zero 2050 - IPD-median,0.3428,0.8758,1.3323,1.3417,1.3019,1.2561,1.2208,1.232,1.1975,1.2272,C1,C1: limit warming to 1.5°C (>50%) with no or limited overshoot
REMIND-MAgPIE 2.1-4.2,SusDev_SDP-NPi,0.3191,0.8847,1.3343,1.3239,1.2165,1.0886,1.0246,0.9503,0.8295,0.8655,C5,C5: limit warming to 2.5°C (>50%)
REMIND-MAgPIE 2.1-4.2,SusDev_SDP-PkBudg1000,0.3191,0.8847,1.3412,1.3286,1.2364,1.1462,1.0316,0.9117,0.7637,0.7217,C1,C1: limit warming to 1.5°C (>50%) with no or limited overshoot
REMIND-MAgPIE 2.1-4.2,SusDev_SSP1-NDC,0.3191,0.8847,1.312,1.3314,1.2461,1.1562,1.0646,0.9193,0.7271,0.7669,C5,C5: limit warming to 2.5°C (>50%)
REMIND-MAgPIE 2.1-4.2,SusDev_SSP1-NPi,0.3191,0.8847,1.3061,1.3321,1.2297,1.1091,1.0518,1.0185,0.9172,0.9023,C5,C5: limit warming to 2.5°C (>50%)
REMIND-MAgPIE 2.1-4.2,SusDev_SSP1-PkBudg900,0.3191,0.8847,1.3292,1.3292,1.2458,1.1085,0.9704,0.8521,0.7161,0.6886,C1,C1: limit warming to 1.5°C (>50%) with no or limited overshoot
REMIND-MAgPIE 2.1-4.2,SusDev_SSP2-NDC,0.3191,0.8847,1.3159,1.3397,1.3032,1.2687,1.2408,1.2313,1.1684,1.2271,C5,C5: limit warming to 2.5°C (>50%)
REMIND-MAgPIE 2.1-4.2,SusDev_SSP2-NPi,0.3191,0.8847,1.3157,1.3333,1.2831,1.2336,1.242,1.2401,1.1542,1.2094,C7,C7: limit warming to 4°C (>50%)
REMIND-MAgPIE 2.1-4.2,SusDev_SSP2-PkBudg900,0.3191,0.8847,1.3328,1.3394,1.3218,1.2962,1.2575,1.2394,1.1642,1.2751,C1,C1: limit warming to 1.5°C (>50%) with no or limited overshoot
REMIND-MAgPIE 2.1-4.3,DeepElec_SSP2_ HighRE_Budg1100,0.3484,1.2507,2.2172,2.2349,1.8863,1.3306,1.0949,0.9229,0.7498,0.6977,C3,C3: limit warming to 2°C (>67%)
REMIND-MAgPIE 2.1-4.3,DeepElec_SSP2_ HighRE_Budg1300,0.3484,1.2507,2.2046,2.2372,1.9042,1.3758,1.1512,0.9639,0.7739,0.7041,C3,C3: limit warming to 2°C (>67%)
REMIND-MAgPIE 2.1-4.3,DeepElec_SSP2_ HighRE_Budg900,0.3484,1.2507,2.2369,2.224,1.8674,1.2974,1.0529,0.8974,0.7413,0.6975,C1,C1: limit warming to 1.5°C (>50%) with no or limited overshoot
REMIND-MAgPIE 2.1-4.3,DeepElec_SSP2_Base,0.3484,1.2058,2.1636,2.2656,2.1879,2.033,1.9886,1.881,1.6557,1.806,C7,C7: limit warming to 4°C (>50%)
REMIND-MAgPIE 2.1-4.3,DeepElec_SSP2_Npi,0.3484,1.2507,2.1719,2.2678,2.1894,2.0453,1.9979,1.9287,1.751,1.8607,C7,C7: limit warming to 4°C (>50%)
REMIND-MAgPIE 2.1-4.3,DeepElec_SSP2_def_Budg1100,0.3484,1.2507,2.2155,2.2775,2.2189,2.133,2.0924,1.9948,1.7706,1.7704,C2,C2: return warming to 1.5°C (>50%) after a high overshoot
REMIND-MAgPIE 2.1-4.3,DeepElec_SSP2_def_Budg1300,0.3484,1.2507,2.1995,2.2757,2.2132,2.1203,2.0752,2.0097,1.8166,1.8913,C3,C3: limit warming to 2°C (>67%)
REMIND-MAgPIE 2.1-4.3,DeepElec_SSP2_def_Budg900,0.3484,1.2507,2.2341,2.2763,2.1989,2.117,2.0687,1.8838,1.581,1.537,C1,C1: limit warming to 1.5°C (>50%) with no or limited overshoot
REMIND-Transport 2.1,Transport_Budg1100_Conv,0.3233,0.7836,1.3332,1.3379,1.2557,1.1781,1.1652,1.2051,1.2039,1.2416,C3,C3: limit warming to 2°C (>67%)
REMIND-Transport 2.1,Transport_Budg1100_Conv-LowD,0.3233,0.7836,1.3283,1.3409,1.2703,1.1929,1.1655,1.2099,1.2042,1.2249,C3,C3: limit warming to 2°C (>67%)
REMIND-Transport 2.1,Transport_Budg1100_ConvSyn,0.3233,0.7836,1.3311,1.3538,1.2811,1.2239,1.2472,1.3221,1.3177,1.3558,C3,C3: limit warming to 2°C (>67%)
REMIND-Transport 2.1,Transport_Budg1100_ElecPush,0.3233,0.7836,1.3255,1.3534,1.3082,1.2399,1.1978,1.2179,1.2075,1.2439,C3,C3: limit warming to 2°C (>67%)
REMIND-Transport 2.1,Transport_Budg1100_ElecPush-LowD,0.3233,0.7836,1.3241,1.3526,1.3144,1.2654,1.232,1.2378,1.1943,1.2438,C3,C3: limit warming to 2°C (>67%)
REMIND-Transport 2.1,Transport_Budg1100_H2Push,0.3233,0.7836,1.3301,1.3528,1.2941,1.2104,1.1864,1.2386,1.2427,1.2965,C3,C3: limit warming to 2°C (>67%)
REMIND-Transport 2.1,Transport_NDC_Conv,0.3233,0.7836,1.2844,1.3438,1.3123,1.278,1.2646,1.2456,1.1843,1.2385,C6,C6: limit warming to 3°C (>50%)
REMIND-Transport 2.1,Transport_NPi_Conv,0.3233,0.7836,1.2754,1.3054,1.2293,1.1107,1.1503,1.2287,1.1871,1.2316,C7,C7: limit warming to 4°C (>50%)
REMIND_EU 2.0,Eff_1p5,0.3680359,0.946543,1.4296448000000002,1.4488553,1.4372036,1.4094425000000002,1.3536504,1.3724112,1.3374891,1.3719039,failed-vetting,failed-vetting
REMIND_EU 2.0,Eff_Weak,0.3680359,0.946543,1.4275368000000002,1.4335705,1.4199716,1.3809527,1.3123252,1.2647649,1.1806706,1.2306966,failed-vetting,failed-vetting
REMIND_EU 2.0,Eff_min80,0.3680359,0.946543,1.4276929,1.4361692,1.4210579,1.3865648000000002,1.3139062,1.2686753000000002,1.1783439,1.3017992,failed-vetting,failed-vetting
REMIND_EU 2.0,Incumb_1p5,0.3671895,0.929851,1.4351822,1.4616364000000002,1.4590712,1.4261528,1.3808352,1.4335909999999998,1.4388979,1.4621927,failed-vetting,failed-vetting
REMIND_EU 2.0,Incumb_Weak,0.3671895,0.929851,1.4347373,1.4572731,1.4559157,1.3986463000000002,1.3166293,1.2952526,1.257824,1.4039686,failed-vetting,failed-vetting
REMIND_EU 2.0,Incumb_min80,0.3671895,0.929851,1.4331537,1.4594547,1.4510836,1.3861761,1.3021072,1.3365164,1.3671418000000002,1.4562055,failed-vetting,failed-vetting
REMIND_EU 2.0,NewPl_1p5,0.3682599,0.9634181,1.4371793,1.4551828,1.3790287,1.3004773,1.1694282,1.1904409,1.1849539,1.1722886,failed-vetting,failed-vetting
REMIND_EU 2.0,NewPl_Weak,0.3682599,0.9634181,1.4380832,1.4514138,1.3697442000000002,1.2924385,1.1638312000000002,1.0280358,0.8728747,0.8937229999999999,failed-vetting,failed-vetting
REMIND_EU 2.0,NewPl_min80,0.3682599,0.9634181,1.4380428,1.4549951,1.3734527,1.2965944,1.1755952,1.1110199,1.0145882,1.0907559000000002,failed-vetting,failed-vetting
Reference,IEA Energy Statistics (r2017),0.245232,0.5211688279914005,1.0278753358873618,1.461294075602008,1.8718207611307403,2.236372208494915,2.50450329907943,2.783646499551391,2.9311455406842644,3.028776166871727,failed-vetting,failed-vetting
TIAM-ECN 1.1,EN_INDCi2030_1000,0.2460991103959988,0.3335226296009015,2.536060642565811,3.533882768683525,3.95669735613112,4.954813047302799,5.044935815829537,5.4857455943323,5.083421363212144,4.066708943754433,C3,C3: limit warming to 2°C (>67%)
TIAM-ECN 1.1,EN_INDCi2030_1000_COV,0.2460994355195375,0.333514259685794,2.192391180664119,3.651953661485413,4.367659870931258,5.909341495696181,6.555061475124507,7.496324989237804,8.826480959406275,10.39833830139575,C3,C3: limit warming to 2°C (>67%)
TIAM-ECN 1.1,EN_INDCi2030_1000_NDCp,0.2460991473896449,0.3348825292489419,2.61419333114886,3.816090877431441,4.051559044722247,4.940555935691272,5.113862143590924,5.409239281918543,5.117571083133661,4.035427689966451,C3,C3: limit warming to 2°C (>67%)
TIAM-ECN 1.1,EN_INDCi2030_1000f,0.2460991103959988,0.3335226296009015,2.536060642565811,3.218333703049763,3.53039468757311,3.688213377673976,4.944618393657931,6.108241211659509,6.365287860349493,5.836620683492516,C3,C3: limit warming to 2°C (>67%)
TIAM-ECN 1.1,EN_INDCi2030_1000f_COV,0.2460994355195375,0.333514259685794,2.192391180664119,3.206668029141683,3.564611452616064,4.436018280767515,4.312849229280256,5.93578958033594,6.957219380045599,8.201144795200282,C3,C3: limit warming to 2°C (>67%)
TIAM-ECN 1.1,EN_INDCi2030_1000f_NDCp,0.2460991473896449,0.3348825292489419,2.61419333114886,3.32548978439692,3.663434403534989,4.450495744419572,4.190938297408262,6.270675220803513,7.034480041693913,8.203554701394838,C3,C3: limit warming to 2°C (>67%)
TIAM-ECN 1.1,EN_INDCi2030_1200,0.2460991103959988,0.3335226296009015,2.536060642565811,3.23533070761412,3.393369166228377,3.92344500437148,4.136889008433626,4.962349367405174,6.321564712953044,6.625877661385347,C3,C3: limit warming to 2°C (>67%)
TIAM-ECN 1.1,EN_INDCi2030_1200f,0.2460991103959988,0.3335226296009015,2.536060642565811,2.840759705128864,3.208435644795721,3.665885274548661,3.406533809462085,4.418778029449857,6.708159783400859,8.01612405382089,C3,C3: limit warming to 2°C (>67%)
TIAM-ECN 1.1,EN_INDCi2030_1400,0.2460991103959988,0.3335226296009015,2.536060642565811,2.847571297811683,2.977467772527199,3.401403135516118,3.107598587001918,3.910657008978504,5.076711711213322,5.988522251259016,C4,C4: limit warming to 2°C (>50%)
TIAM-ECN 1.1,EN_INDCi2030_1400f,0.2460991103959988,0.3335226296009015,2.536060642565811,2.806657806901203,2.977674070489586,3.308852672035514,2.892881741996748,4.176674817228613,5.087481583595041,6.777400715209648,C4,C4: limit warming to 2°C (>50%)
TIAM-ECN 1.1,EN_INDCi2030_1600,0.2460991103959988,0.3335226296009015,2.536060642565811,2.783826809288732,2.916298097929114,3.007993644484974,2.551164965032417,3.414435369585978,3.844569117752154,5.022036320268646,C4,C4: limit warming to 2°C (>50%)
TIAM-ECN 1.1,EN_INDCi2030_1600f,0.2460991103959988,0.3335226296009015,2.536060642565811,2.707406755382495,2.877117967325682,3.264851361207066,2.794992014328765,3.662892293196709,4.421064367068277,5.584274693504041,C5,C5: limit warming to 2.5°C (>50%)
TIAM-ECN 1.1,EN_INDCi2030_2000,0.2460993120495672,0.3339629934737343,2.7382854424001,2.876733676934421,2.92806389112709,2.28552070311867,1.975228131903934,2.227342673948055,3.223572023615314,3.611279044475393,C5,C5: limit warming to 2.5°C (>50%)
TIAM-ECN 1.1,EN_INDCi2030_2000f,0.2460991062141255,0.3339583597776278,2.738228123637043,2.876809652592077,2.927995862936993,2.285322597873795,1.974987899523379,2.227057753907985,3.22334393574575,3.611039199615618,C5,C5: limit warming to 2.5°C (>50%)
TIAM-ECN 1.1,EN_INDCi2030_2500,0.2460991103959988,0.3335226296009015,2.536060642565811,2.541132550201278,2.668340824958578,2.21621567411164,1.593737090861897,1.88254247484095,2.412023151175265,2.655223565304552,C5,C5: limit warming to 2.5°C (>50%)
TIAM-ECN 1.1,EN_INDCi2030_2500f,0.2460991103959988,0.3335226296009015,2.536060642565811,2.541132264302884,2.668340317127064,2.216229679737523,1.59373170221468,1.889267095848328,2.412882930684037,2.655150012435972,C5,C5: limit warming to 2.5°C (>50%)
TIAM-ECN 1.1,EN_INDCi2030_3000,0.2460991103959988,0.3335226296009015,2.536060642565811,2.516476784873371,2.642637806244693,1.980771048853499,1.316002916865831,1.440851346315073,1.846123711769917,2.022236358507072,C6,C6: limit warming to 3°C (>50%)
TIAM-ECN 1.1,EN_INDCi2030_3000f,0.25,0.33,2.54,2.52,2.64,1.98,1.32,1.46,1.85,2.02,C6,C6: limit warming to 3°C (>50%)
TIAM-ECN 1.1,EN_INDCi2030_900,0.2460991103959988,0.3335226296009015,2.536060642565811,3.984817407472868,4.740923413594563,6.047041058514488,5.431636480767468,5.196537009393229,5.99509293477356,6.079843073547803,C3,C3: limit warming to 2°C (>67%)
TIAM-ECN 1.1,EN_INDCi2030_900f,0.2460991103959988,0.3335226296009015,2.536060642565811,3.326746324870661,3.542269221834911,4.521248159595347,4.407073674316232,6.289155278995517,7.329598109918699,8.22009778792514,C3,C3: limit warming to 2°C (>67%)
TIAM-ECN 1.1,EN_INDCi2100,0.2460991103959988,0.3335226296009015,2.536060642565811,2.521928347325235,2.512831014512031,1.714185190896918,0.8094843149705052,0.894893599315454,0.9227963659868584,0.9136472841006992,C7,C7: limit warming to 4°C (>50%)
TIAM-ECN 1.1,EN_INDCi2100_COV,0.25,0.33,2.19,2.2,2.18,1.53,0.79,0.87,0.91,0.91,C7,C7: limit warming to 4°C (>50%)
TIAM-ECN 1.1,EN_INDCi2100_NDCp,0.2460991473896449,0.3348825292489419,2.61419333114886,2.629075444000885,2.62125282877948,1.786136238310461,0.8185756520778705,0.8863606954087443,0.9127236181941464,0.9088839705341184,C7,C7: limit warming to 4°C (>50%)
TIAM-ECN 1.1,EN_NPi2020_1000,0.2460986558966487,0.3424245133246086,3.085550060688454,3.650180543885139,3.735716488008491,4.484330852810178,4.71408309527517,5.162171756054747,4.905489146615852,3.797371355695636,C3,C3: limit warming to 2°C (>67%)
TIAM-ECN 1.1,EN_NPi2020_1000_COV,0.2460986086693767,0.3427196580882333,2.868207784296142,3.134659813876505,3.245296429584481,3.653866952508072,3.670387600068817,3.976592946965619,4.666150283677341,4.835071161250955,C3,C3: limit warming to 2°C (>67%)
TIAM-ECN 1.1,EN_NPi2020_1000f,0.2460991331835724,0.3659008347549269,2.696899910335008,3.033244968533842,3.275884610285525,3.361163895757329,4.325955346899404,5.802591130927672,6.123919900561591,5.691755202002835,C3,C3: limit warming to 2°C (>67%)
TIAM-ECN 1.1,EN_NPi2020_1000f_COV,0.2460991390106574,0.3414394515306311,2.629683303493788,2.966055852264236,3.208082821894274,3.369406120299517,4.035293353669228,5.658357243536195,6.006333464456242,5.702355966092534,C3,C3: limit warming to 2°C (>67%)
TIAM-ECN 1.1,EN_NPi2020_1200,0.2460985760513579,0.3658919042747689,2.671111839390381,3.014229005497277,3.160841602110614,3.31088722485317,3.972497952039571,4.33189984235268,4.398210961858939,3.543896952146984,C3,C3: limit warming to 2°C (>67%)
TIAM-ECN 1.1,EN_NPi2020_1200f,0.2460985232245325,0.3554940410033405,2.044512140455724,2.197263856087275,2.538956500073571,2.95396454542843,3.909893971252717,4.880879508415817,5.474113998149314,5.076265332959284,C3,C3: limit warming to 2°C (>67%)
TIAM-ECN 1.1,EN_NPi2020_1400,0.2460992041908611,0.3660066231449154,2.006289424468973,2.191126552534909,2.275140516038795,2.563877748986697,2.903953381454837,3.495274441215534,3.77067549446453,4.474550747154338,C4,C4: limit warming to 2°C (>50%)
TIAM-ECN 1.1,EN_NPi2020_1400f,0.2460990969049264,0.3660624762023508,1.996829528782716,2.147462646369188,2.254921438730206,2.537449689607483,2.767101051382743,3.422001633493379,4.210883583306647,5.103772610685792,C4,C4: limit warming to 2°C (>50%)
TIAM-ECN 1.1,EN_NPi2020_1600,0.246098870960658,0.3670621301787416,1.971492783620112,2.085971233687845,2.192316852360877,2.402030040117243,2.765299044016112,3.418107511691394,3.517556050995271,3.072165513187891,C4,C4: limit warming to 2°C (>50%)
TIAM-ECN 1.1,EN_NPi2020_1600f,0.2460989805883086,0.3638535072107084,1.971430369400203,2.08594570640304,2.172381677815745,2.219219861206793,2.751616049632655,3.521756855887988,3.784273746744845,3.420289685599372,C5,C5: limit warming to 2.5°C (>50%)
TIAM-ECN 1.1,EN_NPi2020_2000,0.2460985951312738,0.3626033089512276,1.741733098976974,1.802289812865329,1.880463936815433,1.758497557474767,1.84356927055067,2.509443068362786,3.280925028760206,3.605419299809369,C5,C5: limit warming to 2.5°C (>50%)
TIAM-ECN 1.1,EN_NPi2020_2000f,0.2460991558958926,0.3626124495126427,1.739061581498114,1.799710325624055,1.864054674075963,1.745347208611775,1.856921179155474,2.527161235911729,3.23693495483869,4.043738878930241,C5,C5: limit warming to 2.5°C (>50%)
TIAM-ECN 1.1,EN_NPi2020_2500,0.2460990124232027,0.3616442670500664,1.606815254300219,1.694391998632052,1.842123016196649,1.68836530088471,1.421180600122317,1.851278372446156,2.403236292065162,2.656104562217354,C5,C5: limit warming to 2.5°C (>50%)
TIAM-ECN 1.1,EN_NPi2020_2500f,0.2460988919415403,0.3616433797454313,1.606809320699251,1.694381439667718,1.842093443146192,1.688261968258257,1.420789340596534,1.850993884338256,2.402834314919477,2.655241333937285,C5,C5: limit warming to 2.5°C (>50%)
TIAM-ECN 1.1,EN_NPi2020_3000,0.2460988092451327,0.3487951205686592,1.559917804391157,1.573334633449092,1.770886209360729,1.598868646283587,1.426494643393804,1.518247106364887,2.040503400625859,2.208080257013301,C6,C6: limit warming to 3°C (>50%)
TIAM-ECN 1.1,EN_NPi2020_3000f,0.2460989541228474,0.3485679172975165,1.55992460425883,1.5733685776739,1.770917751573367,1.598904144725139,1.426632441116813,1.518436975647406,2.040790090707642,2.209227246943104,C6,C6: limit warming to 3°C (>50%)
TIAM-ECN 1.1,EN_NPi2020_800,0.25,0.47,3.47,4.0,4.4,5.32,5.31,5.48,4.88,3.61,C3,C3: limit warming to 2°C (>67%)
TIAM-ECN 1.1,EN_NPi2020_800f,0.25,0.34,3.08,3.5,3.83,4.67,5.08,6.58,6.55,5.89,C3,C3: limit warming to 2°C (>67%)
TIAM-ECN 1.1,EN_NPi2020_900,0.2460985612899011,0.3393535825752253,3.417113577334742,3.853069994933867,4.101915558407752,4.897357464670862,5.213353746657132,5.363835830370027,4.931282070336095,3.593114721832888,C3,C3: limit warming to 2°C (>67%)
TIAM-ECN 1.1,EN_NPi2020_900f,0.246099173424316,0.3412869996024932,2.864413560965642,3.178323888329035,3.378200627076661,3.845178133772334,4.88012710862034,6.169907366932319,6.271310363548821,5.732904444960162,C3,C3: limit warming to 2°C (>67%)
TIAM-ECN 1.1,EN_NPi2100,0.246099467266614,0.3615084651417938,1.520434150544343,1.535275131135996,1.537165677253178,1.218819250025165,0.8482259335144285,0.911952666823603,0.9184651815145451,0.9109467878706176,C7,C7: limit warming to 4°C (>50%)
TIAM-ECN 1.1,EN_NPi2100_COV,0.2460990241705389,0.3371219855722074,1.503983515764956,1.530744966491728,1.532884627950445,1.169806907801269,0.8014278478755184,0.8718690124099592,0.9077139717398576,0.903603689524183,C7,C7: limit warming to 4°C (>50%)
TIAM-ECN AFR 1.1,2DC,0.2460981360898294,0.6072167768417043,0.8698619106233708,1.075610595802568,2.634827382036538,2.236372208494915,2.50450329907943,2.783646499551391,2.9311455406842644,3.028776166871727,failed-vetting,failed-vetting
TIAM-ECN AFR 1.1,CAP,0.2460978619535896,0.321022653929975,0.8427093106475456,0.9308292941635322,1.300782998420463,2.236372208494915,2.50450329907943,2.783646499551391,2.9311455406842644,3.028776166871727,failed-vetting,failed-vetting
TIAM-ECN AFR 1.1,REF,0.2460984422102686,0.281196264072911,0.323691626382703,0.3645538979490076,0.3923485183559529,2.236372208494915,2.50450329907943,2.783646499551391,2.9311455406842644,3.028776166871727,failed-vetting,failed-vetting
TIAM-ECN AFR 1.1,TAX,0.2460984466360982,0.2841997310246795,0.7015103353113412,1.035333777676652,1.255112249334042,2.236372208494915,2.50450329907943,2.783646499551391,2.9311455406842644,3.028776166871727,failed-vetting,failed-vetting
TIAM-ECN ETH 1.1,RCP2.6,0.2460984234865078,0.6072167670143579,0.8697911726998981,1.078742315712021,2.634820297520071,2.236372208494915,2.50450329907943,2.783646499551391,2.9311455406842644,3.028776166871727,failed-vetting,failed-vetting
TIAM-ECN ETH 1.1,baseline,0.2460985582257994,0.2807263153852385,0.3218165694678585,0.3616830541050838,0.3894440820609029,2.236372208494915,2.50450329907943,2.783646499551391,2.9311455406842644,3.028776166871727,failed-vetting,failed-vetting
TIAM-ECN KEN 1.1,CAP,0.2460983258928384,0.3190051618772589,0.8302114206962062,1.097717349858027,1.307898502388466,2.236372208494915,2.50450329907943,2.783646499551391,2.9311455406842644,3.028776166871727,failed-vetting,failed-vetting
TIAM-ECN KEN 1.1,NDC,0.2460982196774745,0.3176420845102347,0.8191483133667831,0.9266452666037124,1.300154453558846,2.236372208494915,2.50450329907943,2.783646499551391,2.9311455406842644,3.028776166871727,failed-vetting,failed-vetting
TIAM-ECN KEN 1.1,REF,0.2460985050149372,0.2964286666533096,0.3474039547159265,0.3996168402904074,0.4427776182186297,2.236372208494915,2.50450329907943,2.783646499551391,2.9311455406842644,3.028776166871727,failed-vetting,failed-vetting
TIAM-ECN KEN 1.1,TAX,0.246098499774085,0.3186031366515974,0.7552474769738824,1.101375299785169,1.305540599241392,2.236372208494915,2.50450329907943,2.783646499551391,2.9311455406842644,3.028776166871727,failed-vetting,failed-vetting
TIAM-ECN MDG 1.1,NDC,0.2461022970808482,0.3188920287138249,0.8060939856989358,0.8709213887958033,0.970872030607239,2.236372208494915,2.50450329907943,2.783646499551391,2.9311455406842644,3.028776166871727,failed-vetting,failed-vetting
TIAM-ECN MDG 1.1,NDC+,0.2461018624805391,0.3201809593126961,0.8062813612367556,0.8389365071482431,0.9694027045065128,2.236372208494915,2.50450329907943,2.783646499551391,2.9311455406842644,3.028776166871727,failed-vetting,failed-vetting
TIAM-ECN MDG 1.1,REF,0.2460989383001367,0.3166683177983159,0.3780113597737372,0.4305843833372894,0.4430319718298913,2.236372208494915,2.50450329907943,2.783646499551391,2.9311455406842644,3.028776166871727,failed-vetting,failed-vetting
TIAM-Grantham 1.0,Baseline,0.186685915954576,0.1522411974130089,0.9885646833276308,5.23458740378929,6.6123612576,6.6123612576,6.6123612576,6.6123612576,6.447987520848,6.62253413589072,failed-vetting,failed-vetting
TIAM-Grantham 3.2,CO_2Deg2020,0.20399842105,0.934258322245,4.33152905415,5.950874114381,10.686364857062,27.266647375209,28.06321401891,31.968509821,32.7594737042,32.6585824428,no-climate-assessment,no-climate-assessment
TIAM-Grantham 3.2,CO_2Deg2030,0.20399842105,0.934258322245,1.86000057783,9.944488993549998,27.6222659522,30.0912876462,31.26929543777,31.49870396672,31.87458675549,30.41530568869,no-climate-assessment,no-climate-assessment
TIAM-Grantham 3.2,CO_BAU,0.20399842105,0.492922276214,0.6115145758789999,4.736586487897,6.662115049803001,6.736024454030001,6.846878948390001,6.85312307639,6.703863188390001,6.845243640700001,failed-vetting,failed-vetting
TIAM-Grantham 3.2,CO_Bridge,0.20399842105,0.934258322245,4.18034883055,9.49504377955,27.1301325804,29.94835272891,31.04419453821,31.57131999252,32.04929474949,30.47637324169,no-climate-assessment,no-climate-assessment
TIAM-Grantham 3.2,CO_CurPol,0.20399842105,0.934258322245,1.767569424758,5.480600095391,7.287813196652,9.52993441281,10.2451493398,10.28316472403,10.33071364471,10.27044926059,no-climate-assessment,no-climate-assessment
TIAM-Grantham 3.2,CO_GPP,0.20399842105,0.934258322245,4.18034883055,5.685944411181,8.35856908985,13.1174460488,19.30351202716,20.12420432066,24.67846887291,23.34183448451,no-climate-assessment,no-climate-assessment
TIAM-Grantham 3.2,CO_NDCplus,0.20399842105,0.934258322245,1.86000057783,5.630716309391,8.11613346999,10.98754632532,11.07566221538,11.11152675008,10.69630461828,11.03554936681,no-climate-assessment,no-climate-assessment
TIAM-UCL 4.1.1,SSP2_1_5D-50_CCC2020,0.176028571286666,0.328663344424363,1.640734219526382,3.619590821298954,5.940852171647244,7.583876979046812,8.27267607556514,7.671465991192215,7.200225686816801,7.288876142649904,failed-vetting,failed-vetting
TIAM-UCL 4.1.1,SSP2_1_75D-66,0.196437534093219,0.351764610229965,1.56700878284931,2.94410640255665,4.503654874225631,7.03595766327359,13.8997995777469,24.4245475809752,26.0823184277092,26.2752580221082,failed-vetting,failed-vetting
TIAM-UCL 4.1.1,SSP2_1_75D-66_CCC2020,0.176028571286666,0.328663344424363,1.433979367715792,3.202069481880097,5.386434252052931,7.801237397399788,8.676710201484985,8.369667569540207,7.885956288627505,7.35061214213362,failed-vetting,failed-vetting
TIAM-UCL 4.1.1,SSP2_2D-66,0.196437534093219,0.351764610229965,1.41038241437465,2.68648165634702,3.71591578103835,4.726895265644741,5.91662778014835,11.0950702663665,22.3224482836542,26.1953260940138,failed-vetting,failed-vetting
TIAM-UCL 4.1.1,SSP2_2D-66_CCC2020,0.176028571286666,0.328663344424363,1.28090036139771,2.834398649363012,4.934007234789201,7.918979121587053,9.939244551717938,9.740178943362658,9.065601193849346,9.427286299946124,failed-vetting,failed-vetting
TIAM-UCL 4.1.1,SSP2_BASE,0.196437534093219,0.351764610229965,0.69891682494875,1.91546643876397,4.88619209236169,8.04148489420202,11.4928940444294,20.2139305516807,23.0958924011485,25.76469681559911,failed-vetting,failed-vetting
TIAM-UCL 4.1.1,SSP2_BASE_CCC2020,0.176028571286666,0.328663344424363,0.536980834952459,1.273919647696881,3.357323147183666,5.759817725861109,7.180769408412435,8.212200098792302,9.207322862694689,15.84003077991239,failed-vetting,failed-vetting
TIAM-WORLD 1.0,20% abatement (FF&I),0.5135267936694734,2.510374424574793,4.099987386358634,5.500282831640603,6.956864631863206,7.190853524066462,7.227901455540116,7.243027823075349,7.185842774846169,6.680654472757237,failed-vetting,failed-vetting
TIAM-WORLD 1.0,20% abatement (GHG),0.5135267936694734,2.282416120572615,3.891868544709901,5.384614838659941,6.885001868473896,7.189103571409355,7.1978421674889566,7.218527194746096,7.216069196808124,6.729001781411855,failed-vetting,failed-vetting
TIAM-WORLD 1.0,450 concentration,0.5135267936694734,2.275596630428176,4.1373934781152935,5.532816915163156,7.226659177393989,7.721514772285674,7.728289175846587,7.08910905214741,7.000500076394962,6.96343588699991,failed-vetting,failed-vetting
TIAM-WORLD 1.0,50% abatement (FF&I),0.5135267936694734,2.8537327415630864,4.31651467010255,5.681449817149445,7.200139289820662,7.270049908281156,7.271336898553191,7.280812443485797,7.279780890464457,6.81019618028182,failed-vetting,failed-vetting
TIAM-WORLD 1.0,50% abatement (GHG),0.5135267936694734,2.578533222341489,4.174666099681208,5.591208782715557,7.048892610441326,7.22837777832975,7.271336898553191,7.268037264139343,7.27286284592206,6.865322111377852,failed-vetting,failed-vetting
TIAM-WORLD 1.0,550 concentration,0.5135267936694734,0.802982593958906,1.830446571124421,4.743349100486178,6.7204626375219725,7.580425506585432,7.816127067812527,7.812343511211349,7.746923313376437,7.29061281556746,failed-vetting,failed-vetting
TIAM-WORLD 1.0,650 concentration,0.5135267936694734,0.7353612642535233,0.8624945005135499,1.730526195580899,4.393109232629806,6.070867138161171,7.1391229375925285,7.663721241667716,7.3959371596667935,7.440720343470137,failed-vetting,failed-vetting
TIAM-WORLD 1.0,Core baseline,0.5135267936694734,0.7353612642535231,0.8547527194700628,0.9769039474584184,1.080539431218161,1.076533019240934,1.073039236736146,1.060917950495047,2.206872702233407,3.314491348063318,failed-vetting,failed-vetting
TIAM-WORLD 1.0,High CO2 price,0.5135267936694734,1.938278647882571,3.800075495569689,5.6030882709078496,7.07574374631769,7.2702900165959585,7.763399811487553,7.768347530466249,7.635696044250691,6.929319661729038,failed-vetting,failed-vetting
TIAM-WORLD 1.0,Low CO2 price,0.5135267936694734,0.7353612642535231,1.178038044536067,3.226641242732529,5.561719232226205,6.668690226279903,7.456226861831579,7.527967885195707,7.25570124664158,6.96985289255866,failed-vetting,failed-vetting
TIAM-WORLD 1.0,Policy baseline,0.5875518107971738,1.22648529219583,1.657967133018928,2.503076416349886,3.702286733214441,4.353312039292278,5.229094062565913,5.614789724794762,5.056955691728524,4.626780234567618,failed-vetting,failed-vetting
WEM 2020,SDS,0.245,0.365,1.056,1.992,2.916,2.236372208494915,2.50450329907943,2.783646499551391,2.9311455406842644,3.028776166871727,no-climate-assessment,no-climate-assessment
WEM 2021,NZE,0.2451312103271484,0.3649175903320312,1.189026013183594,2.251511938476563,2.955963647460937,2.236372208494915,2.50450329907943,2.783646499551391,2.9311455406842644,3.028776166871727,no-climate-assessment,no-climate-assessment
