Model,Scenario,2010,2020,2030,2040,2050,2060,2070,2080,2090,2100,Category,Category_name
AIM/CGE 2.0,ADVANCE_2020_1.5C-2100,0.1063,0.3971,11.0736,42.2633,67.7695,72.53960000000002,78.0363,86.8299,97.159,86.1586,failed-vetting,failed-vetting
AIM/CGE 2.0,ADVANCE_2020_Med2C,0.1063,0.3971,8.1236,18.2727,25.9306,32.1732,35.7174,37.5468,40.3289,45.3895,failed-vetting,failed-vetting
AIM/CGE 2.0,ADVANCE_2020_WB2C,0.1063,0.3971,8.1711,28.3169,38.3896,50.8717,61.2989,62.4392,65.5354,75.8795,failed-vetting,failed-vetting
AIM/CGE 2.0,ADVANCE_2030_Med2C,0.1063,0.4169,2.865,22.6369,31.6166,35.3484,39.3462,40.2413,42.5774,48.6528,failed-vetting,failed-vetting
AIM/CGE 2.0,ADVANCE_2030_Price1.5C,0.1075,0.4225,2.8905,41.0302,68.0261,72.3323,79.033,86.0778,94.9462,87.8526,failed-vetting,failed-vetting
AIM/CGE 2.0,ADVANCE_2030_WB2C,0.1063,0.4169,2.865,22.8059,52.0604,66.1857,86.1704,82.7436,84.6217,97.2994,failed-vetting,failed-vetting
AIM/CGE 2.0,ADVANCE_INDC,0.1075,0.4257,2.9577,9.6868,19.5129,24.8662,34.7535,42.8119,48.5925,54.6717,failed-vetting,failed-vetting
AIM/CGE 2.0,ADVANCE_NoPolicy,0.1066,0.243,0.5707,1.2803,2.5559,3.2476,3.6104,4.1274,4.8561,5.8183,failed-vetting,failed-vetting
AIM/CGE 2.0,ADVANCE_Reference,0.1075,0.4257,1.7961,4.8227,8.8723,9.9875,11.0275,12.2957,14.073,16.2529,failed-vetting,failed-vetting
AIM/CGE 2.0,EMF30_BCOC-EndU,0.1153,0.2997,0.7449,1.6653,3.3105,4.2304,5.1294,6.2459,7.2863,8.3959,failed-vetting,failed-vetting
AIM/CGE 2.0,EMF30_Baseline,0.1154,0.2987,0.7364,1.653,3.2945,4.2162,5.1151,6.2313,7.271,8.3912,failed-vetting,failed-vetting
AIM/CGE 2.0,EMF30_CH4-Only,0.1152,0.3093,0.8105,1.8062,3.3071,3.9152,4.7199,5.7809,6.7067,7.6894,failed-vetting,failed-vetting
AIM/CGE 2.0,EMF30_ClimPolicy,0.116999999999999,0.5658000000000001,6.8772,17.9741,29.6121,39.852,51.0997,63.6132,79.619,109.6466,failed-vetting,failed-vetting
AIM/CGE 2.0,EMF30_ClimPolicy+SLCF,0.1167,0.5771000000000001,7.8215,18.7698,30.4527,40.5244,52.0336,64.6664,80.7479,110.1411,failed-vetting,failed-vetting
AIM/CGE 2.0,EMF30_D_BCOC-Red,0.1154,0.2987,0.7364,1.653,3.2945,4.2162,5.1151,6.2313,7.271,8.3912,failed-vetting,failed-vetting
AIM/CGE 2.0,EMF30_D_CH4-ClimPolicy,0.1152,0.3111,0.8079000000000001,1.8049,3.3423,4.0955,5.3888,6.5283,7.4138,8.3945,failed-vetting,failed-vetting
AIM/CGE 2.0,EMF30_D_CO2-Only,0.1169,0.5645,5.6166,18.3725,35.5713,54.8382,89.9855,98.5906,104.5795,117.4771,failed-vetting,failed-vetting
AIM/CGE 2.0,EMF30_D_Frozen-CH4,0.1154,0.2987,0.7364,1.653,3.2945,4.2162,5.1151,6.2313,7.271,8.3912,failed-vetting,failed-vetting
AIM/CGE 2.0,EMF30_D_Frozen-EF,0.1154,0.2987,0.7364,1.653,3.2945,4.2162,5.1151,6.2313,7.271,8.3912,failed-vetting,failed-vetting
AIM/CGE 2.0,EMF30_D_Frozen-EF-EndU,0.1154,0.2987,0.7364,1.653,3.2945,4.2162,5.1151,6.2313,7.271,8.3912,failed-vetting,failed-vetting
AIM/CGE 2.0,EMF30_D_Frozen-EF-SLCF,0.1154,0.2987,0.7364,1.653,3.2945,4.2162,5.1151,6.2313,7.271,8.3912,failed-vetting,failed-vetting
AIM/CGE 2.0,EMF30_SLCF,0.1152,0.3103,0.8201,1.8209,3.3253,3.9322,4.739,5.8041,6.7338,7.7223,failed-vetting,failed-vetting
AIM/CGE 2.0,EMF30_Slower-Action,0.116999999999999,0.5262,3.3902,10.7009,21.8067,30.2629,37.6592,46.1997,55.0809,64.2623,failed-vetting,failed-vetting
AIM/CGE 2.0,EMF30_Slower-Action+SLCF,0.116999999999999,0.5343,3.423,10.8642,22.1951,31.4048,39.3655,49.31100000000001,60.1627,72.6281,failed-vetting,failed-vetting
AIM/CGE 2.0,EMF30_Slower-to-faster,0.116999999999999,0.5262,3.3961,21.3268,35.5829,43.2478,53.1215,66.1152,83.4406,110.8185,failed-vetting,failed-vetting
AIM/CGE 2.0,EMF30_Slower-to-faster+SLCF,0.1169,0.5275000000000001,3.4102,20.9794,47.1419,79.9499,85.5042,93.1082,99.6614,113.9909,failed-vetting,failed-vetting
AIM/CGE 2.0,EMF30_Slower-to-faster+SLCF+HFC,0.1169,0.5275000000000001,3.41,20.95,47.0385,79.6685,85.4742,93.07,99.6232,113.9515,failed-vetting,failed-vetting
AIM/CGE 2.0,SFCM_SSP2_Bio_1p5Degree,0.1126,0.5618000000000001,15.433,34.6157,48.5672,60.135,72.1003,78.9451,83.3291,86.2876,failed-vetting,failed-vetting
AIM/CGE 2.0,SFCM_SSP2_Bio_2Degree,0.1126,0.5618000000000001,5.2587,18.5227,28.5061,32.9226,39.525,45.2196,49.7317,52.0201,failed-vetting,failed-vetting
AIM/CGE 2.0,SFCM_SSP2_Bio_Baseline,0.1131,0.2846,0.6849000000000001,1.5132,2.9485,3.6808,4.3682,5.2499,6.0152,6.9383,failed-vetting,failed-vetting
AIM/CGE 2.0,SFCM_SSP2_EEEI_1p5Degree,0.1108,0.5037,12.5136,28.6536,42.9631,51.7427,63.2843,65.5977,67.0195,70.1413,failed-vetting,failed-vetting
AIM/CGE 2.0,SFCM_SSP2_EEEI_2Degree,0.1108,0.5037,3.9986,14.5914,23.1923,26.0439,32.3022,35.8268,38.4904,39.9166,failed-vetting,failed-vetting
AIM/CGE 2.0,SFCM_SSP2_EEEI_Baseline,0.1112,0.2639,0.6045,1.2806,2.3933,2.7753,3.0808,3.4635,3.9246,4.2548,failed-vetting,failed-vetting
AIM/CGE 2.0,SFCM_SSP2_LifeStyle_1p5Degree,0.1135,0.5534,14.1846,32.8947,48.3314,59.3166,71.4741,76.9619,80.676,83.0688,failed-vetting,failed-vetting
AIM/CGE 2.0,SFCM_SSP2_LifeStyle_2Degree,0.1135,0.5534,4.8032,17.5955,27.8607,31.8631,39.0705,44.2551,48.468,51.4381,failed-vetting,failed-vetting
AIM/CGE 2.0,SFCM_SSP2_LifeStyle_Baseline,0.114,0.2867,0.6935,1.5323,2.9818,3.6728,4.2926,5.0773,5.7727,6.4713,failed-vetting,failed-vetting
AIM/CGE 2.0,SFCM_SSP2_Ref_1p5Degree,0.1145,0.5865,15.8995,36.3953,53.8547,67.6871,83.3016,93.5005,99.753,104.4127,failed-vetting,failed-vetting
AIM/CGE 2.0,SFCM_SSP2_Ref_2Degree,0.1145,0.5865,5.5018,19.1453,30.5645,35.5801,44.4695,50.6062,55.4765,58.8124,failed-vetting,failed-vetting
AIM/CGE 2.0,SFCM_SSP2_Ref_Baseline,0.115,0.2939,0.7187,1.5991,3.1432,3.9648,4.7324,5.72,6.5653,7.587999999999999,failed-vetting,failed-vetting
AIM/CGE 2.0,SFCM_SSP2_ST_CCS_1p5Degree,0.1145,0.5865,15.4481,34.9225,48.7183,62.7803,76.8667,85.2638,89.3564,92.1545,failed-vetting,failed-vetting
AIM/CGE 2.0,SFCM_SSP2_ST_CCS_2Degree,0.1145,0.5865,5.3028,18.193,28.1391,33.1769,40.9843,46.4401,50.8503,53.956,failed-vetting,failed-vetting
AIM/CGE 2.0,SFCM_SSP2_ST_CCS_Baseline,0.115,0.2939,0.7187,1.5991,3.1432,3.9648,4.7324,5.72,6.5653,7.587999999999999,failed-vetting,failed-vetting
AIM/CGE 2.0,SFCM_SSP2_ST_bio_1p5Degree,0.1145,0.5867,15.8358,35.7368,51.6341,64.4655,78.5404,88.0472,93.5578,97.0791,failed-vetting,failed-vetting
AIM/CGE 2.0,SFCM_SSP2_ST_bio_2Degree,0.1145,0.5867,5.5007,18.9894,29.9522,34.7987,42.3815,48.4738,52.8715,55.7556,failed-vetting,failed-vetting
AIM/CGE 2.0,SFCM_SSP2_ST_bio_Baseline,0.115,0.2939,0.7187,1.5985,3.1349,3.9443,4.6937,5.6514,6.4822,7.4853,failed-vetting,failed-vetting
AIM/CGE 2.0,SFCM_SSP2_ST_nuclear_1p5Degree,0.1145,0.5946,15.9272,36.2779,53.0627,66.5915,81.3579,90.7824,96.1545,99.4866,failed-vetting,failed-vetting
AIM/CGE 2.0,SFCM_SSP2_ST_nuclear_2Degree,0.1145,0.5946,5.6461,19.3672,30.4523,35.0578,43.5353,49.5579,53.7797,56.3576,failed-vetting,failed-vetting
AIM/CGE 2.0,SFCM_SSP2_ST_nuclear_Baseline,0.115,0.2976,0.7327,1.6333,3.2091,4.039,4.798999999999999,5.7548,6.5398,7.4294,failed-vetting,failed-vetting
AIM/CGE 2.0,SFCM_SSP2_ST_solar_1p5Degree,0.12,0.6834,18.8447,44.9239,69.6803,84.5524,102.5745,112.6175,119.1121,123.5586,failed-vetting,failed-vetting
AIM/CGE 2.0,SFCM_SSP2_ST_solar_2Degree,0.12,0.6834,6.9567,24.2677,41.3348,48.7424,60.9595,70.1444,78.0585,81.8899,failed-vetting,failed-vetting
AIM/CGE 2.0,SFCM_SSP2_ST_solar_Baseline,0.1205,0.3446,0.937,2.3131,5.0453,6.3534,7.5694,9.1272,10.3478,11.8332,failed-vetting,failed-vetting
AIM/CGE 2.0,SFCM_SSP2_ST_wind_1p5Degree,0.1145,0.5845,14.8167,32.9245,48.0574,62.0708,78.8879,86.9367,91.8957,95.8655,failed-vetting,failed-vetting
AIM/CGE 2.0,SFCM_SSP2_ST_wind_2Degree,0.1145,0.5845,5.3084,18.1013,28.0999,33.0315,40.7509,46.4754,52.0473,56.1747,failed-vetting,failed-vetting
AIM/CGE 2.0,SFCM_SSP2_ST_wind_Baseline,0.1149,0.2934,0.715,1.5815,3.0943,3.9065,4.658,5.6102,6.4227,7.3589,failed-vetting,failed-vetting
AIM/CGE 2.0,SFCM_SSP2_SupTech_1p5Degree,0.12,0.6907,17.4274,38.9059,55.6212,70.8337,87.38,97.1146,102.425,105.5066,failed-vetting,failed-vetting
AIM/CGE 2.0,SFCM_SSP2_SupTech_2Degree,0.12,0.6907,6.5861,21.8157,34.3138,40.2553,48.9941,55.8354,61.159,64.5579,failed-vetting,failed-vetting
AIM/CGE 2.0,SFCM_SSP2_SupTech_Baseline,0.1205,0.3483,0.9478,2.3364,5.0525,6.3308,7.4777,8.8912,9.951,11.1877,failed-vetting,failed-vetting
AIM/CGE 2.0,SFCM_SSP2_combined_1p5Degree,0.1131,0.5365,11.9123,26.8348,37.7667,44.3501,51.1737,53.0613,52.6524,51.3882,failed-vetting,failed-vetting
AIM/CGE 2.0,SFCM_SSP2_combined_2Degree,0.1131,0.5365,4.1196,14.6071,22.5989,23.9344,27.4241,29.563,30.6397,30.4545,failed-vetting,failed-vetting
AIM/CGE 2.0,SFCM_SSP2_combined_Baseline,0.1136,0.2948,0.7385,1.6871,3.4386,3.8716,4.1153,4.3868,4.7018,4.8623,failed-vetting,failed-vetting
AIM/CGE 2.0,SSP1-19,0.1673,0.8885000000000001,14.6959,37.3203,61.8599,76.9727,84.56200000000003,89.7462,90.5736,90.0283,failed-vetting,failed-vetting
AIM/CGE 2.0,SSP1-26,0.1671,0.8887,6.4068,23.2448,39.7676,47.5119,57.4876,60.8792,64.4978,64.9899,C3,C3: limit warming to 2°C (>67%)
AIM/CGE 2.0,SSP1-34,0.1671,0.8887,4.927,14.8367,29.4322,36.4372,42.6109,46.2879,48.6852,49.6503,C5,C5: limit warming to 2.5°C (>50%)
AIM/CGE 2.0,SSP1-45,0.1671,0.9495,4.6206,13.0674,24.9087,29.6634,34.0595,37.3317,40.663,42.9713,C6,C6: limit warming to 3°C (>50%)
AIM/CGE 2.0,SSP1-Baseline,0.1673,0.8129000000000001,3.528,11.2784,22.9547,29.2923,33.6211,35.7067,37.7794,38.8875,C7,C7: limit warming to 4°C (>50%)
AIM/CGE 2.0,SSP2-19,0.1163,0.421,12.7976,36.6393,54.06399999999999,73.4418,84.2002,96.7008,106.1403,113.2823,failed-vetting,failed-vetting
AIM/CGE 2.0,SSP2-26,0.115999999999999,0.422,5.3569,20.1844,33.2618,40.7431,52.5215,61.7524,70.78399999999998,77.9772,failed-vetting,failed-vetting
AIM/CGE 2.0,SSP2-34,0.115999999999999,0.422,3.2714,12.5189,24.576,30.0702,34.8689,40.7424,46.5727,52.6231,failed-vetting,failed-vetting
AIM/CGE 2.0,SSP2-45,0.115999999999999,0.422,2.4887,7.992999999999999,17.3848,24.6751,29.2913,33.7596,37.7624,41.771,failed-vetting,failed-vetting
AIM/CGE 2.0,SSP2-60,0.115999999999999,0.422,2.3001,7.2981,15.6332,19.5646,22.3215,25.7133,29.3276,32.3505,failed-vetting,failed-vetting
AIM/CGE 2.0,SSP2-Baseline,0.1155,0.2991,0.7392000000000001,1.6562,3.2891,4.1924,5.0621,6.1366,7.1463,8.3236,failed-vetting,failed-vetting
AIM/CGE 2.0,SSP3-34,0.0936,0.2112,1.0637,4.6568,9.7034,14.4787,20.9007,30.7111,42.2095,55.8104,failed-vetting,failed-vetting
AIM/CGE 2.0,SSP3-45,0.0936,0.2112,0.8062,2.6442,5.8884,10.0646,13.3624,17.4304,23.8595,33.5009,failed-vetting,failed-vetting
AIM/CGE 2.0,SSP3-60,0.0936,0.2112,0.7909,2.2293,4.5209,6.4842,8.7172,11.8019,14.9573,18.5221,failed-vetting,failed-vetting
AIM/CGE 2.0,SSP3-Baseline,0.093,0.153,0.2615,0.4247,0.6433,0.8541000000000001,1.0999,1.4737,1.905,2.4441,failed-vetting,failed-vetting
AIM/CGE 2.0,SSP4-26,0.1644,0.7968000000000001,7.023,23.9725,38.7233,45.4345,52.0837,58.3186,62.7433,66.2539,C3,C3: limit warming to 2°C (>67%)
AIM/CGE 2.0,SSP4-34,0.1644,0.7968000000000001,5.0378,17.2515,32.4034,40.1827,45.4161,49.4763,52.0164,53.2675,C5,C5: limit warming to 2.5°C (>50%)
AIM/CGE 2.0,SSP4-45,0.1644,0.7968000000000001,4.3229,14.1314,28.1438,33.9656,39.6784,44.5792,48.1416,49.7454,C6,C6: limit warming to 3°C (>50%)
AIM/CGE 2.0,SSP4-Baseline,0.1649,0.8108000000000001,3.6877,12.5729,25.8498,33.2677,39.0203,41.4538,43.2437,44.5683,C7,C7: limit warming to 4°C (>50%)
AIM/CGE 2.0,SSP5-26,0.0924,0.2253,3.7567,13.3375,17.3096,21.6305,27.6259,35.1784,41.6425,44.917,failed-vetting,failed-vetting
AIM/CGE 2.0,SSP5-34,0.0924,0.2253,1.4686,4.6458,7.1184,10.2667,13.9822,19.1187,23.9494,28.7461,failed-vetting,failed-vetting
AIM/CGE 2.0,SSP5-45,0.0924,0.2253,1.0531,2.8523,5.4041,7.3726,9.1775,11.6875,15.3534,19.0458,failed-vetting,failed-vetting
AIM/CGE 2.0,SSP5-60,0.0924,0.2253,1.0017,2.5823,4.7268,6.4494,7.8035,9.6973,12.1046,14.7556,failed-vetting,failed-vetting
AIM/CGE 2.0,SSP5-Baseline,0.0919,0.1486,0.2343,0.366,0.5418000000000001,0.7087,0.8887,1.1165,1.4588,1.8642,failed-vetting,failed-vetting
AIM/CGE 2.1,CD-LINKS_INDC2030i_1600,0.3720000000000001,1.2583,5.6432,28.9467,40.7345,48.9683,53.3091,57.3321,61.2354,64.8903,C5,C5: limit warming to 2.5°C (>50%)
AIM/CGE 2.1,CD-LINKS_INDCi,0.3720000000000001,1.2434,5.4554,11.5732,19.4343,23.0585,25.2761,28.0958,30.4687,33.3473,C7,C7: limit warming to 4°C (>50%)
AIM/CGE 2.1,CD-LINKS_NDC2030i_1000,0.3720000000000001,1.2583,5.6432,29.0806,55.6625,61.4923,70.5654,69.2214,70.3268,76.89,C4,C4: limit warming to 2°C (>50%)
AIM/CGE 2.1,CD-LINKS_NPi,0.373,1.1242,3.6438,6.4203,10.0646,12.3434,13.6115,15.0732,16.0018,18.0165,failed-vetting,failed-vetting
AIM/CGE 2.1,CD-LINKS_NPi2020_1000,0.3716,1.2274,11.3849,34.9869,44.345,55.2263,61.6379,62.2391,64.6737,68.6586,C3,C3: limit warming to 2°C (>67%)
AIM/CGE 2.1,CD-LINKS_NPi2020_1600,0.3720000000000001,1.2665,11.5886,25.7091,39.405,48.7012,52.5268,56.5167,60.0439,63.4687,C5,C5: limit warming to 2.5°C (>50%)
AIM/CGE 2.1,CD-LINKS_NPi2020_400,0.3716,1.2274,12.792,41.5107,77.968,92.2003,96.6131,109.8893,118.581,131.7933,C1,C1: limit warming to 1.5°C (>50%) with no or limited overshoot
AIM/CGE 2.1,CD-LINKS_NoPolicy,0.1133,0.2706,0.659,1.5019,3.1731,4.2708,4.8952,5.5032,6.3346,7.5893,failed-vetting,failed-vetting
AIM/CGE 2.1,CO_2Deg2020,0.1502,1.7141,5.504600000000001,7.6212,8.2048,62.82573547181772,82.93187268900265,104.50184392242495,125.89012863127448,144.81827094520995,no-climate-assessment,no-climate-assessment
AIM/CGE 2.1,CO_2Deg2030,0.1502,1.7143,2.9159,7.7565,16.9831,62.82573547181772,82.93187268900265,104.50184392242495,125.89012863127448,144.81827094520995,no-climate-assessment,no-climate-assessment
AIM/CGE 2.1,CO_BAU,0.15,1.3623,1.9383,2.5056,3.3981,62.82573547181772,82.93187268900265,104.50184392242495,125.89012863127448,144.81827094520995,no-climate-assessment,no-climate-assessment
AIM/CGE 2.1,CO_Bridge,0.1502,1.7142,3.9228,6.6748,8.558900000000001,9.314800000000002,9.772600000000002,10.1559,10.5353,10.8104,C3,C3: limit warming to 2°C (>67%)
AIM/CGE 2.1,CO_CurPol,0.1502,1.715,2.6525,3.5184,4.748800000000001,4.9479,5.1032,5.2005,5.2925,5.371599999999999,C7,C7: limit warming to 4°C (>50%)
AIM/CGE 2.1,CO_GPP,0.1502,1.7142,3.9228,5.675799999999999,6.912100000000001,62.82573547181772,82.93187268900265,104.50184392242495,125.89012863127448,144.81827094520995,no-climate-assessment,no-climate-assessment
AIM/CGE 2.1,CO_NDCplus,0.1502,1.7143,2.9159,3.9452,4.8492,62.82573547181772,82.93187268900265,104.50184392242495,125.89012863127448,144.81827094520995,no-climate-assessment,no-climate-assessment
AIM/CGE 2.1,EMF33_Baseline,0.1068,0.2406,0.578,1.3243,2.7113,3.3966,3.7023,4.3297,5.0479,6.257000000000001,failed-vetting,failed-vetting
AIM/CGE 2.1,EMF33_Med2C_cost100,0.1066,0.4151,6.6485,20.3045,31.06,37.0855,43.4005,45.3215,48.1357,50.3394,failed-vetting,failed-vetting
AIM/CGE 2.1,EMF33_Med2C_full,0.1066,0.4152,6.5845,19.5026,29.8215,35.1619,40.0429,43.0721,45.8177,48.2185,failed-vetting,failed-vetting
AIM/CGE 2.1,EMF33_Med2C_nobeccs,0.1066,0.4152,6.5909,20.7476,32.3842,41.742,59.3578,61.4645,63.2859,64.8328,failed-vetting,failed-vetting
AIM/CGE 2.1,EMF33_Med2C_nofuel,0.1066,0.417,6.7826,22.6707,36.2816,48.8115,72.6108,75.5657,78.0577,79.9346,failed-vetting,failed-vetting
AIM/CGE 2.1,EMF33_Med2C_none,0.1066,0.4204,6.9614,23.5184,37.9488,52.0558,80.0574,83.1809,85.9814,87.4006,failed-vetting,failed-vetting
AIM/CGE 2.1,EMF33_WB2C_cost100,0.1066,0.4151,6.6485,32.6639,44.8111,53.9728,84.1576,82.8742,80.373,78.3494,failed-vetting,failed-vetting
AIM/CGE 2.1,EMF33_WB2C_full,0.1066,0.4152,6.5845,31.4668,41.2156,47.6967,71.271,71.1517,70.087,69.0493,failed-vetting,failed-vetting
AIM/CGE 2.1,EMF33_tax_hi_full,0.1066,0.235,1.1877,3.6265,8.6008,10.8534,14.0758,19.6665,27.7167,36.7021,failed-vetting,failed-vetting
AIM/CGE 2.1,EMF33_tax_hi_none,0.1066,0.2353,1.1925,3.6796,8.8835,11.5225,15.1508,21.7046,30.8329,43.3887,failed-vetting,failed-vetting
AIM/CGE 2.1,EMF33_tax_lo_full,0.1066,0.235,0.9159999999999988,2.3904,5.0326,6.5042,8.5463,10.2166,11.7226,14.4764,failed-vetting,failed-vetting
AIM/CGE 2.1,EMF33_tax_lo_none,0.1066,0.2353,0.9199,2.4248,5.1839,6.8207,9.0942,10.9899,12.9674,16.1442,failed-vetting,failed-vetting
AIM/CGE 2.1,TERL_15D_LowCarbonTransportPolicy,0.1129,0.377,10.867,40.4462,43.1951,42.2471,48.252,60.555,82.5927,109.6977,failed-vetting,failed-vetting
AIM/CGE 2.1,TERL_15D_NoTransportPolicy,0.1133,0.3964,12.2422,43.5239,46.6323,46.6764,57.7266,76.7553,109.386,146.9461,failed-vetting,failed-vetting
AIM/CGE 2.1,TERL_2D_LowCarbonTransportPolicy,0.1129,0.377,7.1303,17.3134,29.2994,35.3593,37.8981,42.4169,50.2265,62.8176,failed-vetting,failed-vetting
AIM/CGE 2.1,TERL_2D_NoTransportPolicy,0.1133,0.3964,8.0945,18.6052,30.0825,36.2159,39.8624,48.4888,59.7347,78.1046,failed-vetting,failed-vetting
AIM/CGE 2.1,TERL_Baseline_LowCarbonTransportPolicy,0.1132,0.2562,0.5998,1.3523,2.7881,3.4638,3.9245,4.5487,5.4627,6.3302,failed-vetting,failed-vetting
AIM/CGE 2.1,TERL_Baseline_NoTransportPolicy,0.1135,0.2589,0.6083000000000001,1.3643,2.7797,3.4898,3.9986,4.6289,5.5902,6.7536,failed-vetting,failed-vetting
AIM/CGE 2.2,EN_INDCi2030_1000f,0.4585,3.4836,9.8664,36.52,51.6509,80.1744,103.5321,118.9443,129.8661,139.4028,C3,C3: limit warming to 2°C (>67%)
AIM/CGE 2.2,EN_INDCi2030_1200,0.4585,3.4836,9.8664,35.8695,49.7307,77.2091,98.5132,112.5068,125.0105,135.5634,C4,C4: limit warming to 2°C (>50%)
AIM/CGE 2.2,EN_INDCi2030_1200f,0.4585,3.4836,9.8664,31.9594,42.9979,69.0487,92.0358,112.8671,124.7058,135.783,C4,C4: limit warming to 2°C (>50%)
AIM/CGE 2.2,EN_INDCi2030_1400,0.4585,3.4836,9.8664,29.3598,39.7894,59.6978,86.9164,103.3398,117.3872,130.8103,C4,C4: limit warming to 2°C (>50%)
AIM/CGE 2.2,EN_INDCi2030_1400f,0.4585,3.4836,9.8664,26.3852,38.0791,56.3971,82.8529,102.464,120.4187,132.6842,C4,C4: limit warming to 2°C (>50%)
AIM/CGE 2.2,EN_INDCi2030_1600,0.4585,3.4836,9.8664,24.653,37.2427,55.146,80.8967,100.603,115.5331,129.2627,C5,C5: limit warming to 2.5°C (>50%)
AIM/CGE 2.2,EN_INDCi2030_1600f,0.4585,3.4836,9.8664,23.4141,36.6037,53.7889,78.5089,98.9667,116.7363,129.9851,C5,C5: limit warming to 2.5°C (>50%)
AIM/CGE 2.2,EN_INDCi2030_1800,0.4585,3.4836,9.8664,21.9011,36.0022,51.6827,73.0046,94.5241,112.9405,126.8953,C5,C5: limit warming to 2.5°C (>50%)
AIM/CGE 2.2,EN_INDCi2030_1800f,0.4585,3.4836,9.8664,21.9011,36.0022,51.6827,73.0046,94.5241,112.9405,126.8953,C5,C5: limit warming to 2.5°C (>50%)
AIM/CGE 2.2,EN_INDCi2030_800f,0.4585,3.4836,9.8664,37.9262,61.9096,85.3262,107.1102,119.4191,130.4447,139.6675,C3,C3: limit warming to 2°C (>67%)
AIM/CGE 2.2,EN_INDCi2030_900f,0.4585,3.4836,9.8664,37.9017,55.6666,83.5005,106.9948,119.6916,130.5895,139.7957,C3,C3: limit warming to 2°C (>67%)
AIM/CGE 2.2,EN_INDCi2100,0.4585,3.4836,9.8664,19.2972,33.1923,46.3552,61.6532,76.1425,90.3994,102.712,C6,C6: limit warming to 3°C (>50%)
AIM/CGE 2.2,EN_NPi2020_1000,0.4585,3.4836,21.6091,30.5133,50.6723,77.3415,96.2195,110.6663,123.5537,134.5046,C3,C3: limit warming to 2°C (>67%)
AIM/CGE 2.2,EN_NPi2020_1000f,0.4585,3.4836,17.7694,26.1579,44.689,66.6919,88.9461,109.8775,132.5735,142.3081,C3,C3: limit warming to 2°C (>67%)
AIM/CGE 2.2,EN_NPi2020_1200,0.4585,3.4836,18.1651,26.4425,45.0575,68.2527,89.9597,106.1167,119.8209,132.3803,C3,C3: limit warming to 2°C (>67%)
AIM/CGE 2.2,EN_NPi2020_1200f,0.4585,3.4836,15.9533,25.1687,43.051,60.5637,84.6805,105.1846,124.4019,135.1611,C4,C4: limit warming to 2°C (>50%)
AIM/CGE 2.2,EN_NPi2020_1400,0.4585,3.4836,15.8427,24.9778,42.5794,59.2428,83.2777,102.9856,117.2156,130.7243,C4,C4: limit warming to 2°C (>50%)
AIM/CGE 2.2,EN_NPi2020_1400f,0.4585,3.4836,15.2915,24.7218,41.9777,57.4552,81.656,101.9591,119.6144,132.0495,C4,C4: limit warming to 2°C (>50%)
AIM/CGE 2.2,EN_NPi2020_1600,0.4585,3.4836,14.4084,24.2918,40.9408,54.7203,74.9511,96.8424,114.3181,128.1796,C5,C5: limit warming to 2.5°C (>50%)
AIM/CGE 2.2,EN_NPi2020_1600f,0.4585,3.4836,14.4084,24.2918,40.9408,54.7203,74.9511,96.8424,114.5824,128.4734,C5,C5: limit warming to 2.5°C (>50%)
AIM/CGE 2.2,EN_NPi2020_1800,0.4585,3.4836,13.7158,23.893,40.2024,52.7601,71.2717,93.3749,111.4497,125.4548,C5,C5: limit warming to 2.5°C (>50%)
AIM/CGE 2.2,EN_NPi2020_1800f,0.4585,3.4836,13.7158,23.893,40.2024,52.7601,71.2717,93.3749,111.4497,125.4548,C5,C5: limit warming to 2.5°C (>50%)
AIM/CGE 2.2,EN_NPi2020_300f,0.4585,3.4836,26.8425,45.0941,70.6644,94.8394,118.1881,130.57,140.4373,147.6719,C1,C1: limit warming to 1.5°C (>50%) with no or limited overshoot
AIM/CGE 2.2,EN_NPi2020_400f,0.4585,3.4836,26.3912,40.9682,68.3488,92.415,115.6726,130.8543,140.113,147.4863,C2,C2: return warming to 1.5°C (>50%) after a high overshoot
AIM/CGE 2.2,EN_NPi2020_500f,0.4585,3.4836,25.21,38.2802,63.5434,87.2902,110.3726,129.9752,138.7869,146.6018,C2,C2: return warming to 1.5°C (>50%) after a high overshoot
AIM/CGE 2.2,EN_NPi2020_600,0.4585,3.4836,26.8425,50.2375,73.3695,89.6605,104.6362,117.5594,129.2015,137.6713,C1,C1: limit warming to 1.5°C (>50%) with no or limited overshoot
AIM/CGE 2.2,EN_NPi2020_600f,0.4585,3.4836,23.8201,34.2577,57.2072,82.9705,104.9544,127.4257,137.6766,145.8392,C2,C2: return warming to 1.5°C (>50%) after a high overshoot
AIM/CGE 2.2,EN_NPi2020_700,0.4585,3.4836,26.8425,43.7875,69.7739,90.3193,105.1568,117.9667,129.4535,137.8855,C3,C3: limit warming to 2°C (>67%)
AIM/CGE 2.2,EN_NPi2020_700f,0.4585,3.4836,22.0104,31.259,51.9064,78.4079,99.8832,123.3506,136.2636,144.8061,C3,C3: limit warming to 2°C (>67%)
AIM/CGE 2.2,EN_NPi2020_800,0.4585,3.4836,25.7152,39.0006,66.0343,89.3743,104.3925,117.3627,128.9042,137.6105,C3,C3: limit warming to 2°C (>67%)
AIM/CGE 2.2,EN_NPi2020_800f,0.4585,3.4836,20.357,28.1783,47.3775,72.7883,94.245,117.6978,134.7917,143.3199,C3,C3: limit warming to 2°C (>67%)
AIM/CGE 2.2,EN_NPi2020_900,0.4585,3.4836,23.8201,34.2577,57.2072,82.9705,100.1332,114.2305,126.2242,136.0913,C3,C3: limit warming to 2°C (>67%)
AIM/CGE 2.2,EN_NPi2020_900f,0.4585,3.4836,18.8487,26.9507,45.8412,70.395,91.4686,113.7156,134.6485,142.877,C3,C3: limit warming to 2°C (>67%)
AIM/CGE 2.2,EN_NPi2100,0.4585,3.4836,6.798,10.0053,15.327,19.818,22.9195,24.6354,26.4536,28.2733,C7,C7: limit warming to 4°C (>50%)
AIM/Hub-Global 2.0,1.5C,0.4426,2.7098,15.8718,39.71550000000001,46.8723,61.9491,73.5264,79.798,82.4413,83.63640000000001,C1,C1: limit warming to 1.5°C (>50%) with no or limited overshoot
AIM/Hub-Global 2.0,2.5C,0.4426,2.297,6.357799999999999,11.5075,18.1246,25.1675,33.73929999999999,39.7069,45.0905,49.6146,C6,C6: limit warming to 3°C (>50%)
AIM/Hub-Global 2.0,2C,0.4426,2.297,7.7561,15.7356,24.5395,32.2804,41.2013,46.32400000000001,51.1805,55.1104,C5,C5: limit warming to 2.5°C (>50%)
AIM/Hub-Global 2.0,450ppmCancunP,0.1098,0.4687,4.122799999999998,18.4187,31.3283,41.31280000000001,55.71049999999999,66.1084,76.57169999999999,79.9363,failed-vetting,failed-vetting
AIM/Hub-Global 2.0,450ppmRCP,0.1086,0.5803999999999999,5.7464,19.6544,31.496,41.3745,54.1506,62.0423,69.4271,71.83139999999999,failed-vetting,failed-vetting
AIM/Hub-Global 2.0,450ppmeINDC,0.1095,0.4751,3.0861,11.9593,26.6758,38.9462,62.97879999999999,95.9389,105.099,100.2186,failed-vetting,failed-vetting
AIM/Hub-Global 2.0,Baseline,0.4426,2.2425,3.4523,4.569800000000001,6.5479,7.2165,7.181400000000002,7.274499999999999,7.799999999999998,8.282,C7,C7: limit warming to 4°C (>50%)
AIM/Hub-Global 2.0,INDCSamePrice,0.1098,0.4724,3.0365,8.0041,14.5862,16.9558,18.5684,20.5288,22.8065,24.29460000000001,failed-vetting,failed-vetting
AIM/Hub-Global 2.0,WB2C,0.4426,2.7098,14.7973,26.36699999999999,32.33710000000001,40.17839999999999,52.22859999999999,67.93800000000002,81.95150000000001,82.79330000000002,C3,C3: limit warming to 2°C (>67%)
BET EMF33,EMF33_1.5C_cost100,0.1140156,0.9187068216977,3.598713484068129,9.4644507383799,21.1411074400047,27.2141233579563,28.8007071192963,29.4430461120396,30.0553550694025,30.8688699313196,failed-vetting,failed-vetting
BET EMF33,EMF33_1.5C_full,0.1140156,0.8706073810039191,3.504649992518029,9.31119893466312,20.827655882161,27.4538910621988,29.0167303831553,29.8949159202193,30.2922999036459,31.4603457882494,failed-vetting,failed-vetting
BET EMF33,EMF33_1.5C_nofuel,0.1140156,0.9006353118277081,3.702825294427089,9.67009313968242,21.6016521536392,27.64925386200311,28.8088388304652,30.2040980610913,30.6078407760964,31.13167350874431,failed-vetting,failed-vetting
BET EMF33,EMF33_Baseline,0.1140156,0.057007823838987,0.028503944633912,0.028504023118322,0.014252834708536,0.188474355530746,2.09004660047718,6.40351371475836,14.967771225594,30.6157948280128,failed-vetting,failed-vetting
BET EMF33,EMF33_Med2C_cost100,0.1140156,0.268458711694724,1.31597145574915,4.018907518252799,9.98999746886256,22.3361719564209,29.9912864191475,33.6107396181777,35.1434945524237,35.2554837288785,failed-vetting,failed-vetting
BET EMF33,EMF33_Med2C_full,0.1140156,0.268662405885378,1.33629571165647,4.03747601994731,10.0138785828778,22.34592996914161,29.4726229551514,33.2717456420714,34.7803713095313,35.1449608016448,failed-vetting,failed-vetting
BET EMF33,EMF33_Med2C_limbio,0.1140156,0.3011052037401311,1.32621004511543,3.895165873988789,9.80576594560412,22.0804306082663,30.339828844392,33.2566450265308,32.4076059266998,31.5771434575628,failed-vetting,failed-vetting
BET EMF33,EMF33_Med2C_nofuel,0.1140156,0.294900102587693,1.39936428136212,4.164922551294089,10.2690723035029,22.9009609277264,29.5083964877655,33.2036271914474,34.4056069201006,35.2421702851194,failed-vetting,failed-vetting
BET EMF33,EMF33_WB2C_cost100,0.1140156,0.614807898164453,2.20735319006393,5.88580823171381,13.95334809947,24.35955577355211,29.22868378595239,32.6605374631092,34.9325246904658,34.1512782486708,failed-vetting,failed-vetting
BET EMF33,EMF33_WB2C_full,0.1140156,0.5925114362253651,2.145433488310929,5.779713869499941,13.7861814024653,24.6325439412275,29.6803823970751,33.345288250562,34.8042853546508,34.5411490653674,failed-vetting,failed-vetting
BET EMF33,EMF33_WB2C_limbio,0.1140156,0.91505338625499,3.58884568989479,8.50643341441989,18.3052818001866,25.7152255581923,26.48600662964601,26.5865350504762,27.763273625664,30.1399742056972,failed-vetting,failed-vetting
BET EMF33,EMF33_WB2C_nofuel,0.1140156,0.6120163161376371,2.16883733742446,5.807489844792959,13.8711774372382,24.8538940093245,29.9801542280307,33.3710739486332,34.9989875817462,34.2362681000537,failed-vetting,failed-vetting
BET EMF33,EMF33_tax_hi_full,0.1140156,0.057007830852259,0.849645473261574,3.10083780356646,7.99153329663995,18.1438924464652,28.2509175868488,31.7445916179851,32.6352791739819,35.0685354742646,failed-vetting,failed-vetting
BET EMF33,EMF33_tax_hi_none,0.1140156,0.057008073812619,0.7579890992359021,2.80849841405333,7.173877889336119,16.5742437581338,26.8653382010212,30.1649967224509,29.8813674624155,30.0208306068691,failed-vetting,failed-vetting
BET EMF33,EMF33_tax_lo_full,0.1140156,0.057008072668131,0.0285047984939829,1.08501247206019,3.60333514617117,9.22761210620587,18.7380677876838,27.5100450718962,30.4569523386455,32.9213821574973,failed-vetting,failed-vetting
BET EMF33,EMF33_tax_lo_none,0.1140156,0.057008298485895,0.028505571427001,0.9702795344187152,3.385491758876779,8.7701259829211,16.9558512334293,28.5338111953935,30.5308386233127,32.1999246672282,failed-vetting,failed-vetting
C3IAM 1.0,SSP1_5.0,0.606422651229509,2.18764761156817,7.44117843005037,13.7060097827222,19.0214862294069,23.0281113252251,25.8100728770988,27.7077826829773,28.9724268920294,29.8033609260468,failed-vetting,failed-vetting
C3IAM 1.0,SSP1_BAU,0.606422651229509,2.17692123998827,7.42789322503067,13.7437578078393,19.1406588711163,23.2471409687986,26.1175306122211,28.1248085235969,29.5083504455135,30.4766828142509,failed-vetting,failed-vetting
C3IAM 1.0,SSP1_NDC,0.607027296256709,2.17836494950847,7.42168297794777,13.7131738218386,19.0960776592469,23.2031811360282,26.0855930373441,28.1027348856693,29.4938757122904,30.4675802471234,failed-vetting,failed-vetting
C3IAM 1.0,SSP2_5.0,0.606422651229509,1.37464467621467,3.61024305759734,6.76122682069867,10.7324386247429,14.8941158327504,19.6473929495036,23.2625522443302,25.8524431691982,27.7237790362701,failed-vetting,failed-vetting
C3IAM 1.0,SSP2_BAU,0.606422651229509,1.36744852084305,3.59221703841548,6.75162653304383,10.7929625804381,15.0758552260032,20.0984832008656,23.9359253619686,26.6955604621671,28.7341437299686,failed-vetting,failed-vetting
C3IAM 1.0,SSP2_NDC,0.607569613513013,1.37056441043616,3.59349153131413,6.74271185881733,10.7615792798576,15.0224998624839,20.0102999048071,23.8321057183721,26.5871098578596,28.6233269582165,failed-vetting,failed-vetting
C3IAM 1.0,SSP3_5.5,0.606422651229509,0.790605725798598,0.927913215698987,1.0268099171385,1.09392557866361,1.13331827001844,1.160679290724,1.18191673942786,1.19941811063901,1.21442712019256,failed-vetting,failed-vetting
C3IAM 1.0,SSP3_BAU,0.606422651229509,0.78036857159812,0.913238297467004,1.00551197097216,1.06347223291799,1.08631083601185,1.09124446731843,1.08351956337211,1.06767743224891,1.04726569035316,failed-vetting,failed-vetting
C3IAM 1.0,SSP3_NDC,0.607825699724951,0.788767613471908,0.923360121115253,1.01592357210411,1.07418295127576,1.09823243319347,1.10392492284505,1.09747350980735,1.08311240638664,1.0644208576954,failed-vetting,failed-vetting
C3IAM 2.0,2C-hybrid,0.19794467850413103,1.825626872154178,3.822334311893115,7.131399767147494,9.369114887383816,11.57357461337583,13.6226560727413,16.12314046224621,19.25243656499645,21.20472321534029,no-climate-assessment,no-climate-assessment
C3IAM 2.0,2C-normal,0.19794467850413103,1.452855814635093,2.192118381775564,3.039215873009205,3.92092599030833,4.841854838273699,5.863473479509831,7.086331073661284,8.583078951732116,10.54288308476966,no-climate-assessment,no-climate-assessment
C3IAM 2.0,2C-with BECCS,0.19794467850413103,1.449429933793494,2.189306484659649,3.031275148639529,3.90763384936235,4.823894775976253,5.835244194503593,6.971071197660986,7.012324810221184,6.349562841292787,no-climate-assessment,no-climate-assessment
C3IAM 2.0,2C-with CCS,0.19794467850413103,1.82562690998449,3.822336951579769,7.131466649822605,9.36987640432545,11.57877963823235,13.64275652163997,16.30351150762939,21.85409183182453,32.21049634903929,no-climate-assessment,no-climate-assessment
C3IAM 2.0,SSP2 BAU,0.19794467850413103,1.442649026831951,2.090769875442063,2.823349908250389,3.576778443601891,4.373290204196031,5.28912656653803,6.432528963384954,7.925217618063048,10.04626734733639,no-climate-assessment,no-climate-assessment
COFFEE 1.1,CO_2Deg2020,0.15220945008,2.99830987250496,3.026520010258559,4.40685262368,7.800096287564351,30.54871848087087,45.51962161048013,53.88538516950384,58.55073139084593,58.44957833561169,C4,C4: limit warming to 2°C (>50%)
COFFEE 1.1,CO_2Deg2030,0.15220945008,2.99830987250496,3.749939626247999,4.42142643987648,7.712979063414336,29.90354679149256,45.91136818082534,52.63834354244913,56.89886534180913,56.941510326068,C4,C4: limit warming to 2°C (>50%)
COFFEE 1.1,CO_BAU,0.15220945008,2.99830987250496,9.323686606313087,11.47589266717094,15.35699048651366,20.29165675351776,26.08712970834168,33.82476228286703,40.03265241033263,40.45575726156815,C7,C7: limit warming to 4°C (>50%)
COFFEE 1.1,CO_Bridge,0.15220945008,2.99830987250496,7.432733909092607,8.353511311068287,12.99346856683747,21.80879001149155,37.33742387348956,46.33707295469807,52.25386711452926,55.22682364607217,C3,C3: limit warming to 2°C (>67%)
COFFEE 1.1,CO_CurPol,0.15220945008,2.99830987250496,3.005233210258559,3.02037049025856,3.049188087058559,3.418316968824575,3.83176654272,4.189195566719999,4.474457608319999,5.913642703679999,C6,C6: limit warming to 3°C (>50%)
COFFEE 1.1,CO_GPP,0.15220945008,2.99830987250496,7.432733909092607,8.141742671165568,11.37947021051889,12.71301351479698,14.77965543239621,16.68674786084741,17.57509760891333,19.54544253362898,C5,C5: limit warming to 2.5°C (>50%)
COFFEE 1.1,CO_NDCplus,0.15220945008,2.99830987250496,3.749939626247999,3.566132506258559,3.71709533825856,6.143557583466432,6.822760972597054,7.162428005591615,7.513978681348415,10.95928210358266,C6,C6: limit warming to 3°C (>50%)
COFFEE 1.1,EN_INDCi2030_1000,0.15220945008,2.99830987250496,3.749939626247999,4.50475355351232,8.776578376625471,30.23662119735456,40.14574338802925,41.16700571660524,40.41611020482797,35.53862088098794,C4,C4: limit warming to 2°C (>50%)
COFFEE 1.1,EN_INDCi2030_1000_COV_NDCp,0.15220945008,2.99692757393856,6.07324450625856,6.644145208138561,9.69077661781363,27.84505133111803,37.03894380869299,37.23016549829299,37.14426096125299,30.58979871210249,failed-vetting,failed-vetting
COFFEE 1.1,EN_INDCi2030_1000_NDCp,0.15220945008,2.99348541953856,6.669189012916801,7.803467131121279,14.5855766268288,35.96946547009766,44.49424652442949,45.13058409518149,43.38583440863904,37.88138022718724,C4,C4: limit warming to 2°C (>50%)
COFFEE 1.1,EN_INDCi2030_1000f,0.15220945008,2.99830987250496,3.749939626247999,3.65744485076976,4.491646894969343,11.28728672440531,30.57611976014904,48.5587953121664,53.62105004957962,57.27098485719705,C5,C5: limit warming to 2.5°C (>50%)
COFFEE 1.1,EN_INDCi2030_1000f_COV_NDCp,0.15220945008,2.99692757393856,6.07324450625856,6.13075040225856,6.591778334812799,12.34867827743827,23.48514388408133,43.00086774130012,49.99961680044334,55.9098522749288,failed-vetting,failed-vetting
COFFEE 1.1,EN_INDCi2030_1000f_NDCp,0.15220945008,2.99348541953856,6.669189012916801,6.89303449457856,7.839650571258242,15.16827380394873,31.31642152904803,46.13768414763062,52.37315240302741,56.52050158773143,failed-vetting,failed-vetting
COFFEE 1.1,EN_INDCi2030_1200,0.15220945008,2.99830987250496,3.749939626247999,4.929410515383735,8.51924352466309,19.63663591658907,30.53350457374253,39.15339546475649,38.34373264749848,36.96921912510024,C4,C4: limit warming to 2°C (>50%)
COFFEE 1.1,EN_INDCi2030_1200f,0.15220945008,2.99830987250496,3.749939626247999,3.63580249971456,4.2106866064704,8.714597018406335,20.8441566962159,43.14500480982267,51.32697559108286,56.88203802145732,C5,C5: limit warming to 2.5°C (>50%)
COFFEE 1.1,EN_INDCi2030_1400,0.15220945008,2.99830987250496,3.749939626247999,3.55845550856256,4.22504770477824,9.007320510403776,22.89755984314723,37.14369227161891,37.31577791641891,37.69688859952234,C5,C5: limit warming to 2.5°C (>50%)
COFFEE 1.1,EN_INDCi2030_1400f,0.15220945008,2.99830987250496,3.749939626247999,3.57261756929856,3.9548717274528,8.380104945124032,14.61719689884173,38.44553664452226,50.46767718455434,55.72048407979607,C5,C5: limit warming to 2.5°C (>50%)
COFFEE 1.1,EN_INDCi2030_1600,0.15220945008,2.99830987250496,3.749939626247999,3.56349578129856,4.025583764956799,8.88389623231315,14.02164954407923,33.08276425071197,34.08794208399197,34.43527524548477,C5,C5: limit warming to 2.5°C (>50%)
COFFEE 1.1,EN_INDCi2030_1600f,0.15220945008,2.99830987250496,3.749939626247999,3.577717571218559,3.90092688161856,7.261741401832512,10.25104693346553,28.6464679461501,46.79765826700407,53.58745527072566,C5,C5: limit warming to 2.5°C (>50%)
COFFEE 1.1,EN_INDCi2030_1800,0.15220945008,2.99830987250496,3.749939626247999,3.573267526258559,3.87755523665856,7.541313240226751,10.12862737921593,23.54707482736867,27.99213379439588,31.83505537528772,C5,C5: limit warming to 2.5°C (>50%)
COFFEE 1.1,EN_INDCi2030_1800f,0.15220945008,2.99830987250496,3.749939626247999,3.560422282738559,3.85593415505856,7.167488667486912,10.59929173701562,20.36010846380054,43.89012571935426,53.09988300093858,C5,C5: limit warming to 2.5°C (>50%)
COFFEE 1.1,EN_INDCi2030_2000,0.15220945008,2.99830987250496,3.749939626247999,3.568210728658559,3.80512177505856,7.038569039565888,10.08899812902586,15.12124711377797,30.2527096996778,34.87915896478531,C5,C5: limit warming to 2.5°C (>50%)
COFFEE 1.1,EN_INDCi2030_2000f,0.15220945008,2.99830987250496,3.749939626247999,3.560544642418559,3.79177920881856,6.941272344539327,9.584031821829695,13.43099169146419,34.48220432735204,45.71803062171619,C5,C5: limit warming to 2.5°C (>50%)
COFFEE 1.1,EN_INDCi2030_2500,0.15220945008,2.99830987250496,3.749939626247999,3.450036821938559,3.61046045393856,5.264535690472895,8.19153186791616,12.46758110183808,13.67107886087539,19.56377602068869,C6,C6: limit warming to 3°C (>50%)
COFFEE 1.1,EN_INDCi2030_2500f,0.15220945008,2.99830987250496,3.749939626247999,3.450036821938559,3.61046045393856,5.264535690472895,8.19153186791616,12.46758110183808,13.67107886087539,19.56377602068869,C6,C6: limit warming to 3°C (>50%)
COFFEE 1.1,EN_INDCi2030_400f,0.15220945008,2.99830987250496,3.749939626247999,5.46725383215264,12.31371812873822,36.90367604527795,49.14409076564974,52.8923857030891,56.2236019933153,55.50035967993959,C2,C2: return warming to 1.5°C (>50%) after a high overshoot
COFFEE 1.1,EN_INDCi2030_500,0.15220945008,2.99830987250496,3.749939626247999,35.7230293080755,40.10297537492797,43.976364991955,44.78990668826155,40.72849547320411,36.34308229057589,35.90321169999801,C3,C3: limit warming to 2°C (>67%)
COFFEE 1.1,EN_INDCi2030_500f,0.15220945008,2.99830987250496,3.749939626247999,4.655373659454527,10.41465767091869,34.26775479239192,48.47657736431501,53.05043710802157,56.20077401944461,56.37353526639807,C2,C2: return warming to 1.5°C (>50%) after a high overshoot
COFFEE 1.1,EN_INDCi2030_600,0.15220945008,2.99830987250496,3.749939626247999,27.34457941574326,37.26767384096389,41.40829592937824,44.09451752344015,40.63887253748113,35.64439443372734,34.38979399720857,C3,C3: limit warming to 2°C (>67%)
COFFEE 1.1,EN_INDCi2030_600_COV_NDCp,0.15220945008,2.99692757393856,6.07324450625856,22.40280183060547,31.94654504352048,37.09906675932528,39.48166260475632,36.34194735992044,31.39137413993923,29.81121318194068,failed-vetting,failed-vetting
COFFEE 1.1,EN_INDCi2030_600_NDCp,0.15220945008,2.99348541953856,6.669189012916801,27.11479240779063,36.59094739467447,40.51179929630967,43.05680557958389,40.17867848134474,35.36502095119909,34.55482070730744,C3,C3: limit warming to 2°C (>67%)
COFFEE 1.1,EN_INDCi2030_600f,0.15220945008,2.99830987250496,3.749939626247999,4.435027577065297,8.067961607127119,30.48840360552165,46.27848008596052,52.70434129094497,56.79354737355787,56.87942753852376,C4,C4: limit warming to 2°C (>50%)
COFFEE 1.1,EN_INDCi2030_600f_COV_NDCp,0.15220945008,2.99692757393856,6.07324450625856,6.57259530641856,9.029270526990336,26.55613458341669,43.8491841550367,51.14489644272528,56.24205620276894,56.57555494786996,failed-vetting,failed-vetting
COFFEE 1.1,EN_INDCi2030_600f_NDCp,0.15220945008,2.99348541953856,6.669189012916801,7.6865190325056,11.47212211742842,32.72705929216872,47.25679805270349,54.94848435404784,59.35654118200075,57.83436214907889,failed-vetting,failed-vetting
COFFEE 1.1,EN_INDCi2030_700,0.15220945008,2.99830987250496,3.749939626247999,18.4263118896888,33.38106415267421,39.88671847250141,42.36014623198204,40.59004402833976,33.80300408102033,31.98765874372758,C3,C3: limit warming to 2°C (>67%)
COFFEE 1.1,EN_INDCi2030_700f,0.15220945008,2.99830987250496,3.749939626247999,4.177018401313248,6.705596497519382,25.18158696732964,43.51752342391192,51.67872546517572,56.02697491665732,56.60522903799272,C4,C4: limit warming to 2°C (>50%)
COFFEE 1.1,EN_INDCi2030_800,0.15220945008,2.99830987250496,3.749939626247999,12.59159623800843,25.31981507459518,37.77191221137126,41.72429887200179,41.16839852829013,35.88929739956281,33.181896710408,C3,C3: limit warming to 2°C (>67%)
COFFEE 1.1,EN_INDCi2030_800f,0.15220945008,2.99830987250496,3.749939626247999,4.086154329752159,6.196478869637567,21.59096992505308,40.28702134165769,51.16551618019264,55.19132212131521,55.54955023771584,C4,C4: limit warming to 2°C (>50%)
COFFEE 1.1,EN_INDCi2030_900,0.15220945008,2.99830987250496,3.749939626247999,7.471183011114604,15.76080794882424,35.21642325505362,41.54206364246139,41.95770649197827,39.42961585978603,35.64806617407459,C3,C3: limit warming to 2°C (>67%)
COFFEE 1.1,EN_INDCi2030_900f,0.15220945008,2.99830987250496,3.749939626247999,3.98437908153696,5.0759159199912,16.35043610803427,35.9353933645489,50.66943899034844,54.94519261814166,56.2846197614101,C4,C4: limit warming to 2°C (>50%)
COFFEE 1.1,EN_INDCi2100,0.15220945008,2.99830987250496,3.749939626247999,3.794720746247999,3.887026618247999,5.665642387310016,6.91767180473184,7.236072259871038,7.395013699871038,8.00450953036704,C6,C6: limit warming to 3°C (>50%)
COFFEE 1.1,EN_INDCi2100_COV_NDCp,0.15220945008,2.983804498258559,6.07324450625856,6.09784258625856,6.24402456065856,7.648991301494016,8.29175168902464,8.57806072582464,8.74242635782464,10.01067420443904,C6,C6: limit warming to 3°C (>50%)
COFFEE 1.1,EN_INDCi2100_NDCp,0.15220945008,2.99348541953856,6.669189012916801,6.6937870929168,6.8889697671888,8.734789610030015,9.36501783714144,9.52220556018144,9.894623607138238,11.04380627660064,failed-vetting,failed-vetting
COFFEE 1.1,EN_NPi2020_1000,0.15220945008,2.99830987250496,3.026520010258559,4.741587534758399,9.457495133539393,31.93410382163539,43.37971652946469,44.1392352867095,42.86253213694655,36.81795061247184,C4,C4: limit warming to 2°C (>50%)
COFFEE 1.1,EN_NPi2020_1000_COV,0.15220945008,2.983804498258559,3.016586170258559,3.49488637505856,5.396758786674432,24.21340335257054,35.67477816383011,35.8659998534301,36.0380823446301,30.09691496079936,failed-vetting,failed-vetting
COFFEE 1.1,EN_NPi2020_1000f,0.15220945008,2.99830987250496,3.010909690258559,3.611984904178559,4.77923013615456,13.87802718546106,34.24340674987574,46.26467051493513,52.01629813574639,54.78127950074212,C5,C5: limit warming to 2.5°C (>50%)
COFFEE 1.1,EN_NPi2020_1000f_COV,0.15220945008,2.983804498258559,3.005233210258559,3.060922632658559,3.46615597529856,8.815270464061056,23.25236275215907,42.52260592060559,48.50735288069807,55.00219585691332,failed-vetting,failed-vetting
COFFEE 1.1,EN_NPi2020_1200,0.15220945008,2.99830987250496,3.018005290258559,4.041216039058559,6.36372746510976,22.0634533634976,38.50125575163292,39.68800639380892,40.65287491188892,36.70943394040531,C4,C4: limit warming to 2°C (>50%)
COFFEE 1.1,EN_NPi2020_1200f,0.15220945008,2.99830987250496,3.005233210258559,3.06754519265856,3.7819330149312,9.870026748716736,24.41274193278691,44.36898918209078,50.13086899541615,55.62864671695589,C5,C5: limit warming to 2.5°C (>50%)
COFFEE 1.1,EN_NPi2020_1400,0.15220945008,2.99830987250496,3.005233210258559,3.33922852645056,4.513661012007935,12.60804257816313,28.22268668240419,35.00071170855523,35.61562700065123,34.09173541395332,C5,C5: limit warming to 2.5°C (>50%)
COFFEE 1.1,EN_NPi2020_1400f,0.15220945008,2.99830987250496,3.005233210258559,3.06565303265856,3.49341678862848,9.268429148525376,17.59594786990963,39.7173739577613,50.18769545208048,55.54508514139094,C5,C5: limit warming to 2.5°C (>50%)
COFFEE 1.1,EN_NPi2020_1600,0.15220945008,2.99830987250496,3.005233210258559,3.06565303265856,3.56297322599424,9.882324252787392,17.67355052341363,36.76740557172162,37.71815132292163,37.95698311796707,C5,C5: limit warming to 2.5°C (>50%)
COFFEE 1.1,EN_NPi2020_1600f,0.15220945008,2.99830987250496,3.005233210258559,3.04381750625856,3.368714777904959,8.998058308237631,12.73304093330938,32.11703903713507,48.36478685572021,53.54202128614644,C5,C5: limit warming to 2.5°C (>50%)
COFFEE 1.1,EN_NPi2020_1800,0.15220945008,2.99830987250496,3.005233210258559,3.04381750625856,3.37126525505856,9.002082173170752,12.2206649489977,25.75751185438819,29.62797200949859,34.50195592648963,C5,C5: limit warming to 2.5°C (>50%)
COFFEE 1.1,EN_NPi2020_1800f,0.15220945008,2.99830987250496,3.005233210258559,3.035507770258559,3.33547608934656,8.295026247623232,11.05921944664762,21.7881863705615,43.9742519930733,53.44561995114039,C5,C5: limit warming to 2.5°C (>50%)
COFFEE 1.1,EN_NPi2020_2000,0.15220945008,2.99830987250496,3.005233210258559,3.027939130258559,3.32235045925056,7.885866421956672,11.25927621281146,16.81699239865814,31.19394470668387,35.94504142964995,C5,C5: limit warming to 2.5°C (>50%)
COFFEE 1.1,EN_NPi2020_2000f,0.15220945008,2.99830987250496,3.005233210258559,3.027939130258559,3.25917369665856,6.784812137593152,10.54473608111961,15.59766887421509,39.13756172280836,51.23727140808296,C5,C5: limit warming to 2.5°C (>50%)
COFFEE 1.1,EN_NPi2020_2500,0.15220945008,2.99830987250496,3.005233210258559,3.02037049025856,3.23467022465856,4.628528944218432,7.006755689528254,11.89721590318714,16.16745534677381,23.35864067406172,C6,C6: limit warming to 3°C (>50%)
COFFEE 1.1,EN_NPi2020_2500f,0.15220945008,2.99830987250496,3.005233210258559,3.02037049025856,3.23467022465856,4.628528944218432,7.006755723587134,11.89721590318714,16.16745534677381,23.35864067406172,C6,C6: limit warming to 3°C (>50%)
COFFEE 1.1,EN_NPi2020_400,0.15220945008,2.99830987250496,16.24538053408708,27.71220391631453,35.59788181190045,38.89988353116777,42.03888793469597,39.39070231789992,35.02236580863106,34.68473080284225,C1,C1: limit warming to 1.5°C (>50%) with no or limited overshoot
COFFEE 1.1,EN_NPi2020_400_lowBECCS,0.15220945008,2.99830987250496,18.53657915734512,29.6225783231544,37.62552060325296,41.07826943087241,44.02571980430447,46.7284518740664,49.14911135462371,53.00007920576956,C3,C3: limit warming to 2°C (>67%)
COFFEE 1.1,EN_NPi2020_400f,0.15220945008,2.99830987250496,3.049333152658559,5.080198290877439,12.8498142836327,37.02927479578502,49.14834203648964,56.74204389502872,60.4290423276851,59.67184469042866,C2,C2: return warming to 1.5°C (>50%) after a high overshoot
COFFEE 1.1,EN_NPi2020_400f_lowBECCS,0.15220945008,2.99830987250496,4.163455566898559,7.134609494027377,20.76099605961033,41.0438415720407,53.01400735831707,58.69699184532556,64.16626162513981,65.99248062322248,C3,C3: limit warming to 2°C (>67%)
COFFEE 1.1,EN_NPi2020_500,0.15220945008,2.99830987250496,10.3625995400172,22.4470968458714,33.62472952064496,38.39384767435056,42.36836310177839,39.46616131287614,34.29915388804383,31.94760244165847,C3,C3: limit warming to 2°C (>67%)
COFFEE 1.1,EN_NPi2020_500f,0.15220945008,2.99830987250496,3.033615610258559,4.96988876939616,10.3383259090393,34.93466058317817,48.83461622778383,57.13291519845279,61.30870298207482,59.6701579458096,C2,C2: return warming to 1.5°C (>50%) after a high overshoot
COFFEE 1.1,EN_NPi2020_600,0.15220945008,2.99830987250496,6.940721566154879,15.75304923680222,30.04988951822428,38.91726481806749,41.91109132089052,40.83660103897872,34.35387997637289,31.36116100591771,C3,C3: limit warming to 2°C (>67%)
COFFEE 1.1,EN_NPi2020_600_COV,0.15220945008,2.983804498258559,4.6748231485056,10.25663950512576,24.76781397305021,36.930261963799,38.59576629340925,37.45176087771389,32.49227942206387,30.5116437836101,failed-vetting,failed-vetting
COFFEE 1.1,EN_NPi2020_600f,0.15220945008,2.99830987250496,3.026520010258559,4.40685262368,7.800096287564351,30.54871848087087,45.51962161048013,53.88538516950384,58.55073139084593,58.44957833561169,C4,C4: limit warming to 2°C (>50%)
COFFEE 1.1,EN_NPi2020_600f_COV,0.15220945008,2.983804498258559,3.022262650258559,3.36429579905856,5.67326552038272,23.62499308552896,41.24028892802429,49.68738416438351,55.08662091707678,57.35424377990779,failed-vetting,failed-vetting
COFFEE 1.1,EN_NPi2020_700,0.15220945008,2.99830987250496,4.745853694563839,9.96327474244416,24.48410885683229,39.49648490041315,41.97113020367395,41.97605037268925,36.74504990523342,34.69771920009226,C3,C3: limit warming to 2°C (>67%)
COFFEE 1.1,EN_NPi2020_700f,0.15220945008,2.99830987250496,3.023681770258559,4.04646520625856,7.026626544698879,28.02561818103403,44.81069455584949,52.08437658359952,57.33889060792074,57.15624247181926,C4,C4: limit warming to 2°C (>50%)
COFFEE 1.1,EN_NPi2020_800,0.15220945008,2.99830987250496,4.09151911265856,7.15104100355184,18.73210715245699,38.91268007723808,42.93213915994848,43.28024598466848,39.92370868797178,37.40830829263527,C3,C3: limit warming to 2°C (>67%)
COFFEE 1.1,EN_NPi2020_800f,0.15220945008,2.99830987250496,3.023681770258559,3.73466719745856,6.52149370345536,23.17728789253153,40.9404381336429,51.22220834377007,55.85527485755293,56.63842907813926,C4,C4: limit warming to 2°C (>50%)
COFFEE 1.1,EN_NPi2020_900,0.15220945008,2.99830987250496,3.04985326013856,5.39372348287776,12.93520182592205,36.45300707894361,44.74138975816665,45.37576117915545,43.78780286817753,38.22372521152387,C3,C3: limit warming to 2°C (>67%)
COFFEE 1.1,EN_NPi2020_900f,0.15220945008,2.99830987250496,3.012328810258559,3.68374381073856,5.33235128273856,18.7645070836368,38.32998311248157,49.20203689033392,54.70957056603311,55.61312470226552,C4,C4: limit warming to 2°C (>50%)
COFFEE 1.1,EN_NPi2100,0.15220945008,2.99830987250496,3.005233210258559,3.02037049025856,3.049188087058559,3.418316968824575,3.83176654272,4.189195566719999,4.474457608319999,5.913642703679999,C6,C6: limit warming to 3°C (>50%)
COFFEE 1.1,EN_NPi2100_COV,0.15220945008,2.983804498258559,3.005233210258559,3.012801850258559,3.041619447058559,3.407872245624575,3.775909979519999,4.105907067023999,4.379195520143999,4.547214282383999,failed-vetting,failed-vetting
COPPE-COFFEE 1.0,CD-LINKS_INDC2030i_1600,0.225671616,0.2770752947385599,0.12020128551936,0.237199847285376,0.721699787236608,2.3056181474616,23.5831475938058,39.24950985958,39.9949804411311,44.8600246363433,failed-vetting,failed-vetting
COPPE-COFFEE 1.0,CD-LINKS_INDCi,0.225671616,0.2770752947385599,0.10501487873856,0.1337126405045759,0.291392640504576,0.995017566313728,2.40913999685376,4.37331919386298,6.00270054302016,7.77677815269994,failed-vetting,failed-vetting
COPPE-COFFEE 1.0,CD-LINKS_NDC2030i_1000,0.225671616,0.2770752947385599,0.11447567873856,0.5595532592924161,1.62269486454989,19.618344107729,36.4554515844465,36.68791043506821,39.2232682476695,42.557764687701,failed-vetting,failed-vetting
COPPE-COFFEE 1.0,CD-LINKS_NPi,0.225671616,0.2770752947385599,0.07663247873856,0.1053302405045759,0.291392640504576,1.19469721111373,2.62642368018816,4.34118950343418,6.07044997515456,7.77810022129066,failed-vetting,failed-vetting
COPPE-COFFEE 1.0,CD-LINKS_NPi2020_1000,0.225671616,0.2770752947385599,0.10501487873856,0.6514328844092161,2.25275205225485,20.4061731093444,37.1070450946966,35.7023628762574,38.036915543771,42.6139997358814,failed-vetting,failed-vetting
COPPE-COFFEE 1.0,CD-LINKS_NPi2020_1600,0.225671616,0.2770752947385599,0.09555407873856,0.333762952510656,0.8696605207034879,3.35782875348144,24.6239185076263,38.2360968243746,38.7792459934331,43.4543084454953,failed-vetting,failed-vetting
COPPE-COFFEE 1.0,CD-LINKS_NPi2020_400,0.225671616,0.2770752947385599,0.14285807873856,2.18258755489267,18.1199702778304,29.751952748477,33.2862015459898,35.5844725417539,37.96325869401321,45.0585583630932,failed-vetting,failed-vetting
DNE21+ V.14C,CD-LINKS_INDC2030i_1600,0.114572619359999,1.86056284104,0.6903882475199999,0.28610749008,2.858446427759998,62.82573547181772,82.93187268900265,104.50184392242495,125.89012863127448,144.81827094520995,no-climate-assessment,no-climate-assessment
DNE21+ V.14C,CD-LINKS_INDCi,0.114572619359999,2.85664610376,0.69146844192,0.0358264476,0.50941967904,62.82573547181772,82.93187268900265,104.50184392242495,125.89012863127448,144.81827094520995,no-climate-assessment,no-climate-assessment
DNE21+ V.14C,CD-LINKS_NDC2030i_1000,0.114572619359999,1.89620925624,0.67569760368,4.44348768384,8.31151980432,62.82573547181772,82.93187268900265,104.50184392242495,125.89012863127448,144.81827094520995,no-climate-assessment,no-climate-assessment
DNE21+ V.14C,CD-LINKS_NPi,0.114572619359999,1.654965840239999,0.39603527352,0.0,0.3548438604,62.82573547181772,82.93187268900265,104.50184392242495,125.89012863127448,144.81827094520995,no-climate-assessment,no-climate-assessment
DNE21+ V.14C,CD-LINKS_NPi2020_1000,0.114572619359999,1.6683602508,1.33400407752,8.9499507012,15.87846160872,62.82573547181772,82.93187268900265,104.50184392242495,125.89012863127448,144.81827094520995,no-climate-assessment,no-climate-assessment
DNE21+ V.14C,CD-LINKS_NPi2020_1600,0.114572619359999,1.85123716272,0.39351481992,1.14785057592,6.07098057984,62.82573547181772,82.93187268900265,104.50184392242495,125.89012863127448,144.81827094520995,no-climate-assessment,no-climate-assessment
DNE21+ V.14C,CD-LINKS_NPi2020_400,0.114572619359999,0.8515532520000001,18.37799544384,34.09151136768,47.58220325520001,62.82573547181772,82.93187268900265,104.50184392242495,125.89012863127448,144.81827094520995,no-climate-assessment,no-climate-assessment
DNE21+ V.14C,CD-LINKS_NoPolicy,0.114572619359999,0.0,0.0,0.00619311456,0.3834690120000001,62.82573547181772,82.93187268900265,104.50184392242495,125.89012863127448,144.81827094520995,failed-vetting,failed-vetting
DNE21+ V.14E1,EMF30_BCOC-EndU,0.114752651759999,0.2402712410400001,0.2402712410400001,0.50409072,3.75857242128,8.329883109119999,12.90119379696,19.22963271096,25.55807162496,31.88651053896,failed-vetting,failed-vetting
DNE21+ V.14E1,EMF30_Baseline,0.114752651759999,0.2402712410400001,0.2402712410400001,0.5114720484,3.35972864232,8.1525872016,12.94544576088,19.25799381504,25.5705418692,31.88308992336,failed-vetting,failed-vetting
DNE21+ V.14E1,EMF30_CH4-Only,0.114752651759999,0.2402712410400001,0.2402712410400001,0.5114720484,3.35972864232,8.1525872016,12.94544576088,19.25799381504,25.5705418692,31.88308992336,failed-vetting,failed-vetting
DNE21+ V.14E1,EMF30_ClimPolicy,0.114752651759999,1.54399386888,7.09334857296,19.08087793992,30.24515514816,41.73552504252,53.22589493688,69.101235984,84.97657703112,100.85191807824,failed-vetting,failed-vetting
DNE21+ V.14E1,EMF30_ClimPolicy+SLCF,0.114752651759999,1.5353163072,7.15506367968,18.92129722056,30.4087325868,41.67550224036,52.94227189392,69.16197891576,85.3816859376,101.60139295944,failed-vetting,failed-vetting
DNE21+ V.14E1,EMF30_D_BCOC-Red,0.114752651759999,0.2402712410400001,0.2402712410400001,0.5114720484,3.35972864232,8.1525872016,12.94544576088,19.25799381504,25.5705418692,31.88308992336,failed-vetting,failed-vetting
DNE21+ V.14E1,EMF30_D_CH4-ClimPolicy,0.114752651759999,0.2402712410400001,0.2402712410400001,0.5114720484,3.35972864232,8.1525872016,12.94544576088,19.25799381504,25.5705418692,31.88308992336,failed-vetting,failed-vetting
DNE21+ V.14E1,EMF30_D_CO2-Only,0.114752651759999,1.54399386888,7.09334857296,19.08087793992,30.24515514816,41.73552504252,53.22589493688,69.101235984,84.97657703112,100.85191807824,failed-vetting,failed-vetting
DNE21+ V.14E1,EMF30_D_Frozen-EF-EndU,0.114752651759999,0.2402712410400001,0.2402712410400001,0.5114720484,3.35972864232,8.1525872016,12.94544576088,19.25799381504,25.5705418692,31.88308992336,failed-vetting,failed-vetting
DNE21+ V.14E1,EMF30_SLCF,0.114752651759999,0.2402712410400001,0.2402712410400001,0.50409072,3.75857242128,8.329883109119999,12.90119379696,19.22963271096,25.55807162496,31.88651053896,failed-vetting,failed-vetting
DNE21+ V.14E1,EMF30_Slower-Action,0.114752651759999,0.24023523456,0.24023523456,0.45778638672,4.4289770724,10.93743638424,17.44589569607999,26.438057994,35.43022029192,44.42238258984001,failed-vetting,failed-vetting
DNE21+ V.14E1,EMF30_Slower-Action+SLCF,0.114752651759999,0.24023523456,0.24023523456,0.4547618424,4.26367132272,10.89363450132,17.52359767992,26.46796737672,35.41233707352,44.35670677032,failed-vetting,failed-vetting
DNE21+ V.14E1,EMF30_Slower-to-faster,0.114752651759999,0.2402712410400001,0.2402712410400001,28.40108327496,43.42784760576,55.89282289752,68.35779818928,85.24609753608,102.13439688288,119.02269622968,failed-vetting,failed-vetting
DNE21+ V.14E1,EMF30_Slower-to-faster+SLCF,0.114752651759999,0.2402712410400001,0.2402712410400001,28.38581652744,43.92563719176,56.32011179568001,68.7145863996,85.72159911096,102.72861182232,119.73562453368,failed-vetting,failed-vetting
DNE21+ V.14E1,EMF30_Slower-to-faster+SLCF+HFC,0.114752651759999,0.2402712410400001,0.2402712410400001,28.38473633304,43.4036512512,55.8826870734,68.36172289560001,85.24823392056,102.13474494552,119.02125597048,failed-vetting,failed-vetting
DNE21+ V.14E2,EMF33_1.5C_cost100,0.114572619359999,0.61124600448,6.67250483472,22.21992286632,35.8325687016,54.93350225088,74.03443580016,106.9028190444,139.77120228864,172.63958553288,failed-vetting,failed-vetting
DNE21+ V.14E2,EMF33_1.5C_full,0.11460862584,0.61128201096,6.50788320816,21.22052700744,34.70419763136,51.30718163064,67.91016562992,99.18946289016,130.4687601504,161.74805741064,failed-vetting,failed-vetting
DNE21+ V.14E2,EMF33_1.5C_limbio,0.11460862584,0.61128201096,29.95368269255999,90.74428703208,123.4294933104,149.01186330828,174.59423330616,186.58793178336,198.58163026056,210.57532873776,failed-vetting,failed-vetting
DNE21+ V.14E2,EMF33_1.5C_nofuel,0.114572619359999,0.61128201096,6.52448219544,21.31540408224,35.3380196988,51.80876990028,68.27952010176,99.6131871468,130.94685419184,162.28052123688,failed-vetting,failed-vetting
DNE21+ V.14E2,EMF33_Baseline,0.114572619359999,0.611318017439999,0.611354023919999,0.66493166616,3.03134954472,5.39470687248,7.758064200239999,12.91432416,18.07058411976,23.22684407952001,failed-vetting,failed-vetting
DNE21+ V.14E2,EMF33_Med2C_cost100,0.114572619359999,0.61128201096,0.7165649584799999,5.454189577439999,19.90593042264,32.14897977492,44.3920291272,64.20916757015999,84.02630601311998,103.84344445608,failed-vetting,failed-vetting
DNE21+ V.14E2,EMF33_Med2C_full,0.11460862584,0.61124600448,0.6657958216800001,4.49173636704,17.82616013136,29.05611315912,40.28606618688,55.96177530672,71.63748442656001,87.3131935464,failed-vetting,failed-vetting
DNE21+ V.14E2,EMF33_Med2C_limbio,0.11460862584,0.61124600448,1.0627312572,7.19251041888,25.01290951344,37.3833677952,49.75382607696,72.48753740856,95.22124874016,117.95496007176,failed-vetting,failed-vetting
DNE21+ V.14E2,EMF33_Med2C_nobeccs,0.11460862584,0.61128201096,2.89070823384,14.37335473824,31.62884816808,44.43804540864,57.2472426492,82.67563093535999,108.10401922152,133.53240750768,failed-vetting,failed-vetting
DNE21+ V.14E2,EMF33_Med2C_nofuel,0.11460862584,0.61124600448,0.6657958216800001,4.4799262416,17.86079836512,29.11705412652,40.37330988792,55.8797165388,71.38612318968,86.89252984056,failed-vetting,failed-vetting
DNE21+ V.14E2,EMF33_Med2C_none,0.11460862584,0.61124600448,4.551651149760001,16.65429323327999,33.08199768792,46.26829079352,59.45458389912,87.12365543568,114.79272697224,142.4617985088,failed-vetting,failed-vetting
DNE21+ V.14E2,EMF33_WB2C_cost100,0.114572619359999,0.61124600448,1.32547054176,11.40278413176,27.67742503992001,40.9048915554,54.13235807088,83.4570795708,112.78180107072,142.10652257064,failed-vetting,failed-vetting
DNE21+ V.14E2,EMF33_WB2C_full,0.11460862584,0.61124600448,1.06514369136,9.09869347008,26.87624485344,38.44784536668,50.01944587992001,74.57345280576,99.1274597316,123.68146665744,failed-vetting,failed-vetting
DNE21+ V.14E2,EMF33_WB2C_limbio,0.11460862584,0.61128201096,6.294904878960002,21.20536827936,34.72094064456,51.72584697684,68.73075330911999,101.32027836792,133.90980342672,166.49932848552,failed-vetting,failed-vetting
DNE21+ V.14E2,EMF33_WB2C_nobeccs,0.11460862584,0.6116060692799999,19.7135478,51.09236697096,85.37276833272,99.33541515684,113.29806198096,145.13429547168,176.9705289624,208.80676245312,failed-vetting,failed-vetting
DNE21+ V.14E2,EMF33_WB2C_nofuel,0.11460862584,0.61124600448,1.071660864239999,9.16944620328,27.0262838556,38.43463098852001,49.84297812144,74.68282848984,99.52267885824,124.36252922664,failed-vetting,failed-vetting
DNE21+ V.14E2,EMF33_WB2C_none,0.11460862584,0.611354023919999,23.33587170096,55.845150318,92.76227020368,115.96763641788,139.17300263208,163.06939920936,186.96579578664,210.86219236392,failed-vetting,failed-vetting
DNE21+ V.14E2,EMF33_tax_hi_full,0.11460862584,0.611318017439999,0.68693162544,3.51668088864,15.67210847184,26.78039560368,37.88868273552,60.67622375471999,83.46376477391998,106.25130579312,failed-vetting,failed-vetting
DNE21+ V.14E2,EMF33_tax_hi_none,0.11460862584,0.61128201096,0.662699264399999,3.49270057296,15.39305825184,26.93585358108,38.47864891032,60.47723994408001,82.47583097784,104.4744220116,failed-vetting,failed-vetting
DNE21+ V.14E2,EMF33_tax_lo_full,0.11460862584,0.61128201096,0.6699365668799999,0.9751634978399992,7.287999603839999,19.30897899072,31.3299583776,41.46981522336,51.60967206911999,61.74952891488001,failed-vetting,failed-vetting
DNE21+ V.14E2,EMF33_tax_lo_none,0.11460862584,0.611318017439999,0.66914442432,1.008289459439999,7.252965298799999,19.27180230012,31.29063930144,42.2354810184,53.18032273535999,64.12516445231999,failed-vetting,failed-vetting
E3ME 6.1,PR_Baseline,0.121,3.029,5.839,17.946,38.665,62.82573547181772,82.93187268900265,104.50184392242495,125.89012863127448,144.81827094520995,no-climate-assessment,no-climate-assessment
E3ME 6.1,PR_CP_Intensity,0.121,3.029,5.84,14.902,37.783,62.82573547181772,82.93187268900265,104.50184392242495,125.89012863127448,144.81827094520995,no-climate-assessment,no-climate-assessment
E3ME 6.1,PR_CP_Price,0.121,3.029,5.839,18.523,39.396,62.82573547181772,82.93187268900265,104.50184392242495,125.89012863127448,144.81827094520995,no-climate-assessment,no-climate-assessment
E3ME 6.1,PR_NDC_Intensity,0.121,3.04,6.067,15.572,34.463,62.82573547181772,82.93187268900265,104.50184392242495,125.89012863127448,144.81827094520995,no-climate-assessment,no-climate-assessment
E3ME 6.1,PR_NDC_Price,0.121,3.04,6.065,20.614,45.884,62.82573547181772,82.93187268900265,104.50184392242495,125.89012863127448,144.81827094520995,no-climate-assessment,no-climate-assessment
FARM 3.2,EMF33_Baseline,0.266312897070809,0.502055435954539,1.47196416884637,4.04205785993388,6.47634710479977,8.53534346102863,11.044393372976,14.0585228339579,17.6353451273516,21.7466597341412,failed-vetting,failed-vetting
FARM 3.2,EMF33_Med2C_full,0.266312899768364,0.50205543114951,3.22238990724799,9.71935116036109,20.6126348115369,33.0561379085919,44.11538245416899,52.9297990126095,61.2198045042301,69.6585333786953,failed-vetting,failed-vetting
FARM 3.2,EMF33_Med2C_nobeccs,0.266316804707266,0.50201960070245,3.21687558527504,9.67527822730458,20.62253364819789,36.73949741247571,61.2513267593139,85.1968406926158,104.433850333966,123.184199923369,failed-vetting,failed-vetting
FARM 3.2,EMF33_Med2C_nofuel,0.266298636973497,0.502186575271319,3.23610143575599,9.81999089763684,21.1727905492678,34.0302424643972,45.0247281847381,53.8637399964812,62.2219236038145,70.6936865435083,failed-vetting,failed-vetting
FARM 3.2,EMF33_Med2C_none,0.266298289008463,0.502189780389947,3.23678269711352,9.8287350355626,21.6347964319143,40.3435282974548,70.8486930760539,97.7282082351558,115.289042076133,129.311013348073,failed-vetting,failed-vetting
FARM 3.2,EMF33_WB2C_full,0.266312899768364,0.50205543114951,7.4906055293012,22.77334414546489,31.2886640343933,37.25519633173329,44.17393004745909,51.8859058172271,60.1711376224559,68.7570298280381,failed-vetting,failed-vetting
FARM 3.2,EMF33_WB2C_nobeccs,0.266316804707266,0.50201960070245,7.612408295848769,34.2178880078658,56.1532639769647,70.3090496159312,85.37149472547149,100.047608522636,113.261683935795,124.860808184392,failed-vetting,failed-vetting
FARM 3.2,EMF33_WB2C_nofuel,0.266298636973497,0.502186575271319,7.60114462975795,23.0431231689149,31.6014826821556,37.6395110183804,44.62996573156239,52.4007275589093,60.7166757510558,69.2974512164288,failed-vetting,failed-vetting
FARM 3.2,EMF33_WB2C_none,0.26629863603428,0.5021865836580471,7.8270074435649,38.4219828874125,63.863026996951,77.43396838637659,89.80977145064041,101.067790761432,111.319079493412,120.134566598041,failed-vetting,failed-vetting
FARM 3.2,EMF33_tax_hi_full,0.266316805627913,0.50201959248283,3.316825286083189,9.23334391750716,16.2445484688498,25.2396648616758,38.700153044494,53.7750197264915,62.2314553612544,71.8273145498124,failed-vetting,failed-vetting
FARM 3.2,EMF33_tax_hi_none,0.266298289008463,0.502189780389947,3.32371412635214,9.272568076003653,16.366751519187,25.6082858264575,40.35324848010701,61.9028044857681,90.5265208388478,118.914200334597,failed-vetting,failed-vetting
FARM 3.2,EMF33_tax_lo_full,0.266316805627913,0.50201959248283,2.4790402970136,6.758176607799691,11.085932770736,15.3530598416113,21.0109923726782,28.4934687065437,38.1778188541798,50.2687506685046,failed-vetting,failed-vetting
FARM 3.2,EMF33_tax_lo_none,0.266298289008463,0.502189780389947,2.48322482967624,6.778892518779969,11.137184583899,15.4423392528139,21.1455337274544,28.6918951658333,38.504885963187,50.9420380027093,failed-vetting,failed-vetting
GCAM 4.0,20% abatement (FF&I),0.12054057,1.557849756,3.767054472,7.739540847000002,13.922955819,22.378845062,32.06221120600001,40.77622735100001,49.165160004,56.987668626,no-climate-assessment,no-climate-assessment
GCAM 4.0,20% abatement (GHG),0.12054057,1.462945182,3.70668383,7.80334596,14.170334852,22.76776857700001,32.481880643,41.157461924,49.50844474499999,57.36133914,no-climate-assessment,no-climate-assessment
GCAM 4.0,450 concentration,0.12054057,1.533520415,3.467425663999999,7.55875118,14.69816764699999,26.218207005,40.55169708699999,53.781007102,65.93528047900001,77.690686852,no-climate-assessment,no-climate-assessment
GCAM 4.0,50% abatement (FF&I),0.12054057,1.689924434,4.121146803,8.533857792000001,15.685740022,24.74581565899999,35.009497125,44.163981421,53.761124556,61.642748684,no-climate-assessment,no-climate-assessment
GCAM 4.0,50% abatement (GHG),0.12054057,1.619573436,4.197206919999999,8.868593613000002,16.564823117,25.933078438,36.28749012999999,45.28778259699999,55.13684568399999,63.33383608899999,no-climate-assessment,no-climate-assessment
GCAM 4.0,550 concentration,0.12054057,1.48971154,3.261500887,6.952113003000001,13.284878872,23.766866592,37.63852279900001,57.18812370300002,86.857961473,73.502167826,no-climate-assessment,no-climate-assessment
GCAM 4.0,650 concentration,0.12054057,1.429351932999999,2.977336055,6.080001645999999,11.176384079,19.365754835,29.872632252,42.200949499,54.84776054700001,73.99968011299998,no-climate-assessment,no-climate-assessment
GCAM 4.0,Core baseline,0.12054057,1.378797235,2.740330584,5.3189885,9.182295002999998,14.972675875,21.356533353,27.038871185,31.55768953199999,34.736423524,no-climate-assessment,no-climate-assessment
GCAM 4.0,High CO2 price,0.12054057,1.837204386,4.530924037,9.687997297,18.144501751,30.024899222,43.780999056,57.356382904,71.80930291899999,85.903023596,failed-vetting,failed-vetting
GCAM 4.0,Low CO2 price,0.12054057,1.479824904,3.182105999,6.603369160000001,12.214932072,21.111019399,32.30484858,44.52051820799999,56.62792613000001,67.422205707,no-climate-assessment,no-climate-assessment
GCAM 4.0,Policy baseline,0.12054057,1.44830332,3.302752212999999,7.012510401,12.692153912,21.482740557,31.830523037,41.627783899,50.71054638499999,59.803505061,no-climate-assessment,no-climate-assessment
GCAM 4.2,ADVANCE_2020_1.5C-2100,0.12050610529,0.5952402929099999,4.474906713,11.756669874,22.930742985,36.265749985,53.145502355,73.710284444,95.821009835,114.453777901,failed-vetting,failed-vetting
GCAM 4.2,ADVANCE_2020_Med2C,0.12050610529,0.5952402929099999,2.385926043,6.465170857,14.095127931,26.490280632,41.386722225,56.38462321399999,69.325038746,84.857337943,failed-vetting,failed-vetting
GCAM 4.2,ADVANCE_2020_WB2C,0.12050610529,0.5952402759100001,3.102767164,8.934257319,18.939012572,31.908644341,46.077909494,62.18800166600001,80.49802827399999,100.191607695,failed-vetting,failed-vetting
GCAM 4.2,ADVANCE_2030_1.5C-2100,0.12050610529,0.5952402879099999,2.209943892,13.467512332,25.348275334,40.624935975,57.642318239,79.992422438,98.897929307,119.052795511,failed-vetting,failed-vetting
GCAM 4.2,ADVANCE_2030_Med2C,0.12050610529,0.5952403902100001,2.20995225,6.127367588999999,13.517907096,25.823660825,40.964528558,55.908493664,68.97392695399999,83.826274175,failed-vetting,failed-vetting
GCAM 4.2,ADVANCE_2030_Price1.5C,0.12050610529,0.5952402759100001,2.209943836,11.76152359,23.089890285,37.293647755,52.61838910199999,73.577864726,93.66752526,114.756016884,failed-vetting,failed-vetting
GCAM 4.2,ADVANCE_2030_WB2C,0.12050610529,0.5952403902100001,2.20995225,8.82183396,19.250040524,32.733623686,46.71750194600001,62.88274337399999,81.678350191,102.060162938,failed-vetting,failed-vetting
GCAM 4.2,ADVANCE_NoPolicy,0.1205071,0.530297221,1.514448075,3.247667098,5.545061213999999,8.318384506000001,11.377836891,15.505842265,18.977146964,21.861752533,failed-vetting,failed-vetting
GCAM 4.2,EMF30_BCOC-EndU,0.1205071,0.5758726710000001,1.670938251999999,3.66230263,6.294174009,9.472892437,12.753567895,16.846433666,20.190706405,23.094591123,failed-vetting,failed-vetting
GCAM 4.2,EMF30_Baseline,0.1205071,0.563870721,1.598700617,3.556329184,6.172947858,9.363121889,12.64014669,16.69326273,20.01850288,22.97436937,failed-vetting,failed-vetting
GCAM 4.2,EMF30_CH4-Only,0.1205071,0.5800205970000001,1.755684775999999,3.988212429,6.913298612999999,10.315838181,13.700635691,17.83131798,21.371407887,24.640932741,failed-vetting,failed-vetting
GCAM 4.2,EMF30_ClimPolicy,0.1205071,0.67498392,3.298312468,9.342102529,19.78543243,33.96002399,50.55742394,69.83200342,91.27259276,114.6827346,failed-vetting,failed-vetting
GCAM 4.2,EMF30_ClimPolicy+SLCF,0.1205071,0.707683047999999,3.540723077,9.719053585,20.134326775,33.997331837,49.82201951800001,67.58229328,87.09912131,108.655614462,failed-vetting,failed-vetting
GCAM 4.2,EMF30_D_CH4-ClimPolicy,0.1205071,0.565196055,1.609818316,3.593771938,6.263860339,9.551002671,13.001935591,17.385122878,21.349584015,25.50303347,failed-vetting,failed-vetting
GCAM 4.2,EMF30_D_CO2-Only,0.1205071,0.659482667,3.203676676,9.031844218,19.071803926,32.607666058,48.19329009699999,65.892414782,85.680098668,107.984855635,failed-vetting,failed-vetting
GCAM 4.2,EMF30_D_Frozen-CH4,0.1205071,0.563870721,1.598700617,3.556329184,6.172947858,9.363121889,12.640146688,16.693262734,20.018502882,22.974369369,failed-vetting,failed-vetting
GCAM 4.2,EMF30_D_Frozen-EF,0.1205071,0.563870721,1.598700617,3.556329184,6.172947858,9.363121889,12.64014669,16.69326273,20.01850288,22.97436937,failed-vetting,failed-vetting
GCAM 4.2,EMF30_D_Frozen-EF-EndU,0.1205071,0.563870721,1.598700617,3.556329184,6.172947858,9.363121889,12.64014669,16.69326273,20.01850288,22.97436937,failed-vetting,failed-vetting
GCAM 4.2,EMF30_D_Frozen-EF-SLCF,0.1205071,0.563870721,1.598700617,3.556329184,6.172947858,9.363121889,12.64014669,16.69326273,20.01850288,22.97436937,failed-vetting,failed-vetting
GCAM 4.2,EMF30_SLCF,0.1205071,0.591999916,1.82590881,4.090612258,7.029375184,10.427037291,13.81541192,17.97839835,21.523594746,24.763406823,failed-vetting,failed-vetting
GCAM 4.2,EMF33_Baseline,0.1205061053,0.5542538259299999,1.72874414675,3.80709691865,6.44409923878,9.34813347291,12.31499266757,16.43806123057999,19.80206467173,22.74309240246,failed-vetting,failed-vetting
GCAM 4.2,EMF33_Med2C_cost100,0.1205061053,0.835103322725,3.785492689515,9.867739406355,19.86361596743,33.59874103164,49.8997276924,67.0046722394,84.83185173380002,102.7524604041,failed-vetting,failed-vetting
GCAM 4.2,EMF33_Med2C_full,0.1205061053,0.736620949152999,3.197452371503,8.341044419743,17.43433525131,30.06684365898,44.9629109206,60.1073912874,77.0937796006,94.1669901946,failed-vetting,failed-vetting
GCAM 4.2,EMF33_Med2C_limbio,0.1205061053,0.7365749053689991,3.415267740919,9.088949723349,18.6299595366,31.46882842831,46.5480448882,62.52268657939999,80.8161503375,98.1628602602,failed-vetting,failed-vetting
GCAM 4.2,EMF33_Med2C_nobeccs,0.1205061053,0.839128665009,4.311247684979,11.165409975979,21.67525973967,35.5313925122,51.9688401805,71.0286176203,91.7333208019,111.4231895679,failed-vetting,failed-vetting
GCAM 4.2,EMF33_Med2C_nofuel,0.1205061053,0.731622210573,3.275314102692999,8.488718916733001,17.3515943429,29.15744080707,42.6705513177,56.6199522098,69.1063842337,79.6603815482,failed-vetting,failed-vetting
GCAM 4.2,EMF33_Med2C_none,0.1205061053,0.833492716169,4.379615718259,11.140272712759,21.32171561889,35.0579775078,52.2641523189,72.3617574165,91.5230397987,105.3404413795,failed-vetting,failed-vetting
GCAM 4.2,EMF33_WB2C_full,0.1205061053,0.736620949152999,4.195539641533,10.876003497233,21.0203011598,34.2747198616,49.8149193142,68.5475705654,88.96999749870001,111.373574077,failed-vetting,failed-vetting
GCAM 4.2,EMF33_WB2C_limbio,0.1205061053,0.7365749053689991,5.019118632149,12.118024756449,23.1313701776,37.4639374717,55.3048955903,76.4940472218,98.7651859723,116.436966818,failed-vetting,failed-vetting
GCAM 4.2,EMF33_WB2C_nobeccs,0.1205061053,0.839128665009,6.247935981708999,14.200776891409,26.738062727,43.41473091770001,64.59773333953,86.84730066093,110.05420520313,131.1845358039899,failed-vetting,failed-vetting
GCAM 4.2,EMF33_WB2C_nofuel,0.1205061053,0.731622210573,4.350349165033,10.784589085133,20.2828631033,32.5393520531,46.8949248746,62.6726030116,74.8940554691,98.090077313405,failed-vetting,failed-vetting
GCAM 4.2,EMF33_WB2C_none,0.1205061053,0.833493303779,6.293443419079,13.990250156979,26.6337340909,44.26238432970001,65.7829122275,85.8862230679,96.9513034893,84.03424274455999,failed-vetting,failed-vetting
GCAM 4.2,EMF33_tax_hi_full,0.1205061053,0.5542538259299999,2.75894547588,7.742762104780001,16.70416808349,29.56214261170999,44.2900369195,59.17064719010001,75.2012531151,90.9736829951,failed-vetting,failed-vetting
GCAM 4.2,EMF33_tax_hi_none,0.1205061053,0.6142356613600001,3.08033086421,8.30086718211,17.50563069965,30.5599428705,45.8680364387,63.858476936,80.3709417032,96.1039160518,failed-vetting,failed-vetting
GCAM 4.2,EMF33_tax_lo_full,0.1205061053,0.5542538259299999,2.24192103574,5.662044132459999,10.52818258896,17.37329541315,26.37328197481,40.19792317012,53.10030842640001,65.61472346,failed-vetting,failed-vetting
GCAM 4.2,EMF33_tax_lo_none,0.1205061053,0.6142356613600001,2.543148466054,6.254168284624,11.529652410934,18.91601992574,28.44495497797,42.3144309836,55.0536725045,66.7895268605,failed-vetting,failed-vetting
GCAM 4.2,SSP1-19,0.12050423729,1.719966609,6.778143992,21.904087021,51.25222069300001,95.750013776,141.987613339,176.767111785,198.516541562,204.642764721,C1,C1: limit warming to 1.5°C (>50%) with no or limited overshoot
GCAM 4.2,SSP1-26,0.12050423729,1.719315385311899,5.2456927983679,14.9835857974879,34.200134323516,69.04684420326001,115.94792845635,157.2805103444,184.3263074025,197.5369611074,no-climate-assessment,no-climate-assessment
GCAM 4.2,SSP1-34,0.12050423729,1.719315385311899,4.618965888879901,12.1480405892809,25.452848090979,45.596751429711,77.13410979961998,122.1759067502,159.6033411658,181.5179579812,no-climate-assessment,no-climate-assessment
GCAM 4.2,SSP1-45,0.12050423729,1.719315385311899,4.3963303996639,11.1901760742789,22.710272806347,38.621112814495,58.32717340179,86.4585376378,116.7934160159,134.3725663318,no-climate-assessment,no-climate-assessment
GCAM 4.2,SSP1-Baseline,0.12050522,1.605800570999999,4.195259173,10.434085737,20.653544311,34.143351925,48.664679295,64.372405615,78.345267312,90.00418478700001,no-climate-assessment,no-climate-assessment
GCAM 4.2,SSP2-19,0.12050423729,1.614185306,4.666528401,12.687146232,23.815238257,39.189555584,55.296582086,69.16768828,78.508297078,87.234302539,failed-vetting,failed-vetting
GCAM 4.2,SSP2-26,0.12050423729,1.6138859883901,3.253093688161299,10.6271351456063,20.5974982686262,35.522510505555,51.35718812355,65.90814857123,77.10473608403002,86.16232050434,failed-vetting,failed-vetting
GCAM 4.2,SSP2-34,0.12050423729,1.6138859883901,3.253093688161299,7.8482237016633,15.6527490464032,28.411447485022,44.35598288289,59.35917057155,72.23862548226,83.0675492018,failed-vetting,failed-vetting
GCAM 4.2,SSP2-45,0.12050423729,1.6138859883901,3.253093688161299,7.3850183938803,14.3635189495952,26.009378581284,41.437989001015,54.6791964495,64.11350881194001,72.2456662061,failed-vetting,failed-vetting
GCAM 4.2,SSP2-60,0.12050423729,1.6138859883901,3.253093688161299,6.2726998389073,10.9772016282772,18.142183322,26.679664799594,36.016867193744,46.15100904465,58.01219397702,failed-vetting,failed-vetting
GCAM 4.2,SSP2-Baseline,0.12050522,1.505448285,3.061385727,5.895635232,10.006567538,16.026674284,22.538129103,28.337555481,32.97532617,36.308257852,no-climate-assessment,no-climate-assessment
GCAM 4.2,SSP3-Baseline,0.12050522,1.279601408,2.360313374,3.871643541,5.528901611,7.775391999,9.875283545,11.481649769,12.676722192,13.203635772,C8,C8: exceed warming of 4°C (>=50%)
GCAM 4.2,SSP4-26,0.12050522,1.756270337,5.806416913,12.707105763,22.745189151,35.407326385,48.879254883,62.74916551600001,82.150336118,99.294827547,failed-vetting,failed-vetting
GCAM 4.2,SSP4-34,0.12050423729,1.756270466385,4.605419130434299,10.5523885116373,19.7786795955223,31.898941214143,45.28723126600001,57.29304670585,72.70506453078,92.6648232914,failed-vetting,failed-vetting
GCAM 4.2,SSP4-45,0.12050423729,1.756270466385,4.1718684903264,9.1150078267994,17.2052585611144,28.937811988923,42.33216218804,50.43787712359,58.03319438394,70.53481298946002,failed-vetting,failed-vetting
GCAM 4.2,SSP4-60,0.12050423729,1.756270466385,3.624480485671,7.315981788586,12.638615640595,19.844069391089,27.782235201995,37.507664456151,49.56767722857099,65.74541373866,failed-vetting,failed-vetting
GCAM 4.2,SSP4-Baseline,0.12050522,1.639779946999999,3.508461423,6.996626281,11.902762744,18.413466936,25.209828836,32.51112954,39.700947329,47.40398811399999,C7,C7: limit warming to 4°C (>50%)
GCAM 4.2,SSP5-19,0.12050423729,1.630168729,5.619511204,15.892129329,31.634743971,51.79292422899999,70.375295939,86.585136991,103.07785127,116.611750351,failed-vetting,failed-vetting
GCAM 4.2,SSP5-26,0.12050522,1.629636134,3.662141221,14.282971552,28.606163376,48.463797849,65.68341295100001,78.364777369,93.31391374,109.783250455,failed-vetting,failed-vetting
GCAM 4.2,SSP5-34,0.12050423729,1.629636111394,3.662141219488399,11.4799464582174,24.0945347362934,42.414808925449,60.27164633793,71.88361062865,81.6055591763,93.2046658435,failed-vetting,failed-vetting
GCAM 4.2,SSP5-45,0.12050423729,1.629636111394,3.662141219488399,10.1773044780734,21.1604935679594,37.716525555305,55.84726931143,68.48854092374,71.1166857907,69.9521551755,failed-vetting,failed-vetting
GCAM 4.2,SSP5-60,0.12050423729,1.629636111394,3.662141219488399,8.5955044981404,16.5365039295254,27.70552763566101,39.857129639899,52.06352039260999,64.26205464668,71.6091637844,no-climate-assessment,no-climate-assessment
GCAM 4.2,SSP5-Baseline,0.12050522,1.517614866,3.426153798999998,7.477293417,13.214522041,20.381078972,26.177166449,29.114308532,30.584900633,29.822269584,no-climate-assessment,no-climate-assessment
GCAM 5.2,"NGFS1_Current policies (Hot house world, Rep)",0.121913838,3.797411725,15.16165597,28.57383447,40.42687173,49.00286061,56.65706745,62.75179272,67.97617947,71.69812271,C7,C7: limit warming to 4°C (>50%)
GCAM 5.2,"NGFS1_Immediate 2C with CDR (Orderly, Rep)",0.121913838,3.797411725,29.811479,51.51900904,75.32492797,95.24334789,114.1332215,130.4614202,146.7704113,165.3485794,C4,C4: limit warming to 2°C (>50%)
GCAM 5.3,NGFS2_Below 2°C,0.1219138,2.97737,21.67777,46.89856,77.32908,113.6764,145.5355,156.2863,161.4474,178.5701,C3,C3: limit warming to 2°C (>67%)
GCAM 5.3,NGFS2_Current Policies,0.1219138,2.978455,10.41522,14.28219,24.40527,36.84829,49.9218,60.18001,68.3895,86.25485,C7,C7: limit warming to 4°C (>50%)
GCAM 5.3,NGFS2_Delayed Transition,0.1219138,2.978455,10.41522,49.54004,98.12966,142.8567,178.8941,196.5381,203.9087,211.0572,C4,C4: limit warming to 2°C (>50%)
GCAM 5.3,NGFS2_Divergent Net Zero Policies,0.1219138,2.978455,33.51869,67.05503,113.9474,145.9104,165.258,173.4386,180.1143,194.9875,C2,C2: return warming to 1.5°C (>50%) after a high overshoot
GCAM 5.3,NGFS2_Nationally Determined Contributions (NDCs),0.1219138,2.313577,12.42708,27.02996,45.19074,62.34922,81.65224,97.66586,111.2264,135.1189,C5,C5: limit warming to 2.5°C (>50%)
GCAM 5.3,NGFS2_Net-Zero 2050,0.1219138,2.975207,24.90198,52.16782,92.60788,133.1146,159.9733,175.9919,184.2497,198.4507,C2,C2: return warming to 1.5°C (>50%) after a high overshoot
GCAM 5.3,R_BAU,0.12191383828,1.3999458987935,2.720452838167,5.07212230653,7.56656691006,11.24268529739,15.36606404446,20.12289256302,25.87342380911,31.29347169951,C7,C7: limit warming to 4°C (>50%)
GCAM 5.3,R_MAC_30_n0,0.12191383828,1.3999458987935,15.114476471901,22.60307988576,35.13569425737,44.71005696202,59.9953381134,73.4180201616,90.0349561163,96.44061641393,C1,C1: limit warming to 1.5°C (>50%) with no or limited overshoot
GCAM 5.3,R_MAC_30_n8,0.12191383828,1.3999458987935,20.38655709313,29.71579129452,44.87683371633,54.49401994953,68.4623725133,80.3068954896,98.067382094,104.50303836959,failed-vetting,failed-vetting
GCAM 5.3,R_MAC_35_n0,0.12191383828,1.3999458987935,10.223750589332,22.4532361734,34.84097039201,46.81150244899,59.4088171112,73.6353812612,87.4375443587,96.8341037384,C3,C3: limit warming to 2°C (>67%)
GCAM 5.3,R_MAC_35_n8,0.12191383828,1.3999458987935,12.09914824366,28.82838218396,44.15719119679,57.33095754239,68.10819172689,81.30399857993,94.89430773598,104.884862779723,C1,C1: limit warming to 1.5°C (>50%) with no or limited overshoot
GCAM 5.3,R_MAC_40_n0,0.12191383828,1.3999458987935,8.291547621563,23.05838037552,34.77114054482,47.47907006719,58.92286651399,72.6380362267,86.3312580917,97.264772836,C3,C3: limit warming to 2°C (>67%)
GCAM 5.3,R_MAC_40_n8,0.12191383828,1.3999458987935,9.469071970598,28.6384795279,43.63316845287,57.8408269815,67.88018339943,81.022996022987,94.27611719383,105.1946454847,C1,C1: limit warming to 1.5°C (>50%) with no or limited overshoot
GCAM 5.3,R_MAC_45_n0,0.12191383828,1.3999458987935,7.201287709749,19.33317303933,35.00623487607,47.96084908233,60.135985816,71.86394515137,85.73538474907,95.9684136305,C3,C3: limit warming to 2°C (>67%)
GCAM 5.3,R_MAC_45_n8,0.12191383828,1.3999458987935,8.102723670427,22.33356247573,43.39509635867,58.16240088483,69.76688996013,80.57560200183,94.07734685033,103.26571581833,C1,C1: limit warming to 1.5°C (>50%) with no or limited overshoot
GCAM 5.3,R_MAC_50_n0,0.12191383828,1.3999458987935,6.48799788091,17.0604735647,35.46617364411,48.2791256323,60.81328335468,71.30541452408,84.49768917448,95.0979478239,C3,C3: limit warming to 2°C (>67%)
GCAM 5.3,R_MAC_50_n8,0.12191383828,1.3999458987935,7.227087160316,19.41754830232,43.04522384173,58.12182538862,70.4573058343,80.46800407832,93.5672882314,102.4220534741,C1,C1: limit warming to 1.5°C (>50%) with no or limited overshoot
GCAM 5.3,R_MAC_55_n0,0.12191383828,1.3999458987935,5.98701499414,15.55420479819,31.3341594281,48.7778365583,61.4407313192,72.47812948038,83.53168039688,94.49356740808,C3,C3: limit warming to 2°C (>67%)
GCAM 5.3,R_MAC_55_n8,0.12191383828,1.3999458987935,6.610955267805,17.44540380866,36.60215350737,58.09191626748,71.12389298773,82.43792039196,93.16029603518,101.85050128988,C2,C2: return warming to 1.5°C (>50%) after a high overshoot
GCAM 5.3,R_MAC_60_n0,0.12191383828,1.3999458987935,5.616268412214,14.51163718551,28.74877743912,49.21002472176,61.8966168072,73.1305375472,82.7960758701,93.480846906,C3,C3: limit warming to 2°C (>67%)
GCAM 5.3,R_MAC_60_n8,0.12191383828,1.3999458987935,6.154862437195,16.04848954394,32.64123027365,57.66818921693,71.2533462351,83.4126607134,92.892424718,101.2902481015,C2,C2: return warming to 1.5°C (>50%) after a high overshoot
GCAM 5.3,R_MAC_65_n0,0.12191383828,1.3999458987935,5.331714021876,13.76087725078,26.89377975219,45.55367267366,62.3150873925,73.5976143932,83.4797384154,92.5951947433,C3,C3: limit warming to 2°C (>67%)
GCAM 5.3,R_MAC_65_n8,0.12191383828,1.3999458987935,5.805461540455,15.03460437393,30.00861347484,51.9848776117,70.9424704231,83.7459467697,93.9767659569,100.8037782582,C3,C3: limit warming to 2°C (>67%)
GCAM 5.3,R_MAC_70_n0,0.12191383828,1.3999458987935,5.106055329832,13.17754440382,25.41324044593,42.91111019138,62.692711456,74.06606273369,83.94560834779,91.89266712519,C4,C4: limit warming to 2°C (>50%)
GCAM 5.3,R_MAC_70_n8,0.12191383828,1.3999458987935,5.52807026857,14.27399917787,28.17736213178,48.01493853166,70.6955139237,84.0298406489653,94.2183037706653,100.120113966065,C3,C3: limit warming to 2°C (>67%)
GCAM 5.3,R_MAC_75_n0,0.12191383828,1.3999458987935,4.925500088382,12.67942565312,24.19863718458,40.83416137223,59.3643492284,74.4458531353,84.2827150511,92.4658940606,C4,C4: limit warming to 2°C (>50%)
GCAM 5.3,R_MAC_75_n8,0.12191383828,1.3999458987935,5.303883286692,13.69052760805,26.71111775566,45.22136316395,66.40609057164,84.14246736154,94.33585367754,100.9289251093,C3,C3: limit warming to 2°C (>67%)
GCAM 5.3,R_MAC_80_n0,0.12191383828,1.3999458987935,4.771222183765,12.256052928662,23.215469091792,39.11473939351,56.6703460099,74.7527796885,84.5760659166,92.8072873516,C4,C4: limit warming to 2°C (>50%)
GCAM 5.3,R_MAC_80_n8,0.12191383828,1.3999458987935,5.118040269897,13.21064809854,25.49414672325,43.05021943067,62.9072436469,84.141810049,94.3818627705,101.4438045603,C4,C4: limit warming to 2°C (>50%)
GCAM 5.3,R_MAC_85_n0,0.12191383828,1.3999458987935,4.641921411285,11.89997152752,22.40826230877,37.67212382624,54.5357694017,71.6611164447,84.7105515125,92.9197115723,C5,C5: limit warming to 2.5°C (>50%)
GCAM 5.3,R_MAC_85_n8,0.12191383828,1.3999458987935,4.964109456662,12.78656503762,24.45638079503,41.27534743636,60.0816275475,79.6729460319,94.2079858974,101.6422405025,C4,C4: limit warming to 2°C (>50%)
GCAM 5.3,R_MAC_90_n0,0.12191383828,1.3999458987935,4.53241210683,11.59598794405,21.73432116582,36.44840088305,52.7635106102,69.1322409584,84.7169965048,92.8523890267,C5,C5: limit warming to 2.5°C (>50%)
GCAM 5.3,R_MAC_90_n8,0.12191383828,1.3999458987935,4.830213623612,12.41759759071,23.58645990976,39.77194608747,57.6809899881,76.1654299919,93.8189484566,101.3556296773,C4,C4: limit warming to 2°C (>50%)
GCAM 5.3,R_MAC_95_n0,0.12191383828,1.3999458987935,4.439678223104,11.332339777265,21.161290623915,35.389796318635,51.23486591061,67.0109248934,81.9543382898,92.7352289359,C5,C5: limit warming to 2.5°C (>50%)
GCAM 5.3,R_MAC_95_n8,0.12191383828,1.3999458987935,4.713465682763,12.097179865417,22.852715227107,38.46912282566,55.7002132275,73.359395751,90.5059508128,100.9399856457,C4,C4: limit warming to 2°C (>50%)
GCAM 5.3,R_MAC_99_n0,0.12191383828,1.3999458987935,4.359556667642,11.10203507706,20.66806785109,34.483290485,49.9151708059,65.2246647295,79.6809543168,92.5626953089,C5,C5: limit warming to 2.5°C (>50%)
GCAM 5.3,R_MAC_99_n8,0.12191383828,1.3999458987935,4.612444609765,11.81855055753,22.22555926194,37.3431504755,54.0586183068,70.9716656777,87.2138807664,100.3557913384,C5,C5: limit warming to 2.5°C (>50%)
GCAM 5.3,SSP1-DACCS-1p9-3pctHR,0.12190998931,3.597194133642,29.550960962769,60.285778981939,99.04967510182,137.7110212169,169.5731477553,186.142664925,191.178545766,187.727065578,failed-vetting,failed-vetting
GCAM 5.3,SSP1-DACCS-2p6-3pctHR,0.12190998931,3.597197373292,24.696407420815,49.346074499555,82.384350245796,114.66213134217,142.8817898664,161.461060342,172.398026424,173.545259445,failed-vetting,failed-vetting
GCAM 5.3,SSP1-highcostDACCS-2p6-3pctHR,0.121909989,3.591109674,24.93553175,50.31319552,86.02972221,120.8212597,150.2921784,168.0294126,172.8088314,173.6381377,failed-vetting,failed-vetting
GCAM 5.3,SSP1-lowcostDACCS-2p6-3pctHR,0.121909989,3.591099955,24.16335692,48.33415467,81.60471721,115.3189288,145.7633908,169.7259271,182.5434195,182.667102,failed-vetting,failed-vetting
GCAM 5.3,SSP1-noDACCS-1p9-3pctHR,0.12190998931,3.597193895402,28.690213560009,58.531969029189,96.73292959731,131.56313071679,158.9156355938,173.339883721,179.164090772,177.078124848,failed-vetting,failed-vetting
GCAM 5.3,SSP1-noDACCS-2p6-3pctHR,0.12190998931,3.597192739852,24.895232700489,49.723006893459,83.18659624043,115.66031278984,143.7322449044,161.188100745,165.774166867,162.259992761,failed-vetting,failed-vetting
GCAM 5.3,SSP2-DACCS-2p6-3pctHR,0.12190998931,3.196327173509,14.478704825758,34.586650448658,53.17639772458,73.1010594901,97.1922339502,120.605623032,140.569813176,154.895277172,failed-vetting,failed-vetting
GCAM 5.3,SSP2-noDACCS-2p6-3pctHR,0.12190998931,3.203398591992,14.505697732151,36.315343633611,55.01735824798,74.24165566746,93.3050407242,115.294565579,133.120086748,146.734260271,failed-vetting,failed-vetting
GCAM 5.3,SSP4-DACCS-1p9-3pctHR,0.12190998931,4.513362533961,24.531543553195,42.879377005495,64.86990934817,87.028426459,109.614225443,122.807267472,129.604866134,135.397909908,failed-vetting,failed-vetting
GCAM 5.3,SSP4-DACCS-2p6-3pctHR,0.12190998931,4.512470039813,22.720375453644,39.019330746444,56.26684537965,72.556970594,92.640328292,112.652871501,125.071619953,131.6179818471,failed-vetting,failed-vetting
GCAM 5.3,SSP4-highcostDACCS-2p6-3pctHR,0.121909989,4.513358819,24.31987218,42.31045392,62.28538443,78.63829301,92.67151266,100.3591088,108.748228,115.0701357,failed-vetting,failed-vetting
GCAM 5.3,SSP4-medcostDACCS-2p6-3pctHR,0.121909989,4.51372202,23.68354385,41.01642118,60.05310422,76.56450554,92.75171622,107.1113892,118.9181785,126.2550366,failed-vetting,failed-vetting
GCAM 5.3,SSP4-noDACCS-1p9-3pctHR,0.12190998931,4.522943400637,27.52617605737,47.47332495227,66.22639918543,79.6750097482,93.877082352,104.808436908,115.996141692,124.4416484968,failed-vetting,failed-vetting
GCAM 5.3,SSP4-noDACCS-2p6-3pctHR,0.12190998931,4.52118337108,24.311117446549,41.901581253449,60.59433728265,75.596239497,88.974825315,96.708181472,104.856977489,110.9487879887,failed-vetting,failed-vetting
GCAM 5.3,SSP5-DACCS-1p9-3pctHR,0.12190998931,3.243423842424,17.268932896136,47.489388465536,80.66862890554,113.0374280552,134.6297496311,146.470901075,149.397510517,148.868567657,failed-vetting,failed-vetting
GCAM 5.3,SSP5-DACCS-2p6-3pctHR,0.12190998931,3.243423842424,17.247869242876,44.022886689076,72.37257381198,100.3199386111,125.760033421,141.676940565,146.962221656,144.108087237,failed-vetting,failed-vetting
GCAM 5.3,SSP5-noDACCS-2p6-3pctHR,0.12190998931,3.250590811356,17.272171548873,50.918786822773,81.99211820484,107.9510549558,122.6514951745,129.7435208698,132.6087675976,133.2316582231,failed-vetting,failed-vetting
GCAM 5.3,SSP_SSP1,0.12191383828,1.3143912960755,9.02035977654,32.88550289611,70.30647546206,111.184244336,126.1875064926,128.8863740621,125.3877244522,121.33646527399,no-climate-assessment,no-climate-assessment
GCAM 5.3,SSP_SSP2,0.12191383828,1.5575676629994,7.48974778584,19.90764545434,40.8288012064,70.7602686316,89.1700002493,103.8732733972,114.0199650567,121.6898958116,C3,C3: limit warming to 2°C (>67%)
GCAM 5.3,SSP_SSP3,0.12191383828,1.460658557195,5.267529492756,11.76397776637,22.2180245748,40.0611359085,49.87229968932,57.79653276268,67.54803573348,78.42408229236,C2,C2: return warming to 1.5°C (>50%) after a high overshoot
GCAM 5.3,SSP_SSP4,0.12191383828,1.5619750711993,8.29230196378,21.7442939047,41.4284332921,68.9310457599,77.46005553605,80.99975034728,83.63925742258,90.44929830249,C2,C2: return warming to 1.5°C (>50%) after a high overshoot
GCAM 5.3,SSP_SSP5,0.12191383828,1.5908182065722,9.27818495887,27.00043384834,55.7714090331,91.5047486025,106.6362406776,115.3670997248,116.4692419472,115.7261430367,C3,C3: limit warming to 2°C (>67%)
GCAM-PR 5.3,CSH,0.12191394818,4.14251343487939,22.102962799247,25.986587211781444,43.400929867553934,62.82573547181772,82.93187268900265,104.50184392242495,125.89012863127448,144.81827094520995,no-climate-assessment,no-climate-assessment
GCAM-PR 5.3,PCSH,0.12191394818,6.53938543208403,26.6633469395568,25.986587211781444,43.400929867553934,62.82573547181772,82.93187268900265,104.50184392242495,125.89012863127448,144.81827094520995,failed-vetting,failed-vetting
GCAM-PR 5.3,PR_CP_Intensity,0.12191394818,6.63175420085532,25.7091713437892,36.396713033436,53.40153056126,75.80372840878,105.2666421182,134.169054407,163.7017260958,193.0844170019,failed-vetting,failed-vetting
GCAM-PR 5.3,PR_CP_Price,0.12191394818,6.63865893765577,25.7092452600164,35.806785034671,51.935903029358,70.0881646644,91.7808017391,112.8213924865,132.7809064314,151.7335132025,failed-vetting,failed-vetting
GCAM-PR 5.3,PR_CP_PriceOnly,0.12191394818,4.92717241324859,24.7866655961491,35.612247369705,52.083318692381,70.32841907219,91.50720086652,111.9985981738,131.4266789461,150.0737094351,C7,C7: limit warming to 4°C (>50%)
GCAM-PR 5.3,PR_NDC_Intensity,0.12191394818,6.63865893765577,26.9248860121393,39.129175924249,59.042343860691,85.63368405173,120.2332052186,154.0889328269,187.3686296788,217.6783820142,failed-vetting,failed-vetting
GCAM-PR 5.3,PR_NDC_Price,0.12191394818,6.63865893765577,26.9328397301445,37.099255173334,55.110339373764,75.66251435312,100.9536049613,125.7750832351,150.4735508559,174.7211304032,failed-vetting,failed-vetting
GCAM-PR 5.3,PR_NDC_PriceOnly,0.121913948,4.921362104,25.93513512,36.73796982,54.89436578,75.17764838,99.73879003,123.5956948,146.8500001,170.3707514,C6,C6: limit warming to 3°C (>50%)
GCAM-PR 5.3,PR_baseline,0.121913948,4.15027131,22.26227161,34.88564793,49.88947395,66.17428598,84.69267852,103.0766859,120.2685714,136.2189974,C7,C7: limit warming to 4°C (>50%)
GCAM-PR 5.3,R,0.12191383828,1.3776002405332,2.553152131527,25.986587211781444,43.400929867553934,62.82573547181772,82.93187268900265,104.50184392242495,125.89012863127448,144.81827094520995,no-climate-assessment,no-climate-assessment
GCAM-PR 5.3,SH,0.12191383828,1.3746999444791,2.525406767453,25.986587211781444,43.400929867553934,62.82573547181772,82.93187268900265,104.50184392242495,125.89012863127448,144.81827094520995,no-climate-assessment,no-climate-assessment
GCAM5.2_NET,GCAM_1.5C_high_os_high-cost-DAC,0.1205061,0.499979,2.07495,14.13349,32.98572,49.55679,62.84191,75.99941,91.18802,108.7068,failed-vetting,failed-vetting
GCAM5.2_NET,GCAM_1.5C_high_os_low-cost-DAC,0.1205061,0.499979,2.07495,14.13349,29.58332,44.61521,56.15564,70.26968,85.00242,102.4025,failed-vetting,failed-vetting
GCAM5.2_NET,GCAM_1.5C_low_os_high-cost-DAC,0.1205061,0.499979,7.772096,19.94043,32.13794,44.3877,57.37172,73.14571,90.97513,104.3947,failed-vetting,failed-vetting
GCAM5.2_NET,GCAM_1.5C_low_os_low-cost-DAC,0.1205061,0.499979,7.772096,17.42775,28.69886,39.83902,53.09033,68.82616,87.23609,100.1095,failed-vetting,failed-vetting
GCAM5.2_NET,GCAM_1.5C_low_os_noDAC,0.1205061,0.4999807,7.772112,20.23117,36.16273,50.54344,65.66711,81.84655,97.51227,107.7864,failed-vetting,failed-vetting
GEM-E3 V1,CD-LINKS_INDCi,0.2179154532542264,1.387009243603467,3.557124041001078,7.273889511299981,13.78303775970086,62.82573547181772,82.93187268900265,104.50184392242495,125.89012863127448,144.81827094520995,failed-vetting,failed-vetting
GEM-E3 V1,CD-LINKS_INDCi_recGenTaxation,0.1465886498662667,2.010044946279968,6.857042862071782,13.48695632711893,19.831759533048,62.82573547181772,82.93187268900265,104.50184392242495,125.89012863127448,144.81827094520995,no-climate-assessment,no-climate-assessment
GEM-E3 V1,CD-LINKS_INDCi_recSocialSecurity,0.1465886498662667,2.010044943368005,6.856325145091789,13.48723964203273,19.8327205077148,62.82573547181772,82.93187268900265,104.50184392242495,125.89012863127448,144.81827094520995,no-climate-assessment,no-climate-assessment
GEM-E3 V1,CD-LINKS_NPi,0.2179154532542264,1.385537747884722,2.807122614606562,5.203738225311827,10.11209544044694,62.82573547181772,82.93187268900265,104.50184392242495,125.89012863127448,144.81827094520995,failed-vetting,failed-vetting
GEM-E3 V1,CD-LINKS_NPi2020_1000,0.2179154532542264,1.385637020620798,3.839520102343068,8.954902207691049,16.93612122080142,62.82573547181772,82.93187268900265,104.50184392242495,125.89012863127448,144.81827094520995,failed-vetting,failed-vetting
GEM-E3 V1,CD-LINKS_NPi2020_1000_recGenTaxation,0.1465886498662667,2.011242293931744,6.002006216661512,12.70695466253156,25.27378849159773,62.82573547181772,82.93187268900265,104.50184392242495,125.89012863127448,144.81827094520995,no-climate-assessment,no-climate-assessment
GEM-E3 V1,CD-LINKS_NPi2020_1000_recSocialSecurity,0.1465886498662667,2.011242303110386,6.007045782488264,12.69952968466252,25.20946472044839,62.82573547181772,82.93187268900265,104.50184392242495,125.89012863127448,144.81827094520995,no-climate-assessment,no-climate-assessment
GEM-E3 V1,CD-LINKS_NPi2020_1600,0.2179154532542264,1.385637020620798,3.599975075352707,7.982472820294118,15.12380684821212,62.82573547181772,82.93187268900265,104.50184392242495,125.89012863127448,144.81827094520995,failed-vetting,failed-vetting
GEM-E3 V1,CD-LINKS_NPi2020_400,0.2179154532542264,1.385620379581445,4.728573029858279,11.67981210593121,20.50199710335088,62.82573547181772,82.93187268900265,104.50184392242495,125.89012863127448,144.81827094520995,failed-vetting,failed-vetting
GEM-E3 V1,CD-LINKS_NPi2020_400_recGenTaxation,0.1465886498662667,2.011242290750324,7.924146735625763,11.83549084632464,20.81655966031158,62.82573547181772,82.93187268900265,104.50184392242495,125.89012863127448,144.81827094520995,failed-vetting,failed-vetting
GEM-E3 V1,CD-LINKS_NPi2020_400_recSocialSecurity,0.1465886498662667,2.011242293624013,7.948359837293244,11.85005047604252,20.78995886667339,62.82573547181772,82.93187268900265,104.50184392242495,125.89012863127448,144.81827094520995,failed-vetting,failed-vetting
GEM-E3_V2021,EN_INDCi2030_1000,0.19794467850413103,2.708704314815754,9.244108579824998,30.59879194169947,43.02370506173946,51.10717572350057,65.90940615913439,78.75281998380706,87.59375160888291,86.50393076702824,C3,C3: limit warming to 2°C (>67%)
GEM-E3_V2021,EN_INDCi2030_1000_COV,0.19794467850413103,2.535791819481095,8.579074200804945,28.37972721081127,39.26168334852856,46.6752165216834,61.68833283919763,74.02784694797228,81.36341278748097,80.29774002315169,C3,C3: limit warming to 2°C (>67%)
GEM-E3_V2021,EN_INDCi2030_1000_COV_NDCp,0.19794467850413103,2.535791821006088,10.88240675819506,28.26207784578791,38.45264779200928,46.38883706968335,61.52960598035962,74.24486368299908,81.784919673864,80.5628153083811,C3,C3: limit warming to 2°C (>67%)
GEM-E3_V2021,EN_INDCi2030_1000_NDCp,0.19794467850413103,2.708704314815754,11.68972176039754,30.69338653920873,43.06367790466456,51.12885184654303,66.078542667643,79.22681093475079,88.11146113624586,87.07939792606828,C3,C3: limit warming to 2°C (>67%)
GEM-E3_V2021,EN_INDCi2030_1000f,0.19794467850413103,2.708704314815754,9.244108579824998,28.66079621695986,38.17261572677117,48.20101794158014,64.35838214498135,86.13923562620754,91.11958843729728,91.78481975806106,C4,C4: limit warming to 2°C (>50%)
GEM-E3_V2021,EN_INDCi2030_1000f_COV,0.19794467850413103,2.535791819481095,8.579074200804945,26.87034278774664,35.51260469878144,44.21865302666965,59.86398266164376,77.48871882523898,84.23165409908694,84.65471324430177,C3,C3: limit warming to 2°C (>67%)
GEM-E3_V2021,EN_INDCi2030_1000f_COV_NDCp,0.19794467850413103,2.535791821006088,10.88240675819506,27.14733805285466,35.55026489756408,44.46200046697191,59.62034173865811,76.6684814688983,84.3771168005103,85.04588418985318,C3,C3: limit warming to 2°C (>67%)
GEM-E3_V2021,EN_INDCi2030_1000f_NDCp,0.19794467850413103,2.708704314815754,11.68972176039754,28.90725032777222,38.23524892397728,48.067262764366,64.20945206730693,86.14047327480554,91.34343142638856,92.49331397844938,C4,C4: limit warming to 2°C (>50%)
GEM-E3_V2021,EN_INDCi2030_1400,0.19794467850413103,2.708704314815754,9.244108579824998,26.43003638030812,35.38097408821257,40.98147463732278,57.66123591263592,76.55332380584773,86.92485780648867,86.79273950378916,C4,C4: limit warming to 2°C (>50%)
GEM-E3_V2021,EN_INDCi2030_1400f,0.19794467850413103,2.708704314815754,9.244108579824998,26.43003638030812,35.38097408821257,40.65253295764767,57.22724407495279,76.27155587655702,86.9177969433336,88.29725030611152,C4,C4: limit warming to 2°C (>50%)
GEM-E3_V2021,EN_INDCi2030_1800,0.19794467850413103,2.708704314815754,9.244108579824998,24.71278946620151,32.40414751918372,37.41363619516852,47.82103761854019,59.25872414894137,80.63574630713869,86.00752063613977,C5,C5: limit warming to 2.5°C (>50%)
GEM-E3_V2021,EN_INDCi2030_1800f,0.19794467850413103,2.708704314815754,9.244108579824998,24.71278946620151,32.40414751918372,37.41363619516852,47.82103761854019,59.25872414894137,80.63574630713869,86.00752063613977,C5,C5: limit warming to 2.5°C (>50%)
GEM-E3_V2021,EN_INDCi2030_600f,0.19794467850413103,2.708704314815754,9.244108579824998,32.2297610679428,48.21280787750487,53.17788823989882,71.37260425006026,86.71132685717137,92.34116136452992,95.6732944404551,C2,C2: return warming to 1.5°C (>50%) after a high overshoot
GEM-E3_V2021,EN_INDCi2030_600f_COV,0.19794467850413103,2.535791819481095,8.579074200804945,29.69836140643328,45.03141754365465,49.47954499465858,66.47617777609013,80.60407813554227,85.6924023205625,88.62828312426896,C2,C2: return warming to 1.5°C (>50%) after a high overshoot
GEM-E3_V2021,EN_INDCi2030_600f_COV_NDCp,0.19794467850413103,2.535791821006088,10.88240675819506,29.82112618955777,44.90994418378745,49.57009553607857,66.66314294213551,80.70651765455557,85.79279455559379,88.76471003559247,C2,C2: return warming to 1.5°C (>50%) after a high overshoot
GEM-E3_V2021,EN_INDCi2030_600f_NDCp,0.19794467850413103,2.708704314815754,11.68972176039754,32.11876007400927,48.46609762753388,53.28459692388525,71.40565808644159,86.79466604145,92.5018311597806,95.92735123498308,C2,C2: return warming to 1.5°C (>50%) after a high overshoot
GEM-E3_V2021,EN_INDCi2030_800,0.19794467850413103,2.708704314815754,9.244108579824998,34.85809729140178,48.94209855091551,53.19157775628244,67.33771037577085,83.10607338801883,87.25083812435655,89.8880968867344,C3,C3: limit warming to 2°C (>67%)
GEM-E3_V2021,EN_INDCi2030_800f,0.19794467850413103,2.708704314815754,9.244108579824998,29.78808975560969,44.77247058042717,51.4318804054926,69.12476022259655,85.94495369915099,90.36952834726829,94.39736044939052,C2,C2: return warming to 1.5°C (>50%) after a high overshoot
GEM-E3_V2021,EN_INDCi2100,0.19794467850413103,2.708704314815754,9.244108579824998,17.04610661562753,24.84280087961281,31.63838165558769,39.37486469802424,43.06938846068108,47.85249623723462,53.34412374320052,C7,C7: limit warming to 4°C (>50%)
GEM-E3_V2021,EN_INDCi2100_COV,0.19794467850413103,2.535791819481095,8.579074200804945,15.6604489179174,22.81491160756656,30.23685779436507,36.72189634538504,39.95218321943506,44.37800181201928,49.5434653691426,C6,C6: limit warming to 3°C (>50%)
GEM-E3_V2021,EN_INDCi2100_COV_NDCp,0.19794467850413103,2.535791821006088,10.88240675819506,16.87193388617428,26.86851212998866,30.63242957072001,38.41140041653104,41.43989945106548,45.59880195033379,50.95881635605658,C6,C6: limit warming to 3°C (>50%)
GEM-E3_V2021,EN_INDCi2100_NDCp,0.19794467850413103,2.708704314815754,11.68972176039754,18.60986486206928,27.318766085164,32.55554179317623,41.09595269497712,44.22528046078653,49.07788716795723,54.83605976925998,C6,C6: limit warming to 3°C (>50%)
GEM-E3_V2021,EN_NPi2020_1000,0.19794467850413103,2.708704309762332,14.39295276827784,28.9768277236604,38.43050034394559,49.51667017160053,64.9300138392307,78.30552239611858,87.46921737476524,86.73136923434032,C3,C3: limit warming to 2°C (>67%)
GEM-E3_V2021,EN_NPi2020_1000_COV,0.19794467850413103,2.535791819481095,13.21945410406829,26.60454443956966,35.23850064351342,44.64297602033712,59.6922728124142,73.54668791328567,81.60104178822414,80.24435878154384,C3,C3: limit warming to 2°C (>67%)
GEM-E3_V2021,EN_NPi2020_1000f,0.19794467850413103,2.708704313398963,12.63752774296897,27.59088271489174,36.8455527582732,46.87064448165332,63.00293556541236,81.70214615143783,90.56157032515964,91.78300469226122,C4,C4: limit warming to 2°C (>50%)
GEM-E3_V2021,EN_NPi2020_1000f_COV,0.19794467850413103,2.535791819481095,11.85263473437462,25.859787669593,34.22289346723605,43.10616088914291,58.75488178695728,75.04082668092934,83.56166991026896,83.14672564811316,C3,C3: limit warming to 2°C (>67%)
GEM-E3_V2021,EN_NPi2020_1400,0.19794467850413103,2.708704314084686,12.42002595418743,26.99497544464796,34.7927345612987,40.48108226994351,53.08937151214812,75.89052670203786,86.3482391877919,86.61792035205829,C5,C5: limit warming to 2.5°C (>50%)
GEM-E3_V2021,EN_NPi2020_1400f,0.19794467850413103,2.708704314084686,12.42002595418743,26.99497544464796,34.7927345612987,40.29404618486575,52.9845328267309,75.71841637110107,86.26840123295206,88.33655048826817,C4,C4: limit warming to 2°C (>50%)
GEM-E3_V2021,EN_NPi2020_1800,0.19794467850413103,2.708704314084686,12.50129893390263,24.78666118166304,31.68943495684104,36.22018715879477,46.51454610961308,58.33702496209178,78.5714944735881,84.26287193204635,C5,C5: limit warming to 2.5°C (>50%)
GEM-E3_V2021,EN_NPi2020_1800f,0.19794467850413103,2.708704314084686,12.50129893390263,24.78666118166304,31.68943495684104,36.22018715879477,46.51454610961308,58.33702496209178,78.5714944735881,84.26287193204635,C5,C5: limit warming to 2.5°C (>50%)
GEM-E3_V2021,EN_NPi2020_400f,0.19794467850413103,2.708704313398963,18.59522136980728,32.58931084843309,47.61250177389553,53.42048810813245,69.45143905972468,88.82483643468117,93.33868969079909,97.81564533618888,C2,C2: return warming to 1.5°C (>50%) after a high overshoot
GEM-E3_V2021,EN_NPi2020_500,0.19794467850413103,2.708704309762332,26.07453391532895,42.66548935148421,50.02670497647493,53.61449685965546,66.19906798791784,82.61607127230027,86.71498862386828,87.32222107260735,C1,C1: limit warming to 1.5°C (>50%) with no or limited overshoot
GEM-E3_V2021,EN_NPi2020_500f,0.19794467850413103,2.708704313398963,17.04972156861973,32.35366829515998,44.94153260260008,52.05646166390692,68.06199825766812,88.19778395905139,93.15799602583868,97.01220403889862,C2,C2: return warming to 1.5°C (>50%) after a high overshoot
GEM-E3_V2021,EN_NPi2020_600,0.19794467850413103,2.708704309762332,23.29387842180421,38.9898991296683,48.75310191669488,52.93775389980873,66.33667940213519,78.14044352724873,86.92020386067965,87.30991480496606,C2,C2: return warming to 1.5°C (>50%) after a high overshoot
GEM-E3_V2021,EN_NPi2020_600_COV,0.19794467850413103,2.535791819481095,20.52827216677813,33.16557067824187,45.550345754872,49.08897843576366,62.44312414923324,76.81133079032138,80.39492793456041,82.7149411342792,C1,C1: limit warming to 1.5°C (>50%) with no or limited overshoot
GEM-E3_V2021,EN_NPi2020_600f,0.19794467850413103,2.708704313398963,16.06129132439968,30.71213083548847,42.97225885177626,50.90323909302224,66.69792285729199,87.71346962901622,92.83475944592404,95.40478331366003,C2,C2: return warming to 1.5°C (>50%) after a high overshoot
GEM-E3_V2021,EN_NPi2020_600f_COV,0.19794467850413103,2.535791819481095,16.11459955862609,28.8488890378919,39.2567947427318,46.75035772067645,63.96577364226512,79.88687523518486,83.98419175503841,87.86681698236909,C2,C2: return warming to 1.5°C (>50%) after a high overshoot
GEM-E3_V2021,EN_NPi2020_800,0.19794467850413103,2.708704309762332,17.70138672102596,32.43214412520113,44.33307317994395,51.79124460538531,65.60600818599154,78.14110092358614,87.20307059062904,86.38045526742846,C3,C3: limit warming to 2°C (>67%)
GEM-E3_V2021,EN_NPi2020_800f,0.19794467850413103,2.708704313398963,14.70766708010138,29.07976834660118,38.69527025068764,49.73298454276041,64.53999500980584,86.95441678392719,91.8155853471517,93.56066649669988,C3,C3: limit warming to 2°C (>67%)
GEM-E3_V2021,EN_NPi2100,0.19794467850413103,2.708704314815754,8.798252169579218,16.48834210983674,21.97707549761009,27.7158246373147,34.42272560988994,35.75229293101772,40.70338219625401,50.12989341014607,C7,C7: limit warming to 4°C (>50%)
GEM-E3_V2021,EN_NPi2100_COV,0.19794467850413103,2.535791819481095,8.326378447768011,15.58602854383931,20.55839794602483,25.79889675890898,31.94998575765329,33.10082966167609,37.7187525914047,46.38902852690709,C7,C7: limit warming to 4°C (>50%)
GEMINI-E3 7.0,PR_Baseline,0.19794467850413103,2.8334155082,6.275245313400001,12.320729019,21.1486995641,62.82573547181772,82.93187268900265,104.50184392242495,125.89012863127448,144.81827094520995,no-climate-assessment,no-climate-assessment
GEMINI-E3 7.0,PR_CP_Intensity,0.19794467850413103,2.930565878499999,9.018088013400002,20.4365521441,37.5702018241,62.82573547181772,82.93187268900265,104.50184392242495,125.89012863127448,144.81827094520995,no-climate-assessment,no-climate-assessment
GEMINI-E3 7.0,PR_CP_Price,0.19794467850413103,2.930565878499999,9.018088013400002,18.5278524978,31.6325511362,62.82573547181772,82.93187268900265,104.50184392242495,125.89012863127448,144.81827094520995,no-climate-assessment,no-climate-assessment
GEMINI-E3 7.0,PR_CP_PriceOnly,0.19794467850413103,2.8481795147,7.7653778774,15.441249133,25.6340404723,62.82573547181772,82.93187268900265,104.50184392242495,125.89012863127448,144.81827094520995,no-climate-assessment,no-climate-assessment
GEMINI-E3 7.0,PR_NDC_Intensity,0.19794467850413103,2.931964253599999,9.9630364038,23.6073404999,42.1928593436,62.82573547181772,82.93187268900265,104.50184392242495,125.89012863127448,144.81827094520995,no-climate-assessment,no-climate-assessment
GEMINI-E3 7.0,PR_NDC_Price,0.19794467850413103,2.931964253599999,9.9630364038,20.1357351034,33.0106957511,62.82573547181772,82.93187268900265,104.50184392242495,125.89012863127448,144.81827094520995,no-climate-assessment,no-climate-assessment
GENeSYS-MOD 1.0,1,0.19794467850413103,3.466,51.8,60.144,81.195,62.82573547181772,82.93187268900265,104.50184392242495,125.89012863127448,144.81827094520995,no-climate-assessment,no-climate-assessment
GMM-17,Hard_Rock,0.13679,2.42887,5.31896,8.379800000000003,11.33875,14.19323,82.93187268900265,104.50184392242495,125.89012863127448,144.81827094520995,no-climate-assessment,no-climate-assessment
GMM-17,Modern_Jazz,0.13679,2.4853,7.200730000000001,13.11571,22.30028,31.75531000000001,82.93187268900265,104.50184392242495,125.89012863127448,144.81827094520995,no-climate-assessment,no-climate-assessment
GMM-17,Symphony_1.5C,0.13599,1.828900000000001,6.222750000000001,17.99816,31.97213,49.73212000000001,82.93187268900265,104.50184392242495,125.89012863127448,144.81827094520995,no-climate-assessment,no-climate-assessment
GMM-17,Unfinished_Symphony,0.13679,2.57676,9.661540000000002,21.73512000000001,32.29255000000001,42.38208000000001,82.93187268900265,104.50184392242495,125.89012863127448,144.81827094520995,no-climate-assessment,no-climate-assessment
GRAPE-15 1.0,EMF33_1.5C_cost100,0.1205,0.0603,5.125,7.5618,10.2019,14.3537,17.2848,19.6711,23.109,23.6057,failed-vetting,failed-vetting
GRAPE-15 1.0,EMF33_1.5C_full,0.1205,0.0603,5.127999999999999,7.5737,10.2033,14.2732,17.1647,19.5037,22.9998,23.464,failed-vetting,failed-vetting
GRAPE-15 1.0,EMF33_1.5C_nofuel,0.1205,0.0603,5.1293,7.6354,10.3181,14.3,17.0029,19.5501,23.2895,23.7738,failed-vetting,failed-vetting
GRAPE-15 1.0,EMF33_Baseline,0.1205,0.0603,0.0301,0.0151,0.1657,0.5567,0.8259000000000001,0.4129,2.9404,8.5441,failed-vetting,failed-vetting
GRAPE-15 1.0,EMF33_Med2C_cost100,0.1205,0.0603,0.0301,0.3969,6.3693,9.6586,11.9672,13.4047,14.6642,14.6478,failed-vetting,failed-vetting
GRAPE-15 1.0,EMF33_Med2C_full,0.1205,0.0603,0.0301,0.0151,6.3859,9.6649,11.8801,13.2781,14.5869,14.5836,failed-vetting,failed-vetting
GRAPE-15 1.0,EMF33_Med2C_limbio,0.1205,0.0603,2.429,6.2026,9.9964,11.9983,15.1771,18.4587,21.1388,22.4652,failed-vetting,failed-vetting
GRAPE-15 1.0,EMF33_Med2C_nobeccs,0.1205,0.0603,2.3989,8.3106,10.3674,12.832,16.244,18.5762,19.678,19.1195,failed-vetting,failed-vetting
GRAPE-15 1.0,EMF33_Med2C_nofuel,0.1205,0.0603,0.0301,0.0151,6.3825,9.6678,11.8801,13.3971,14.4916,14.5372,failed-vetting,failed-vetting
GRAPE-15 1.0,EMF33_Med2C_none,0.1205,0.0603,1.5924,8.3292,10.6848,13.1468,16.555,18.6238,19.0626,18.7983,failed-vetting,failed-vetting
GRAPE-15 1.0,EMF33_WB2C_cost100,0.1205,0.0603,0.3886,6.0399,9.1506,11.2137,13.8983,16.127,17.7893,17.133,failed-vetting,failed-vetting
GRAPE-15 1.0,EMF33_WB2C_full,0.1205,0.0603,0.3953,6.0477,8.8705,11.2149,13.8221,16.04,17.8022,17.1443,failed-vetting,failed-vetting
GRAPE-15 1.0,EMF33_WB2C_limbio,0.1205,0.0603,7.2532,9.0873,18.7763,21.912,28.378,30.1349,31.1974,36.1665,failed-vetting,failed-vetting
GRAPE-15 1.0,EMF33_WB2C_nofuel,0.1205,0.0603,0.3962,6.047999999999999,9.1171,11.1959,13.863,16.0488,17.8391,17.1585,failed-vetting,failed-vetting
GRAPE-15 1.0,EMF33_tax_hi_full,0.1205,0.0603,0.0301,0.0151,8.391,11.9588,14.4751,15.7986,15.4641,22.035,failed-vetting,failed-vetting
GRAPE-15 1.0,EMF33_tax_hi_none,0.1205,0.0603,0.0301,0.0151,4.487,12.3697,14.6606,18.0284,20.8644,27.5403,failed-vetting,failed-vetting
GRAPE-15 1.0,EMF33_tax_lo_full,0.1205,0.0603,0.0301,0.0151,0.2616,5.6612,8.3185,9.825,11.2368,13.5279,failed-vetting,failed-vetting
GRAPE-15 1.0,EMF33_tax_lo_none,0.1205,0.0603,0.0301,0.0151,0.2735,6.5349,8.3185,9.8302,11.2862,13.5852,failed-vetting,failed-vetting
ICES-XPS 1.0,CSH,0.19794467850413103,0.09726202298177,0.15538621593985,25.986587211781444,43.400929867553934,62.82573547181772,82.93187268900265,104.50184392242495,125.89012863127448,144.81827094520995,failed-vetting,failed-vetting
ICES-XPS 1.0,PCSH,0.19794467850413103,0.11084151213995,0.8172833032376992,25.986587211781444,43.400929867553934,62.82573547181772,82.93187268900265,104.50184392242495,125.89012863127448,144.81827094520995,failed-vetting,failed-vetting
ICES-XPS 1.0,PR_Baseline,0.19794467850413103,0.0806125322102999,0.1381449609918,0.2108049591881,0.3026295445074,62.82573547181772,82.93187268900265,104.50184392242495,125.89012863127448,144.81827094520995,failed-vetting,failed-vetting
ICES-XPS 1.0,PR_CP_Intensity,0.19794467850413103,0.09278647893344,0.8052141369756799,5.58936340742791,22.231183953362,62.82573547181772,82.93187268900265,104.50184392242495,125.89012863127448,144.81827094520995,failed-vetting,failed-vetting
ICES-XPS 1.0,PR_CP_Price,0.19794467850413103,0.0812173539895,0.6751387498048299,4.525699237951259,19.70684680592931,62.82573547181772,82.93187268900265,104.50184392242495,125.89012863127448,144.81827094520995,failed-vetting,failed-vetting
ICES-XPS 1.0,PR_CP_PriceOnly,0.19794467850413103,0.0812173539895,0.1434060860714,0.2141037712682,0.311136755684,62.82573547181772,82.93187268900265,104.50184392242495,125.89012863127448,144.81827094520995,failed-vetting,failed-vetting
ICES-XPS 1.0,PR_NDC_Intensity,0.19794467850413103,0.0928831089243699,0.8135573260064001,5.833440952225372,23.11036959312274,62.82573547181772,82.93187268900265,104.50184392242495,125.89012863127448,144.81827094520995,failed-vetting,failed-vetting
ICES-XPS 1.0,PR_NDC_Price,0.19794467850413103,0.0813707769319,0.6836072698478198,4.640530430834359,20.2154434657842,62.82573547181772,82.93187268900265,104.50184392242495,125.89012863127448,144.81827094520995,failed-vetting,failed-vetting
ICES-XPS 1.0,PR_NDC_PriceOnly,0.19794467850413103,0.0813707769319,0.1465890534998,0.2198283673666,0.3199721120292001,62.82573547181772,82.93187268900265,104.50184392242495,125.89012863127448,144.81827094520995,failed-vetting,failed-vetting
ICES-XPS 1.0,R,0.19794467850413103,0.09729947494651,0.7514899347431508,25.986587211781444,43.400929867553934,62.82573547181772,82.93187268900265,104.50184392242495,125.89012863127448,144.81827094520995,failed-vetting,failed-vetting
ICES-XPS 1.0,SH,0.19794467850413103,0.09729947494651,0.7514899347431508,25.986587211781444,43.400929867553934,62.82573547181772,82.93187268900265,104.50184392242495,125.89012863127448,144.81827094520995,failed-vetting,failed-vetting
IEA Energy Technology Perspectives Model 2020,B2DS,0.1219207356975365,2.44656,16.03213702448875,33.84570969788857,55.23862844041067,75.67810590436154,98.11858242012468,104.50184392242495,125.89012863127448,144.81827094520995,no-climate-assessment,no-climate-assessment
IMACLIM 1.1,ADVANCE_2020_1.5C-2100_WP6,0.5314,1.496,5.904,17.32,21.04,62.82573547181772,82.93187268900265,104.50184392242495,125.89012863127448,144.81827094520995,no-climate-assessment,no-climate-assessment
IMACLIM 1.1,ADVANCE_2020_Med2C_WP6,0.5314,1.606,6.352,16.97,26.82,62.82573547181772,82.93187268900265,104.50184392242495,125.89012863127448,144.81827094520995,failed-vetting,failed-vetting
IMACLIM 1.1,ADVANCE_2020_WB2C_WP6,0.5314,1.556,6.127999999999999,17.52,26.04,62.82573547181772,82.93187268900265,104.50184392242495,125.89012863127448,144.81827094520995,no-climate-assessment,no-climate-assessment
IMACLIM 1.1,ADVANCE_2030_Med2C_WP6,0.5303,1.637,5.866000000000001,15.3,28.87,62.82573547181772,82.93187268900265,104.50184392242495,125.89012863127448,144.81827094520995,failed-vetting,failed-vetting
IMACLIM 1.1,ADVANCE_2030_Price1.5C_WP6,0.5303,1.637,5.537999999999999,14.97,26.68,62.82573547181772,82.93187268900265,104.50184392242495,125.89012863127448,144.81827094520995,failed-vetting,failed-vetting
IMACLIM 1.1,ADVANCE_2030_WB2C_WP6,0.5303,1.637,5.661,14.19,24.1,62.82573547181772,82.93187268900265,104.50184392242495,125.89012863127448,144.81827094520995,failed-vetting,failed-vetting
IMACLIM 1.1,ADVANCE_INDC_WP6,0.5303,1.635,6.178999999999999,16.29,28.26,62.82573547181772,82.93187268900265,104.50184392242495,125.89012863127448,144.81827094520995,failed-vetting,failed-vetting
IMACLIM 1.1,ADVANCE_NoPolicy_WP6,0.4455,1.218,4.472,12.04,22.78,62.82573547181772,82.93187268900265,104.50184392242495,125.89012863127448,144.81827094520995,no-climate-assessment,no-climate-assessment
IMACLIM 1.1,ADVANCE_Reference_WP6,0.5314,1.646,5.967000000000001,14.2,24.11,62.82573547181772,82.93187268900265,104.50184392242495,125.89012863127448,144.81827094520995,failed-vetting,failed-vetting
IMACLIM 1.1,SSP1_NoPolicy_TranspBase,0.4282,0.622,1.319,2.744,5.315,8.222000000000001,11.26,13.93,125.89012863127448,144.81827094520995,no-climate-assessment,no-climate-assessment
IMACLIM 1.1,SSP1_NoPolicy_TranspOpt,0.4286,0.6218,1.383,3.143,6.685,11.31,17.0,22.63,125.89012863127448,144.81827094520995,no-climate-assessment,no-climate-assessment
IMACLIM 1.1,SSP1_RCP34_TranspBase,0.4434,0.5499,0.9672,2.293,4.836,6.882000000000001,11.88,104.50184392242495,125.89012863127448,144.81827094520995,failed-vetting,failed-vetting
IMACLIM 1.1,SSP1_RCP34_TranspOpt,0.4462,0.5698,1.062,2.654,5.997000000000001,8.942,12.58,22.38,125.89012863127448,144.81827094520995,failed-vetting,failed-vetting
IMACLIM 1.1,SSP1_RCP45_TranspBase,0.4431,0.5826,1.191,2.56,4.749,6.778,9.554,18.67,125.89012863127448,144.81827094520995,failed-vetting,failed-vetting
IMACLIM 1.1,SSP1_RCP45_TranspOpt,0.4458,0.5991,1.289,2.967,5.98,9.487,13.37,18.57,125.89012863127448,144.81827094520995,failed-vetting,failed-vetting
IMACLIM 1.1,SSP3_NoPolicy_TranspBase,0.4363,0.7196,1.505,2.226,3.208,3.915,4.27,4.498,125.89012863127448,144.81827094520995,no-climate-assessment,no-climate-assessment
IMACLIM 1.1,SSP3_NoPolicy_TranspOpt,0.4375,0.7172,1.49,2.19,3.156,4.0,4.42,4.861000000000001,125.89012863127448,144.81827094520995,no-climate-assessment,no-climate-assessment
IMACLIM 1.1,SSP3_NoPolicy_Transp_111,0.4027,0.539,1.008,1.968,3.774,5.768,8.178,10.76,125.89012863127448,144.81827094520995,no-climate-assessment,no-climate-assessment
IMACLIM 1.1,SSP3_NoPolicy_Transp_112,0.4028,0.5389,1.011,1.984,3.803,5.833,8.163,10.71,125.89012863127448,144.81827094520995,no-climate-assessment,no-climate-assessment
IMACLIM 1.1,SSP3_NoPolicy_Transp_121,0.403,0.5375,1.01,1.982,3.804,5.881,8.322,11.14,125.89012863127448,144.81827094520995,no-climate-assessment,no-climate-assessment
IMACLIM 1.1,SSP3_NoPolicy_Transp_211,0.4028,0.5384,1.009,1.98,3.815,5.96,8.553,11.59,125.89012863127448,144.81827094520995,no-climate-assessment,no-climate-assessment
IMACLIM 1.1,SSP3_NoPolicy_Transp_222,0.403,0.5383,1.015,2.0,3.859,6.058,8.756,11.93,125.89012863127448,144.81827094520995,no-climate-assessment,no-climate-assessment
IMACLIM 1.1,SSP3_RCP26_Transp_111,0.3992,0.4823,0.6263,0.8833,1.612,62.82573547181772,82.93187268900265,104.50184392242495,125.89012863127448,144.81827094520995,no-climate-assessment,no-climate-assessment
IMACLIM 1.1,SSP3_RCP26_Transp_112,0.3993,0.4832,0.6327,0.9028,1.661,62.82573547181772,82.93187268900265,104.50184392242495,125.89012863127448,144.81827094520995,no-climate-assessment,no-climate-assessment
IMACLIM 1.1,SSP3_RCP26_Transp_121,0.4001,0.4886,0.6447,0.9143,1.664,2.086,82.93187268900265,104.50184392242495,125.89012863127448,144.81827094520995,no-climate-assessment,no-climate-assessment
IMACLIM 1.1,SSP3_RCP26_Transp_211,0.3998,0.4853,0.6389,0.9093,1.669,2.135,82.93187268900265,104.50184392242495,125.89012863127448,144.81827094520995,no-climate-assessment,no-climate-assessment
IMACLIM 1.1,SSP3_RCP26_Transp_222,0.4005,0.4916,0.6579,0.955,1.776,2.257,82.93187268900265,104.50184392242495,125.89012863127448,144.81827094520995,no-climate-assessment,no-climate-assessment
IMACLIM 1.1,SSP3_RCP34_TranspBase,0.4257,0.6262,1.144,1.797,3.019,3.448,3.718,4.454,125.89012863127448,144.81827094520995,failed-vetting,failed-vetting
IMACLIM 1.1,SSP3_RCP34_TranspOpt,0.4277,0.6358,1.187,1.808,2.879,3.453,3.978,4.906000000000001,125.89012863127448,144.81827094520995,failed-vetting,failed-vetting
IMACLIM 1.1,SSP3_RCP34_Transp_111,0.3998,0.5177,0.8717,1.771,3.48,4.701,5.322,5.07,125.89012863127448,144.81827094520995,no-climate-assessment,no-climate-assessment
IMACLIM 1.1,SSP3_RCP34_Transp_112,0.3999,0.5186,0.8807,1.806,3.538,4.771,5.465,5.086,125.89012863127448,144.81827094520995,no-climate-assessment,no-climate-assessment
IMACLIM 1.1,SSP3_RCP34_Transp_121,0.4007,0.5245,0.9048,1.831,3.583,4.808,5.43,4.719,125.89012863127448,144.81827094520995,no-climate-assessment,no-climate-assessment
IMACLIM 1.1,SSP3_RCP34_Transp_211,0.4005,0.5211,0.8893,1.809,3.582,4.944,5.72,5.068,125.89012863127448,144.81827094520995,no-climate-assessment,no-climate-assessment
IMACLIM 1.1,SSP3_RCP34_Transp_222,0.4011,0.5268,0.9221,1.882,3.695,5.026,5.762,5.777,125.89012863127448,144.81827094520995,no-climate-assessment,no-climate-assessment
IMACLIM 1.1,SSP3_RCP45_TranspBase,0.426,0.6687,1.435,2.234,3.178,3.577,3.988,4.333,125.89012863127448,144.81827094520995,failed-vetting,failed-vetting
IMACLIM 1.1,SSP3_RCP45_TranspOpt,0.4286,0.6802,1.434,2.231,3.217,3.728,4.18,4.457,125.89012863127448,144.81827094520995,failed-vetting,failed-vetting
IMACLIM 1.1,SSP3_RCP45_Transp_111,0.4001,0.5439,1.017,1.932,3.535,5.132,6.739,7.63,125.89012863127448,144.81827094520995,no-climate-assessment,no-climate-assessment
IMACLIM 1.1,SSP3_RCP45_Transp_112,0.4002,0.5445,1.021,1.966,3.595,5.197,6.839,7.806,125.89012863127448,144.81827094520995,no-climate-assessment,no-climate-assessment
IMACLIM 1.1,SSP3_RCP45_Transp_121,0.4007,0.5482,1.035,1.999,3.621,5.283,6.991,7.957,125.89012863127448,144.81827094520995,no-climate-assessment,no-climate-assessment
IMACLIM 1.1,SSP3_RCP45_Transp_211,0.4006,0.5458,1.025,1.976,3.622,5.345,7.285,8.626,125.89012863127448,144.81827094520995,no-climate-assessment,no-climate-assessment
IMACLIM 1.1,SSP3_RCP45_Transp_222,0.4012,0.5486,1.039,2.016,3.722,5.56,7.615,9.127,125.89012863127448,144.81827094520995,no-climate-assessment,no-climate-assessment
IMACLIM 1.1,base_DemandHigh_FossilHigh_TechHigh,0.4543,0.9747,2.977,6.194,9.151,62.82573547181772,82.93187268900265,104.50184392242495,125.89012863127448,144.81827094520995,failed-vetting,failed-vetting
IMACLIM 1.1,base_DemandHigh_FossilLow_TechHigh,0.5004,1.302,4.513,13.04,28.1,62.82573547181772,82.93187268900265,104.50184392242495,125.89012863127448,144.81827094520995,failed-vetting,failed-vetting
IMACLIM 1.1,base_DemandHigh_FossilLow_TechLow,0.4543,0.9494,2.912,6.261,9.159,62.82573547181772,82.93187268900265,104.50184392242495,125.89012863127448,144.81827094520995,no-climate-assessment,no-climate-assessment
IMACLIM 1.1,base_DemandLow_FossilHigh_TechHigh,0.4725,1.201,4.039,11.15,22.43,62.82573547181772,82.93187268900265,104.50184392242495,125.89012863127448,144.81827094520995,failed-vetting,failed-vetting
IMACLIM 1.1,base_DemandLow_FossilHigh_TechLow,0.4311,0.8466,2.407,4.77,6.718999999999999,62.82573547181772,82.93187268900265,104.50184392242495,125.89012863127448,144.81827094520995,no-climate-assessment,no-climate-assessment
IMACLIM 1.1,base_DemandLow_FossilLow_TechHigh,0.4729,1.161,3.766,10.32,21.0,62.82573547181772,82.93187268900265,104.50184392242495,125.89012863127448,144.81827094520995,failed-vetting,failed-vetting
IMACLIM 1.1,base_DemandLow_FossilLow_TechLow,0.4313,0.8533,2.47,5.132000000000001,7.263999999999999,62.82573547181772,82.93187268900265,104.50184392242495,125.89012863127448,144.81827094520995,no-climate-assessment,no-climate-assessment
IMACLIM 1.1,peak2016_DemandHigh_FossilHigh_TechHigh,0.4781,0.7891,1.078,1.561,3.53,62.82573547181772,82.93187268900265,104.50184392242495,125.89012863127448,144.81827094520995,failed-vetting,failed-vetting
IMACLIM 1.1,peak2016_DemandHigh_FossilLow_TechHigh,0.4788,0.8322,1.164,1.719,3.979,62.82573547181772,82.93187268900265,104.50184392242495,125.89012863127448,144.81827094520995,failed-vetting,failed-vetting
IMACLIM 1.1,peak2016_DemandHigh_FossilLow_TechLow,0.5459,1.051,2.319,6.337000000000001,14.52,62.82573547181772,82.93187268900265,104.50184392242495,125.89012863127448,144.81827094520995,failed-vetting,failed-vetting
IMACLIM 1.1,peak2016_DemandLow_FossilHigh_TechHigh,0.4704,0.9127,1.903,4.489,10.06,62.82573547181772,82.93187268900265,104.50184392242495,125.89012863127448,144.81827094520995,failed-vetting,failed-vetting
IMACLIM 1.1,peak2016_DemandLow_FossilHigh_TechLow,0.4303,0.6925,0.9704,1.317,2.776,62.82573547181772,82.93187268900265,104.50184392242495,125.89012863127448,144.81827094520995,failed-vetting,failed-vetting
IMACLIM 1.1,peak2016_DemandLow_FossilLow_TechHigh,0.4715,0.9211,1.977,4.779,10.44,62.82573547181772,82.93187268900265,104.50184392242495,125.89012863127448,144.81827094520995,failed-vetting,failed-vetting
IMACLIM 1.1,peak2016_DemandLow_FossilLow_TechLow,0.43,0.7148,1.102,1.477,3.116,62.82573547181772,82.93187268900265,104.50184392242495,125.89012863127448,144.81827094520995,failed-vetting,failed-vetting
IMACLIM 1.1,peak2020_DemandHigh_FossilHigh_TechHigh,0.4781,0.8832,1.334,1.84,3.825,62.82573547181772,82.93187268900265,104.50184392242495,125.89012863127448,144.81827094520995,failed-vetting,failed-vetting
IMACLIM 1.1,peak2020_DemandHigh_FossilLow_TechHigh,0.5459,1.162,2.742,7.073,15.26,62.82573547181772,82.93187268900265,104.50184392242495,125.89012863127448,144.81827094520995,failed-vetting,failed-vetting
IMACLIM 1.1,peak2020_DemandHigh_FossilLow_TechLow,0.4788,0.9276,1.484,2.022,4.256,62.82573547181772,82.93187268900265,104.50184392242495,125.89012863127448,144.81827094520995,failed-vetting,failed-vetting
IMACLIM 1.1,peak2020_DemandLow_FossilHigh_TechHigh,0.4704,1.042,2.379,5.306,10.85,62.82573547181772,82.93187268900265,104.50184392242495,125.89012863127448,144.81827094520995,failed-vetting,failed-vetting
IMACLIM 1.1,peak2020_DemandLow_FossilHigh_TechLow,0.4303,0.7914,1.257,1.627,3.23,62.82573547181772,82.93187268900265,104.50184392242495,125.89012863127448,144.81827094520995,failed-vetting,failed-vetting
IMACLIM 1.1,peak2020_DemandLow_FossilLow_TechHigh,0.4715,1.038,2.366,5.32,10.8,62.82573547181772,82.93187268900265,104.50184392242495,125.89012863127448,144.81827094520995,failed-vetting,failed-vetting
IMACLIM 1.1,peak2020_DemandLow_FossilLow_TechLow,0.43,0.8031,1.463,2.001,3.838,62.82573547181772,82.93187268900265,104.50184392242495,125.89012863127448,144.81827094520995,failed-vetting,failed-vetting
IMACLIM 1.1,peak2025_DemandHigh_FossilHigh_TechHigh,0.4781,0.9242,1.679,2.212,4.113,62.82573547181772,82.93187268900265,104.50184392242495,125.89012863127448,144.81827094520995,failed-vetting,failed-vetting
IMACLIM 1.1,peak2025_DemandHigh_FossilLow_TechHigh,0.5459,1.224,3.339,8.005,15.5,62.82573547181772,82.93187268900265,104.50184392242495,125.89012863127448,144.81827094520995,failed-vetting,failed-vetting
IMACLIM 1.1,peak2025_DemandHigh_FossilLow_TechLow,0.4788,0.9696,1.916,2.586,4.714,62.82573547181772,82.93187268900265,104.50184392242495,125.89012863127448,144.81827094520995,failed-vetting,failed-vetting
IMACLIM 1.1,peak2025_DemandLow_FossilHigh_TechHigh,0.4704,1.092,2.977,6.131,10.92,62.82573547181772,82.93187268900265,104.50184392242495,125.89012863127448,144.81827094520995,failed-vetting,failed-vetting
IMACLIM 1.1,peak2025_DemandLow_FossilHigh_TechLow,0.4303,0.8366,1.698,2.104,3.586,62.82573547181772,82.93187268900265,104.50184392242495,125.89012863127448,144.81827094520995,failed-vetting,failed-vetting
IMACLIM 1.1,peak2025_DemandLow_FossilLow_TechHigh,0.4715,1.099,2.889,5.843,10.49,62.82573547181772,82.93187268900265,104.50184392242495,125.89012863127448,144.81827094520995,failed-vetting,failed-vetting
IMACLIM-NLU 1.0,EMF33_Baseline,0.362,0.8901,2.854,6.68,11.85,18.52,25.79,32.2,39.74,48.26,no-climate-assessment,no-climate-assessment
IMACLIM-NLU 1.0,EMF33_tax_hi_none,0.362,0.8901,2.583999999999999,5.947999999999999,10.61,17.13,23.45,32.71,37.78,40.33,failed-vetting,failed-vetting
IMACLIM-NLU 1.0,EMF33_tax_lo_none,0.362,0.8901,2.867,6.848,12.06,17.98,25.63,33.6,40.04,46.3,failed-vetting,failed-vetting
IMAGE 3.0,CO_2Deg2020,0.1214136,3.828559344,7.749503552,23.933531072,31.972863104,39.40043187200001,49.85097011200001,74.72857088,102.734430208,114.034120704,C3,C3: limit warming to 2°C (>67%)
IMAGE 3.0,CO_2Deg2030,0.1214136,3.857649288,9.559731408,16.23916576,32.68613888,49.01209907200001,66.484088832,88.710629376,110.874191872,130.11835904,C3,C3: limit warming to 2°C (>67%)
IMAGE 3.0,CO_BAU,0.1214136,3.520518928,7.234828672000001,11.070881216,15.542238208,22.338707456,32.336495104,44.574764032,57.676349952,69.76429158399999,C7,C7: limit warming to 4°C (>50%)
IMAGE 3.0,CO_Bridge,0.1214136,3.980894384,14.684331264,17.160459392,32.207004672,47.037938688,60.75791769600001,80.867708928,109.812191232,124.859256832,C3,C3: limit warming to 2°C (>67%)
IMAGE 3.0,CO_CurPol,0.1214136,3.8293514,9.418144864,13.845662368,14.756305216,18.203276288,28.38396800000001,39.730696704,53.127318016,65.68310886399999,C7,C7: limit warming to 4°C (>50%)
IMAGE 3.0,CO_GPP,0.1214136,3.980894384,14.684331264,16.418770944,19.103783424,26.159874304,38.874107392,52.93729996800001,70.227970048,86.51950079999999,C5,C5: limit warming to 2.5°C (>50%)
IMAGE 3.0,CO_NDCplus,0.1214136,3.858771064,9.573261056,15.99751184,17.519947648,19.836589312,27.468878592,41.69010688,57.14229964800001,70.870291456,C7,C7: limit warming to 4°C (>50%)
IMAGE 3.0,EN_INDCi2030_1000,0.1214136,3.857434656,10.53885832,14.815801568,28.89720384,49.25264076800001,61.11290982400001,63.92066048,86.36743065600002,107.336749056,C4,C4: limit warming to 2°C (>50%)
IMAGE 3.0,EN_INDCi2030_1000f,0.1214136,3.857434656,10.237413376,13.57843592,23.418494848,46.309076992,76.37779865600001,101.028360192,120.37747712,146.092806144,C4,C4: limit warming to 2°C (>50%)
IMAGE 3.0,EN_INDCi2030_1200,0.1214136,3.857434656,10.3996408,13.03605432,25.922221952,38.70073702400001,51.740480512,61.666390016,87.180589056,106.956474368,C4,C4: limit warming to 2°C (>50%)
IMAGE 3.0,EN_INDCi2030_1200f,0.1214136,3.857434656,10.237413376,15.445082304,18.911563584,32.265394688,54.36961075200001,70.06289100800001,89.54799923200001,119.977836544,C4,C4: limit warming to 2°C (>50%)
IMAGE 3.0,EN_INDCi2030_1400,0.1214136,3.857434656,10.359459584,13.77840096,23.457326848,32.567920384,47.209641472,61.77422131199999,90.824259584,106.21442048,C5,C5: limit warming to 2.5°C (>50%)
IMAGE 3.0,EN_INDCi2030_1400f,0.1214136,3.857434656,10.237413376,15.299192352,18.900427904,32.724749568,47.795808256,65.294180352,98.255341568,125.198596096,C4,C4: limit warming to 2°C (>50%)
IMAGE 3.0,EN_INDCi2030_3000,0.1214136,3.857434656,10.237413376,15.870077888,19.103423488,24.608091392,38.48978585600001,59.163379712,79.66616780800001,99.924750336,C6,C6: limit warming to 3°C (>50%)
IMAGE 3.0,EN_INDCi2030_3000f,0.1214136,3.857434656,10.237413376,15.870077888,19.103423488,24.608091392,38.48978585600001,59.163379712,79.66616780800001,99.924750336,C6,C6: limit warming to 3°C (>50%)
IMAGE 3.0,EN_INDCi2030_800f,0.1214136,3.857434656,10.237413376,13.538564544,29.565009152,52.83731046400001,69.777399808,91.937910784,119.68082944,135.699662848,C3,C3: limit warming to 2°C (>67%)
IMAGE 3.0,EN_INDCi2100,0.1214136,3.857434656,10.455190336,16.277571904,17.61983136000001,19.667339392,27.383936,41.126402048,55.37610035199999,67.98340096,C7,C7: limit warming to 4°C (>50%)
IMAGE 3.0,EN_NPi2020_1000,0.1214136,3.859354256,12.77796448,17.741177856,27.105346816,39.595703808,47.433320448,65.63647078400001,92.72194048,110.961661952,C3,C3: limit warming to 2°C (>67%)
IMAGE 3.0,EN_NPi2020_1000f,0.1214136,3.872143536,12.601036608,16.981289024,25.238557056,34.735288576,48.15620198400001,69.80317184,97.796007936,112.229726208,C3,C3: limit warming to 2°C (>67%)
IMAGE 3.0,EN_NPi2020_1200,0.1214136,3.855464888,12.437377568,16.222498016,24.157034496,33.007246592,46.80335974400001,63.481051136,91.876921344,101.012686848,C4,C4: limit warming to 2°C (>50%)
IMAGE 3.0,EN_NPi2020_1200f,0.1214136,3.866400416,11.989731456,16.312227904,27.608250112,35.7134528,43.67291904,67.386748928,100.737011712,110.405031936,C4,C4: limit warming to 2°C (>50%)
IMAGE 3.0,EN_NPi2020_1400,0.1214136,3.85201728,11.559102976,16.60022048,24.366399488,33.039541504,45.15870105600001,62.27386982399999,86.036877312,101.542094848,C4,C4: limit warming to 2°C (>50%)
IMAGE 3.0,EN_NPi2020_1400f,0.1214136,3.859074,11.214369696,16.43857248,21.537181568,31.483876352,41.38500300800001,66.448359424,92.971749376,107.727126528,C4,C4: limit warming to 2°C (>50%)
IMAGE 3.0,EN_NPi2020_3000,0.1214136,3.829535808,9.915231248,15.475727488,19.269070336,25.896907008,39.218072064,58.62524825600001,79.27362150399999,103.304372224,C6,C6: limit warming to 3°C (>50%)
IMAGE 3.0,EN_NPi2020_3000f,0.1214136,3.829535808,9.915231248,15.475727488,19.269070336,25.896907008,39.218072064,58.62524825600001,79.27362150399999,103.304372224,C6,C6: limit warming to 3°C (>50%)
IMAGE 3.0,EN_NPi2020_600f,0.1214136,3.913850088,16.10370304000001,23.83042176,34.893672704,53.473708032,73.107267584,99.567181824,122.644146176,137.388992512,C3,C3: limit warming to 2°C (>67%)
IMAGE 3.0,EN_NPi2020_800,0.1214136,3.878666688,13.734330816,18.952252288,36.581683712,58.74516172800002,74.286501888,71.41654118400001,95.058878464,107.743991808,C3,C3: limit warming to 2°C (>67%)
IMAGE 3.0,EN_NPi2020_800f,0.1214136,3.872143536,12.924213312,17.47102892800001,26.89770112,39.34365184,55.376181248,74.037221376,98.30284288,117.110183936,C3,C3: limit warming to 2°C (>67%)
IMAGE 3.0,EN_NPi2100,0.1214136,3.832692736,9.567523248,14.366206016,15.799290112,19.72873024,30.661938432,42.96284774399999,57.89495552,73.106940928,C7,C7: limit warming to 4°C (>50%)
IMAGE 3.0,EN_NoPolicy,0.1214136,3.520518928,7.234828672000001,11.070881216,15.542238208,22.338707456,32.336495104,44.574764032,57.676349952,69.76429158399999,C7,C7: limit warming to 4°C (>50%)
IMAGE 3.0.1,ADVANCE_2020_1.5C-2100,0.1214136,2.393745376,4.80330096,6.628312896000002,14.049168128,26.05364736,40.310590464,53.29010073600001,65.799811072,80.713091072,C2,C2: return warming to 1.5°C (>50%) after a high overshoot
IMAGE 3.0.1,ADVANCE_2020_Med2C,0.1214136,2.305745392,6.769511424,9.356733824,21.163936,31.062388736,37.531339776,51.22919014399999,78.33058918399999,99.360032768,C4,C4: limit warming to 2°C (>50%)
IMAGE 3.0.1,ADVANCE_2020_WB2C,0.1214136,2.355135264,5.05959072,8.76453824,20.56576896,35.800600576,47.052601344,60.926199808,78.852081664,100.055578624,C3,C3: limit warming to 2°C (>67%)
IMAGE 3.0.1,ADVANCE_2030_Med2C,0.1214136,2.28572488,6.994763647999999,12.797011968,14.850336,26.17344,52.049240064,71.638710272,84.976789504,100.567711744,C4,C4: limit warming to 2°C (>50%)
IMAGE 3.0.1,ADVANCE_2030_WB2C,0.1214136,2.285828352,7.826909823999999,10.33231488,18.323004416,36.61570048,59.403270144,70.152818688,79.298727936,93.000593408,C3,C3: limit warming to 2°C (>67%)
IMAGE 3.0.1,ADVANCE_INDC,0.1214136,2.28572488,6.684769152,12.989593344,19.964457984,27.805894656,41.693750272,60.559300608,76.112171008,90.139099136,C6,C6: limit warming to 3°C (>50%)
IMAGE 3.0.1,ADVANCE_NoPolicy,0.1214136,1.669581391999999,4.455703936,8.207722176,13.168005632,19.522550784,29.993052416,43.41357721600001,56.656979968,68.80117350399999,C7,C7: limit warming to 4°C (>50%)
IMAGE 3.0.1,ADVANCE_Reference,0.1214136,2.266790392,6.41904384,12.424262016,19.582579456,26.80203648,37.894121984,52.73634406399999,67.979179008,81.957967872,C7,C7: limit warming to 4°C (>50%)
IMAGE 3.0.1,CD-LINKS_INDC2030i_1600,0.1214136,2.0369808,7.231496256000002,9.874034176,18.34107264,31.04185344,43.56114944,56.99695001600001,77.936482304,96.018499584,C4,C4: limit warming to 2°C (>50%)
IMAGE 3.0.1,CD-LINKS_INDCi,0.1214136,2.024662928,6.08114848,11.709853312,19.372602368,26.756717056,34.733041152,46.100621312,62.35131904,76.73005056,C7,C7: limit warming to 4°C (>50%)
IMAGE 3.0.1,CD-LINKS_NDC2030i_1000,0.1214136,2.038391008,7.490256127999999,10.153704192,19.229016576,33.942380544,53.280718848,66.009182208,80.853420032,92.418752512,C3,C3: limit warming to 2°C (>67%)
IMAGE 3.0.1,CD-LINKS_NPi,0.1214136,2.043404784,5.457980288,9.741888,15.511171584,22.722788352,34.679472128,45.421128704,59.16562022399999,70.729992192,C7,C7: limit warming to 4°C (>50%)
IMAGE 3.0.1,CD-LINKS_NPi2020_1000,0.1214136,2.141486464,6.22812832,7.555482752,21.238490624,36.279309312,47.92118886399999,60.455960576,80.061771776,97.55716608,C3,C3: limit warming to 2°C (>67%)
IMAGE 3.0.1,CD-LINKS_NPi2020_1600,0.1214136,2.120887424,6.419133184,8.25842624,21.799743488,33.704776704,39.1799296,52.512729088,82.99732992,98.987313152,C4,C4: limit warming to 2°C (>50%)
IMAGE 3.0.1,CD-LINKS_NPi2020_400,0.1214136,2.24047256,4.523179936,6.351615552,13.789691904,26.288709632,38.179680256,49.728589824,62.688428032,79.839111168,C2,C2: return warming to 1.5°C (>50%) after a high overshoot
IMAGE 3.0.1,CD-LINKS_NoPolicy,0.1214136,1.669094688,4.49651264,8.30705952,13.315443968,19.584375296,30.005481984,43.38673715199999,56.64302745600001,68.48432640000001,C7,C7: limit warming to 4°C (>50%)
IMAGE 3.0.1,EMF30_BCOC-EndU,0.1214136,1.39826336,3.895713888,7.471315584,12.135391488,17.278142976,26.423777024,38.86868992,51.30527641600001,61.953313792,C7,C7: limit warming to 4°C (>50%)
IMAGE 3.0.1,EMF30_Baseline,0.1214136,1.39826336,3.881912128,7.369831744,12.027182464,17.204566528,26.405441792,38.702770688,51.162885632,61.930717184,C7,C7: limit warming to 4°C (>50%)
IMAGE 3.0.1,EMF30_CH4-Only,0.1214136,1.39826336,3.881912128,7.369831744,12.027182464,17.204566528,26.405441792,38.702770688,51.162885632,61.930717184,C7,C7: limit warming to 4°C (>50%)
IMAGE 3.0.1,EMF30_ClimPolicy,0.1214136,1.383918008,3.257479712,10.725335296,19.875522816,25.703427072,35.402070016,55.309279232,74.594148352,94.687471616,C3,C3: limit warming to 2°C (>67%)
IMAGE 3.0.1,EMF30_ClimPolicy+SLCF,0.1214136,1.383918008,3.271620736,10.8795872,20.082738688,25.984718848,35.411109888,55.063810048,74.435690496,94.353395712,C3,C3: limit warming to 2°C (>67%)
IMAGE 3.0.1,EMF30_D_BCOC-Red,0.1214136,1.39826336,3.881912128,7.369831744,12.027182464,17.204566528,26.405441792,38.702770688,51.162885632,61.930717184,C7,C7: limit warming to 4°C (>50%)
IMAGE 3.0.1,EMF30_D_CH4-ClimPolicy,0.1214136,1.39826336,3.881912128,7.369831744,12.027182464,17.204566528,26.405441792,38.702770688,51.162885632,61.930717184,C7,C7: limit warming to 4°C (>50%)
IMAGE 3.0.1,EMF30_D_CO2-Only,0.1214136,1.383918008,3.257479712,10.725335296,19.875522816,25.703427072,35.402070016,55.309279232,74.594148352,94.687471616,C5,C5: limit warming to 2.5°C (>50%)
IMAGE 3.0.1,EMF30_D_Frozen-CH4,0.1214136,1.39826336,3.881912128,7.369831744,12.027182464,17.204566528,26.405441792,38.702770688,51.162885632,61.930717184,C7,C7: limit warming to 4°C (>50%)
IMAGE 3.0.1,EMF30_D_Frozen-EF,0.1214136,1.39826336,3.881912128,7.369831744,12.027182464,17.204566528,26.405441792,38.702770688,51.162885632,61.930717184,C7,C7: limit warming to 4°C (>50%)
IMAGE 3.0.1,EMF30_D_Frozen-EF-EndU,0.1214136,1.39826336,3.881912128,7.369831744,12.027182464,17.204566528,26.405441792,38.702770688,51.162885632,61.930717184,C7,C7: limit warming to 4°C (>50%)
IMAGE 3.0.1,EMF30_D_Frozen-EF-SLCF,0.1214136,1.39826336,3.881912128,7.369831744,12.027182464,17.204566528,26.405441792,38.702770688,51.162885632,61.930717184,C7,C7: limit warming to 4°C (>50%)
IMAGE 3.0.1,EMF30_SLCF,0.1214136,1.39826336,3.895713888,7.471315584,12.135391488,17.278142976,26.423777024,38.86868992,51.30527641600001,61.953313792,C7,C7: limit warming to 4°C (>50%)
IMAGE 3.0.1,EMF30_Slower-Action,0.1214136,2.3956936,8.35867776,15.926173824,25.317687296,32.037005824,40.318559232,55.777609728,76.8110592,91.075698688,C6,C6: limit warming to 3°C (>50%)
IMAGE 3.0.1,EMF30_Slower-Action+SLCF,0.1214136,2.3956936,8.38477216,16.16984768,25.61425024,32.189453312,40.441536,55.970509824,76.90995712,90.897461248,C6,C6: limit warming to 3°C (>50%)
IMAGE 3.0.1,EMF30_Slower-to-faster,0.1214136,2.032931448,7.28718784,10.840221696,17.066983936,32.56293888,53.08882944,65.58164992,78.603558912,90.657449984,C4,C4: limit warming to 2°C (>50%)
IMAGE 3.0.1,EMF30_Slower-to-faster+SLCF,0.1214136,2.032931448,7.320082048,11.012292864,17.50923008,33.893900288,54.99453030399999,67.042609152,79.570018304,90.823477248,C3,C3: limit warming to 2°C (>67%)
IMAGE 3.0.1,EMF30_Slower-to-faster+SLCF+HFC,0.1214136,2.032931448,7.320082048,11.012292864,17.50923008,33.893900288,54.99453030399999,67.042609152,79.570018304,90.823477248,C3,C3: limit warming to 2°C (>67%)
IMAGE 3.0.1,IMA15-AGInt,0.1214136,1.662957232,3.068280272,13.073078528,21.875964672,31.663800832,42.155150336,55.244408832,74.54185062399999,91.562549248,failed-vetting,failed-vetting
IMAGE 3.0.1,IMA15-Def,0.1214136,1.662954136,2.39081872,5.861473792000001,15.342647552,25.272508928,34.557679616,45.79201024,62.351691776,79.209361408,failed-vetting,failed-vetting
IMAGE 3.0.1,IMA15-Eff,0.1214136,1.64979348,2.432589632,5.219174976000001,12.182550656,19.152813568,25.731561472,35.048599552,49.693349888,64.492210176,failed-vetting,failed-vetting
IMAGE 3.0.1,IMA15-LiStCh,0.1214136,1.637977744,2.9502516,13.18156224,25.554448896,37.196331008,46.27032064,56.478881792,75.124791296,96.20998144,failed-vetting,failed-vetting
IMAGE 3.0.1,IMA15-LoNCO2,0.1214136,1.662957232,3.068280272,13.381838592,27.807606272,41.37129984,50.692360192,60.08912896,78.170980352,99.20359424,failed-vetting,failed-vetting
IMAGE 3.0.1,IMA15-Pop,0.1214136,1.66489576,3.021940096,11.670969984,17.963662848,24.24336128,31.173499904,38.510329856,47.360289792,55.99912038399999,failed-vetting,failed-vetting
IMAGE 3.0.1,IMA15-RenElec,0.1214136,1.910403144,12.103111936,49.27646924800001,100.898828288,124.62999552,153.610010624,190.809358336,235.380105216,275.439894528,failed-vetting,failed-vetting
IMAGE 3.0.1,IMA15-TOT,0.1214136,1.881324751999999,8.314777984,44.878419968,89.22210304,101.303709696,122.064289792,154.850779136,187.235909632,204.718661632,failed-vetting,failed-vetting
IMAGE 3.0.1,SSP1-19,0.1214136,1.805153751999999,3.21861296,27.74060032,52.38139904,72.367560704,86.631929856,99.137325056,105.30363392,102.986768384,failed-vetting,failed-vetting
IMAGE 3.0.1,SSP1-26,0.1214136,1.596762232,5.665521792000001,21.157229056,49.4191104,76.054237184,96.807570432,108.222846976,107.612870656,129.833971712,C3,C3: limit warming to 2°C (>67%)
IMAGE 3.0.1,SSP1-34,0.1214136,1.590026896,4.519192032,14.672994816,39.397649408,69.198860288,100.21400576,118.922944512,117.91304704,122.957215744,C5,C5: limit warming to 2.5°C (>50%)
IMAGE 3.0.1,SSP1-45,0.1214136,1.587787624,4.286282656,12.270102016,31.48141056,54.187290624,88.89817088,116.846481408,127.676086272,129.872850944,C6,C6: limit warming to 3°C (>50%)
IMAGE 3.0.1,SSP1-Baseline,0.1214136,1.586843968,4.22782272,11.765323648,29.506404352,49.543300096,78.056308736,109.364600832,124.729249792,125.692796928,C7,C7: limit warming to 4°C (>50%)
IMAGE 3.0.1,SSP2-26,0.1214136,1.841692688,3.713291488,8.52344672,18.431191552,30.40512,44.917010432,63.33761945600001,79.850469376,98.889570304,C3,C3: limit warming to 2°C (>67%)
IMAGE 3.0.1,SSP2-34,0.1214136,1.776563696,5.310303808,10.835964288,17.618699264,22.291276288,37.062250496,53.968420864,72.847538176,94.34278912,C5,C5: limit warming to 2.5°C (>50%)
IMAGE 3.0.1,SSP2-45,0.1214136,1.695637264,4.999359104,10.60049088,17.872517888,25.775399936,39.312949248,56.28068044800001,69.879947264,99.480530944,C6,C6: limit warming to 3°C (>50%)
IMAGE 3.0.1,SSP2-60,0.1214136,1.692641136,4.659736224,8.676436928,14.248373248,21.82575974400001,35.252547584,54.73537024,74.011631616,93.953941504,C7,C7: limit warming to 4°C (>50%)
IMAGE 3.0.1,SSP2-Baseline,0.1214136,1.669712144,4.452541344,8.2233936,13.195938432,19.565191936,30.079473664,43.56542976,56.89440921600001,69.13489408,C7,C7: limit warming to 4°C (>50%)
IMAGE 3.0.1,SSP3-34,0.1214136,1.815709831999999,4.81393184,5.153226816,11.850731264,18.644239616,24.061427712,27.26848512,33.883660288,38.903549952,C5,C5: limit warming to 2.5°C (>50%)
IMAGE 3.0.1,SSP3-45,0.1214136,1.732535568,4.629136416000001,8.112593152,11.613089024,13.773308416,13.8389888,18.980786176,25.825605632,32.086560256,C6,C6: limit warming to 3°C (>50%)
IMAGE 3.0.1,SSP3-60,0.1214136,1.660513392,3.881471424,5.51204896,7.545854656,9.493908224,11.68975808,16.159673472,22.932737536,30.038412544,C7,C7: limit warming to 4°C (>50%)
IMAGE 3.0.1,SSP3-Baseline,0.1214136,1.654861408,3.759600832,4.908146752,6.057337408,6.645000512,7.671286783999999,9.666938176,12.232335744,14.938076288,C7,C7: limit warming to 4°C (>50%)
IMAGE 3.0.1,SSP4-26,0.1214136,1.621189424,2.58436432,10.09940096,23.923475456,35.09993984,43.10790041600001,49.265550336,54.551390208,57.94710016,C3,C3: limit warming to 2°C (>67%)
IMAGE 3.0.1,SSP4-34,0.1214136,1.570330496,3.935170336,7.720736256,16.836485632,22.311640064,25.401199616,32.889350144,44.640659456,53.178740736,C5,C5: limit warming to 2.5°C (>50%)
IMAGE 3.0.1,SSP4-45,0.1214136,1.558251672,3.776797344,8.01931008,13.843254784,15.98537088,25.073038336,42.107250688,42.802849792,44.131341312,C6,C6: limit warming to 3°C (>50%)
IMAGE 3.0.1,SSP4-60,0.1214136,1.557022008,3.716546208,7.879495808,13.024246272,17.31797888,24.840703488,37.855519744,44.1828096,51.312099328,C7,C7: limit warming to 4°C (>50%)
IMAGE 3.0.1,SSP4-Baseline,0.1214136,1.549352024,3.755048383999999,7.220695232000001,12.012300544,16.59004288,25.44650496,37.471274496,42.921469952,49.002999808,C7,C7: limit warming to 4°C (>50%)
IMAGE 3.0.1,SSP5-34,0.1214136,1.55651568,3.750420416,7.955426303999999,12.343651584,23.059106304,40.161369088,54.32821145600001,62.682230784,85.214799872,C5,C5: limit warming to 2.5°C (>50%)
IMAGE 3.0.1,SSP5-45,0.1214136,1.543083488,3.643976032,7.017758976000001,12.032669696,17.562585088,36.79868928,49.63651993600001,52.514770944,65.862959104,C6,C6: limit warming to 3°C (>50%)
IMAGE 3.0.1,SSP5-60,0.1214136,1.533876688,3.463524928,6.116361216,10.220684032,14.8956992,25.698615808,45.10849024,61.141837824,67.54176,C7,C7: limit warming to 4°C (>50%)
IMAGE 3.0.1,SSP5-Baseline,0.1214136,1.53004636,3.297023376,5.190686272,7.751960832000001,10.046336256,14.376231168,20.332414464,24.546107392,28.389183488,C8,C8: exceed warming of 4°C (>=50%)
IMAGE 3.0.2,EMF33_Baseline,0.1214136,1.51958084,4.203366688,7.866394944,12.593893632,18.315337472,28.70027648,42.34885632,55.348428288,67.058589696,C7,C7: limit warming to 4°C (>50%)
IMAGE 3.0.2,EMF33_Med2C_cost100,0.1214136,1.548858152,5.63755648,9.969030272,20.330361856,28.129990656,34.976029696,47.573700608,77.257320448,99.359700992,C5,C5: limit warming to 2.5°C (>50%)
IMAGE 3.0.2,EMF33_Med2C_full,0.1214136,1.543689184,5.687759104,10.783190144,18.931631104,27.13502464,36.047410176,48.138039296,74.389131264,96.225179648,C5,C5: limit warming to 2.5°C (>50%)
IMAGE 3.0.2,EMF33_Med2C_limbio,0.1214136,1.56799928,5.544441984,9.027547776,20.817700096,29.71710208,36.292460544,52.9787392,86.90393907200001,108.430903296,C5,C5: limit warming to 2.5°C (>50%)
IMAGE 3.0.2,EMF33_Med2C_nobeccs,0.1214136,1.562539216,5.591444928,8.784218112000001,20.703504128,29.53122048,40.235370496,59.55674112,86.57399808,106.386722816,C4,C4: limit warming to 2°C (>50%)
IMAGE 3.0.2,EMF33_Med2C_nofuel,0.1214136,1.547095168,5.679868032000001,10.361562496,19.346931968,27.87538944,34.939020288,46.861590528,75.330258944,95.830009856,C4,C4: limit warming to 2°C (>50%)
IMAGE 3.0.2,EMF33_Med2C_none,0.1214136,1.563484744,5.595747007999999,8.69996288,20.5870144,30.874402816,42.810058752,61.947230208,88.58580992,108.275798016,C4,C4: limit warming to 2°C (>50%)
IMAGE 3.0.2,EMF33_WB2C_cost100,0.1214136,1.574883248,5.466729856000001,8.08760416,19.249916672,31.034356736,41.208410112,55.377690624,75.37519206399999,92.998961152,C3,C3: limit warming to 2°C (>67%)
IMAGE 3.0.2,EMF33_WB2C_full,0.1214136,1.57626088,5.429473216,8.042669248,18.888891904,29.596440064,39.997760512,55.541069824,78.1542912,96.118308864,C3,C3: limit warming to 2°C (>67%)
IMAGE 3.0.2,EMF33_WB2C_limbio,0.1214136,1.592446224,5.144963776,7.445436799999999,18.00444032,33.054457856,45.128200192,62.655731712,85.272799232,105.137989632,C3,C3: limit warming to 2°C (>67%)
IMAGE 3.0.2,EMF33_WB2C_nobeccs,0.1214136,1.587493264,5.268062336,8.35663392,22.404691968,38.568501248,51.501791232,59.78814054399999,78.934700032,100.26806272,C3,C3: limit warming to 2°C (>67%)
IMAGE 3.0.2,EMF33_WB2C_nofuel,0.1214136,1.578768624,5.409347328,7.919366912,19.063810816,31.574736896,42.167820288,55.075801088,75.204939776,93.940779008,C3,C3: limit warming to 2°C (>67%)
IMAGE 3.0.2,EMF33_tax_hi_full,0.1214136,1.68966384,4.62927136,9.748214912,17.947583488,25.834459648,34.881748992,55.532079104,78.776631296,99.494588416,C4,C4: limit warming to 2°C (>50%)
IMAGE 3.0.2,EMF33_tax_hi_none,0.1214136,1.689828304,4.643777792,9.957306112,19.559715328,28.403160064,37.642518528,62.0057088,89.982449664,112.348690432,C5,C5: limit warming to 2.5°C (>50%)
IMAGE 3.0.2,EMF33_tax_lo_full,0.1214136,1.634013544,4.931244223999999,10.88346496,19.158552576,27.609982976,38.143799296,54.659590144,72.978671616,88.62598144,C5,C5: limit warming to 2.5°C (>50%)
IMAGE 3.0.2,EMF33_tax_lo_none,0.1214136,1.634114456,4.945034112,10.924604416,19.321680384,27.961240064,38.985230336,56.872341504,76.251549696,92.857679872,C5,C5: limit warming to 2.5°C (>50%)
IMAGE 3.2,SSP1-baseline,0.122536785,2.853997384,8.741832432,22.113590032,40.55345472800001,54.549714944,65.937599104,84.99838176,107.049142016,144.269698048,C7,C7: limit warming to 4°C (>50%)
IMAGE 3.2,SSP1_SPA1_19I_D,0.122536785,2.853997384,9.999001568,33.36010496,53.482527488,68.95236096000001,91.298201088,125.472302752,141.73305184,141.721662592,C2,C2: return warming to 1.5°C (>50%) after a high overshoot
IMAGE 3.2,SSP1_SPA1_19I_D_LB,0.122536785,2.853997384,23.012482992,62.480437696,89.966853568,110.00907808,129.096028016,142.649715008,159.203433312,159.26569616,C1,C1: limit warming to 1.5°C (>50%) with no or limited overshoot
IMAGE 3.2,SSP1_SPA1_19I_LI,0.12253676,2.85884486,11.44539752,32.340275488,55.58607648,67.66619456000001,90.120621504,118.606357952,123.505475392,128.430527456,C2,C2: return warming to 1.5°C (>50%) after a high overshoot
IMAGE 3.2,SSP1_SPA1_19I_LIRE,0.122536817,2.8587428,8.8549079,23.814600048,43.053419136,83.69974675200001,123.330442112,190.847830016,226.822091456,267.919770304,C2,C2: return warming to 1.5°C (>50%) after a high overshoot
IMAGE 3.2,SSP1_SPA1_19I_LIRE_LB,0.122536817,2.8587428,14.572555712,43.631176896,74.463407008,120.918916512,175.381277696,232.936290144,256.57163048,270.038485696,C1,C1: limit warming to 1.5°C (>50%) with no or limited overshoot
IMAGE 3.2,SSP1_SPA1_19I_RE,0.122536785,2.858848968,10.510004528,50.51031052800001,95.34011968,161.970325376,189.630034832,240.464881312,228.276930784,209.91176912,C2,C2: return warming to 1.5°C (>50%) after a high overshoot
IMAGE 3.2,SSP1_SPA1_19I_RE_LB,0.122536785,2.858848968,28.637229056,80.922547072,125.22453952,176.34791776,193.50004648,225.035977344,246.476987376,249.032322912,C1,C1: limit warming to 1.5°C (>50%) with no or limited overshoot
IMAGE 3.2,SSP1_SPA1_26I_D,0.122536785,2.853997384,8.292544672,23.250043072,46.469192832,67.462874368,86.61666944000001,119.728750016,137.676111744,148.401573888,C3,C3: limit warming to 2°C (>67%)
IMAGE 3.2,SSP1_SPA1_26I_LI,0.12253676,2.85884486,7.915220416,22.073726208,43.400927104,61.319889088,78.393211136,105.767523648,119.534282816,131.24356848,C3,C3: limit warming to 2°C (>67%)
IMAGE 3.2,SSP1_SPA1_26I_LIRE,0.122536817,2.8587428,7.018311128000001,20.764753648,37.295361952,59.14100163200001,90.606395008,147.975932928,213.070091264,255.889726848,C3,C3: limit warming to 2°C (>67%)
IMAGE 3.2,SSP1_SPA1_26I_RE,0.122536785,2.858848968,11.383739248,39.497136192,91.323872896,147.645926912,189.931717024,248.772864608,257.712771272,236.684102928,C3,C3: limit warming to 2°C (>67%)
IMAGE 3.2,SSP1_SPA1_34I_D,0.122536785,2.853997384,8.367494816,23.677946464,45.579408384,61.10453542400001,86.914923648,123.564270976,146.78445392,164.725829184,C5,C5: limit warming to 2.5°C (>50%)
IMAGE 3.2,SSP1_SPA1_34I_LI,0.12253676,2.85884486,7.754150908000001,22.105501728,38.697930784,51.75467632,62.78557900800001,101.505679872,126.775811712,141.491122208,C5,C5: limit warming to 2.5°C (>50%)
IMAGE 3.2,SSP1_SPA1_34I_LIRE,0.122536785,2.85884896,9.421144884,31.93871484,67.208261088,103.24388848,168.725823904,217.570336352,253.533127968,258.515551648,C5,C5: limit warming to 2.5°C (>50%)
IMAGE 3.2,SSP1_SPA1_34I_RE,0.122536785,2.858848968,11.52820648,37.54536808,80.912499728,143.238533552,201.5060504,233.34570144,252.054642656,251.313989456,C5,C5: limit warming to 2.5°C (>50%)
IMAGE 3.2,SSP2-baseline,0.122536787,2.853225476,5.659264112000001,9.033442296,14.561437512,25.153502576,38.078518912,51.43285004800001,69.786948736,101.786924288,C7,C7: limit warming to 4°C (>50%)
IMAGE 3.2,SSP2_SPA0_26I_D,0.122536806,2.779298588,4.650956752,8.894549632,14.872304272,22.109222208,33.717490048,64.81459712,88.54362060800001,106.155641344,C3,C3: limit warming to 2°C (>67%)
IMAGE 3.2,SSP2_SPA1_19I_D_LB,0.12253678,2.853548664,9.042355008,17.021934144,27.311801856,39.110268032,61.96075955200001,83.598957568,104.741109248,124.205778944,C1,C1: limit warming to 1.5°C (>50%) with no or limited overshoot
IMAGE 3.2,SSP2_SPA1_19I_LIRE_LB,0.122536817,2.858742792,14.532633328,34.788507104,71.24128384000001,121.379338784,176.367187008,227.1503632,256.440462768,275.845982416,C1,C1: limit warming to 1.5°C (>50%) with no or limited overshoot
IMAGE 3.2,SSP2_SPA1_19I_RE_LB,0.122536784,2.858575084,14.636645408,39.262303296,77.839105024,129.271140928,187.602861472,249.630419472,282.21570032,312.692597968,C1,C1: limit warming to 1.5°C (>50%) with no or limited overshoot
IMAGE 3.2,SSP2_SPA2_19I_D,0.12253678,2.853548664,8.021340496,15.000975424,23.205656704,30.352676928,52.90663283200001,79.696929536,104.501071872,125.182635008,C2,C2: return warming to 1.5°C (>50%) after a high overshoot
IMAGE 3.2,SSP2_SPA2_19I_LI,0.122536817,2.858742792,5.893666424,19.772320256,28.407296256,39.368208512,52.574921088,65.01266841600001,77.08908825600001,106.170679296,C1,C1: limit warming to 1.5°C (>50%) with no or limited overshoot
IMAGE 3.2,SSP2_SPA2_19I_LIRE,0.122536784,2.858575064,13.534716704,34.354513984,63.77378630400001,104.013165472,164.670972096,240.84002848,272.429779648,282.936375104,C2,C2: return warming to 1.5°C (>50%) after a high overshoot
IMAGE 3.2,SSP2_SPA2_19I_RE,0.122536784,2.858575084,13.47837504,35.084723776,68.768971264,116.019053056,170.299069696,237.571069504,284.281787904,300.709113088,C2,C2: return warming to 1.5°C (>50%) after a high overshoot
IMAGE 3.2,SSP2_SPA2_26I_D,0.12253678,2.853548664,4.962886528,10.776015792,20.645579904,28.920563136,40.857045952,67.164763264,88.070359808,109.0686784,C3,C3: limit warming to 2°C (>67%)
IMAGE 3.2,SSP2_SPA2_26I_LI,0.122536817,2.858742792,5.264173688000001,10.48482496,17.197037888,24.488711872,34.556045248,53.78554585600001,69.8206208,83.764469504,C3,C3: limit warming to 2°C (>67%)
IMAGE 3.2,SSP2_SPA2_26I_LIRE,0.122536817,2.858742792,7.370868352,22.565271672,39.438075104,62.972834112,90.9275232,152.64485376,198.547774592,226.544595328,C3,C3: limit warming to 2°C (>67%)
IMAGE 3.2,SSP2_SPA2_26I_RE,0.122536784,2.858575084,8.339660472,23.708743552,44.276156256,77.33999148800001,121.511026176,189.696178176,216.353289472,272.112086912,C3,C3: limit warming to 2°C (>67%)
IMAGE 3.2,SSP2_SPA2_34I_D,0.12253678,2.853548664,4.841664648,9.515136532,19.17131616,29.717892352,42.096344576,57.241566208,82.467448832,105.121131008,C5,C5: limit warming to 2.5°C (>50%)
IMAGE 3.2,SSP2_SPA2_34I_LI,0.122536817,2.858742792,5.17483762,9.4745098,14.795957736,24.560566208,35.070539904,50.020302208,70.211262976,90.009193984,C5,C5: limit warming to 2.5°C (>50%)
IMAGE 3.2,SSP2_SPA2_34I_LIRE,0.122536784,2.858575064,7.279409908000001,22.624120304,38.200221904,58.424914624,93.071683328,170.06117632,241.855971328,287.670847488,C5,C5: limit warming to 2.5°C (>50%)
IMAGE 3.2,SSP2_SPA2_34I_RE,0.122536784,2.858575084,7.48722668,23.433716936,41.38393616,61.279314368,92.592412544,171.287420672,234.64385536,274.652999424,C5,C5: limit warming to 2.5°C (>50%)
IMAGE 3.2,SSP2_SPA2_45I_D,0.12253678,2.853548664,4.81608572,9.2839533,15.667627232,26.149250672,36.608582784,52.871191168,76.62931328,109.47824896,C6,C6: limit warming to 3°C (>50%)
IMAGE 3.2,SSP2_SPA2_45I_LI,0.122536817,2.858742792,5.164118704000001,9.42247156,14.022009856,21.790136656,31.440815984,42.535701472,55.8902688,75.59282073600001,C6,C6: limit warming to 3°C (>50%)
IMAGE 3.2,SSP2_SPA2_45I_LIRE,0.122536817,2.858742792,6.93630156,21.576839792,34.920864928,49.125976432,69.914917632,96.337510512,161.991636672,193.32067872,C6,C6: limit warming to 3°C (>50%)
IMAGE 3.2,SSP2_SPA2_45I_RE,0.122536784,2.858575084,7.344753332000001,22.711148864,38.075052696,53.889056224,80.53977673600001,129.790000768,201.905805056,268.790966784,C6,C6: limit warming to 3°C (>50%)
IMAGE 3.2,SSP3-baseline,0.122536794,2.853403996,5.197432244000001,6.72846258,8.213206008,11.130348296,15.17437048,19.40446748,24.459435344,30.921799392,C7,C7: limit warming to 4°C (>50%)
IMAGE 3.2,SSP4-baseline,0.122536808,2.854405064,7.688419088000001,19.267019936,31.216755656,39.16533611200001,46.5907392,56.40039091200001,70.781476048,91.877075296,C7,C7: limit warming to 4°C (>50%)
IMAGE 3.2,SSP5-baseline,0.122536808,2.85334382,5.795203376000001,8.843416468000001,14.728849096,26.813391664,44.798751744,71.17749107200001,94.917930912,110.803973888,C8,C8: exceed warming of 4°C (>=50%)
MERGE-ETL 6.0,BAU,0.6000000000000001,1.8,1.8,1.7,3.5,16.1,43.0,67.0,86.8,102.3,failed-vetting,failed-vetting
MERGE-ETL 6.0,DAC15_50,0.6000000000000001,3.7,25.5,86.5,120.9,150.3,174.9,199.8,220.1,240.7,failed-vetting,failed-vetting
MERGE-ETL 6.0,DAC2_66,0.6000000000000001,3.6,23.5,61.1,90.2,87.8,121.0,146.1,162.1,157.5,C4,C4: limit warming to 2°C (>50%)
MESSAGE V.3,GEA_Eff_1p5C,0.215,4.336,14.833,35.406,65.704,98.846,128.01,158.719,200.138,235.395,failed-vetting,failed-vetting
MESSAGE V.3,GEA_Eff_1p5C_Delay2020,0.215,0.212,4.263,15.486,39.671,77.808,127.92,167.506,209.201,259.612,failed-vetting,failed-vetting
MESSAGE V.3,GEA_Eff_2C_Delay2020,0.215,0.212,3.605,13.606,35.134,61.777,94.263,123.144,155.48,196.837,failed-vetting,failed-vetting
MESSAGE V.3,GEA_Eff_AdvNCO2_1p5C,0.215,4.022,13.95,32.869,57.409,86.859,116.479,147.547,182.021,209.768,failed-vetting,failed-vetting
MESSAGE V.3,GEA_Eff_base,0.215,0.465,2.745,9.76,22.474,36.172,50.8,65.454,79.166,95.888,failed-vetting,failed-vetting
MESSAGE V.3,GEA_Mix_1p5C_AdvNCO2_PartialDelay2020,0.215,1.604,8.24,25.584,58.878,106.758,155.49,201.132,257.666,334.061,failed-vetting,failed-vetting
MESSAGE V.3,GEA_Mix_1p5C_AdvTrans_PartialDelay2020,0.215,1.604,8.24,25.553,57.7,102.799,154.145,226.976,304.313,407.109,failed-vetting,failed-vetting
MESSAGE V.3,GEA_Mix_2C_AdvNCO2_PartialDelay2020,0.215,1.604,7.593999999999999,22.161,48.882,75.969,104.864,144.633,200.431,261.481,failed-vetting,failed-vetting
MESSAGE V.3,GEA_Mix_2C_AdvTrans_PartialDelay2020,0.215,1.604,7.617000000000001,22.04300000000001,48.908,80.757,113.014,155.144,211.57,289.598,failed-vetting,failed-vetting
MESSAGE V.3,GEA_Mix_base,0.215,0.975,3.147,8.376,17.332,30.906,49.037,77.786,115.082,155.59,failed-vetting,failed-vetting
MESSAGE-GLOBIOM 1.0,ADVANCE_2020_1.5C-2100,0.248,0.5479999999999989,7.779,17.878,34.002,48.052,70.34100000000001,88.198,117.858,169.34,C1,C1: limit warming to 1.5°C (>50%) with no or limited overshoot
MESSAGE-GLOBIOM 1.0,ADVANCE_2020_Med2C,0.248,0.547,1.033,2.607,8.415,16.763,27.157,43.675,72.908,113.821,C4,C4: limit warming to 2°C (>50%)
MESSAGE-GLOBIOM 1.0,ADVANCE_2020_WB2C,0.248,0.547,1.639,6.815,16.587,28.628,46.605,72.358,114.868,164.353,C3,C3: limit warming to 2°C (>67%)
MESSAGE-GLOBIOM 1.0,ADVANCE_2030_Med2C,0.248,0.547,1.178,4.747,11.702,21.707,33.499,52.287,89.038,141.206,C4,C4: limit warming to 2°C (>50%)
MESSAGE-GLOBIOM 1.0,ADVANCE_2030_Price1.5C,0.248,0.547,1.179,9.869,25.463,43.589,59.11600000000001,76.862,100.81,148.236,C2,C2: return warming to 1.5°C (>50%) after a high overshoot
MESSAGE-GLOBIOM 1.0,ADVANCE_2030_WB2C,0.248,0.5479999999999989,1.179,8.869,22.073,40.566,61.303,91.698,118.398,168.065,C3,C3: limit warming to 2°C (>67%)
MESSAGE-GLOBIOM 1.0,ADVANCE_INDC,0.248,0.547,1.178,2.384,6.405,10.563,18.171,28.068,38.835,65.699,C5,C5: limit warming to 2.5°C (>50%)
MESSAGE-GLOBIOM 1.0,ADVANCE_NoPolicy,0.248,0.255,0.297,0.174,0.518,1.913,5.298999999999999,8.611,13.687,21.264,failed-vetting,failed-vetting
MESSAGE-GLOBIOM 1.0,ADVANCE_Reference,0.248,0.547,0.591,1.097,2.996,8.557,14.027,20.842,26.461,39.025,C6,C6: limit warming to 3°C (>50%)
MESSAGE-GLOBIOM 1.0,EMF30_BCOC-EndU,0.248,1.584,1.611999999999999,1.459,1.029,2.422,5.847,8.747,13.744,21.518,C7,C7: limit warming to 4°C (>50%)
MESSAGE-GLOBIOM 1.0,EMF30_Baseline,0.248,1.584,1.611999999999999,1.459,1.029,2.474,5.772,8.579,13.411,21.47300000000001,C7,C7: limit warming to 4°C (>50%)
MESSAGE-GLOBIOM 1.0,EMF30_CH4-Only,0.248,1.585,1.611999999999999,1.715,2.311,4.778,8.969,15.194,21.581,30.817,failed-vetting,failed-vetting
MESSAGE-GLOBIOM 1.0,EMF30_ClimPolicy,0.248,1.831999999999999,3.179,8.801,15.565,27.527,44.48699999999999,72.456,110.936,166.931,failed-vetting,failed-vetting
MESSAGE-GLOBIOM 1.0,EMF30_ClimPolicy+SLCF,0.248,1.827,3.191999999999999,8.736,16.381,26.91,43.31399999999999,68.087,108.439,162.289,failed-vetting,failed-vetting
MESSAGE-GLOBIOM 1.0,EMF30_D_BCOC-Red,0.248,1.584,1.611999999999999,1.459,1.029,2.474,5.771,8.578,13.411,21.475,C7,C7: limit warming to 4°C (>50%)
MESSAGE-GLOBIOM 1.0,EMF30_D_CH4-ClimPolicy,0.248,1.584,1.611999999999999,1.626999999999999,1.779,4.706,9.273,16.832,26.389,36.516,C7,C7: limit warming to 4°C (>50%)
MESSAGE-GLOBIOM 1.0,EMF30_D_Frozen-CH4,0.248,1.584,1.611999999999999,1.459,1.063,2.615,6.423999999999999,10.254,15.632,23.996,C7,C7: limit warming to 4°C (>50%)
MESSAGE-GLOBIOM 1.0,EMF30_D_Frozen-EF,0.248,1.584,1.611999999999999,1.459,1.063,2.616,6.441,10.297,15.665,23.98,C7,C7: limit warming to 4°C (>50%)
MESSAGE-GLOBIOM 1.0,EMF30_D_Frozen-EF-EndU,0.248,1.584,1.611999999999999,1.459,1.029,2.474,5.771,8.578,13.411,21.475,C7,C7: limit warming to 4°C (>50%)
MESSAGE-GLOBIOM 1.0,EMF30_D_Frozen-EF-SLCF,0.248,1.584,1.611999999999999,1.459,1.063,2.615,6.423999999999999,10.254,15.632,23.996,C7,C7: limit warming to 4°C (>50%)
MESSAGE-GLOBIOM 1.0,EMF30_SLCF,0.248,1.584,1.611999999999999,1.573,2.229,4.808,8.897,15.143,21.523,30.219,failed-vetting,failed-vetting
MESSAGE-GLOBIOM 1.0,EMF30_Slower-Action,0.248,0.607,1.78,2.785,7.772,11.659,20.164,32.041,49.52,80.756,C5,C5: limit warming to 2.5°C (>50%)
MESSAGE-GLOBIOM 1.0,EMF30_Slower-Action+SLCF,0.248,0.607,1.777,2.731,7.365,13.276,22.983,34.079,48.863,83.681,failed-vetting,failed-vetting
MESSAGE-GLOBIOM 1.0,EMF30_Slower-to-faster,0.248,0.607,1.781999999999999,10.806,28.041,47.822,69.923,90.553,118.83,173.069,C2,C2: return warming to 1.5°C (>50%) after a high overshoot
MESSAGE-GLOBIOM 1.0,EMF30_Slower-to-faster+SLCF,0.248,0.607,1.78,10.684,26.75800000000001,45.715,66.288,94.873,125.637,179.663,failed-vetting,failed-vetting
MESSAGE-GLOBIOM 1.0,EMF30_Slower-to-faster+SLCF+HFC,0.248,0.607,1.781999999999999,10.78,27.57,46.48,66.479,94.879,126.028,178.263,failed-vetting,failed-vetting
MESSAGE-GLOBIOM 1.0,EMF33_1.5C_cost100,0.247911639330094,0.9611427790210372,7.809422091675629,17.9550066150617,30.7533102551316,43.1429241553461,56.05030061744328,73.3469551346183,92.7591648283595,128.019158095617,C1,C1: limit warming to 1.5°C (>50%) with no or limited overshoot
MESSAGE-GLOBIOM 1.0,EMF33_1.5C_full,0.247911639330094,0.9611427790210372,7.809657695845,17.6077039050316,30.6566734788548,43.2039409423063,56.5290750522911,74.1287560833671,93.2406032675952,128.639549676393,C1,C1: limit warming to 1.5°C (>50%) with no or limited overshoot
MESSAGE-GLOBIOM 1.0,EMF33_Baseline,0.247911639330094,0.174685040575636,0.201429238889699,0.3784362297104391,2.26566512040392,6.778692225512391,14.560677841359,21.81292400935189,30.0729688380547,37.6974120054787,C7,C7: limit warming to 4°C (>50%)
MESSAGE-GLOBIOM 1.0,EMF33_Med2C_cost100,0.247911639330094,0.9611427790210372,1.86338400624381,6.196048158395191,15.8181627833884,26.5193194490818,37.1276087870534,53.63477159765321,73.74002833343509,103.030319540477,C4,C4: limit warming to 2°C (>50%)
MESSAGE-GLOBIOM 1.0,EMF33_Med2C_full,0.247911639330094,0.9611427790210372,1.810137439057399,5.899559455046848,14.7146993234589,27.637882319709,35.8874215844334,48.13308168600822,71.5326370500643,101.564706805067,C4,C4: limit warming to 2°C (>50%)
MESSAGE-GLOBIOM 1.0,EMF33_Med2C_limbio,0.247911639330094,0.9611427790210372,1.9429753133616,6.36753204122923,16.1611634885818,26.9820794217774,39.1712446693063,59.0537543919815,82.2640595837338,116.065976231514,C4,C4: limit warming to 2°C (>50%)
MESSAGE-GLOBIOM 1.0,EMF33_Med2C_nobeccs,0.247911639330094,0.9611427790210372,3.100093650502609,10.6091829089143,20.4629255133995,30.9328871630959,43.94973845789129,64.2215801695927,91.60572544510308,122.886680240097,C3,C3: limit warming to 2°C (>67%)
MESSAGE-GLOBIOM 1.0,EMF33_Med2C_nofuel,0.247911639330094,0.9611427790210372,1.83165675459178,5.970061501717909,15.0126234584297,26.8711471019981,37.2444043663497,53.00110019463321,74.2106188010562,97.395622429423,C4,C4: limit warming to 2°C (>50%)
MESSAGE-GLOBIOM 1.0,EMF33_Med2C_none,0.247911639330094,0.9611427790210372,3.40745195343005,11.8134077331427,21.6401263078012,31.8977558258753,45.41168377601149,66.945347707717,96.0633555597282,120.846791210982,C3,C3: limit warming to 2°C (>67%)
MESSAGE-GLOBIOM 1.0,EMF33_WB2C_cost100,0.247911639330094,0.9611427790210372,3.17450030959355,11.2272572089762,21.226457118787,31.985310871833,46.0144341358077,68.58137548181371,97.83313112339322,122.993325896095,C2,C2: return warming to 1.5°C (>50%) after a high overshoot
MESSAGE-GLOBIOM 1.0,EMF33_WB2C_full,0.247911639330094,0.9611427790210372,3.163108160138,11.2194337541408,21.0913061801152,31.4999607650787,44.7526796449995,67.0731847561141,95.4388252557684,122.074361981263,C2,C2: return warming to 1.5°C (>50%) after a high overshoot
MESSAGE-GLOBIOM 1.0,EMF33_WB2C_limbio,0.247911639330094,0.9611427790210372,6.2754301591385,12.955199706221,23.6195886101974,33.9419879788432,55.52755021865129,79.3154297565039,105.608348049795,142.890436486527,C2,C2: return warming to 1.5°C (>50%) after a high overshoot
MESSAGE-GLOBIOM 1.0,EMF33_WB2C_nofuel,0.247911639330094,0.9611427790210372,3.288391692186049,11.6440517232225,22.0255452904693,31.9067321250507,44.2453950688745,62.4990967663251,82.07054196404471,99.1885622673109,C2,C2: return warming to 1.5°C (>50%) after a high overshoot
MESSAGE-GLOBIOM 1.0,EMF33_tax_hi_full,0.247911639330094,0.174685040575636,2.43542714533691,8.03309294480378,18.0452842423306,27.4309962031952,38.5619308263916,59.368019817709,85.26389945167591,116.845054662569,C3,C3: limit warming to 2°C (>67%)
MESSAGE-GLOBIOM 1.0,EMF33_tax_hi_none,0.247911639330094,0.174685040575636,2.2733730956525,7.95945184024328,17.7537390107948,26.6447318954984,37.40699834734711,57.9243004022506,83.5513772624497,114.076796674281,C4,C4: limit warming to 2°C (>50%)
MESSAGE-GLOBIOM 1.0,EMF33_tax_lo_full,0.247911639330094,0.174685040575636,0.907047243964208,5.22636524932562,13.454234965703,23.4562110046653,27.7842154366956,35.2031355421245,48.2388841155873,75.9392378952737,C5,C5: limit warming to 2.5°C (>50%)
MESSAGE-GLOBIOM 1.0,EMF33_tax_lo_none,0.247911639330094,0.174685040575636,0.9250798686480952,5.28625578974761,13.4454886642665,23.379041885242,27.9140580888838,35.6114115747521,49.23093877021361,76.2660162289971,C5,C5: limit warming to 2.5°C (>50%)
MESSAGE-GLOBIOM 1.0,SSP1-19,0.255,1.766,8.74,21.815,41.695,61.60899999999999,83.932,108.427,136.876,166.806,failed-vetting,failed-vetting
MESSAGE-GLOBIOM 1.0,SSP1-26,0.255,1.755,4.698,15.555,31.646,51.358,67.81,85.484,109.965,137.73,C4,C4: limit warming to 2°C (>50%)
MESSAGE-GLOBIOM 1.0,SSP1-34,0.255,1.761,4.022,13.647,26.403,42.155,62.271,78.48,100.728,124.086,C5,C5: limit warming to 2.5°C (>50%)
MESSAGE-GLOBIOM 1.0,SSP1-45,0.255,1.764,3.83,13.035,24.415,34.771,47.038,65.686,83.54700000000003,106.395,C6,C6: limit warming to 3°C (>50%)
MESSAGE-GLOBIOM 1.0,SSP1-Baseline,0.255,1.767,3.673,12.635,23.138,33.304,42.68600000000001,55.18899999999999,67.882,76.377,C7,C7: limit warming to 4°C (>50%)
MESSAGE-GLOBIOM 1.0,SSP2-19,0.248,1.584,7.837000000000002,16.507,31.748,48.935,72.646,91.165,118.008,159.768,C1,C1: limit warming to 1.5°C (>50%) with no or limited overshoot
MESSAGE-GLOBIOM 1.0,SSP2-26,0.248,1.584,2.305,5.245,12.639,22.962,40.563,60.83600000000001,88.537,131.024,C3,C3: limit warming to 2°C (>67%)
MESSAGE-GLOBIOM 1.0,SSP2-34,0.248,1.584,1.857,3.233,7.255,15.456,24.909,35.853,57.136,79.75,C5,C5: limit warming to 2.5°C (>50%)
MESSAGE-GLOBIOM 1.0,SSP2-45,0.248,1.584,1.683,2.286,4.238,8.363999999999999,17.102,25.491,41.505,55.618,C6,C6: limit warming to 3°C (>50%)
MESSAGE-GLOBIOM 1.0,SSP2-60,0.248,1.584,1.633,1.703,1.983,4.244,9.345,16.81,27.118,36.69300000000001,C7,C7: limit warming to 4°C (>50%)
MESSAGE-GLOBIOM 1.0,SSP2-Baseline,0.248,1.584,1.611999999999999,1.459,1.029,2.474,5.773,8.581,13.411,21.469,C7,C7: limit warming to 4°C (>50%)
MESSAGE-GLOBIOM 1.0,SSP3-34,0.255,1.584,1.633,1.710999999999999,2.354,4.606,7.657,11.415,15.895,22.773,C4,C4: limit warming to 2°C (>50%)
MESSAGE-GLOBIOM 1.0,SSP3-45,0.255,1.584,1.633,1.710999999999999,1.964,3.058,5.167000000000002,8.652999999999999,14.301,21.534,C5,C5: limit warming to 2.5°C (>50%)
MESSAGE-GLOBIOM 1.0,SSP3-60,0.255,1.584,1.633,1.561,1.525,2.1,3.451,5.81,9.665,14.058,C6,C6: limit warming to 3°C (>50%)
MESSAGE-GLOBIOM 1.0,SSP3-Baseline,0.255,0.255,0.297,0.174,0.176,0.314,0.755999999999999,1.978,4.083,7.614,failed-vetting,failed-vetting
MESSAGEix-GLOBIOM 1.0,CD-LINKS_INDC2030i_1600,0.247911639330094,1.50588332310417,2.966407209796689,7.83578988464782,17.2011976684058,25.5505635277698,35.7268551957755,50.9192028018344,76.37033725302399,108.488479539522,C4,C4: limit warming to 2°C (>50%)
MESSAGEix-GLOBIOM 1.0,CD-LINKS_INDCi,0.247911639330094,1.50588332310417,2.966407209796689,4.33410560607958,5.866750357505309,10.2260706796724,19.95836263520561,27.0363486736396,34.0291250745187,42.44288759672489,C7,C7: limit warming to 4°C (>50%)
MESSAGEix-GLOBIOM 1.0,CD-LINKS_NDC2030i_1000,0.247911639330094,1.50588332310417,2.966407209796689,11.2915330412013,24.8766340093462,37.8253963928299,53.6259998127602,76.4283991842181,101.73732180974,136.977114963695,C2,C2: return warming to 1.5°C (>50%) after a high overshoot
MESSAGEix-GLOBIOM 1.0,CD-LINKS_NPi,0.247911639330094,1.50588332310417,1.645022035907139,2.47778861016306,4.00292556024321,9.83121406757728,17.7561317095837,26.11966623877189,34.2827050565753,43.8263973568025,C7,C7: limit warming to 4°C (>50%)
MESSAGEix-GLOBIOM 1.0,CD-LINKS_NPi2020_1000,0.247911639330094,1.50588332310417,3.40318797012218,10.6090329914648,21.37636911121611,32.4773126879291,44.99430392519589,68.8220658273147,101.030934321901,142.215546913332,C2,C2: return warming to 1.5°C (>50%) after a high overshoot
MESSAGEix-GLOBIOM 1.0,CD-LINKS_NPi2020_1600,0.247911639330094,1.50588332310417,2.360142634356109,7.20438790904874,17.0622074543676,27.6510266764779,35.7292311036347,48.8058894764586,76.0477959280317,111.217550915491,C4,C4: limit warming to 2°C (>50%)
MESSAGEix-GLOBIOM 1.0,CD-LINKS_NPi2020_400,0.247911639330094,1.50588332310417,8.17605227000144,18.1051493334332,33.272410542184,48.33492858552611,71.88091089447259,93.0481689309958,123.034864235237,164.105665560805,C1,C1: limit warming to 1.5°C (>50%) with no or limited overshoot
MESSAGEix-GLOBIOM 1.0,CD-LINKS_NoPolicy,0.247911639330094,0.207218406413429,0.282031611449653,1.02677511443245,3.55090818096534,8.83782774450351,17.1619063782347,24.5504523004973,33.8702232427071,44.9659146682633,C7,C7: limit warming to 4°C (>50%)
MESSAGEix-GLOBIOM 1.0,LowEnergyDemand_1.3_IPCC,0.1253147277292077,2.909558841213681,31.46973752484361,56.22675515287872,62.74903642591389,69.44171415972733,75.19390596494435,86.46949390328781,89.12258373101355,88.29296888021976,C1,C1: limit warming to 1.5°C (>50%) with no or limited overshoot
MESSAGEix-GLOBIOM_1.0,CO_2Deg2020,0.2479116393300943,5.200985011320612,13.60883364713752,28.05474656660298,42.31084330995716,58.38474167083279,82.00290053046862,113.0820960407127,155.0371216436567,204.8878368151241,failed-vetting,failed-vetting
MESSAGEix-GLOBIOM_1.0,CO_2Deg2030,0.2479116393300943,5.200985011320612,10.34883622011213,25.12158102028107,45.52160381634727,67.31494737216707,89.62475589563604,122.9782615493714,164.4093028626002,206.6070519635421,failed-vetting,failed-vetting
MESSAGEix-GLOBIOM_1.0,CO_BAU,0.2479116393300943,4.172473095919411,8.197741031770754,17.10846013456436,24.07703125421807,37.69143770973109,49.65124291246006,59.42657775184723,70.13242032497189,82.60278676953484,failed-vetting,failed-vetting
MESSAGEix-GLOBIOM_1.0,CO_Bridge,0.2479116393300943,5.200985011320612,16.10819280780829,28.86678652090747,46.26979147584531,65.05737612127203,89.94670122268761,127.3286324069659,176.7032734492046,239.9776030251729,failed-vetting,failed-vetting
MESSAGEix-GLOBIOM_1.0,CO_CurPol,0.2479116393300943,5.200985011320612,8.204170406136564,17.21930992489471,23.75295988545233,37.10228934181117,48.5105445483149,57.34883176683686,69.1409677626275,80.29449849910092,failed-vetting,failed-vetting
MESSAGEix-GLOBIOM_1.0,CO_GPP,0.2479116393300943,5.200985011320612,16.74056402869364,28.8830130711938,38.50503957593691,49.27685367479511,60.06453820603674,72.8173857308349,86.62283183804618,101.5148999018841,failed-vetting,failed-vetting
MESSAGEix-GLOBIOM_1.0,CO_NDC_2050convergence,0.2479116393300943,5.200985011320612,10.34883622011213,22.71466050394396,38.43099594727794,48.15674891601699,60.17976956371121,74.00621615862214,90.43229058437778,113.2007561899456,failed-vetting,failed-vetting
MESSAGEix-GLOBIOM_1.0,CO_NDCplus,0.2479116393300943,5.200985011320612,10.34883622011213,19.91682676175418,29.64961980794973,41.50122040663472,51.37675135637702,61.22809316561332,76.46964838237608,93.2915553657028,failed-vetting,failed-vetting
MESSAGEix-GLOBIOM_1.1,EN_INDCi2030_1000,0.1249993277292078,2.510210193451459,8.830876341005474,47.27881328418479,79.02609038651593,105.9047078891269,124.2532988467994,144.6327719087768,175.1438300349874,209.2313221411727,C3,C3: limit warming to 2°C (>67%)
MESSAGEix-GLOBIOM_1.1,EN_INDCi2030_1000_COV,0.1249993277292078,2.510210193451459,6.918393286778062,43.60589378509231,72.27774033076172,95.12407309644573,124.735196659967,141.8955956601837,172.751525274074,198.5029034426654,C3,C3: limit warming to 2°C (>67%)
MESSAGEix-GLOBIOM_1.1,EN_INDCi2030_1000_COV_NDCp,0.1249993277292078,2.510210193451459,9.174814977869069,46.1084396460332,71.32209385200757,94.33247258540904,125.1073979340294,142.2037814301923,172.6310135349524,199.3088214670602,C3,C3: limit warming to 2°C (>67%)
MESSAGEix-GLOBIOM_1.1,EN_INDCi2030_1000_NDCp,0.1249993277292078,2.510210193451459,10.74776779994853,51.48736045750933,79.6864573028631,107.3688186867808,124.4412474930494,144.8851039742135,174.9667521610256,210.0502212248993,C3,C3: limit warming to 2°C (>67%)
MESSAGEix-GLOBIOM_1.1,EN_INDCi2030_1000f,0.1249993277292078,2.510210193451459,8.830876341005474,37.49810799615524,69.80647688492537,94.99755006957864,128.1948883518845,169.380770388118,201.3337275615868,229.2400885332581,C4,C4: limit warming to 2°C (>50%)
MESSAGEix-GLOBIOM_1.1,EN_INDCi2030_1000f_COV,0.1249993277292078,2.510210193451459,6.918393286778062,31.1312685683134,62.32097336767546,83.83142820007131,122.1213052977228,163.6220127408659,198.317417008871,219.2234928081949,C3,C3: limit warming to 2°C (>67%)
MESSAGEix-GLOBIOM_1.1,EN_INDCi2030_1000f_COV_NDCp,0.1249993277292078,2.510210193451459,9.174814977869069,31.5143952420921,61.37225194826545,83.63254648712581,121.4679426319648,163.5744726618702,199.0886976726858,220.7864457705452,C3,C3: limit warming to 2°C (>67%)
MESSAGEix-GLOBIOM_1.1,EN_INDCi2030_1000f_NDCp,0.1249993277292078,2.510210193451459,10.74776779994853,39.51642333515809,69.36379077312452,94.72343230054618,128.0112722008422,169.4230498289286,202.2125157518191,229.89939271049,C4,C4: limit warming to 2°C (>50%)
MESSAGEix-GLOBIOM_1.1,EN_INDCi2030_1200,0.1249993277292078,2.510210193451459,8.830876341005474,39.19838163410817,71.07719649319358,96.00341570806631,125.154158695349,144.6050069379505,175.2524590199333,209.7570194105759,C4,C4: limit warming to 2°C (>50%)
MESSAGEix-GLOBIOM_1.1,EN_INDCi2030_1200_COV,0.1249993277292078,2.510210193451459,6.918393286778062,32.4476120304426,62.79793899942425,83.24780295004211,116.121739287941,145.683785697571,172.588430790788,202.4572090572983,C3,C3: limit warming to 2°C (>67%)
MESSAGEix-GLOBIOM_1.1,EN_INDCi2030_1200_COV_NDCp,0.1249993277292078,2.510210193451459,9.174814977869069,32.86061230839653,62.08646424748452,83.25983293931407,116.4170602706276,148.5915529243044,174.6089180823002,203.5905980558992,C3,C3: limit warming to 2°C (>67%)
MESSAGEix-GLOBIOM_1.1,EN_INDCi2030_1200_NDCp,0.1249993277292078,2.510210193451459,10.74776779994853,41.55152726620666,70.9580814177242,95.79902676042886,125.3487369194022,144.8318754740371,175.3450776432456,209.0051419972798,C4,C4: limit warming to 2°C (>50%)
MESSAGEix-GLOBIOM_1.1,EN_INDCi2030_1200f,0.1249993277292078,2.510210193451459,8.830876341005474,29.26190307748492,60.12911659556141,89.5601147490581,118.2066394120821,161.7623478803761,205.7773295887137,235.787961581841,C4,C4: limit warming to 2°C (>50%)
MESSAGEix-GLOBIOM_1.1,EN_INDCi2030_1200f_COV,0.1249993277292078,2.510210193451459,6.918393286778062,26.39727272514175,51.97832236317787,75.5247626997324,110.7456795401179,155.3790997621038,201.0834479719121,222.7845508598766,C4,C4: limit warming to 2°C (>50%)
MESSAGEix-GLOBIOM_1.1,EN_INDCi2030_1200f_COV_NDCp,0.1249993277292078,2.510210193451459,9.174814977869069,27.18607307825814,50.72686591514069,74.7381244659564,110.1161825216881,154.7061716218451,200.3959937582965,223.1463959178431,C4,C4: limit warming to 2°C (>50%)
MESSAGEix-GLOBIOM_1.1,EN_INDCi2030_1200f_NDCp,0.1249993277292078,2.510210193451459,10.74776779994853,30.27119149592006,59.85710689648987,88.7221262126651,117.214601613755,160.792257123309,204.6176040138471,235.0576081448654,C4,C4: limit warming to 2°C (>50%)
MESSAGEix-GLOBIOM_1.1,EN_INDCi2030_1400,0.1249993277292078,2.510210193451459,8.830876341005474,28.53310119811173,58.29578640660547,87.19371841386672,109.0351763304296,147.9588255650517,178.2069456764758,215.5382134650014,C4,C4: limit warming to 2°C (>50%)
MESSAGEix-GLOBIOM_1.1,EN_INDCi2030_1400_COV,0.1249993277292078,2.510210193451459,6.918393286778062,26.03549482955147,49.42222878544175,72.3901128419541,103.5470992822346,142.8615820098879,172.1547510084845,207.0043990229702,C4,C4: limit warming to 2°C (>50%)
MESSAGEix-GLOBIOM_1.1,EN_INDCi2030_1400_COV_NDCp,0.1249993277292078,2.510210193451459,9.174814977869069,26.71869952174588,48.40268094738283,71.76240967083157,103.8468678984659,143.0064791441886,172.6786848312086,207.6124179716981,C4,C4: limit warming to 2°C (>50%)
MESSAGEix-GLOBIOM_1.1,EN_INDCi2030_1400_NDCp,0.1249993277292078,2.510210193451459,10.74776779994853,29.59176372345849,58.32675161311924,86.50866338133245,108.2892893921116,147.7278496321204,178.1598830820376,215.0872886054337,C4,C4: limit warming to 2°C (>50%)
MESSAGEix-GLOBIOM_1.1,EN_INDCi2030_1400f,0.1249993277292078,2.510210193451459,8.830876341005474,27.21196776135845,51.02920339809945,77.48664270170936,106.6950388849274,150.1912515212943,201.7914199253115,237.4277705369112,C4,C4: limit warming to 2°C (>50%)
MESSAGEix-GLOBIOM_1.1,EN_INDCi2030_1400f_COV,0.1249993277292078,2.510210193451459,6.918393286778062,24.76278707012215,43.89599480107955,66.40652162796697,102.2426372819521,145.7410147244871,194.3412046655385,224.7492351665209,C4,C4: limit warming to 2°C (>50%)
MESSAGEix-GLOBIOM_1.1,EN_INDCi2030_1400f_COV_NDCp,0.1249993277292078,2.510210193451459,9.174814977869069,25.46902215117268,43.57523851838643,65.98728562975407,101.6686150622565,143.8922937307297,192.5069462355814,224.4668243034014,C4,C4: limit warming to 2°C (>50%)
MESSAGEix-GLOBIOM_1.1,EN_INDCi2030_1400f_NDCp,0.1249993277292078,2.510210193451459,10.74776779994853,27.61576208873624,50.87422282363823,77.71408426624276,106.8518239668768,150.449810377081,201.2240607258117,237.1317078448666,C4,C4: limit warming to 2°C (>50%)
MESSAGEix-GLOBIOM_1.1,EN_INDCi2030_1600,0.1249993277292078,2.510210193451459,8.830876341005474,26.37175374237246,47.64196237630649,74.75694729422297,101.7053156248585,137.6062142531766,178.2089293255038,212.1160165264567,C5,C5: limit warming to 2.5°C (>50%)
MESSAGEix-GLOBIOM_1.1,EN_INDCi2030_1600_COV,0.1249993277292078,2.510210193451459,6.918393286778062,24.64684064828636,41.48009317476917,63.21710532040163,98.46130482068658,137.2421986392218,177.4068500120151,201.2971905483842,C4,C4: limit warming to 2°C (>50%)
MESSAGEix-GLOBIOM_1.1,EN_INDCi2030_1600_COV_NDCp,0.1249993277292078,2.510210193451459,9.174814977869069,23.98484115158922,41.56776880505407,63.24240350279128,98.16501573788248,137.2066396018496,178.2522522451345,202.4196313756583,C4,C4: limit warming to 2°C (>50%)
MESSAGEix-GLOBIOM_1.1,EN_INDCi2030_1600_NDCp,0.1249993277292078,2.510210193451459,10.74776779994853,27.25702393237438,47.81782529871823,74.77445952477412,101.5019152759112,137.6268038206536,179.1528577951434,211.8638533991333,C5,C5: limit warming to 2.5°C (>50%)
MESSAGEix-GLOBIOM_1.1,EN_INDCi2030_1600f,0.1249993277292078,2.510210193451459,8.830876341005474,26.24563376110698,44.70129265930131,69.71825674795707,101.5613932859736,141.7820432509453,191.9430373582215,232.2572408206697,C5,C5: limit warming to 2.5°C (>50%)
MESSAGEix-GLOBIOM_1.1,EN_INDCi2030_1600f_COV,0.1249993277292078,2.510210193451459,6.918393286778062,21.82066942231612,39.6551557583582,58.53012769356886,97.2124460592622,136.0778013129168,185.8791412564728,223.9410125166982,C5,C5: limit warming to 2.5°C (>50%)
MESSAGEix-GLOBIOM_1.1,EN_INDCi2030_1600f_COV_NDCp,0.1249993277292078,2.510210193451459,9.174814977869069,22.23222686571725,40.07525518646511,58.94115626848412,97.55286750152092,137.7545859312972,187.7324714299759,224.5474261816238,C5,C5: limit warming to 2.5°C (>50%)
MESSAGEix-GLOBIOM_1.1,EN_INDCi2030_1600f_NDCp,0.1249993277292078,2.510210193451459,10.74776779994853,27.01898281344903,45.08467056886104,69.88155595734328,101.8968878739343,142.5605839307242,191.4472890180696,232.2788271923866,C5,C5: limit warming to 2.5°C (>50%)
MESSAGEix-GLOBIOM_1.1,EN_INDCi2030_1800,0.1249993277292078,2.510210193451459,8.830876341005474,23.24094453788317,41.51340635120388,63.08068991471186,99.06004470671785,135.1218349768031,180.261681668523,212.307691232066,C5,C5: limit warming to 2.5°C (>50%)
MESSAGEix-GLOBIOM_1.1,EN_INDCi2030_1800_COV,0.1249993277292078,2.510210193451459,6.918393286778062,20.69163484481738,38.13048765400527,55.77490580851806,95.0128838860294,128.9583491538962,175.5069236348779,202.5475350528463,C5,C5: limit warming to 2.5°C (>50%)
MESSAGEix-GLOBIOM_1.1,EN_INDCi2030_1800_COV_NDCp,0.1249993277292078,2.510210193451459,9.174814977869069,21.11264596342696,37.83082435848945,55.69880479774373,94.95784372583168,128.9106631207551,175.4927503475178,203.2001397567523,C5,C5: limit warming to 2.5°C (>50%)
MESSAGEix-GLOBIOM_1.1,EN_INDCi2030_1800_NDCp,0.1249993277292078,2.510210193451459,10.74776779994853,23.56858272670594,41.88458557769366,63.84863766727238,98.9517633655275,135.0831359669654,180.279706683888,212.4586818547112,C5,C5: limit warming to 2.5°C (>50%)
MESSAGEix-GLOBIOM_1.1,EN_INDCi2030_1800f,0.1249993277292078,2.510210193451459,8.830876341005474,23.0861842744615,40.92177405495476,60.94883004094866,97.67565215185104,134.5839413636888,185.587882199088,227.8950209342475,C5,C5: limit warming to 2.5°C (>50%)
MESSAGEix-GLOBIOM_1.1,EN_INDCi2030_1800f_COV,0.1249993277292078,2.510210193451459,6.918393286778062,20.57375389885944,37.90907307085666,55.48963048185569,93.52287522406397,129.2700256456381,178.2393124297194,215.1269238832229,C5,C5: limit warming to 2.5°C (>50%)
MESSAGEix-GLOBIOM_1.1,EN_INDCi2030_1800f_COV_NDCp,0.1249993277292078,2.510210193451459,9.174814977869069,20.90013816817912,37.75892087213503,55.37902830432866,93.0650676874909,129.7559064668034,177.1128535262042,215.7327799205197,C5,C5: limit warming to 2.5°C (>50%)
MESSAGEix-GLOBIOM_1.1,EN_INDCi2030_1800f_NDCp,0.1249993277292078,2.510210193451459,10.74776779994853,23.41928586421694,41.25129482782748,61.71116339572682,97.37481661672642,134.5987339137961,185.8429005470167,230.0768439458449,C5,C5: limit warming to 2.5°C (>50%)
MESSAGEix-GLOBIOM_1.1,EN_INDCi2030_2000,0.1249993277292078,2.510210193451459,8.830876341005474,21.75253524805458,39.34711323760724,59.25604904694068,96.26979786386062,130.0427836013713,176.986625572703,214.6291941188628,C5,C5: limit warming to 2.5°C (>50%)
MESSAGEix-GLOBIOM_1.1,EN_INDCi2030_2000_COV,0.1249993277292078,2.510210193451459,6.918393286778062,19.14873119764803,36.46278522989726,52.54145498319931,90.30775825183318,128.7911229058465,171.1164021729615,202.423348785917,C5,C5: limit warming to 2.5°C (>50%)
MESSAGEix-GLOBIOM_1.1,EN_INDCi2030_2000_COV_NDCp,0.1249993277292078,2.510210193451459,9.174814977869069,19.13628599352853,36.06530122205391,52.87264622289928,90.27124343777552,129.3672525255147,171.9931749318595,203.5374847413906,C5,C5: limit warming to 2.5°C (>50%)
MESSAGEix-GLOBIOM_1.1,EN_INDCi2030_2000_NDCp,0.1249993277292078,2.510210193451459,10.74776779994853,21.8840970983505,39.27299239380729,59.07688345517142,96.31636052854884,130.3558936816837,176.9377185687499,214.9152468138501,C5,C5: limit warming to 2.5°C (>50%)
MESSAGEix-GLOBIOM_1.1,EN_INDCi2030_2000f,0.1249993277292078,2.510210193451459,8.830876341005474,21.99040514143814,39.46308568340231,58.88265633982834,92.1705220952846,132.4208003280493,184.095819501374,230.1345944236585,C5,C5: limit warming to 2.5°C (>50%)
MESSAGEix-GLOBIOM_1.1,EN_INDCi2030_2000f_COV,0.1249993277292078,2.510210193451459,6.918393286778062,19.50505075521847,36.52281908652957,51.28798108065962,86.8904262074819,130.5888492727315,174.7842998125679,213.6825101953755,C5,C5: limit warming to 2.5°C (>50%)
MESSAGEix-GLOBIOM_1.1,EN_INDCi2030_2000f_COV_NDCp,0.1249993277292078,2.510210193451459,9.174814977869069,19.26448507549435,36.31088830765714,52.29659721401842,87.40695877703678,131.4441341732387,174.6288790884299,212.7818077792405,C5,C5: limit warming to 2.5°C (>50%)
MESSAGEix-GLOBIOM_1.1,EN_INDCi2030_2000f_NDCp,0.1249993277292078,2.510210193451459,10.74776779994853,22.21760389435972,39.52169029329152,59.0803916902319,92.36045358838628,132.5717075886724,183.5827425370645,228.8624895822609,C5,C5: limit warming to 2.5°C (>50%)
MESSAGEix-GLOBIOM_1.1,EN_INDCi2030_2500,0.1249993277292078,2.510210193451459,8.830876341005474,19.30022336945471,31.56682009593247,50.99724200906685,78.47845387117965,123.3596860887364,171.8118604718007,215.1519796271541,C5,C5: limit warming to 2.5°C (>50%)
MESSAGEix-GLOBIOM_1.1,EN_INDCi2030_2500_COV,0.1249993277292078,2.510210193451459,6.918393286778062,16.61762158858589,28.93667048071557,45.23155421831562,74.21218967825004,114.647013826065,166.2767206941988,197.8096213248888,C5,C5: limit warming to 2.5°C (>50%)
MESSAGEix-GLOBIOM_1.1,EN_INDCi2030_2500_COV_NDCp,0.1249993277292078,2.510210193451459,9.174814977869069,16.32069633756133,29.41807403753568,44.95420783186966,74.01676043510386,113.5445837564638,166.2254599366181,197.6928047172983,C5,C5: limit warming to 2.5°C (>50%)
MESSAGEix-GLOBIOM_1.1,EN_INDCi2030_2500_NDCp,0.1249993277292078,2.510210193451459,10.74776779994853,19.31063689286309,32.6207856292991,50.43449973785059,78.05349832623371,122.909969268024,171.496932436152,215.150649026597,C5,C5: limit warming to 2.5°C (>50%)
MESSAGEix-GLOBIOM_1.1,EN_INDCi2030_2500f,0.1249993277292078,2.510210193451459,8.830876341005474,19.57756360370683,32.53358991587923,51.27217794117845,78.47321937458429,121.8494663143211,172.8522890261655,216.1932108397259,C5,C5: limit warming to 2.5°C (>50%)
MESSAGEix-GLOBIOM_1.1,EN_INDCi2030_2500f_COV,0.1249993277292078,2.510210193451459,6.918393286778062,16.64523362461361,29.4034483137845,45.4246084128446,73.68938025069741,113.9970442830842,165.3600951355519,196.9619335168124,C5,C5: limit warming to 2.5°C (>50%)
MESSAGEix-GLOBIOM_1.1,EN_INDCi2030_2500f_COV_NDCp,0.1249993277292078,2.510210193451459,9.174814977869069,16.89413019492431,29.64774195246557,45.15934231196025,73.53693679235514,112.5913904245996,164.9975046393016,196.9362075462951,C5,C5: limit warming to 2.5°C (>50%)
MESSAGEix-GLOBIOM_1.1,EN_INDCi2030_2500f_NDCp,0.1249993277292078,2.510210193451459,10.74776779994853,19.48483614416848,32.84229284897964,50.50948058044224,78.24798027984923,121.7279507224258,172.7133690189663,216.0291246709295,C5,C5: limit warming to 2.5°C (>50%)
MESSAGEix-GLOBIOM_1.1,EN_INDCi2030_3000,0.1249993277292078,2.510210193451459,8.830876341005474,16.66494086159388,28.56488932242682,45.15397636288789,69.70673647910822,102.917697728916,166.2037628930414,203.9967722030134,C6,C6: limit warming to 3°C (>50%)
MESSAGEix-GLOBIOM_1.1,EN_INDCi2030_3000_COV,0.1249993277292078,2.510210193451459,6.918393286778062,14.67290027163999,25.94834669315859,39.65870228053029,64.53760842969251,94.93147979733196,142.2013159469388,187.7709601133308,C6,C6: limit warming to 3°C (>50%)
MESSAGEix-GLOBIOM_1.1,EN_INDCi2030_3000_COV_NDCp,0.1249993277292078,2.510210193451459,9.174814977869069,14.88735482594559,25.45955924826793,39.66175434812028,64.12848889006398,94.97825888104934,140.9308889769348,186.6107787816912,C6,C6: limit warming to 3°C (>50%)
MESSAGEix-GLOBIOM_1.1,EN_INDCi2030_3000_NDCp,0.1249993277292078,2.510210193451459,10.74776779994853,16.82895017858192,28.60872195001286,44.76813805553591,69.24551375923048,103.2961767979581,166.8940999156573,203.4516935818569,C6,C6: limit warming to 3°C (>50%)
MESSAGEix-GLOBIOM_1.1,EN_INDCi2030_3000f,0.1249993277292078,2.510210193451459,8.830876341005474,16.68716386250068,28.67239856881914,45.41809903019662,70.19898191061719,102.098435023791,161.853372141746,206.8020077778483,C6,C6: limit warming to 3°C (>50%)
MESSAGEix-GLOBIOM_1.1,EN_INDCi2030_3000f_COV,0.1249993277292078,2.510210193451459,6.918393286778062,14.73442765396325,25.88213650629604,39.86972715392162,64.53311695634049,93.65007971056326,141.392195100755,186.9829775109421,C6,C6: limit warming to 3°C (>50%)
MESSAGEix-GLOBIOM_1.1,EN_INDCi2030_3000f_COV_NDCp,0.1249993277292078,2.510210193451459,9.174814977869069,15.11403970992868,25.53688387694811,39.85286289841114,64.2176586731465,93.48884110673067,140.7539527794575,186.0111256528029,C6,C6: limit warming to 3°C (>50%)
MESSAGEix-GLOBIOM_1.1,EN_INDCi2030_3000f_NDCp,0.1249993277292078,2.510210193451459,10.74776779994853,17.10648371257977,28.8909353397915,45.2124306748152,70.06774184074294,102.1185239533173,161.483453151019,206.6179090465312,C6,C6: limit warming to 3°C (>50%)
MESSAGEix-GLOBIOM_1.1,EN_INDCi2030_600f_COV,0.1249993277292078,2.510210193451459,6.918393286778062,44.90320665646473,73.67492810697681,94.99240446313672,128.9675919246293,152.9571255532038,179.3579803714618,191.6710429229009,C2,C2: return warming to 1.5°C (>50%) after a high overshoot
MESSAGEix-GLOBIOM_1.1,EN_INDCi2030_600f_COV_NDCp,0.1249993277292078,2.510210193451459,9.174814977869069,49.1547326809958,73.52905511241677,95.4940902413415,130.9384363147497,154.4912280449702,179.5950232973942,191.9586702637266,C2,C2: return warming to 1.5°C (>50%) after a high overshoot
MESSAGEix-GLOBIOM_1.1,EN_INDCi2030_700f,0.1249993277292078,2.510210193451459,8.830876341005474,46.50700065391747,77.93659547812742,106.0859861264615,135.1898199725588,160.0852755133051,189.5485070109012,218.9777242561442,C2,C2: return warming to 1.5°C (>50%) after a high overshoot
MESSAGEix-GLOBIOM_1.1,EN_INDCi2030_700f_COV,0.1249993277292078,2.510210193451459,6.918393286778062,43.19878110211447,71.53485983787552,94.01088275058282,133.0760169296186,162.4843432949402,185.3064039371415,200.5288521278338,C2,C2: return warming to 1.5°C (>50%) after a high overshoot
MESSAGEix-GLOBIOM_1.1,EN_INDCi2030_700f_COV_NDCp,0.1249993277292078,2.510210193451459,9.174814977869069,46.28462733633033,70.65619602406318,94.08115432633838,133.1350826992753,163.5804947070606,185.0419531584165,200.5993653230459,C2,C2: return warming to 1.5°C (>50%) after a high overshoot
MESSAGEix-GLOBIOM_1.1,EN_INDCi2030_700f_NDCp,0.1249993277292078,2.510210193451459,10.74776779994853,50.69400611217846,78.2035669007168,106.0721176412968,135.3182410650181,160.7445312589923,190.3903151728676,220.2330442101602,C2,C2: return warming to 1.5°C (>50%) after a high overshoot
MESSAGEix-GLOBIOM_1.1,EN_INDCi2030_800f,0.1249993277292078,2.510210193451459,8.830876341005474,43.70542024517344,76.52100145569875,103.2018308319565,135.8045471486744,166.0491199203244,196.9349618276286,227.9088678155961,C3,C3: limit warming to 2°C (>67%)
MESSAGEix-GLOBIOM_1.1,EN_INDCi2030_800f_COV,0.1249993277292078,2.510210193451459,6.918393286778062,39.17297873404245,69.26072554848366,90.91406773855996,131.1261485129491,166.007353355306,188.1234509376824,207.119737607063,C3,C3: limit warming to 2°C (>67%)
MESSAGEix-GLOBIOM_1.1,EN_INDCi2030_800f_COV_NDCp,0.1249993277292078,2.510210193451459,9.174814977869069,40.63248462344048,68.70664603729936,90.90281720246534,130.8324468237374,166.4839969513689,187.9201546605347,207.7290445792059,C3,C3: limit warming to 2°C (>67%)
MESSAGEix-GLOBIOM_1.1,EN_INDCi2030_800f_NDCp,0.1249993277292078,2.510210193451459,10.74776779994853,47.63973532667905,76.45573361512744,103.709575450176,134.9114258211554,165.2296871681128,196.6327779130354,228.9295409430274,C3,C3: limit warming to 2°C (>67%)
MESSAGEix-GLOBIOM_1.1,EN_INDCi2030_900f,0.1249993277292078,2.510210193451459,8.830876341005474,39.99178069016184,72.68989811960707,99.18053864948078,130.806902385788,167.2745820608837,199.9227251367526,233.180627727408,C3,C3: limit warming to 2°C (>67%)
MESSAGEix-GLOBIOM_1.1,EN_INDCi2030_900f_COV,0.1249993277292078,2.510210193451459,6.918393286778062,36.02636931424777,66.7753873092563,87.67047107546801,125.8277800733549,167.2506790506043,194.8712898886904,213.999392228509,C3,C3: limit warming to 2°C (>67%)
MESSAGEix-GLOBIOM_1.1,EN_INDCi2030_900f_COV_NDCp,0.1249993277292078,2.510210193451459,9.174814977869069,37.22960205347325,65.46733253650301,87.20683011142151,125.4682298391369,166.9326178934879,195.8417216033855,214.2882873723896,C3,C3: limit warming to 2°C (>67%)
MESSAGEix-GLOBIOM_1.1,EN_INDCi2030_900f_NDCp,0.1249993277292078,2.510210193451459,10.74776779994853,42.59112661889722,73.0757290170775,99.66466590922003,130.6192005451847,167.7623022994238,199.6391007598411,233.0056104555597,C3,C3: limit warming to 2°C (>67%)
MESSAGEix-GLOBIOM_1.1,EN_INDCi2030_950_COV,0.1249993277292078,2.510210193451459,6.918393286778062,45.45714084014957,74.48586440619991,96.80163458898032,121.5038276353317,142.6123591223352,169.2817222033132,196.4894103383763,C3,C3: limit warming to 2°C (>67%)
MESSAGEix-GLOBIOM_1.1,EN_INDCi2030_950_COV_NDCp,0.1249993277292078,2.510210193451459,9.174814977869069,49.56106846227334,74.3129100430598,97.03545397386888,126.0814129017813,143.45613510409,169.9426154750042,196.6067942417754,C3,C3: limit warming to 2°C (>67%)
MESSAGEix-GLOBIOM_1.1,EN_INDCi2030_950f_COV,0.1249993277292078,2.510210193451459,6.918393286778062,33.2438545987203,63.81959481983436,84.97223384306037,123.9181853486995,166.2188858048279,197.732180961796,216.3076653125621,C3,C3: limit warming to 2°C (>67%)
MESSAGEix-GLOBIOM_1.1,EN_INDCi2030_950f_COV_NDCp,0.1249993277292078,2.510210193451459,9.174814977869069,34.12209487127691,63.22061236240575,84.89977999179156,123.553864714606,166.089251410923,198.0709587605203,216.5576610292783,C3,C3: limit warming to 2°C (>67%)
MESSAGEix-GLOBIOM_1.1,EN_INDCi2100,0.1249993277292078,2.510210193451459,8.830876341005474,16.97295397536116,28.73423878840248,39.4483157704349,58.23475456190538,77.10572497066238,101.8099265827372,131.4904744453748,C6,C6: limit warming to 3°C (>50%)
MESSAGEix-GLOBIOM_1.1,EN_INDCi2100_COV,0.1249993277292078,2.510210193451459,6.918393286778062,15.58379507498436,26.50617417780561,34.56611964853431,58.24759213363992,76.18653845087442,96.6233425464167,119.7093595500644,C6,C6: limit warming to 3°C (>50%)
MESSAGEix-GLOBIOM_1.1,EN_INDCi2100_COV_NDCp,0.1249993277292078,2.510210193451459,9.174814977869069,16.38528887308425,26.48678856396531,36.00136433137465,61.49027174100269,78.84501993952269,97.87771474832464,119.2685078037909,C6,C6: limit warming to 3°C (>50%)
MESSAGEix-GLOBIOM_1.1,EN_INDCi2100_NDCp,0.1249993277292078,2.510210193451459,10.74776779994853,18.01427234332425,28.64323220577077,39.33775338356502,62.21480645559961,79.172583412082,101.5594005086698,131.8326041281257,C6,C6: limit warming to 3°C (>50%)
MESSAGEix-GLOBIOM_1.1,EN_NPi2020_1000,0.1249993277292078,2.510210193451459,18.27772630976259,36.78671871611031,66.22676069522574,88.42209050605027,117.2894321802457,151.6602351949442,182.1366313481886,221.9837189035297,C3,C3: limit warming to 2°C (>67%)
MESSAGEix-GLOBIOM_1.1,EN_NPi2020_1000_COV,0.1249993277292078,2.510210193451459,13.26516350195187,31.68331152172497,57.89117769299449,76.11350908776694,108.734000813105,147.409913523737,174.6875386493829,205.2190969250601,C3,C3: limit warming to 2°C (>67%)
MESSAGEix-GLOBIOM_1.1,EN_NPi2020_1000_DR10p,0.1249993277292078,2.510210193451459,11.99538382509615,32.38638474365677,71.08340988277756,94.52401929320358,119.3340614508981,134.611503203098,166.4280910391497,203.9806496093099,C3,C3: limit warming to 2°C (>67%)
MESSAGEix-GLOBIOM_1.1,EN_NPi2020_1000_DR1p,0.1249993277292078,2.51034245819368,28.85562570880834,49.52748112218278,70.82307706486316,85.58614875213341,112.9775805694427,172.3984259151144,202.6808720892461,247.522811258811,C3,C3: limit warming to 2°C (>67%)
MESSAGEix-GLOBIOM_1.1,EN_NPi2020_1000_DR2p,0.1249993277292078,2.510214609051459,24.50524306473442,44.71689194961683,67.42020441653982,82.6111737166464,111.0013885949495,164.3570190264745,196.6287813568316,238.3946686057547,C3,C3: limit warming to 2°C (>67%)
MESSAGEix-GLOBIOM_1.1,EN_NPi2020_1000_DR3p,0.1249993277292078,2.510214609051459,21.35555870774628,42.4240513258377,65.82342309431051,81.20873767819755,114.4159056845722,162.9263430199571,189.6761820069115,228.665049161767,C3,C3: limit warming to 2°C (>67%)
MESSAGEix-GLOBIOM_1.1,EN_NPi2020_1000_DR4p,0.1249993277292078,2.510210193451459,19.65738481290185,39.52177507949449,66.08630954043768,86.17455612605244,115.2197129769301,152.6401270691809,183.3398887895571,219.3696104250979,C3,C3: limit warming to 2°C (>67%)
MESSAGEix-GLOBIOM_1.1,EN_NPi2020_1000f,0.1249993277292078,2.510210193451459,15.02781383235645,31.24337571003402,57.42686665868905,82.8245692348649,117.1938650431725,171.3079776158612,224.9355104284239,260.5236847388232,C3,C3: limit warming to 2°C (>67%)
MESSAGEix-GLOBIOM_1.1,EN_NPi2020_1000f_COV,0.1249993277292078,2.510210193451459,12.03904689725095,28.28400846660743,48.50633498438901,70.9780420834007,107.9978492479212,157.9644266981499,204.9349533930184,234.7232524152304,C3,C3: limit warming to 2°C (>67%)
MESSAGEix-GLOBIOM_1.1,EN_NPi2020_1000f_DR10p,0.1249993277292078,2.510210193451459,6.824222949820655,22.66917924010167,51.33233865867541,86.27451821330786,122.5382892960943,171.4845394565369,211.4389751087789,229.5687158184971,C4,C4: limit warming to 2°C (>50%)
MESSAGEix-GLOBIOM_1.1,EN_NPi2020_1000f_DR1p,0.1249993277292078,2.51034245819368,29.43269169849971,49.72270568539771,70.7987117253281,85.01546907340573,111.3267868077946,170.7470228792395,201.5087346225604,246.6686564700386,C3,C3: limit warming to 2°C (>67%)
MESSAGEix-GLOBIOM_1.1,EN_NPi2020_1000f_DR2p,0.1249993277292078,2.510214609051459,23.39900337103946,43.83238831591532,65.39680669424176,80.13088578369982,107.9224954301137,164.012766038418,203.1066454462274,256.1695283327248,C3,C3: limit warming to 2°C (>67%)
MESSAGEix-GLOBIOM_1.1,EN_NPi2020_1000f_DR3p,0.1249993277292078,2.510214609051459,21.38079358954817,36.42919595702408,60.85857833023203,79.12252669183982,113.8841682620615,167.0624798248751,217.8805575829227,274.9568508530874,C3,C3: limit warming to 2°C (>67%)
MESSAGEix-GLOBIOM_1.1,EN_NPi2020_1000f_DR4p,0.1249993277292078,2.510210193451459,18.06872082735396,32.10645366529014,59.50171302514539,83.45911758756093,116.3019106081994,167.1900290091684,220.6706027503116,271.6447203136006,C3,C3: limit warming to 2°C (>67%)
MESSAGEix-GLOBIOM_1.1,EN_NPi2020_1200,0.1249993277292078,2.510210193451459,14.89884112398321,30.98180936384011,55.41010090959805,80.64749327932007,109.0948340199033,152.5051189810793,183.7623553381933,224.439465080137,C3,C3: limit warming to 2°C (>67%)
MESSAGEix-GLOBIOM_1.1,EN_NPi2020_1200_COV,0.1249993277292078,2.510210193451459,10.48030961763513,27.29247640425519,47.69345652382939,69.47873828446856,104.3349619055448,148.0271721174889,177.2535674280625,209.4552508346382,C3,C3: limit warming to 2°C (>67%)
MESSAGEix-GLOBIOM_1.1,EN_NPi2020_1200f,0.1249993277292078,2.510210193451459,13.19385731791221,27.73911962436992,51.11153723763314,76.07992578910216,108.6460835395797,158.8909056182052,212.6007134998301,259.2945324656202,C4,C4: limit warming to 2°C (>50%)
MESSAGEix-GLOBIOM_1.1,EN_NPi2020_1200f_COV,0.1249993277292078,2.510210193451459,9.780481848463292,25.42410571691634,45.19778784915935,65.45333067297798,102.794961370479,150.5249927696988,198.488136343291,234.7326209092729,C4,C4: limit warming to 2°C (>50%)
MESSAGEix-GLOBIOM_1.1,EN_NPi2020_1400,0.1249993277292078,2.510210193451459,12.10197358855557,26.92106786020805,50.0667972749609,74.46134486913064,104.5149730596404,147.1296077880012,185.4118676696917,221.0627660024911,C4,C4: limit warming to 2°C (>50%)
MESSAGEix-GLOBIOM_1.1,EN_NPi2020_1400_COV,0.1249993277292078,2.510210193451459,9.611963494426364,25.01910767247731,44.24363095419506,65.13718100011273,100.0729534064146,141.5045668856596,177.901805893217,203.5558237456343,C4,C4: limit warming to 2°C (>50%)
MESSAGEix-GLOBIOM_1.1,EN_NPi2020_1400f,0.1249993277292078,2.510210193451459,12.46386984557554,25.28494529872094,47.91151871133258,69.35800633932539,103.4237167312973,150.5601247701041,203.3198355819067,258.2735940098307,C4,C4: limit warming to 2°C (>50%)
MESSAGEix-GLOBIOM_1.1,EN_NPi2020_1400f_COV,0.1249993277292078,2.510210193451459,9.28555172186581,22.62226909290277,42.30760622316205,60.22144837659369,99.75778795198892,146.8998784247147,195.0549180292168,235.2174996190546,C4,C4: limit warming to 2°C (>50%)
MESSAGEix-GLOBIOM_1.1,EN_NPi2020_1600,0.1249993277292078,2.510210193451459,10.40558565187488,23.85091827533479,45.79858582736315,65.0457836379723,100.271631088106,139.7547909308061,187.2670663770383,218.5297245592433,C4,C4: limit warming to 2°C (>50%)
MESSAGEix-GLOBIOM_1.1,EN_NPi2020_1600_COV,0.1249993277292078,2.510210193451459,8.410836135656997,22.10251139183388,40.29670301435414,56.16957700617778,95.90564822058391,130.4261946413152,177.5607202353969,205.2922235696162,C4,C4: limit warming to 2°C (>50%)
MESSAGEix-GLOBIOM_1.1,EN_NPi2020_1600f,0.1249993277292078,2.510210193451459,10.42125593031328,23.72478262831029,44.30490909057188,63.84936041548605,100.2873720797741,142.4523574263873,197.8622043859493,249.6675025473392,C5,C5: limit warming to 2.5°C (>50%)
MESSAGEix-GLOBIOM_1.1,EN_NPi2020_1600f_COV,0.1249993277292078,2.510210193451459,8.60200651590269,21.85372015514433,40.24763703584488,56.00356335025951,95.00637420537628,132.6603687386794,187.1656543777105,232.0423618215147,C4,C4: limit warming to 2°C (>50%)
MESSAGEix-GLOBIOM_1.1,EN_NPi2020_1800,0.1249993277292078,2.510210193451459,9.601082694619048,22.56240774402299,41.71691184591286,60.77914009144426,97.88707399359322,133.5538476650161,185.6047986103723,221.1316859215416,C5,C5: limit warming to 2.5°C (>50%)
MESSAGEix-GLOBIOM_1.1,EN_NPi2020_1800_COV,0.1249993277292078,2.510210193451459,7.130432517952391,20.05399220084728,38.05582982399793,54.86114461634767,93.7065664813154,128.8900307379313,172.6397770288881,207.2634228183554,C5,C5: limit warming to 2.5°C (>50%)
MESSAGEix-GLOBIOM_1.1,EN_NPi2020_1800f,0.1249993277292078,2.510210193451459,9.563666300735806,22.38265734074959,41.38599830550035,60.58579735894971,96.54162882572685,133.5452072828963,189.2530903412807,239.5041093638818,C5,C5: limit warming to 2.5°C (>50%)
MESSAGEix-GLOBIOM_1.1,EN_NPi2020_1800f_COV,0.1249993277292078,2.510210193451459,7.330687037535533,19.97709021676233,37.96536277243168,53.00191688343715,91.37027052984187,132.5010857442656,180.7192638033064,227.1413279770779,C5,C5: limit warming to 2.5°C (>50%)
MESSAGEix-GLOBIOM_1.1,EN_NPi2020_2000,0.1249993277292078,2.510210193451459,8.572416204571008,21.03986840383239,37.21863170465792,59.37756001369819,94.17960383277575,133.7275812359289,180.3657792218018,220.2300921627628,C5,C5: limit warming to 2.5°C (>50%)
MESSAGEix-GLOBIOM_1.1,EN_NPi2020_2000_COV,0.1249993277292078,2.510210193451459,7.047450680408746,18.65010500653151,35.45259124887239,50.9651529383724,85.035634448568,128.953906511467,170.067365812032,205.9678521551225,C5,C5: limit warming to 2.5°C (>50%)
MESSAGEix-GLOBIOM_1.1,EN_NPi2020_2000f,0.1249993277292078,2.510210193451459,8.773329141067565,21.59718281029796,36.16946017520989,57.47227893195922,90.7027229329612,135.1767817120811,186.8637471971723,238.1568456935719,C5,C5: limit warming to 2.5°C (>50%)
MESSAGEix-GLOBIOM_1.1,EN_NPi2020_2000f_COV,0.1249993277292078,2.510210193451459,6.934735136857656,19.06181251057971,35.65636011170431,50.92174841467845,83.1095794853943,127.0890398956244,171.9694321720971,222.1130662811416,C5,C5: limit warming to 2.5°C (>50%)
MESSAGEix-GLOBIOM_1.1,EN_NPi2020_200f,0.1249993277292078,2.510210193451459,33.39957306430495,59.75171061011879,88.07062688826898,112.4774261040094,140.8582972608579,188.3315435961682,220.5448804532233,242.8167868476254,C2,C2: return warming to 1.5°C (>50%) after a high overshoot
MESSAGEix-GLOBIOM_1.1,EN_NPi2020_2500,0.1249993277292078,2.510210193451459,6.903417548107144,19.5940768475519,32.86596823640802,51.67489997113093,78.32548721757266,122.4582752483946,174.0755166585709,217.1996695930873,C5,C5: limit warming to 2.5°C (>50%)
MESSAGEix-GLOBIOM_1.1,EN_NPi2020_2500_COV,0.1249993277292078,2.510210193451459,5.740711301242229,15.97208586234009,28.8254429601431,45.56114792349108,73.69894073576539,112.6883798021923,166.9746209187206,198.592622787101,C5,C5: limit warming to 2.5°C (>50%)
MESSAGEix-GLOBIOM_1.1,EN_NPi2020_2500f,0.1249993277292078,2.510210193451459,6.952007847853942,19.89996148119066,33.06945113746862,51.72603988490869,78.31042321241931,120.7431747299376,174.8403371708609,219.6839160899128,C5,C5: limit warming to 2.5°C (>50%)
MESSAGEix-GLOBIOM_1.1,EN_NPi2020_2500f_COV,0.1249993277292078,2.510210193451459,5.901330627413359,16.662520301995,29.40109310681525,45.71894592802032,73.5551517814721,111.0423189889027,165.0476852559209,197.9788697578991,C5,C5: limit warming to 2.5°C (>50%)
MESSAGEix-GLOBIOM_1.1,EN_NPi2020_3000,0.1249993277292078,2.510210193451459,6.58414950521346,16.94281751422274,30.05854723876836,45.77268836119009,71.06535895933511,103.6583923578297,167.437670998463,209.3943634025583,C6,C6: limit warming to 3°C (>50%)
MESSAGEix-GLOBIOM_1.1,EN_NPi2020_3000_COV,0.1249993277292078,2.510210193451459,5.479733397390469,14.52151138327785,24.9029494018388,40.19473899270424,64.25236593003301,94.14864303407046,142.1293057394467,189.9103108990562,C6,C6: limit warming to 3°C (>50%)
MESSAGEix-GLOBIOM_1.1,EN_NPi2020_3000f,0.1249993277292078,2.510210193451459,6.606319781842441,16.97863471960863,30.03359284271648,47.09298035849594,71.12106788649324,102.9646203636285,163.1187695245354,210.4209062849539,C6,C6: limit warming to 3°C (>50%)
MESSAGEix-GLOBIOM_1.1,EN_NPi2020_3000f_COV,0.1249993277292078,2.510210193451459,5.552454900841771,14.69206776815442,25.03140870116503,40.4474200477889,64.4435748417494,93.93722633421032,141.9765808120672,188.6098242254475,C6,C6: limit warming to 3°C (>50%)
MESSAGEix-GLOBIOM_1.1,EN_NPi2020_300f,0.1249993277292078,2.510210193451459,27.1895275604119,56.89640620396827,83.28382767522794,109.8066278891796,142.4301883683943,193.7242028272749,227.73829184224,250.1748473680859,C2,C2: return warming to 1.5°C (>50%) after a high overshoot
MESSAGEix-GLOBIOM_1.1,EN_NPi2020_400f,0.1249993277292078,2.510210193451459,25.5631422493568,52.75244160172317,78.48845943993331,103.3820763405189,139.4994205346736,191.7864083560626,227.5580655695841,257.7770862846228,C2,C2: return warming to 1.5°C (>50%) after a high overshoot
MESSAGEix-GLOBIOM_1.1,EN_NPi2020_450,0.1249993277292078,2.510210193451459,39.15636945070408,62.97212690566619,88.01050004546445,98.82074612631212,121.0131936226166,147.4537584519306,178.834827098398,218.7869770373094,C1,C1: limit warming to 1.5°C (>50%) with no or limited overshoot
MESSAGEix-GLOBIOM_1.1,EN_NPi2020_450f,0.1249993277292078,2.510210193451459,24.06273371242375,49.03262135930928,77.61377785469247,100.5492800797791,138.0797362856271,190.6137359762192,227.2973725264195,261.4522176079078,C2,C2: return warming to 1.5°C (>50%) after a high overshoot
MESSAGEix-GLOBIOM_1.1,EN_NPi2020_500,0.1249993277292078,2.510210193451459,37.21948812041597,63.50259906056665,89.82083587987444,100.2414358022404,118.3388685989045,146.1559326683187,176.1913323365243,217.2335177311037,C1,C1: limit warming to 1.5°C (>50%) with no or limited overshoot
MESSAGEix-GLOBIOM_1.1,EN_NPi2020_500f,0.1249993277292078,2.510210193451459,21.91597354670833,47.4112168165463,76.61677638079885,98.4999640595838,136.9007343692203,194.0878638423135,227.7930678339138,259.848683063151,C2,C2: return warming to 1.5°C (>50%) after a high overshoot
MESSAGEix-GLOBIOM_1.1,EN_NPi2020_600,0.1249993277292078,2.510210193451459,34.02917312024044,60.72119125282847,87.92204302639175,103.8901910392566,122.2764299045461,148.921469430328,174.9681776527489,215.9769036125933,C2,C2: return warming to 1.5°C (>50%) after a high overshoot
MESSAGEix-GLOBIOM_1.1,EN_NPi2020_600_COV,0.1249993277292078,2.510210193451459,24.09242459452695,52.81767677005282,77.41190145759715,92.51277477359476,118.1858019549776,146.4239102537865,168.4025129328929,201.0449402366559,C1,C1: limit warming to 1.5°C (>50%) with no or limited overshoot
MESSAGEix-GLOBIOM_1.1,EN_NPi2020_600_DR10p,0.1249993277292078,2.510210193451459,26.89261746413063,59.93848077106115,90.59306582226856,106.4981532372676,118.4741906950916,132.7538193562659,164.4527703301661,205.6977713989916,C2,C2: return warming to 1.5°C (>50%) after a high overshoot
MESSAGEix-GLOBIOM_1.1,EN_NPi2020_600_DR1p,0.1249993277292078,2.51034245819368,38.95930158711939,64.8893391807877,88.61371924043974,108.0624879498221,138.2874823059834,188.9306657465585,215.4179054640045,254.0914412446452,C1,C1: limit warming to 1.5°C (>50%) with no or limited overshoot
MESSAGEix-GLOBIOM_1.1,EN_NPi2020_600_DR2p,0.1249993277292078,2.510214609051459,37.6109820678201,62.37581058658651,87.47152259208148,103.7636413249355,131.9266549543495,173.7034115870027,199.651488051952,242.1081296890841,C1,C1: limit warming to 1.5°C (>50%) with no or limited overshoot
MESSAGEix-GLOBIOM_1.1,EN_NPi2020_600_DR3p,0.1249993277292078,2.510214609051459,35.68441460549077,60.89359798860805,87.57850635548613,103.5189829880282,129.3827289161146,162.6499467768897,190.3922303027621,231.2590413757833,C1,C1: limit warming to 1.5°C (>50%) with no or limited overshoot
MESSAGEix-GLOBIOM_1.1,EN_NPi2020_600_DR4p,0.1249993277292078,2.510210193451459,34.94400164804245,60.60695815345817,87.82482777717283,105.0184254427013,123.9364181036982,152.504045689808,182.1556909583243,218.8225241469437,C1,C1: limit warming to 1.5°C (>50%) with no or limited overshoot
MESSAGEix-GLOBIOM_1.1,EN_NPi2020_600f,0.1249993277292078,2.510210193451459,21.55135967832451,44.39242820372593,73.66862048544955,97.23100016136485,135.617890406527,196.1941561212588,232.2095441747495,259.3075257589112,C2,C2: return warming to 1.5°C (>50%) after a high overshoot
MESSAGEix-GLOBIOM_1.1,EN_NPi2020_600f_COV,0.1249993277292078,2.510210193451459,15.20367686542408,36.48557188287317,64.63011089778108,84.87956878586262,127.56943214232,183.8501626700727,217.9507679367973,238.3128344530842,C2,C2: return warming to 1.5°C (>50%) after a high overshoot
MESSAGEix-GLOBIOM_1.1,EN_NPi2020_600f_DR10p,0.1249993277292078,2.510210193451459,10.43233495246347,31.974402464441,69.91715051967964,101.6058758150904,143.4879062336882,176.1010257327234,203.4653145869327,199.107805120038,C2,C2: return warming to 1.5°C (>50%) after a high overshoot
MESSAGEix-GLOBIOM_1.1,EN_NPi2020_600f_DR1p,0.1249993277292078,2.51034245819368,35.39066479101505,59.84436415315927,82.23529336372154,99.44136949632131,139.3570406928488,199.6066841790959,242.6674409849278,298.1321566183004,C2,C2: return warming to 1.5°C (>50%) after a high overshoot
MESSAGEix-GLOBIOM_1.1,EN_NPi2020_600f_DR2p,0.1249993277292078,2.510214609051459,29.93263314057971,53.77429550189582,78.03993667407777,92.81991308997438,136.0058255546761,195.0288401886864,254.0427037818398,310.8757487505998,C2,C2: return warming to 1.5°C (>50%) after a high overshoot
MESSAGEix-GLOBIOM_1.1,EN_NPi2020_600f_DR3p,0.1249993277292078,2.510214609051459,26.47476989445126,49.17172915345427,75.83951646159231,92.96686613557615,133.4850958270678,195.5448198128871,253.9192415567512,306.2876959613225,C2,C2: return warming to 1.5°C (>50%) after a high overshoot
MESSAGEix-GLOBIOM_1.1,EN_NPi2020_600f_DR4p,0.1249993277292078,2.510210193451459,22.43532177231354,47.12868743406392,74.10468469740974,95.66170555167577,134.1246378881302,195.4076293290966,245.4673375497756,283.9499298287543,C2,C2: return warming to 1.5°C (>50%) after a high overshoot
MESSAGEix-GLOBIOM_1.1,EN_NPi2020_700,0.1249993277292078,2.510210193451459,26.37777385034721,54.6394447539073,78.11354380655202,99.29062401548678,118.9339797641329,146.801103275586,177.7066911506078,215.292850546318,C2,C2: return warming to 1.5°C (>50%) after a high overshoot
MESSAGEix-GLOBIOM_1.1,EN_NPi2020_700_COV,0.1249993277292078,2.510210193451459,19.6317711422783,47.00416853401558,70.74883023426928,87.412531748481,115.1168961214172,141.6494626186582,168.9770382924787,199.1910946549474,C2,C2: return warming to 1.5°C (>50%) after a high overshoot
MESSAGEix-GLOBIOM_1.1,EN_NPi2020_700f,0.1249993277292078,2.510210193451459,19.36113961670227,38.70163350489671,69.74355650886089,94.00214726929453,129.7054989889255,188.4523343819102,229.5153257483699,260.7992585861585,C2,C2: return warming to 1.5°C (>50%) after a high overshoot
MESSAGEix-GLOBIOM_1.1,EN_NPi2020_700f_COV,0.1249993277292078,2.510210193451459,14.44785935715136,33.2632454869084,61.96201974171139,82.19581441658153,123.6156754523872,181.9006108928343,216.4520254058663,239.1651915519921,C2,C2: return warming to 1.5°C (>50%) after a high overshoot
MESSAGEix-GLOBIOM_1.1,EN_NPi2020_800,0.1249993277292078,2.510210193451459,22.03245723421424,48.25361926921526,75.31537673756068,95.12324893461565,121.34664821371,148.1898414918042,178.5171132990825,216.950130717075,C3,C3: limit warming to 2°C (>67%)
MESSAGEix-GLOBIOM_1.1,EN_NPi2020_800_COV,0.1249993277292078,2.510210193451459,17.44711051569194,40.66718972623732,66.43403548688914,82.05161020582071,118.0728742472474,145.6677748526125,171.0591233973288,199.3274740910898,C3,C3: limit warming to 2°C (>67%)
MESSAGEix-GLOBIOM_1.1,EN_NPi2020_800f,0.1249993277292078,2.510210193451459,18.24226057368757,35.16161363071576,65.9567977637917,89.19835035313956,126.830199172904,186.0162265870283,226.4733218701103,254.372232906777,C3,C3: limit warming to 2°C (>67%)
MESSAGEix-GLOBIOM_1.1,EN_NPi2020_800f_COV,0.1249993277292078,2.510210193451459,12.90643145568806,30.10864614275802,58.31017695437048,78.77824690959241,119.6086884495973,176.0062270085157,210.025118543812,236.3778841814166,C3,C3: limit warming to 2°C (>67%)
MESSAGEix-GLOBIOM_1.1,EN_NPi2020_900,0.1249993277292078,2.510210193451459,19.74118658405006,42.44104918300615,70.75086313233986,91.45697012609966,121.1345771100704,153.0734527237128,180.7042283751827,218.1794987990607,C3,C3: limit warming to 2°C (>67%)
MESSAGEix-GLOBIOM_1.1,EN_NPi2020_900_COV,0.1249993277292078,2.510210193451459,14.03443958449226,35.50050214481681,63.50547288162021,80.36721563179853,114.7287734809959,146.627537241974,170.8300582180501,201.5219267791479,C3,C3: limit warming to 2°C (>67%)
MESSAGEix-GLOBIOM_1.1,EN_NPi2020_900f,0.1249993277292078,2.510210193451459,16.920411893992,32.14585181833984,61.48431801582726,87.19250102116226,122.5895359427309,180.0810922804218,227.2300199778898,258.2198532186707,C3,C3: limit warming to 2°C (>67%)
MESSAGEix-GLOBIOM_1.1,EN_NPi2020_900f_COV,0.1249993277292078,2.510210193451459,12.30926964972542,28.95463933500494,51.41831407864773,73.96436553766253,113.5171425621314,165.7055390645824,206.2254318710187,232.9536874181538,C3,C3: limit warming to 2°C (>67%)
MESSAGEix-GLOBIOM_1.1,EN_NPi2100,0.1249993277292078,2.510210193451459,5.448693651349092,15.59897903313118,24.808310946848,33.47506636889451,53.04022304050219,67.86350171074778,89.45274365378334,115.1734803284671,C7,C7: limit warming to 4°C (>50%)
MESSAGEix-GLOBIOM_1.1,EN_NPi2100_COV,0.1249993277292078,2.510210193451459,3.89039398982887,13.5668131244462,22.54742547005058,29.37179765247697,53.60098968524991,69.25738704444868,88.28208262761837,106.0470489016626,C7,C7: limit warming to 4°C (>50%)
MESSAGEix-GLOBIOM_1.1,EN_NoPolicy,0.1249993277292078,2.509698758333681,4.86125045209781,14.09480460716146,23.7329132259567,32.17089695568885,45.47178994613709,61.00692680691543,71.47213406213415,87.45650455435137,C7,C7: limit warming to 4°C (>50%)
MESSAGEix-GLOBIOM_1.1,NGFS2_Below 2°C,0.124999328,2.510210193,13.20995724,31.9525497,58.21286289,76.41938012,109.4576119,147.4958422,175.2479473,205.1529691,C3,C3: limit warming to 2°C (>67%)
MESSAGEix-GLOBIOM_1.1,NGFS2_Current Policies,0.124999328,2.510210193,3.890389673,13.45294578,22.53111671,31.34453091,54.74067792,65.4363657,80.06966364,96.69738367,C7,C7: limit warming to 4°C (>50%)
MESSAGEix-GLOBIOM_1.1,NGFS2_Delayed Transition,0.124999328,2.510210193,3.890389673,34.55471762,70.52089383,95.49579096,129.6814948,157.5388639,181.3629067,199.7477058,C3,C3: limit warming to 2°C (>67%)
MESSAGEix-GLOBIOM_1.1,NGFS2_Divergent Net Zero Policies,0.124999328,2.510210193,24.87093919,54.4230588,78.74540637,89.52398334,116.258981,146.5782267,169.835028,197.4204224,C1,C1: limit warming to 1.5°C (>50%) with no or limited overshoot
MESSAGEix-GLOBIOM_1.1,NGFS2_Nationally Determined Contributions (NDCs),0.124999328,2.510210193,9.174813973,19.29218492,36.08969636,49.00244519,75.40059228,103.9294669,148.7047507,177.3147624,C5,C5: limit warming to 2.5°C (>50%)
MESSAGEix-GLOBIOM_1.1,NGFS2_Net-Zero 2050,0.124999328,2.510210193,26.64037855,52.68668623,78.16038338,91.56535521,116.6977469,146.0085126,172.2278991,204.4087046,C1,C1: limit warming to 1.5°C (>50%) with no or limited overshoot
MESSAGEix-GLOBIOM_1.2,COV_GreenPush,0.124999327729208,2.52095060430874,3.59569611938569,11.7148056669177,21.0461936250679,28.2127706815226,39.89475083957,52.7641692005017,60.9706775048001,76.0152831214738,C7,C7: limit warming to 4°C (>50%)
MESSAGEix-GLOBIOM_1.2,COV_GreenPush_1000,0.124999327729208,2.52095060430874,11.9698484050828,29.9217689802774,51.5115687468241,69.4949955431962,102.64203555475,139.277206565961,168.458621517817,197.541386036885,C3,C3: limit warming to 2°C (>67%)
MESSAGEix-GLOBIOM_1.2,COV_GreenPush_550,0.124999327729208,2.52095060430874,27.8209372060207,55.8533102208734,74.696216367537,84.2692632248582,96.9699945383462,126.046382174859,154.565135632701,191.272211470936,C1,C1: limit warming to 1.5°C (>50%) with no or limited overshoot
MESSAGEix-GLOBIOM_1.2,COV_GreenPush_max_GDP,0.124999327729208,2.52095060430874,4.2232859368307,14.4326533015828,25.4327326658091,32.779860715772,52.0770533354019,70.592494525602,82.7621955448941,95.7960644602124,C7,C7: limit warming to 4°C (>50%)
MESSAGEix-GLOBIOM_1.2,COV_GreenPush_min_GDP,0.124999327729208,2.52095060430874,3.24435787817975,8.970995853384,17.9554083604108,21.8761291702457,32.3099961105039,44.0082183686185,53.4360675265995,61.3755829267119,C7,C7: limit warming to 4°C (>50%)
MESSAGEix-GLOBIOM_1.2,COV_NoPolicyNoCOVID,0.124999327729208,2.52106618439096,4.49352162424608,13.967568408722,23.7575893618266,33.0180638004444,45.6631527574444,59.7498927260595,69.4407497669677,86.4090004428068,C7,C7: limit warming to 4°C (>50%)
MESSAGEix-GLOBIOM_1.2,COV_NoPolicyNoCOVID_1000,0.124999327729208,2.52106618439096,16.183079056196,37.4770914637846,61.57280321142,79.0405366624692,119.788303314485,156.732801839943,186.241595485912,219.595987712422,C3,C3: limit warming to 2°C (>67%)
MESSAGEix-GLOBIOM_1.2,COV_NoPolicyNoCOVID_550,0.124999327729208,2.52106618439096,35.5442011247944,65.7236581656948,88.6470802086246,93.0853799214639,113.87839447605,148.593999228018,176.124853060581,215.20768355418,C1,C1: limit warming to 1.5°C (>50%) with no or limited overshoot
MESSAGEix-GLOBIOM_1.2,COV_Restore,0.124999327729208,2.52095060430874,3.60251325679507,11.7027130860364,22.2713279565942,30.8790739923519,42.6107147787064,56.454804612216,65.7781462513213,82.3373471698954,C7,C7: limit warming to 4°C (>50%)
MESSAGEix-GLOBIOM_1.2,COV_Restore_1000,0.124999327729208,2.52095060430874,12.3031096617595,31.844492010881,55.3430007698619,74.43778262517,110.227294965223,148.057957924769,178.441933276354,210.129515661933,C3,C3: limit warming to 2°C (>67%)
MESSAGEix-GLOBIOM_1.2,COV_Restore_550,0.124999327729208,2.52095060430874,31.2837561188376,59.2157189352598,80.3271137684555,88.8060620455323,104.299779347466,136.524573895175,169.175178774777,206.028196827281,C1,C1: limit warming to 1.5°C (>50%) with no or limited overshoot
MESSAGEix-GLOBIOM_1.2,COV_SelfReliance,0.124999327729208,2.52095060430874,4.00015545100546,12.6568350463167,23.9713848940821,32.9556386768622,47.0548871576037,61.5173967689642,71.2747253382937,87.962090937472,C7,C7: limit warming to 4°C (>50%)
MESSAGEix-GLOBIOM_1.2,COV_SelfReliance_1000,0.124999327729208,2.52095060430874,14.4208409461709,34.1676044517262,59.7790929653163,80.0311804622863,119.239955721948,157.076182360233,186.416187514276,222.03489422598,C3,C3: limit warming to 2°C (>67%)
MESSAGEix-GLOBIOM_1.2,COV_SelfReliance_550,0.124999327729208,2.52095060430874,33.3479775094002,63.0012963225211,87.1346672941081,93.7293647656462,111.194417638046,148.879603845718,178.504079853779,217.597514229837,C1,C1: limit warming to 1.5°C (>50%) with no or limited overshoot
MESSAGEix-GLOBIOM_1.2,COV_SelfReliance_max_GDP,0.124999327729208,2.52095060430874,4.88739571439827,15.6198399962867,28.7884188487557,39.2515020838508,59.4482102895033,78.2774110079467,95.0256938226622,115.250415674018,C7,C7: limit warming to 4°C (>50%)
MESSAGEix-GLOBIOM_1.2,COV_SelfReliance_min_GDP,0.124999327729208,2.52095060430874,3.35599840064572,9.61032315114386,19.0003462862654,24.6797246422658,39.3525867745624,49.6296507799585,57.3358150319038,69.3271235562668,C7,C7: limit warming to 4°C (>50%)
MESSAGEix-GLOBIOM_1.2,COV_SmartUse,0.124999327729208,2.52095060430874,3.76907371629739,11.8985403427843,22.7454856312714,30.3418219782044,42.5605176630255,56.6940670337881,67.100458764103,81.7816008200588,C7,C7: limit warming to 4°C (>50%)
MESSAGEix-GLOBIOM_1.2,COV_SmartUse_1000,0.124999327729208,2.52095060430874,12.602952379829,31.8534055399423,55.6047305596045,74.8329704291518,109.371533042762,147.256540285104,180.073099529872,210.223991948924,C3,C3: limit warming to 2°C (>67%)
MESSAGEix-GLOBIOM_1.2,COV_SmartUse_550,0.124999327729208,2.52095060430874,30.7185077252586,59.6596620105967,80.8068134730474,88.7618371174993,104.196173943933,136.127716479654,170.281318170118,207.292603846845,C1,C1: limit warming to 1.5°C (>50%) with no or limited overshoot
MESSAGEix-GLOBIOM_GEI 1.0,SSP2_int_lc_15,0.247911639330094,0.20573350321193,6.29962834689192,19.8348212162133,36.977658317089,60.1600004028946,92.95412177536,132.313287824279,182.476305015057,250.663088070361,C5,C5: limit warming to 2.5°C (>50%)
MESSAGEix-GLOBIOM_GEI 1.0,SSP2_int_lc_50,0.247911639330094,0.20573350321193,9.84349825287218,26.0946479215311,48.7627917029748,78.0696831819362,124.058929891812,172.213039189373,238.353443740127,318.217358250883,C3,C3: limit warming to 2°C (>67%)
MESSAGEix-GLOBIOM_GEI 1.0,SSP2_int_mc_15,0.247911639330094,0.20573350321193,2.44930659808376,7.28117334728861,17.731888160876,31.3566277288315,44.6275941074003,63.0621255200601,88.4886571935685,126.076189867068,C5,C5: limit warming to 2.5°C (>50%)
MESSAGEix-GLOBIOM_GEI 1.0,SSP2_int_mc_50,0.247911639330094,0.20573350321193,5.73795238844541,17.2822481542977,31.0420179679845,48.0298595046993,72.2330680547915,106.041134865523,151.47580536484,207.73227350991,C2,C2: return warming to 1.5°C (>50%) after a high overshoot
MESSAGEix-GLOBIOM_GEI 1.0,SSP2_noint_lc_15,0.247911639330094,0.20573350321193,6.074904370357068,19.7743437467649,36.85957537999251,59.94633241702074,92.4031001092426,132.1355152352269,182.9270594455455,251.3920550070279,C5,C5: limit warming to 2.5°C (>50%)
MESSAGEix-GLOBIOM_GEI 1.0,SSP2_noint_lc_50,0.247911639330094,0.20573350321193,9.39498251360734,25.7306453822507,48.3656723668655,78.059570132639,123.824832388756,171.339789832363,237.868648656088,317.907025673878,C3,C3: limit warming to 2°C (>67%)
MESSAGEix-GLOBIOM_GEI 1.0,SSP2_noint_mc_15,0.247911639330094,0.20573350321193,2.40414354121813,7.29130448213572,17.4719329228368,31.0873448778004,44.3674899575715,63.1377717876561,89.4276481329768,126.62937753529,C5,C5: limit warming to 2.5°C (>50%)
MESSAGEix-GLOBIOM_GEI 1.0,SSP2_noint_mc_50,0.247911639330094,0.20573350321193,4.99344725509074,16.0232800910662,30.4116624286722,48.2389392385128,72.2351285152483,103.235390915567,153.458899989127,206.464658131252,C2,C2: return warming to 1.5°C (>50%) after a high overshoot
MESSAGEix-GLOBIOM_GEI 1.0,SSP2_openres_lc_100,0.247911639330094,0.20573350321193,10.0866892696958,28.8564968705723,52.3926638602429,87.1047039802112,133.966213236659,189.013407838764,248.864070091021,314.989352759314,C2,C2: return warming to 1.5°C (>50%) after a high overshoot
MESSAGEix-GLOBIOM_GEI 1.0,SSP2_openres_lc_120,0.247911639330094,0.20573350321193,10.1896528427976,29.5023684274244,53.6986615201398,90.2467029172907,134.975701050253,189.609847273197,245.842122590064,314.652354257182,C2,C2: return warming to 1.5°C (>50%) after a high overshoot
MESSAGEix-GLOBIOM_GEI 1.0,SSP2_openres_lc_15,0.247911639330094,0.20573350321193,6.3147447638264,20.2634348966533,39.2431254143509,63.4331948779791,93.4195258377683,133.485815588978,180.399093642696,245.110168942488,C5,C5: limit warming to 2.5°C (>50%)
MESSAGEix-GLOBIOM_GEI 1.0,SSP2_openres_lc_50,0.247911639330094,0.20573350321193,9.35392780949808,25.7272724315248,48.4382230039736,81.0223216662167,123.719884732724,169.516869163701,233.066581639696,307.643074480107,C3,C3: limit warming to 2°C (>67%)
MESSAGEix-GLOBIOM_GEI 1.0,SSP2_openres_lc_80,0.247911639330094,0.20573350321193,9.98753598607245,27.7456049990449,50.8055879904467,83.895062644234,130.344512750807,185.181451544917,245.084395086417,312.333289307908,C2,C2: return warming to 1.5°C (>50%) after a high overshoot
MESSAGEix-GLOBIOM_GEI 1.0,SSP2_openres_lc_CB400,0.247911639330094,0.20573350321193,10.775833678606,32.7308789734438,60.2727358263198,96.2791493640882,139.632463069475,185.488416299636,247.65452126074,317.823402817067,C2,C2: return warming to 1.5°C (>50%) after a high overshoot
MESSAGEix-GLOBIOM_GEI 1.0,SSP2_openres_lc_CB450,0.247911639330094,0.20573350321193,10.7256531560591,32.6127398842024,60.285902701897,96.866819700334,140.521066869394,186.875550468112,246.078405232951,317.012654709092,C2,C2: return warming to 1.5°C (>50%) after a high overshoot
MESSAGEix-GLOBIOM_GEI 1.0,SSP2_openres_lc_CB500,0.247911639330094,0.20573350321193,10.6560192716222,32.4418449835065,60.1913375113688,97.5049696155348,142.584196657093,189.565435138255,247.411645609634,316.949642462735,C2,C2: return warming to 1.5°C (>50%) after a high overshoot
MESSAGEix-GLOBIOM_GEI 1.0,SSP2_openres_lc_CB550,0.247911639330094,0.20573350321193,10.4817976135975,31.9206209677922,59.1504339989869,97.5755242864917,141.573690607536,189.655327640948,247.75906341324,317.070641079742,C2,C2: return warming to 1.5°C (>50%) after a high overshoot
MESSAGEix-GLOBIOM_GEI 1.0,SSP2_openres_lc_CB600,0.247911639330094,0.20573350321193,10.4665181094525,31.3841582393015,59.0976293120278,97.9040782378461,141.257636325252,188.312916182481,245.616248735067,313.995522529475,C2,C2: return warming to 1.5°C (>50%) after a high overshoot
MESSAGEix-GLOBIOM_GEI 1.0,SSP2_openres_mc_15,0.247911639330094,0.20573350321193,2.40026928316512,7.84820886321131,17.4678273344015,30.9889472348979,46.2806144088832,62.9894586284109,92.8654791886269,124.335053172102,C5,C5: limit warming to 2.5°C (>50%)
MESSAGEix-GLOBIOM_GEI 1.0,SSP2_openres_mc_50,0.247911639330094,0.20573350321193,7.46619682743695,16.9337553263031,33.2749521574567,49.0002768550059,77.6937083457762,112.962929378021,162.299368351962,213.711833145564,C2,C2: return warming to 1.5°C (>50%) after a high overshoot
MUSE 1.0,CSH,0.19794467850413103,0.993,0.569,0.961,14.278,23.578,28.141,29.165,27.056,28.356,failed-vetting,failed-vetting
MUSE 1.0,PCSH,0.19794467850413103,1.939,4.349,9.621,15.889,21.152,24.04,24.63,26.526,27.815,no-climate-assessment,no-climate-assessment
MUSE 1.0,PR_Baseline,0.19794467850413103,0.9659,0.5692,8.9905,16.3752,24.6838,24.1517,28.5408,28.9048,28.07,failed-vetting,failed-vetting
MUSE 1.0,PR_CP_Intensity,0.19794467850413103,1.5032,3.8556,9.192,16.7131,23.6098,25.3876,25.9275,27.8628,28.8382,no-climate-assessment,no-climate-assessment
MUSE 1.0,PR_CP_Price,0.19794467850413103,1.5032,3.8563,9.003,16.7512,24.4493,27.8972,27.5809,27.142,27.0852,no-climate-assessment,no-climate-assessment
MUSE 1.0,PR_CP_PriceOnly,0.19794467850413103,0.9659,2.2918,8.6215,15.8461,24.5409,23.0421,27.3159,28.537,28.1143,failed-vetting,failed-vetting
MUSE 1.0,PR_NDC_Intensity,0.19794467850413103,1.5084,4.6054,10.1132,16.8503,24.9418,26.6534,27.3121,29.153,29.1317,no-climate-assessment,no-climate-assessment
MUSE 1.0,PR_NDC_Price,0.19794467850413103,1.5084,4.654,9.1037,16.3544,25.4762,27.1172,28.8325,28.1427,28.2114,no-climate-assessment,no-climate-assessment
MUSE 1.0,PR_NDC_PriceOnly,0.19794467850413103,0.9659,2.9414,9.2034,16.6867,23.3043,27.2612,27.332,29.3479,29.0521,failed-vetting,failed-vetting
MUSE 1.0,R,0.19794467850413103,0.945,0.446,0.091,0.258,0.43,1.096,3.734,5.419,9.502,failed-vetting,failed-vetting
MUSE 1.0,SH,0.19794467850413103,0.945,0.431,0.069,0.507,1.055,1.193,3.92,6.14,9.898,failed-vetting,failed-vetting
McKinsey 1.0,1.5C A,0.19794467850413103,2.25733784477956,47.16952655390764,25.986587211781444,130.4444394300795,62.82573547181772,82.93187268900265,104.50184392242495,125.89012863127448,144.81827094520995,failed-vetting,failed-vetting
McKinsey 1.0,1.5C B,0.19794467850413103,2.25733784477956,45.85076810021958,25.986587211781444,119.4951044813463,62.82573547181772,82.93187268900265,104.50184392242495,125.89012863127448,144.81827094520995,failed-vetting,failed-vetting
McKinsey 1.0,1.5C C,0.19794467850413103,2.25733784477956,43.66578048202089,25.986587211781444,130.4444394300795,62.82573547181772,82.93187268900265,104.50184392242495,125.89012863127448,144.81827094520995,failed-vetting,failed-vetting
POLES ADVANCE,ADVANCE_2020_1.5C-2100,0.17965421943975,1.38453208342425,5.209942770927,13.271361115086,21.540280752756,31.106793815208,37.57602046644,45.74162401056,57.997448461944,72.933480063792,C1,C1: limit warming to 1.5°C (>50%) with no or limited overshoot
POLES ADVANCE,ADVANCE_2020_Med2C,0.17965421943975,1.384529720499,3.581186947641,9.106232326830002,17.652225428748,28.450260925344,40.002968838528,49.303950313896,60.166406804184,72.81702790617601,C3,C3: limit warming to 2°C (>67%)
POLES ADVANCE,ADVANCE_2020_WB2C,0.17965421943975,1.384529720499,3.897378751923,10.415995941852,19.412711859276,30.934380386376,40.513277877624,49.4286155496,58.598375009256,72.198414975888,C2,C2: return warming to 1.5°C (>50%) after a high overshoot
POLES ADVANCE,ADVANCE_2030_1.5C-2100,0.17965421943975,1.384529720499,3.3749362041885,15.144005030328,22.446255998952,29.61430361532,36.10006084152,44.066246096808,56.842753054176,69.711922687824,C2,C2: return warming to 1.5°C (>50%) after a high overshoot
POLES ADVANCE,ADVANCE_2030_Med2C,0.17965421943975,1.384529720499,3.3745297810455,9.343664456922,18.736522767144,29.994260195196,41.24313642852,50.309157618648,60.914740279968,72.97948914393601,C3,C3: limit warming to 2°C (>67%)
POLES ADVANCE,ADVANCE_2030_Price1.5C,0.17965421943975,1.384529720499,3.3745297810455,14.79053931795,22.59345408984,31.325695210368,37.360348852536,45.284626165752,56.364788636064,71.389190941776,C2,C2: return warming to 1.5°C (>50%) after a high overshoot
POLES ADVANCE,ADVANCE_2030_WB2C,0.17965421943975,1.384529720499,3.3745297810455,11.027845955034,20.793945636612,31.799551289112,40.826584662696,48.805725049488,58.697774497944,72.51859899864,C2,C2: return warming to 1.5°C (>50%) after a high overshoot
POLES ADVANCE,ADVANCE_INDC,0.17965421943975,1.384529720499,3.3745297810455,8.057379767346,15.936257410092,26.523716209704,37.776821404104,48.67187096008799,60.113851745976,72.765509834592,C5,C5: limit warming to 2.5°C (>50%)
POLES ADVANCE,ADVANCE_NoPolicy,0.17965421943975,1.37153959519725,3.0103719444315,6.587768534931,13.408801449894,22.960142281836,33.345593926704,45.051404993496,57.194770405896,70.397687703312,C7,C7: limit warming to 4°C (>50%)
POLES ADVANCE,ADVANCE_Reference,0.17965421943975,1.3833390312135,3.0569656797945,6.595570689066,13.414696610832,22.973345858052,33.43369458196801,44.901693650304,56.95683958605601,70.132860042912,C7,C7: limit warming to 4°C (>50%)
POLES CD-LINKS,CD-LINKS_INDC2030i_1600,0.119955167174339,2.01787090301514,6.38404130935669,14.2572402954102,22.0514869689941,27.94516563415531,34.4283065795898,40.5519714355469,47.0869483947754,53.4047737121582,failed-vetting,failed-vetting
POLES CD-LINKS,CD-LINKS_INDC2030i_400,0.119955167174339,2.0174663066864,6.37553310394287,18.2199115753174,23.6483993530273,30.5910129547119,35.857048034668,38.02156829833979,42.59585571289061,47.64826965332029,failed-vetting,failed-vetting
POLES CD-LINKS,CD-LINKS_INDCi,0.119955167174339,2.19110441207886,6.7962818145752,12.65367603302,17.6165142059326,23.0328578948975,29.2806396484375,35.4837760925293,41.628101348877,47.91584777832029,failed-vetting,failed-vetting
POLES CD-LINKS,CD-LINKS_NDC2030i_1000,0.119955167174339,2.01787090301514,6.38404130935669,16.8930282592773,23.9440956115723,30.5074615478516,37.0867500305176,42.3075256347656,47.8660583496094,52.89286804199221,failed-vetting,failed-vetting
POLES CD-LINKS,CD-LINKS_NPi,0.119955167174339,1.99807214736938,5.52977800369263,9.59621238708496,13.818699836731,19.2931804656982,25.7056655883789,32.3869514465332,40.20925521850589,48.547046661377,failed-vetting,failed-vetting
POLES CD-LINKS,CD-LINKS_NPi2020_1000,0.119955167174339,1.99833822250366,6.632708549499509,15.9666891098022,24.9970588684082,30.8880882263184,37.1573829650879,42.5766258239746,48.3927803039551,53.3986396789551,failed-vetting,failed-vetting
POLES CD-LINKS,CD-LINKS_NPi2020_1600,0.119955167174339,1.99833822250366,6.148305892944339,13.0287952423096,21.8288822174072,27.7922592163086,34.8413238525391,40.5755767822266,47.4248390197754,53.58383560180661,failed-vetting,failed-vetting
POLES CD-LINKS,CD-LINKS_NPi2020_400,0.119955167174339,1.99833822250366,8.95486640930176,18.1995697021484,25.4340934753418,32.7690238952637,36.7224998474121,42.2793045043945,46.62598037719729,50.45312881469729,failed-vetting,failed-vetting
POLES CD-LINKS,CD-LINKS_NoPolicy,0.119955167174339,1.61368298530579,3.87556743621826,7.74061441421509,12.1450872421265,17.5201282501221,24.0775184631348,31.7851085662842,40.8033447265625,48.8599510192871,C7,C7: limit warming to 4°C (>50%)
POLES EMF30,EMF30_BCOC-EndU,0.176413256483906,1.35163813857975,3.320615253177,7.17481773477,14.18188127922,21.124159264368,27.418308007248,33.544025637984,40.54748043297599,47.075552474472,C7,C7: limit warming to 4°C (>50%)
POLES EMF30,EMF30_Baseline,0.176413256483906,1.350489644388,3.291156551565,7.077200116761,13.952268856422,20.755740961008,26.926868163996,32.95631706948,39.880654825968,46.360391768712,C7,C7: limit warming to 4°C (>50%)
POLES EMF30,EMF30_CH4-Only,0.176413256483906,1.350437434991999,3.286627386462,7.064371908099001,13.926380197302,20.720067540948,26.8749216153,32.896110634272,39.814446110544,46.286902543032,failed-vetting,failed-vetting
POLES EMF30,EMF30_ClimPolicy,0.176413256483906,1.4500504871145,5.284939317876,11.690632535148,21.369581232372,31.466689384752,40.2771185766,47.28293539668,53.844590682072,59.878905863328,failed-vetting,failed-vetting
POLES EMF30,EMF30_ClimPolicy+SLCF,0.176413256483906,1.45043339352525,5.310137552742,11.747139304536,21.504238266276,31.494417975,40.27060140372,47.320680989664,53.888677016184,60.052529109888,failed-vetting,failed-vetting
POLES EMF30,EMF30_D_BCOC-Red,0.176413256483906,1.350489644388,3.291156551565,7.077200116761,13.952268856422,20.755740961008,26.926868163996,32.95631706948,39.880654825968,46.360391768712,C7,C7: limit warming to 4°C (>50%)
POLES EMF30,EMF30_D_CH4-ClimPolicy,0.176413256483906,1.350437434991999,3.2866325623935,7.064334551376,13.926144354858,20.719624661244,26.874349112268,32.895768572712,39.813239893464,46.287230202,failed-vetting,failed-vetting
POLES EMF30,EMF30_D_CO2-Only,0.176413256483906,1.45014399144225,5.287788330605999,11.691112321494,21.358509239772,31.460078595024,40.259194550856,47.306548446264,53.88331925196,59.941423914552,C4,C4: limit warming to 2°C (>50%)
POLES EMF30,EMF30_D_Frozen-CH4,0.176413256483906,1.35049178227275,3.291209886163499,7.077225771378,13.95222294816,20.755739160684,26.926769146176,32.956486299936,39.88102929336,46.360262145384,C7,C7: limit warming to 4°C (>50%)
POLES EMF30,EMF30_D_Frozen-EF,0.176413256483906,1.35049178227275,3.291209886163499,7.077225771378,13.95222294816,20.755739160684,26.926769146176,32.956486299936,39.88102929336,46.360262145384,C7,C7: limit warming to 4°C (>50%)
POLES EMF30,EMF30_D_Frozen-EF-EndU,0.176413256483906,1.350489644388,3.291156551565,7.077200116761,13.952268856422,20.755740961008,26.926868163996,32.95631706948,39.880654825968,46.360391768712,C7,C7: limit warming to 4°C (>50%)
POLES EMF30,EMF30_D_Frozen-EF-SLCF,0.176413256483906,1.35049178227275,3.291209886163499,7.077225771378,13.95222294816,20.755739160684,26.926769146176,32.956486299936,39.88102929336,46.360262145384,C7,C7: limit warming to 4°C (>50%)
POLES EMF30,EMF30_SLCF,0.176413256483906,1.351535295071249,3.31675040763,7.163423034092999,14.15762641413,21.09033657738,27.373832803152,33.505819162056,40.50241112195999,47.03006188764,failed-vetting,failed-vetting
POLES EMF30,EMF30_Slower-Action,0.176412904858125,1.2597656920155,3.20734471815,8.083843629983999,17.16048133074,26.024126299704,33.011500600728,39.640167546048,47.223438289128,53.386743084336,failed-vetting,failed-vetting
POLES EMF30,EMF30_Slower-Action+SLCF,0.176412904858125,1.25943454491975,3.2217983943435,8.151905778966,17.27519797602001,26.201863286604,33.241963676616,40.009165553736,47.679539572584,53.5034688912,failed-vetting,failed-vetting
POLES EMF30,EMF30_Slower-to-faster,0.176412904858125,1.2597656920155,3.20734471815,11.646499392612,22.340798420004,32.16111395868,40.73245652268,47.34180599148,53.93659083911999,59.693886565848,C2,C2: return warming to 1.5°C (>50%) after a high overshoot
POLES EMF30,EMF30_Slower-to-faster+SLCF,0.176412904858125,1.25943454491975,3.2217983943435,11.688173292564,22.43434145472,32.349406245192,40.857114557088,47.439588789216,54.074888128152,59.944214416752,failed-vetting,failed-vetting
POLES EMF30,EMF30_Slower-to-faster+SLCF+HFC,0.176412904858125,1.25943454491975,3.2217983943435,11.688173292564,22.43434145472,32.349406245192,40.857114557088,47.439588789216,54.074888128152,59.944214416752,failed-vetting,failed-vetting
POLES EMF33,EMF33_1.5C_cost100,0.178842321038246,1.65870404243469,9.2097110748291,16.6596755981445,24.91567420959469,32.142333984375,38.3062629699707,43.6383209228516,48.4480857849121,52.4018974304199,failed-vetting,failed-vetting
POLES EMF33,EMF33_1.5C_full,0.178842321038246,1.65870451927185,8.96157360076904,16.5027389526367,24.856294631958,32.30258560180661,38.5089111328125,43.90810775756839,49.3330955505371,53.5244369506836,failed-vetting,failed-vetting
POLES EMF33,EMF33_1.5C_limbio,0.178842321038246,1.66127192974091,10.4887285232544,16.0386123657227,23.6188793182373,29.2676830291748,33.4729309082031,37.23740768432621,41.00405502319339,44.2057991027832,failed-vetting,failed-vetting
POLES EMF33,EMF33_1.5C_nofuel,0.178842321038246,1.65870177745819,9.37394428253174,16.7432022094727,24.6046867370605,31.6116333007812,37.6310043334961,43.0138053894043,47.70706939697271,51.76712799072271,failed-vetting,failed-vetting
POLES EMF33,EMF33_Baseline,0.178842321038246,1.65870380401611,3.62495613098145,7.043776988983152,13.4823312759399,20.2141056060791,26.419095993042,32.962085723877,40.9196166992188,48.0409355163574,C7,C7: limit warming to 4°C (>50%)
POLES EMF33,EMF33_Med2C_cost100,0.178842321038246,1.65870416164398,4.83538103103638,10.5812005996704,19.7690582275391,29.469310760498,38.0619354248047,45.54827499389651,52.1016616821289,57.12740325927729,C3,C3: limit warming to 2°C (>67%)
POLES EMF33,EMF33_Med2C_full,0.178842321038246,1.65870380401611,4.723382472991942,10.3698167800903,19.3136310577393,28.68694877624511,37.39731979370121,45.0618705749512,52.05705261230471,57.4676933288574,C3,C3: limit warming to 2°C (>67%)
POLES EMF33,EMF33_Med2C_limbio,0.178842321038246,1.65870475769043,5.46423578262329,12.0393486022949,21.6934146881104,31.5188179016113,39.5975303649902,45.68819427490229,51.4217414855957,55.9461898803711,C3,C3: limit warming to 2°C (>67%)
POLES EMF33,EMF33_Med2C_nobeccs,0.178842321038246,1.65870463848114,5.45739984512329,13.0214347839355,23.4008655548096,32.3265495300293,39.5541114807129,45.61377334594729,51.4469604492188,56.04573822021479,C3,C3: limit warming to 2°C (>67%)
POLES EMF33,EMF33_Med2C_nofuel,0.178842321038246,1.65870201587677,4.7287974357605,10.3823194503784,19.40267562866211,28.82942008972169,37.559009552002,45.3340377807617,52.38273620605471,57.587272644043,C3,C3: limit warming to 2°C (>67%)
POLES EMF33,EMF33_Med2C_none,0.178842321038246,1.65870177745819,5.5513129234314,13.1650228500366,23.4155101776123,32.2568435668945,39.49204635620121,45.5463447570801,51.4069213867188,56.14397811889651,C3,C3: limit warming to 2°C (>67%)
POLES EMF33,EMF33_WB2C_cost100,0.178842321038246,1.65870416164398,6.0028600692749,13.4257011413574,23.2843399047852,32.2160758972168,39.5730628967285,45.7399826049805,51.5553131103516,56.2197685241699,C1,C1: limit warming to 1.5°C (>50%) with no or limited overshoot
POLES EMF33,EMF33_WB2C_full,0.178842321038246,1.65870463848114,5.76223373413086,13.013710975647,22.7994441986084,31.8665714263916,39.3783416748047,45.69783782958979,51.6686210632324,56.5291938781738,C1,C1: limit warming to 1.5°C (>50%) with no or limited overshoot
POLES EMF33,EMF33_WB2C_limbio,0.178842321038246,1.65870463848114,6.88059520721436,15.8824892044067,24.997631072998,33.0270156860352,39.22654342651371,44.33209609985349,48.3843574523926,52.3601608276367,failed-vetting,failed-vetting
POLES EMF33,EMF33_WB2C_nobeccs,0.178842321038246,1.65870463848114,7.96436214447021,16.5238704681396,25.0238971710205,32.6140670776367,38.4835624694824,43.76336288452151,48.5317192077637,52.5699462890625,failed-vetting,failed-vetting
POLES EMF33,EMF33_WB2C_nofuel,0.178842321038246,1.65870177745819,5.94230175018311,13.4281139373779,23.15315055847169,31.9202747344971,39.2935333251953,45.5951538085938,51.5618019104004,56.2061462402344,C1,C1: limit warming to 1.5°C (>50%) with no or limited overshoot
POLES EMF33,EMF33_WB2C_none,0.178842321038246,1.65870177745819,7.96548223495483,16.5396137237549,24.92793655395511,32.3486099243164,38.34334564208979,43.3323440551758,47.7753601074219,51.69848251342771,failed-vetting,failed-vetting
POLES EMF33,EMF33_tax_hi_full,0.178842321038246,1.65744602680206,4.431190490722661,9.06618881225586,17.4421520233154,26.64750289916989,36.1988372802734,45.01165390014651,52.3878898620605,57.57012557983401,C4,C4: limit warming to 2°C (>50%)
POLES EMF33,EMF33_tax_hi_none,0.178842321038246,1.6574432849884,4.437171459198,9.10146141052246,17.6781826019287,27.0000247955322,36.26126098632809,44.53620910644529,51.6018867492676,56.539924621582,C4,C4: limit warming to 2°C (>50%)
POLES EMF33,EMF33_tax_lo_full,0.178842321038246,1.65744602680206,4.12703037261963,8.21399021148682,15.8590297698975,24.0070285797119,31.84576225280761,40.2322578430176,49.8468017578125,56.58416366577151,C5,C5: limit warming to 2.5°C (>50%)
POLES EMF33,EMF33_tax_lo_none,0.178842321038246,1.6574432849884,4.143915176391601,8.237888336181639,15.9167318344116,24.0027866363525,31.7656173706055,40.1898231506348,49.90514755249021,56.3142433166504,C5,C5: limit warming to 2.5°C (>50%)
POLES ENGAGE,EN_INDCi2030_1000,0.1417643874883651,2.886600971221924,11.37405967712402,29.86834907531738,48.28028106689453,66.82159423828125,86.72632598876953,103.7934722900391,110.4559555053711,106.3769683837891,C4,C4: limit warming to 2°C (>50%)
POLES ENGAGE,EN_INDCi2030_1000_COV,0.1417643874883651,2.826082944869995,10.15616703033447,28.83584213256836,45.70515823364258,61.10338592529297,75.50094604492188,86.57884216308594,95.84200286865234,99.64464569091795,C4,C4: limit warming to 2°C (>50%)
POLES ENGAGE,EN_INDCi2030_1000_COV_NDCp,0.1417643874883651,2.826086282730103,10.52595901489258,29.01040649414062,46.0147590637207,60.99693298339844,75.38554382324219,86.3746337890625,95.66160583496094,99.33448791503906,C4,C4: limit warming to 2°C (>50%)
POLES ENGAGE,EN_INDCi2030_1000_NDCp,0.1417638659477234,2.880354642868042,10.18136405944824,30.14900779724121,49.38457870483398,67.06614685058594,88.65413665771484,106.5598907470703,113.3542175292969,111.6237716674805,C4,C4: limit warming to 2°C (>50%)
POLES ENGAGE,EN_INDCi2030_1000f,0.1417643874883651,2.886600971221924,11.37405967712402,31.11373901367188,50.08327865600586,68.07572937011719,86.00513458251953,98.92760467529295,102.6182327270508,96.79700469970705,C4,C4: limit warming to 2°C (>50%)
POLES ENGAGE,EN_INDCi2030_1000f_COV,0.1417643874883651,2.826082944869995,10.15616703033447,28.8722095489502,46.22643661499024,62.56378555297852,76.43718719482422,86.72107696533203,93.99088287353516,94.89240264892578,C4,C4: limit warming to 2°C (>50%)
POLES ENGAGE,EN_INDCi2030_1000f_COV_NDCp,0.1417643874883651,2.826086282730103,10.52592945098877,29.16741752624512,46.22752380371094,61.79086685180664,75.50222778320312,86.06488037109375,93.86353302001952,95.40390014648438,C4,C4: limit warming to 2°C (>50%)
POLES ENGAGE,EN_INDCi2030_1000f_NDCp,0.1417638659477234,2.880354642868042,10.18129539489746,30.84312057495117,50.45557403564453,67.78265380859375,87.21558380126953,102.505126953125,109.7490692138672,105.5974426269531,C4,C4: limit warming to 2°C (>50%)
POLES ENGAGE,EN_INDCi2030_1200,0.1417643874883651,2.886600971221924,11.37405967712402,31.0836009979248,49.93136978149414,68.47042846679688,84.68600463867188,96.9927749633789,103.9461364746094,102.089973449707,C4,C4: limit warming to 2°C (>50%)
POLES ENGAGE,EN_INDCi2030_1200f,0.1417643874883651,2.886600971221924,11.37405967712402,31.04106140136719,49.64391326904297,68.15507507324219,84.39486694335938,97.71533966064452,103.6070251464844,99.88416290283205,C4,C4: limit warming to 2°C (>50%)
POLES ENGAGE,EN_INDCi2030_1400,0.1417643874883651,2.886600971221924,11.37405967712402,30.41738319396973,48.34807205200195,66.4044418334961,83.79741668701172,100.6094131469727,108.9912185668945,105.5618057250977,C5,C5: limit warming to 2.5°C (>50%)
POLES ENGAGE,EN_INDCi2030_1400f,0.1417643874883651,2.886600971221924,11.37405967712402,30.33536911010743,48.24584197998047,66.32942962646484,83.60167694091797,100.4416885375977,109.0834579467773,105.5485687255859,C5,C5: limit warming to 2.5°C (>50%)
POLES ENGAGE,EN_INDCi2030_1600,0.1417643874883651,2.886600971221924,11.37405967712402,29.74574089050293,47.40097045898438,64.81076049804688,81.49872589111328,98.48145294189452,108.1255874633789,107.8437652587891,C5,C5: limit warming to 2.5°C (>50%)
POLES ENGAGE,EN_INDCi2030_1600f,0.1417643874883651,2.886600971221924,11.37405967712402,29.74574089050293,47.40097045898438,64.81076049804688,81.49872589111328,98.48145294189452,108.1255874633789,107.8437652587891,C5,C5: limit warming to 2.5°C (>50%)
POLES ENGAGE,EN_INDCi2030_1800,0.1417643874883651,2.886600971221924,11.37405967712402,29.15874862670898,46.75590133666992,63.66748809814453,79.90471649169922,96.9139404296875,107.258674621582,106.0265808105469,C5,C5: limit warming to 2.5°C (>50%)
POLES ENGAGE,EN_INDCi2030_1800f,0.1417643874883651,2.886600971221924,11.37405967712402,29.15874862670898,46.75590133666992,63.66748809814453,79.90471649169922,96.9139404296875,107.258674621582,106.0265808105469,C5,C5: limit warming to 2.5°C (>50%)
POLES ENGAGE,EN_INDCi2030_2000,0.1417643874883651,2.886600971221924,11.37405967712402,28.76924324035645,46.15194320678711,62.89693069458008,78.82032012939453,95.02922058105467,105.1693115234375,104.6150970458984,C5,C5: limit warming to 2.5°C (>50%)
POLES ENGAGE,EN_INDCi2030_2000f,0.1417643874883651,2.886600971221924,11.37405967712402,28.76924324035645,46.15194320678711,62.89693069458008,78.82032012939453,95.02922058105467,105.1693115234375,104.6150970458984,C5,C5: limit warming to 2.5°C (>50%)
POLES ENGAGE,EN_INDCi2030_2500,0.1417643874883651,2.886600971221924,11.37405967712402,27.73124122619629,44.30447387695312,58.90143585205078,72.40608978271484,86.168212890625,92.72173309326172,89.19771575927734,C6,C6: limit warming to 3°C (>50%)
POLES ENGAGE,EN_INDCi2030_2500f,0.1417643874883651,2.886600971221924,11.37405967712402,27.73124122619629,44.30447387695312,58.90143585205078,72.40608978271484,86.168212890625,92.72173309326172,89.19771575927734,C6,C6: limit warming to 3°C (>50%)
POLES ENGAGE,EN_INDCi2030_3000,0.1417643874883651,2.886600971221924,11.37405967712402,27.07752799987793,42.63129043579102,55.27170562744141,66.97313690185547,77.5776138305664,79.40011596679688,76.41659545898438,C6,C6: limit warming to 3°C (>50%)
POLES ENGAGE,EN_INDCi2030_3000f,0.1417643874883651,2.886600971221924,11.37405967712402,27.07752799987793,42.63129043579102,55.27170562744141,66.97313690185547,77.5776138305664,79.40011596679688,76.41659545898438,C6,C6: limit warming to 3°C (>50%)
POLES ENGAGE,EN_INDCi2030_300f,0.1417643874883651,2.886600971221924,11.37405967712402,28.65798377990723,44.09754180908203,64.86986541748047,90.49295806884766,116.440673828125,127.7499084472656,130.9082641601562,C2,C2: return warming to 1.5°C (>50%) after a high overshoot
POLES ENGAGE,EN_INDCi2030_400f,0.1417643874883651,2.886600971221924,11.37405967712402,28.9332447052002,45.00018692016602,65.13866424560547,89.58698272705078,112.8154144287109,123.1175003051758,123.4733657836914,C2,C2: return warming to 1.5°C (>50%) after a high overshoot
POLES ENGAGE,EN_INDCi2030_500f,0.1417643874883651,2.886600971221924,11.37405967712402,29.40718841552734,46.5399169921875,65.37774658203125,87.22681427001953,107.304931640625,118.2247161865234,118.8946685791016,C3,C3: limit warming to 2°C (>67%)
POLES ENGAGE,EN_INDCi2030_600f,0.1417643874883651,2.886600971221924,11.37405967712402,29.61067199707031,47.36136627197266,65.48806762695312,86.19233703613281,103.8978652954102,111.1767120361328,112.5128173828125,C3,C3: limit warming to 2°C (>67%)
POLES ENGAGE,EN_INDCi2030_600f_COV,0.1417643874883651,2.826082944869995,10.15616703033447,27.83266830444336,44.21893310546875,60.40032958984375,77.28663635253906,90.90291595458984,97.81610870361328,97.68013763427734,C3,C3: limit warming to 2°C (>67%)
POLES ENGAGE,EN_INDCi2030_600f_COV_NDCp,0.1417643874883651,2.826086282730103,10.52592945098877,28.1254711151123,45.07314300537109,61.44099044799805,78.00589752197266,89.82286834716797,95.31732177734376,96.1739273071289,C3,C3: limit warming to 2°C (>67%)
POLES ENGAGE,EN_INDCi2030_600f_NDCp,0.1417638659477234,2.880354642868042,10.18136405944824,29.51537704467773,47.89559936523438,64.9460220336914,86.96893310546875,105.0041427612305,114.4599533081055,115.7635040283203,C3,C3: limit warming to 2°C (>67%)
POLES ENGAGE,EN_INDCi2030_700f,0.1417643874883651,2.886600971221924,11.37405967712402,30.26413917541504,48.26718139648438,65.7826919555664,84.4190444946289,99.73363494873048,106.4423522949219,105.0363464355469,C3,C3: limit warming to 2°C (>67%)
POLES ENGAGE,EN_INDCi2030_800f,0.1417643874883651,2.886600971221924,11.37405967712402,30.65371513366699,49.13821792602539,66.94731140136719,83.24797821044922,98.33428192138672,102.897819519043,100.4507827758789,C4,C4: limit warming to 2°C (>50%)
POLES ENGAGE,EN_INDCi2030_900,0.1417643874883651,2.886600971221924,11.37405967712402,28.52659034729004,45.52215957641602,76.39533233642578,117.2901611328125,125.1763763427734,117.5684661865234,106.2462463378906,C3,C3: limit warming to 2°C (>67%)
POLES ENGAGE,EN_INDCi2030_900f,0.1417643874883651,2.886600971221924,11.37405967712402,30.95025062561035,49.89719009399414,67.60830688476562,85.755859375,97.47954559326172,96.52687072753906,94.74007415771484,C4,C4: limit warming to 2°C (>50%)
POLES ENGAGE,EN_INDCi2100,0.1417638659477234,2.880353927612305,11.0310640335083,22.39606666564941,38.37672424316406,53.75682067871094,69.59747314453125,82.07247924804688,87.8004150390625,91.4052963256836,C7,C7: limit warming to 4°C (>50%)
POLES ENGAGE,EN_INDCi2100_COV,0.1417638659477234,2.818580389022827,9.00639533996582,19.83348655700684,34.49501800537109,47.58481979370117,60.94394683837891,73.75704956054688,83.0748291015625,86.8484115600586,C7,C7: limit warming to 4°C (>50%)
POLES ENGAGE,EN_INDCi2100_COV_NDCp,0.1417638659477234,2.818583965301514,9.266475677490234,21.25158882141113,36.10037994384766,49.3830680847168,62.95653915405273,76.17428588867188,89.96258544921875,93.20285034179688,C6,C6: limit warming to 3°C (>50%)
POLES ENGAGE,EN_INDCi2100_NDCp,0.1417638659477234,2.880354642868042,10.18136405944824,22.9710807800293,39.41153335571289,55.13851928710938,71.58067321777344,87.73402404785156,96.41724395751952,96.58714294433594,C6,C6: limit warming to 3°C (>50%)
POLES ENGAGE,EN_NPi2020_1000,0.1417643874883651,2.951567411422729,15.2763261795044,33.53580093383789,51.88445663452149,70.93518829345703,85.59170532226562,99.23997497558594,106.9413909912109,105.093635559082,C4,C4: limit warming to 2°C (>50%)
POLES ENGAGE,EN_NPi2020_1000_COV,0.1417643874883651,2.825066328048706,12.78440093994141,30.46227264404297,47.39191055297852,63.25399780273438,75.95214080810547,88.05792999267578,98.27519989013672,101.9821090698242,C4,C4: limit warming to 2°C (>50%)
POLES ENGAGE,EN_NPi2020_1000f,0.1417643874883651,2.951567411422729,12.36862468719482,31.32333755493164,49.43772888183594,68.62818908691406,85.92395782470703,99.44573974609376,105.0318222045898,100.3125228881836,C4,C4: limit warming to 2°C (>50%)
POLES ENGAGE,EN_NPi2020_1000f_COV,0.1417643874883651,2.825066328048706,10.91266536712646,28.68765830993652,46.14017105102539,61.72591018676758,75.37100982666016,86.27962493896484,94.75322723388672,96.89435577392578,C4,C4: limit warming to 2°C (>50%)
POLES ENGAGE,EN_NPi2020_1200,0.1417643874883651,2.951567411422729,14.39813137054443,32.872314453125,49.91499328613281,68.42611694335938,84.93453216552734,100.5715866088867,109.0586318969727,106.7972717285156,C4,C4: limit warming to 2°C (>50%)
POLES ENGAGE,EN_NPi2020_1200f,0.1417643874883651,2.951567411422729,11.54888153076172,30.08933067321777,47.71334838867188,66.88814544677734,84.38995361328125,99.03108215332033,105.4075164794922,101.8170776367188,C4,C4: limit warming to 2°C (>50%)
POLES ENGAGE,EN_NPi2020_1400,0.1417643874883651,2.951567411422729,11.29024791717529,29.35868453979492,46.71279525756836,65.48406982421875,83.58658599853516,101.1905212402344,109.911003112793,107.0629119873047,C5,C5: limit warming to 2.5°C (>50%)
POLES ENGAGE,EN_NPi2020_1400f,0.1417643874883651,2.951567411422729,11.24981021881104,29.1683521270752,46.43136596679688,65.1695556640625,83.06515502929688,100.7799377441406,110.3995056152344,107.8453979492188,C5,C5: limit warming to 2.5°C (>50%)
POLES ENGAGE,EN_NPi2020_1600,0.1417643874883651,2.951567411422729,11.29024791717529,28.58172035217285,45.58575057983398,63.96697616577149,80.8952407836914,98.7300796508789,108.4489517211914,106.8489151000977,C5,C5: limit warming to 2.5°C (>50%)
POLES ENGAGE,EN_NPi2020_1600f,0.1417643874883651,2.951567411422729,11.29024791717529,28.58172035217285,45.58575057983398,63.96696853637695,80.89521026611328,98.73011779785156,108.4805450439453,107.7231750488281,C5,C5: limit warming to 2.5°C (>50%)
POLES ENGAGE,EN_NPi2020_1800,0.1417643874883651,2.951567411422729,11.29024791717529,28.05536651611328,44.95062255859375,62.6743049621582,79.01966094970703,96.77696228027344,107.0670547485352,105.7355194091797,C5,C5: limit warming to 2.5°C (>50%)
POLES ENGAGE,EN_NPi2020_1800f,0.1417643874883651,2.951567411422729,11.29024791717529,28.05536651611328,44.95062255859375,62.6743049621582,79.01966094970703,96.77696228027344,107.0670547485352,105.7355194091797,C5,C5: limit warming to 2.5°C (>50%)
POLES ENGAGE,EN_NPi2020_2000,0.1417643874883651,2.951567411422729,11.29024791717529,27.82158279418945,44.45950698852539,61.26026916503906,77.20616149902344,93.36719512939452,103.2136535644531,103.2727737426758,C5,C5: limit warming to 2.5°C (>50%)
POLES ENGAGE,EN_NPi2020_2000f,0.1417643874883651,2.951567411422729,11.29024791717529,27.82158279418945,44.45950698852539,61.26026916503906,77.20616149902344,93.36719512939452,103.2136535644531,103.2727737426758,C5,C5: limit warming to 2.5°C (>50%)
POLES ENGAGE,EN_NPi2020_2500,0.1417643874883651,2.951567411422729,10.58034133911133,26.52180862426757,42.90584564208984,57.84709548950195,72.09004974365234,85.78235626220703,91.6829605102539,88.00863647460938,C6,C6: limit warming to 3°C (>50%)
POLES ENGAGE,EN_NPi2020_2500f,0.1417643874883651,2.951567411422729,10.58034133911133,26.52180862426757,42.90584564208984,57.84709548950195,72.09004974365234,85.78235626220703,91.6829605102539,88.00863647460938,C6,C6: limit warming to 3°C (>50%)
POLES ENGAGE,EN_NPi2020_3000,0.1417643874883651,2.951567411422729,11.29024791717529,27.43119239807129,42.60902786254883,56.28145217895508,67.31602478027344,77.00845336914062,76.05553436279297,73.22274017333984,C6,C6: limit warming to 3°C (>50%)
POLES ENGAGE,EN_NPi2020_3000f,0.1417643874883651,2.951567411422729,11.29024791717529,27.43119239807129,42.60902786254883,56.28145217895508,67.31602478027344,77.00845336914062,76.05553436279297,73.22274017333984,C6,C6: limit warming to 3°C (>50%)
POLES ENGAGE,EN_NPi2020_300f,0.1417643874883651,2.951567411422729,16.7379322052002,33.60394668579102,52.18959808349609,73.6473159790039,91.56707000732422,106.0775146484375,110.8848342895508,105.5471954345703,C2,C2: return warming to 1.5°C (>50%) after a high overshoot
POLES ENGAGE,EN_NPi2020_400f,0.1417643874883651,2.951567411422729,16.57836532592773,33.82473373413086,52.72057342529297,73.06302642822266,89.69572448730469,102.0165252685547,106.6698532104492,102.1878433227539,C2,C2: return warming to 1.5°C (>50%) after a high overshoot
POLES ENGAGE,EN_NPi2020_500,0.1417643874883651,2.951567411422729,14.73841953277588,29.86771774291992,48.96332550048828,74.68571472167969,100.621940612793,114.1078186035156,119.494270324707,106.4423599243164,C3,C3: limit warming to 2°C (>67%)
POLES ENGAGE,EN_NPi2020_500f,0.1417643874883651,2.951567411422729,16.16365432739258,33.98568344116211,52.75449371337891,73.11656188964844,87.447265625,98.70177459716795,103.1070404052734,99.77352142333984,C3,C3: limit warming to 2°C (>67%)
POLES ENGAGE,EN_NPi2020_600,0.1417643874883651,2.951567411422729,15.36529541015625,30.71770668029785,50.39634704589844,74.87474822998047,92.90779876708984,102.8974227905273,107.3910598754883,103.4750900268555,C3,C3: limit warming to 2°C (>67%)
POLES ENGAGE,EN_NPi2020_600f,0.1417643874883651,2.951567411422729,15.6865758895874,33.68269348144531,52.85926818847656,73.11648559570312,87.97982788085938,97.94469451904295,104.2388534545898,100.0188140869141,C3,C3: limit warming to 2°C (>67%)
POLES ENGAGE,EN_NPi2020_600f_COV,0.1417643874883651,2.825066328048706,13.49118232727051,30.53168869018555,48.2221794128418,65.21685028076172,77.54407501220703,83.34715270996094,89.99319458007812,90.22119903564452,C3,C3: limit warming to 2°C (>67%)
POLES ENGAGE,EN_NPi2020_700,0.1417643874883651,2.951567411422729,16.82976913452148,33.51679229736328,52.29883575439453,74.00543975830078,91.12989807128906,102.6944198608398,107.7683792114258,104.3717575073242,C3,C3: limit warming to 2°C (>67%)
POLES ENGAGE,EN_NPi2020_700f,0.1417643874883651,2.951567411422729,15.10177516937256,33.43124389648438,52.23760986328125,72.52555847167969,88.91532135009766,99.94364166259766,98.78762817382812,96.72785186767578,C3,C3: limit warming to 2°C (>67%)
POLES ENGAGE,EN_NPi2020_800,0.1417643874883651,2.951567411422729,16.23336219787598,33.94575119018555,52.67907333374024,73.34893798828125,89.21357727050781,101.2001876831055,107.8843154907227,104.9530944824219,C3,C3: limit warming to 2°C (>67%)
POLES ENGAGE,EN_NPi2020_800f,0.1417643874883651,2.951567411422729,13.51998329162598,32.60567092895508,51.41167449951172,71.55303955078125,88.50646209716797,99.89676666259766,103.4217681884766,95.42952728271484,C4,C4: limit warming to 2°C (>50%)
POLES ENGAGE,EN_NPi2020_900,0.1417643874883651,2.951567411422729,15.69310665130615,33.72201919555664,52.48683547973633,71.4429931640625,86.39948272705078,98.59535217285156,105.6001205444336,103.7678604125977,C3,C3: limit warming to 2°C (>67%)
POLES ENGAGE,EN_NPi2020_900f,0.1417643874883651,2.951567411422729,12.94211673736572,32.11589813232422,50.71138000488281,70.38755798339844,87.21123504638672,99.70062255859376,103.9564666748047,99.318115234375,C4,C4: limit warming to 2°C (>50%)
POLES ENGAGE,EN_NPi2100,0.1417638659477234,2.78792405128479,6.394018173217773,16.07332038879395,30.74528503417969,48.36605072021485,65.31375122070312,80.94322967529297,85.89633178710938,88.82150268554688,C7,C7: limit warming to 4°C (>50%)
POLES ENGAGE,EN_NPi2100_COV,0.1417638659477234,2.730512142181396,5.952858448028564,13.48235416412354,25.16804313659668,41.00686264038086,56.48171615600586,72.01595306396484,81.0775146484375,85.24022674560547,C7,C7: limit warming to 4°C (>50%)
POLES GECO2019,CO_2Deg2020,0.1417643874883651,2.864697694778442,13.69866943359375,32.43687438964844,51.80995941162109,71.34701538085938,88.35540771484375,99.7317352294922,102.6896743774414,94.97438049316406,C3,C3: limit warming to 2°C (>67%)
POLES GECO2019,CO_2Deg2030,0.1417638659477234,2.857234239578247,11.00446510314941,31.04701042175293,49.6203498840332,65.96417999267578,87.86144256591797,105.5799789428711,113.4150085449219,110.4905242919922,C3,C3: limit warming to 2°C (>67%)
POLES GECO2019,CO_BAU,0.1417638659477234,2.754445314407349,6.245123863220215,14.4247989654541,28.63501930236816,47.05097198486328,64.7270278930664,80.03246307373047,84.6450424194336,86.4313735961914,C7,C7: limit warming to 4°C (>50%)
POLES GECO2019,CO_Bridge,0.1417638659477234,2.921317100524902,14.57995796203613,35.38763046264648,60.63362884521485,108.9081649780273,127.403205871582,112.3637619018555,118.1541137695312,120.7086029052734,C2,C2: return warming to 1.5°C (>50%) after a high overshoot
POLES GECO2019,CO_Bridge_notax,0.1417638659477234,2.921317100524902,11.43441200256348,32.62850189208984,52.05168151855469,69.04073333740234,92.67484283447266,112.0136642456055,118.7032089233398,116.9874572753906,C4,C4: limit warming to 2°C (>50%)
POLES GECO2019,CO_CurPol,0.1417638659477234,2.856189727783203,7.996735572814941,17.36527061462402,32.05573272705078,48.48723220825195,66.48806762695312,80.5465087890625,85.50360107421875,87.95706176757812,C7,C7: limit warming to 4°C (>50%)
POLES GECO2019,CO_GPP,0.1417638659477234,2.921317100524902,14.57995796203613,31.54423713684082,49.92179489135742,65.06342315673828,79.75585174560547,95.87370300292967,105.1368789672852,104.7023010253906,C5,C5: limit warming to 2.5°C (>50%)
POLES GECO2019,CO_GPP_notax,0.1417638659477234,2.921326160430908,11.43282890319824,27.97299194335937,44.21517181396485,56.7828254699707,70.92898559570312,84.50244903564453,88.3526840209961,89.75060272216797,C7,C7: limit warming to 4°C (>50%)
POLES GECO2019,CO_NDC_2050convergence,0.1417638659477234,2.857988357543945,11.09601306915283,24.24665260314941,42.75738525390625,60.73338317871094,75.49026489257812,90.6604995727539,99.37535858154295,102.0862274169922,C6,C6: limit warming to 3°C (>50%)
POLES GECO2019,CO_NDCplus,0.1417638659477234,2.857988357543945,11.09601306915283,22.20821952819824,38.19386672973633,54.77072143554688,70.68252563476562,84.09822082519531,91.7503890991211,94.77388763427734,C7,C7: limit warming to 4°C (>50%)
PROMETHEUS 1.0,CO_2Deg2020,0.1150659247955365,2.905935784102609,13.61243233170267,29.19314780310398,38.52762141256142,62.82573547181772,82.93187268900265,104.50184392242495,125.89012863127448,144.81827094520995,no-climate-assessment,no-climate-assessment
PROMETHEUS 1.0,CO_2Deg2030,0.1150659247955365,3.094554124509317,8.528627594432976,29.00946302180859,38.52762141256142,62.82573547181772,82.93187268900265,104.50184392242495,125.89012863127448,144.81827094520995,no-climate-assessment,no-climate-assessment
PROMETHEUS 1.0,CO_BAU,0.1150659247955365,2.147907480192663,4.685482754671492,9.817999068270616,15.49643324762719,62.82573547181772,82.93187268900265,104.50184392242495,125.89012863127448,144.81827094520995,no-climate-assessment,no-climate-assessment
PROMETHEUS 1.0,CO_Bridge,0.1150659247955365,2.848132142802875,11.87442614221592,30.54022838145854,38.07372228395352,62.82573547181772,82.93187268900265,104.50184392242495,125.89012863127448,144.81827094520995,no-climate-assessment,no-climate-assessment
PROMETHEUS 1.0,CO_CurPol,0.1150659247955365,2.783537092461049,6.668387562089547,12.45059842496328,17.87311170121181,62.82573547181772,82.93187268900265,104.50184392242495,125.89012863127448,144.81827094520995,no-climate-assessment,no-climate-assessment
PROMETHEUS 1.0,CO_GPP,0.1150659247955365,2.84813138048427,11.81268623854639,25.65780030844243,38.52477694787472,62.82573547181772,82.93187268900265,104.50184392242495,125.89012863127448,144.81827094520995,no-climate-assessment,no-climate-assessment
PROMETHEUS 1.0,CO_NDCplus,0.1150659247955365,3.094554124509317,8.528627594432976,15.69966393474396,21.55693986911511,62.82573547181772,82.93187268900265,104.50184392242495,125.89012863127448,144.81827094520995,no-climate-assessment,no-climate-assessment
REMIND 1.6,EMF30_BCOC-EndU,0.2360846,2.772438799999999,8.2730937,25.8794947,62.1457375,113.7753434,166.3343517,219.5858662,260.8326315,299.105827,C7,C7: limit warming to 4°C (>50%)
REMIND 1.6,EMF30_Baseline,0.2360846,2.9094528,9.6088214,29.3350353,66.9519279,118.0113191,168.7951113,220.0320448,259.392363,294.3657543,C7,C7: limit warming to 4°C (>50%)
REMIND 1.6,EMF30_CH4-Only,0.2360846,4.1739222,21.8598027,57.0379421,101.6379162,149.5339470999999,192.7260651,237.3224195,272.7048757,310.1816084,C7,C7: limit warming to 4°C (>50%)
REMIND 1.6,EMF30_ClimPolicy,0.2360846,5.498731299999998,37.9428521,105.7091925,190.0768575,256.6957468000001,306.0398031000001,361.0655745,416.804483,487.843393,failed-vetting,failed-vetting
REMIND 1.6,EMF30_ClimPolicy+SLCF,0.2360846,5.395547000000001,35.8308304,89.65086529999998,146.3769971,197.0815485,246.3820286,312.8162926000001,382.6877011,458.5338665,failed-vetting,failed-vetting
REMIND 1.6,EMF30_D_BCOC-Red,0.2360846,2.9094528,9.6088214,29.3350353,66.9519279,118.0113191,168.7951113,220.0320448,259.392363,294.3657543,C7,C7: limit warming to 4°C (>50%)
REMIND 1.6,EMF30_D_CH4-ClimPolicy,0.2360846,4.0659148,20.7876252,54.94831410000001,99.6506203,148.792063,193.4792009,240.1254503,288.4601531000001,364.3987923,C7,C7: limit warming to 4°C (>50%)
REMIND 1.6,EMF30_D_CO2-Only,0.2360846,5.4052977,36.04788120000001,94.1021765,164.2637682,234.0035738,292.5806941,356.7528602,414.3541998,481.8347611999999,failed-vetting,failed-vetting
REMIND 1.6,EMF30_D_Frozen-CH4,0.2360846,2.7866357,8.4218037,26.2714233,62.7291809,114.4285986,166.8806804,219.9932494,261.0647562,299.3519404,C8,C8: exceed warming of 4°C (>=50%)
REMIND 1.6,EMF30_D_Frozen-EF,0.2360846,2.8796916,9.3937658,28.9584075,66.7118931,118.3321043,169.6167593,221.1382654,260.8107281,298.8086911000001,C8,C8: exceed warming of 4°C (>=50%)
REMIND 1.6,EMF30_D_Frozen-EF-EndU,0.2360846,2.9094398,9.6141469,29.3660453,67.02182579999999,118.1094809,168.9270713000001,220.3567276,260.3807757,298.4148218,C7,C7: limit warming to 4°C (>50%)
REMIND 1.6,EMF30_D_Frozen-EF-SLCF,0.2360846,2.9136625,9.6474848,29.4436714,67.13541459999999,118.2735433,169.1366936,220.5997666,260.6334219,298.6143904,C8,C8: exceed warming of 4°C (>=50%)
REMIND 1.6,EMF30_SLCF,0.2360846,2.902615,9.6040171,29.2300309,66.5098534,117.3042174,168.1356793,219.9974368,260.5466475,300.4581872,C7,C7: limit warming to 4°C (>50%)
REMIND 1.6,EMF30_Slower-Action,0.2360846,4.2898666,25.6540797,67.73340479999999,119.3696337,177.1661659,236.0306117,287.769308,316.1571349,347.7531678,C7,C7: limit warming to 4°C (>50%)
REMIND 1.6,EMF30_Slower-Action+SLCF,0.2360846,4.397600700000001,26.5896191,69.68666359999999,119.7843312,167.4843838,207.6841871,247.6791636,278.2003191,310.2199308000001,C6,C6: limit warming to 3°C (>50%)
REMIND 1.6,EMF30_Slower-to-faster,0.2360846,4.2898666,25.6540797,75.564959,140.7690718,201.7714085,256.1008027,324.6204855,394.3590344,467.9024702999999,C3,C3: limit warming to 2°C (>67%)
REMIND 1.6,EMF30_Slower-to-faster+SLCF,0.2360846,4.397600700000001,26.5896191,77.2513215,141.6452607,201.8445477,257.1322122,327.5706207,397.8447702,469.1771385,C3,C3: limit warming to 2°C (>67%)
REMIND 1.6,EMF30_Slower-to-faster+SLCF+HFC,0.2360846,4.397600700000001,26.5896191,77.23030940000002,142.0159695,204.315076,262.7529888,334.7152297,402.7917927,471.4103217,C3,C3: limit warming to 2°C (>67%)
REMIND 1.7,ADVANCE_2020_1.5C-2100,0.2361,4.6219,35.6272,97.7632,164.5632,224.9876,280.1848,344.9593,401.4437,459.6708,C1,C1: limit warming to 1.5°C (>50%) with no or limited overshoot
REMIND 1.7,ADVANCE_2020_Med2C,0.2361,4.6219,29.6163,80.3488,139.0295,194.5373,246.7692,309.3335,364.9288,421.3989,C3,C3: limit warming to 2°C (>67%)
REMIND 1.7,ADVANCE_2020_WB2C,0.2361,4.6219,32.8514,92.0406,161.9779,228.0241,285.4829,346.7573,395.9637,446.3554,C2,C2: return warming to 1.5°C (>50%) after a high overshoot
REMIND 1.7,ADVANCE_2030_1.5C-2100,0.2361,4.6219,26.5183,83.1567,161.3338,233.7079,294.2674,361.3494,423.5367,484.7958,C2,C2: return warming to 1.5°C (>50%) after a high overshoot
REMIND 1.7,ADVANCE_2030_Med2C,0.2361,4.6219,26.5183,74.1964,138.6902,202.9359,260.2536,321.9732,374.1397,425.411,C4,C4: limit warming to 2°C (>50%)
REMIND 1.7,ADVANCE_2030_Price1.5C,0.2361,4.6219,26.5184,81.3693,156.7362,226.9576,285.7822,350.6009,410.0533,466.7165,C2,C2: return warming to 1.5°C (>50%) after a high overshoot
REMIND 1.7,ADVANCE_2030_WB2C,0.2361,4.6219,26.5183,78.4995,149.9158,219.1378,279.2433,344.5939,400.3846,452.2768,C2,C2: return warming to 1.5°C (>50%) after a high overshoot
REMIND 1.7,ADVANCE_INDC,0.2361,4.6219,26.5183,67.6162,116.6013,164.8264,205.9907,247.7224,280.0082,310.3759,C6,C6: limit warming to 3°C (>50%)
REMIND 1.7,ADVANCE_NoPolicy,0.2361,2.9317,10.1187,31.4778,70.95,122.8068,172.5996,221.5857,259.4551,294.3348,C7,C7: limit warming to 4°C (>50%)
REMIND 1.7,ADVANCE_Reference,0.2361,4.6219,17.3326,41.119,79.0255,126.5329,173.0285,220.3804,258.6743,296.4512,C7,C7: limit warming to 4°C (>50%)
REMIND 1.7,CEMICS-1.5-CDR12,0.2361,3.5406,34.5312,108.6365,185.893,256.6334,329.7734,427.034,520.1825,621.3104,C1,C1: limit warming to 1.5°C (>50%) with no or limited overshoot
REMIND 1.7,CEMICS-1.5-CDR20,0.2361,3.5406,29.696,93.4955,165.1095,232.5196,310.9996,430.5404,560.3321,681.3259,C1,C1: limit warming to 1.5°C (>50%) with no or limited overshoot
REMIND 1.7,CEMICS-1.5-CDR8,0.2361,3.5406,38.6987,123.585,208.9681,282.0918,349.7051,429.7488,498.4405,598.5566,C1,C1: limit warming to 1.5°C (>50%) with no or limited overshoot
REMIND 1.7,CEMICS-2.0-CDR12,0.2361,3.5406,27.8569,86.5046,151.7246,210.8964,269.7897,350.2821,434.7647,531.8458,C2,C2: return warming to 1.5°C (>50%) after a high overshoot
REMIND 1.7,CEMICS-2.0-CDR20,0.2361,3.5406,26.6417,82.8013,147.25,207.7204,270.3579,361.7356,469.333,606.5856,C2,C2: return warming to 1.5°C (>50%) after a high overshoot
REMIND 1.7,CEMICS-2.0-CDR8,0.2361,3.5406,30.014,93.3935,162.1832,224.8071,288.9618,375.8464,457.2014,533.8866,C1,C1: limit warming to 1.5°C (>50%) with no or limited overshoot
REMIND 1.7,CEMICS-Ref,0.2361,2.8859,9.7569,30.7895,69.2968,118.37,165.0373,211.1237,247.2878,281.2568,C7,C7: limit warming to 4°C (>50%)
REMIND 2.1,CEMICS_GDPgrowth_1p5,0.17,3.0798,28.7731,70.4981,110.5652,155.7156,207.2694,268.2867,327.3161,397.6666,C1,C1: limit warming to 1.5°C (>50%) with no or limited overshoot
REMIND 2.1,CEMICS_GDPgrowth_2C,0.17,3.0798,23.4223,60.1372,96.0355,130.9709,168.6701,216.3364,263.185,310.2044,C3,C3: limit warming to 2°C (>67%)
REMIND 2.1,CEMICS_HotellingConst_1p5,0.17,3.0798,26.922,69.2719,115.1112,173.002,237.4915,303.759,357.8015,410.0101,C1,C1: limit warming to 1.5°C (>50%) with no or limited overshoot
REMIND 2.1,CEMICS_HotellingConst_2C,0.17,3.0798,20.6095,55.5054,92.3012,129.3302,167.6833,211.1334,250.6276,285.7961,C3,C3: limit warming to 2°C (>67%)
REMIND 2.1,CEMICS_Linear_1p5,0.17,3.0798,29.7933,73.5078,111.8886,154.8103,209.7725,278.8946,345.076,408.8959,C1,C1: limit warming to 1.5°C (>50%) with no or limited overshoot
REMIND 2.1,CEMICS_Linear_2C,0.17,3.0798,21.4898,57.6618,94.0633,128.496,162.8915,202.8289,242.0186,281.2045,C3,C3: limit warming to 2°C (>67%)
REMIND 2.1,CEMICS_NPI,0.17,3.0798,14.9437,32.9967,53.626,77.502,106.4227,144.2128,183.0936,221.4457,C7,C7: limit warming to 4°C (>50%)
REMIND 2.1,CEMICS_opt_1p5,0.17,3.0798,25.587,66.6047,98.0382,122.4679,152.8069,200.1969,237.4624,269.9649,C1,C1: limit warming to 1.5°C (>50%) with no or limited overshoot
REMIND 2.1,CEMICS_opt_2C,0.17,3.0798,25.0676,65.1131,104.0713,140.821,177.5749,214.9939,245.577,269.6233,C3,C3: limit warming to 2°C (>67%)
REMIND 2.1,LeastTotalCost_Base_brkLR15_SSP1_P50,0.3046,3.4865,13.9564,31.5615,48.8528,62.1931,69.3245,73.6965,74.3636,74.6093,C6,C6: limit warming to 3°C (>50%)
REMIND 2.1,LeastTotalCost_Base_brkLR15_SSP2_P50,0.3086,3.3693,12.2996,27.7833,46.5577,69.333,93.4244,118.3378,138.312,154.6597,C7,C7: limit warming to 4°C (>50%)
REMIND 2.1,LeastTotalCost_Base_brkLR15_SSP5_P50,0.2999,3.02,9.2628,17.0492,27.0798,40.4614,55.4123,70.5462,79.4316,87.1665,C8,C8: exceed warming of 4°C (>=50%)
REMIND 2.1,LeastTotalCost_Base_brkSR15_SSP1_P50,0.3053,3.4361,13.6303,30.9638,48.3663,62.5774,70.8238,75.5211,75.5526,74.9376,C6,C6: limit warming to 3°C (>50%)
REMIND 2.1,LeastTotalCost_Base_brkSR15_SSP2_P50,0.2912,3.316,11.8981,26.6438,44.4968,65.7281,89.0747,114.7996,134.6228,147.6048,C7,C7: limit warming to 4°C (>50%)
REMIND 2.1,LeastTotalCost_Base_brkSR15_SSP5_P50,0.3017,2.9842,9.2232,16.5651,25.5815,37.2097,50.287,64.4528,73.8779,83.5376,C8,C8: exceed warming of 4°C (>=50%)
REMIND 2.1,LeastTotalCost_CBA_brkLR15_SSP2_P50,0.3112,3.0158,23.8628,56.619,87.3658,117.7058,148.3816,180.155,211.0772,248.7533,C3,C3: limit warming to 2°C (>67%)
REMIND 2.1,LeastTotalCost_CBA_brkSR15_SSP2_P50,0.3112,3.0158,19.36,48.7262,79.9343,112.6941,145.544,177.0472,203.3708,230.2458,C3,C3: limit warming to 2°C (>67%)
REMIND 2.1,LeastTotalCost_CEA_brkLR15_SSP2_P50,0.3112,3.0158,18.8073,48.9756,82.9467,118.3327,151.3237,182.2319,210.5592,238.957,C3,C3: limit warming to 2°C (>67%)
REMIND 2.1,LeastTotalCost_CEA_brkSR15_SSP2_P50,0.3112,3.0158,18.7603,49.08,83.3381,119.6061,154.2909,186.7222,214.7169,241.4447,C3,C3: limit warming to 2°C (>67%)
REMIND 2.1,LeastTotalCost_LTC_brkLR15_SSP1_P50,0.3112,3.0158,25.7986,61.0316,85.7163,101.1982,111.8424,118.6495,116.1944,118.0355,C1,C1: limit warming to 1.5°C (>50%) with no or limited overshoot
REMIND 2.1,LeastTotalCost_LTC_brkLR15_SSP2_P50,0.3112,3.0158,23.8523,56.5196,87.1688,117.5011,148.4223,180.662,211.9149,249.4028,C3,C3: limit warming to 2°C (>67%)
REMIND 2.1,LeastTotalCost_LTC_brkLR15_SSP5_P50,0.3112,3.0158,19.3556,45.9722,73.6728,107.0273,143.7715,185.0072,223.6843,274.9697,C3,C3: limit warming to 2°C (>67%)
REMIND 2.1,LeastTotalCost_LTC_brkSR15_SSP1_P50,0.3112,3.0158,19.5705,50.4574,77.5592,97.9623,109.8695,114.49,110.1384,107.2365,C2,C2: return warming to 1.5°C (>50%) after a high overshoot
REMIND 2.1,LeastTotalCost_LTC_brkSR15_SSP2_P50,0.3112,3.0158,20.1058,50.8693,83.2582,116.9977,150.9586,184.4368,211.7112,236.468,C3,C3: limit warming to 2°C (>67%)
REMIND 2.1,LeastTotalCost_LTC_brkSR15_SSP5_P50,0.3112,3.0158,18.1788,44.3803,74.1535,111.5078,150.2391,185.7232,209.1787,233.3514,C3,C3: limit warming to 2°C (>67%)
REMIND 2.1,LeastTotalCost_NDC_brkLR15_SSP2_P50,0.3086,3.0578,16.275,39.9774,68.6346,100.427,131.0189,158.107,180.1699,201.9933,C5,C5: limit warming to 2.5°C (>50%)
REMIND 2.1,LeastTotalCost_NDC_brkSR15_SSP2_P50,0.2912,3.0458,16.0409,39.4402,67.7358,99.3544,130.723,159.4047,181.6104,202.6405,C5,C5: limit warming to 2.5°C (>50%)
REMIND 2.1,LeastTotalCost_NPi_brkLR15_SSP1_P50,0.3086,3.0578,14.46,32.4769,50.2134,65.0652,74.8124,80.7763,81.2034,80.7734,C5,C5: limit warming to 2.5°C (>50%)
REMIND 2.1,LeastTotalCost_NPi_brkLR15_SSP2_P50,0.3086,3.0578,14.0541,30.7626,50.5372,73.1977,97.5963,123.7184,145.7008,164.9065,C7,C7: limit warming to 4°C (>50%)
REMIND 2.1,LeastTotalCost_NPi_brkLR15_SSP5_P50,0.3086,3.0578,11.5555,20.388,30.7539,44.4894,61.7229,79.3735,89.7033,99.0678,C8,C8: exceed warming of 4°C (>=50%)
REMIND 2.1,LeastTotalCost_NPi_brkSR15_SSP1_P50,0.2912,3.0458,14.2243,32.0152,49.9787,65.7005,76.6519,83.2109,83.0789,81.4337,C5,C5: limit warming to 2.5°C (>50%)
REMIND 2.1,LeastTotalCost_NPi_brkSR15_SSP2_P50,0.2912,3.0458,13.7922,29.9577,48.928,70.5964,94.757,121.8432,143.7123,159.8031,C7,C7: limit warming to 4°C (>50%)
REMIND 2.1,LeastTotalCost_NPi_brkSR15_SSP5_P50,0.2912,3.0458,11.2584,19.7467,29.8052,42.6174,58.1196,75.1349,86.9463,99.2494,C8,C8: exceed warming of 4°C (>=50%)
REMIND 2.1,R2p1_SSP1-Base,0.3093,3.0751,15.2733,33.7273,50.63,64.5607,75.1181,84.4228,87.295,87.2075,C6,C6: limit warming to 3°C (>50%)
REMIND 2.1,R2p1_SSP1-NDC,0.3108,3.3862,24.6944,54.0165,76.8847,93.4444,105.1945,112.95,110.1063,107.968,C5,C5: limit warming to 2.5°C (>50%)
REMIND 2.1,R2p1_SSP1-NPi,0.3108,3.3862,18.3747,37.534,54.2077,67.8837,79.688,90.0275,92.2216,91.744,C5,C5: limit warming to 2.5°C (>50%)
REMIND 2.1,R2p1_SSP1-PkBudg1100,0.3108,3.3862,31.6519,68.7743,95.3503,110.9286,125.7747,135.0145,128.7739,120.9847,C2,C2: return warming to 1.5°C (>50%) after a high overshoot
REMIND 2.1,R2p1_SSP1-PkBudg1300,0.3108,3.3862,28.3167,63.2172,89.8941,105.9841,116.8805,123.4962,118.8505,115.2123,C2,C2: return warming to 1.5°C (>50%) after a high overshoot
REMIND 2.1,R2p1_SSP1-PkBudg900,0.3108,3.3862,35.616,74.4454,102.5169,121.8572,140.0673,146.282,136.1688,131.6509,C1,C1: limit warming to 1.5°C (>50%) with no or limited overshoot
REMIND 2.1,R2p1_SSP2-Base,0.3108,3.0277,13.6983,30.0803,49.2162,72.6892,99.9928,133.7612,163.4998,188.426,C7,C7: limit warming to 4°C (>50%)
REMIND 2.1,R2p1_SSP2-NDC,0.3108,3.3862,24.8158,54.3817,84.0294,115.051,146.4948,177.0749,201.2041,227.036,C5,C5: limit warming to 2.5°C (>50%)
REMIND 2.1,R2p1_SSP2-NPi,0.3108,3.3862,17.6682,34.682,53.4204,76.6694,104.3133,137.2184,166.7249,194.8379,C7,C7: limit warming to 4°C (>50%)
REMIND 2.1,R2p1_SSP2-PkBudg1100,0.3108,3.3862,30.9669,68.2798,101.5867,134.5174,172.8961,215.7619,249.7898,283.4106,C3,C3: limit warming to 2°C (>67%)
REMIND 2.1,R2p1_SSP2-PkBudg1300,0.3108,3.3862,28.5453,63.7955,98.0049,130.3369,163.9154,199.3414,230.853,266.322,C3,C3: limit warming to 2°C (>67%)
REMIND 2.1,R2p1_SSP2-PkBudg900,0.3108,3.3862,34.8238,73.3786,106.9459,141.0935,181.3057,224.4292,259.334,301.855,C1,C1: limit warming to 1.5°C (>50%) with no or limited overshoot
REMIND 2.1,R2p1_SSP5-Base,0.3143,2.887,9.5856,16.0109,23.3281,35.3314,54.5745,82.4524,107.1995,132.8643,C8,C8: exceed warming of 4°C (>=50%)
REMIND 2.1,R2p1_SSP5-NDC,0.3108,3.3862,18.5506,35.2039,53.7005,80.0491,115.7973,156.6629,188.8514,217.3339,C7,C7: limit warming to 4°C (>50%)
REMIND 2.1,R2p1_SSP5-NPi,0.3108,3.3862,13.5286,21.3448,29.6254,43.0617,64.034,92.1558,115.5531,141.8994,C8,C8: exceed warming of 4°C (>=50%)
REMIND 2.1,R2p1_SSP5-PkBudg1100,0.3108,3.3862,27.2766,59.4542,93.829,135.6432,185.5135,238.0031,273.8426,303.7915,C2,C2: return warming to 1.5°C (>50%) after a high overshoot
REMIND 2.1,R2p1_SSP5-PkBudg1300,0.3108,3.3862,24.9388,55.2731,89.1495,130.8754,179.1383,231.6531,269.8081,301.1028,C3,C3: limit warming to 2°C (>67%)
REMIND 2.1,R2p1_SSP5-PkBudg900,0.3108,3.3862,30.9946,65.1922,98.8396,142.0834,195.7946,249.4757,283.8808,317.8498,C1,C1: limit warming to 1.5°C (>50%) with no or limited overshoot
REMIND 2.1,TechCost-SSP2-B1100-bioH,0.3072,3.2348,27.0749,64.7757,104.4928,145.1267,187.1749,234.07,275.7932,316.7349,C3,C3: limit warming to 2°C (>67%)
REMIND 2.1,TechCost-SSP2-B1100-ccsH,0.3072,3.2416,27.3708,65.4752,105.0433,145.1168,182.0951,217.8872,246.0214,276.2347,C3,C3: limit warming to 2°C (>67%)
REMIND 2.1,TechCost-SSP2-B1100-coalH,0.3072,3.1985,27.6395,66.6687,106.8538,148.4313,191.9515,240.037,281.8777,323.4343,C3,C3: limit warming to 2°C (>67%)
REMIND 2.1,TechCost-SSP2-B1100-elh2H,0.3072,3.2182,28.4192,70.033,113.8312,156.4356,198.7365,245.6849,287.676,330.1308,C3,C3: limit warming to 2°C (>67%)
REMIND 2.1,TechCost-SSP2-B1100-gasH,0.3072,3.2638,27.7675,66.4473,106.4205,147.7439,190.4144,237.3521,278.7656,320.4199,C3,C3: limit warming to 2°C (>67%)
REMIND 2.1,TechCost-SSP2-B1100-nucH,0.3072,3.2343,26.8062,61.4566,96.314,133.2612,174.006,222.5049,270.8608,322.0085,C3,C3: limit warming to 2°C (>67%)
REMIND 2.1,TechCost-SSP2-B1100-oilH,0.3072,3.2375,28.0366,65.264,103.0961,144.7426,190.1361,239.3757,281.2003,322.816,C3,C3: limit warming to 2°C (>67%)
REMIND 2.1,TechCost-SSP2-B1100-spvH,0.3072,3.7054,35.3845,83.0292,135.1182,190.5393,245.9262,297.7127,342.503,385.7879,C3,C3: limit warming to 2°C (>67%)
REMIND 2.1,TechCost-SSP2-B1100-windH,0.3072,3.1838,24.0459,55.4833,91.6525,133.2337,175.8017,217.9581,257.3857,300.5987,C3,C3: limit warming to 2°C (>67%)
REMIND-Buildings 2.0,BEG-Base,0.1757,3.4378,10.996,26.5758,47.4699,72.3567,99.913,133.5951,167.6736,207.644,C7,C7: limit warming to 4°C (>50%)
REMIND-Buildings 2.0,BEG-Budg600,0.1757,3.4378,27.0527,74.0027,116.9225,160.1493,206.4953,262.4711,318.7214,394.6139,C2,C2: return warming to 1.5°C (>50%) after a high overshoot
REMIND-Buildings 2.0,BEG-Budg600-EG,0.1757,3.4378,25.527,67.2717,104.6212,141.7273,181.2657,230.7327,281.6263,350.9582,C2,C2: return warming to 1.5°C (>50%) after a high overshoot
REMIND-Buildings 2.0,BEG-EG,0.1757,3.4378,8.7649,19.9906,36.4247,57.6708,82.083,112.2629,140.5479,173.7499,C7,C7: limit warming to 4°C (>50%)
REMIND-H13 2.1,START_BAU,0.3052,3.4231,12.6585,28.6218,48.0407,71.1256,98.5185,133.1552,168.2178,203.7495,failed-vetting,failed-vetting
REMIND-H13 2.1,START_Current_Policies,0.3052,3.8544,15.7749,32.5778,52.1209,75.9991,104.3766,140.04,175.7372,211.8336,failed-vetting,failed-vetting
REMIND-H13 2.1,START_Net-zero,0.3052,3.8544,21.8486,53.564,88.4397,124.3667,160.5474,198.2745,233.6685,270.8558,failed-vetting,failed-vetting
REMIND-H13 2.1,START_Net-zero_noLandUse_CDRlim,0.3052,3.8544,23.7593,56.0766,90.5147,127.0124,164.1406,203.2294,239.8387,277.3521,failed-vetting,failed-vetting
REMIND-H13 2.1,START_Net-zero_noNuc_lowVRE,0.3052,3.8544,20.5359,45.501,67.9721,89.1968,110.1678,131.6757,144.5611,156.7838,failed-vetting,failed-vetting
REMIND-MAgPIE 1.5,SSP1-19,0.2366,2.634,14.97,46.09,91.31,137.3,173.4,201.6,211.8,214.1,C2,C2: return warming to 1.5°C (>50%) after a high overshoot
REMIND-MAgPIE 1.5,SSP1-26,0.2366,2.634,10.9,29.98,60.83,98.67,133.5,165.4,188.1,201.7,C4,C4: limit warming to 2°C (>50%)
REMIND-MAgPIE 1.5,SSP1-34,0.2366,2.634,7.879,18.65,37.16,64.35,98.12,131.4,151.4,159.6,C5,C5: limit warming to 2.5°C (>50%)
REMIND-MAgPIE 1.5,SSP1-45,0.2366,2.634,7.423999999999999,15.62,28.9,48.14,74.55,106.0,130.3,137.9,C6,C6: limit warming to 3°C (>50%)
REMIND-MAgPIE 1.5,SSP1-Baseline,0.2366,2.218,5.553,12.1,22.92,36.92,52.93,73.45,93.65,108.3,C7,C7: limit warming to 4°C (>50%)
REMIND-MAgPIE 1.5,SSP2-19,0.2366,2.595,18.8,67.04,127.6,179.4,222.9,274.7,335.8,395.8,C1,C1: limit warming to 1.5°C (>50%) with no or limited overshoot
REMIND-MAgPIE 1.5,SSP2-26,0.2366,2.595,12.09,34.16,71.44,120.8,176.7,244.8,316.5,380.5,C3,C3: limit warming to 2°C (>67%)
REMIND-MAgPIE 1.5,SSP2-34,0.2366,2.595,9.959,25.07,49.42,88.27,141.5,206.9,274.0,332.5,C5,C5: limit warming to 2.5°C (>50%)
REMIND-MAgPIE 1.5,SSP2-45,0.2366,2.595,8.472999999999999,18.8,34.22,60.54,103.5,164.3,230.2,283.8,C6,C6: limit warming to 3°C (>50%)
REMIND-MAgPIE 1.5,SSP2-60,0.2366,2.595,6.393,11.31,20.11,39.16,72.86,125.3,187.0,244.5,C7,C7: limit warming to 4°C (>50%)
REMIND-MAgPIE 1.5,SSP2-Baseline,0.2366,2.175,4.864,9.603,18.1,34.05,60.33,103.3,161.0,220.0,C7,C7: limit warming to 4°C (>50%)
REMIND-MAgPIE 1.5,SSP5-19,0.2366,1.651,3.355,18.2,65.08,131.6,195.2,256.5,316.0,370.3,C2,C2: return warming to 1.5°C (>50%) after a high overshoot
REMIND-MAgPIE 1.5,SSP5-26,0.2366,1.651,1.855,5.071000000000002,22.92,67.86,135.2,215.4,292.2,352.6,C4,C4: limit warming to 2°C (>50%)
REMIND-MAgPIE 1.5,SSP5-34,0.2366,1.651,1.603,2.17,8.794,35.97,90.17,169.0,251.0,318.7,C5,C5: limit warming to 2.5°C (>50%)
REMIND-MAgPIE 1.5,SSP5-45,0.2366,1.651,1.571,1.541999999999999,4.409,21.05,58.5,117.0,180.1,228.8,C6,C6: limit warming to 3°C (>50%)
REMIND-MAgPIE 1.5,SSP5-60,0.2366,1.651,1.561,1.174,1.061,6.999,27.53,65.48,119.5,177.5,C7,C7: limit warming to 4°C (>50%)
REMIND-MAgPIE 1.5,SSP5-Baseline,0.2366,1.651,1.561,1.128,0.1566,0.3724,2.848,13.29,40.09,80.89,C8,C8: exceed warming of 4°C (>=50%)
REMIND-MAgPIE 1.7-3.0,CD-LINKS_INDC2030i_1000,0.2361,3.4734,15.7165,61.1724,137.2288,210.1172,268.7648,331.0482,389.6098,445.1827,C2,C2: return warming to 1.5°C (>50%) after a high overshoot
REMIND-MAgPIE 1.7-3.0,CD-LINKS_INDC2030i_1600,0.2361,3.4734,15.7165,57.2186,126.1568,193.6865,245.7855,296.0491,342.9323,389.6142,C4,C4: limit warming to 2°C (>50%)
REMIND-MAgPIE 1.7-3.0,CD-LINKS_INDC2030i_400,0.2361,3.4734,15.7165,65.931,150.3209,230.8345,296.3871,364.3208,427.0427,487.096,C2,C2: return warming to 1.5°C (>50%) after a high overshoot
REMIND-MAgPIE 1.7-3.0,CD-LINKS_INDCi,0.2361,3.4734,15.7165,44.4256,88.7892,140.5306,187.353,233.0874,269.2403,305.1842,C7,C7: limit warming to 4°C (>50%)
REMIND-MAgPIE 1.7-3.0,CD-LINKS_NDC2030i_1000,0.2361,3.4734,15.7165,61.1724,137.2288,210.1172,268.7648,331.0482,389.6098,445.1827,C3,C3: limit warming to 2°C (>67%)
REMIND-MAgPIE 1.7-3.0,CD-LINKS_NPi,0.2361,3.4734,12.7673,35.1373,74.1266,123.9242,171.7349,219.4472,257.8682,295.7282,C7,C7: limit warming to 4°C (>50%)
REMIND-MAgPIE 1.7-3.0,CD-LINKS_NPi2020_1000,0.2361,3.4734,25.8001,81.4923,146.3182,205.7242,255.8303,312.0133,361.809,408.4885,C2,C2: return warming to 1.5°C (>50%) after a high overshoot
REMIND-MAgPIE 1.7-3.0,CD-LINKS_NPi2020_1600,0.2361,3.4734,23.3254,73.9905,135.6219,193.0581,241.3987,296.3828,348.3876,407.8529,C4,C4: limit warming to 2°C (>50%)
REMIND-MAgPIE 1.7-3.0,CD-LINKS_NPi2020_400,0.2361,3.4734,30.0942,99.2215,183.3793,257.566,314.2441,371.3423,418.152,470.3899,C1,C1: limit warming to 1.5°C (>50%) with no or limited overshoot
REMIND-MAgPIE 1.7-3.0,CD-LINKS_NoPolicy,0.2361,2.9285,10.0264,31.2586,70.8714,122.8697,172.5629,220.9101,258.5172,294.0757,C7,C7: limit warming to 4°C (>50%)
REMIND-MAgPIE 1.7-3.0,CO_2Deg2020,0.2361,3.7747,26.6083,79.6901,139.8916,194.6912,245.4678,306.9451,362.5835,419.9457,C2,C2: return warming to 1.5°C (>50%) after a high overshoot
REMIND-MAgPIE 1.7-3.0,CO_2Deg2030,0.2361,3.4178,15.2953,59.3611,130.5391,198.3079,257.3808,323.6625,382.8977,435.538,C2,C2: return warming to 1.5°C (>50%) after a high overshoot
REMIND-MAgPIE 1.7-3.0,CO_BAU,0.2361,2.9283,10.1017,31.4962,69.9617,118.5799,164.7161,210.3279,246.5235,281.0905,C7,C7: limit warming to 4°C (>50%)
REMIND-MAgPIE 1.7-3.0,CO_Bridge,0.2361,3.7256,18.8051,64.9836,131.6015,194.5193,250.0171,313.1937,370.1676,421.3965,C2,C2: return warming to 1.5°C (>50%) after a high overshoot
REMIND-MAgPIE 1.7-3.0,CO_CurPol,0.2361,3.4178,12.433,34.7381,73.6977,121.8448,166.8281,211.5624,247.759,284.2906,C7,C7: limit warming to 4°C (>50%)
REMIND-MAgPIE 1.7-3.0,CO_GPP,0.2361,3.7256,18.8051,54.7425,104.3281,152.6962,193.3517,237.0951,277.4128,320.9293,C5,C5: limit warming to 2.5°C (>50%)
REMIND-MAgPIE 1.7-3.0,CO_NDCplus,0.2361,3.4178,15.2953,44.0801,88.4686,137.8911,181.0254,223.5639,258.8497,297.4452,C7,C7: limit warming to 4°C (>50%)
REMIND-MAgPIE 1.7-3.0,EMF33_1.5C_cost100,0.2362,4.7068,31.4651,89.91329999999999,161.1002,236.3641,314.9405,385.3103,408.6587,405.9532,C2,C2: return warming to 1.5°C (>50%) after a high overshoot
REMIND-MAgPIE 1.7-3.0,EMF33_1.5C_full,0.2362,4.7068,30.5311,85.6862,152.226,223.2792,294.8374,348.821,355.9222,337.3934,C2,C2: return warming to 1.5°C (>50%) after a high overshoot
REMIND-MAgPIE 1.7-3.0,EMF33_1.5C_nofuel,0.2362,4.7068,28.1358,79.134,139.3046,199.3914,248.8604,289.6478,304.3134,343.5212,C1,C1: limit warming to 1.5°C (>50%) with no or limited overshoot
REMIND-MAgPIE 1.7-3.0,EMF33_Baseline,0.2362,3.5488,13.6518,34.7195,66.6714,106.9894,149.5682,195.9836,233.65,267.9805,C8,C8: exceed warming of 4°C (>=50%)
REMIND-MAgPIE 1.7-3.0,EMF33_Med2C_cost100,0.2362,4.7068,25.6952,66.5097,117.0734,166.6744,219.7339,293.5596,373.1727,456.2934,C4,C4: limit warming to 2°C (>50%)
REMIND-MAgPIE 1.7-3.0,EMF33_Med2C_full,0.2362,4.7068,23.43,58.6905,105.149,155.0861,207.3938,274.3663,345.2091,428.5649999999999,C5,C5: limit warming to 2.5°C (>50%)
REMIND-MAgPIE 1.7-3.0,EMF33_Med2C_limbio,0.2362,4.7068,27.6793,72.7581,125.8345,178.6316,234.8514,313.1864,394.4229,488.2769,C3,C3: limit warming to 2°C (>67%)
REMIND-MAgPIE 1.7-3.0,EMF33_Med2C_nobeccs,0.2362,4.7068,28.1955,73.5188,125.7069,176.6459,229.3817,301.5158,381.0492,470.5192,C4,C4: limit warming to 2°C (>50%)
REMIND-MAgPIE 1.7-3.0,EMF33_Med2C_nofuel,0.2362,4.7068,25.5004,65.8839,115.2582,164.79,217.9941,287.342,354.5391,405.1289,C4,C4: limit warming to 2°C (>50%)
REMIND-MAgPIE 1.7-3.0,EMF33_Med2C_none,0.2362,4.7068,28.8622,75.6014,128.1891,180.7196,235.6221,312.0168,398.8272,491.2881,C4,C4: limit warming to 2°C (>50%)
REMIND-MAgPIE 1.7-3.0,EMF33_WB2C_cost100,0.2362,4.7068,28.1377,74.29440000000001,129.9824,190.3629,259.9071000000001,346.6426,418.173,475.477,C3,C3: limit warming to 2°C (>67%)
REMIND-MAgPIE 1.7-3.0,EMF33_WB2C_full,0.2362,4.7068,27.7195,73.77539999999999,129.7987,189.265,255.816,342.1241000000001,415.6178,473.5389,C3,C3: limit warming to 2°C (>67%)
REMIND-MAgPIE 1.7-3.0,EMF33_WB2C_limbio,0.2362,4.7068,28.5604,79.7771,145.7666,214.5397,289.2764,341.054,353.9196,351.9792,C3,C3: limit warming to 2°C (>67%)
REMIND-MAgPIE 1.7-3.0,EMF33_WB2C_nobeccs,0.2362,4.7068,30.8148,87.2258,140.1444,183.2089,216.45,258.7181,293.0341,317.7997,C3,C3: limit warming to 2°C (>67%)
REMIND-MAgPIE 1.7-3.0,EMF33_WB2C_nofuel,0.2362,4.7068,28.2104,73.79950000000002,127.2326,180.4004,236.9108,307.8939999999999,370.9776,436.6853,C3,C3: limit warming to 2°C (>67%)
REMIND-MAgPIE 1.7-3.0,EMF33_WB2C_none,0.2362,4.7068,35.56460000000001,99.8124,167.4279,231.4575,303.9115,394.2597,457.4833,494.5359,C3,C3: limit warming to 2°C (>67%)
REMIND-MAgPIE 1.7-3.0,EMF33_tax_hi_full,0.2362,3.5488,22.5224,66.92,120.6106,174.3333,235.1149,319.5559,398.235,465.3266000000001,C3,C3: limit warming to 2°C (>67%)
REMIND-MAgPIE 1.7-3.0,EMF33_tax_hi_none,0.2362,3.5488,22.4144,66.0583,118.2755,169.4455,225.7306,305.5255,389.4586,472.941,C4,C4: limit warming to 2°C (>50%)
REMIND-MAgPIE 1.7-3.0,EMF33_tax_lo_full,0.2362,3.5488,18.164,52.5226,102.0247,157.3434,209.3899,266.9019,321.0717999999999,372.5389,C5,C5: limit warming to 2.5°C (>50%)
REMIND-MAgPIE 1.7-3.0,EMF33_tax_lo_none,0.2362,3.5488,18.4953,54.7937,104.1119,155.2856,205.462,265.1344,319.9046,368.6639,C5,C5: limit warming to 2.5°C (>50%)
REMIND-MAgPIE 1.7-3.0,PEP_1p5C_full_NDC,0.2361,3.4178,15.2953,61.9887,138.4473,212.6363,278.9663,350.1744,415.4334,475.8908,C2,C2: return warming to 1.5°C (>50%) after a high overshoot
REMIND-MAgPIE 1.7-3.0,PEP_1p5C_full_eff,0.2361,3.7747,30.1446,89.3774,154.7602,217.8534,279.6729,349.5243,404.2757,456.7982,C1,C1: limit warming to 1.5°C (>50%) with no or limited overshoot
REMIND-MAgPIE 1.7-3.0,PEP_1p5C_full_goodpractice,0.2361,3.6631,17.875,66.2569,138.9761,209.1105,272.763,341.6915,399.3614,449.4353,C2,C2: return warming to 1.5°C (>50%) after a high overshoot
REMIND-MAgPIE 1.7-3.0,PEP_1p5C_full_netzero,0.2361,3.7747,19.5634,69.3479,138.5324,204.8575,266.0577,334.7521,391.1602,438.9469,C2,C2: return warming to 1.5°C (>50%) after a high overshoot
REMIND-MAgPIE 1.7-3.0,PEP_1p5C_red_eff,0.2361,3.7747,33.8246,100.1001,174.8113,246.0438,319.0761,411.3199,490.2456,561.8285,C1,C1: limit warming to 1.5°C (>50%) with no or limited overshoot
REMIND-MAgPIE 1.7-3.0,PEP_2C_full_NDC,0.2361,3.4178,15.2953,59.3611,130.5391,198.3079,257.3808,323.6625,382.8977,435.538,C2,C2: return warming to 1.5°C (>50%) after a high overshoot
REMIND-MAgPIE 1.7-3.0,PEP_2C_full_eff,0.2361,3.7747,26.6083,79.6901,139.8916,194.6912,245.4678,306.9451,362.5835,419.9457,C2,C2: return warming to 1.5°C (>50%) after a high overshoot
REMIND-MAgPIE 1.7-3.0,PEP_2C_full_goodpractice,0.2361,3.6631,17.875,62.8157,129.2327,192.1331,248.694,313.2197,368.7109,418.0036,C2,C2: return warming to 1.5°C (>50%) after a high overshoot
REMIND-MAgPIE 1.7-3.0,PEP_2C_full_netzero,0.2361,3.7747,19.5634,65.4217,128.5253,187.585,239.0978,297.2804,349.7062,401.2922,C2,C2: return warming to 1.5°C (>50%) after a high overshoot
REMIND-MAgPIE 1.7-3.0,PEP_2C_red_NDC,0.2361,3.4178,15.2953,63.4449,147.1262,230.5573,303.4371,383.6212,458.4359,526.1341,C2,C2: return warming to 1.5°C (>50%) after a high overshoot
REMIND-MAgPIE 1.7-3.0,PEP_2C_red_eff,0.2361,3.7747,27.5296,84.6261,150.2881,213.6079,274.3218,344.9175,405.4934,465.3636,C1,C1: limit warming to 1.5°C (>50%) with no or limited overshoot
REMIND-MAgPIE 1.7-3.0,PEP_2C_red_goodpractice,0.2361,3.6631,17.875,68.0216,148.6893,227.8838,296.3157,369.0336,430.0006,480.8725,C2,C2: return warming to 1.5°C (>50%) after a high overshoot
REMIND-MAgPIE 1.7-3.0,PEP_2C_red_netzero,0.2361,3.7747,19.5634,70.991,147.4696,222.1552,287.4658,357.1701,414.8142,464.9443,C2,C2: return warming to 1.5°C (>50%) after a high overshoot
REMIND-MAgPIE 1.7-3.0,PEP_NDC,0.2361,3.4178,15.2953,44.0801,88.4686,137.8911,181.0254,223.5639,258.8497,297.4452,C7,C7: limit warming to 4°C (>50%)
REMIND-MAgPIE 1.7-3.0,PEP_NPi,0.2361,3.4178,12.433,34.7381,73.6977,121.8448,166.8281,211.5624,247.759,284.2906,C7,C7: limit warming to 4°C (>50%)
REMIND-MAgPIE 1.7-3.0,PEP_NoPolicy,0.2361,2.9283,10.1017,31.4962,69.9617,118.5799,164.7161,210.3279,246.5235,281.0905,C7,C7: limit warming to 4°C (>50%)
REMIND-MAgPIE 1.7-3.0,PEP_goodpractice,0.2361,3.6631,17.875,50.974,97.1941,143.5598,182.6821,221.7717,255.2575,292.7436,C6,C6: limit warming to 3°C (>50%)
REMIND-MAgPIE 1.7-3.0,PEP_netzero,0.2361,3.7747,19.5634,55.8766,103.0125,148.3148,187.3174,229.4412,268.5697,311.6736,C5,C5: limit warming to 2.5°C (>50%)
REMIND-MAgPIE 1.7-3.0,SMP_1p5C_Def,0.2361,5.842000000000001,40.7555,100.351,160.8069,216.0317,268.1631,329.5365,382.7981,436.1193,failed-vetting,failed-vetting
REMIND-MAgPIE 1.7-3.0,SMP_1p5C_Sust,0.2361,5.826000000000001,41.5182,100.8095,157.8584,202.9968,240.9258,283.134,312.7072,343.0438,failed-vetting,failed-vetting
REMIND-MAgPIE 1.7-3.0,SMP_1p5C_early,0.2361,6.6002,45.6825,106.0577,163.4184,212.1362,257.6798,311.5134,359.3564,406.6534,failed-vetting,failed-vetting
REMIND-MAgPIE 1.7-3.0,SMP_1p5C_lifesty,0.2361,5.3677,35.5371,87.8442,140.7604,186.0551,224.1417,263.2238,288.877,311.4566,failed-vetting,failed-vetting
REMIND-MAgPIE 1.7-3.0,SMP_1p5C_regul,0.2361,5.7277,43.6794,111.5176,182.0024,247.2693,308.5393,376.7308,431.9618,491.2965,failed-vetting,failed-vetting
REMIND-MAgPIE 1.7-3.0,SMP_2C_Def,0.2361,5.1995,34.7812,88.7217,145.8062,196.5062,245.3492,307.9694,364.0282,420.6319999999999,failed-vetting,failed-vetting
REMIND-MAgPIE 1.7-3.0,SMP_2C_Sust,0.2361,4.683,31.1422,84.6692,141.3505,186.6868,219.6504,253.7948,277.1797,299.1287,failed-vetting,failed-vetting
REMIND-MAgPIE 1.7-3.0,SMP_2C_early,0.2361,5.5343,38.3481,93.9049,149.0715,195.6367,238.5419,290.3301,336.3045,381.6304,failed-vetting,failed-vetting
REMIND-MAgPIE 1.7-3.0,SMP_2C_lifesty,0.2361,4.4221,28.3662,76.0966,128.2766,173.1292,208.2449,243.7105,269.5717,293.2483,C1,C1: limit warming to 1.5°C (>50%) with no or limited overshoot
REMIND-MAgPIE 1.7-3.0,SMP_2C_regul,0.2361,5.0686,36.5213,96.9003,160.6631,217.2145,271.1419,339.5642,400.2464,458.9546,failed-vetting,failed-vetting
REMIND-MAgPIE 1.7-3.0,SMP_REF_Def,0.2361,2.8855,9.7525,30.7755,69.2712,118.3445,165.0244,211.1216,247.2876,281.2633,C7,C7: limit warming to 4°C (>50%)
REMIND-MAgPIE 1.7-3.0,SMP_REF_Sust,0.2361,2.6988,7.5414,23.104,55.2087,99.7575,144.7117,187.0376,215.6188,237.3564,C7,C7: limit warming to 4°C (>50%)
REMIND-MAgPIE 2.0-4.1,Diff_1300Gt_hybrid_def,0.2826,2.9151,23.544,61.8597,100.2687,167.5954,237.9631,296.2283,333.4118,375.6989,C3,C3: limit warming to 2°C (>67%)
REMIND-MAgPIE 2.0-4.1,Diff_1300Gt_no-transfer_def,0.2826,2.9151,26.079,61.5036,97.3669,165.2534,238.0685,296.5981,333.7146,377.4958,C3,C3: limit warming to 2°C (>67%)
REMIND-MAgPIE 2.0-4.1,Diff_1300Gt_uniform-pricing_def,0.2826,2.9151,22.8143,62.1375,101.8157,169.04,239.2213,298.0875,334.7505,372.0702,C3,C3: limit warming to 2°C (>67%)
REMIND-MAgPIE 2.0-4.1,Diff_No-policy_baseline,0.2826,3.1429,10.7151,25.8625,47.2981,99.1306,156.496,205.6796,234.0137,266.2209,C7,C7: limit warming to 4°C (>50%)
REMIND-MAgPIE 2.1-4.2,CEMICS_SSP1-1p5C-fullCDR,0.3032,3.0852,29.6911,76.8757,109.8252,125.2203,133.262,139.2052,133.6055,130.4773,C1,C1: limit warming to 1.5°C (>50%) with no or limited overshoot
REMIND-MAgPIE 2.1-4.2,CEMICS_SSP1-1p5C-minCDR,0.3032,3.0852,33.1459,86.4946,129.1564,155.679,169.3928,171.8452,159.4895,152.0193,C1,C1: limit warming to 1.5°C (>50%) with no or limited overshoot
REMIND-MAgPIE 2.1-4.2,CEMICS_SSP1-Npi,0.3032,3.0852,15.5798,35.0216,53.2898,68.5569,81.3142,92.7622,98.1262,102.9095,C6,C6: limit warming to 3°C (>50%)
REMIND-MAgPIE 2.1-4.2,CEMICS_SSP2-1p5C-fullCDR,0.3047,3.1128,28.7307,74.0481,112.775,145.5002,177.2901,215.6511,252.1825,292.9329,C1,C1: limit warming to 1.5°C (>50%) with no or limited overshoot
REMIND-MAgPIE 2.1-4.2,CEMICS_SSP2-1p5C-minCDR,0.3047,3.1128,34.4813,87.5212,136.3683,183.5765,230.9958,281.8515,323.7556,369.6229,C1,C1: limit warming to 1.5°C (>50%) with no or limited overshoot
REMIND-MAgPIE 2.1-4.2,CEMICS_SSP2-2C-fullCDR,0.3047,3.1128,21.7921,58.6397,98.4579,136.5919,172.456,211.8845,248.5885,282.5274,C3,C3: limit warming to 2°C (>67%)
REMIND-MAgPIE 2.1-4.2,CEMICS_SSP2-2C-minCDR,0.3047,3.1128,25.754,68.4542,112.2379,156.1333,204.2343,259.9552,306.47,352.6331,C3,C3: limit warming to 2°C (>67%)
REMIND-MAgPIE 2.1-4.2,CEMICS_SSP2-Npi,0.3047,3.1128,15.0095,33.0045,53.6794,77.6494,106.4677,144.0338,182.7595,221.2854,C7,C7: limit warming to 4°C (>50%)
REMIND-MAgPIE 2.1-4.2,EN_INDCi2030_1000,0.2979,3.4387,26.51,65.0522,100.3553,135.7879,178.9545,228.8147,266.1824,302.5123,C3,C3: limit warming to 2°C (>67%)
REMIND-MAgPIE 2.1-4.2,EN_INDCi2030_1000_COV,0.2981,3.3862,23.944,56.3657,86.1763,116.863,150.4855,183.7611,208.9456,233.5717,C3,C3: limit warming to 2°C (>67%)
REMIND-MAgPIE 2.1-4.2,EN_INDCi2030_1000_COV_NDCp,0.2981,3.3862,24.5335,56.4389,86.1498,116.9967,150.5645,183.3407,208.9013,233.6646,C3,C3: limit warming to 2°C (>67%)
REMIND-MAgPIE 2.1-4.2,EN_INDCi2030_1000_NDCp,0.2979,3.4387,27.3079,65.1541,100.2516,135.7361,178.6543,227.6504,264.4506,300.2396,C3,C3: limit warming to 2°C (>67%)
REMIND-MAgPIE 2.1-4.2,EN_INDCi2030_1000f,0.2979,3.4387,26.51,64.8293,99.9476,134.5257,176.733,227.3507,270.1299,317.4372,C3,C3: limit warming to 2°C (>67%)
REMIND-MAgPIE 2.1-4.2,EN_INDCi2030_1000f_COV,0.2981,3.3862,23.944,56.0877,85.4044,115.6476,149.1211,183.7795,213.0533,244.9879,C3,C3: limit warming to 2°C (>67%)
REMIND-MAgPIE 2.1-4.2,EN_INDCi2030_1000f_COV_NDCp,0.2981,3.3862,24.5335,55.998,85.1363,115.569,149.2866,183.8423,213.1937,244.8767,C3,C3: limit warming to 2°C (>67%)
REMIND-MAgPIE 2.1-4.2,EN_INDCi2030_1000f_NDCp,0.2979,3.4387,27.3079,64.8094,99.6203,134.2737,176.5471,226.9045,269.7149,316.3772,C3,C3: limit warming to 2°C (>67%)
REMIND-MAgPIE 2.1-4.2,EN_INDCi2030_1200,0.2979,3.4387,26.51,61.9703,95.6247,128.7552,165.7195,207.1693,245.7728,291.0694,C3,C3: limit warming to 2°C (>67%)
REMIND-MAgPIE 2.1-4.2,EN_INDCi2030_1200f,0.2979,3.4387,26.51,62.0351,95.6375,128.589,165.1537,206.2225,244.7468,290.3186,C3,C3: limit warming to 2°C (>67%)
REMIND-MAgPIE 2.1-4.2,EN_INDCi2030_1400,0.2979,3.4387,26.51,58.5082,90.9902,125.0326,160.6357,195.7626,225.9525,263.8082,C4,C4: limit warming to 2°C (>50%)
REMIND-MAgPIE 2.1-4.2,EN_INDCi2030_1400f,0.2979,3.4387,26.51,58.5082,90.9902,125.0326,160.6357,195.7626,225.9525,263.8082,C4,C4: limit warming to 2°C (>50%)
REMIND-MAgPIE 2.1-4.2,EN_INDCi2030_1600,0.2979,3.4387,26.51,55.6861,86.4287,121.011,157.0816,190.5061,216.2545,246.9606,C5,C5: limit warming to 2.5°C (>50%)
REMIND-MAgPIE 2.1-4.2,EN_INDCi2030_1600f,0.2979,3.4387,26.51,55.6861,86.4287,121.011,157.0816,190.5061,216.2545,246.9606,C5,C5: limit warming to 2.5°C (>50%)
REMIND-MAgPIE 2.1-4.2,EN_INDCi2030_1800,0.2979,3.4387,26.51,52.9221,81.5823,116.1278,152.5766,186.2068,210.9607,238.6223,C5,C5: limit warming to 2.5°C (>50%)
REMIND-MAgPIE 2.1-4.2,EN_INDCi2030_1800f,0.2979,3.4387,26.51,52.9221,81.5823,116.1278,152.5766,186.2068,210.9607,238.6223,C5,C5: limit warming to 2.5°C (>50%)
REMIND-MAgPIE 2.1-4.2,EN_INDCi2030_2000,0.2979,3.4387,26.51,50.8357,76.9941,110.6134,146.0349,179.1668,208.2697,259.0658,C5,C5: limit warming to 2.5°C (>50%)
REMIND-MAgPIE 2.1-4.2,EN_INDCi2030_2000f,0.2979,3.4387,26.51,51.2485,78.0959,111.7802,147.9969,181.0079,205.6107,233.5876,C5,C5: limit warming to 2.5°C (>50%)
REMIND-MAgPIE 2.1-4.2,EN_INDCi2030_2500,0.2979,3.4387,26.51,49.432,73.3836,104.342,139.5713,172.1084,196.1858,225.2666,C6,C6: limit warming to 3°C (>50%)
REMIND-MAgPIE 2.1-4.2,EN_INDCi2030_2500f,0.2979,3.4387,26.51,49.4277,73.3776,104.3416,139.5699,172.0911,196.1667,225.2585,C6,C6: limit warming to 3°C (>50%)
REMIND-MAgPIE 2.1-4.2,EN_INDCi2030_3000,0.2979,3.4387,26.51,47.6148,69.2812,98.5332,132.9888,164.6168,187.1169,215.1357,C6,C6: limit warming to 3°C (>50%)
REMIND-MAgPIE 2.1-4.2,EN_INDCi2030_3000f,0.2979,3.4387,26.51,47.6424,69.3393,98.6336,133.0698,164.6522,187.1861,215.4914,C6,C6: limit warming to 3°C (>50%)
REMIND-MAgPIE 2.1-4.2,EN_INDCi2030_300f,0.2979,3.4387,26.51,69.84,111.8211,161.2782,231.3301,322.6611,400.6026,469.5658,C2,C2: return warming to 1.5°C (>50%) after a high overshoot
REMIND-MAgPIE 2.1-4.2,EN_INDCi2030_400f,0.2979,3.4387,26.51,69.3188,109.8231,155.095,217.6686,303.2152,382.9518,457.7005,C2,C2: return warming to 1.5°C (>50%) after a high overshoot
REMIND-MAgPIE 2.1-4.2,EN_INDCi2030_500f,0.2979,3.4387,26.51,68.6086,107.5301,148.9371,204.3344,282.3191,363.341,445.5493,C2,C2: return warming to 1.5°C (>50%) after a high overshoot
REMIND-MAgPIE 2.1-4.2,EN_INDCi2030_600_COV,0.2981,3.3862,23.944,62.2624,93.9249,119.191,149.4059,182.1452,209.4522,236.6146,C2,C2: return warming to 1.5°C (>50%) after a high overshoot
REMIND-MAgPIE 2.1-4.2,EN_INDCi2030_600_COV_NDCp,0.2981,3.3862,24.5335,62.835,93.571,119.7449,150.311,182.6135,208.5654,235.3212,C2,C2: return warming to 1.5°C (>50%) after a high overshoot
REMIND-MAgPIE 2.1-4.2,EN_INDCi2030_600f,0.2979,3.4387,26.51,67.5927,105.2372,144.7733,195.0487,263.3499,338.6815,425.7992,C2,C2: return warming to 1.5°C (>50%) after a high overshoot
REMIND-MAgPIE 2.1-4.2,EN_INDCi2030_600f_COV,0.2981,3.3862,23.944,60.1071,91.4558,123.2477,161.3993,204.8865,249.0021,302.941,C2,C2: return warming to 1.5°C (>50%) after a high overshoot
REMIND-MAgPIE 2.1-4.2,EN_INDCi2030_600f_COV_NDCp,0.2981,3.3862,24.5335,59.979,91.1732,123.2181,161.5613,204.4084,247.5405,301.0645,C2,C2: return warming to 1.5°C (>50%) after a high overshoot
REMIND-MAgPIE 2.1-4.2,EN_INDCi2030_600f_NDCp,0.2979,3.4387,27.3079,67.761,105.2774,145.0857,195.6683,264.0711,339.1522,425.3311,C2,C2: return warming to 1.5°C (>50%) after a high overshoot
REMIND-MAgPIE 2.1-4.2,EN_INDCi2030_700,0.2979,3.4387,26.51,74.0611,112.6188,143.4666,177.625,216.0825,249.8236,287.5368,C3,C3: limit warming to 2°C (>67%)
REMIND-MAgPIE 2.1-4.2,EN_INDCi2030_700f,0.2979,3.4387,26.51,67.1576,104.1032,142.8859,190.6363,251.5888,317.5523,402.9799,C3,C3: limit warming to 2°C (>67%)
REMIND-MAgPIE 2.1-4.2,EN_INDCi2030_800,0.2979,3.4387,26.51,71.073,110.177,143.2146,178.2302,217.7874,249.5053,287.7139,C3,C3: limit warming to 2°C (>67%)
REMIND-MAgPIE 2.1-4.2,EN_INDCi2030_800f,0.2979,3.4387,26.51,66.5058,102.7541,140.4148,186.2737,243.2536,300.9748,378.0658,C3,C3: limit warming to 2°C (>67%)
REMIND-MAgPIE 2.1-4.2,EN_INDCi2030_900,0.2979,3.4387,26.51,66.9818,104.1139,141.8736,183.295,227.8693,261.5649,299.5986,C3,C3: limit warming to 2°C (>67%)
REMIND-MAgPIE 2.1-4.2,EN_INDCi2030_900f,0.2979,3.4387,26.51,65.7348,101.4294,137.7416,181.5436,233.6568,280.9064,343.7022,C3,C3: limit warming to 2°C (>67%)
REMIND-MAgPIE 2.1-4.2,EN_INDCi2100,0.2979,3.4387,26.51,55.5197,84.6321,115.3064,146.9321,177.6351,202.0272,231.2297,C5,C5: limit warming to 2.5°C (>50%)
REMIND-MAgPIE 2.1-4.2,EN_INDCi2100_COV,0.2981,3.3862,23.944,49.0263,74.3362,102.8399,132.0999,160.0064,181.8735,205.7417,C5,C5: limit warming to 2.5°C (>50%)
REMIND-MAgPIE 2.1-4.2,EN_INDCi2100_COV_NDCp,0.2981,3.3862,24.5335,48.8326,72.9844,101.4519,131.926,160.4668,182.0041,205.4853,C5,C5: limit warming to 2.5°C (>50%)
REMIND-MAgPIE 2.1-4.2,EN_INDCi2100_NDCp,0.2979,3.4387,27.3079,55.1913,83.4153,114.6139,147.5879,178.6337,202.5831,231.0695,C5,C5: limit warming to 2.5°C (>50%)
REMIND-MAgPIE 2.1-4.2,EN_NPi2020_1000,0.2979,3.4387,32.4591,67.3176,98.4116,129.6312,168.9691,213.4973,252.697,297.627,C3,C3: limit warming to 2°C (>67%)
REMIND-MAgPIE 2.1-4.2,EN_NPi2020_1000_COV,0.2981,3.3862,28.0169,58.0719,85.2721,114.5082,147.842,180.2198,205.7026,232.5916,C3,C3: limit warming to 2°C (>67%)
REMIND-MAgPIE 2.1-4.2,EN_NPi2020_1000f,0.2979,3.4387,32.0748,66.6432,97.3763,128.4688,167.9747,212.8337,252.7322,299.5939,C3,C3: limit warming to 2°C (>67%)
REMIND-MAgPIE 2.1-4.2,EN_NPi2020_1000f_COV,0.2981,3.3862,26.1566,56.9854,84.6693,114.2417,146.841,179.5462,206.9329,238.7631,C3,C3: limit warming to 2°C (>67%)
REMIND-MAgPIE 2.1-4.2,EN_NPi2020_1200,0.2979,3.4387,29.4148,63.302,95.0268,127.362,162.5249,200.218,235.2857,284.7666,C3,C3: limit warming to 2°C (>67%)
REMIND-MAgPIE 2.1-4.2,EN_NPi2020_1200f,0.2979,3.4387,27.4965,62.2407,94.5152,127.0447,162.1941,199.4515,233.5527,278.4351,C3,C3: limit warming to 2°C (>67%)
REMIND-MAgPIE 2.1-4.2,EN_NPi2020_1400,0.2979,3.4387,26.8011,58.9316,90.9275,124.3232,159.162,192.8325,221.4498,257.3058,C4,C4: limit warming to 2°C (>50%)
REMIND-MAgPIE 2.1-4.2,EN_NPi2020_1400f,0.2979,3.4387,26.8011,58.9316,90.9275,124.3232,159.162,192.8325,221.4498,257.3058,C4,C4: limit warming to 2°C (>50%)
REMIND-MAgPIE 2.1-4.2,EN_NPi2020_1600,0.2979,3.4387,25.6399,55.4787,87.0362,121.2368,155.9457,188.5765,214.4359,244.7069,C4,C4: limit warming to 2°C (>50%)
REMIND-MAgPIE 2.1-4.2,EN_NPi2020_1600f,0.2979,3.4387,25.6399,55.4787,87.0362,121.2368,155.9457,188.5765,214.4359,244.7069,C4,C4: limit warming to 2°C (>50%)
REMIND-MAgPIE 2.1-4.2,EN_NPi2020_1800,0.2979,3.4387,24.3913,51.5682,81.4481,116.2244,150.4259,183.2475,212.9887,263.2954,C5,C5: limit warming to 2.5°C (>50%)
REMIND-MAgPIE 2.1-4.2,EN_NPi2020_1800f,0.2979,3.4387,24.7163,52.3821,82.7157,117.2034,152.1045,184.9099,210.5362,238.8946,C5,C5: limit warming to 2.5°C (>50%)
REMIND-MAgPIE 2.1-4.2,EN_NPi2020_2000,0.2979,3.4387,24.0169,50.0077,78.6293,112.5904,146.1462,178.413,208.3909,259.689,C5,C5: limit warming to 2.5°C (>50%)
REMIND-MAgPIE 2.1-4.2,EN_NPi2020_2000f,0.2979,3.4387,24.1854,50.4865,79.6074,113.4916,147.7876,179.9839,205.6747,233.911,C5,C5: limit warming to 2.5°C (>50%)
REMIND-MAgPIE 2.1-4.2,EN_NPi2020_200f,0.2979,3.4387,40.1139,76.7001,110.8382,157.0776,224.8137,309.5822,385.2781,460.3268,C1,C1: limit warming to 1.5°C (>50%) with no or limited overshoot
REMIND-MAgPIE 2.1-4.2,EN_NPi2020_2500,0.2979,3.4387,23.3988,47.8208,74.5763,106.4038,139.9845,171.957,197.2737,226.4188,C6,C6: limit warming to 3°C (>50%)
REMIND-MAgPIE 2.1-4.2,EN_NPi2020_2500f,0.2979,3.4387,23.4036,47.8314,74.5851,106.4055,139.9836,171.9562,197.2739,226.4164,C6,C6: limit warming to 3°C (>50%)
REMIND-MAgPIE 2.1-4.2,EN_NPi2020_3000,0.2979,3.4387,22.5986,45.0569,69.8588,100.3883,133.4392,164.5505,188.6351,217.4158,C6,C6: limit warming to 3°C (>50%)
REMIND-MAgPIE 2.1-4.2,EN_NPi2020_3000f,0.2979,3.4387,22.7125,45.3017,70.1257,100.6076,133.6297,164.7253,188.7741,217.5228,C6,C6: limit warming to 3°C (>50%)
REMIND-MAgPIE 2.1-4.2,EN_NPi2020_300f,0.2979,3.4387,39.4318,75.8413,108.0321,149.9234,211.0851,289.889,367.0781,448.3202,C1,C1: limit warming to 1.5°C (>50%) with no or limited overshoot
REMIND-MAgPIE 2.1-4.2,EN_NPi2020_400,0.2979,3.4387,46.3991,91.5446,126.9993,153.3067,187.0986,229.0941,260.8809,300.2918,C1,C1: limit warming to 1.5°C (>50%) with no or limited overshoot
REMIND-MAgPIE 2.1-4.2,EN_NPi2020_400f,0.2979,3.4387,38.6477,74.838,105.682,145.5691,202.7771,273.8835,347.5855,433.0452,C1,C1: limit warming to 1.5°C (>50%) with no or limited overshoot
REMIND-MAgPIE 2.1-4.2,EN_NPi2020_500,0.2979,3.4387,42.7548,81.6506,116.7147,148.6932,187.3693,229.4154,263.2774,302.7796,C1,C1: limit warming to 1.5°C (>50%) with no or limited overshoot
REMIND-MAgPIE 2.1-4.2,EN_NPi2020_500f,0.2979,3.4387,38.1401,74.1707,104.1966,141.9335,194.5817,257.7374,324.0185,411.7486,C2,C2: return warming to 1.5°C (>50%) after a high overshoot
REMIND-MAgPIE 2.1-4.2,EN_NPi2020_600,0.2979,3.4387,40.4938,76.8173,109.092,145.3146,188.6351,231.2325,262.8922,303.7182,C1,C1: limit warming to 1.5°C (>50%) with no or limited overshoot
REMIND-MAgPIE 2.1-4.2,EN_NPi2020_600_COV,0.2981,3.3862,36.226,67.938,92.1447,118.0376,150.7521,182.894,207.9569,236.2722,C1,C1: limit warming to 1.5°C (>50%) with no or limited overshoot
REMIND-MAgPIE 2.1-4.2,EN_NPi2020_600f,0.2979,3.4387,37.348,73.1754,102.9148,139.2053,189.0005,247.2285,306.1291,390.0962,C2,C2: return warming to 1.5°C (>50%) after a high overshoot
REMIND-MAgPIE 2.1-4.2,EN_NPi2020_600f_COV,0.2981,3.3862,33.4698,64.2617,89.8639,119.0073,157.7197,195.8908,226.4571,264.6936,C1,C1: limit warming to 1.5°C (>50%) with no or limited overshoot
REMIND-MAgPIE 2.1-4.2,EN_NPi2020_700,0.2979,3.4387,38.0783,74.118,104.0947,140.5506,186.9957,232.4697,264.014,304.5196,C3,C3: limit warming to 2°C (>67%)
REMIND-MAgPIE 2.1-4.2,EN_NPi2020_700f,0.2979,3.4387,36.5164,71.8586,101.4603,136.5305,184.6205,238.5954,287.3921,357.9051,C3,C3: limit warming to 2°C (>67%)
REMIND-MAgPIE 2.1-4.2,EN_NPi2020_800,0.2979,3.4387,36.1426,71.4548,101.1759,135.3216,181.8612,231.5664,266.6159,306.1871,C3,C3: limit warming to 2°C (>67%)
REMIND-MAgPIE 2.1-4.2,EN_NPi2020_800f,0.2979,3.4387,35.5952,70.7688,100.5275,133.9064,179.7303,231.2398,273.6731,329.373,C3,C3: limit warming to 2°C (>67%)
REMIND-MAgPIE 2.1-4.2,EN_NPi2020_900,0.2979,3.4387,33.8942,68.861,99.3255,131.295,174.2637,224.532,265.2803,306.9606,C3,C3: limit warming to 2°C (>67%)
REMIND-MAgPIE 2.1-4.2,EN_NPi2020_900f,0.2979,3.4387,33.9514,68.756,99.1013,131.0623,173.8181,223.6559,265.0259,311.4377,C3,C3: limit warming to 2°C (>67%)
REMIND-MAgPIE 2.1-4.2,EN_NPi2100,0.2979,3.4387,18.9667,35.6992,53.8829,78.4106,107.8863,140.5291,168.1298,198.1039,C7,C7: limit warming to 4°C (>50%)
REMIND-MAgPIE 2.1-4.2,EN_NPi2100_COV,0.2981,3.3862,18.1281,32.4733,47.2446,68.3985,95.2353,126.1872,152.061,176.8944,C7,C7: limit warming to 4°C (>50%)
REMIND-MAgPIE 2.1-4.2,EN_NoPolicy,0.2979,3.0071,15.1897,32.6937,51.7144,75.6319,103.8462,137.07,165.3345,193.737,C7,C7: limit warming to 4°C (>50%)
REMIND-MAgPIE 2.1-4.2,NGFS2_Below 2°C,0.327,3.1041,26.6747,52.9992,69.5822,81.8428,97.203,115.1188,126.6423,141.1007,C3,C3: limit warming to 2°C (>67%)
REMIND-MAgPIE 2.1-4.2,NGFS2_Below 2°C - IPD-95th,0.327,3.1373,28.3615,53.0563,67.4145,78.2622,92.7153,108.3411,117.3487,129.5833,C3,C3: limit warming to 2°C (>67%)
REMIND-MAgPIE 2.1-4.2,NGFS2_Below 2°C - IPD-median,0.327,3.1256,27.7045,52.8044,67.9842,79.4555,94.2905,111.0421,121.1505,134.2352,C3,C3: limit warming to 2°C (>67%)
REMIND-MAgPIE 2.1-4.2,NGFS2_Current Policies,0.327,3.1041,14.5162,27.9261,39.3121,54.1014,72.5268,93.4008,107.7276,121.3921,C7,C7: limit warming to 4°C (>50%)
REMIND-MAgPIE 2.1-4.2,NGFS2_Current Policies - IPD-95th,0.327,3.1373,14.7557,28.0724,38.7896,52.2498,68.9722,86.7823,97.4241,105.833,C7,C7: limit warming to 4°C (>50%)
REMIND-MAgPIE 2.1-4.2,NGFS2_Current Policies - IPD-median,0.327,3.1256,14.688,27.9378,38.8139,52.7478,70.133,88.885,100.7636,111.4703,C7,C7: limit warming to 4°C (>50%)
REMIND-MAgPIE 2.1-4.2,NGFS2_Delayed Transition,0.327,3.1041,14.5162,49.6017,73.8203,91.6373,112.2119,139.2822,160.5488,177.873,C3,C3: limit warming to 2°C (>67%)
REMIND-MAgPIE 2.1-4.2,NGFS2_Divergent Net Zero Policies,0.327,3.1041,32.7747,59.7891,72.1834,82.9889,103.2781,126.4136,140.6098,158.7,C1,C1: limit warming to 1.5°C (>50%) with no or limited overshoot
REMIND-MAgPIE 2.1-4.2,NGFS2_Nationally Determined Contributions (NDCs),0.327,3.1041,18.3061,39.7082,58.5498,77.0578,94.5277,111.7599,123.1636,135.002,C5,C5: limit warming to 2.5°C (>50%)
REMIND-MAgPIE 2.1-4.2,NGFS2_Net-Zero 2050,0.327,3.1041,31.8648,59.0449,71.5066,82.0975,99.5483,119.5519,131.714,146.2356,C1,C1: limit warming to 1.5°C (>50%) with no or limited overshoot
REMIND-MAgPIE 2.1-4.2,NGFS2_Net-Zero 2050 - IPD-95th,0.327,3.1373,32.3037,58.0025,69.2992,78.5333,94.7372,112.7456,123.378,137.3409,C1,C1: limit warming to 1.5°C (>50%) with no or limited overshoot
REMIND-MAgPIE 2.1-4.2,NGFS2_Net-Zero 2050 - IPD-median,0.327,3.1256,32.1289,58.4099,70.3197,80.4127,97.0696,115.8621,127.151,141.474,C1,C1: limit warming to 1.5°C (>50%) with no or limited overshoot
REMIND-MAgPIE 2.1-4.2,SusDev_SDP-NPi,0.2979,3.4398,22.2426,39.9083,54.5223,66.0438,77.0006,83.4644,80.9391,79.5624,C5,C5: limit warming to 2.5°C (>50%)
REMIND-MAgPIE 2.1-4.2,SusDev_SDP-PkBudg1000,0.2979,3.4398,40.3558,74.4636,95.2099,100.8298,107.9491,110.3299,102.0388,100.4595,C1,C1: limit warming to 1.5°C (>50%) with no or limited overshoot
REMIND-MAgPIE 2.1-4.2,SusDev_SSP1-NDC,0.2979,3.4398,24.3166,54.8008,77.5556,92.5834,104.5159,113.3565,110.3469,108.9383,C5,C5: limit warming to 2.5°C (>50%)
REMIND-MAgPIE 2.1-4.2,SusDev_SSP1-NPi,0.2979,3.4398,19.6998,39.4699,55.5559,69.3948,82.405,92.1961,91.9766,92.6832,C5,C5: limit warming to 2.5°C (>50%)
REMIND-MAgPIE 2.1-4.2,SusDev_SSP1-PkBudg900,0.2979,3.4398,40.5161,78.6268,104.1346,120.8316,138.8609,145.5671,135.4481,132.8953,C1,C1: limit warming to 1.5°C (>50%) with no or limited overshoot
REMIND-MAgPIE 2.1-4.2,SusDev_SSP2-NDC,0.2979,3.4398,26.4915,55.4164,84.4925,115.1502,146.5496,176.7481,200.4753,228.8897,C5,C5: limit warming to 2.5°C (>50%)
REMIND-MAgPIE 2.1-4.2,SusDev_SSP2-NPi,0.2979,3.4398,18.9508,35.6868,53.8761,78.4175,107.7747,140.1656,167.5129,197.2237,C7,C7: limit warming to 4°C (>50%)
REMIND-MAgPIE 2.1-4.2,SusDev_SSP2-PkBudg900,0.2979,3.4398,39.0,75.9265,106.6361,139.2809,180.7414,224.992,259.85,305.441,C1,C1: limit warming to 1.5°C (>50%) with no or limited overshoot
REMIND-MAgPIE 2.1-4.3,DeepElec_SSP2_ HighRE_Budg1100,0.2997,3.3349,52.5639,116.1276,160.1794,197.7602,235.5901,268.8225,287.555,319.7566,C3,C3: limit warming to 2°C (>67%)
REMIND-MAgPIE 2.1-4.3,DeepElec_SSP2_ HighRE_Budg1300,0.2997,3.3349,49.2227,112.1587,156.9024,189.8038,223.0397,256.2062,276.8637,307.1054,C3,C3: limit warming to 2°C (>67%)
REMIND-MAgPIE 2.1-4.3,DeepElec_SSP2_ HighRE_Budg900,0.2997,3.3349,56.3847,122.5531,170.0357,209.4925,245.7492,279.1478,300.9404,333.7342,C1,C1: limit warming to 1.5°C (>50%) with no or limited overshoot
REMIND-MAgPIE 2.1-4.3,DeepElec_SSP2_Base,0.2997,3.085,14.8183,32.4192,49.0353,66.5134,85.436,106.3893,121.4284,134.6516,C7,C7: limit warming to 4°C (>50%)
REMIND-MAgPIE 2.1-4.3,DeepElec_SSP2_Npi,0.2997,3.3349,16.7798,33.9172,49.3659,66.6323,86.6445,108.3585,123.5987,137.5602,C7,C7: limit warming to 4°C (>50%)
REMIND-MAgPIE 2.1-4.3,DeepElec_SSP2_def_Budg1100,0.2997,3.3349,31.6677,61.1944,79.5364,92.4082,111.2873,132.5889,145.5948,161.6605,C2,C2: return warming to 1.5°C (>50%) after a high overshoot
REMIND-MAgPIE 2.1-4.3,DeepElec_SSP2_def_Budg1300,0.2997,3.3349,27.8743,58.2606,79.2205,93.8884,110.9018,130.4403,142.3929,156.8183,C3,C3: limit warming to 2°C (>67%)
REMIND-MAgPIE 2.1-4.3,DeepElec_SSP2_def_Budg900,0.2997,3.3349,35.1719,64.267,78.2541,91.7042,114.4832,139.072,154.6593,173.7074,C1,C1: limit warming to 1.5°C (>50%) with no or limited overshoot
REMIND-Transport 2.1,Transport_Budg1100_Conv,0.3044,4.1154,34.1271,73.3348,110.9769,149.257,192.3375,241.4205,286.7565,329.8336,C3,C3: limit warming to 2°C (>67%)
REMIND-Transport 2.1,Transport_Budg1100_Conv-LowD,0.3044,4.1154,33.2398,72.4426,110.1622,148.4981,191.382,239.1509,282.3313,323.3037,C3,C3: limit warming to 2°C (>67%)
REMIND-Transport 2.1,Transport_Budg1100_ConvSyn,0.3044,4.1154,43.6863,102.9772,146.0698,189.2534,243.5553,301.3613,348.1055,394.6438,C3,C3: limit warming to 2°C (>67%)
REMIND-Transport 2.1,Transport_Budg1100_ElecPush,0.3044,4.1154,33.6462,75.1927,113.922,151.7681,192.5029,236.1917,278.8322,323.2413,C3,C3: limit warming to 2°C (>67%)
REMIND-Transport 2.1,Transport_Budg1100_ElecPush-LowD,0.3044,4.1154,33.0906,73.9395,111.4936,148.1683,188.6831,233.0379,274.2567,316.5445,C3,C3: limit warming to 2°C (>67%)
REMIND-Transport 2.1,Transport_Budg1100_H2Push,0.3044,4.1154,35.0579,78.4888,118.7604,158.4698,201.8127,248.0993,292.4564,336.8621,C3,C3: limit warming to 2°C (>67%)
REMIND-Transport 2.1,Transport_NDC_Conv,0.3044,4.1154,22.9043,50.3168,78.4987,108.3015,141.5458,179.0092,215.2207,250.7265,C6,C6: limit warming to 3°C (>50%)
REMIND-Transport 2.1,Transport_NPi_Conv,0.3044,4.1154,16.4564,32.0307,49.0363,69.1786,94.2771,128.1509,164.3243,201.6692,C7,C7: limit warming to 4°C (>50%)
REMIND_EU 2.0,Eff_1p5,0.2529937,2.7559923,33.5884194,66.24592609999999,82.2768241,95.6485419,117.9851942,154.2021981,195.1815892,244.0934627,failed-vetting,failed-vetting
REMIND_EU 2.0,Eff_Weak,0.2529937,2.7559923,25.4909287,56.0667369,73.251496,85.4594612,100.222509,124.6958344,150.1813148,182.3033421,failed-vetting,failed-vetting
REMIND_EU 2.0,Eff_min80,0.2529937,2.7559923,29.2650668,61.8018489,78.81688510000001,91.1192585,108.5453172,137.3280384,167.2349505,209.4596553,failed-vetting,failed-vetting
REMIND_EU 2.0,Incumb_1p5,0.2952883,2.5845273000000004,22.9530165,65.150749,108.0180824,143.2836389,180.9301715,240.7598519,317.0749647,401.2442232,failed-vetting,failed-vetting
REMIND_EU 2.0,Incumb_Weak,0.2952883,2.5845273000000004,20.074261,57.7749574,97.6097933,128.3469049,154.445198,192.1302581,241.5632855,304.3119416,failed-vetting,failed-vetting
REMIND_EU 2.0,Incumb_min80,0.2952883,2.5845273000000004,21.6670725,61.8469296,102.9968602,135.1650617,165.3044442,211.1685556,274.5987627,356.6351866,failed-vetting,failed-vetting
REMIND_EU 2.0,NewPl_1p5,0.1073316,2.9537325,45.7317385,107.5122311,149.7150272,189.731027,239.5968061,310.02900550000004,385.0730145,472.4041768,failed-vetting,failed-vetting
REMIND_EU 2.0,NewPl_Weak,0.1073316,2.9537325,35.389540000000004,91.4704088,137.0384732,177.14776930000002,217.7660529,270.640328,317.2525314,374.001438,failed-vetting,failed-vetting
REMIND_EU 2.0,NewPl_min80,0.1073316,2.9537325,40.1976992,100.0372868,144.3558503,182.7977144,225.40078,282.24755080000006,339.1003833,419.1296289,failed-vetting,failed-vetting
Reference,IEA Energy Statistics (r2017),0.1225367999999999,2.25733784477956,11.000978576766249,25.986587211781444,43.400929867553934,62.82573547181772,82.93187268900265,104.50184392242495,125.89012863127448,144.81827094520995,failed-vetting,failed-vetting
TIAM-ECN 1.1,EN_INDCi2030_1000,0.0663374840122209,1.731018438490768,13.8669467647887,30.97019251378252,54.14893074358406,88.6004569331375,118.0918340409929,132.4200651402918,144.3675517772477,144.5872584024131,C3,C3: limit warming to 2°C (>67%)
TIAM-ECN 1.1,EN_INDCi2030_1000_COV,0.0663376013069836,1.731017340323926,13.83136225559708,30.93072905240037,55.20595203058185,90.32735022603988,122.0687266348155,138.8613043411836,152.8985873945548,166.2298950233775,C3,C3: limit warming to 2°C (>67%)
TIAM-ECN 1.1,EN_INDCi2030_1000_NDCp,0.0663375410845649,1.731023039139092,13.82602194751128,30.42772874930234,54.17941818889963,88.72630789779848,118.3809095754491,132.6083210108461,144.3213987346091,144.9143369269161,C3,C3: limit warming to 2°C (>67%)
TIAM-ECN 1.1,EN_INDCi2030_1000f,0.0663374840122209,1.731018438490768,13.8669467647887,31.23869491787764,51.72077153446842,85.7790902534576,117.8487008946246,139.7183793741004,151.1796717968039,155.2166158890454,C3,C3: limit warming to 2°C (>67%)
TIAM-ECN 1.1,EN_INDCi2030_1000f_COV,0.0663376013069836,1.731017340323926,13.83136225559708,31.20611644367424,51.81179182807472,86.30255049491285,120.6756472588451,140.9763175413512,154.1473757446363,166.1998174392621,C3,C3: limit warming to 2°C (>67%)
TIAM-ECN 1.1,EN_INDCi2030_1000f_NDCp,0.0663375410845649,1.731023039139092,13.82602194751128,31.28235803874272,52.23650245954129,87.1546455898743,121.6050863316337,143.7390216035265,155.954923524983,168.6577900374799,C3,C3: limit warming to 2°C (>67%)
TIAM-ECN 1.1,EN_INDCi2030_1200,0.0663374840122209,1.731018438490768,13.8669467647887,31.46096206524341,52.08919226508271,86.09940425270514,119.3335861361952,135.6305283770405,147.4395690927092,159.6397322658831,C3,C3: limit warming to 2°C (>67%)
TIAM-ECN 1.1,EN_INDCi2030_1200f,0.0663374840122209,1.731018438490768,13.8669467647887,31.14285586931092,51.77678300880372,83.85503188232965,117.1026061044066,137.3965888229287,153.1097798674543,164.9246990520048,C3,C3: limit warming to 2°C (>67%)
TIAM-ECN 1.1,EN_INDCi2030_1400,0.0663374840122209,1.731018438490768,13.8669467647887,30.93776760806671,51.83884171534864,83.1181659422323,115.4065225984784,133.3596107029128,146.5015231243305,159.5024851986045,C4,C4: limit warming to 2°C (>50%)
TIAM-ECN 1.1,EN_INDCi2030_1400f,0.0663374840122209,1.731018438490768,13.8669467647887,30.99382181949398,51.014722026189,82.26487191376619,114.1726694753693,135.5625054039869,150.9574188922459,163.3381525607502,C4,C4: limit warming to 2°C (>50%)
TIAM-ECN 1.1,EN_INDCi2030_1600,0.0663374840122209,1.731018438490768,13.8669467647887,30.99571754613326,51.13981164666554,81.53708917428457,110.9566157647935,128.5092597051661,142.0351919887576,153.9833298910268,C4,C4: limit warming to 2°C (>50%)
TIAM-ECN 1.1,EN_INDCi2030_1600f,0.0663374840122209,1.731018438490768,13.8669467647887,31.01070444711923,51.12857706965193,81.85049866437691,109.8378009037518,132.2204412445814,147.8665402947977,161.0982402415872,C5,C5: limit warming to 2.5°C (>50%)
TIAM-ECN 1.1,EN_INDCi2030_2000,0.0663375454029056,1.731017982440091,13.99647759029769,30.6375369915365,50.78441846052962,80.82563038137529,103.3649681915049,117.35229531121,132.7751630054615,144.7909727980516,C5,C5: limit warming to 2.5°C (>50%)
TIAM-ECN 1.1,EN_INDCi2030_2000f,0.0663374509632097,1.731016800922836,13.99650138887082,30.63753355167978,50.78435528980496,80.82550435752911,103.3642604010383,117.3510455507587,132.7746523868751,144.7905250718948,C5,C5: limit warming to 2.5°C (>50%)
TIAM-ECN 1.1,EN_INDCi2030_2500,0.0663374840122209,1.731018438490768,13.8669467647887,30.78012551126501,51.48400562268427,82.14065780041292,106.9407991348427,120.3098052201577,132.0431115328816,144.8661193079562,C5,C5: limit warming to 2.5°C (>50%)
TIAM-ECN 1.1,EN_INDCi2030_2500f,0.0663374840122209,1.731018438490768,13.8669467647887,30.7801279137832,51.48403941012774,82.14062014093058,106.9408086763299,120.3089712850531,132.0422683760087,144.8666461378721,C5,C5: limit warming to 2.5°C (>50%)
TIAM-ECN 1.1,EN_INDCi2030_3000,0.0663374840122209,1.731018438490768,13.8669467647887,30.69057453205189,51.42913800000664,83.67874335320903,108.8543345599678,122.6176071760159,133.9722644037897,147.7496293954039,C6,C6: limit warming to 3°C (>50%)
TIAM-ECN 1.1,EN_INDCi2030_3000f,0.07,1.73,13.87,30.69,51.44,83.69,108.86,122.63,134.0,147.79,C6,C6: limit warming to 3°C (>50%)
TIAM-ECN 1.1,EN_INDCi2030_900,0.0663374840122209,1.731018438490768,13.8669467647887,31.47038801589466,55.95344175712207,91.20584183347827,122.5496308605214,137.685096854076,153.0727190339577,162.1952228902399,C3,C3: limit warming to 2°C (>67%)
TIAM-ECN 1.1,EN_INDCi2030_900f,0.0663374840122209,1.731018438490768,13.8669467647887,30.90692288993659,52.26322125937544,88.12139547234652,122.9654424344926,143.8675500880389,157.8010994074907,170.237241663098,C3,C3: limit warming to 2°C (>67%)
TIAM-ECN 1.1,EN_INDCi2100,0.0663374840122209,1.731018438490768,13.8669467647887,30.34281942765257,50.92759817505028,82.28837456850849,105.07669234591,121.3366941664338,135.049057376133,139.0634990004693,C7,C7: limit warming to 4°C (>50%)
TIAM-ECN 1.1,EN_INDCi2100_COV,0.07,1.73,13.83,30.31,50.64,81.32,103.54,119.58,131.49,135.18,C7,C7: limit warming to 4°C (>50%)
TIAM-ECN 1.1,EN_INDCi2100_NDCp,0.0663375410845649,1.731023039139092,13.82602194751128,30.20632437010901,50.84908409053445,82.75953000106477,104.7150620808453,121.8627491484531,135.3835247555499,139.1607271012646,C7,C7: limit warming to 4°C (>50%)
TIAM-ECN 1.1,EN_NPi2020_1000,0.0663374602408443,1.931816679350222,15.10010607326438,31.04913685575299,52.21804676152644,86.56500455359216,116.8827136686649,132.2813042178554,143.6043606197417,143.6329863215701,C3,C3: limit warming to 2°C (>67%)
TIAM-ECN 1.1,EN_NPi2020_1000_COV,0.0663374052754313,1.883481025958829,15.0310850215867,31.03265367543373,50.9652501868169,85.66375802539773,115.4078862584812,129.4977538596059,140.2192941165987,151.3967829219719,C3,C3: limit warming to 2°C (>67%)
TIAM-ECN 1.1,EN_NPi2020_1000f,0.0663376758083041,1.872633269497729,14.93030271119206,31.19679980069264,51.60935871827428,84.6385545294026,117.2893426481092,139.182760911873,151.2264973120492,154.6842096029109,C3,C3: limit warming to 2°C (>67%)
TIAM-ECN 1.1,EN_NPi2020_1000f_COV,0.0663377523262828,1.872655888744264,14.93101831260435,31.18317022475433,51.13703793739853,83.66837469482275,115.7662918761535,137.250979954454,149.2946975456665,153.4466365016504,C3,C3: limit warming to 2°C (>67%)
TIAM-ECN 1.1,EN_NPi2020_1200,0.0663373203180298,1.872627998560267,14.99747318838845,31.31115725084761,51.42249897217692,83.40271661174673,114.3435019962848,131.1483986071258,141.8698453878688,142.0240202639407,C3,C3: limit warming to 2°C (>67%)
TIAM-ECN 1.1,EN_NPi2020_1200f,0.0663373230997906,1.872627597886816,14.86455207327932,31.14375718379391,51.47265267580534,82.32727278095271,113.1758995230518,132.70934959244,147.3346888590257,150.770727900472,C3,C3: limit warming to 2°C (>67%)
TIAM-ECN 1.1,EN_NPi2020_1400,0.0663376218357991,1.844700621094908,14.79732831215674,30.9587548927678,51.6878509220702,82.13546615970608,111.7123480961574,127.288754523329,138.8339913709372,151.310339361348,C4,C4: limit warming to 2°C (>50%)
TIAM-ECN 1.1,EN_NPi2020_1400f,0.0663375223659264,1.624762234730772,14.53102225898807,30.90105458929597,50.81122128533881,80.87677243502371,110.2091093982564,129.5029862171752,144.9442698431581,157.6155242204999,C4,C4: limit warming to 2°C (>50%)
TIAM-ECN 1.1,EN_NPi2020_1600,0.0663374393924439,1.561613196860749,14.44066065321725,30.91157189104108,50.88709757712422,80.58631154980982,106.5928546409224,125.8692072055072,137.410759112827,137.8157502815534,C4,C4: limit warming to 2°C (>50%)
TIAM-ECN 1.1,EN_NPi2020_1600f,0.0663375020190056,1.55956354970578,14.40848586315687,30.92722775627683,50.83516980229815,80.36579194949044,106.4171005707188,128.2955793697987,144.3846849856086,145.2763097310335,C5,C5: limit warming to 2.5°C (>50%)
TIAM-ECN 1.1,EN_NPi2020_2000,0.0663540940363735,1.078640274828305,13.68735862432612,30.4504308117244,50.96110108257644,80.92629814662055,103.715151633864,118.1980387569127,133.0123179989333,144.6763315605128,C5,C5: limit warming to 2.5°C (>50%)
TIAM-ECN 1.1,EN_NPi2020_2000f,0.0663543775579888,1.047463919091658,13.63107103149782,30.43089362523607,50.95368573869809,80.88333804280225,103.8732029372354,118.601562768453,134.9091860448987,146.6805716348932,C5,C5: limit warming to 2.5°C (>50%)
TIAM-ECN 1.1,EN_NPi2020_2500,0.0663544086919546,0.9383328724909634,13.12811706588336,30.23850578726929,51.14659027618971,81.54476894697792,104.3301982587453,117.1818940684244,126.8209982595962,138.724943114107,C5,C5: limit warming to 2.5°C (>50%)
TIAM-ECN 1.1,EN_NPi2020_2500f,0.0663543492719624,0.9383322138262292,13.12811742696774,30.23866574199382,51.14693403070547,81.54542651611345,104.3304695689275,117.1819159901033,126.8192261764445,138.7241423710424,C5,C5: limit warming to 2.5°C (>50%)
TIAM-ECN 1.1,EN_NPi2020_3000,0.0663543360033584,0.9383315779913068,13.02081982720747,30.17355446025234,51.33336941528037,82.64647086704059,106.0701765458381,118.3685583824741,129.6238910184761,141.9686950523215,C6,C6: limit warming to 3°C (>50%)
TIAM-ECN 1.1,EN_NPi2020_3000f,0.0663544234833018,0.938332549212209,13.02081571209816,30.17354694575194,51.33334024716047,82.64670238853844,106.0704783649587,118.3682610633649,129.6246761841089,141.9705004793863,C6,C6: limit warming to 3°C (>50%)
TIAM-ECN 1.1,EN_NPi2020_800,0.07,2.19,15.51,31.01,54.71,88.69,118.94,133.15,144.61,144.47,C3,C3: limit warming to 2°C (>67%)
TIAM-ECN 1.1,EN_NPi2020_800f,0.07,1.93,15.09,31.02,52.37,86.9,119.87,139.81,151.58,156.72,C3,C3: limit warming to 2°C (>67%)
TIAM-ECN 1.1,EN_NPi2020_900,0.0663374622908786,1.948748447059874,15.24583387020111,30.59213552481864,53.23829977082613,87.32020712846163,117.408255524552,132.6294775292949,145.2094598704551,145.3485485627735,C3,C3: limit warming to 2°C (>67%)
TIAM-ECN 1.1,EN_NPi2020_900f,0.0663377425328012,1.926419783094112,15.07007145141985,31.19950961193562,52.03483877162535,86.08413748726169,118.4986309160705,139.762643024074,151.3768355235913,157.0141095215276,C3,C3: limit warming to 2°C (>67%)
TIAM-ECN 1.1,EN_NPi2100,0.0663547412027818,0.9383359189937588,12.46954088376599,29.5628694572883,50.86340904778735,82.51781828814907,105.4970031588204,121.3849794278193,134.2926222653535,138.2814383176693,C7,C7: limit warming to 4°C (>50%)
TIAM-ECN 1.1,EN_NPi2100_COV,0.0663544773530419,0.9383328911109856,12.42494071411763,29.49846315218825,50.60324931769328,81.56151538018347,104.0022855988198,119.2770710019871,130.5686471766311,134.428469165933,C7,C7: limit warming to 4°C (>50%)
TIAM-ECN AFR 1.1,2DC,0.0559638037237734,0.3581680658076714,6.622114949538307,19.8651450211953,38.57450381512214,62.82573547181772,82.93187268900265,104.50184392242495,125.89012863127448,144.81827094520995,failed-vetting,failed-vetting
TIAM-ECN AFR 1.1,CAP,0.0559636321342219,0.0814449749550839,1.397229774221806,3.562219032992706,16.27210331797386,62.82573547181772,82.93187268900265,104.50184392242495,125.89012863127448,144.81827094520995,failed-vetting,failed-vetting
TIAM-ECN AFR 1.1,REF,0.055963935998084,0.0812100601429277,0.1091328457716079,0.1411560762337281,2.459525362846966,62.82573547181772,82.93187268900265,104.50184392242495,125.89012863127448,144.81827094520995,failed-vetting,failed-vetting
TIAM-ECN AFR 1.1,TAX,0.0559639404608611,0.0812492517306671,1.355223028714662,7.51640271582033,22.95194283160458,62.82573547181772,82.93187268900265,104.50184392242495,125.89012863127448,144.81827094520995,failed-vetting,failed-vetting
TIAM-ECN ETH 1.1,RCP2.6,0.055963983737022,0.3142854788929917,6.55071182302758,19.66165776775391,38.18444317876779,62.82573547181772,82.93187268900265,104.50184392242495,125.89012863127448,144.81827094520995,failed-vetting,failed-vetting
TIAM-ECN ETH 1.1,baseline,0.0559639872532566,0.081109414033613,0.1090342005243422,0.1411581162849624,2.441948410721949,62.82573547181772,82.93187268900265,104.50184392242495,125.89012863127448,144.81827094520995,failed-vetting,failed-vetting
TIAM-ECN KEN 1.1,CAP,0.055963902736309,0.0814549049089435,1.674953820842045,7.89159690353323,25.81222915788376,62.82573547181772,82.93187268900265,104.50184392242495,125.89012863127448,144.81827094520995,failed-vetting,failed-vetting
TIAM-ECN KEN 1.1,NDC,0.0559638304588368,0.0814484833557941,1.438624400429542,3.602950050061549,16.30664844339351,62.82573547181772,82.93187268900265,104.50184392242495,125.89012863127448,144.81827094520995,failed-vetting,failed-vetting
TIAM-ECN KEN 1.1,REF,0.0559639774893306,0.0814100404999372,0.1093343038033751,0.141354672582498,2.437206083007178,62.82573547181772,82.93187268900265,104.50184392242495,125.89012863127448,144.81827094520995,failed-vetting,failed-vetting
TIAM-ECN KEN 1.1,TAX,0.0559639718262402,0.0814500656784477,1.347256650378558,7.527589919272685,22.92533579933025,62.82573547181772,82.93187268900265,104.50184392242495,125.89012863127448,144.81827094520995,failed-vetting,failed-vetting
TIAM-ECN MDG 1.1,NDC,0.0610100396808842,0.0818603155450513,5.157032218013636,15.38536023324981,26.87941805627144,62.82573547181772,82.93187268900265,104.50184392242495,125.89012863127448,144.81827094520995,failed-vetting,failed-vetting
TIAM-ECN MDG 1.1,NDC+,0.0610098821673914,0.0819017431253073,5.241771867131567,15.40948724053692,26.89608570107764,62.82573547181772,82.93187268900265,104.50184392242495,125.89012863127448,144.81827094520995,failed-vetting,failed-vetting
TIAM-ECN MDG 1.1,REF,0.0610073636648761,0.0818323004584563,0.1347323782539516,0.4066444004633212,7.428984416570002,62.82573547181772,82.93187268900265,104.50184392242495,125.89012863127448,144.81827094520995,failed-vetting,failed-vetting
TIAM-Grantham 1.0,Baseline,0.362733976208466,0.7794670530031,0.88919236580253,0.8919146841590371,0.91465158695879,0.9146516954741658,0.914651912504918,0.9146519146891592,0.914651912504918,0.915043349951318,failed-vetting,failed-vetting
TIAM-Grantham 3.2,CO_2Deg2020,0.322844674718,3.096427426223,19.760353052904,31.559122204565,49.32659951276,64.64662645130001,75.0732034303,94.4013091988,126.0819148813,149.8993913647,no-climate-assessment,no-climate-assessment
TIAM-Grantham 3.2,CO_2Deg2030,0.322844674718,3.096427426223,6.164134396267,57.80926039269999,90.35783904840002,114.3339841693,134.2050457794,150.5745773551,162.0215766808,177.4391613563,no-climate-assessment,no-climate-assessment
TIAM-Grantham 3.2,CO_BAU,0.322844674718,0.779467052883,0.88919236573,2.946280771082,7.127144224983001,9.002048450903,9.604005754063998,10.340992133324,11.002391878624,12.164836133224,failed-vetting,failed-vetting
TIAM-Grantham 3.2,CO_Bridge,0.322844674718,3.096427426223,10.417464186014,52.61294805343,89.25944036099999,108.15648298,127.5567810013,142.90857841,152.6630026434,168.5755906804,no-climate-assessment,no-climate-assessment
TIAM-Grantham 3.2,CO_CurPol,0.322844674718,3.096427426223,5.702437595612,9.768533736602,13.927453190132,15.9885851574,18.27936503116,22.09394932542,25.13497578778,27.18026811004,no-climate-assessment,no-climate-assessment
TIAM-Grantham 3.2,CO_GPP,0.322844674718,3.096427426223,10.417464186014,16.641729394089,27.52632785004,42.926447921398,51.153885434418,56.018301355778,62.17977357463801,70.28220667699799,no-climate-assessment,no-climate-assessment
TIAM-Grantham 3.2,CO_NDCplus,0.322844674718,3.096427426223,6.164134396267,16.792563698303,24.639435909064,30.4513944499,35.2000314232,37.8175793149,41.9625374028,47.68112113949999,no-climate-assessment,no-climate-assessment
TIAM-UCL 4.1.1,SSP2_1_5D-50_CCC2020,0.227789649730678,4.645872715722337,30.9783246359538,56.27341012112262,95.941944703119,194.0699329271061,254.7240243235344,277.5934553890019,300.6007934357167,323.6890145943965,failed-vetting,failed-vetting
TIAM-UCL 4.1.1,SSP2_1_75D-66,0.227789671290802,5.24033394358321,35.7960944627129,103.486420824161,175.978501884701,212.603451931094,233.337369339178,251.424984922291,266.207158363148,276.436118417089,failed-vetting,failed-vetting
TIAM-UCL 4.1.1,SSP2_1_75D-66_CCC2020,0.227789649730678,4.645872715722337,30.16052338395967,51.89462832602235,98.18351546745748,187.1840917713099,244.2806274222849,273.1339958174325,296.9256341558693,320.8340188792091,failed-vetting,failed-vetting
TIAM-UCL 4.1.1,SSP2_2D-66,0.227789671290802,5.24033394358321,30.24345004690731,93.36561202330508,167.065845913886,206.753030426594,230.071278694717,237.347658818994,243.567934251647,276.042693753886,failed-vetting,failed-vetting
TIAM-UCL 4.1.1,SSP2_2D-66_CCC2020,0.227789649730678,4.645872715722337,32.23853258424536,47.64163762947047,86.74013221908585,173.2820221144996,226.6125747019148,259.2453436524765,289.683762036868,321.1333115177673,failed-vetting,failed-vetting
TIAM-UCL 4.1.1,SSP2_BASE,0.227789671290802,5.24033394358321,5.160094327579901,2.63307700146812,7.14191613960542,15.1698428578974,24.3700483664596,37.4377057673905,52.0468230213881,68.6854632434982,failed-vetting,failed-vetting
TIAM-UCL 4.1.1,SSP2_BASE_CCC2020,0.227789649730678,4.645872715722337,9.28542092753134,30.21842822460508,46.3157592694679,61.57187748426158,72.53458977996166,86.77949522285215,100.9898316415472,118.1974405404945,failed-vetting,failed-vetting
TIAM-WORLD 1.0,20% abatement (FF&I),0.1786399643464541,0.4393778810098946,5.171857122169685,11.97605606886516,17.00157330751915,22.59817143293695,30.145931007186032,46.84362151625411,69.16858353088595,87.35010782352813,failed-vetting,failed-vetting
TIAM-WORLD 1.0,20% abatement (GHG),0.1786399643464541,0.4393778810098946,5.194298828186111,11.90891512100483,17.029140191873992,22.365161444372,28.967172631172208,44.01740519060095,63.43073817114469,79.07792007836895,failed-vetting,failed-vetting
TIAM-WORLD 1.0,450 concentration,0.1786399643464541,0.4393778810098946,5.978354516177093,15.31509049212503,24.63508964523075,51.41166399830434,91.8863806157218,130.5714033773234,179.8496970158431,229.8182219077427,failed-vetting,failed-vetting
TIAM-WORLD 1.0,50% abatement (FF&I),0.1786399643464541,0.4393778810098946,6.019107921285332,14.92432862660968,20.38967813967748,26.804200066270283,35.57179901837753,53.66478803467152,78.81584848928374,99.49028900015828,failed-vetting,failed-vetting
TIAM-WORLD 1.0,50% abatement (GHG),0.1786399643464541,0.4393778810098946,6.069757620607679,11.97693068873158,17.61675454661292,23.4770476385763,34.62696802373668,50.234192088424685,72.1019523792934,91.72600021986342,failed-vetting,failed-vetting
TIAM-WORLD 1.0,550 concentration,0.1786399643464541,0.4393778810098946,4.707156631534967,12.04415614897042,17.45793282386523,23.93252780659634,41.39401848961157,69.02174841890596,104.7346283411234,134.8293610174501,failed-vetting,failed-vetting
TIAM-WORLD 1.0,650 concentration,0.1786399643464541,0.4393778810098946,4.019903855934588,8.820448501734257,14.63408256859262,21.93846229351684,31.527636426437752,50.80670573539769,72.07933785330228,109.3936344283513,failed-vetting,failed-vetting
TIAM-WORLD 1.0,Core baseline,0.1786399643464541,0.4393778810098946,3.94123070772484,7.806678318755341,9.728568383586856,14.02408388660908,18.27705063479828,22.687170680017143,31.58556220626869,46.14740897076957,failed-vetting,failed-vetting
TIAM-WORLD 1.0,High CO2 price,0.1786399643464541,0.4393778810098946,5.3649957890165485,12.04898869306018,18.29379072799414,28.144916474935272,54.68891283660079,85.69009420879587,146.23330383022568,204.86426095913728,failed-vetting,failed-vetting
TIAM-WORLD 1.0,Low CO2 price,0.1786399643464541,0.4393778810098946,4.334996908228689,8.929411497373113,14.90482875754856,22.25001777464592,31.56976812477269,47.50482074465805,69.21833597658161,94.88003966312831,failed-vetting,failed-vetting
TIAM-WORLD 1.0,Policy baseline,0.1790265089047175,0.4393778601405661,5.12245587576442,9.652510247280285,15.18491910109841,21.36765054457499,28.97402140339014,39.206101532544494,52.96236753138688,64.9973582384293,failed-vetting,failed-vetting
WEM 2020,SDS,0.121,3.003,16.07,34.514,50.144,62.82573547181772,82.93187268900265,104.50184392242495,125.89012863127448,144.81827094520995,no-climate-assessment,no-climate-assessment
WEM 2021,NZE,0.1212588011008221,3.008167854539305,25.82643720309735,64.48061743869782,89.47783825206756,62.82573547181772,82.93187268900265,104.50184392242495,125.89012863127448,144.81827094520995,no-climate-assessment,no-climate-assessment
WITCH 4.6,DISCRATE_Ref_dr2p,0.2294738011854012,1.720161172562854,3.567779321272298,6.904164417700188,11.69266348409154,16.33817918864782,22.71984686035026,31.04659000181681,40.81676467027797,51.61889800184893,C8,C8: exceed warming of 4°C (>=50%)
WITCH 4.6,DISCRATE_Ref_dr3p,0.2181686363967726,1.555265783713616,2.936164767417317,5.54015064590509,9.27937954327981,13.24292172550545,18.54390012616824,25.37684549979609,33.79323334473001,44.35817114904998,C8,C8: exceed warming of 4°C (>=50%)
WITCH 4.6,DISCRATE_Ref_dr4p,0.2121424901541477,1.452755099208261,2.557227848997127,4.683555579389936,7.6948908227271,10.87426103046317,15.63844738192658,21.49139660986172,28.50742890164825,38.03074680086275,C8,C8: exceed warming of 4°C (>=50%)
WITCH 4.6,DISCRATE_Ref_dr5p,0.2081940909035935,1.36192700855342,2.284619343232164,4.076070964116916,6.701332139463805,9.2509768998709,13.3568280950515,18.60169736660288,24.68687828521887,33.04812080434205,C8,C8: exceed warming of 4°C (>=50%)
WITCH 4.6,DISCRATE_cb1000_cdrall_dr2p,0.2294738011854012,2.494377703771777,7.758837488423359,18.94340980745038,29.68916470731767,38.11409995316592,46.48378429977954,58.47041996563896,72.77762312715839,88.28331976702181,failed-vetting,failed-vetting
WITCH 4.6,DISCRATE_cb1000_cdrall_dr3p,0.2181686363967726,2.057050934227534,6.069610783415289,15.06801548858906,24.64567777786624,33.10014510413937,41.73230410530025,55.2349954015007,70.77078279469124,87.71868200531712,failed-vetting,failed-vetting
WITCH 4.6,DISCRATE_cb1000_cdrall_dr4p,0.2121424901541477,1.746094193776262,4.778781897074477,12.03415802795888,21.37658647450305,29.81184642625978,39.30065972770793,53.48719776581019,69.94026368583404,87.7153072384924,failed-vetting,failed-vetting
WITCH 4.6,DISCRATE_cb1000_cdrall_dr5p,0.2081940909035935,1.516283460554323,3.916057170466432,9.944854759442755,18.9604954376277,28.17227864498269,38.10994274628493,53.06980180007371,70.20490902039948,86.80809350158968,failed-vetting,failed-vetting
WITCH 4.6,DISCRATE_cb1000_cdrno_dr2p,0.2294738011854012,3.663239983863095,12.34908054310681,22.97144119402562,37.34809095828378,47.88687466953625,59.88669132245042,74.95044747219681,90.28532911220816,104.5869679415663,failed-vetting,failed-vetting
WITCH 4.6,DISCRATE_cb1000_cdrno_dr3p,0.2181686363967726,3.242257942323804,10.70497235710115,20.00763865165412,32.18098356020457,42.71073389442978,54.9452047233618,71.53065704416133,87.34366809453472,102.0779644452509,failed-vetting,failed-vetting
WITCH 4.6,DISCRATE_cb1000_cdrno_dr4p,0.2121424901541477,2.691052683770183,8.81179451079458,17.11698448249396,28.08619595856879,38.7742829066849,51.5972554146317,68.51301865147524,84.07621384892767,100.285348300335,failed-vetting,failed-vetting
WITCH 4.6,DISCRATE_cb1000_cdrno_dr5p,0.2081940909035935,2.218251035862815,6.898816499415076,14.82475190080517,24.98842747882188,36.02813978722639,49.47619649315984,66.0637269863144,82.24484666433392,99.75580751314322,failed-vetting,failed-vetting
WITCH 4.6,DISCRATE_cb400_cdrall_dr2p,0.2294738011854012,2.926949080905559,10.2840207267557,23.38717493485661,33.62696097564457,42.12059694179884,51.52479890727427,66.08331512904232,81.92595377450677,97.05276091079692,failed-vetting,failed-vetting
WITCH 4.6,DISCRATE_cb400_cdrall_dr3p,0.2181686363967726,2.357033857679702,7.133058074142633,18.36599240443227,28.57752681537746,36.96421918189864,47.68036868081845,63.30969026134196,79.79009157964151,95.78381917976776,failed-vetting,failed-vetting
WITCH 4.6,DISCRATE_cb400_cdrall_dr4p,0.2121424901541477,1.927174272809329,5.657074520993056,14.81920676859692,24.42122895004843,33.96580972247742,45.08846021461794,61.42575656401815,77.73595796451805,93.26237338830212,failed-vetting,failed-vetting
WITCH 4.6,DISCRATE_cb400_cdrall_dr5p,0.2081940909035935,1.66815998457786,4.514340803786401,12.05025071744196,21.53842584467376,31.85820080160134,43.18251136292704,59.29164266450036,75.60151754787263,91.69585730240068,failed-vetting,failed-vetting
WITCH 4.6,DISCRATE_cb400_cdrno_dr2p,0.2294738011854012,3.898881224766303,14.51032226605569,29.43277961705711,44.95330871558394,59.73332060818706,74.58610769616223,90.60060220302208,104.4647558479643,120.7039614257852,failed-vetting,failed-vetting
WITCH 4.6,DISCRATE_cb400_cdrno_dr3p,0.2181686363967726,3.840488777161841,12.90047789199574,25.3666744830101,40.23264545878288,54.34684749908503,69.52399257688353,85.37933516944932,101.3022550974802,120.1273581450282,failed-vetting,failed-vetting
WITCH 4.6,DISCRATE_cb400_cdrno_dr4p,0.2121424901541477,3.592162426535549,11.61859041195618,21.7884927472808,36.6479805063152,50.56495095099211,65.61975253874209,81.6920221868475,98.81460155343257,122.0422197722424,failed-vetting,failed-vetting
WITCH 4.6,DISCRATE_cb400_cdrno_dr5p,0.2081940909035935,3.488042843235497,10.55297733108443,19.7829162444073,34.14035930622146,47.05014239926141,62.85392013673043,79.6976467213822,97.25014724504004,125.2372874600107,failed-vetting,failed-vetting
WITCH 4.6,DISCRATE_cb600_cdrall_dr2p,0.2294738011854012,2.771500300916667,9.448605382928262,23.61679897190322,33.14718291781355,40.75496343775214,49.51389154371381,63.17359096678928,78.77880252615375,93.69048257464388,failed-vetting,failed-vetting
WITCH 4.6,DISCRATE_cb600_cdrall_dr3p,0.2181686363967726,2.239770803542227,6.712140053671073,17.19832246768613,26.78775180161173,35.20470976488746,45.14097676509156,60.56991751143439,76.74734796522317,93.35683366063792,failed-vetting,failed-vetting
WITCH 4.6,DISCRATE_cb600_cdrall_dr4p,0.2121424901541477,1.839637250111196,5.289557700121902,13.67967905554908,22.96886043220728,31.865631334402,42.88398819116217,58.41737128155302,75.58692659627289,91.08743263954172,failed-vetting,failed-vetting
WITCH 4.6,DISCRATE_cb600_cdrall_dr5p,0.2081940909035935,1.636708645122228,4.30206658133768,11.25931930686284,20.68358244390232,30.63460963350558,41.65671218296618,57.57072431096564,74.06993953707902,90.14389403551633,failed-vetting,failed-vetting
WITCH 4.6,DISCRATE_cb600_cdrno_dr2p,0.2294738011854012,3.873781659021616,13.93907594088128,26.39059616383222,41.63527832988425,53.86404410028899,69.41024031749173,85.0342280136433,99.46361405451282,114.5752151357779,failed-vetting,failed-vetting
WITCH 4.6,DISCRATE_cb600_cdrno_dr3p,0.2181686363967726,3.650101410823897,11.86003377115316,22.10325868397175,36.68482817634669,49.33956114751209,64.9702655090539,80.29174441873835,95.43552743536571,111.0705330019877,failed-vetting,failed-vetting
WITCH 4.6,DISCRATE_cb600_cdrno_dr4p,0.2121424901541477,3.433724065214816,10.72730494536531,19.71307201519664,33.39895673314643,46.17293625234522,61.13245303254319,76.60171751237526,93.22330243627576,110.3993955349171,failed-vetting,failed-vetting
WITCH 4.6,DISCRATE_cb600_cdrno_dr5p,0.2081940909035935,3.141853764950077,9.541075919299129,18.23473868586739,30.91861314143335,43.40105159804431,58.35899797779297,75.33375054423196,91.46183062085709,112.3495565759107,failed-vetting,failed-vetting
WITCH 5.0,CO_2Deg2020,0.2640384161296867,3.781706876911757,14.05131395622561,26.4507479778501,43.30299025346509,56.14992905403682,67.68099817321753,82.36378277450814,95.97570080980309,101.8840893984576,C3,C3: limit warming to 2°C (>67%)
WITCH 5.0,CO_2Deg2030,0.2640384161296867,3.781706876911757,10.00635052041927,26.32557316494639,46.22355151493429,59.74382800786873,74.06076610121623,90.5953754080856,101.9162297625707,109.8331678243972,C3,C3: limit warming to 2°C (>67%)
WITCH 5.0,CO_BAU,0.2640384161296867,3.727660810492416,8.191172047021162,15.11682141651833,25.38538352623659,39.29146744512264,51.99470679032245,63.68488996394385,73.10889711319574,81.18015176324896,C7,C7: limit warming to 4°C (>50%)
WITCH 5.0,CO_Bridge,0.264038415823687,3.96022464990379,16.5922297709752,63.3081801810476,114.472188752939,150.132715491903,181.268924251422,209.975861191906,233.821599803307,254.632858627957,C3,C3: limit warming to 2°C (>67%)
WITCH 5.0,CO_CurPol,0.2640384161296867,3.781706876911757,8.45501179397526,15.61276672604341,25.71267376342801,39.07718728599381,51.49501656826732,62.97802208977463,72.10610323129782,79.52818975261778,C7,C7: limit warming to 4°C (>50%)
WITCH 5.0,CO_GPP,0.2640384161296867,3.781706876911757,10.17921187416804,21.77229168421658,35.97276529078454,50.60011890843808,62.84907749714785,73.46748480256552,81.539470341145,88.97215040780881,C5,C5: limit warming to 2.5°C (>50%)
WITCH 5.0,CO_NDC_2050convergence,0.2640384161296867,3.781706876911757,10.00635052041927,20.80078526371646,35.29780712739262,49.2034731468969,59.84317940248717,69.71497624464948,77.14538967774067,83.78787459995476,C5,C5: limit warming to 2.5°C (>50%)
WITCH 5.0,CO_NDCplus,0.2640384161296867,3.781706876911757,10.00635052041927,19.42340137892014,31.49415071570516,44.20500814864101,55.75084338238375,66.47840182604563,75.018432477541,82.17658428364392,C6,C6: limit warming to 3°C (>50%)
WITCH 5.0,EN_INDCi2030_1000,0.2640384158236861,3.735162633549676,13.61166209466121,31.39200514785632,57.63672178981887,68.38753081624002,78.13326285916025,91.24416376193238,96.50550508156849,100.972884870585,C3,C3: limit warming to 2°C (>67%)
WITCH 5.0,EN_INDCi2030_1000_NDCp,0.2640384158236861,3.752284072252895,14.44904161078623,33.71706803958131,57.59151214695125,68.68938445934113,78.75108826470316,91.50603833998352,96.54419836291032,101.1357680610728,C3,C3: limit warming to 2°C (>67%)
WITCH 5.0,EN_INDCi2030_1000f,0.2640384158236861,3.735162633549676,13.61166209466121,31.20683195864873,56.96586566036319,67.29033848796372,75.80363290754183,91.24695798495353,101.1773313049086,108.5682885783964,C3,C3: limit warming to 2°C (>67%)
WITCH 5.0,EN_INDCi2030_1000f_NDCp,0.2640384158236861,3.752284072252895,14.44904161078623,33.17583254538481,56.80260051038961,66.90900448913291,74.9758481156199,90.2256415367676,100.5429350650131,107.842843830226,C3,C3: limit warming to 2°C (>67%)
WITCH 5.0,EN_INDCi2030_1200,0.2640384158236862,3.735162633549676,13.61166209466121,31.13469450216484,56.03523405138068,66.98422202718723,75.166180554419,90.52600771427254,98.98573917634924,101.8304581129242,C4,C4: limit warming to 2°C (>50%)
WITCH 5.0,EN_INDCi2030_1200_NDCp,0.2640384158236861,3.752284072252895,14.44904161078623,32.87540855024147,56.06431473159599,66.50259074468262,74.58683243857521,89.61320030444527,99.12017855341398,101.6219432744156,C4,C4: limit warming to 2°C (>50%)
WITCH 5.0,EN_INDCi2030_1200f,0.2640384158236861,3.735162633549676,13.61166209466121,30.99732858721157,55.71222228349031,66.1408041487718,73.3582149568531,87.37732066036651,98.43136472006822,105.135889903584,C4,C4: limit warming to 2°C (>50%)
WITCH 5.0,EN_INDCi2030_1200f_NDCp,0.2640384158236861,3.752284072252895,14.44904161078623,32.72591881026669,55.67507875015848,65.93656409384073,72.83620973055936,86.56066109245357,97.66245472456986,104.302720407141,C4,C4: limit warming to 2°C (>50%)
WITCH 5.0,EN_INDCi2030_1400,0.2640384158236861,3.735162633549676,13.61166209466121,30.69300009552206,55.16402369121647,65.50510753919346,71.88803529645851,85.60677781279746,97.42384211078316,102.8341093627192,C4,C4: limit warming to 2°C (>50%)
WITCH 5.0,EN_INDCi2030_1400_NDCp,0.2640384158236861,3.752284072252895,14.44904161078623,32.01351710063857,55.28268261840472,65.29040139662412,71.51584343478963,84.5510672679089,96.12293156793642,101.831791030107,C4,C4: limit warming to 2°C (>50%)
WITCH 5.0,EN_INDCi2030_1400f,0.2640384158236861,3.735162633549676,13.61166209466121,30.65084037954232,55.18764260689537,65.39379912543139,71.42234792093366,83.86605634331376,94.95968276268808,101.668271529549,C4,C4: limit warming to 2°C (>50%)
WITCH 5.0,EN_INDCi2030_1400f_NDCp,0.2640384158236861,3.752284072252895,14.44904161078623,31.7828401943893,55.11653509772614,65.24160494290975,71.14690753429662,83.34905539074673,93.88929809384943,100.9783719280491,C4,C4: limit warming to 2°C (>50%)
WITCH 5.0,EN_INDCi2030_1600,0.2640384158236861,3.735162633549676,13.61166209466121,30.29359369481547,54.55027900767625,64.71165639045898,71.09785728934285,82.71997324604531,92.37540855503518,99.41928336920914,C5,C5: limit warming to 2.5°C (>50%)
WITCH 5.0,EN_INDCi2030_1600_NDCp,0.2640384158236861,3.752284072252895,14.44904161078623,30.84089696972529,54.46404201881096,64.63144904109383,70.87832449403498,81.77526358513968,91.39995193027003,98.76047047738314,C5,C5: limit warming to 2.5°C (>50%)
WITCH 5.0,EN_INDCi2030_1600f,0.2640384158236861,3.735162633549676,13.61166209466121,30.26553632717605,54.4106139775489,64.72138117047876,70.81932294185653,81.73763433529419,90.53923654513034,97.90299789342647,C5,C5: limit warming to 2.5°C (>50%)
WITCH 5.0,EN_INDCi2030_1600f_NDCp,0.2640384158236861,3.752284072252895,14.44904161078623,30.78046945483666,54.37465568082226,64.51049134825936,70.69112794940006,81.2383274955503,89.86442366417286,97.16344367484804,C5,C5: limit warming to 2.5°C (>50%)
WITCH 5.0,EN_INDCi2030_1800,0.2640384158236861,3.735162633549676,13.61166209466121,28.90874590088129,53.45297194345234,63.8050224586304,70.16637281503387,79.89107865180858,87.8216958308971,94.58685179760026,C5,C5: limit warming to 2.5°C (>50%)
WITCH 5.0,EN_INDCi2030_1800_NDCp,0.2640384158236861,3.752284072252895,14.44904161078623,29.64041858799414,53.30445930644007,63.63286603138944,70.03075802243382,79.76299693228468,87.52807676700182,94.26267994436331,C5,C5: limit warming to 2.5°C (>50%)
WITCH 5.0,EN_INDCi2030_1800f,0.2640384158236861,3.735162633549676,13.61166209466121,28.90874590088129,53.45297194345234,63.8050224586304,70.16637281503387,79.89107865180858,87.8216958308971,94.58685179760026,C5,C5: limit warming to 2.5°C (>50%)
WITCH 5.0,EN_INDCi2030_1800f_NDCp,0.2640384158236861,3.752284072252895,14.44904161078623,29.64041858799414,53.30445930644007,63.63286603138944,70.03075802243382,79.76299693228468,87.52807676700182,94.26267994436331,C5,C5: limit warming to 2.5°C (>50%)
WITCH 5.0,EN_INDCi2030_2000,0.2640384158236861,3.735162633549676,13.61166209466121,27.45516323712475,52.56218859542079,62.87462793379928,69.46878808537087,79.06352981762592,86.09613360179958,92.23714100937958,C5,C5: limit warming to 2.5°C (>50%)
WITCH 5.0,EN_INDCi2030_2000_NDCp,0.2640384158236861,3.752284072252895,14.44904161078623,27.89472429414153,52.35242987299044,62.7925874468605,69.36207269729636,78.84694704633627,85.89255511119059,92.0163325499646,C5,C5: limit warming to 2.5°C (>50%)
WITCH 5.0,EN_INDCi2030_2000f,0.2640384158236861,3.735162633549676,13.61166209466121,27.45516323712475,52.56218859542079,62.87462793379928,69.46878808537087,79.06352981762592,86.09613360179958,92.23714100937958,C5,C5: limit warming to 2.5°C (>50%)
WITCH 5.0,EN_INDCi2030_2000f_NDCp,0.2640384158236861,3.752284072252895,14.44904161078623,27.89472429414153,52.35242987299044,62.7925874468605,69.36207269729636,78.84694704633627,85.89255511119059,92.0163325499646,C5,C5: limit warming to 2.5°C (>50%)
WITCH 5.0,EN_INDCi2030_2500,0.2640384158236861,3.735162633549676,13.61166209466121,26.28151608918464,50.57955481141172,61.08215151187176,68.29978549101611,77.8534882520162,84.43039812488756,89.9311940481291,C5,C5: limit warming to 2.5°C (>50%)
WITCH 5.0,EN_INDCi2030_2500_NDCp,0.2640384158236861,3.752284072252895,14.44904161078623,26.45184876967281,50.38324153616183,60.90890004765016,68.30842017428593,77.82347488359102,84.37576392001202,89.96117247414739,C5,C5: limit warming to 2.5°C (>50%)
WITCH 5.0,EN_INDCi2030_2500f,0.2640384158236861,3.735162633549676,13.61166209466121,26.28151608918464,50.57955481141172,61.08215151187176,68.29978549101611,77.8534882520162,84.43039812488756,89.9311940481291,C5,C5: limit warming to 2.5°C (>50%)
WITCH 5.0,EN_INDCi2030_2500f_NDCp,0.2640384158236861,3.752284072252895,14.44904161078623,26.45184876967281,50.38324153616183,60.90890004765016,68.30842017428593,77.82347488359102,84.37576392001202,89.96117247414739,C5,C5: limit warming to 2.5°C (>50%)
WITCH 5.0,EN_INDCi2030_3000,0.2640384158236861,3.735162633549676,13.61166209466121,25.30985337560143,47.88754589911822,58.47088277403108,65.72376155500947,75.78482471622746,82.83609584135631,88.42504496179653,C6,C6: limit warming to 3°C (>50%)
WITCH 5.0,EN_INDCi2030_3000_NDCp,0.2640384158236861,3.752284072252895,14.44904161078623,25.55650545784125,47.79222206872347,58.39833177820795,65.61296274581315,75.70784463858189,82.78419747633896,88.3484233744785,C6,C6: limit warming to 3°C (>50%)
WITCH 5.0,EN_INDCi2030_3000f,0.2640384158236861,3.735162633549676,13.61166209466121,25.30985337560143,47.88754589911822,58.47088277403108,65.72376155500947,75.78482471622746,82.83609584135631,88.42504496179653,C6,C6: limit warming to 3°C (>50%)
WITCH 5.0,EN_INDCi2030_3000f_NDCp,0.2640384158236861,3.752284072252895,14.44904161078623,25.55650545784125,47.79222206872347,58.39833177820795,65.61296274581315,75.70784463858189,82.78419747633896,88.3484233744785,C6,C6: limit warming to 3°C (>50%)
WITCH 5.0,EN_INDCi2030_500f,0.2640384158236861,3.735162633549676,13.61166209466121,33.26684965228993,60.42300251693986,75.37993366150216,88.54142800926789,101.6202348007826,110.97062378158,118.5772843936593,C2,C2: return warming to 1.5°C (>50%) after a high overshoot
WITCH 5.0,EN_INDCi2030_600f,0.2640384158236861,3.735162633549676,13.61166209466121,32.73166785831668,59.33983865407016,72.95020645351029,85.24910703536283,99.81800581135086,108.7741020098793,115.5744669222505,C3,C3: limit warming to 2°C (>67%)
WITCH 5.0,EN_INDCi2030_600f_NDCp,0.2640384158236861,3.752284072252895,14.44904161078623,35.27526162837346,59.12983451452406,72.20174670915131,83.9576332167572,98.95379034658608,107.7675292301673,114.5210169092818,C3,C3: limit warming to 2°C (>67%)
WITCH 5.0,EN_INDCi2030_700f,0.2640384158236861,3.735162633549676,13.61166209466121,32.07941954313696,58.67077693642551,71.21751888500229,82.34981839940332,97.13428784839284,106.8467930627548,113.4498958568515,C3,C3: limit warming to 2°C (>67%)
WITCH 5.0,EN_INDCi2030_700f_NDCp,0.2640384158236861,3.752284072252895,14.44904161078623,34.57671717694736,58.45697912626105,70.76905339172296,81.29420076217113,95.63906900444024,105.9381333931895,112.548617203417,C3,C3: limit warming to 2°C (>67%)
WITCH 5.0,EN_INDCi2030_800,0.2640384158236861,3.735162633549676,13.61166209466121,33.06091127777334,60.59112063469394,74.55227895098729,81.18702890219362,89.65990767764211,96.90579416427022,101.1268052777129,C3,C3: limit warming to 2°C (>67%)
WITCH 5.0,EN_INDCi2030_800_NDCp,0.2640384158236861,3.752284072252895,14.44904161078623,36.10689154864371,60.38081021624436,74.02496629514707,80.97964431184215,89.49544511273037,96.5541703878066,101.6572223529219,C3,C3: limit warming to 2°C (>67%)
WITCH 5.0,EN_INDCi2030_800f,0.2640384158236861,3.735162633549676,13.61166209466121,31.54826916246669,58.01362467365561,69.61166950134927,80.10683772768665,94.81902129051004,104.9674307438569,111.420993140818,C3,C3: limit warming to 2°C (>67%)
WITCH 5.0,EN_INDCi2030_800f_NDCp,0.2640384158236861,3.752284072252895,14.44904161078623,34.00355447971488,57.92176672960726,68.97631239754381,78.91567441972116,94.25519458330612,104.1544418487835,110.7037556191564,C3,C3: limit warming to 2°C (>67%)
WITCH 5.0,EN_INDCi2030_900,0.2640384158236861,3.735162633549676,13.61166209466121,32.03187942392597,58.83331561680477,71.15462676382151,82.42410347055979,90.02929231009078,96.95306023188834,101.656646714022,C3,C3: limit warming to 2°C (>67%)
WITCH 5.0,EN_INDCi2030_900_NDCp,0.2640384158236861,3.752284072252895,14.44904161078623,34.48978662611061,58.28755519299099,69.9324394382599,80.12376521689386,88.85867357611824,95.67922545944688,100.7217259735074,C3,C3: limit warming to 2°C (>67%)
WITCH 5.0,EN_INDCi2030_900f,0.2640384158236861,3.735162633549676,13.61166209466121,31.36785614227701,57.5900056173024,68.18428996816162,77.52566388848103,93.21363118208792,103.0884389319555,110.0265392384062,C3,C3: limit warming to 2°C (>67%)
WITCH 5.0,EN_INDCi2030_900f_NDCp,0.2640384158236861,3.752284072252895,14.44904161078623,33.61536778843682,57.4903419497637,67.8125003859612,76.71866768833405,92.50722843083916,102.0521217333823,109.4119132262844,C3,C3: limit warming to 2°C (>67%)
WITCH 5.0,EN_INDCi2100,0.2640384158236861,3.735162633549676,13.61166209466121,27.06397351897495,49.50594375355044,65.98509816915377,88.46671616436907,96.17536071155652,95.13590656013348,103.5267157465712,C6,C6: limit warming to 3°C (>50%)
WITCH 5.0,EN_INDCi2100_NDCp,0.2640384158236861,3.752284072252895,14.44904161078623,30.55855698398668,49.51404985647602,59.84148565763022,66.73873135089407,76.03059176577047,82.74878374577338,87.86920776465236,C6,C6: limit warming to 3°C (>50%)
WITCH 5.0,EN_NPi2020_1000,0.2640384158236861,3.646479698880477,12.8718175526145,35.69955100071253,54.76668525144738,65.70985469668055,74.98895002821915,89.98165757245175,98.12590855279548,99.896038074159,C3,C3: limit warming to 2°C (>67%)
WITCH 5.0,EN_NPi2020_1000f,0.2640384158236861,3.646479698880477,12.33957466860804,35.04389909233268,54.07625315600493,64.86621810715917,73.167485026588,87.51812822266331,97.45460214234576,104.1444813967574,C3,C3: limit warming to 2°C (>67%)
WITCH 5.0,EN_NPi2020_1200,0.2640384158236861,3.646479698880477,11.74902688262874,34.20949659499681,53.55471975881973,64.18403495459494,72.02171649993159,85.88555699879002,96.47900447100642,100.261941566448,C4,C4: limit warming to 2°C (>50%)
WITCH 5.0,EN_NPi2020_1200f,0.2640384158236861,3.646479698880477,11.58753309871928,33.78674504211044,53.45128061104074,63.96863281460774,71.33139084382802,84.39803135754154,94.93914902857432,100.514719545975,C4,C4: limit warming to 2°C (>50%)
WITCH 5.0,EN_NPi2020_1400,0.2640384158236861,3.646479698880477,11.1999428421637,32.78816057843063,52.92913288341884,63.57933925455888,70.94692138371929,83.6425439358879,93.17123209082378,99.09555430603812,C4,C4: limit warming to 2°C (>50%)
WITCH 5.0,EN_NPi2020_1400f,0.2640384158236861,3.646479698880477,11.15120452471236,32.72506637610554,52.84729371023335,63.45259171706749,70.35115114354439,82.10401434837614,91.4395974510996,97.3713350158232,C4,C4: limit warming to 2°C (>50%)
WITCH 5.0,EN_NPi2020_1600,0.2640384158236861,3.646479698880477,10.61114723157322,30.40611159552798,52.11692722640872,63.14515284351327,69.8330197960126,81.26362350903808,90.4171044174664,96.60141314488558,C4,C4: limit warming to 2°C (>50%)
WITCH 5.0,EN_NPi2020_1600f,0.2640384158236861,3.646479698880477,10.54677891508854,30.16272894616834,51.95953512944964,62.90538417090013,69.81423175832477,80.56462420465898,88.60139302622738,94.66557286251768,C4,C4: limit warming to 2°C (>50%)
WITCH 5.0,EN_NPi2020_1800,0.2640384158236861,3.646479698880477,10.00508896751177,28.2662252623901,51.02263328518954,62.37434007638216,69.1000693259796,79.48804900780942,86.93223941170993,92.93181940454107,C5,C5: limit warming to 2.5°C (>50%)
WITCH 5.0,EN_NPi2020_1800f,0.2640384158236861,3.646479698880477,10.00508896751177,28.2662252623901,51.02263328518954,62.37434007638216,69.1000693259796,79.48804900780942,86.93223941170993,92.93181940454107,C5,C5: limit warming to 2.5°C (>50%)
WITCH 5.0,EN_NPi2020_2000,0.2640384158236861,3.646479698880477,9.661083816413148,26.92854970860429,50.42154532914345,61.72229939282666,68.79787898011139,78.65286093346066,85.66225012917035,91.38491348358852,C5,C5: limit warming to 2.5°C (>50%)
WITCH 5.0,EN_NPi2020_2000f,0.2640384158236861,3.646479698880477,9.661083816413148,26.92854970860429,50.42154532914345,61.72229939282666,68.79787898011139,78.65286093346066,85.66225012917035,91.38491348358852,C5,C5: limit warming to 2.5°C (>50%)
WITCH 5.0,EN_NPi2020_2500,0.2640384158236861,3.646479698880477,8.808935341533994,23.80162132016885,48.61408911971897,60.04000119052492,67.90366989898628,77.7144780697728,84.44335046816862,89.89926914420812,C5,C5: limit warming to 2.5°C (>50%)
WITCH 5.0,EN_NPi2020_2500f,0.2640384158236861,3.646479698880477,8.808935341533994,23.80162132016885,48.61408911971897,60.04000119052492,67.90366989898628,77.7144780697728,84.44335046816862,89.89926914420812,C5,C5: limit warming to 2.5°C (>50%)
WITCH 5.0,EN_NPi2020_3000,0.2640384158236861,3.646479698880477,8.281837201844494,21.48621892325906,45.41295416814086,57.78133521628282,65.64675012703037,75.82015133829786,82.9395664804722,88.57477610319809,C6,C6: limit warming to 3°C (>50%)
WITCH 5.0,EN_NPi2020_3000f,0.2640384158236861,3.646479698880477,8.281837201844494,21.48621892325906,45.41295416814086,57.78133521628282,65.64675012703037,75.82015133829786,82.9395664804722,88.57477610319809,C6,C6: limit warming to 3°C (>50%)
WITCH 5.0,EN_NPi2020_400f,0.2640384158236861,3.646479698880477,14.37810117697423,39.29279631846461,58.38570934754419,71.38737629358359,82.91086236254205,97.17430041245385,105.239787020155,112.2989683452795,C1,C1: limit warming to 1.5°C (>50%) with no or limited overshoot
WITCH 5.0,EN_NPi2020_450,0.2640384158236861,3.646479698880477,15.23841967664652,42.52657268765037,64.10485944448664,71.98348037219557,77.45116426696272,87.88217911720702,95.39656545378293,99.9557459151561,C1,C1: limit warming to 1.5°C (>50%) with no or limited overshoot
WITCH 5.0,EN_NPi2020_450f,0.2640384158236861,3.646479698880477,14.3014302218632,38.87189975606664,57.82317487728683,70.51889085933018,81.8999438264476,96.36598676441233,104.3591328531237,111.3198784147393,C1,C1: limit warming to 1.5°C (>50%) with no or limited overshoot
WITCH 5.0,EN_NPi2020_500,0.2640384158236861,3.646479698880477,14.95415871052651,41.90161310462215,62.96055669551208,74.40992374621048,80.42617030792192,89.18074357072967,96.87922210306417,101.3684674493114,C1,C1: limit warming to 1.5°C (>50%) with no or limited overshoot
WITCH 5.0,EN_NPi2020_500f,0.2640384158236861,3.646479698880477,14.1281949308378,38.37498836697992,57.2406515722866,69.75703688417195,81.05475144980251,95.03320677034807,103.5811029388882,110.351824397866,C1,C1: limit warming to 1.5°C (>50%) with no or limited overshoot
WITCH 5.0,EN_NPi2020_600,0.2640384158236861,3.646479698880477,14.43956730995071,39.93126603321703,60.51487225675356,72.86334399133219,80.68294948240205,89.39603417684722,97.2279205722742,101.0635813016944,C3,C3: limit warming to 2°C (>67%)
WITCH 5.0,EN_NPi2020_600f,0.2640384158236861,3.646479698880477,13.90667346956236,37.51609545670582,56.25049799971682,68.14619795718986,79.17939467927113,93.6438717578572,102.6381814708886,108.6533248376418,C3,C3: limit warming to 2°C (>67%)
WITCH 5.0,EN_NPi2020_700,0.2640384158236861,3.646479698880477,14.18568340512702,38.19709397850291,57.08883772551214,69.61958507850322,80.05589343026423,88.8282794534601,96.3680780118321,99.86142735661824,C3,C3: limit warming to 2°C (>67%)
WITCH 5.0,EN_NPi2020_700f,0.2640384158236861,3.646479698880477,13.56078239100396,36.86689178449238,55.81923972139752,66.903207835629,77.39617066873724,92.31616478047287,101.9259739009246,107.5180866918097,C3,C3: limit warming to 2°C (>67%)
WITCH 5.0,EN_NPi2020_800,0.2640384158236861,3.861077769963196,13.83697517629158,36.55576692140389,56.13583666998522,68.52785443544913,80.22168652458015,90.2859924938956,96.1563059380912,99.06537352088644,C3,C3: limit warming to 2°C (>67%)
WITCH 5.0,EN_NPi2020_800f,0.2640384158236861,3.646479698880477,13.2023349755911,36.17382879233352,55.2840592747902,66.04160804026702,75.67684853472241,90.64447401083756,100.1132538654474,106.2443269388006,C3,C3: limit warming to 2°C (>67%)
WITCH 5.0,EN_NPi2020_900,0.2640384158236861,3.861077769963196,13.39714893958496,35.54605934854683,55.72845163735724,67.13555298071756,78.06589933282865,92.30721682614166,97.0475733932078,99.64913952612628,C3,C3: limit warming to 2°C (>67%)
WITCH 5.0,EN_NPi2020_900f,0.2640384158236861,3.646479698880477,12.81159947342991,35.69020613703092,54.68675818794657,65.36740175675324,74.23918033062428,89.21897812531188,98.93903214774534,105.2840869529343,C3,C3: limit warming to 2°C (>67%)
WITCH 5.0,EN_NPi2100,0.2640384158236861,3.646479698880477,8.028219016179005,19.89136599901717,43.10654647623419,55.5888054926593,62.61744711418969,73.33775080846448,80.64540438640604,86.2596908590857,C7,C7: limit warming to 4°C (>50%)
WITCH 5.0,EN_NoPolicy,0.2640384158236861,3.580807784362304,7.848677042457783,20.08995967888244,43.0834790720572,55.43602997073944,62.89569493261372,74.06023284560224,81.64660012252945,87.55036033323718,C7,C7: limit warming to 4°C (>50%)
WITCH-GLOBIOM 3.1,SSP1-19,0.2106571420760689,1.01456371602233,48.0410604942348,66.0112809091476,67.8339038514953,62.3846404965725,64.8037459523483,71.91957236848779,74.1831760053707,74.135287494069,C1,C1: limit warming to 1.5°C (>50%) with no or limited overshoot
WITCH-GLOBIOM 3.1,SSP1-26,0.2106571420760689,2.63975693570117,12.7224991107991,30.8706197931584,38.962628761716,45.4011806358975,52.8231810203641,64.16804513429521,75.302388302718,77.9793281070405,failed-vetting,failed-vetting
WITCH-GLOBIOM 3.1,SSP1-34,0.2106571420760689,1.87814801398268,8.20073765055436,22.9217247897999,34.1936057456742,38.8050568779191,42.7519497614195,43.41649002737429,45.2625538967898,46.4723712489307,failed-vetting,failed-vetting
WITCH-GLOBIOM 3.1,SSP1-45,0.2106571420760689,1.68115276795347,6.98811684440649,18.5234893912383,25.5961778511332,34.27534097813719,40.677166153291,43.46684887739021,44.2352707638328,42.6584509850011,failed-vetting,failed-vetting
WITCH-GLOBIOM 3.1,SSP1-Baseline,0.2106571420760689,1.45064287811335,6.22796157830379,16.5000091581115,25.9764209764166,29.687599161685,33.7506026893571,35.8093451109477,39.2499714516136,39.165433143757,C7,C7: limit warming to 4°C (>50%)
WITCH-GLOBIOM 3.1,SSP2-26,0.2106571420760689,2.6039235944232,10.9791603373614,22.7205235006025,32.9452167314469,43.6357171293749,54.73150696170011,68.10421682894089,93.2937019403848,126.744331472377,failed-vetting,failed-vetting
WITCH-GLOBIOM 3.1,SSP2-34,0.2106571420760689,1.91798059716369,7.01217973399016,15.51904228619,25.6065599519368,35.8236396860621,46.5790336043848,58.0018594941865,71.9669519746767,86.28750006207291,failed-vetting,failed-vetting
WITCH-GLOBIOM 3.1,SSP2-45,0.2106571420760689,1.74313468518957,5.27521482227914,10.8937759030775,19.0737371589462,29.2851002172734,38.2369940635755,46.9240781554626,59.0478948633451,71.3019422637492,failed-vetting,failed-vetting
WITCH-GLOBIOM 3.1,SSP2-60,0.2106571420760689,1.66326061529937,4.1408212378006,7.355878556583639,13.0157986361896,20.4985371143674,31.5863450634837,42.5150821757585,53.7593615135896,65.8180466377264,failed-vetting,failed-vetting
WITCH-GLOBIOM 3.1,SSP2-Baseline,0.2106571420760689,1.26333278835665,2.98641877161137,5.23079631933305,8.10712973842811,12.0121115238032,17.6530798650039,23.7884738954881,32.4061969644972,44.94540983729939,C8,C8: exceed warming of 4°C (>=50%)
WITCH-GLOBIOM 3.1,SSP3-34,0.2106571420760689,3.34458160901704,6.595377674815151,12.5679311475783,16.9617312669689,20.6961860308785,24.1559903553451,30.4473503030626,40.2951865137811,48.8302405479632,failed-vetting,failed-vetting
WITCH-GLOBIOM 3.1,SSP3-45,0.2106571420760689,2.75073982050801,3.84941552634954,6.450971066017469,10.6344875373677,14.4241212182255,17.0202984758073,19.7715089655189,24.0181642907501,26.80232114810551,failed-vetting,failed-vetting
WITCH-GLOBIOM 3.1,SSP3-60,0.2106571420760689,2.56476250616962,2.64883657329088,3.73765746254484,5.645999578266379,8.321860157278829,11.3463977919975,14.5470049670557,17.6916617665596,21.14008167124049,failed-vetting,failed-vetting
WITCH-GLOBIOM 3.1,SSP3-Baseline,0.2106571420760689,1.80109107382239,1.89922867633319,2.65202477488857,3.41196895166775,4.09858378438495,4.7428311029571,5.487945503259191,6.49137625191957,7.79952428602366,C8,C8: exceed warming of 4°C (>=50%)
WITCH-GLOBIOM 3.1,SSP4-19,0.2106571420760689,1.10099198767457,47.9579144569197,60.1354744730978,58.4472214301509,51.6440861120999,49.3206762326629,50.3160527894451,51.9455663211627,54.3837540838826,C1,C1: limit warming to 1.5°C (>50%) with no or limited overshoot
WITCH-GLOBIOM 3.1,SSP4-26,0.2106571420760689,2.47830999044144,11.8515867436898,25.6413642162198,33.5146149277052,39.0589835718405,43.9461674772185,47.41322575666471,51.858147976549,53.9780597347148,failed-vetting,failed-vetting
WITCH-GLOBIOM 3.1,SSP4-34,0.2106571420760689,1.91227950769089,8.35021624331192,20.6122042174748,28.099127009552,30.6817624421069,34.9823050234083,39.5218840431459,43.0316331442796,45.77355461822761,failed-vetting,failed-vetting
WITCH-GLOBIOM 3.1,SSP4-45,0.2106571420760689,1.74018562753165,7.289511753602269,18.2272253889808,22.9205145420007,28.504480883939,32.1901848857111,34.1217506554251,38.3969679071592,41.3543358665135,failed-vetting,failed-vetting
WITCH-GLOBIOM 3.1,SSP4-60,0.2106571420760689,1.67342719604338,6.91623767401165,17.1823440910719,19.3012153318574,21.8415683678168,24.2329672766034,26.5878734114741,30.0711389595599,33.3588084276377,failed-vetting,failed-vetting
WITCH-GLOBIOM 3.1,SSP4-Baseline,0.2106571420760689,1.61240288291961,7.00953991316548,16.3470240691376,21.7282179337298,25.9187909940868,29.844234177238,32.1228766151346,36.0468704305212,40.0666331310601,C7,C7: limit warming to 4°C (>50%)
WITCH-GLOBIOM 3.1,SSP5-34,0.2106571420760689,2.15251446834649,8.54721777216112,20.5465896322494,36.8545794048197,56.1856462128204,75.3366295176997,93.1378610176332,122.416479787427,163.365636203404,failed-vetting,failed-vetting
WITCH-GLOBIOM 3.1,SSP5-45,0.2106571420760689,1.67321866142608,5.85600407867339,13.8312026680847,27.4035092109026,39.39761066428421,54.48180409148,68.0124042388601,83.8280923837748,104.971127972582,failed-vetting,failed-vetting
WITCH-GLOBIOM 3.1,SSP5-60,0.2106571420760689,1.49758439060404,4.093233039464971,9.139814464550891,18.8919574514513,31.0564875203716,44.47913599427149,57.356944310928,69.4917257314058,82.2911266034537,failed-vetting,failed-vetting
WITCH-GLOBIOM 3.1,SSP5-Baseline,0.2106571420760689,1.15941116874738,2.56538682805152,4.56353123663326,7.49385331459781,11.37843037232,17.4833818686792,25.7699226955462,38.10840521216971,55.01487549802049,C8,C8: exceed warming of 4°C (>=50%)
WITCH-GLOBIOM 4.2,ADVANCE_2020_1.5C-2100,0.207473698940416,3.17177278324364,12.4416758871275,23.0303722091171,36.3949356396756,50.348615891827,65.08247059172339,79.1681493060151,93.3675940039298,111.115353125035,failed-vetting,failed-vetting
WITCH-GLOBIOM 4.2,ADVANCE_2020_Med2C,0.207473698940416,3.17177278324364,8.25284724140608,16.5622042962464,26.9629256085381,37.9518168959845,48.8381633261792,62.1059149794359,75.6969808214017,88.15374885248009,failed-vetting,failed-vetting
WITCH-GLOBIOM 4.2,ADVANCE_2020_WB2C,0.207473698940416,3.17177278324364,9.16465424889173,19.2342245452321,31.3690956232458,42.5445441470725,55.5179223592979,68.78003106031261,83.0530613858803,96.8511993678198,failed-vetting,failed-vetting
WITCH-GLOBIOM 4.2,ADVANCE_2030_Med2C,0.207473698940416,3.17177278324364,8.13924456885324,14.360346362296,25.4437365234904,39.2598600517667,52.6831770617513,65.60198472933621,79.10488583733401,91.20171666514128,failed-vetting,failed-vetting
WITCH-GLOBIOM 4.2,ADVANCE_2030_Price1.5C,0.207473698940416,3.17177278324364,8.13924456885324,16.4536356185995,28.5081739153471,47.2034708818649,62.57281318581679,77.8731974267826,92.2126552518058,106.847171962573,failed-vetting,failed-vetting
WITCH-GLOBIOM 4.2,ADVANCE_2030_WB2C,0.207473698940416,3.17177278324364,8.13924456885324,15.9278119324525,28.1569472269443,46.50532930637011,62.25518074177521,76.46477251510909,90.55178842829108,105.143526909161,failed-vetting,failed-vetting
WITCH-GLOBIOM 4.2,ADVANCE_INDC,0.207473698940416,3.17177278324364,8.13924456885324,13.0398281269596,21.7529278346766,29.6754343250815,38.7195632683584,51.3980370448436,62.4381867586818,73.7821676574561,failed-vetting,failed-vetting
WITCH-GLOBIOM 4.2,ADVANCE_NoPolicy,0.207473698940416,1.28487433094591,2.70337716604018,5.32404230720424,9.26808686816733,14.9519293116001,21.9804972179941,31.4868544306839,42.8273696094103,55.0437557071399,C8,C8: exceed warming of 4°C (>=50%)
WITCH-GLOBIOM 4.2,ADVANCE_Reference,0.207473698940416,2.54914852740268,5.04629509899703,8.328701265632041,14.1525241834668,22.6595275075162,32.6926751365914,44.0549802509824,56.5646320864236,69.7917949469331,failed-vetting,failed-vetting
WITCH-GLOBIOM 4.2,EMF30_BCOC-EndU,0.2086777369804249,1.29323007435666,2.73991838214505,5.409715030300619,9.48093768929626,15.2962578239591,22.4102197940078,31.8676281541492,43.3759389380231,55.6907119150306,C8,C8: exceed warming of 4°C (>=50%)
WITCH-GLOBIOM 4.2,EMF30_Baseline,0.2086777369804249,1.2929439900337,2.73918034132267,5.41129721395697,9.48814855773476,15.3098385665934,22.4314056627111,31.9042589211621,43.4494538641652,55.79939097329989,C8,C8: exceed warming of 4°C (>=50%)
WITCH-GLOBIOM 4.2,EMF30_CH4-Only,0.2086777369804249,1.29337224304469,2.74632618885159,5.4248949342039,9.49534446497729,15.3045756679792,22.39677459088369,31.8356471826681,43.2756138817241,55.5935382528181,C7,C7: limit warming to 4°C (>50%)
WITCH-GLOBIOM 4.2,EMF30_ClimPolicy,0.2086777369804249,2.32687419784882,8.35229499830893,19.6162293944132,32.6585065462217,43.97228559161761,56.831058403583,71.72905074777141,87.0742834419775,102.518110744026,failed-vetting,failed-vetting
WITCH-GLOBIOM 4.2,EMF30_ClimPolicy+SLCF,0.2086777369804249,2.3304447218063,8.38070342905724,19.3586875873474,32.3086059552758,43.7388489435658,56.6063223136008,71.5406133712487,86.84750408108931,102.352068147332,failed-vetting,failed-vetting
WITCH-GLOBIOM 4.2,EMF30_D_BCOC-Red,0.2086777369804249,1.29295919414532,2.73924971458394,5.41144393118284,9.48824463692651,15.3116680573394,22.4352335308408,31.9081083387205,43.4529211130243,55.8036723849574,C8,C8: exceed warming of 4°C (>=50%)
WITCH-GLOBIOM 4.2,EMF30_D_CH4-ClimPolicy,0.2086777369804249,1.2926436964903,2.7383948611041,5.41316356352247,9.49613396782332,15.2826313680919,22.3386370404147,31.5994266468939,42.761160682379,54.9879125252244,failed-vetting,failed-vetting
WITCH-GLOBIOM 4.2,EMF30_D_CO2-Only,0.2086777369804249,2.37659705590509,8.48648668730666,19.8740001691901,32.9711897030604,44.05967786308129,56.9027844321654,71.91308591567291,87.3156571938184,102.839280217022,failed-vetting,failed-vetting
WITCH-GLOBIOM 4.2,EMF30_D_Frozen-CH4,0.2086777369804249,1.292959178238611,2.73924891355032,5.41144167555207,9.48824281712425,15.3116829670685,22.4352185513765,31.9080865523799,43.45293305986301,55.80376271209821,C8,C8: exceed warming of 4°C (>=50%)
WITCH-GLOBIOM 4.2,EMF30_D_Frozen-EF,0.2086777369804249,1.292959178238611,2.73924891355032,5.41144167555207,9.48824281712425,15.3116829670685,22.4352185513765,31.9080865523799,43.45293305986301,55.80376271209821,C7,C7: limit warming to 4°C (>50%)
WITCH-GLOBIOM 4.2,EMF30_D_Frozen-EF-EndU,0.2086777369804249,1.29295919414532,2.73924971458394,5.41144393118284,9.48824463692651,15.3116680573394,22.4352335308408,31.9081083387205,43.4529211130243,55.8036723849574,C8,C8: exceed warming of 4°C (>=50%)
WITCH-GLOBIOM 4.2,EMF30_D_Frozen-EF-SLCF,0.2086777369804249,1.29295919414532,2.73924971458394,5.41144393118284,9.48824463692651,15.3116680573394,22.4352335308408,31.9081083387205,43.4529211130243,55.8036723849574,C8,C8: exceed warming of 4°C (>=50%)
WITCH-GLOBIOM 4.2,EMF30_SLCF,0.2086777369804249,1.29362187761513,2.74730786455008,5.423864862096099,9.48853047326108,15.2889854606095,22.370877384216,31.7946909742431,43.1993365516718,55.492582659377,C7,C7: limit warming to 4°C (>50%)
WITCH-GLOBIOM 4.2,EMF30_Slower-Action,0.209622119206182,2.35711896589645,7.66983433063694,15.078357526715,24.159526437032,33.0430004895889,42.5570877630415,50.9063735131554,56.1367840015595,66.23055157491589,failed-vetting,failed-vetting
WITCH-GLOBIOM 4.2,EMF30_Slower-Action+SLCF,0.209622119206182,2.3445615060884,7.530105757853549,14.7210425709771,23.7467845019265,32.1049579501579,41.33754282897539,49.1626074164584,54.0757982323532,63.7309573292562,failed-vetting,failed-vetting
WITCH-GLOBIOM 4.2,EMF30_Slower-to-faster,0.209622119206182,2.35711896589645,7.66983433063694,19.02289894028931,29.3546916157443,42.0798798660378,57.30691208357099,74.048572212264,89.72213177797951,134.987538618026,failed-vetting,failed-vetting
WITCH-GLOBIOM 4.2,EMF30_Slower-to-faster+SLCF,0.209622119206182,2.3445615060884,7.530105757853549,18.910623392801,29.24281174498351,42.0136058325335,57.1571013203249,73.96297931981842,89.4002520966029,134.826442421137,failed-vetting,failed-vetting
WITCH-GLOBIOM 4.2,EMF30_Slower-to-faster+SLCF+HFC,0.209622119206182,2.3445615060884,7.530105757853549,18.9116711701567,29.2521660370194,42.0333167748268,57.2920810081551,73.95865145241191,89.40378261756071,134.770314424699,failed-vetting,failed-vetting
WITCH-GLOBIOM 4.4,CD-LINKS_INDC2030i_1600,0.212297938321379,2.56822988794676,6.74353152636693,13.2621681248176,25.9969984290898,40.6054405691301,53.4889146395728,65.911506761894,82.4636996760006,96.0930786492209,C3,C3: limit warming to 2°C (>67%)
WITCH-GLOBIOM 4.4,CD-LINKS_INDCi,0.212297938321379,2.56822988794676,6.74353152636693,9.620203246610288,14.9113865672942,20.1400489698814,26.5418395161737,34.4109374511419,44.6900587430092,56.2114079225389,C7,C7: limit warming to 4°C (>50%)
WITCH-GLOBIOM 4.4,CD-LINKS_NDC2030i_1000,0.212297938321379,2.56822988794676,6.74353152636693,14.6338830488769,29.4189890186156,46.0640268928293,59.9213317710577,75.292082355475,89.71233710530208,101.938794779312,C2,C2: return warming to 1.5°C (>50%) after a high overshoot
WITCH-GLOBIOM 4.4,CD-LINKS_NPi,0.212297938321379,2.6131115460962,3.47650616982078,5.792516624098691,9.50792366038071,13.4791045196315,18.8757913648143,25.8259754435348,34.34803203753319,45.2305476999257,C7,C7: limit warming to 4°C (>50%)
WITCH-GLOBIOM 4.4,CD-LINKS_NPi2020_1000,0.212297938321379,2.6131115460962,7.362542718876281,19.2851663370848,30.148636359152,43.86967099434339,55.8392590527253,72.35939066185351,87.84382643523328,101.293294093753,C1,C1: limit warming to 1.5°C (>50%) with no or limited overshoot
WITCH-GLOBIOM 4.4,CD-LINKS_NPi2020_1600,0.212297938321379,2.6131115460962,6.215594402976639,16.7194595839737,26.5703972539047,38.0945721426436,48.52413023365981,63.1315706990731,80.1950175415288,94.8212634617376,C3,C3: limit warming to 2°C (>67%)
WITCH-GLOBIOM 4.4,CD-LINKS_NPi2020_400,0.212297938321379,2.6131115460962,8.85425262477696,22.4235320411358,33.95339076544811,48.84522624356089,62.87509387111,77.1066294325058,90.8911808080013,104.969433397706,C1,C1: limit warming to 1.5°C (>50%) with no or limited overshoot
WITCH-GLOBIOM 4.4,CD-LINKS_NoPolicy,0.212297938321379,1.55216539790297,2.84997676492173,5.38515708815179,9.001195249041869,12.9035860393892,18.4335256652113,25.2084137107408,33.846561366907,44.9827223978459,C7,C7: limit warming to 4°C (>50%)
