Model,Scenario,2010,2020,2030,2040,2050,2060,2070,2080,2090,2100,Category,Category_name
AIM/CGE 2.0,ADVANCE_2020_1.5C-2100,10.6936,13.6748,20.6623,24.4025,23.8998,22.7456,24.8489,28.693,33.9363,31.4231,failed-vetting,failed-vetting
AIM/CGE 2.0,ADVANCE_2020_Med2C,10.6936,13.6748,20.6012,19.9919,16.7265,17.9794,20.6432,22.88300000000001,25.6623,29.7354,failed-vetting,failed-vetting
AIM/CGE 2.0,ADVANCE_2020_WB2C,10.6936,13.6748,20.6015,20.5088,16.1776,17.8694,21.7702,24.7531,27.3232,32.4023,failed-vetting,failed-vetting
AIM/CGE 2.0,ADVANCE_2030_Med2C,10.6936,13.6791,20.7819,26.5493,24.1309,23.7247,26.5437,28.5637,31.5889,36.9994,failed-vetting,failed-vetting
AIM/CGE 2.0,ADVANCE_2030_Price1.5C,10.7511,13.7469,20.8704,24.2239,22.0141,20.9247,23.2125,27.1917,31.8887,31.3821,failed-vetting,failed-vetting
AIM/CGE 2.0,ADVANCE_2030_WB2C,10.6936,13.6791,20.7819,26.5495,32.1661,37.2863,45.9562,52.4475,58.4009,69.4125,failed-vetting,failed-vetting
AIM/CGE 2.0,ADVANCE_INDC,10.7511,13.7474,20.8679,25.055,25.2815,28.2363,41.1071,50.3656,61.0623,72.4861,failed-vetting,failed-vetting
AIM/CGE 2.0,ADVANCE_NoPolicy,10.5698,12.585,14.442,16.5418,19.0523,22.5297,25.5301,28.3783,31.9292,36.2265,failed-vetting,failed-vetting
AIM/CGE 2.0,ADVANCE_Reference,10.7511,13.7474,20.8033,24.3438,26.2149,29.7884,34.3545,35.8525,40.0042,45.9899,failed-vetting,failed-vetting
AIM/CGE 2.0,EMF30_BCOC-EndU,11.0019,12.9604,14.8106,17.0702,20.1648,24.2286,28.7096,33.3289,38.4709,44.1564,failed-vetting,failed-vetting
AIM/CGE 2.0,EMF30_Baseline,11.005,12.9652,14.8183,17.0997,20.219,24.3371,28.8684,33.534,38.7349,44.4928,failed-vetting,failed-vetting
AIM/CGE 2.0,EMF30_CH4-Only,11.1452,14.12,21.2403,25.9945,30.4849,36.721,43.662,51.0966,59.2055,68.238,failed-vetting,failed-vetting
AIM/CGE 2.0,EMF30_ClimPolicy,11.1452,14.1243,21.1155,23.3629,22.371,25.8297,31.8242,39.0179,47.7803,58.6074,failed-vetting,failed-vetting
AIM/CGE 2.0,EMF30_ClimPolicy+SLCF,11.1404,14.1178,21.0928,22.8282,21.3736,24.4503,30.1144,36.9341,45.2259,55.4404,failed-vetting,failed-vetting
AIM/CGE 2.0,EMF30_D_BCOC-Red,11.005,12.9652,14.8183,17.0997,20.219,24.3371,28.8684,33.534,38.7349,44.4928,failed-vetting,failed-vetting
AIM/CGE 2.0,EMF30_D_CH4-ClimPolicy,11.1452,14.12,21.2392,26.0207,30.595,37.2065,45.5937,54.3048,62.6161,72.4608,failed-vetting,failed-vetting
AIM/CGE 2.0,EMF30_D_CO2-Only,11.1452,14.1243,21.1346,24.7323,26.8307,32.0164,39.7291,48.7581,58.9602,70.6543,failed-vetting,failed-vetting
AIM/CGE 2.0,EMF30_D_Frozen-CH4,11.005,12.9652,14.8183,17.0997,20.219,24.3371,28.8684,33.534,38.7349,44.4928,failed-vetting,failed-vetting
AIM/CGE 2.0,EMF30_D_Frozen-EF,11.005,12.9652,14.8183,17.0997,20.219,24.3371,28.8684,33.534,38.7349,44.4928,failed-vetting,failed-vetting
AIM/CGE 2.0,EMF30_D_Frozen-EF-EndU,11.005,12.9652,14.8183,17.0997,20.219,24.3371,28.8684,33.534,38.7349,44.4928,failed-vetting,failed-vetting
AIM/CGE 2.0,EMF30_D_Frozen-EF-SLCF,11.005,12.9652,14.8183,17.0997,20.219,24.3371,28.8684,33.534,38.7349,44.4928,failed-vetting,failed-vetting
AIM/CGE 2.0,EMF30_SLCF,11.1406,14.1128,21.2266,25.9259,30.3515,36.5043,43.3838,50.7584,58.7921,67.7212,failed-vetting,failed-vetting
AIM/CGE 2.0,EMF30_Slower-Action,11.1452,14.1277,21.2365,25.9735,28.1726,34.0787,41.657,51.0366,61.8722,73.7821,failed-vetting,failed-vetting
AIM/CGE 2.0,EMF30_Slower-Action+SLCF,11.1406,14.1216,21.2265,25.9852,28.376,34.4549,41.9299,51.4479,62.5169,74.9676,failed-vetting,failed-vetting
AIM/CGE 2.0,EMF30_Slower-to-faster,11.1452,14.1277,21.2371,27.0932,31.9556,34.1381,40.1672,49.2341,60.5089,74.1604,failed-vetting,failed-vetting
AIM/CGE 2.0,EMF30_Slower-to-faster+SLCF,11.1406,14.1204,21.2232,27.0598,33.3559,40.4221,48.3646,57.731,68.0725,81.5096,failed-vetting,failed-vetting
AIM/CGE 2.0,EMF30_Slower-to-faster+SLCF+HFC,11.1406,14.1204,21.2232,27.0597,33.3081,40.3288,48.3732,57.7386,68.0795,81.5164,failed-vetting,failed-vetting
AIM/CGE 2.0,SFCM_SSP2_Bio_1p5Degree,11.1279,14.084,21.0201,23.5819,20.0722,23.3534,28.3535,33.6013,37.9928,41.4375,failed-vetting,failed-vetting
AIM/CGE 2.0,SFCM_SSP2_Bio_2Degree,11.1279,14.084,21.1193,25.4663,24.2091,26.3074,31.5582,37.5333,42.8513,48.0097,failed-vetting,failed-vetting
AIM/CGE 2.0,SFCM_SSP2_Bio_Baseline,10.9248,12.8851,14.7415,17.024,19.9731,23.9291,28.1125,32.3968,37.1798,41.5119,failed-vetting,failed-vetting
AIM/CGE 2.0,SFCM_SSP2_EEEI_1p5Degree,11.0339,13.9332,20.7726,23.3215,21.0749,23.8398,29.0106,34.2728,39.1887,43.9325,failed-vetting,failed-vetting
AIM/CGE 2.0,SFCM_SSP2_EEEI_2Degree,11.0339,13.9332,20.8718,25.2404,24.196,25.8642,31.2036,36.5864,41.2311,45.1353,failed-vetting,failed-vetting
AIM/CGE 2.0,SFCM_SSP2_EEEI_Baseline,10.8336,12.7491,14.5726,16.6769,19.0496,21.6949,24.2906,26.3737,28.6829,31.0391,failed-vetting,failed-vetting
AIM/CGE 2.0,SFCM_SSP2_LifeStyle_1p5Degree,11.0977,14.0374,20.9481,23.8043,21.225,24.3821,29.6958,35.3031,40.4214,43.8055,failed-vetting,failed-vetting
AIM/CGE 2.0,SFCM_SSP2_LifeStyle_2Degree,11.0977,14.0374,21.046,25.6208,24.9206,27.0108,32.6282,38.6727,43.791,48.7125,failed-vetting,failed-vetting
AIM/CGE 2.0,SFCM_SSP2_LifeStyle_Baseline,10.8955,12.8421,14.6899,16.9375,19.8335,23.5959,27.4501,31.3085,35.3451,38.9172,failed-vetting,failed-vetting
AIM/CGE 2.0,SFCM_SSP2_Ref_1p5Degree,11.1273,14.0837,21.021,23.9194,21.3594,24.9647,30.6021,37.0197,43.4472,48.0557,failed-vetting,failed-vetting
AIM/CGE 2.0,SFCM_SSP2_Ref_2Degree,11.1273,14.0837,21.1193,25.5937,24.8706,27.5562,33.5748,40.7757,47.5284,53.3129,failed-vetting,failed-vetting
AIM/CGE 2.0,SFCM_SSP2_Ref_Baseline,10.9242,12.8845,14.7407,17.0234,19.9819,23.983,28.2518,32.6158,37.4493,41.9459,failed-vetting,failed-vetting
AIM/CGE 2.0,SFCM_SSP2_ST_CCS_1p5Degree,11.1273,14.0837,21.0237,23.679,20.1415,23.9995,29.331,35.2104,40.7133,44.6064,failed-vetting,failed-vetting
AIM/CGE 2.0,SFCM_SSP2_ST_CCS_2Degree,11.1273,14.0837,21.122,25.3934,23.9663,26.6685,32.4329,39.1592,45.3986,50.8437,failed-vetting,failed-vetting
AIM/CGE 2.0,SFCM_SSP2_ST_CCS_Baseline,10.9242,12.8845,14.7407,17.0234,19.9819,23.983,28.2518,32.6158,37.4493,41.9459,failed-vetting,failed-vetting
AIM/CGE 2.0,SFCM_SSP2_ST_bio_1p5Degree,11.1273,14.0837,21.0213,23.6589,20.6679,24.1178,29.4319,35.5135,41.2278,45.3021,failed-vetting,failed-vetting
AIM/CGE 2.0,SFCM_SSP2_ST_bio_2Degree,11.1273,14.0837,21.1192,25.5128,24.4744,26.8705,32.4807,39.1233,45.1694,50.5475,failed-vetting,failed-vetting
AIM/CGE 2.0,SFCM_SSP2_ST_bio_Baseline,10.9241,12.8845,14.7407,17.0226,19.9736,23.936,28.143,32.4488,37.2423,41.6125,failed-vetting,failed-vetting
AIM/CGE 2.0,SFCM_SSP2_ST_nuclear_1p5Degree,11.4442,14.6733,22.1034,27.1757,30.3786,37.5831,46.7104,57.61600000000001,70.8079,86.8441,failed-vetting,failed-vetting
AIM/CGE 2.0,SFCM_SSP2_ST_nuclear_2Degree,11.4442,14.6733,22.2149,28.3711,33.2726,41.1,50.8967,62.7547,77.1594,94.6765,failed-vetting,failed-vetting
AIM/CGE 2.0,SFCM_SSP2_ST_nuclear_Baseline,11.2324,13.4256,15.4511,18.2883,22.6985,28.1587,34.666,42.5089,52.0411,63.6437,failed-vetting,failed-vetting
AIM/CGE 2.0,SFCM_SSP2_ST_solar_1p5Degree,11.127,14.0834,21.026,23.6575,20.9114,24.4146,29.8956,35.9261,42.1196,47.9932,failed-vetting,failed-vetting
AIM/CGE 2.0,SFCM_SSP2_ST_solar_2Degree,11.127,14.0834,21.1205,25.551,24.4193,26.9858,32.8931,39.6509,45.8882,51.6494,failed-vetting,failed-vetting
AIM/CGE 2.0,SFCM_SSP2_ST_solar_Baseline,10.9239,12.8842,14.7403,17.0201,19.9698,23.9184,28.1175,32.4541,37.2613,41.674,failed-vetting,failed-vetting
AIM/CGE 2.0,SFCM_SSP2_ST_wind_1p5Degree,11.1265,14.0826,21.0224,23.946,21.2718,24.9316,30.5229,36.8046,43.8009,50.2414,failed-vetting,failed-vetting
AIM/CGE 2.0,SFCM_SSP2_ST_wind_2Degree,11.1265,14.0826,21.1173,25.3536,24.314,27.2771,33.4076,40.6597,47.9879,54.5321,failed-vetting,failed-vetting
AIM/CGE 2.0,SFCM_SSP2_ST_wind_Baseline,10.9234,12.8836,14.7394,17.0173,19.9655,23.9053,28.1104,32.5171,37.3451,41.6942,failed-vetting,failed-vetting
AIM/CGE 2.0,SFCM_SSP2_SupTech_1p5Degree,11.4442,14.673,22.1137,26.8944,28.9676,35.986,44.6484,55.1252,67.6835,82.9541,failed-vetting,failed-vetting
AIM/CGE 2.0,SFCM_SSP2_SupTech_2Degree,11.4442,14.673,22.2203,28.2177,32.454,40.3194,49.8991,61.4803,75.5446,92.6479,failed-vetting,failed-vetting
AIM/CGE 2.0,SFCM_SSP2_SupTech_Baseline,11.2324,13.4254,15.4506,18.2869,22.6938,28.1494,34.6532,42.4918,52.0186,63.6146,failed-vetting,failed-vetting
AIM/CGE 2.0,SFCM_SSP2_combined_1p5Degree,11.3822,14.5371,21.8683,26.3049,28.2738,34.5593,42.7921,52.6355,64.5958,79.1417,failed-vetting,failed-vetting
AIM/CGE 2.0,SFCM_SSP2_combined_2Degree,11.3822,14.5371,21.9766,27.9836,32.2577,39.5026,48.8024,60.0682,73.7762,90.4502,failed-vetting,failed-vetting
AIM/CGE 2.0,SFCM_SSP2_combined_Baseline,11.1727,13.2999,15.287,18.0308,22.2519,27.4761,33.7649,41.3612,50.5931,61.8308,failed-vetting,failed-vetting
AIM/CGE 2.0,SSP1-19,11.0405,12.8652,19.4235,22.4627,21.2993,23.9309,24.9326,24.6005,22.2826,20.0009,failed-vetting,failed-vetting
AIM/CGE 2.0,SSP1-26,11.0404,12.8653,19.326,23.5272,23.5779,24.0054,26.7724,26.4283,26.0839,23.8601,C3,C3: limit warming to 2°C (>67%)
AIM/CGE 2.0,SSP1-34,11.0404,12.8653,19.31,22.6808,24.3356,26.7455,28.2774,27.5397,25.7286,23.0765,C5,C5: limit warming to 2.5°C (>50%)
AIM/CGE 2.0,SSP1-45,11.0404,12.8795,19.3053,22.1532,22.6046,23.029,23.7746,24.1855,23.6726,22.1741,C6,C6: limit warming to 3°C (>50%)
AIM/CGE 2.0,SSP1-Baseline,10.8376,11.665,12.8816,14.1226,14.7214,13.8176,13.2086,12.4604,11.59,10.3199,C7,C7: limit warming to 4°C (>50%)
AIM/CGE 2.0,SSP2-19,11.1453,14.1261,21.0333,23.1282,19.7794,23.3473,28.2788,34.1367,40.6545,46.999,failed-vetting,failed-vetting
AIM/CGE 2.0,SSP2-26,11.1453,14.1267,21.144,24.8605,23.2179,25.4098,31.1537,37.9808,45.5434,52.3947,failed-vetting,failed-vetting
AIM/CGE 2.0,SSP2-34,11.1453,14.1267,21.1972,25.538,26.6409,29.6089,35.0453,41.6024,48.3965,56.095,failed-vetting,failed-vetting
AIM/CGE 2.0,SSP2-45,11.1453,14.1267,21.2147,24.9604,27.471,33.1902,40.4282,48.5914,56.9711,64.9933,failed-vetting,failed-vetting
AIM/CGE 2.0,SSP2-60,11.1453,14.1267,21.2116,24.8366,25.6273,28.9019,33.3807,38.7691,44.7755,50.5558,failed-vetting,failed-vetting
AIM/CGE 2.0,SSP2-Baseline,10.9417,12.9123,14.7757,17.087,20.1679,24.3625,28.8839,33.5272,38.7104,44.3067,failed-vetting,failed-vetting
AIM/CGE 2.0,SSP3-34,10.1002,12.6519,18.8431,21.4522,18.2699,14.6145,13.9867,14.033,13.8262,13.2946,failed-vetting,failed-vetting
AIM/CGE 2.0,SSP3-45,10.1002,12.6519,18.8081,21.0157,19.5223,17.5896,15.2393,13.8534,13.0713,13.2224,failed-vetting,failed-vetting
AIM/CGE 2.0,SSP3-60,10.1002,12.6519,18.8057,19.878,16.8054,13.1729,11.6414,10.5919,9.0849,7.9649,failed-vetting,failed-vetting
AIM/CGE 2.0,SSP3-Baseline,9.919,11.58,13.0816,12.6977,10.926,9.0461,7.5564,6.2524,5.2101,4.5506,failed-vetting,failed-vetting
AIM/CGE 2.0,SSP4-26,11.4858,14.7849,22.4885,28.7351,34.0101,41.7492,50.9643,62.19300000000001,75.8604,92.4898,C3,C3: limit warming to 2°C (>67%)
AIM/CGE 2.0,SSP4-34,11.4858,14.7849,22.5146,28.7195,35.3901,43.4016,52.9852,64.6627,78.8753,96.1664,C5,C5: limit warming to 2.5°C (>50%)
AIM/CGE 2.0,SSP4-45,11.4858,14.7849,22.5255,28.6349,35.28,43.2544,52.8042,64.4406,78.6036,95.8349,C6,C6: limit warming to 3°C (>50%)
AIM/CGE 2.0,SSP4-Baseline,11.2712,13.5167,15.5777,18.477,22.6979,27.8842,34.2334,41.8551,51.0454,62.2325,C7,C7: limit warming to 4°C (>50%)
AIM/CGE 2.0,SSP5-26,11.0647,14.0029,21.2134,27.0104,25.8634,29.6241,37.1695,46.0317,55.9746,66.2328,failed-vetting,failed-vetting
AIM/CGE 2.0,SSP5-34,11.0647,14.0029,21.2926,27.3745,28.9654,35.1275,44.1736,54.9907,67.764,82.7497,failed-vetting,failed-vetting
AIM/CGE 2.0,SSP5-45,11.0647,14.0029,21.3214,27.317,33.0815,39.9705,49.5765,61.5669,75.8615,92.3131,failed-vetting,failed-vetting
AIM/CGE 2.0,SSP5-60,11.0647,14.0029,21.3259,27.1408,32.2991,39.3937,48.165,59.4598,71.3002,83.5631,failed-vetting,failed-vetting
AIM/CGE 2.0,SSP5-Baseline,10.8634,12.8059,14.968,18.2144,22.608,28.2433,34.9631,42.9333,51.6461,62.2548,failed-vetting,failed-vetting
AIM/CGE 2.1,CD-LINKS_INDC2030i_1600,10.5408,12.7463,17.8193,20.7352,21.886,24.2152,27.0292,30.893,35.282,39.7224,C5,C5: limit warming to 2.5°C (>50%)
AIM/CGE 2.1,CD-LINKS_INDCi,10.541,12.7477,17.8277,19.2925,19.5111,21.4772,24.7924,28.5093,31.9765,36.4511,C7,C7: limit warming to 4°C (>50%)
AIM/CGE 2.1,CD-LINKS_NDC2030i_1000,10.5408,12.7463,17.8193,20.8467,24.4563,27.4502,33.1463,36.8958,40.5709,47.0338,C4,C4: limit warming to 2°C (>50%)
AIM/CGE 2.1,CD-LINKS_NPi,10.3627,11.9837,13.6828,15.3603,17.8599,21.5041,25.7893,30.2755,33.9952,39.4515,failed-vetting,failed-vetting
AIM/CGE 2.1,CD-LINKS_NPi2020_1000,10.4169,12.6447,18.2634,17.9781,14.9897,17.0689,19.6494,21.5103,23.912,27.0486,C3,C3: limit warming to 2°C (>67%)
AIM/CGE 2.1,CD-LINKS_NPi2020_1600,10.5408,12.7465,18.44400000000001,18.2025,18.6387,21.8825,24.88,28.2908,32.0259,35.7619,C5,C5: limit warming to 2.5°C (>50%)
AIM/CGE 2.1,CD-LINKS_NPi2020_400,10.4138,12.6413,18.2471,20.0281,23.0196,26.5786,29.8417,35.2854,42.3233,49.1751,C1,C1: limit warming to 1.5°C (>50%) with no or limited overshoot
AIM/CGE 2.1,CD-LINKS_NoPolicy,10.1948,12.5868,14.7222,17.2373,21.0347,25.8189,31.2718,37.3869,44.4217,52.6114,failed-vetting,failed-vetting
AIM/CGE 2.1,CO_2Deg2020,9.4263,10.5835,14.908,18.775,22.6525,26.207520788480583,33.000731664828756,39.12188710302148,44.68422063772231,47.26468477833486,no-climate-assessment,no-climate-assessment
AIM/CGE 2.1,CO_2Deg2030,9.4263,10.5817,13.7391,17.5485,21.7548,26.207520788480583,33.000731664828756,39.12188710302148,44.68422063772231,47.26468477833486,no-climate-assessment,no-climate-assessment
AIM/CGE 2.1,CO_BAU,9.4281,9.8394,11.6535,13.4621,15.8136,26.207520788480583,33.000731664828756,39.12188710302148,44.68422063772231,47.26468477833486,no-climate-assessment,no-climate-assessment
AIM/CGE 2.1,CO_Bridge,9.4263,10.5815,13.9984,17.6906,21.1571,23.3026,25.0089,26.5191,28.2626,30.0237,C3,C3: limit warming to 2°C (>67%)
AIM/CGE 2.1,CO_CurPol,9.4263,10.5975,12.9439,14.9659,17.2738,18.3354,18.895,19.2153,19.7916,20.4295,C7,C7: limit warming to 4°C (>50%)
AIM/CGE 2.1,CO_GPP,9.4263,10.5815,13.9984,17.1793,19.9703,26.207520788480583,33.000731664828756,39.12188710302148,44.68422063772231,47.26468477833486,no-climate-assessment,no-climate-assessment
AIM/CGE 2.1,CO_NDCplus,9.4263,10.5817,13.7391,16.6764,19.2637,26.207520788480583,33.000731664828756,39.12188710302148,44.68422063772231,47.26468477833486,no-climate-assessment,no-climate-assessment
AIM/CGE 2.1,EMF33_Baseline,10.5123,12.5859,14.4726,16.5612,19.3611,22.9247,25.1098,28.5558,32.386,37.6515,failed-vetting,failed-vetting
AIM/CGE 2.1,EMF33_Med2C_cost100,10.6357,13.679,20.6942,20.2835,17.4495,18.0062,21.5245,23.7389,26.272,28.9941,failed-vetting,failed-vetting
AIM/CGE 2.1,EMF33_Med2C_full,10.636,13.6793,20.6957,20.1019,17.2446,17.573,20.4433,22.8609,25.3026,27.7678,failed-vetting,failed-vetting
AIM/CGE 2.1,EMF33_Med2C_nobeccs,10.636,13.6793,20.6956,20.7383,18.1158,19.8022,24.8318,29.4815,33.075,35.471,failed-vetting,failed-vetting
AIM/CGE 2.1,EMF33_Med2C_nofuel,10.636,13.6792,20.6924,21.3212,19.2855,21.6486,27.2389,32.7366,37.7255,41.7,failed-vetting,failed-vetting
AIM/CGE 2.1,EMF33_Med2C_none,10.6391,13.6828,20.6955,21.5341,19.6602,22.2147,27.9652,33.765,39.8974,46.1394,failed-vetting,failed-vetting
AIM/CGE 2.1,EMF33_WB2C_cost100,10.6357,13.679,20.6942,21.8857,17.4119,17.8716,22.5326,26.891,30.1878,32.0726,failed-vetting,failed-vetting
AIM/CGE 2.1,EMF33_WB2C_full,10.636,13.6793,20.6957,21.8017,16.6187,16.6811,20.9252,24.7945,27.0459,28.2177,failed-vetting,failed-vetting
AIM/CGE 2.1,EMF33_tax_hi_full,10.636,13.6768,20.7776,26.2782,31.9909,38.7244,47.9298,59.0569,72.5923,89.0468,failed-vetting,failed-vetting
AIM/CGE 2.1,EMF33_tax_hi_none,10.6391,13.6799,20.7807,26.3123,32.232,39.1869,48.5254,59.8126,73.5439,90.2379,failed-vetting,failed-vetting
AIM/CGE 2.1,EMF33_tax_lo_full,10.636,13.6768,20.7928,25.683,30.3907,37.6542,46.555,55.5933,66.3666,80.3263,failed-vetting,failed-vetting
AIM/CGE 2.1,EMF33_tax_lo_none,10.6391,13.6799,20.7961,25.7424,30.6022,37.9595,46.9306,56.337,67.7639,82.7009,failed-vetting,failed-vetting
AIM/CGE 2.1,TERL_15D_LowCarbonTransportPolicy,10.586,13.6353,20.6163,19.1808,12.9207,11.4533,13.1478,16.3976,20.5076,25.3319,failed-vetting,failed-vetting
AIM/CGE 2.1,TERL_15D_NoTransportPolicy,10.6383,13.6917,20.673,19.3501,13.1021,11.9066,14.3409,17.9699,22.4919,28.0985,failed-vetting,failed-vetting
AIM/CGE 2.1,TERL_2D_LowCarbonTransportPolicy,10.586,13.6353,20.6485,21.4596,20.7113,21.9739,24.1514,28.0099,33.9033,41.5016,failed-vetting,failed-vetting
AIM/CGE 2.1,TERL_2D_NoTransportPolicy,10.6383,13.6917,20.7062,21.2335,19.8589,21.1839,23.9473,29.3942,35.994,44.1311,failed-vetting,failed-vetting
AIM/CGE 2.1,TERL_Baseline_LowCarbonTransportPolicy,10.4619,12.548,14.4405,16.5758,19.5215,23.1335,26.1911,29.8332,34.7771,39.7767,failed-vetting,failed-vetting
AIM/CGE 2.1,TERL_Baseline_NoTransportPolicy,10.5136,12.5967,14.4869,16.605,19.554,23.0234,26.2375,29.7702,34.7207,40.7317,failed-vetting,failed-vetting
AIM/CGE 2.2,EN_INDCi2030_1000f,9.7129,10.4456,13.616,19.7579,21.6515,25.2483,30.5723,36.2928,39.7829,42.9013,C3,C3: limit warming to 2°C (>67%)
AIM/CGE 2.2,EN_INDCi2030_1200,9.7129,10.4456,13.616,19.7463,21.1689,24.6113,29.6913,34.6463,37.9667,41.2716,C4,C4: limit warming to 2°C (>50%)
AIM/CGE 2.2,EN_INDCi2030_1200f,9.7129,10.4456,13.616,19.0528,19.31,22.8291,27.5753,32.975,38.0304,41.2323,C4,C4: limit warming to 2°C (>50%)
AIM/CGE 2.2,EN_INDCi2030_1400,9.7129,10.4456,13.616,18.9464,18.4598,21.6276,26.3922,31.2834,35.8524,39.2437,C4,C4: limit warming to 2°C (>50%)
AIM/CGE 2.2,EN_INDCi2030_1400f,9.7129,10.4456,13.616,18.6838,17.9356,20.9671,25.4948,30.5986,36.3463,40.1364,C4,C4: limit warming to 2°C (>50%)
AIM/CGE 2.2,EN_INDCi2030_1600,9.7129,10.4456,13.616,18.3258,17.6676,20.6079,25.0517,30.1104,35.1542,38.7309,C5,C5: limit warming to 2.5°C (>50%)
AIM/CGE 2.2,EN_INDCi2030_1600f,9.7129,10.4456,13.616,17.9839,17.4688,20.2359,24.6128,29.6563,35.1076,39.0526,C5,C5: limit warming to 2.5°C (>50%)
AIM/CGE 2.2,EN_INDCi2030_1800,9.7129,10.4456,13.616,17.2902,17.2823,19.5787,23.6984,28.7106,34.0298,38.1117,C5,C5: limit warming to 2.5°C (>50%)
AIM/CGE 2.2,EN_INDCi2030_1800f,9.7129,10.4456,13.616,17.2902,17.2823,19.5787,23.6984,28.7106,34.0298,38.1117,C5,C5: limit warming to 2.5°C (>50%)
AIM/CGE 2.2,EN_INDCi2030_800f,9.7129,10.4456,13.616,19.783,23.3205,27.5146,33.2376,37.3195,40.5651,43.2728,C3,C3: limit warming to 2°C (>67%)
AIM/CGE 2.2,EN_INDCi2030_900f,9.7129,10.4456,13.616,19.7825,22.5178,26.7922,32.4645,37.3066,40.4856,43.3265,C3,C3: limit warming to 2°C (>67%)
AIM/CGE 2.2,EN_INDCi2100,9.7129,10.4456,13.616,17.5339,19.6484,23.0073,26.2515,30.4111,34.1067,37.3966,C6,C6: limit warming to 3°C (>50%)
AIM/CGE 2.2,EN_NPi2020_1000,9.7129,10.4456,15.8562,19.0894,20.3577,24.6095,29.6305,34.2755,37.6157,40.9085,C3,C3: limit warming to 2°C (>67%)
AIM/CGE 2.2,EN_NPi2020_1000f,9.7129,10.4456,15.5674,18.254,18.5353,22.2647,27.1491,32.6365,39.0117,42.7834,C3,C3: limit warming to 2°C (>67%)
AIM/CGE 2.2,EN_NPi2020_1200,9.7129,10.4456,15.6502,18.3415,18.6918,22.4981,27.3867,32.5585,36.4424,39.7556,C3,C3: limit warming to 2°C (>67%)
AIM/CGE 2.2,EN_NPi2020_1200f,9.7129,10.4456,15.1753,17.8854,17.9582,21.2749,26.1629,31.4669,37.4203,40.9062,C4,C4: limit warming to 2°C (>50%)
AIM/CGE 2.2,EN_NPi2020_1400,9.7129,10.4456,15.1477,17.796,17.7949,21.0179,25.8828,31.0804,35.724,39.1067,C4,C4: limit warming to 2°C (>50%)
AIM/CGE 2.2,EN_NPi2020_1400f,9.7129,10.4456,15.0272,17.6861,17.5915,20.6221,25.4533,30.6314,36.1481,39.7293,C4,C4: limit warming to 2°C (>50%)
AIM/CGE 2.2,EN_NPi2020_1600,9.7129,10.4456,14.8254,17.5166,17.2593,19.9046,24.4208,29.5371,34.6552,38.4632,C5,C5: limit warming to 2.5°C (>50%)
AIM/CGE 2.2,EN_NPi2020_1600f,9.7129,10.4456,14.8254,17.5166,17.2593,19.9046,24.4208,29.5371,34.7039,38.5742,C5,C5: limit warming to 2.5°C (>50%)
AIM/CGE 2.2,EN_NPi2020_1800,9.7129,10.4456,14.664,17.3455,17.0334,19.3322,23.6653,28.7054,33.8177,37.6367,C5,C5: limit warming to 2.5°C (>50%)
AIM/CGE 2.2,EN_NPi2020_1800f,9.7129,10.4456,14.664,17.3455,17.0334,19.3322,23.6653,28.7054,33.8177,37.6367,C5,C5: limit warming to 2.5°C (>50%)
AIM/CGE 2.2,EN_NPi2020_300f,9.7129,10.4456,15.9927,20.0506,23.7299,28.6907,34.68,39.9566,43.2262,46.0654,C1,C1: limit warming to 1.5°C (>50%) with no or limited overshoot
AIM/CGE 2.2,EN_NPi2020_400f,9.7129,10.4456,15.9902,19.9118,23.6101,28.5402,34.5664,39.9764,43.1566,46.0297,C2,C2: return warming to 1.5°C (>50%) after a high overshoot
AIM/CGE 2.2,EN_NPi2020_500f,9.7129,10.4456,15.9674,19.819,23.1871,27.9743,33.8922,39.8726,42.9159,45.7814,C2,C2: return warming to 1.5°C (>50%) after a high overshoot
AIM/CGE 2.2,EN_NPi2020_600,9.7129,10.4456,15.9927,20.2161,23.8702,28.4138,33.0729,36.4626,39.4186,41.941,C1,C1: limit warming to 1.5°C (>50%) with no or limited overshoot
AIM/CGE 2.2,EN_NPi2020_600f,9.7129,10.4456,15.941,19.5457,22.0729,26.8046,32.3197,38.5362,42.1899,45.2586,C2,C2: return warming to 1.5°C (>50%) after a high overshoot
AIM/CGE 2.2,EN_NPi2020_700,9.7129,10.4456,15.9927,20.0073,23.685,28.4428,33.154,36.557,39.5252,42.0414,C3,C3: limit warming to 2°C (>67%)
AIM/CGE 2.2,EN_NPi2020_700f,9.7129,10.4456,15.8742,19.1813,20.6886,25.0675,30.3286,36.307,41.3786,44.2566,C3,C3: limit warming to 2°C (>67%)
AIM/CGE 2.2,EN_NPi2020_800,9.7129,10.4456,15.9772,19.8448,23.4923,28.218,33.1261,36.4839,39.4639,41.9889,C3,C3: limit warming to 2°C (>67%)
AIM/CGE 2.2,EN_NPi2020_800f,9.7129,10.4456,15.7964,18.7656,19.505,23.5,28.5359,34.3465,40.47,43.3606,C3,C3: limit warming to 2°C (>67%)
AIM/CGE 2.2,EN_NPi2020_900,9.7129,10.4456,15.941,19.5457,22.0729,26.8046,31.9581,35.5128,38.8323,41.6625,C3,C3: limit warming to 2°C (>67%)
AIM/CGE 2.2,EN_NPi2020_900f,9.7129,10.4456,15.7201,18.47,18.9774,22.8937,27.8013,33.4585,39.8387,43.0836,C3,C3: limit warming to 2°C (>67%)
AIM/CGE 2.2,EN_NPi2100,9.7129,10.4456,12.9724,15.7083,19.1022,21.8353,24.2539,26.9185,29.5309,32.2038,C7,C7: limit warming to 4°C (>50%)
AIM/Hub-Global 2.0,1.5C,9.3906,9.7776,13.3737,17.1034,20.0607,24.155,28.70440000000001,33.3321,35.58,36.1151,C1,C1: limit warming to 1.5°C (>50%) with no or limited overshoot
AIM/Hub-Global 2.0,2.5C,9.3906,9.8966,10.2139,10.4895,11.186,13.2662,15.3907,17.7667,19.9085,21.8612,C6,C6: limit warming to 3°C (>50%)
AIM/Hub-Global 2.0,2C,9.3906,9.8966,11.3468,12.5833,14.1219,16.5703,18.5817,20.725,22.7178,24.3817,C5,C5: limit warming to 2.5°C (>50%)
AIM/Hub-Global 2.0,450ppmCancunP,10.8619,13.9631,19.9012,24.5547,26.3257,31.0324,38.2258,46.6321,56.564,67.3999,failed-vetting,failed-vetting
AIM/Hub-Global 2.0,450ppmRCP,10.8622,13.8499,19.7651,24.2358,25.649,30.8165,37.92659999999999,46.2053,55.5191,63.6355,failed-vetting,failed-vetting
AIM/Hub-Global 2.0,450ppmeINDC,10.8621,13.9694,19.9829,24.7914,29.8842,36.6375,45.40469999999999,56.0575,70.1904,85.6888,failed-vetting,failed-vetting
AIM/Hub-Global 2.0,Baseline,9.3906,9.884,11.6403,13.3657,15.6202,16.866,17.9893,19.9147,22.4496,24.8172,C7,C7: limit warming to 4°C (>50%)
AIM/Hub-Global 2.0,INDCSamePrice,10.8619,13.9694,19.9829,23.17870000000001,25.1518,28.9734,33.87650000000001,39.28720000000001,45.4157,52.38270000000001,failed-vetting,failed-vetting
AIM/Hub-Global 2.0,WB2C,9.3906,9.7775,13.0316,15.6142,17.1667,20.3432,23.9171,28.3664,33.5305,35.1889,C3,C3: limit warming to 2°C (>67%)
BET EMF33,EMF33_1.5C_cost100,9.752410800000002,7.267475812411258,16.8518482261559,31.59000481484361,41.1921886542214,49.2008136295636,53.12249608574839,46.3443332865231,43.5419925077436,48.68072250092529,failed-vetting,failed-vetting
BET EMF33,EMF33_1.5C_full,9.752410800000002,7.267492670275629,16.884414549471,32.0501480646553,41.26362030049879,49.66470735425261,53.7152800441523,45.9756918060107,43.2209220140149,48.64895451276671,failed-vetting,failed-vetting
BET EMF33,EMF33_1.5C_nofuel,9.752410800000002,7.267487826310719,16.7940472067122,31.92049200742789,41.8671138012485,50.2525584485119,53.661437655294,45.7763533090896,42.84778207742049,48.3039645633131,failed-vetting,failed-vetting
BET EMF33,EMF33_Baseline,9.752410800000002,7.163311118775519,4.86054937782638,6.69746056907848,7.74732138774632,7.783986920854289,19.3619855347065,25.358579687183,27.7819419336315,29.0262945981896,failed-vetting,failed-vetting
BET EMF33,EMF33_Med2C_cost100,9.752410800000002,10.4658331794862,15.4949334503148,26.00336235994211,29.98969993156869,40.1988305000414,52.59237401611939,55.5599070765598,57.8920966181172,54.8355264844364,failed-vetting,failed-vetting
BET EMF33,EMF33_Med2C_full,9.752410800000002,10.4658686552589,15.4972318988167,25.5673089203678,29.6960009022723,40.1736807723315,51.8942866158173,55.6187440112251,57.209407201243,54.6851780236966,failed-vetting,failed-vetting
BET EMF33,EMF33_Med2C_limbio,9.752410800000002,10.3998414305997,15.370648948597,26.1177522253588,31.8038847286844,42.69938413812879,53.7526201011826,55.4569176361646,53.3563045172147,51.36915858335741,failed-vetting,failed-vetting
BET EMF33,EMF33_Med2C_nofuel,9.752410800000002,10.4658746119316,15.4969253910689,25.56284498451361,29.7227739703734,40.65017444424,52.0942175637127,55.4820566996907,56.6929647268096,54.5481121091831,failed-vetting,failed-vetting
BET EMF33,EMF33_WB2C_cost100,9.752410800000002,9.25631358996977,16.464279937812,26.62132991044849,36.0806843886924,47.2652595346196,51.71794273506679,56.046547455687,51.7129984774638,53.6479575405386,failed-vetting,failed-vetting
BET EMF33,EMF33_WB2C_full,9.752410800000002,9.71055862490983,16.4899207495235,26.9639334872123,36.5087326601096,47.746393066081,52.432462287936,55.4951669809017,51.74055311429949,52.9583129904549,failed-vetting,failed-vetting
BET EMF33,EMF33_WB2C_limbio,9.752410800000002,7.49015580798434,16.7882363568378,28.4468170918353,38.9373853436049,46.8140655177699,48.6511342855711,46.8750968196678,47.3630364540177,49.5159640304405,failed-vetting,failed-vetting
BET EMF33,EMF33_WB2C_nofuel,9.752410800000002,9.72073725056637,16.4762210450476,26.42492330552481,36.4079488738984,47.6682983628783,52.5248327966242,55.22301211803561,52.140957128453,53.15859124895449,failed-vetting,failed-vetting
BET EMF33,EMF33_tax_hi_full,9.752410800000002,7.15882039907323,14.5883998687406,25.6828981666144,30.2923950785637,35.6061228149148,49.43225997710999,55.63212514500529,54.6943212433579,56.8835428013967,failed-vetting,failed-vetting
BET EMF33,EMF33_tax_hi_none,9.752410800000002,7.15905350929865,14.7179514182035,27.2204728329211,30.43940961483069,35.9039638402263,46.5087792470092,49.5367633483466,48.6141017718262,48.53153152076511,failed-vetting,failed-vetting
BET EMF33,EMF33_tax_lo_full,9.752410800000002,7.156671075654,12.2833170516186,24.6242210511107,27.8144027442651,31.5084590273917,36.1776453355729,37.264456917693,39.4437597192957,46.2524529309451,failed-vetting,failed-vetting
BET EMF33,EMF33_tax_lo_none,9.752410800000002,7.156976300710219,12.1153111457997,24.17208885730211,28.03818627610161,31.41409724001961,36.2160101287856,38.342363063604,39.2373242259272,44.607745614858,failed-vetting,failed-vetting
C3IAM 1.0,SSP1_5.0,4.00138779743942,6.75913471696421,6.28346915859644,5.56222480030348,5.11373783557177,5.05106700165198,5.02181299449989,5.02358411414336,5.04181678552742,5.0669158802502,failed-vetting,failed-vetting
C3IAM 1.0,SSP1_BAU,4.00138779743941,6.30473323427513,5.89857127299531,5.23243626570125,4.74616498488875,4.62797457938382,4.61792027711824,4.65725104241868,4.75019933785522,4.86454634582042,failed-vetting,failed-vetting
C3IAM 1.0,SSP1_NDC,4.03133795728521,6.35546951344555,5.88890858908533,5.221731095514,4.73989641039034,4.62406479563727,4.61566726185872,4.65579667834492,4.74911041775218,4.86385017381757,failed-vetting,failed-vetting
C3IAM 1.0,SSP2_5.0,4.00138779743942,6.96340330414981,7.5156512512635,7.6718881791721,7.51226095676574,7.46360632056885,7.14373501684425,6.89927968805374,6.70212267200402,6.53215731736564,failed-vetting,failed-vetting
C3IAM 1.0,SSP2_BAU,4.00138779743941,6.48558601607805,6.84463461291245,6.79006208625477,6.41427076053085,6.13563738111561,5.6892686711015,5.31224954502401,4.99349644227308,4.71222539937314,failed-vetting,failed-vetting
C3IAM 1.0,SSP2_NDC,4.06557093575938,6.64182892561139,6.95339341448684,6.87853295020087,6.48771729100836,6.19832200075361,5.74326884613616,5.36033999482893,5.03580596405309,4.74949756244598,failed-vetting,failed-vetting
C3IAM 1.0,SSP3_5.5,4.00138779743942,4.38799498905424,4.5949542308512,4.72778202597575,4.78945432126496,4.7984386423183,4.80892299860831,4.83020694101685,4.86275798013252,4.89660820073037,failed-vetting,failed-vetting
C3IAM 1.0,SSP3_BAU,4.00138779743941,4.28454384642672,4.47725838781622,4.58226907691286,4.59954824756092,4.52531260046668,4.42003834537371,4.29483497831961,4.1554924904477,4.00153748851331,failed-vetting,failed-vetting
C3IAM 1.0,SSP3_NDC,4.08742803422355,4.36881578851744,4.55829028724422,4.65356987186403,4.6660735595755,4.59379692700493,4.48982390740871,4.36810018330309,4.23311545090298,4.08447163886255,failed-vetting,failed-vetting
C3IAM 2.0,2C-hybrid,9.688192134237928,9.489514124576496,15.79138772400973,21.23080506733571,25.6286875332849,27.70162931882741,25.58893325824064,25.734907114922,24.94743448620355,23.8067743322502,no-climate-assessment,no-climate-assessment
C3IAM 2.0,2C-normal,9.688192134237928,9.672750193737844,16.88757206774295,23.44900597751375,28.81648728499546,32.94851774205696,35.42677069989811,38.72581596891082,41.79154512330739,44.6764742750759,no-climate-assessment,no-climate-assessment
C3IAM 2.0,2C-with BECCS,9.688192134237928,9.4841603134156,16.84767956179886,23.12014795344753,28.61608551408752,32.75926223691523,35.26570767510887,38.59321922807587,40.13565406173074,40.681956903254,no-climate-assessment,no-climate-assessment
C3IAM 2.0,2C-with CCS,9.688192134237928,9.489517297011188,15.7914704440273,21.23138564137003,25.63183876447886,27.76042577324056,25.58071562491245,25.62649034514634,26.59749556357543,27.61695101734041,no-climate-assessment,no-climate-assessment
C3IAM 2.0,SSP2 BAU,9.688192134237928,9.110164812984314,12.23060185180282,15.97494081027291,19.8311256213564,23.25161626161226,25.82052261715195,28.44984080046461,31.07941450495878,33.80456537209538,no-climate-assessment,no-climate-assessment
COFFEE 1.1,CO_2Deg2020,9.953541064810512,12.10317760200067,12.54218839693517,13.44687736252939,15.10294972563058,27.54655660592884,34.6033436284224,43.32016118583561,47.15291737383667,57.75577397441424,C4,C4: limit warming to 2°C (>50%)
COFFEE 1.1,CO_2Deg2030,9.953541064810512,12.10317760200067,12.90091117975329,13.86910830702298,15.58959512282842,27.75122466326972,34.83707989480329,41.77737698119473,43.88782172171097,56.58881761081064,C4,C4: limit warming to 2°C (>50%)
COFFEE 1.1,CO_BAU,9.953541064810512,12.10317760200067,15.01397008270373,17.34194174779051,19.8194253749686,23.58635675002013,24.62422185695145,30.44482704255153,35.35487185008974,39.15854030593311,C7,C7: limit warming to 4°C (>50%)
COFFEE 1.1,CO_Bridge,9.953541064810512,12.10317760200067,14.85010601104219,15.07415341875264,20.16935756691365,26.30784829137696,32.36455337482037,39.46849838481398,42.76420125799925,51.2682138821144,C3,C3: limit warming to 2°C (>67%)
COFFEE 1.1,CO_CurPol,9.953541064810512,12.10317760200067,12.54218839693517,12.54218839693517,12.43779793761917,10.01869598061878,2.006846885485152,0.0,0.0,0.0,C6,C6: limit warming to 3°C (>50%)
COFFEE 1.1,CO_GPP,9.953541064810512,12.10317760200067,14.85010601104219,15.04711130190624,17.73365669380339,19.48513881161217,20.52055409149829,23.14189466864741,25.554002400485,30.3301132435502,C5,C5: limit warming to 2.5°C (>50%)
COFFEE 1.1,CO_NDCplus,9.953541064810512,12.10317760200067,12.90091117975329,12.68410147073597,12.57971101141997,11.84788404415757,7.494004683937007,6.976609298517888,6.884366556228767,7.713205478775359,C6,C6: limit warming to 3°C (>50%)
COFFEE 1.1,EN_INDCi2030_1000,9.953541064810512,12.10317760200067,12.90091117975329,14.00239530500026,15.97385257006234,27.58181198658768,32.25644719336843,33.29782690071269,33.14064599086781,39.28953119893949,C4,C4: limit warming to 2°C (>50%)
COFFEE 1.1,EN_INDCi2030_1000_COV_NDCp,10.31339630396952,11.85819080565153,12.54218839693517,12.86372644313933,14.17752757694462,27.27217846808251,33.31864774846022,32.91326976147811,32.69338902231811,36.83097181321675,failed-vetting,failed-vetting
COFFEE 1.1,EN_INDCi2030_1000_NDCp,10.31338759530312,12.1260411901116,12.90091117975329,14.55414936604733,17.84967100401658,29.98508197637563,33.03099043145006,33.16061977310909,32.67127742775581,37.87123455851918,C4,C4: limit warming to 2°C (>50%)
COFFEE 1.1,EN_INDCi2030_1000f,9.953541064810512,12.10317760200067,12.90091117975329,12.67123951660493,13.09795770155953,20.51960592556691,30.95831670763154,40.42295958235971,44.63571036767851,51.75518951932314,C5,C5: limit warming to 2.5°C (>50%)
COFFEE 1.1,EN_INDCi2030_1000f_COV_NDCp,10.31339630396952,11.85819080565153,12.54218839693517,12.54218839693517,12.87141791898139,18.6374351774867,23.81601511380657,35.52585773627203,41.11056445294396,49.24931160181003,failed-vetting,failed-vetting
COFFEE 1.1,EN_INDCi2030_1000f_NDCp,10.31338759530312,12.1260411901116,12.90091117975329,12.90091117975329,13.5179066763815,21.55400555578977,30.71978959347159,40.33564412856652,44.38776923209252,53.16665694644678,failed-vetting,failed-vetting
COFFEE 1.1,EN_INDCi2030_1200,9.953541064810512,12.10317760200067,12.90091117975329,13.7946850921202,16.12124998495496,23.20331705439396,28.91683200035581,32.8309188478027,32.55841768017586,36.95840698029665,C4,C4: limit warming to 2°C (>50%)
COFFEE 1.1,EN_INDCi2030_1200f,9.953541064810512,12.10317760200067,12.90091117975329,12.54218839693517,12.7295059407097,19.12501026782208,23.99149329514718,36.21777946083689,44.44210304512675,52.36447796110295,C5,C5: limit warming to 2.5°C (>50%)
COFFEE 1.1,EN_INDCi2030_1400,9.953541064810512,12.10317760200067,12.90091117975329,12.61314536666716,12.5161720602647,17.09070678897782,26.49367830111076,33.33500439754405,33.31371765430885,37.4768865630671,C5,C5: limit warming to 2.5°C (>50%)
COFFEE 1.1,EN_INDCi2030_1400f,9.953541064810512,12.10317760200067,12.90091117975329,12.54218839693517,12.43779793761917,16.58490684761549,17.11618442646638,33.41961469228751,41.48637356131344,49.43724096751041,C5,C5: limit warming to 2.5°C (>50%)
COFFEE 1.1,EN_INDCi2030_1600,9.953541064810512,12.10317760200067,12.90091117975329,12.54218839693517,12.43779793761917,16.28038048342665,16.16156045881315,31.76456987547288,31.74328313223767,36.64454582325671,C5,C5: limit warming to 2.5°C (>50%)
COFFEE 1.1,EN_INDCi2030_1600f,9.953541064810512,12.10317760200067,12.90091117975329,12.54218839693517,12.43779793761917,14.44185271740254,13.29726904862342,30.0750654195802,39.62119324523688,47.03431876183929,C5,C5: limit warming to 2.5°C (>50%)
COFFEE 1.1,EN_INDCi2030_1800,9.953541064810512,12.10317760200067,12.90091117975329,12.54218839693517,12.43779793761917,14.36121718465262,13.80963065147842,28.62127298740017,31.91426450508225,35.13439482250219,C5,C5: limit warming to 2.5°C (>50%)
COFFEE 1.1,EN_INDCi2030_1800f,9.953541064810512,12.10317760200067,12.90091117975329,12.54218839693517,12.43779793761917,14.71750793013542,13.09574388894178,22.74099035194584,36.14007991010313,43.1126732261111,C5,C5: limit warming to 2.5°C (>50%)
COFFEE 1.1,EN_INDCi2030_2000,9.953541064810512,12.10317760200067,12.90091117975329,12.54218839693517,12.43779793761917,12.83733155560968,10.57269367650384,16.41496079417688,32.27409854703504,36.33162171643569,C5,C5: limit warming to 2.5°C (>50%)
COFFEE 1.1,EN_INDCi2030_2000f,9.953541064810512,12.10317760200067,12.90091117975329,12.54218839693517,12.43779793761917,12.18106632228192,9.739169387270636,14.77996445615155,32.43539019620822,40.63703039338003,C5,C5: limit warming to 2.5°C (>50%)
COFFEE 1.1,EN_INDCi2030_2500,9.953541064810512,12.10317760200067,12.90091117975329,12.54218839693517,12.43779793761917,10.93318728266981,6.579307910780926,10.57413813467069,12.08786881759589,15.8914686280189,C6,C6: limit warming to 3°C (>50%)
COFFEE 1.1,EN_INDCi2030_2500f,9.953541064810512,12.10317760200067,12.90091117975329,12.54218839693517,12.43779793761917,10.93318728266981,6.579307910780926,10.57413813467069,12.08786881759589,15.8914686280189,C6,C6: limit warming to 3°C (>50%)
COFFEE 1.1,EN_INDCi2030_400f,9.953541064810512,12.10317760200067,12.90091117975329,14.79571371850104,20.67693405581779,31.40515931737666,37.1795300176559,41.79513462985066,43.81854052985942,55.61267985030916,C2,C2: return warming to 1.5°C (>50%) after a high overshoot
COFFEE 1.1,EN_INDCi2030_500,9.953541064810512,12.10317760200067,12.90091117975329,26.55590921486164,26.84729621029607,29.34998568405965,29.69149696611236,32.02483652100072,35.84215598667162,35.87569912172419,C3,C3: limit warming to 2°C (>67%)
COFFEE 1.1,EN_INDCi2030_500f,9.953541064810512,12.10317760200067,12.90091117975329,14.43541501035279,18.00020691213902,28.73456150651563,35.2662529630236,40.98038670230898,43.61611537993139,56.20190604620526,C2,C2: return warming to 1.5°C (>50%) after a high overshoot
COFFEE 1.1,EN_INDCi2030_600,9.953541064810512,12.10317760200067,12.90091117975329,22.79710347778756,26.77023477372149,27.79656829472545,30.78188565063772,33.23332541469546,35.86283562351175,37.17996690134019,C3,C3: limit warming to 2°C (>67%)
COFFEE 1.1,EN_INDCi2030_600_COV_NDCp,10.31339630396952,11.85819080565153,12.54218839693517,20.12664697721021,25.43520986479353,26.89562152412294,30.24770762735006,32.66582999501678,34.2578936954929,36.92177307026928,failed-vetting,failed-vetting
COFFEE 1.1,EN_INDCi2030_600_NDCp,10.31338759530312,12.1260411901116,12.90091117975329,22.16876164346706,25.78409912135706,27.20965274038253,31.4250319250974,34.01441412479899,36.34570653907435,38.20346428381646,C3,C3: limit warming to 2°C (>67%)
COFFEE 1.1,EN_INDCi2030_600f,9.953541064810512,12.10317760200067,12.90091117975329,13.94451699377735,15.88033234918645,27.82803289476323,34.85081028594313,41.63626158245636,43.84170745765182,56.54637804012884,C4,C4: limit warming to 2°C (>50%)
COFFEE 1.1,EN_INDCi2030_600f_COV_NDCp,10.31339630396952,11.85819080565153,12.54218839693517,12.6170863929301,14.00831046761299,26.59852763628465,33.3440916260616,41.56296672550838,45.31042390655332,56.1358875698519,failed-vetting,failed-vetting
COFFEE 1.1,EN_INDCi2030_600f_NDCp,10.31338759530312,12.1260411901116,12.90091117975329,13.76618014304539,15.86524734336255,27.86025500758008,34.94476268331695,43.29412321846507,48.91034844694281,60.54843906065448,failed-vetting,failed-vetting
COFFEE 1.1,EN_INDCi2030_700,9.953541064810512,12.10317760200067,12.90091117975329,19.6251564545306,26.68876415097749,30.49000241446767,32.21179093278101,34.56958546949792,36.15046305123721,38.72935885117244,C3,C3: limit warming to 2°C (>67%)
COFFEE 1.1,EN_INDCi2030_700f,9.953541064810512,12.10317760200067,12.90091117975329,13.35775607942552,15.00490025393136,27.11848266967597,33.90470978520001,42.64818291704218,44.48617021760349,55.75629745139849,C4,C4: limit warming to 2°C (>50%)
COFFEE 1.1,EN_INDCi2030_800,9.953541064810512,12.10317760200067,12.90091117975329,17.58927134724091,24.52571981406832,31.73605435767121,32.50188674708058,33.77064834519508,34.33503371201057,37.94546340130078,C3,C3: limit warming to 2°C (>67%)
COFFEE 1.1,EN_INDCi2030_800f,9.953541064810512,12.10317760200067,12.90091117975329,12.96260378841978,14.40902143737608,25.79576374817769,32.79141518502178,42.73760126109507,45.26960434886079,55.434934571386,C4,C4: limit warming to 2°C (>50%)
COFFEE 1.1,EN_INDCi2030_900,9.953541064810512,12.10317760200067,12.90091117975329,15.70438175230437,21.63071252398954,31.97316651871187,32.4136170220993,32.27203953677936,31.75787370710416,36.38561833349192,C3,C3: limit warming to 2°C (>67%)
COFFEE 1.1,EN_INDCi2030_900f,9.953541064810512,12.10317760200067,12.90091117975329,12.71780557437837,13.42030695866861,22.82259988035192,32.16237760761153,42.07311646301319,45.37722758754986,53.78209412462953,C4,C4: limit warming to 2°C (>50%)
COFFEE 1.1,EN_INDCi2100,9.953541064810512,12.10317760200067,12.90091117975329,12.90091117975329,12.7965207204373,10.97660159619494,3.524669540538912,2.44025064811584,2.2234406176836,4.52556866199168,C6,C6: limit warming to 3°C (>50%)
COFFEE 1.1,EN_INDCi2100_COV_NDCp,9.95057668453176,11.85038560118577,12.54218839693517,12.54218839693517,12.43779793761917,11.23117319187533,6.877293819986447,6.359898434567327,6.338611691332127,7.179886201731263,C6,C6: limit warming to 3°C (>50%)
COFFEE 1.1,EN_INDCi2100_NDCp,10.31338759530312,12.1260411901116,12.90091117975329,12.90091117975329,12.7965207204373,11.89109414234117,7.537214653769087,7.481033303039567,7.313892503827967,8.180308093784111,failed-vetting,failed-vetting
COFFEE 1.1,EN_NPi2020_1000,9.953541064810512,12.10317760200067,12.54218839693517,13.16699542487606,15.57791093145341,27.7641561996926,33.4400984633363,34.11239322105389,33.79933048153536,40.49306643829205,C4,C4: limit warming to 2°C (>50%)
COFFEE 1.1,EN_NPi2020_1000_COV,9.95057668453176,11.85038560118577,12.54218839693517,12.54218839693517,13.62401693070682,26.12343395535753,31.83595986989981,31.32055958303045,31.29927283979525,34.31338658396409,failed-vetting,failed-vetting
COFFEE 1.1,EN_NPi2020_1000f,9.953541064810512,12.10317760200067,12.54218839693517,12.54218839693517,13.45877580494721,21.84866317242705,31.85248974459177,41.16719666535075,45.17777017066147,54.64564861422598,C5,C5: limit warming to 2.5°C (>50%)
COFFEE 1.1,EN_NPi2020_1000f_COV,9.95057668453176,11.85038560118577,12.54218839693517,12.54218839693517,12.58759392960902,19.83512781020548,26.85389600764282,36.20768835392698,41.12989305514084,49.00917558625689,failed-vetting,failed-vetting
COFFEE 1.1,EN_NPi2020_1200,9.953541064810512,12.10317760200067,12.54218839693517,12.54218839693517,14.06436245517917,25.77452663910441,32.71084262347335,33.97510264522076,33.94734013768205,39.44414627593243,C4,C4: limit warming to 2°C (>50%)
COFFEE 1.1,EN_NPi2020_1200f,9.953541064810512,12.10317760200067,12.54218839693517,12.54218839693517,12.87141791898139,20.33091514879948,26.71073942877518,36.29857349651875,42.50927147974214,50.82284224586304,C5,C5: limit warming to 2.5°C (>50%)
COFFEE 1.1,EN_NPi2020_1400,9.953541064810512,12.10317760200067,12.54218839693517,12.54218839693517,13.07681107461403,19.58518947856781,29.49139186345987,34.03170396373204,34.01041722049684,38.78331198286204,C5,C5: limit warming to 2.5°C (>50%)
COFFEE 1.1,EN_NPi2020_1400f,9.953541064810512,12.10317760200067,12.54218839693517,12.54218839693517,12.43779793761917,19.14492527809156,21.31141693417603,34.33383469501862,42.43871104868837,50.13891295354526,C5,C5: limit warming to 2.5°C (>50%)
COFFEE 1.1,EN_NPi2020_1600,9.953541064810512,12.10317760200067,12.54218839693517,12.54218839693517,12.43779793761917,18.64591367302958,19.56775622302065,33.5697349061772,33.5697349061772,38.55140845739064,C5,C5: limit warming to 2.5°C (>50%)
COFFEE 1.1,EN_NPi2020_1600f,9.953541064810512,12.10317760200067,12.54218839693517,12.54218839693517,12.43779793761917,17.81078997617409,17.45506388863699,32.96890657170705,41.67494989237425,49.24163047056436,C5,C5: limit warming to 2.5°C (>50%)
COFFEE 1.1,EN_NPi2020_1800,9.953541064810512,12.10317760200067,12.54218839693517,12.54218839693517,12.43779793761917,17.87903610226373,15.314104630476,29.48837188076655,32.54937700381171,37.02371480324107,C5,C5: limit warming to 2.5°C (>50%)
COFFEE 1.1,EN_NPi2020_1800f,9.953541064810512,12.10317760200067,12.54218839693517,12.54218839693517,12.43779793761917,16.31024888109652,14.13866372329238,25.07045112024162,37.18028519902109,45.52586162098229,C5,C5: limit warming to 2.5°C (>50%)
COFFEE 1.1,EN_NPi2020_2000,9.953541064810512,12.10317760200067,12.54218839693517,12.54218839693517,12.43779793761917,15.50968778258798,14.73094661438218,18.99478411326029,32.54787475160443,36.84780229265583,C5,C5: limit warming to 2.5°C (>50%)
COFFEE 1.1,EN_NPi2020_2000f,9.953541064810512,12.10317760200067,12.54218839693517,12.54218839693517,12.43779793761917,14.44003598063462,14.02358419754626,19.0552690442867,35.15035107318523,43.57135083640407,C5,C5: limit warming to 2.5°C (>50%)
COFFEE 1.1,EN_NPi2020_2500,9.953541064810512,12.10317760200067,12.54218839693517,12.54218839693517,12.43779793761917,10.93318728266981,6.771651833885903,10.78962576759173,15.01683222399581,26.1510981064642,C6,C6: limit warming to 3°C (>50%)
COFFEE 1.1,EN_NPi2020_2500f,9.953541064810512,12.10317760200067,12.54218839693517,12.54218839693517,12.43779793761917,10.93318728266981,6.771651833885903,10.78962576759173,15.01683222399581,26.1510981064642,C6,C6: limit warming to 3°C (>50%)
COFFEE 1.1,EN_NPi2020_400,9.953541064810512,12.10317760200067,16.52868755166701,22.96421513051342,24.61097200519541,26.24471245257912,30.64583698573449,33.15428501777222,34.09227911111818,34.94277946690129,C1,C1: limit warming to 1.5°C (>50%) with no or limited overshoot
COFFEE 1.1,EN_NPi2020_400_lowBECCS,9.953541064810512,12.10317760200067,16.86378896114458,22.96189823543452,25.19495714998857,26.73527216605704,31.6106898065182,36.10484120309515,40.73493737421389,45.85572166570776,C3,C3: limit warming to 2°C (>67%)
COFFEE 1.1,EN_NPi2020_400f,9.953541064810512,12.10317760200067,12.75702740324237,14.93797235338296,20.70606445129541,30.82012550206502,36.27903978979128,43.50465011335665,47.42529221197568,57.5589460411627,C2,C2: return warming to 1.5°C (>50%) after a high overshoot
COFFEE 1.1,EN_NPi2020_400f_lowBECCS,9.953541064810512,12.10317760200067,13.99328175303662,16.52875627617965,22.23787877684726,33.46191017674502,38.88055610901648,44.67337765190294,50.71062061410898,65.78155009146671,C3,C3: limit warming to 2°C (>67%)
COFFEE 1.1,EN_NPi2020_500,9.953541064810512,12.10317760200067,15.95631203213371,20.54802705838013,26.98215321393676,28.22050258274074,32.37252440891385,34.82855110366084,35.84756514416745,38.43393165767188,C3,C3: limit warming to 2°C (>67%)
COFFEE 1.1,EN_NPi2020_500f,9.953541064810512,12.10317760200067,12.61314439627291,13.55331145508755,16.66405000031371,28.03122828617414,34.83302272031707,43.10342386061068,47.2052619970007,58.04871717245717,C2,C2: return warming to 1.5°C (>50%) after a high overshoot
COFFEE 1.1,EN_NPi2020_600,9.953541064810512,12.10317760200067,15.88681653367291,19.21190944219733,25.35748607766614,30.20018688524708,32.68822292378035,33.60635497223107,33.19901584879521,38.83327825497797,C3,C3: limit warming to 2°C (>67%)
COFFEE 1.1,EN_NPi2020_600_COV,9.95057668453176,11.85038560118577,15.47970169284993,18.59360408065353,23.08919563767124,29.56530177356587,30.88840283841931,30.63593908472774,30.4492186529434,33.89705542115611,failed-vetting,failed-vetting
COFFEE 1.1,EN_NPi2020_600f,9.953541064810512,12.10317760200067,12.54218839693517,13.44687736252939,15.10294972563058,27.54655660592884,34.6033436284224,43.32016118583561,47.15291737383667,57.75577397441424,C4,C4: limit warming to 2°C (>50%)
COFFEE 1.1,EN_NPi2020_600f_COV,9.95057668453176,11.85038560118577,12.54218839693517,12.54218839693517,14.34941887512124,25.95459042485625,32.62397064974957,40.65966582896938,44.495174328876,56.60791736782925,failed-vetting,failed-vetting
COFFEE 1.1,EN_NPi2020_700,9.953541064810512,12.10317760200067,15.48312143026277,18.51450619545504,22.78285198127092,31.84619233421764,31.18545109341331,31.94179249701758,31.57003194207494,37.66672009285127,C3,C3: limit warming to 2°C (>67%)
COFFEE 1.1,EN_NPi2020_700f,9.953541064810512,12.10317760200067,12.54218839693517,13.00257259445606,15.15171801722933,26.85681185442753,33.75640196088479,41.65598242206389,45.12138445551975,55.40198876635565,C4,C4: limit warming to 2°C (>50%)
COFFEE 1.1,EN_NPi2020_800,9.953541064810512,12.10317760200067,13.82531033443738,16.5455967314016,22.07036214483278,32.57916896581776,32.7821963309388,32.78293773898751,33.17523755963501,39.43691064946987,C3,C3: limit warming to 2°C (>67%)
COFFEE 1.1,EN_NPi2020_800f,9.953541064810512,12.10317760200067,12.54218839693517,12.64156437652574,14.63678983074485,26.00840387266675,32.74742159562787,41.74801741278518,44.96041147188701,54.94471995155471,C4,C4: limit warming to 2°C (>50%)
COFFEE 1.1,EN_NPi2020_900,9.953541064810512,12.10317760200067,12.61314439627291,14.83323162122362,20.25042418486296,31.68740762388028,32.87572175575136,33.96342614014656,33.847330870998,39.78480170494093,C3,C3: limit warming to 2°C (>67%)
COFFEE 1.1,EN_NPi2020_900f,9.953541064810512,12.10317760200067,12.54218839693517,12.54218839693517,13.82823997588843,25.65695340377985,32.72963104650383,42.26474316974976,46.01016864068343,56.02067181246471,C4,C4: limit warming to 2°C (>50%)
COFFEE 1.1,EN_NPi2100,9.953541064810512,12.10317760200067,12.54218839693517,12.54218839693517,12.43779793761917,10.01869598061878,2.006846885485152,0.0,0.0,0.0,C6,C6: limit warming to 3°C (>50%)
COFFEE 1.1,EN_NPi2100_COV,9.95057668453176,11.85038560118577,12.54218839693517,12.54218839693517,12.43779793761917,10.93318728266981,6.579307910780926,6.061912525361807,6.040625782126607,5.130391737425904,failed-vetting,failed-vetting
COPPE-COFFEE 1.0,CD-LINKS_INDC2030i_1600,6.088190257849821,12.0865112876246,21.3465478256549,26.6081096737876,40.0034028613455,76.1892591615853,135.836605965986,181.439933447269,221.898661034188,253.843684215944,failed-vetting,failed-vetting
COPPE-COFFEE 1.0,CD-LINKS_INDCi,6.05999457446414,11.8980521246614,19.9691456809054,20.0994020014487,20.0404801245421,19.31937571304971,14.1944897959108,17.7998144453608,21.3696174521405,28.8431011880267,failed-vetting,failed-vetting
COPPE-COFFEE 1.0,CD-LINKS_NDC2030i_1000,6.644978615844719,12.5392241809274,24.8814212733707,40.9645488418554,71.80093390397259,136.242462026492,176.275940392479,215.425194387132,242.161565559894,263.689413611988,failed-vetting,failed-vetting
COPPE-COFFEE 1.0,CD-LINKS_NPi,6.04272389235811,11.8996268087219,12.131368180654,15.19656423034,15.1376423534335,15.0318376669594,12.6742359498218,18.8878305862634,22.4405655456627,30.4778497795829,failed-vetting,failed-vetting
COPPE-COFFEE 1.0,CD-LINKS_NPi2020_1000,6.76142921103912,11.8996268087219,17.8793831742346,37.8068650682985,71.41209298898599,136.787066505917,176.823502543719,217.855144747022,245.185449925773,263.632123109643,failed-vetting,failed-vetting
COPPE-COFFEE 1.0,CD-LINKS_NPi2020_1600,6.1180365859331,11.8996268087219,12.6580966168908,22.8529805127081,40.2451293860709,81.5782209511641,139.767321225733,188.268348216337,227.702605627777,256.231421790721,failed-vetting,failed-vetting
COPPE-COFFEE 1.0,CD-LINKS_NPi2020_400,7.43082378747998,12.752802160167,33.6316395262392,66.9951578802754,130.513245656356,163.724730756643,200.596273004811,230.287654995776,248.892396834166,257.486064996024,failed-vetting,failed-vetting
DNE21+ V.14C,CD-LINKS_INDC2030i_1600,9.92475413424,11.802023982,15.39388640088,18.09466045272,20.8364098788,26.207520788480583,33.000731664828756,39.12188710302148,44.68422063772231,47.26468477833486,no-climate-assessment,no-climate-assessment
DNE21+ V.14C,CD-LINKS_INDCi,9.92475413424,11.80205998848,15.04970045856,14.78440471392001,13.68883554696,26.207520788480583,33.000731664828756,39.12188710302148,44.68422063772231,47.26468477833486,no-climate-assessment,no-climate-assessment
DNE21+ V.14C,CD-LINKS_NDC2030i_1000,9.92475413424,11.80205998848,18.19007762472,25.03833008832,31.52190892248,26.207520788480583,33.000731664828756,39.12188710302148,44.68422063772231,47.26468477833486,no-climate-assessment,no-climate-assessment
DNE21+ V.14C,CD-LINKS_NPi,9.92475413424,11.80191596256,11.95245905544,7.004124515519999,4.5767836728,26.207520788480583,33.000731664828756,39.12188710302148,44.68422063772231,47.26468477833486,no-climate-assessment,no-climate-assessment
DNE21+ V.14C,CD-LINKS_NPi2020_1000,9.92475413424,11.80216800792,19.2189987972,25.90298969904,32.41335735432,26.207520788480583,33.000731664828756,39.12188710302148,44.68422063772231,47.26468477833486,no-climate-assessment,no-climate-assessment
DNE21+ V.14C,CD-LINKS_NPi2020_1600,9.92475413424,11.80195196904,15.65997428808,18.84809604672,24.13989639936,26.207520788480583,33.000731664828756,39.12188710302148,44.68422063772231,47.26468477833486,no-climate-assessment,no-climate-assessment
DNE21+ V.14C,CD-LINKS_NPi2020_400,9.92475413424,11.80270810512,19.6753809312,31.79242560672,48.01147250976,26.207520788480583,33.000731664828756,39.12188710302148,44.68422063772231,47.26468477833486,no-climate-assessment,no-climate-assessment
DNE21+ V.14C,CD-LINKS_NoPolicy,9.92475413424,11.94252126696,12.2519249496,7.24493585376,4.79278654632,26.207520788480583,33.000731664828756,39.12188710302148,44.68422063772231,47.26468477833486,failed-vetting,failed-vetting
DNE21+ V.14E1,EMF30_BCOC-EndU,9.9248261472,11.89243625328,12.3586841628,8.333699796,8.80243215264,9.12580634952,9.4491805464,10.22965700688,11.01013346736,11.79060992784,failed-vetting,failed-vetting
DNE21+ V.14E1,EMF30_Baseline,9.9248261472,11.89243625328,12.3612046164,8.33704839864,9.52270577856,10.49992164576,11.47713751296,11.87830971096,12.27948190896,12.68065410696,failed-vetting,failed-vetting
DNE21+ V.14E1,EMF30_CH4-Only,9.9248261472,11.89243625328,12.3612046164,8.33704839864,9.52270577856,10.49992164576,11.47713751296,11.87830971096,12.27948190896,12.68065410696,failed-vetting,failed-vetting
DNE21+ V.14E1,EMF30_ClimPolicy,9.9248261472,11.89283232456,17.89136786664,26.89003533528,37.77497427167999,45.48376360404,53.19255293640001,58.47933638616,63.76611983591999,69.05290328568,failed-vetting,failed-vetting
DNE21+ V.14E1,EMF30_ClimPolicy+SLCF,9.9248261472,11.89283232456,17.89399633968,26.91711220824,37.81429334784001,45.50547551148,53.19665767512,58.48974225888001,63.78282684264,69.0759114264,failed-vetting,failed-vetting
DNE21+ V.14E1,EMF30_D_BCOC-Red,9.9248261472,11.89243625328,12.3612046164,8.33704839864,9.52270577856,10.49992164576,11.47713751296,11.87830971096,12.27948190896,12.68065410696,failed-vetting,failed-vetting
DNE21+ V.14E1,EMF30_D_CH4-ClimPolicy,9.9248261472,11.89243625328,12.3612046164,8.33704839864,9.52270577856,10.49992164576,11.47713751296,11.87830971096,12.27948190896,12.68065410696,failed-vetting,failed-vetting
DNE21+ V.14E1,EMF30_D_CO2-Only,9.9248261472,11.89283232456,17.89136786664,26.89003533528,37.77497427167999,45.48376360404,53.19255293640001,58.47933638616,63.76611983591999,69.05290328568,failed-vetting,failed-vetting
DNE21+ V.14E1,EMF30_D_Frozen-EF-EndU,9.9248261472,11.89243625328,12.3612046164,8.33704839864,9.52270577856,10.49992164576,11.47713751296,11.87830971096,12.27948190896,12.68065410696,failed-vetting,failed-vetting
DNE21+ V.14E1,EMF30_SLCF,9.9248261472,11.89243625328,12.3586841628,8.333699796,8.80243215264,9.12580634952,9.4491805464,10.22965700688,11.01013346736,11.79060992784,failed-vetting,failed-vetting
DNE21+ V.14E1,EMF30_Slower-Action,9.9248261472,11.89243625328,13.42260363384,13.8797779104,20.058309846,23.23028269836,26.40225555072,29.72630177136,33.050347992,36.37439421264001,failed-vetting,failed-vetting
DNE21+ V.14E1,EMF30_Slower-Action+SLCF,9.9248261472,11.89247225976,13.23594604152,13.369206024,19.4467397832,22.59615457584,25.74556936848,29.02637180664,32.3071742448,35.58797668296,failed-vetting,failed-vetting
DNE21+ V.14E1,EMF30_Slower-to-faster,9.9248261472,11.89261628568,18.04864417128,30.84966794088,43.41693764232,50.95723465152,58.49753166071999,62.70404869752,66.91056573431999,71.11708277112,failed-vetting,failed-vetting
DNE21+ V.14E1,EMF30_Slower-to-faster+SLCF,9.9248261472,11.89261628568,18.05944611528,30.89136344472,43.46428616352,51.027933375,58.59158058648001,62.76165906551999,66.93173754456,71.1018160236,failed-vetting,failed-vetting
DNE21+ V.14E1,EMF30_Slower-to-faster+SLCF+HFC,9.9248261472,11.89261628568,18.05609751264,30.86216218944,43.42478705495999,50.96229356196,58.49980006896,62.71051786176,66.92123565456,71.13195344736,failed-vetting,failed-vetting
DNE21+ V.14E2,EMF33_1.5C_cost100,9.92475413424,11.68345464336,14.30065765512,14.9785156476,17.51286774888,26.52509165724,35.5373155656,51.3658241844,67.1943328032,83.022841422,failed-vetting,failed-vetting
DNE21+ V.14E2,EMF33_1.5C_full,9.92479014072,11.68345464336,14.2182388224,14.14154502,16.39025771544,24.70129143228,33.01232514912,48.01357288776,63.0148206264,78.01606836504001,failed-vetting,failed-vetting
DNE21+ V.14E2,EMF33_1.5C_limbio,9.92479014072,11.68363467576,14.71177964376,19.9306668744,26.11722825504,41.13459489456,56.15196153408001,73.08346865688,90.01497577968,106.94648290248,failed-vetting,failed-vetting
DNE21+ V.14E2,EMF33_1.5C_nofuel,9.92479014072,11.68345464336,14.21885093256,14.1449656356,16.41477812832,24.72505570908,33.03533328984,48.03869340864,63.04205352744,78.04541364624002,failed-vetting,failed-vetting
DNE21+ V.14E2,EMF33_Baseline,9.9248261472,11.68327461096,12.014462214,6.86423934072,4.39660724688,2.20203029412,0.007453341359999,0.007105278719999,0.00675721608,0.00640915344,failed-vetting,failed-vetting
DNE21+ V.14E2,EMF33_Med2C_cost100,9.92457410184,11.68327461096,13.48183429344,11.56535338896,12.2726286756,18.41315577156,24.55368286752,35.81311320024,47.07254353296,58.33197386568001,failed-vetting,failed-vetting
DNE21+ V.14E2,EMF33_Med2C_full,9.9246461148,11.68327461096,13.44701602728,11.43450584064,11.99415455928,17.43815430287999,22.88215404648,33.39287763624,43.90360122600001,54.41432481576,failed-vetting,failed-vetting
DNE21+ V.14E2,EMF33_Med2C_limbio,9.92450208888,11.68331061744,13.58459678736,11.95710389136,12.84311534472,20.13127697772,27.41943861072,39.4611217236,51.50280483648,63.54448794936,failed-vetting,failed-vetting
DNE21+ V.14E2,EMF33_Med2C_nobeccs,9.9246461148,11.68341863688,14.1959148048,12.96146864448,14.32953485208,23.24592751392,32.16232017575999,47.13829136544,62.11426255511999,77.09023374479999,failed-vetting,failed-vetting
DNE21+ V.14E2,EMF33_Med2C_nofuel,9.92461010832,11.68327461096,13.44111096456,11.46219482376,12.05633775024,17.4987892152,22.94124068016,33.55012993656,44.15901919296,54.76790844936,failed-vetting,failed-vetting
DNE21+ V.14E2,EMF33_Med2C_none,9.92468212128,11.68345464336,14.2068967812,13.67932983624,15.33775229856,23.97846134628,32.619170394,47.90736577392,63.19556115384,78.48375653376,failed-vetting,failed-vetting
DNE21+ V.14E2,EMF33_WB2C_cost100,9.92453809536,11.68334662392,13.582544418,11.9275065648,12.83944268376,20.55343495248,28.2674272212,41.98083118968,55.69423515816,69.40763912664,failed-vetting,failed-vetting
DNE21+ V.14E2,EMF33_WB2C_full,9.92450208888,11.68331061744,13.56893396856,11.9282266944,12.88837549008,20.18732106384,27.4862666376,39.76238794176,52.03850924592,64.31463055008,failed-vetting,failed-vetting
DNE21+ V.14E2,EMF33_WB2C_limbio,9.92475413424,11.68345464336,14.28805538712,14.76398903976,17.2683477432,25.43521151412,33.60207528504,49.10556541104,64.60905553704,80.11254566304,failed-vetting,failed-vetting
DNE21+ V.14E2,EMF33_WB2C_nobeccs,9.92479014072,11.6835626628,14.57733144744,18.97401070728,24.68017363176,38.33658534348,51.99299705520001,69.05966050175999,86.12632394831999,103.19298739488,failed-vetting,failed-vetting
DNE21+ V.14E2,EMF33_WB2C_nofuel,9.92453809536,11.68331061744,13.56933003984,11.92919886936,12.86335098648,20.17723924944,27.4911275124,39.80619582576,52.12126413911999,64.43633245248,failed-vetting,failed-vetting
DNE21+ V.14E2,EMF33_WB2C_none,9.9248261472,11.68359866928,14.60322010656,19.00558839024,24.81851052792,38.96993932668,53.12136812544001,70.88311266408002,88.64485720271999,106.40660174136,failed-vetting,failed-vetting
DNE21+ V.14E2,EMF33_tax_hi_full,9.92475413424,11.68323860448,12.93493186872,10.63638620496,10.8141862032,15.35507141544,19.89595662768,27.56768929104,35.2394219544,42.91115461776,failed-vetting,failed-vetting
DNE21+ V.14E2,EMF33_tax_hi_none,9.92471812776,11.68323860448,12.98548496664,10.65068077752,10.81483431984,15.41963103408,20.02442774832,28.8759367332,37.72744571808,46.57895470296,failed-vetting,failed-vetting
DNE21+ V.14E2,EMF33_tax_lo_full,9.92479014072,11.68323860448,12.39245824104,8.1430454844,5.950934975519999,7.21904719464,8.48715941376,14.94954243336,21.41192545296,27.87430847256,failed-vetting,failed-vetting
DNE21+ V.14E2,EMF33_tax_lo_none,9.92479014072,11.68323860448,12.39425856504,8.14146119928,5.94938669688,7.15857431148,8.36776192608,14.80758088488,21.24739984368,27.68721880248,failed-vetting,failed-vetting
E3ME 6.1,PR_Baseline,9.923,9.658,11.019,12.976,15.32,26.207520788480583,33.000731664828756,39.12188710302148,44.68422063772231,47.26468477833486,no-climate-assessment,no-climate-assessment
E3ME 6.1,PR_CP_Intensity,9.923,9.658,11.02,13.625,16.963,26.207520788480583,33.000731664828756,39.12188710302148,44.68422063772231,47.26468477833486,no-climate-assessment,no-climate-assessment
E3ME 6.1,PR_CP_Price,9.923,9.658,11.019,13.061,15.431,26.207520788480583,33.000731664828756,39.12188710302148,44.68422063772231,47.26468477833486,no-climate-assessment,no-climate-assessment
E3ME 6.1,PR_NDC_Intensity,9.923,9.66,10.394,11.656,13.377,26.207520788480583,33.000731664828756,39.12188710302148,44.68422063772231,47.26468477833486,no-climate-assessment,no-climate-assessment
E3ME 6.1,PR_NDC_Price,9.923,9.66,10.392,11.687,13.025,26.207520788480583,33.000731664828756,39.12188710302148,44.68422063772231,47.26468477833486,no-climate-assessment,no-climate-assessment
ENV-Linkages 3.0,EMF30_BCOC-EndU,9.95018050377185,11.7951222203251,13.3507410084036,14.7465334406742,16.9714318201915,19.89141427480611,33.000731664828756,39.12188710302148,44.68422063772231,47.26468477833486,no-climate-assessment,no-climate-assessment
ENV-Linkages 3.0,EMF30_Baseline,9.95018050377185,11.7871863712507,13.3508835591524,14.7732515523831,17.0308247837382,19.9901017949941,33.000731664828756,39.12188710302148,44.68422063772231,47.26468477833486,no-climate-assessment,no-climate-assessment
ENV-Linkages 3.0,EMF30_CH4-Only,9.95018050377185,11.9688905746398,13.7024531997372,15.0255158350792,17.2049746587589,20.0761742486694,33.000731664828756,39.12188710302148,44.68422063772231,47.26468477833486,failed-vetting,failed-vetting
ENV-Linkages 3.0,EMF30_ClimPolicy,9.95018050377185,13.4951584272016,17.8191570228033,21.9106270063433,27.749487581687,34.78417871927149,33.000731664828756,39.12188710302148,44.68422063772231,47.26468477833486,failed-vetting,failed-vetting
ENV-Linkages 3.0,EMF30_ClimPolicy+SLCF,9.95018050377185,13.3569698302737,17.723925874405,21.9775550393679,27.9197838710555,34.9559613211133,33.000731664828756,39.12188710302148,44.68422063772231,47.26468477833486,failed-vetting,failed-vetting
ENV-Linkages 3.0,EMF30_D_BCOC-Red,9.95018050377185,11.7963171726321,13.3517327673125,14.7472980357782,16.9720807635145,19.89195845909061,33.000731664828756,39.12188710302148,44.68422063772231,47.26468477833486,no-climate-assessment,no-climate-assessment
ENV-Linkages 3.0,EMF30_D_CH4-ClimPolicy,9.95018050377185,11.8718376020898,13.5235738652725,15.0020701186783,17.3257363646152,20.30932311867731,33.000731664828756,39.12188710302148,44.68422063772231,47.26468477833486,failed-vetting,failed-vetting
ENV-Linkages 3.0,EMF30_D_CO2-Only,9.95018050377185,13.4672695974651,17.8140237368155,21.9595898511332,27.9000492321658,35.0887581332737,33.000731664828756,39.12188710302148,44.68422063772231,47.26468477833486,failed-vetting,failed-vetting
ENV-Linkages 3.0,EMF30_D_Frozen-CH4,9.95018050377185,11.7872029012863,13.351324261262,14.7739862700856,17.031760148352,19.99108047802411,33.000731664828756,39.12188710302148,44.68422063772231,47.26468477833486,no-climate-assessment,no-climate-assessment
ENV-Linkages 3.0,EMF30_D_Frozen-EF,9.95018050377185,11.7872029015037,13.3513242615632,14.7739862716337,17.0317601476427,19.9910804792219,33.000731664828756,39.12188710302148,44.68422063772231,47.26468477833486,no-climate-assessment,no-climate-assessment
ENV-Linkages 3.0,EMF30_D_Frozen-EF-EndU,9.95018050377185,11.7871863712507,13.3508835591524,14.7732515523831,17.0308247837382,19.9901017949941,33.000731664828756,39.12188710302148,44.68422063772231,47.26468477833486,no-climate-assessment,no-climate-assessment
ENV-Linkages 3.0,EMF30_D_Frozen-EF-SLCF,9.95018050377185,11.7872029012863,13.351324261262,14.7739862700856,17.031760148352,19.99108047802411,33.000731664828756,39.12188710302148,44.68422063772231,47.26468477833486,no-climate-assessment,no-climate-assessment
ENV-Linkages 3.0,EMF30_SLCF,9.95018050377185,11.9778480946244,13.7046337296684,14.9991855487432,17.1445386498664,19.9735532432546,33.000731664828756,39.12188710302148,44.68422063772231,47.26468477833486,failed-vetting,failed-vetting
ENV-Linkages 3.0,EMF30_Slower-Action,9.95018050377185,12.1441996854772,14.6101504379088,18.5884677468053,24.2501527338744,31.5356475585701,33.000731664828756,39.12188710302148,44.68422063772231,47.26468477833486,failed-vetting,failed-vetting
ENV-Linkages 3.0,EMF30_Slower-Action+SLCF,9.95018050377185,12.0846773287742,14.5184666202003,18.5947578595528,24.3431788220737,31.67124223807811,33.000731664828756,39.12188710302148,44.68422063772231,47.26468477833486,failed-vetting,failed-vetting
EPPA 6,1.5CNow_Gradual,10.39914565233927,9.91156605303932,12.01959206585247,16.49219221131634,20.8037593880855,23.30499673876043,31.58780872757407,38.25271093172185,48.95665167415905,57.28987438535653,failed-vetting,failed-vetting
EPPA 6,1.5CNow_OptTax,10.39914565233927,13.27213559028641,14.84917517117227,10.79251148641011,13.61420181037585,16.22890177231808,20.48745305611485,29.44601717979347,38.88910934327043,49.76067404662351,failed-vetting,failed-vetting
EPPA 6,2CNow_Gradual,10.39914565233927,9.92448601822674,10.07558935568839,12.15465729427744,12.56785742803624,11.94472624683162,9.868440888271335,12.99592957354034,19.92751697684374,29.0808525653264,C4,C4: limit warming to 2°C (>50%)
EPPA 6,2CNow_OptTax,10.39914565233927,9.89821084878269,9.80039136928914,8.768810172943395,7.790334311614706,8.073440575366067,7.818610763634057,8.315344028418766,14.46618521682453,21.88480560547447,failed-vetting,failed-vetting
EPPA 6,Paris1.5C_OptTax,10.39914565233927,9.935184274011627,10.68616963316212,23.25546646047142,28.0708835050274,35.45306663902306,41.70147457079903,47.58076734945352,52.43587631684106,66.92565736314079,C3,C3: limit warming to 2°C (>67%)
EPPA 6,Paris2C_Gradual,10.39914565233927,9.93523868014042,10.69105420332667,9.045558121394553,13.29322245649317,15.40288870592962,21.95494816919641,34.68434094376651,48.05634599724514,56.59287390377668,C4,C4: limit warming to 2°C (>50%)
EPPA 6,Paris2C_OptTax,10.39914565233927,9.93523868014042,10.69105420332667,16.7176495885946,15.33071713055601,14.27868373517403,12.95402330723012,17.81979209167794,25.35045284472307,42.31890680687867,C4,C4: limit warming to 2°C (>50%)
EPPA 6,ParisFlat,10.39914565233927,9.93523868014042,10.69105420332667,10.01460650311557,9.124526829968644,9.16602208716591,9.26954865256223,10.30416882822544,11.51587206446848,12.64313320623918,C6,C6: limit warming to 3°C (>50%)
EPPA 6,ParisForever,10.39914565233927,9.93523868014042,10.69105420332667,10.01114919355423,9.232209661942758,9.30561757517733,9.151228191873049,9.774924310437994,10.45993919922897,11.57172873134812,C7,C7: limit warming to 4°C (>50%)
EPPA 6,Ref,10.39914565233993,9.9498273685792,10.66820925849079,10.10203500325409,9.495050247856582,9.865327909577882,9.942321464049208,10.62242680179222,11.13075458063083,11.54574904743598,C7,C7: limit warming to 4°C (>50%)
En-ROADS-96,Ratchet-1.5-allCDR,10.6221,13.8232,20.5289,24.5729,29.4262,39.1366,53.428,73.4896,99.5482,132.116,failed-vetting,failed-vetting
En-ROADS-96,Ratchet-1.5-limCDR,10.6221,13.9064,22.0735,26.7353,31.8985,47.0834,67.6997,93.9506,129.54,173.184,failed-vetting,failed-vetting
En-ROADS-96,Reference,10.6221,13.6571,15.9706,18.0737,22.1565,28.276,35.3159,45.6161,59.5022,73.0527,failed-vetting,failed-vetting
FARM 3.2,EMF33_Baseline,9.242053457749972,8.72622220961648,8.422426748155,8.143830469925609,8.08064262708055,8.10765423836722,8.11746449656907,8.10543831127717,8.06958711917841,8.00920819920732,failed-vetting,failed-vetting
FARM 3.2,EMF33_Med2C_full,9.24205346574581,8.72622221200943,9.233293156401,9.043762117123311,9.25507297509035,9.47253287307196,9.49719220477643,9.42475560064024,9.32159699742605,9.167854402611448,failed-vetting,failed-vetting
FARM 3.2,EMF33_Med2C_nobeccs,9.242059371862087,8.72617867855473,9.23200630014948,9.04031182651491,9.25584588882398,9.56713103712318,9.81366463815017,9.93880726472956,9.9872379633028,10.0186738874204,failed-vetting,failed-vetting
FARM 3.2,EMF33_Med2C_nofuel,9.24203057921385,8.726390470337849,9.23661352745849,9.05168555951579,9.27409289890802,9.48823874644291,9.49336183427012,9.39769808143167,9.26775241992213,9.080174546323429,failed-vetting,failed-vetting
FARM 3.2,EMF33_Med2C_none,9.24202999541476,8.72639475306868,9.23680482823534,9.05243261610294,9.29081368731604,9.634414125147028,9.91806285966737,10.0572196152883,10.0939336399492,10.0917292673186,failed-vetting,failed-vetting
FARM 3.2,EMF33_WB2C_full,9.24205346574581,8.72622221200943,10.0057395476897,9.6712851041651,9.43875289933064,9.41013312704602,9.3560225773969,9.26415746577992,9.13736231622524,8.928119910847439,failed-vetting,failed-vetting
FARM 3.2,EMF33_WB2C_nobeccs,9.242059371862087,8.72617867855473,10.0178058094815,10.005185525666,9.98489377260016,10.0569626309194,10.1094695639523,10.13715718059,10.1344425342577,10.0992235966465,failed-vetting,failed-vetting
FARM 3.2,EMF33_WB2C_nofuel,9.24203057921385,8.726390470337849,10.0157299463925,9.67042387458148,9.42310581215759,9.38168843218566,9.30876055151034,9.1955561082897,9.02529099630999,8.70525579997916,failed-vetting,failed-vetting
FARM 3.2,EMF33_WB2C_none,9.24203057855767,8.72639047607057,10.0367177659203,10.0786304149246,10.0788893889262,10.1379971943375,10.161907519313,10.1554665456274,10.1204347165693,10.0482414325612,failed-vetting,failed-vetting
FARM 3.2,EMF33_tax_hi_full,9.24205937251425,8.726178672858191,9.26503634190288,8.99688654960918,9.05173932678212,9.27190704194074,9.45355876559542,9.40264117424511,8.60902779959902,8.26720584378066,failed-vetting,failed-vetting
FARM 3.2,EMF33_tax_hi_none,9.24202999541476,8.72639475306868,9.26578466274456,8.9982028678872,9.05456090726205,9.2808994855977,9.50434899000084,9.69879460951752,9.85638197584698,9.96443527610899,failed-vetting,failed-vetting
FARM 3.2,EMF33_tax_lo_full,9.24205937251425,8.726178672858191,8.975127477953697,8.67733916529132,8.66374340456411,8.7863731499939,8.90308287682082,9.009446707437473,9.102606878738673,9.17636632980575,failed-vetting,failed-vetting
FARM 3.2,EMF33_tax_lo_none,9.24202999541476,8.72639475306868,8.975675571122231,8.67804132082366,8.66459970209941,8.78740299291913,8.90461928019498,9.01240408644644,9.10927995709855,9.19417249628104,failed-vetting,failed-vetting
GCAM 4.0,20% abatement (FF&I),9.9226372,13.522299992,25.05581895000001,38.74982892800001,53.407774881,66.47249226999999,79.95681600399999,92.79508165,100.09829787,106.12441153,no-climate-assessment,no-climate-assessment
GCAM 4.0,20% abatement (GHG),9.9226372,12.961835053,24.119404272,39.308917229,55.011588522,67.97272502000001,81.64308752199999,94.97689928999998,102.18536884,107.24910822,no-climate-assessment,no-climate-assessment
GCAM 4.0,450 concentration,9.9226372,13.455533123,21.846550521,37.20974249900001,59.320926872,82.66235775499999,106.262312148,127.77057704,146.3645039900001,162.8792513,no-climate-assessment,no-climate-assessment
GCAM 4.0,50% abatement (FF&I),9.9226372,15.211880803,30.214491643,46.37154353999999,64.92292454100001,77.905590168,91.881321943,104.38741036,111.40479607,116.0163636,no-climate-assessment,no-climate-assessment
GCAM 4.0,50% abatement (GHG),9.9226372,14.255300231,31.16411663200001,49.64545887800001,69.967381077,83.090925482,97.31355400700002,110.47354234,116.5139845,120.0617496,no-climate-assessment,no-climate-assessment
GCAM 4.0,550 concentration,9.9226372,13.146103712,20.08238854,32.170283028,49.30760334099999,71.46716201100003,96.05404824900002,132.34635054,187.60638863,152.7145763,no-climate-assessment,no-climate-assessment
GCAM 4.0,650 concentration,9.9226372,12.844167042,18.239182071,26.895870769,37.43038586399999,49.733550149,66.19191327800002,90.51666036000002,112.28457658,143.71232005,no-climate-assessment,no-climate-assessment
GCAM 4.0,Core baseline,9.9226372,12.763122066,17.161324166,23.829286814,31.364900448,38.622546062,46.009748833,54.22913457000001,59.64211436999999,62.09946819,no-climate-assessment,no-climate-assessment
GCAM 4.0,High CO2 price,9.9226372,18.143075873,36.24047111799999,55.98963581200001,77.942921591,98.675215754,120.092873388,140.29338487,157.0705436,172.1420362,failed-vetting,failed-vetting
GCAM 4.0,Low CO2 price,9.9226372,13.08788318,19.545730059,29.942116777,42.742479741,58.17978508500002,76.96998452899999,99.28648481,118.4917929,132.80801759,no-climate-assessment,no-climate-assessment
GCAM 4.0,Policy baseline,9.9226372,13.108010656,20.472898805,33.108019293,46.34947264500001,61.190886514,77.190570097,93.11065465,105.3999398,115.30429796,no-climate-assessment,no-climate-assessment
GCAM 4.2,ADVANCE_2020_1.5C-2100,9.92242335,12.740235858,29.459391045,47.643291803,62.852456051,78.541388525,96.970100134,114.711051618,120.06497888,121.9447557,failed-vetting,failed-vetting
GCAM 4.2,ADVANCE_2020_Med2C,9.92242335,12.740235858,15.809664345,23.983020624,37.332795464,53.14921195100001,67.111259045,78.679601801,89.41772815,97.04126306,failed-vetting,failed-vetting
GCAM 4.2,ADVANCE_2020_WB2C,9.92242335,12.740235868,19.001717807,34.831336755,51.405639634,65.619072597,79.935369166,93.782280845,105.77929132,108.92761742,failed-vetting,failed-vetting
GCAM 4.2,ADVANCE_2030_1.5C-2100,9.92242335,12.740235868,17.462411162,53.70769807,69.060350168,83.105473433,107.039487292,125.853933399,137.97859202,127.719,failed-vetting,failed-vetting
GCAM 4.2,ADVANCE_2030_Med2C,9.92242335,12.740235881,17.462427094,23.585583382,36.394683022,52.594301579,66.358387775,77.75649694,87.40766905,96.13743818,failed-vetting,failed-vetting
GCAM 4.2,ADVANCE_2030_Price1.5C,9.92242335,12.740235868,17.462417602,47.49640516,63.121089659,76.139666824,95.999738775,114.438052289,127.46621188,121.3605595,failed-vetting,failed-vetting
GCAM 4.2,ADVANCE_2030_WB2C,9.92242335,12.740235881,17.462427094,35.663093972,52.839680831,66.582176727,81.352365138,95.611872169,109.06504255,110.69800778,failed-vetting,failed-vetting
GCAM 4.2,ADVANCE_NoPolicy,9.92242335,11.657316644,13.426823376,15.589718464,17.670785779,20.319407255,23.225656333,25.831692613,27.48181238,27.63805861,failed-vetting,failed-vetting
GCAM 4.2,EMF30_BCOC-EndU,9.92242335,11.509575564,13.111537625,15.52899265,18.194432223,21.489352241,24.846663733,27.917534893,30.1800116,30.7670309,failed-vetting,failed-vetting
GCAM 4.2,EMF30_Baseline,9.92242335,11.45618821,12.97290243,15.36692727,18.02288315,21.30501396,24.6618037,27.74756851,30.06122147,30.69247630000001,failed-vetting,failed-vetting
GCAM 4.2,EMF30_CH4-Only,9.92242335,11.496542255,13.360850219,16.345349983,19.581563508,23.354129257,27.122034292,30.59975354,32.91242808,33.30646283,failed-vetting,failed-vetting
GCAM 4.2,EMF30_ClimPolicy,9.92242335,11.47574765,18.53514999,34.7006154,52.54241632,69.26895263,86.48158596,104.2173822,118.3797063,124.6224375,failed-vetting,failed-vetting
GCAM 4.2,EMF30_ClimPolicy+SLCF,9.92242335,11.613747583,19.335742051,35.811637559,53.524248915,70.105325226,86.768397458,103.089712974,115.43903356,120.12640349,failed-vetting,failed-vetting
GCAM 4.2,EMF30_D_CH4-ClimPolicy,9.92242335,11.459329476,13.001740501,15.446787823,18.178853313,21.564211071,25.059697472,28.42630735900001,31.10569954,32.23619932,failed-vetting,failed-vetting
GCAM 4.2,EMF30_D_CO2-Only,9.92242335,11.401037072,18.079416121,33.643060261,51.030125875,67.23359786399999,83.556883493,99.974021694,113.45812779,119.40874767,failed-vetting,failed-vetting
GCAM 4.2,EMF30_D_Frozen-CH4,9.92242335,11.456188213,12.972902428,15.366927269,18.02288315,21.305013956,24.661803703,27.747568513,30.06122147,30.69247630000001,failed-vetting,failed-vetting
GCAM 4.2,EMF30_D_Frozen-EF,9.92242335,11.45618821,12.97290243,15.36692727,18.02288315,21.30501396,24.6618037,27.74756851,30.06122147,30.69247630000001,failed-vetting,failed-vetting
GCAM 4.2,EMF30_D_Frozen-EF-EndU,9.92242335,11.45618821,12.97290243,15.36692727,18.02288315,21.30501396,24.6618037,27.74756851,30.06122147,30.69247630000001,failed-vetting,failed-vetting
GCAM 4.2,EMF30_D_Frozen-EF-SLCF,9.92242335,11.45618821,12.97290243,15.36692727,18.02288315,21.30501396,24.6618037,27.74756851,30.06122147,30.69247630000001,failed-vetting,failed-vetting
GCAM 4.2,EMF30_SLCF,9.92242335,11.548526501,13.486596769,16.491885395,19.735674068,23.519929616,27.284317491,30.749361278,33.01514815,33.37909825,failed-vetting,failed-vetting
GCAM 4.2,EMF33_Baseline,9.92242335,11.445593299,13.37638036,15.746590494,18.008561585,20.697580491,23.533013274,26.0545195,27.36347432,27.19938694,failed-vetting,failed-vetting
GCAM 4.2,EMF33_Med2C_cost100,9.92242335,11.951939163,18.984507392,33.304399821,49.180201165,63.44644026,77.699944481,90.96470333,100.86786362,103.8554043,failed-vetting,failed-vetting
GCAM 4.2,EMF33_Med2C_full,9.92242335,11.978696171,17.764804441,29.710944159,45.395110488,59.570421333,73.127067126,85.44521686,96.33832909,101.14637342,failed-vetting,failed-vetting
GCAM 4.2,EMF33_Med2C_limbio,9.92242335,11.978741965,18.950744525,33.142883593,48.88618618100002,62.760327856,77.04201234,90.2303822,101.14670753,104.62665693,failed-vetting,failed-vetting
GCAM 4.2,EMF33_Med2C_nobeccs,9.92242335,11.956460857,21.968080976,39.327560385,54.471871002,68.961500557,84.57668134800001,99.84078088,109.17714011,110.77111438,failed-vetting,failed-vetting
GCAM 4.2,EMF33_Med2C_nofuel,9.92242335,11.971394696,18.310885945,31.033662655,46.216120881,58.990918563,70.846270675,81.52041858,88.23990442,88.04668584,failed-vetting,failed-vetting
GCAM 4.2,EMF33_Med2C_none,9.92242335,11.946001189,22.644627708,39.864170997,54.238449743,68.795099056,84.95711261699999,100.75269525,108.61905271,108.26096427,failed-vetting,failed-vetting
GCAM 4.2,EMF33_WB2C_full,9.92242335,11.978696171,23.806409841,41.537100699,55.660980977,70.145800311,85.620909783,101.1813891,109.18233235,113.56926611,failed-vetting,failed-vetting
GCAM 4.2,EMF33_WB2C_limbio,9.92242335,11.978741965,31.084292075,48.022021263,62.10318792899999,78.91301178399999,96.972564035,114.38182074,117.76373167,119.81281132,failed-vetting,failed-vetting
GCAM 4.2,EMF33_WB2C_nobeccs,9.92242335,11.956460857,38.601220266,55.477688045,70.29657394,90.981561251,111.783555301,128.28813737,126.27602154,132.07252936,failed-vetting,failed-vetting
GCAM 4.2,EMF33_WB2C_nofuel,9.92242335,11.971394696,25.360311895,42.456710064,54.81429553,67.711288723,81.367804682,93.24964774,93.78292362,96.028732731,failed-vetting,failed-vetting
GCAM 4.2,EMF33_WB2C_none,9.92242335,11.94600448,39.508486908,55.571139496,70.63923089,92.542329239,113.108436795,128.25663289,122.2577516,111.61092221,failed-vetting,failed-vetting
GCAM 4.2,EMF33_tax_hi_full,9.92242335,11.445593299,15.448870175,26.356229675,42.213234241,56.945307077,70.381712076,82.956121921,94.81920923,99.91848114,failed-vetting,failed-vetting
GCAM 4.2,EMF33_tax_hi_none,9.92242335,11.432255718,15.262056209,25.664792408,41.184594454,55.920600915,69.344734376,83.303871955,94.96784696,100.19236701,failed-vetting,failed-vetting
GCAM 4.2,EMF33_tax_lo_full,9.92242335,11.445593299,14.0024774312,19.3010698902,25.4342636971,32.721532513,41.4431716079,52.0231255276,59.71875864,64.36823462,failed-vetting,failed-vetting
GCAM 4.2,EMF33_tax_lo_none,9.92242335,11.432255718,13.8784768324,18.9407086914,24.6040747484,31.4921681704,39.8419651043,49.8927987882,57.05044716,60.85858681,failed-vetting,failed-vetting
GCAM 4.2,SSP1-19,9.9226372,8.9514677672,8.182722033,7.456287601,7.27152023,7.919229915,8.525184362000001,9.734119294,10.178945439,9.371850386,C1,C1: limit warming to 1.5°C (>50%) with no or limited overshoot
GCAM 4.2,SSP1-26,9.9226372,8.9512072998,7.8794731138,6.3590740898,5.2250823598,5.3336508638,5.7993244136,6.914624796,7.576691532000001,7.617474422999999,no-climate-assessment,no-climate-assessment
GCAM 4.2,SSP1-34,9.9226372,8.9512072998,7.804294151000001,6.0315819179,4.364059927900001,3.5653057141,3.4087553149,4.5196583532,5.165053016,5.347426317,no-climate-assessment,no-climate-assessment
GCAM 4.2,SSP1-45,9.9226372,8.9512072998,7.785600565,5.947689866,4.1586502909,3.1286761698,2.4916284178,3.0739578633,3.537104249,3.553609925,no-climate-assessment,no-climate-assessment
GCAM 4.2,SSP1-Baseline,9.9226372,8.976757865,7.765517061000001,5.881644144,4.012105213,2.880868615,2.05591447,2.268958349,2.363074472,2.25798143,no-climate-assessment,no-climate-assessment
GCAM 4.2,SSP2-19,9.9226372,13.912219531,34.235695201,75.54158940800001,104.241912593,133.355362264,166.477200472,197.01706742,213.7006035,199.0610347258011,failed-vetting,failed-vetting
GCAM 4.2,SSP2-26,9.9226372,13.909292943,20.111588412,61.31615792100001,89.75322878600002,116.219551359,148.450072494,178.01056279,205.78026358,205.23922139,failed-vetting,failed-vetting
GCAM 4.2,SSP2-34,9.9226372,13.909292943,20.111588412,35.851230981,60.703940639,88.225616664,117.238215784,145.86328221,172.29391535,193.2991428,failed-vetting,failed-vetting
GCAM 4.2,SSP2-45,9.9226372,13.909292943,20.111588412,31.989691371,51.51016185899999,77.49556368399999,106.263576027,130.21473448,148.43163076,165.247769,failed-vetting,failed-vetting
GCAM 4.2,SSP2-60,9.9226372,13.909292943,20.111588412,27.305772311,35.768363727,44.707966053,54.595883208,69.21455197,85.67903489,106.46345675,failed-vetting,failed-vetting
GCAM 4.2,SSP2-Baseline,9.9226372,13.277395495,18.371883434,25.166399793,32.383898907,39.34495468,46.555007731,54.82421196,59.84396876,61.93385165,no-climate-assessment,no-climate-assessment
GCAM 4.2,SSP3-Baseline,9.9226372,9.008507234,7.810108858,5.899782932999999,4.013393237,2.875823161,2.086864739,2.49114349,2.848027785,3.127627747,C8,C8: exceed warming of 4°C (>=50%)
GCAM 4.2,SSP4-26,9.9226372,14.499665902,43.425570602,68.48760171,89.516547965,110.836519171,130.21613897,147.12527542,145.0219381,138.890187407,failed-vetting,failed-vetting
GCAM 4.2,SSP4-34,9.9226372,14.499665902,28.632492172,52.40311145,76.68375633699999,95.566250054,114.216526506,128.88852766,137.3467095,136.0870879,failed-vetting,failed-vetting
GCAM 4.2,SSP4-45,9.9226372,14.499665902,24.222195742,40.648870182,62.514105599,83.64919489,102.125888365,109.99376568,114.2331595,114.9691191,failed-vetting,failed-vetting
GCAM 4.2,SSP4-60,9.9226372,14.499665902,20.647593682,29.588412361,38.60961027800001,47.050406864,56.032525782,67.88693539,79.59307769,89.42565573,failed-vetting,failed-vetting
GCAM 4.2,SSP4-Baseline,9.9226372,13.676765502,19.820913132,27.95742647,35.813967738,42.807010893,49.68398778100001,57.66030525,62.1967314,63.54574801,C7,C7: limit warming to 4°C (>50%)
GCAM 4.2,SSP5-19,9.9226372,14.07954696,41.731896709,83.949407114,115.801887994,147.163907103,179.961804735,216.3472463,237.3280492,239.8827598,failed-vetting,failed-vetting
GCAM 4.2,SSP5-26,9.9226372,14.073689181,22.52011599,75.896750737,106.586450379,133.742056808,165.127542375,191.76967169,226.4625323,225.92679246,failed-vetting,failed-vetting
GCAM 4.2,SSP5-34,9.9226372,14.073689181,22.52011599,53.58679872899999,86.922042751,115.158965557,143.579687913,166.40074839,188.7254681,200.4421456,failed-vetting,failed-vetting
GCAM 4.2,SSP5-45,9.9226372,14.073689181,22.52011599,41.613791859,70.268430322,99.11924485,128.186852834,151.9084163,158.40024085,156.50626996,failed-vetting,failed-vetting
GCAM 4.2,SSP5-60,9.9226372,14.073689181,22.52011599,34.019398876,47.022824831,60.232693113,77.38876315899999,102.54451816,123.5620375,135.81001971,no-climate-assessment,no-climate-assessment
GCAM 4.2,SSP5-Baseline,9.9226372,13.478828876,20.556729785,30.708630919,39.709850644,46.807048724,53.08275328600001,58.08744076,58.47081798,54.12192831,no-climate-assessment,no-climate-assessment
GCAM 5.2,"NGFS1_Current policies (Hot house world, Rep)",9.92242055,10.3526134,12.20483287,13.93117999,16.07430952,17.59055309,19.77687131,21.3860116,22.299183,22.1236031,C7,C7: limit warming to 4°C (>50%)
GCAM 5.2,"NGFS1_Immediate 2C with CDR (Orderly, Rep)",9.92242055,10.3526134,29.10683443,47.53513758,60.20457422,72.55653273,83.97286679,93.7429893,91.1280884,88.1857159,C4,C4: limit warming to 2°C (>50%)
GCAM 5.3,NGFS2_Below 2°C,9.922422,9.110584,12.64829,19.44558,27.77111,39.44577,51.97902,59.28529,64.36615,61.38148,C3,C3: limit warming to 2°C (>67%)
GCAM 5.3,NGFS2_Current Policies,9.922422,9.026584,9.254941,12.10249,13.35316,11.54786,10.56184,8.978911,6.683949,3.473998,C7,C7: limit warming to 4°C (>50%)
GCAM 5.3,NGFS2_Delayed Transition,9.922422,9.026584,9.254941,15.72193,25.84172,34.16894,44.21602,52.96701,59.42286,57.4028,C4,C4: limit warming to 2°C (>50%)
GCAM 5.3,NGFS2_Divergent Net Zero Policies,9.922422,9.026584,15.39355,23.43016,33.70703,41.52505,48.25875,54.88065,54.54881,48.02967,C2,C2: return warming to 1.5°C (>50%) after a high overshoot
GCAM 5.3,NGFS2_Nationally Determined Contributions (NDCs),9.922422,9.43065,11.93977,15.90485,20.59179,18.78643,17.80037,16.21744,12.72315,6.948624,C5,C5: limit warming to 2.5°C (>50%)
GCAM 5.3,NGFS2_Net-Zero 2050,9.922422,9.025954,11.99079,17.60322,25.92412,34.16839,41.37912,48.47835,52.27717,49.29782,C2,C2: return warming to 1.5°C (>50%) after a high overshoot
GCAM 5.3,R_BAU,9.92242055,10.4928024601,13.22296622,16.503504088,20.57802548,23.7020625,27.262317196,29.9055015,31.4057406,31.2122738,C7,C7: limit warming to 4°C (>50%)
GCAM 5.3,R_MAC_30_n0,9.92242055,10.4928024601,54.44523579,61.38414328,74.61896207,94.66378534,106.952670763,118.6734292,99.1745059,100.1297614,C1,C1: limit warming to 1.5°C (>50%) with no or limited overshoot
GCAM 5.3,R_MAC_30_n8,9.92242055,10.4928024601,69.67999197,78.88532539,96.41227565,122.60352973,134.242726199,145.1517729,114.7481248,113.0184214,failed-vetting,failed-vetting
GCAM 5.3,R_MAC_35_n0,9.92242055,10.4928024601,39.18380733,60.87035802,73.78079208,91.17666969,105.461899904,117.9019608,108.2701679,99.2782934,C3,C3: limit warming to 2°C (>67%)
GCAM 5.3,R_MAC_35_n8,9.92242055,10.4928024601,45.10140452,75.490069824,93.35575548,114.96318008,130.653207199,143.1389328,129.4872955,113.6260068,C1,C1: limit warming to 1.5°C (>50%) with no or limited overshoot
GCAM 5.3,R_MAC_40_n0,9.92242055,10.4928024601,32.76113313,61.30800165,72.8079441,88.55039409,104.439340713,115.6354774,110.9988469,98.0279389,C3,C3: limit warming to 2°C (>67%)
GCAM 5.3,R_MAC_40_n8,9.92242055,10.4928024601,36.73137587,73.53548297,90.65215296,110.42913029,128.110717688,140.1836368,133.1200588,113.3871697,C1,C1: limit warming to 1.5°C (>50%) with no or limited overshoot
GCAM 5.3,R_MAC_45_n0,9.92242055,10.4928024601,28.91092032,52.78223092,72.43767842,86.96669412,101.864001734,114.2332736,112.6193856,102.8066773,C3,C3: limit warming to 2°C (>67%)
GCAM 5.3,R_MAC_45_n8,9.92242055,10.4928024601,32.10602065,59.70943577,88.59529928,107.36036589,123.396190565,137.7688998,134.6852314,121.2771763,C1,C1: limit warming to 1.5°C (>50%) with no or limited overshoot
GCAM 5.3,R_MAC_50_n0,9.92242055,10.4928024601,26.30848161,47.30219109,72.44745114,85.58410235,99.744936039,113.2349032,112.6319878,105.3718175,C3,C3: limit warming to 2°C (>67%)
GCAM 5.3,R_MAC_50_n8,9.92242055,10.4928024601,29.00386714,52.98057348,86.44890011,104.35962117,119.9950573,135.6721873,134.5986661,124.1236793,C1,C1: limit warming to 1.5°C (>50%) with no or limited overshoot
GCAM 5.3,R_MAC_55_n0,9.92242055,10.4928024601,24.44303981,43.49434475,65.26894233,84.36949941,97.90768478,110.5504488,112.3565051,106.7939998,C3,C3: limit warming to 2°C (>67%)
GCAM 5.3,R_MAC_55_n8,9.92242055,10.4928024601,26.76118065,48.24623865,74.40884754,101.18658167,116.867173921,130.9446634,133.6780636,125.3974679,C2,C2: return warming to 1.5°C (>50%) after a high overshoot
GCAM 5.3,R_MAC_60_n0,9.92242055,10.4928024601,23.0447314,40.7001124,60.54516773,83.00464725,95.98513063,108.0864674,111.7108514,106.7984589,C3,C3: limit warming to 2°C (>67%)
GCAM 5.3,R_MAC_60_n8,9.92242055,10.4928024601,25.07203494,44.76872513,67.55855033,97.44194393,113.210685523,126.8361765,131.8712409,124.9853625,C2,C2: return warming to 1.5°C (>50%) after a high overshoot
GCAM 5.3,R_MAC_65_n0,9.92242055,10.4928024601,21.96404475,38.58226054,57.08810973,77.17256495,94.269725857,105.8724876,109.5798182,106.4385275,C3,C3: limit warming to 2°C (>67%)
GCAM 5.3,R_MAC_65_n8,9.92242055,10.4928024601,23.75972976,42.11920707,62.89558693,87.56520528,109.305275326,122.9307825,127.5632781,123.6343534,C3,C3: limit warming to 2°C (>67%)
GCAM 5.3,R_MAC_70_n0,9.92242055,10.4928024601,21.1030162,36.89395642,54.33983703,72.99806807,92.68006604,103.9223982,107.7552953,105.9956356,C4,C4: limit warming to 2°C (>50%)
GCAM 5.3,R_MAC_70_n8,9.92242055,10.4928024601,22.71044651,40.04080947,59.47962073,81.09622424,105.962629463,119.7833562,123.9552704,122.1174207,C3,C3: limit warming to 2°C (>67%)
GCAM 5.3,R_MAC_75_n0,9.92242055,10.4928024601,20.41239817,35.46487986,52.03332463,69.6447864,87.61137724,101.9769579,105.9353274,104.2281355,C4,C4: limit warming to 2°C (>50%)
GCAM 5.3,R_MAC_75_n8,9.92242055,10.4928024601,21.85803104,38.377286,56.75286023,76.64618755,98.673645069,116.9986882,121.1351039,119.2387376,C3,C3: limit warming to 2°C (>67%)
GCAM 5.3,R_MAC_80_n0,9.92242055,10.4928024601,19.83433268,34.23716931,50.10248143,66.80490252,83.681380778,100.0979474,104.1744711,102.5863076,C4,C4: limit warming to 2°C (>50%)
GCAM 5.3,R_MAC_80_n8,9.92242055,10.4928024601,21.14882421,36.98829228,54.49218253,73.22074567,93.02263139,114.3349355,118.6001312,116.6342905,C4,C4: limit warming to 2°C (>50%)
GCAM 5.3,R_MAC_85_n0,9.92242055,10.4928024601,19.35115995,33.19902893,48.47582274,64.38963494,80.585196954,95.5499084,102.3857808,100.9821031,C5,C5: limit warming to 2.5°C (>50%)
GCAM 5.3,R_MAC_85_n8,9.92242055,10.4928024601,20.55952972,35.77379511,52.52816183,70.36371099,88.672146146,107.5537523,116.0153221,114.2059421,C4,C4: limit warming to 2°C (>50%)
GCAM 5.3,R_MAC_90_n0,9.92242055,10.4928024601,18.94360391,32.31076727,47.08643564,62.32365997,78.003131961,91.9507912,100.6128021,99.3502318,C5,C5: limit warming to 2.5°C (>50%)
GCAM 5.3,R_MAC_90_n8,9.92242055,10.4928024601,20.05505621,34.7067211,50.83745943,67.89416191,85.145935836,102.2411379,113.4013185,111.6831993,C4,C4: limit warming to 2°C (>50%)
GCAM 5.3,R_MAC_95_n0,9.92242055,10.4928024601,18.59960235,31.54050125,45.88340274,60.5382833,75.776272934,89.0032734,96.9245004,97.7865347,C5,C5: limit warming to 2.5°C (>50%)
GCAM 5.3,R_MAC_95_n8,9.92242055,10.4928024601,19.61855763,33.77460164,49.37644854,65.72853073,82.278470611,98.0241485,108.4270548,109.3762731,C4,C4: limit warming to 2°C (>50%)
GCAM 5.3,R_MAC_99_n0,9.92242055,10.4928024601,18.30363687,30.86907116,44.83470874,59.00124381,73.845777398,86.5468977,93.9464327,96.3090879,C5,C5: limit warming to 2.5°C (>50%)
GCAM 5.3,R_MAC_99_n8,9.92242055,10.4928024601,19.24132191,32.96116819,48.10230444,63.83543635,79.891068516,94.5595063,103.9688019,107.1926879,C5,C5: limit warming to 2.5°C (>50%)
GCAM 5.3,SSP1-DACCS-1p9-3pctHR,9.92217329,10.6415275646,23.49956541,32.53456508,41.31499045,49.54752657,54.535685714,57.4919121,50.4049292,44.4478068,failed-vetting,failed-vetting
GCAM 5.3,SSP1-DACCS-2p6-3pctHR,9.92217329,10.6415428646,16.70251239,21.50512247,28.33682534,34.74640804,39.094487055,41.9348063,40.8433633,38.6627656,failed-vetting,failed-vetting
GCAM 5.3,SSP1-highcostDACCS-2p6-3pctHR,9.92217329,10.63722406,16.93359322,22.05145362,29.28203408,35.53695607,39.63661073,42.175302,39.9044219,37.0781378,failed-vetting,failed-vetting
GCAM 5.3,SSP1-lowcostDACCS-2p6-3pctHR,9.92217329,10.63720196,16.10525899,20.48511291,26.80018348,32.73267861,36.97350882,40.220098,39.6167259,37.5844108,failed-vetting,failed-vetting
GCAM 5.3,SSP1-noDACCS-1p9-3pctHR,9.92217329,10.6415469646,21.97080685,30.41091373,39.12654752,46.54356404,50.919986724,53.3109561,47.0104507,41.1922497,failed-vetting,failed-vetting
GCAM 5.3,SSP1-noDACCS-2p6-3pctHR,9.92217329,10.6415325546,16.88899879,21.822332,28.83038191,35.31200183,39.635000046,42.343419,40.3339172,37.4894888,failed-vetting,failed-vetting
GCAM 5.3,SSP2-DACCS-2p6-3pctHR,9.92217329,10.9820084048,14.80681438,26.95235817,39.00612297,51.23033314,67.928558162,79.41204,88.423366,90.441281,failed-vetting,failed-vetting
GCAM 5.3,SSP2-noDACCS-2p6-3pctHR,9.92217329,10.9881962236,14.83881398,30.14402629,42.56872053,54.14545357,68.95167118,79.9120604,88.607645,87.397503,failed-vetting,failed-vetting
GCAM 5.3,SSP4-DACCS-1p9-3pctHR,9.92217329,11.1013597256,20.113418073,28.00949163,39.17659739,51.32376489,59.784556999,63.947346,61.516214,57.878832,failed-vetting,failed-vetting
GCAM 5.3,SSP4-DACCS-2p6-3pctHR,9.92217329,11.1001778476,17.648662679,23.25777793,30.86513148,39.4169062,47.345156406,53.2099689,52.739277,51.120189,failed-vetting,failed-vetting
GCAM 5.3,SSP4-highcostDACCS-2p6-3pctHR,9.92217329,11.10124518,19.83493666,27.3712447,37.18257998,46.40056815,52.05930607,54.4983112,50.7753153,46.0742754,failed-vetting,failed-vetting
GCAM 5.3,SSP4-medcostDACCS-2p6-3pctHR,9.92217329,11.10148749,18.91693279,25.675289,34.73601552,43.85027302,50.25375391,54.4179059,52.6008833,49.227705,failed-vetting,failed-vetting
GCAM 5.3,SSP4-noDACCS-1p9-3pctHR,9.92217329,11.1073715821,25.58699657,36.16274029,45.44079058,54.41294193,59.875319084,62.6536904,55.1334371,48.6968322,failed-vetting,failed-vetting
GCAM 5.3,SSP4-noDACCS-2p6-3pctHR,9.92217329,11.1055324735,19.854275306,27.25283325,36.94629028,46.39832849,52.259264659,54.8141203,51.1782434,46.7162491,failed-vetting,failed-vetting
GCAM 5.3,SSP5-DACCS-1p9-3pctHR,9.92217329,11.1010109264,16.59855801,33.07648929,52.6820493,73.04356842,92.080718223,103.924556,110.461632,106.561744,failed-vetting,failed-vetting
GCAM 5.3,SSP5-DACCS-2p6-3pctHR,9.92217329,11.1010109264,16.57779668,28.20938336,42.79915098,59.8382529,79.781094394,91.972902,98.093168,97.294192,failed-vetting,failed-vetting
GCAM 5.3,SSP5-noDACCS-2p6-3pctHR,9.92217329,11.1071345124,16.61012395,39.46410755,56.76251441,71.81293256,89.193243679,97.326425,101.696446,92.174455,failed-vetting,failed-vetting
GCAM 5.3,SSP_SSP1,9.92242055,10.543631921,23.89926703,43.26027386,61.55650772,76.69056635,84.073302625,89.5621241,84.8894993,70.5011586,no-climate-assessment,no-climate-assessment
GCAM 5.3,SSP_SSP2,9.92242055,11.135718672,28.86198018,52.22137795,80.72695222,117.49496201,138.568926468,158.204162,165.075349,158.343227,C3,C3: limit warming to 2°C (>67%)
GCAM 5.3,SSP_SSP3,9.92242055,11.025246803,25.07926685,42.42765442,63.54713095,90.44410064,102.679220627,114.498727,119.996121,115.457453,C2,C2: return warming to 1.5°C (>50%) after a high overshoot
GCAM 5.3,SSP_SSP4,9.92242055,11.202455117,28.48385892,49.04909499,69.28076913,93.87021614,103.377790543,109.143663,105.012671,92.013561,C2,C2: return warming to 1.5°C (>50%) after a high overshoot
GCAM 5.3,SSP_SSP5,9.92242055,11.236191309,34.37467174,66.01625984,101.09075503,146.32694171,168.300639333,186.31395,187.521949,170.486183,C3,C3: limit warming to 2°C (>67%)
GCAM-PR 5.3,CSH,9.92243155,10.6372662541,13.22223679,16.97653436790504,20.36421535221658,26.207520788480583,33.000731664828756,39.12188710302148,44.68422063772231,47.26468477833486,no-climate-assessment,no-climate-assessment
GCAM-PR 5.3,PCSH,9.92243155,11.9500480837,16.02634436,16.97653436790504,20.36421535221658,26.207520788480583,33.000731664828756,39.12188710302148,44.68422063772231,47.26468477833486,failed-vetting,failed-vetting
GCAM-PR 5.3,PR_CP_Intensity,9.92243155,12.1008168614,15.90990534,18.63156529,27.61948677,32.36280891,36.8675327,41.8175395,41.0277989,39.7175794,failed-vetting,failed-vetting
GCAM-PR 5.3,PR_CP_Price,9.92243155,12.1008814312,15.9093832,18.0749895,26.656234745,29.11663211,30.28500802,34.08528767,31.4295595,29.4676736,failed-vetting,failed-vetting
GCAM-PR 5.3,PR_CP_PriceOnly,9.92243155,11.3683833965,15.66621005,18.35454203,26.774743034,30.39153417,31.75978949,35.31535444,33.2337149,31.3155199,C7,C7: limit warming to 4°C (>50%)
GCAM-PR 5.3,PR_NDC_Intensity,9.92243155,12.1008814312,17.38645338,23.13713858,33.51272673,39.86690229,44.6328749,48.0500208,47.2268279,45.6942968,failed-vetting,failed-vetting
GCAM-PR 5.3,PR_NDC_Price,9.92243155,12.1008814312,17.39445675,20.84019606,30.87458131,34.62878161,35.91681668,39.74533723,37.0026116,35.3045351,failed-vetting,failed-vetting
GCAM-PR 5.3,PR_NDC_PriceOnly,9.92243155,11.36487887,17.12476985,20.59972641,30.42179103,35.41657968,36.84318352,40.71853845,38.5133721,36.8075616,C6,C6: limit warming to 3°C (>50%)
GCAM-PR 5.3,PR_baseline,9.92243155,10.6511921,13.37208295,14.83624785,21.37018746,23.64334763,24.67770615,27.83202345,25.9409786,24.593012,C7,C7: limit warming to 4°C (>50%)
GCAM-PR 5.3,R,9.92242055,10.580209589,13.12159069,16.97653436790504,20.36421535221658,26.207520788480583,33.000731664828756,39.12188710302148,44.68422063772231,47.26468477833486,no-climate-assessment,no-climate-assessment
GCAM-PR 5.3,SH,9.92242055,10.5849501693,13.01384411,16.97653436790504,20.36421535221658,26.207520788480583,33.000731664828756,39.12188710302148,44.68422063772231,47.26468477833486,no-climate-assessment,no-climate-assessment
GCAM5.2_NET,GCAM_1.5C_high_os_high-cost-DAC,9.922424,11.81316,14.81801,46.7534,71.58521,86.06464,102.294,115.2369,126.2352,115.3645,failed-vetting,failed-vetting
GCAM5.2_NET,GCAM_1.5C_high_os_low-cost-DAC,9.922424,11.81316,14.81801,46.7534,66.77698,77.67632,93.3637,104.9176,114.5179,103.5412,failed-vetting,failed-vetting
GCAM5.2_NET,GCAM_1.5C_low_os_high-cost-DAC,9.922424,11.81316,40.79162,63.99284,74.72536,89.61963,102.7468,113.3456,104.7437,96.59134,failed-vetting,failed-vetting
GCAM5.2_NET,GCAM_1.5C_low_os_low-cost-DAC,9.922424,11.81316,40.79162,58.29383,68.49225,81.3935,93.89739,104.0883,95.66608,91.78074,failed-vetting,failed-vetting
GCAM5.2_NET,GCAM_1.5C_low_os_noDAC,9.922424,11.81316,40.79162,65.13615,82.31371,100.5355,116.075,129.4685,120.3611,110.2711,failed-vetting,failed-vetting
GEM-E3 V1,CD-LINKS_INDCi,9.226886598626823,13.47320008098064,21.58701317550312,23.76785490562333,22.7170408717976,26.207520788480583,33.000731664828756,39.12188710302148,44.68422063772231,47.26468477833486,failed-vetting,failed-vetting
GEM-E3 V1,CD-LINKS_INDCi_recGenTaxation,7.457251659019551,10.30544014564169,16.10285290319452,18.82246201122101,18.28437906686443,26.207520788480583,33.000731664828756,39.12188710302148,44.68422063772231,47.26468477833486,no-climate-assessment,no-climate-assessment
GEM-E3 V1,CD-LINKS_INDCi_recSocialSecurity,7.457251659019551,10.30544013930754,16.1004196534712,18.82755895854081,18.29181622870839,26.207520788480583,33.000731664828756,39.12188710302148,44.68422063772231,47.26468477833486,no-climate-assessment,no-climate-assessment
GEM-E3 V1,CD-LINKS_NPi,9.226886598626823,13.46432187003573,16.93456439535738,17.77312706224053,16.96757702921565,26.207520788480583,33.000731664828756,39.12188710302148,44.68422063772231,47.26468477833486,failed-vetting,failed-vetting
GEM-E3 V1,CD-LINKS_NPi2020_1000,9.226886598626823,13.46184267671299,24.24814900995404,26.46476287238382,24.66242660378218,26.207520788480583,33.000731664828756,39.12188710302148,44.68422063772231,47.26468477833486,failed-vetting,failed-vetting
GEM-E3 V1,CD-LINKS_NPi2020_1000_recGenTaxation,7.457251659019551,10.31121793552669,25.41953649202369,35.10056232427451,38.3410132190325,26.207520788480583,33.000731664828756,39.12188710302148,44.68422063772231,47.26468477833486,no-climate-assessment,no-climate-assessment
GEM-E3 V1,CD-LINKS_NPi2020_1000_recSocialSecurity,7.457251659019551,10.31121794140887,25.41699742266457,35.06745807217678,38.23741482460323,26.207520788480583,33.000731664828756,39.12188710302148,44.68422063772231,47.26468477833486,no-climate-assessment,no-climate-assessment
GEM-E3 V1,CD-LINKS_NPi2020_1600,9.226886598626823,13.46184267671299,21.97747508021581,27.10857498976642,23.88474758679857,26.207520788480583,33.000731664828756,39.12188710302148,44.68422063772231,47.26468477833486,failed-vetting,failed-vetting
GEM-E3 V1,CD-LINKS_NPi2020_400,9.226886598626823,13.46190811835964,27.87293974174019,28.07355478036534,23.60074490502639,26.207520788480583,33.000731664828756,39.12188710302148,44.68422063772231,47.26468477833486,failed-vetting,failed-vetting
GEM-E3 V1,CD-LINKS_NPi2020_400_recGenTaxation,7.457251659019551,10.31121793674278,26.25441653920581,33.16885516654472,36.21642210637386,26.207520788480583,33.000731664828756,39.12188710302148,44.68422063772231,47.26468477833486,failed-vetting,failed-vetting
GEM-E3 V1,CD-LINKS_NPi2020_400_recSocialSecurity,7.457251659019551,10.31121793567802,26.31280932472774,33.18000028722469,36.12982300313424,26.207520788480583,33.000731664828756,39.12188710302148,44.68422063772231,47.26468477833486,failed-vetting,failed-vetting
GEM-E3_V2021,EN_INDCi2030_1000,9.688192134237928,12.63176156599225,12.21588221615384,15.14599444063363,17.03462809062752,18.81977967398477,19.09221364197236,18.20493048054336,18.7250305668566,19.58966198802485,C3,C3: limit warming to 2°C (>67%)
GEM-E3_V2021,EN_INDCi2030_1000_COV,9.688192134237928,11.79947717288809,11.54291036380566,14.31441472993921,15.98032394967535,17.52364843239137,18.23612750901994,17.42116337714172,17.81884814727592,18.65249431665215,C3,C3: limit warming to 2°C (>67%)
GEM-E3_V2021,EN_INDCi2030_1000_COV_NDCp,9.688192134237928,11.79947717100071,12.14726507452425,14.50387072152122,15.82256863531969,17.52361630761585,18.18345173316699,17.5817125448097,17.51939469955287,18.87475677542347,C3,C3: limit warming to 2°C (>67%)
GEM-E3_V2021,EN_INDCi2030_1000_NDCp,9.688192134237928,12.63176156599225,12.7455826441272,15.35788420335501,17.15536003217652,18.87142103744355,19.23571498720245,18.45516425593358,19.05801245863915,19.88163941368948,C3,C3: limit warming to 2°C (>67%)
GEM-E3_V2021,EN_INDCi2030_1000f,9.688192134237928,12.63176156599225,12.21588221615384,14.64280966661301,15.30674373524034,17.71612451868687,18.70471056186584,19.33681491744857,19.23445801191147,20.28592368245216,C4,C4: limit warming to 2°C (>50%)
GEM-E3_V2021,EN_INDCi2030_1000f_COV,9.688192134237928,11.79947717288809,11.54291036380566,14.01311596234018,14.55009122923972,16.68760816860946,17.6999157404307,18.29453211373682,18.40432063958382,19.42115834669512,C3,C3: limit warming to 2°C (>67%)
GEM-E3_V2021,EN_INDCi2030_1000f_COV_NDCp,9.688192134237928,11.79947717100071,12.14726507452425,14.28653095768667,14.68635652526992,16.65289596506982,17.73792526097163,18.40091519172571,18.57487571902525,19.56433232673992,C3,C3: limit warming to 2°C (>67%)
GEM-E3_V2021,EN_INDCi2030_1000f_NDCp,9.688192134237928,12.63176156599225,12.7455826441272,14.89851122621408,15.43105932177024,17.62846245584465,18.75680724100782,19.52228348058356,19.47244011551011,20.61259666337859,C4,C4: limit warming to 2°C (>50%)
GEM-E3_V2021,EN_INDCi2030_1400,9.688192134237928,12.63176156599225,12.21588221615384,14.10374583919544,14.51903850872852,14.55522568100436,16.15640208059348,17.55586288967334,18.80698173366403,19.63239350413114,C4,C4: limit warming to 2°C (>50%)
GEM-E3_V2021,EN_INDCi2030_1400f,9.688192134237928,12.63176156599225,12.21588221615384,14.10374583919544,14.51903850872852,14.44961322622958,16.03311223228149,17.45228287580516,18.80376629177987,20.34727725836943,C4,C4: limit warming to 2°C (>50%)
GEM-E3_V2021,EN_INDCi2030_1800,9.688192134237928,12.63176156599225,12.21588221615384,13.8629916947671,14.05457624003091,13.60648813189162,14.47917681594526,14.93788609523924,16.29812401797631,19.5219756449421,C5,C5: limit warming to 2.5°C (>50%)
GEM-E3_V2021,EN_INDCi2030_1800f,9.688192134237928,12.63176156599225,12.21588221615384,13.8629916947671,14.05457624003091,13.60648813189162,14.47917681594526,14.93788609523924,16.29812401797631,19.5219756449421,C5,C5: limit warming to 2.5°C (>50%)
GEM-E3_V2021,EN_INDCi2030_600f,9.688192134237928,12.63176156599225,12.21588221615384,16.39184977740664,19.13715134341446,19.92711488165806,19.9422571342123,19.78467163355365,21.9195478315972,24.04669521421927,C2,C2: return warming to 1.5°C (>50%) after a high overshoot
GEM-E3_V2021,EN_INDCi2030_600f_COV,9.688192134237928,11.79947717288809,11.54291036380566,15.58228133836343,18.16438194092527,18.93754977015575,18.98305847209645,18.79638559576702,20.81768483123624,22.74655198784666,C2,C2: return warming to 1.5°C (>50%) after a high overshoot
GEM-E3_V2021,EN_INDCi2030_600f_COV_NDCp,9.688192134237928,11.79947717100071,12.14726507452425,15.79311089539157,18.21976628290255,19.0395585536302,19.07959530255884,18.88702290618137,20.93998947228264,22.88082537152246,C2,C2: return warming to 1.5°C (>50%) after a high overshoot
GEM-E3_V2021,EN_INDCi2030_600f_NDCp,9.688192134237928,12.63176156599225,12.7455826441272,16.47962221337101,19.18237408131978,20.01182335323183,20.02289164799399,19.89358798168966,22.0600717509836,24.21692829296777,C2,C2: return warming to 1.5°C (>50%) after a high overshoot
GEM-E3_V2021,EN_INDCi2030_800,9.688192134237928,12.63176156599225,12.21588221615384,17.57296579755349,20.31335090580523,20.06004928168613,19.95181113703025,19.47847809343059,20.40681227194304,23.05277974140285,C3,C3: limit warming to 2°C (>67%)
GEM-E3_V2021,EN_INDCi2030_800f,9.688192134237928,12.63176156599225,12.21588221615384,15.82624664001352,18.01663767807507,19.05079122971169,19.51182497526582,19.86934925356911,21.42479713719516,24.34751250689198,C2,C2: return warming to 1.5°C (>50%) after a high overshoot
GEM-E3_V2021,EN_INDCi2100,9.688192134237928,12.63176156599225,12.21588221615384,12.71110818642071,13.45647202374019,13.36198017577461,13.36671687119962,13.74504308737408,14.32235870368266,15.2740332266349,C7,C7: limit warming to 4°C (>50%)
GEM-E3_V2021,EN_INDCi2100_COV,9.688192134237928,11.79947717288809,11.54291036380566,12.10016087878915,12.56721628636826,12.72681041900738,12.68755978726223,13.04419141026635,13.65252024168879,14.52080665565378,C6,C6: limit warming to 3°C (>50%)
GEM-E3_V2021,EN_INDCi2100_COV_NDCp,9.688192134237928,11.79947717100071,12.14726507452425,13.26333804197841,13.5871674040778,13.2909448569499,13.19698710910938,13.55105018055838,14.20122659359361,14.93815340354237,C6,C6: limit warming to 3°C (>50%)
GEM-E3_V2021,EN_INDCi2100_NDCp,9.688192134237928,12.63176156599225,12.7455826441272,13.86134943942354,14.18241849424593,13.95986487942488,13.9327097348006,14.20536210863514,14.89910129150731,15.71567818599174,C6,C6: limit warming to 3°C (>50%)
GEM-E3_V2021,EN_NPi2020_1000,9.688192134237928,12.63176155804593,12.67105492557367,14.9238903730119,15.27652856557828,18.19010957138604,18.814437469944,18.37623774652801,18.38567966688579,19.894868754049,C3,C3: limit warming to 2°C (>67%)
GEM-E3_V2021,EN_NPi2020_1000_COV,9.688192134237928,11.79947717288809,11.91081999915017,14.22004617511916,14.44559870568373,16.71828351175414,17.74435116686476,17.3958020143815,17.41982897943355,18.58149247239673,C3,C3: limit warming to 2°C (>67%)
GEM-E3_V2021,EN_NPi2020_1000f,9.688192134237928,12.63176156387275,12.39387020259694,14.65638217001774,14.89382933532264,17.08423812525814,18.17651111198334,19.00530381385776,19.2877001515852,20.48283370263416,C4,C4: limit warming to 2°C (>50%)
GEM-E3_V2021,EN_NPi2020_1000f_COV,9.688192134237928,11.79947717288809,11.88919228746141,13.90916775690455,14.08166400591424,15.90905109642268,17.11127434885001,17.90588957404453,18.56082580758932,19.9234932155684,C3,C3: limit warming to 2°C (>67%)
GEM-E3_V2021,EN_NPi2020_1400,9.688192134237928,12.63176156341559,12.32568494661455,14.49351300849479,14.30418609478873,14.28893669835918,15.20008844680159,16.62257534250697,18.68740167837335,19.63414092001076,C5,C5: limit warming to 2.5°C (>50%)
GEM-E3_V2021,EN_NPi2020_1400f,9.688192134237928,12.63176156341559,12.32568494661455,14.49351300849479,14.30418609478873,14.2296284072547,15.17179334169627,16.57213483410857,18.65549294457234,20.45410524501586,C4,C4: limit warming to 2°C (>50%)
GEM-E3_V2021,EN_NPi2020_1800,9.688192134237928,12.63176156341559,12.29959565364796,13.78322029576898,13.99110432289381,13.42671345840769,14.07221193957884,14.6637129707022,15.72114202273307,19.22513819064588,C5,C5: limit warming to 2.5°C (>50%)
GEM-E3_V2021,EN_NPi2020_1800f,9.688192134237928,12.63176156341559,12.29959565364796,13.78322029576898,13.99110432289381,13.42671345840769,14.07221193957884,14.6637129707022,15.72114202273307,19.22513819064588,C5,C5: limit warming to 2.5°C (>50%)
GEM-E3_V2021,EN_NPi2020_400f,9.688192134237928,12.63176156387275,14.54074476079494,16.36071088018289,18.47629090558833,19.55261459077251,19.27095169104405,19.14379672295261,19.70982623620365,20.42117591392029,C2,C2: return warming to 1.5°C (>50%) after a high overshoot
GEM-E3_V2021,EN_NPi2020_500,9.688192134237928,12.63176155804593,16.16818929732709,20.67713110005793,20.11731727395939,19.6882884413347,17.7564844055286,17.35298906424419,17.16860477520131,17.86602418272806,C1,C1: limit warming to 1.5°C (>50%) with no or limited overshoot
GEM-E3_V2021,EN_NPi2020_500f,9.688192134237928,12.63176156387275,13.93807221132726,15.9951966540415,17.56833822256491,18.93729985741457,19.01834503389081,19.16397851098376,19.69066791725196,20.21418326635313,C2,C2: return warming to 1.5°C (>50%) after a high overshoot
GEM-E3_V2021,EN_NPi2020_600,9.688192134237928,12.63176155804593,15.86901780989862,18.99021421195984,20.25383174936194,20.0953729732699,18.50637074266813,17.85190628378438,18.00015956619296,19.80215536320685,C2,C2: return warming to 1.5°C (>50%) after a high overshoot
GEM-E3_V2021,EN_NPi2020_600_COV,9.688192134237928,11.79947717288809,15.19039829892113,17.52720572492353,19.56710386934344,19.28015484624195,18.09062632673622,18.10750016299889,19.17261373567248,21.83374445924876,C1,C1: limit warming to 1.5°C (>50%) with no or limited overshoot
GEM-E3_V2021,EN_NPi2020_600f,9.688192134237928,12.63176156387275,13.6917883723054,15.78842212767426,17.01395125628417,18.61216559792799,19.10567158157646,19.12617826206582,19.73762392734544,20.69658494098013,C2,C2: return warming to 1.5°C (>50%) after a high overshoot
GEM-E3_V2021,EN_NPi2020_600f_COV,9.688192134237928,11.79947717288809,13.42414898368106,15.47239954490844,16.31246028027936,18.15450209348326,18.38644032347957,18.77310812898253,20.75952589939205,23.0066303531783,C2,C2: return warming to 1.5°C (>50%) after a high overshoot
GEM-E3_V2021,EN_NPi2020_800,9.688192134237928,12.63176155804593,14.21468437422659,16.22847200723659,17.5342438466988,19.02447721715757,18.64120760802246,17.92681041908155,18.46762020372193,19.57193039946842,C3,C3: limit warming to 2°C (>67%)
GEM-E3_V2021,EN_NPi2020_800f,9.688192134237928,12.63176156387275,13.10525179933409,15.22851510773331,15.62257545599031,18.10804184056711,18.71859825048492,19.19540170337688,19.14742200832029,20.20200391815601,C3,C3: limit warming to 2°C (>67%)
GEM-E3_V2021,EN_NPi2100,9.688192134237928,12.63176156599225,11.88725520792009,12.20708856759971,12.86392414219725,13.05893113171603,13.27860925443456,14.33392429977233,15.00423929448734,15.81027463522274,C7,C7: limit warming to 4°C (>50%)
GEM-E3_V2021,EN_NPi2100_COV,9.688192134237928,11.79947717288809,11.31540758043999,11.67213191943827,12.23860457220896,12.41442669705562,12.58332704290029,13.54062684639336,14.15353749946189,14.91187982586195,C7,C7: limit warming to 4°C (>50%)
GEMINI-E3 7.0,PR_Baseline,9.688192134237928,9.8380922767,10.3214427425,11.2803734363,12.9492,26.207520788480583,33.000731664828756,39.12188710302148,44.68422063772231,47.26468477833486,no-climate-assessment,no-climate-assessment
GEMINI-E3 7.0,PR_CP_Intensity,9.688192134237928,9.9025730087,10.977704474,12.2466690686,14.3719970399,26.207520788480583,33.000731664828756,39.12188710302148,44.68422063772231,47.26468477833486,no-climate-assessment,no-climate-assessment
GEMINI-E3 7.0,PR_CP_Price,9.688192134237928,9.9025730087,10.977704474,12.2466690686,14.3719970399,26.207520788480583,33.000731664828756,39.12188710302148,44.68422063772231,47.26468477833486,no-climate-assessment,no-climate-assessment
GEMINI-E3 7.0,PR_CP_PriceOnly,9.688192134237928,9.8380922767,10.3214427425,11.2803734363,12.9492,26.207520788480583,33.000731664828756,39.12188710302148,44.68422063772231,47.26468477833486,no-climate-assessment,no-climate-assessment
GEMINI-E3 7.0,PR_NDC_Intensity,9.688192134237928,9.9025730087,10.977704474,12.2466690686,14.3719970399,26.207520788480583,33.000731664828756,39.12188710302148,44.68422063772231,47.26468477833486,no-climate-assessment,no-climate-assessment
GEMINI-E3 7.0,PR_NDC_Price,9.688192134237928,9.9025730087,10.977704474,12.2466690686,14.3719970399,26.207520788480583,33.000731664828756,39.12188710302148,44.68422063772231,47.26468477833486,no-climate-assessment,no-climate-assessment
GENeSYS-MOD 1.0,1,9.688192134237928,9.442,7.428,2.552,0.0,26.207520788480583,33.000731664828756,39.12188710302148,44.68422063772231,47.26468477833486,no-climate-assessment,no-climate-assessment
GMM-17,Hard_Rock,10.22473,10.35335,13.71043,15.68572,17.67769,19.41748,33.000731664828756,39.12188710302148,44.68422063772231,47.26468477833486,no-climate-assessment,no-climate-assessment
GMM-17,Modern_Jazz,10.22473,10.13498,11.85964,13.634,16.14134,17.32034,33.000731664828756,39.12188710302148,44.68422063772231,47.26468477833486,no-climate-assessment,no-climate-assessment
GMM-17,Symphony_1.5C,9.92264,11.93756,15.83213,19.93825,24.10646,28.68446,33.000731664828756,39.12188710302148,44.68422063772231,47.26468477833486,no-climate-assessment,no-climate-assessment
GMM-17,Unfinished_Symphony,10.22473,10.6368,16.01393,20.5355,24.48648,28.14627,33.000731664828756,39.12188710302148,44.68422063772231,47.26468477833486,no-climate-assessment,no-climate-assessment
GRAPE-15 1.0,EMF33_1.5C_cost100,9.9227,14.6336,20.9002,25.3973,32.7383,41.2821,48.7211,50.074,51.3215,59.1438,failed-vetting,failed-vetting
GRAPE-15 1.0,EMF33_1.5C_full,9.9227,14.6323,20.9051,25.3761,32.6792,41.2941,48.7096,50.0458,51.2922,59.151,failed-vetting,failed-vetting
GRAPE-15 1.0,EMF33_1.5C_nofuel,9.9227,14.6368,20.9006,25.4755,32.7216,41.4259,48.8635,50.2552,51.4159,59.3562,failed-vetting,failed-vetting
GRAPE-15 1.0,EMF33_Baseline,9.9227,15.1495,15.8085,14.5462,17.1844,21.611,27.9574,34.0258,31.926,32.9954,failed-vetting,failed-vetting
GRAPE-15 1.0,EMF33_Med2C_cost100,9.9227,15.0944,20.5717,22.1568,31.4558,38.8262,43.4522,40.9327,33.7607,28.9281,failed-vetting,failed-vetting
GRAPE-15 1.0,EMF33_Med2C_full,9.9227,15.0962,20.5505,22.3116,31.0329,38.8614,43.4053,41.16399999999999,33.8117,28.727,failed-vetting,failed-vetting
GRAPE-15 1.0,EMF33_Med2C_limbio,9.9227,15.0613,22.0656,27.4932,37.2406,44.9475,52.448,56.947,63.1924,70.6582,failed-vetting,failed-vetting
GRAPE-15 1.0,EMF33_Med2C_nobeccs,9.9227,14.7448,22.9042,28.6482,38.3232,47.7807,55.2608,56.3777,59.2247,66.9416,failed-vetting,failed-vetting
GRAPE-15 1.0,EMF33_Med2C_nofuel,9.9227,15.0919,20.547,22.2741,31.0902,38.9173,43.4899,41.2561,33.689,28.4774,failed-vetting,failed-vetting
GRAPE-15 1.0,EMF33_Med2C_none,9.9227,14.7606,22.8911,28.9921,38.6282,47.6756,55.3961,56.0249,58.9344,66.7714,failed-vetting,failed-vetting
GRAPE-15 1.0,EMF33_WB2C_cost100,9.9227,15.035,22.0307,28.3366,34.7043,40.8828,45.8744,37.9344,36.1469,35.4193,failed-vetting,failed-vetting
GRAPE-15 1.0,EMF33_WB2C_full,9.9227,15.0349,22.0305,28.3327,34.7006,41.7642,46.1346,38.154,36.4244,35.308,failed-vetting,failed-vetting
GRAPE-15 1.0,EMF33_WB2C_limbio,9.9227,14.2977,20.934,29.2897,39.7748,46.6743,52.3646,56.4015,60.4339,69.047,failed-vetting,failed-vetting
GRAPE-15 1.0,EMF33_WB2C_nofuel,9.9227,15.035,22.0307,28.3334,34.7019,41.1444,45.5248,37.5454,35.6766,34.5748,failed-vetting,failed-vetting
GRAPE-15 1.0,EMF33_tax_hi_full,9.9227,15.0996,21.6158,27.8982,35.374,41.8727,48.4712,50.043,49.786,54.8998,failed-vetting,failed-vetting
GRAPE-15 1.0,EMF33_tax_hi_none,9.9227,14.8954,22.6026,27.9844,39.2936,48.1746,56.0385,58.3231,61.5253,70.2184,failed-vetting,failed-vetting
GRAPE-15 1.0,EMF33_tax_lo_full,9.9227,14.6847,19.2371,21.3459,32.2163,41.2124,45.087,44.106,39.3284,38.0024,failed-vetting,failed-vetting
GRAPE-15 1.0,EMF33_tax_lo_none,9.9227,14.7522,19.7124,22.6951,34.1903,41.935,46.4577,44.4059,39.4989,39.0234,failed-vetting,failed-vetting
ICES-XPS 1.0,CSH,9.688192134237928,12.5989467741,18.68784008029,16.97653436790504,20.36421535221658,26.207520788480583,33.000731664828756,39.12188710302148,44.68422063772231,47.26468477833486,failed-vetting,failed-vetting
ICES-XPS 1.0,PCSH,9.688192134237928,12.52640341681,16.87377536317,16.97653436790504,20.36421535221658,26.207520788480583,33.000731664828756,39.12188710302148,44.68422063772231,47.26468477833486,failed-vetting,failed-vetting
ICES-XPS 1.0,PR_Baseline,9.688192134237928,12.32003867745,20.1437483564,30.730779079,47.6428739525,26.207520788480583,33.000731664828756,39.12188710302148,44.68422063772231,47.26468477833486,failed-vetting,failed-vetting
ICES-XPS 1.0,PR_CP_Intensity,9.688192134237928,12.25965742191,18.9518128224,28.9979292998,41.8863688814,26.207520788480583,33.000731664828756,39.12188710302148,44.68422063772231,47.26468477833486,failed-vetting,failed-vetting
ICES-XPS 1.0,PR_CP_Price,9.688192134237928,12.33736217214,19.1854495416,28.4006042445,40.47665144820001,26.207520788480583,33.000731664828756,39.12188710302148,44.68422063772231,47.26468477833486,failed-vetting,failed-vetting
ICES-XPS 1.0,PR_CP_PriceOnly,9.688192134237928,12.33736217214,20.2345300416,31.1173265692,48.9457700366,26.207520788480583,33.000731664828756,39.12188710302148,44.68422063772231,47.26468477833486,failed-vetting,failed-vetting
ICES-XPS 1.0,PR_NDC_Intensity,9.688192134237928,12.31269826387,20.3645902653,33.170384603,47.0962970314,26.207520788480583,33.000731664828756,39.12188710302148,44.68422063772231,47.26468477833486,failed-vetting,failed-vetting
ICES-XPS 1.0,PR_NDC_Price,9.688192134237928,12.39649063201,20.7340240573,30.7577124207,42.85840022230001,26.207520788480583,33.000731664828756,39.12188710302148,44.68422063772231,47.26468477833486,failed-vetting,failed-vetting
ICES-XPS 1.0,PR_NDC_PriceOnly,9.688192134237928,12.39649063201,22.0637288857,34.0990302998,53.6497837479,26.207520788480583,33.000731664828756,39.12188710302148,44.68422063772231,47.26468477833486,failed-vetting,failed-vetting
ICES-XPS 1.0,R,9.688192134237928,11.99929135339,17.4040150994,16.97653436790504,20.36421535221658,26.207520788480583,33.000731664828756,39.12188710302148,44.68422063772231,47.26468477833486,failed-vetting,failed-vetting
ICES-XPS 1.0,SH,9.688192134237928,11.99929135339,17.4040150994,16.97653436790504,20.36421535221658,26.207520788480583,33.000731664828756,39.12188710302148,44.68422063772231,47.26468477833486,failed-vetting,failed-vetting
IEA Energy Technology Perspectives Model 2020,B2DS,9.92263853593811,10.0584,12.24551491681001,15.75083065127766,17.50876846701722,19.05676205094321,20.34312098411049,39.12188710302148,44.68422063772231,47.26468477833486,no-climate-assessment,no-climate-assessment
IMACLIM 1.1,ADVANCE_2020_1.5C-2100_WP6,7.746,8.357999999999999,16.39,34.1,38.38,26.207520788480583,33.000731664828756,39.12188710302148,44.68422063772231,47.26468477833486,no-climate-assessment,no-climate-assessment
IMACLIM 1.1,ADVANCE_2020_Med2C_WP6,7.746,8.503,11.52,35.46,40.57,26.207520788480583,33.000731664828756,39.12188710302148,44.68422063772231,47.26468477833486,failed-vetting,failed-vetting
IMACLIM 1.1,ADVANCE_2020_WB2C_WP6,7.746,8.417,13.66,44.47,48.31,26.207520788480583,33.000731664828756,39.12188710302148,44.68422063772231,47.26468477833486,no-climate-assessment,no-climate-assessment
IMACLIM 1.1,ADVANCE_2030_Med2C_WP6,7.74,8.64,9.719,23.82,27.7,26.207520788480583,33.000731664828756,39.12188710302148,44.68422063772231,47.26468477833486,failed-vetting,failed-vetting
IMACLIM 1.1,ADVANCE_2030_Price1.5C_WP6,7.74,8.64,9.753,27.19,33.02,26.207520788480583,33.000731664828756,39.12188710302148,44.68422063772231,47.26468477833486,failed-vetting,failed-vetting
IMACLIM 1.1,ADVANCE_2030_WB2C_WP6,7.74,8.64,9.73,24.68,33.45,26.207520788480583,33.000731664828756,39.12188710302148,44.68422063772231,47.26468477833486,failed-vetting,failed-vetting
IMACLIM 1.1,ADVANCE_INDC_WP6,7.74,8.635,9.466,11.66,9.652,26.207520788480583,33.000731664828756,39.12188710302148,44.68422063772231,47.26468477833486,failed-vetting,failed-vetting
IMACLIM 1.1,ADVANCE_NoPolicy_WP6,7.771,8.805,8.32,6.491000000000001,4.689,26.207520788480583,33.000731664828756,39.12188710302148,44.68422063772231,47.26468477833486,no-climate-assessment,no-climate-assessment
IMACLIM 1.1,ADVANCE_Reference_WP6,7.746,8.637,8.356,6.66,4.89,26.207520788480583,33.000731664828756,39.12188710302148,44.68422063772231,47.26468477833486,failed-vetting,failed-vetting
IMACLIM 1.1,SSP1_NoPolicy_TranspBase,6.002999999999999,3.646,1.049,0.5356,0.6096,0.6706,0.687,0.6944,44.68422063772231,47.26468477833486,no-climate-assessment,no-climate-assessment
IMACLIM 1.1,SSP1_NoPolicy_TranspOpt,6.005,3.619,1.06,0.5844,0.7154,0.8244,0.8759,0.9347,44.68422063772231,47.26468477833486,no-climate-assessment,no-climate-assessment
IMACLIM 1.1,SSP1_RCP34_TranspBase,5.766,3.253,0.8437,0.4031,0.5558,0.7272,0.7878,39.12188710302148,44.68422063772231,47.26468477833486,failed-vetting,failed-vetting
IMACLIM 1.1,SSP1_RCP34_TranspOpt,5.777,3.254,0.8465,0.4569,0.6733,0.8747,1.055,10.5,44.68422063772231,47.26468477833486,failed-vetting,failed-vetting
IMACLIM 1.1,SSP1_RCP45_TranspBase,5.768,3.319,0.9102,0.4629,0.4946,0.5384,0.6269,4.902,44.68422063772231,47.26468477833486,failed-vetting,failed-vetting
IMACLIM 1.1,SSP1_RCP45_TranspOpt,5.776,3.318,0.9398,0.5153,0.6032,0.6821,0.7833,1.12,44.68422063772231,47.26468477833486,failed-vetting,failed-vetting
IMACLIM 1.1,SSP3_NoPolicy_TranspBase,8.138,10.19,11.86,14.41,15.43,16.45,17.82,18.78,44.68422063772231,47.26468477833486,no-climate-assessment,no-climate-assessment
IMACLIM 1.1,SSP3_NoPolicy_TranspOpt,8.15,10.19,11.86,14.47,15.6,16.77,17.99,19.05,44.68422063772231,47.26468477833486,no-climate-assessment,no-climate-assessment
IMACLIM 1.1,SSP3_NoPolicy_Transp_111,5.883,3.493,0.9455,0.3918,0.4336,0.4485,0.4834,0.5119,44.68422063772231,47.26468477833486,no-climate-assessment,no-climate-assessment
IMACLIM 1.1,SSP3_NoPolicy_Transp_112,5.883,3.492,0.9458,0.3961,0.4483,0.4572,0.4874,0.5083,44.68422063772231,47.26468477833486,no-climate-assessment,no-climate-assessment
IMACLIM 1.1,SSP3_NoPolicy_Transp_121,5.884,3.475,0.9522,0.4441,0.5023,0.4931,0.4901,0.5056,44.68422063772231,47.26468477833486,no-climate-assessment,no-climate-assessment
IMACLIM 1.1,SSP3_NoPolicy_Transp_211,5.881,3.487,0.9601,0.4332,0.4834,0.4792,0.4942,0.5122,44.68422063772231,47.26468477833486,no-climate-assessment,no-climate-assessment
IMACLIM 1.1,SSP3_NoPolicy_Transp_222,5.882,3.466,0.9568,0.4441,0.5323,0.5396,0.5296,0.5333,44.68422063772231,47.26468477833486,no-climate-assessment,no-climate-assessment
IMACLIM 1.1,SSP3_RCP26_Transp_111,5.844,3.233,0.7107,0.2115,0.2203,26.207520788480583,33.000731664828756,39.12188710302148,44.68422063772231,47.26468477833486,no-climate-assessment,no-climate-assessment
IMACLIM 1.1,SSP3_RCP26_Transp_112,5.844,3.233,0.711,0.212,0.2223,26.207520788480583,33.000731664828756,39.12188710302148,44.68422063772231,47.26468477833486,no-climate-assessment,no-climate-assessment
IMACLIM 1.1,SSP3_RCP26_Transp_121,5.852,3.244,0.7105,0.2096,0.2219,2.282,33.000731664828756,39.12188710302148,44.68422063772231,47.26468477833486,no-climate-assessment,no-climate-assessment
IMACLIM 1.1,SSP3_RCP26_Transp_211,5.848,3.241,0.7128,0.2127,0.2229,2.264,33.000731664828756,39.12188710302148,44.68422063772231,47.26468477833486,no-climate-assessment,no-climate-assessment
IMACLIM 1.1,SSP3_RCP26_Transp_222,5.854,3.251,0.7095,0.2141,0.2323,2.004,33.000731664828756,39.12188710302148,44.68422063772231,47.26468477833486,no-climate-assessment,no-climate-assessment
IMACLIM 1.1,SSP3_RCP34_TranspBase,7.987999999999999,9.009,8.857000000000001,12.01,15.02,15.95,15.55,16.61,44.68422063772231,47.26468477833486,failed-vetting,failed-vetting
IMACLIM 1.1,SSP3_RCP34_TranspOpt,8.017000000000001,9.024,9.079,12.61,15.65,16.81,15.9,14.07,44.68422063772231,47.26468477833486,failed-vetting,failed-vetting
IMACLIM 1.1,SSP3_RCP34_Transp_111,5.847,3.331,0.7821,0.3039,0.385,0.4539,0.4632,2.939,44.68422063772231,47.26468477833486,no-climate-assessment,no-climate-assessment
IMACLIM 1.1,SSP3_RCP34_Transp_112,5.848,3.331,0.7843,0.3089,0.3884,0.4619,0.4604,2.995,44.68422063772231,47.26468477833486,no-climate-assessment,no-climate-assessment
IMACLIM 1.1,SSP3_RCP34_Transp_121,5.853,3.36,0.8109,0.3239,0.3882,0.4649,0.4604,2.51,44.68422063772231,47.26468477833486,no-climate-assessment,no-climate-assessment
IMACLIM 1.1,SSP3_RCP34_Transp_211,5.85,3.342,0.7917,0.3117,0.3893,0.4737,0.4655,2.393,44.68422063772231,47.26468477833486,no-climate-assessment,no-climate-assessment
IMACLIM 1.1,SSP3_RCP34_Transp_222,5.858,3.377,0.8299,0.3617,0.4309,0.4985,0.4523,1.731,44.68422063772231,47.26468477833486,no-climate-assessment,no-climate-assessment
IMACLIM 1.1,SSP3_RCP45_TranspBase,7.991,9.292,10.45,13.17,14.16,14.73,15.54,15.99,44.68422063772231,47.26468477833486,failed-vetting,failed-vetting
IMACLIM 1.1,SSP3_RCP45_TranspOpt,8.022,9.421,10.74,13.42,14.37,15.09,16.09,16.85,44.68422063772231,47.26468477833486,failed-vetting,failed-vetting
IMACLIM 1.1,SSP3_RCP45_Transp_111,5.846,3.427,0.9125,0.3549,0.3769,0.3985,0.4062,0.4709,44.68422063772231,47.26468477833486,no-climate-assessment,no-climate-assessment
IMACLIM 1.1,SSP3_RCP45_Transp_112,5.846,3.431,0.9279,0.3739,0.3954,0.3952,0.4066,0.4748,44.68422063772231,47.26468477833486,no-climate-assessment,no-climate-assessment
IMACLIM 1.1,SSP3_RCP45_Transp_121,5.854,3.446,0.9523,0.4013,0.3913,0.3897,0.4015,0.4814,44.68422063772231,47.26468477833486,no-climate-assessment,no-climate-assessment
IMACLIM 1.1,SSP3_RCP45_Transp_211,5.852,3.448,0.9477,0.3948,0.3875,0.3905,0.4097,0.486,44.68422063772231,47.26468477833486,no-climate-assessment,no-climate-assessment
IMACLIM 1.1,SSP3_RCP45_Transp_222,5.859,3.449,0.9595,0.4463,0.4248,0.4182,0.4322,0.5318,44.68422063772231,47.26468477833486,no-climate-assessment,no-climate-assessment
IMACLIM 1.1,base_DemandHigh_FossilHigh_TechHigh,6.18,4.03,1.232,0.6861,0.8192,26.207520788480583,33.000731664828756,39.12188710302148,44.68422063772231,47.26468477833486,failed-vetting,failed-vetting
IMACLIM 1.1,base_DemandHigh_FossilLow_TechHigh,8.354,9.573,9.744,11.18,11.32,26.207520788480583,33.000731664828756,39.12188710302148,44.68422063772231,47.26468477833486,failed-vetting,failed-vetting
IMACLIM 1.1,base_DemandHigh_FossilLow_TechLow,6.178,3.88,1.13,0.5704,0.6362,26.207520788480583,33.000731664828756,39.12188710302148,44.68422063772231,47.26468477833486,no-climate-assessment,no-climate-assessment
IMACLIM 1.1,base_DemandLow_FossilHigh_TechHigh,7.994,8.812999999999999,8.029,7.507999999999999,6.104,26.207520788480583,33.000731664828756,39.12188710302148,44.68422063772231,47.26468477833486,failed-vetting,failed-vetting
IMACLIM 1.1,base_DemandLow_FossilHigh_TechLow,6.018,3.861,1.134,0.5882,0.7038,26.207520788480583,33.000731664828756,39.12188710302148,44.68422063772231,47.26468477833486,no-climate-assessment,no-climate-assessment
IMACLIM 1.1,base_DemandLow_FossilLow_TechHigh,7.978,8.484,7.74,7.749,6.661,26.207520788480583,33.000731664828756,39.12188710302148,44.68422063772231,47.26468477833486,failed-vetting,failed-vetting
IMACLIM 1.1,base_DemandLow_FossilLow_TechLow,6.016,3.72,1.049,0.5004,0.5789,26.207520788480583,33.000731664828756,39.12188710302148,44.68422063772231,47.26468477833486,no-climate-assessment,no-climate-assessment
IMACLIM 1.1,peak2016_DemandHigh_FossilHigh_TechHigh,6.057,3.553,0.9103,0.4088,0.5587,26.207520788480583,33.000731664828756,39.12188710302148,44.68422063772231,47.26468477833486,failed-vetting,failed-vetting
IMACLIM 1.1,peak2016_DemandHigh_FossilLow_TechHigh,6.056,3.502,0.8577,0.4334,0.6035,26.207520788480583,33.000731664828756,39.12188710302148,44.68422063772231,47.26468477833486,failed-vetting,failed-vetting
IMACLIM 1.1,peak2016_DemandHigh_FossilLow_TechLow,8.08,8.494,6.89,7.267,8.245,26.207520788480583,33.000731664828756,39.12188710302148,44.68422063772231,47.26468477833486,failed-vetting,failed-vetting
IMACLIM 1.1,peak2016_DemandLow_FossilHigh_TechHigh,7.963999999999999,8.128,6.167999999999999,5.962999999999999,6.058,26.207520788480583,33.000731664828756,39.12188710302148,44.68422063772231,47.26468477833486,failed-vetting,failed-vetting
IMACLIM 1.1,peak2016_DemandLow_FossilHigh_TechLow,5.99,3.433,0.8103,0.3257,2.529,26.207520788480583,33.000731664828756,39.12188710302148,44.68422063772231,47.26468477833486,failed-vetting,failed-vetting
IMACLIM 1.1,peak2016_DemandLow_FossilLow_TechHigh,7.959,7.862999999999999,5.783,5.367999999999999,5.867000000000001,26.207520788480583,33.000731664828756,39.12188710302148,44.68422063772231,47.26468477833486,failed-vetting,failed-vetting
IMACLIM 1.1,peak2016_DemandLow_FossilLow_TechLow,5.992999999999999,3.396,0.7686,0.3405,3.021,26.207520788480583,33.000731664828756,39.12188710302148,44.68422063772231,47.26468477833486,failed-vetting,failed-vetting
IMACLIM 1.1,peak2020_DemandHigh_FossilHigh_TechHigh,6.057,3.622,0.9334,0.4431,4.273,26.207520788480583,33.000731664828756,39.12188710302148,44.68422063772231,47.26468477833486,failed-vetting,failed-vetting
IMACLIM 1.1,peak2020_DemandHigh_FossilLow_TechHigh,8.08,8.514,6.685,6.721,7.824,26.207520788480583,33.000731664828756,39.12188710302148,44.68422063772231,47.26468477833486,failed-vetting,failed-vetting
IMACLIM 1.1,peak2020_DemandHigh_FossilLow_TechLow,6.056,3.587,0.894,0.462,4.309,26.207520788480583,33.000731664828756,39.12188710302148,44.68422063772231,47.26468477833486,failed-vetting,failed-vetting
IMACLIM 1.1,peak2020_DemandLow_FossilHigh_TechHigh,7.963999999999999,8.195,5.968999999999999,5.388999999999999,5.606,26.207520788480583,33.000731664828756,39.12188710302148,44.68422063772231,47.26468477833486,failed-vetting,failed-vetting
IMACLIM 1.1,peak2020_DemandLow_FossilHigh_TechLow,5.99,3.537,0.8622,0.3756,3.181,26.207520788480583,33.000731664828756,39.12188710302148,44.68422063772231,47.26468477833486,failed-vetting,failed-vetting
IMACLIM 1.1,peak2020_DemandLow_FossilLow_TechHigh,7.959,8.017999999999999,5.851,5.091,5.553,26.207520788480583,33.000731664828756,39.12188710302148,44.68422063772231,47.26468477833486,failed-vetting,failed-vetting
IMACLIM 1.1,peak2020_DemandLow_FossilLow_TechLow,5.992999999999999,3.497,0.8178,0.3507,3.251,26.207520788480583,33.000731664828756,39.12188710302148,44.68422063772231,47.26468477833486,failed-vetting,failed-vetting
IMACLIM 1.1,peak2025_DemandHigh_FossilHigh_TechHigh,6.057,3.65,0.9739,0.4983,4.961,26.207520788480583,33.000731664828756,39.12188710302148,44.68422063772231,47.26468477833486,failed-vetting,failed-vetting
IMACLIM 1.1,peak2025_DemandHigh_FossilLow_TechHigh,8.08,8.538,7.315,6.811,7.763999999999999,26.207520788480583,33.000731664828756,39.12188710302148,44.68422063772231,47.26468477833486,failed-vetting,failed-vetting
IMACLIM 1.1,peak2025_DemandHigh_FossilLow_TechLow,6.056,3.616,0.9453,0.4542,5.118,26.207520788480583,33.000731664828756,39.12188710302148,44.68422063772231,47.26468477833486,failed-vetting,failed-vetting
IMACLIM 1.1,peak2025_DemandLow_FossilHigh_TechHigh,7.963999999999999,8.307,6.689,5.64,5.573,26.207520788480583,33.000731664828756,39.12188710302148,44.68422063772231,47.26468477833486,failed-vetting,failed-vetting
IMACLIM 1.1,peak2025_DemandLow_FossilHigh_TechLow,5.99,3.572,0.9232,0.3991,3.563,26.207520788480583,33.000731664828756,39.12188710302148,44.68422063772231,47.26468477833486,failed-vetting,failed-vetting
IMACLIM 1.1,peak2025_DemandLow_FossilLow_TechHigh,7.959,8.277000000000001,6.759,5.457999999999999,5.468,26.207520788480583,33.000731664828756,39.12188710302148,44.68422063772231,47.26468477833486,failed-vetting,failed-vetting
IMACLIM-NLU 1.0,EMF33_Baseline,8.071,9.267,8.713,9.1,7.87,7.62,7.941,9.431,11.74,15.32,no-climate-assessment,no-climate-assessment
IMACLIM-NLU 1.0,EMF33_tax_hi_none,8.071,9.268,7.632000000000001,8.336,7.587000000000002,8.122,8.943,10.4,11.34,11.94,failed-vetting,failed-vetting
IMACLIM-NLU 1.0,EMF33_tax_lo_none,8.071,9.268,8.526,8.502,7.584,7.232,8.192,10.37,13.17,17.47,failed-vetting,failed-vetting
IMAGE 3.0,CO_2Deg2020,9.9226368,10.574860288,10.816740352,9.133666304,6.699553792000001,7.775826943999999,9.556658176,11.804250112,17.214529536,23.808980992,C3,C3: limit warming to 2°C (>67%)
IMAGE 3.0,CO_2Deg2030,9.9226368,10.5787904,10.791520256,9.212700672,9.39083264,11.823689728,14.971490304,19.913889792,29.471309824,38.037000192,C3,C3: limit warming to 2°C (>67%)
IMAGE 3.0,CO_BAU,9.9226368,11.681420288,13.565609984,12.666779648,10.900240384,12.77097984,14.440179712,14.273200128,13.265600512,11.369709568,C7,C7: limit warming to 4°C (>50%)
IMAGE 3.0,CO_Bridge,9.9226368,11.490390016,11.713179648,9.895979008,9.390395392,11.744279552,13.615059968,17.37601024,25.002729472,34.402721792,C3,C3: limit warming to 2°C (>67%)
IMAGE 3.0,CO_CurPol,9.9226368,10.576379904,10.671280128,7.854034943999999,3.943948032,3.887727104,3.523334912,2.45517312,3.08207488,3.604076032,C7,C7: limit warming to 4°C (>50%)
IMAGE 3.0,CO_GPP,9.9226368,11.490390016,11.713179648,9.374606336,6.293168128,6.780738048000001,7.338662912,6.694801920000002,8.280379904,10.855350272,C5,C5: limit warming to 2.5°C (>50%)
IMAGE 3.0,CO_NDCplus,9.9226368,10.580320256,10.794130432,8.11151104,4.600514048,4.435385856,5.232293888,5.327763968,6.791561216000002,8.711552000000001,C7,C7: limit warming to 4°C (>50%)
IMAGE 3.0,EN_INDCi2030_1000,9.9226368,10.583119872,10.77996032,8.642604032000001,8.048827904000001,10.340540416,12.097850368,12.50113024,17.657790464,23.824789504,C4,C4: limit warming to 2°C (>50%)
IMAGE 3.0,EN_INDCi2030_1000f,9.9226368,10.583119872,10.713100288,7.901208063999999,6.641928192000001,9.982437376,15.98657024,22.67907072,33.497960448,40.13882982400001,C4,C4: limit warming to 2°C (>50%)
IMAGE 3.0,EN_INDCi2030_1200,9.9226368,10.583119872,10.760210432,7.923255807999999,5.998313984,6.854711807999999,8.048873984,8.697956352,14.806590464,19.630299136,C4,C4: limit warming to 2°C (>50%)
IMAGE 3.0,EN_INDCi2030_1200f,9.9226368,10.583119872,10.713100288,8.466722816,5.374456832000001,6.579803136000002,8.063582208,10.730909696,17.27741952,26.696839168,C4,C4: limit warming to 2°C (>50%)
IMAGE 3.0,EN_INDCi2030_1400,9.9226368,10.583119872,10.7515904,7.927742976,5.725136896,6.626311167999999,7.212605952000001,7.76367104,13.309960192,18.873059328,C5,C5: limit warming to 2.5°C (>50%)
IMAGE 3.0,EN_INDCi2030_1400f,9.9226368,10.583119872,10.713100288,8.344057856000001,4.943707136,6.586402816000001,7.015367167999999,8.716795904000001,15.291070464,25.10118912,C4,C4: limit warming to 2°C (>50%)
IMAGE 3.0,EN_INDCi2030_3000,9.9226368,10.583119872,10.713100288,7.980965887999999,4.476380160000001,4.452106752000001,5.530046976,5.648397824000001,7.024395776,9.002596352000001,C6,C6: limit warming to 3°C (>50%)
IMAGE 3.0,EN_INDCi2030_3000f,9.9226368,10.583119872,10.713100288,7.980965887999999,4.476380160000001,4.452106752000001,5.530046976,5.648397824000001,7.024395776,9.002596352000001,C6,C6: limit warming to 3°C (>50%)
IMAGE 3.0,EN_INDCi2030_800f,9.9226368,10.583119872,10.713100288,8.43776512,8.740349952,11.687709696,15.980699648,22.39913984,31.581679616,41.033281536,C3,C3: limit warming to 2°C (>67%)
IMAGE 3.0,EN_INDCi2100,9.9226368,10.583119872,10.843169792,8.253129216000001,4.549492224000001,4.429150208,4.74983424,4.421151232000001,5.00786176,6.4080512,C7,C7: limit warming to 4°C (>50%)
IMAGE 3.0,EN_NPi2020_1000,9.9226368,10.590340096,11.873630208,9.978345472,7.776091136000002,10.046640128,10.142029824,11.045019648,16.017580032,21.02144,C3,C3: limit warming to 2°C (>67%)
IMAGE 3.0,EN_NPi2020_1000f,9.9226368,10.597600256,11.80928,9.279092736,7.022104064000001,7.883704832,9.072324608,11.46070016,16.273189888,23.637291008,C3,C3: limit warming to 2°C (>67%)
IMAGE 3.0,EN_NPi2020_1200,9.9226368,10.585960448,11.647099904,9.1238144,6.281995776,7.475480064,8.714798080000001,9.291392,13.5460096,19.863959552,C4,C4: limit warming to 2°C (>50%)
IMAGE 3.0,EN_NPi2020_1200f,9.9226368,10.594809856,11.636819968,9.080553472,6.902311936,7.218721792,7.843000832,9.544516608,13.660080128,19.781029888,C4,C4: limit warming to 2°C (>50%)
IMAGE 3.0,EN_NPi2020_1400,9.9226368,10.585759744,11.31264,9.041079296,6.249714176,7.350274047999999,8.088722944,8.238782976000001,11.261899776,18.461210624,C4,C4: limit warming to 2°C (>50%)
IMAGE 3.0,EN_NPi2020_1400f,9.9226368,10.589989888,11.341179904,9.010485248,5.901907968000001,7.723091967999999,7.759107072000001,8.025271808000001,12.487000064,19.324260352,C4,C4: limit warming to 2°C (>50%)
IMAGE 3.0,EN_NPi2020_3000,9.9226368,10.502800384,10.635029504,7.965857792,4.356732928,4.328374784,5.511562752000001,5.644180992000001,6.843414016000001,9.238197248,C6,C6: limit warming to 3°C (>50%)
IMAGE 3.0,EN_NPi2020_3000f,9.9226368,10.502800384,10.635029504,7.965857792,4.356732928,4.328374784,5.511562752000001,5.644180992000001,6.843414016000001,9.238197248,C6,C6: limit warming to 3°C (>50%)
IMAGE 3.0,EN_NPi2020_600f,9.9226368,10.613040128,12.544029696,10.186139648,10.8591104,16.18396979200001,20.2090496,25.88967936,35.510120448,44.712308736,C3,C3: limit warming to 2°C (>67%)
IMAGE 3.0,EN_NPi2020_800,9.9226368,10.601140224,12.186179584,9.93879552,10.949269504,15.038570496,19.812870144,20.228900864,25.308469248,28.813160448,C3,C3: limit warming to 2°C (>67%)
IMAGE 3.0,EN_NPi2020_800f,9.9226368,10.597600256,11.92543027200001,9.474552832,7.211390976000001,9.357372416,10.872489984,14.336060416,21.700780032,30.029969408,C3,C3: limit warming to 2°C (>67%)
IMAGE 3.0,EN_NPi2100,9.9226368,10.581300224,10.666170368,7.874406912,3.979503104,3.843739904,3.695366912,2.667465984,2.735879936,2.95259392,C7,C7: limit warming to 4°C (>50%)
IMAGE 3.0,EN_NoPolicy,9.9226368,11.681420288,13.565609984,12.666779648,10.900240384,12.77097984,14.440179712,14.273200128,13.265600512,11.369709568,C7,C7: limit warming to 4°C (>50%)
IMAGE 3.0.1,ADVANCE_2020_1.5C-2100,9.9226368,12.63251968,20.106840064,21.946779648,31.65222912,45.84688025600001,57.90559846399999,66.13309030399999,73.16762624,75.809226752,C2,C2: return warming to 1.5°C (>50%) after a high overshoot
IMAGE 3.0.1,ADVANCE_2020_Med2C,9.9226368,11.136329728,19.466860544,20.84228096,29.359429632,35.292499968,40.314290176,46.872129536,50.60739072,50.897809408,C4,C4: limit warming to 2°C (>50%)
IMAGE 3.0.1,ADVANCE_2020_WB2C,9.9226368,12.176480256,19.881099264,23.86178048,33.685569536,42.409930752,50.30234112,58.76249804800001,64.64290816,66.351398912,C3,C3: limit warming to 2°C (>67%)
IMAGE 3.0.1,ADVANCE_2030_Med2C,9.9226368,10.85309952,15.854529536,22.255828992,21.361860608,34.160480256,44.15515033600001,51.263709184,56.323641344,57.73149798399999,C4,C4: limit warming to 2°C (>50%)
IMAGE 3.0.1,ADVANCE_2030_WB2C,9.9226368,10.854989824,23.098259456,27.902140416,35.68594944,50.615709696,58.930958336,70.420373504,73.82982656,75.56681728,C3,C3: limit warming to 2°C (>67%)
IMAGE 3.0.1,ADVANCE_INDC,9.9226368,10.85309952,14.66198016,18.102339584,21.30473984,27.861200896,33.344630784,35.52158924800001,34.614161408,30.246139904,C6,C6: limit warming to 3°C (>50%)
IMAGE 3.0.1,ADVANCE_NoPolicy,9.9226368,10.779060224,12.966569984,12.5610496,10.89876992,12.8738304,14.388289536,15.06153984,14.045049856,11.86604032,C7,C7: limit warming to 4°C (>50%)
IMAGE 3.0.1,ADVANCE_Reference,9.9226368,10.733609984,13.390109696,13.976630272,13.437349888,16.098490368,17.884520448,18.570110976,17.302319104,14.092529664,C7,C7: limit warming to 4°C (>50%)
IMAGE 3.0.1,CD-LINKS_INDC2030i_1600,9.9226368,11.447300096,19.37875968,22.9012992,28.554319872,39.542710272,46.55745024,58.050568192,64.380260352,68.99441664,C4,C4: limit warming to 2°C (>50%)
IMAGE 3.0.1,CD-LINKS_INDCi,9.9226368,11.44574976,14.5744896,15.341760512,14.971020288,17.638449152,19.72269056,20.028039168,18.271770624,15.078360064,C7,C7: limit warming to 4°C (>50%)
IMAGE 3.0.1,CD-LINKS_NDC2030i_1000,9.9226368,11.425680384,21.556649984,25.876660224,33.625440256,48.457490432,59.699539968,72.35304652800001,79.289638912,85.16389273600001,C3,C3: limit warming to 2°C (>67%)
IMAGE 3.0.1,CD-LINKS_NPi,9.9226368,11.342589952,13.703109632,13.143849984,11.665370112,14.192560128,16.308230144,16.874080256,16.957979648,15.369239552,C7,C7: limit warming to 4°C (>50%)
IMAGE 3.0.1,CD-LINKS_NPi2020_1000,9.9226368,11.80798976,21.534140416,21.798070272,32.424620032,43.07098009600001,53.004709888,65.263259648,72.375443456,79.84093593600001,C3,C3: limit warming to 2°C (>67%)
IMAGE 3.0.1,CD-LINKS_NPi2020_1600,9.9226368,11.666010112,20.488790016,21.224220672,30.788030464,37.93031168,44.37103001600001,55.12577024,61.456121856,66.347159552,C4,C4: limit warming to 2°C (>50%)
IMAGE 3.0.1,CD-LINKS_NPi2020_400,9.9226368,13.247479808,21.268779008,23.198029824,33.573650432,49.54596147199999,61.768261632,71.5446272,80.585990144,82.70856192,C2,C2: return warming to 1.5°C (>50%) after a high overshoot
IMAGE 3.0.1,CD-LINKS_NoPolicy,9.9226368,10.821909504,13.000210432,12.641309696,11.024780288,12.997869568,14.548670464,15.267260416,14.254010368,12.01664,C7,C7: limit warming to 4°C (>50%)
IMAGE 3.0.1,EMF30_BCOC-EndU,9.9226368,10.774250496,13.054539776,12.904899584,11.366120448,13.38900992,14.914920448,15.694839808,14.66665984,12.061540352,C7,C7: limit warming to 4°C (>50%)
IMAGE 3.0.1,EMF30_Baseline,9.9226368,10.774250496,13.034940416,12.780650496,11.243910144,13.258179584,14.776909824,15.54771968,14.554210304,12.028890112,C7,C7: limit warming to 4°C (>50%)
IMAGE 3.0.1,EMF30_CH4-Only,9.9226368,10.774250496,13.034940416,12.780650496,11.243910144,13.258179584,14.776909824,15.54771968,14.554210304,12.028890112,C7,C7: limit warming to 4°C (>50%)
IMAGE 3.0.1,EMF30_ClimPolicy,9.9226368,10.767699968,15.904610304,26.462050304,31.479789568,39.148068864,50.347638784,61.55517952,68.536778752,70.31286988800001,C3,C3: limit warming to 2°C (>67%)
IMAGE 3.0.1,EMF30_ClimPolicy+SLCF,9.9226368,10.767699968,15.954450432,26.93378048,31.967240192,39.731859456,50.86309990399999,62.153949184,68.950007808,70.76847616,C3,C3: limit warming to 2°C (>67%)
IMAGE 3.0.1,EMF30_D_BCOC-Red,9.9226368,10.774250496,13.034940416,12.780650496,11.243910144,13.258179584,14.776909824,15.54771968,14.554210304,12.028890112,C7,C7: limit warming to 4°C (>50%)
IMAGE 3.0.1,EMF30_D_CH4-ClimPolicy,9.9226368,10.774250496,13.034940416,12.780650496,11.243910144,13.258179584,14.776909824,15.54771968,14.554210304,12.028890112,C7,C7: limit warming to 4°C (>50%)
IMAGE 3.0.1,EMF30_D_CO2-Only,9.9226368,10.767699968,15.904610304,26.462050304,31.479789568,39.148068864,50.347638784,61.55517952,68.536778752,70.31286988800001,C5,C5: limit warming to 2.5°C (>50%)
IMAGE 3.0.1,EMF30_D_Frozen-CH4,9.9226368,10.774250496,13.034940416,12.780650496,11.243910144,13.258179584,14.776909824,15.54771968,14.554210304,12.028890112,C7,C7: limit warming to 4°C (>50%)
IMAGE 3.0.1,EMF30_D_Frozen-EF,9.9226368,10.774250496,13.034940416,12.780650496,11.243910144,13.258179584,14.776909824,15.54771968,14.554210304,12.028890112,C7,C7: limit warming to 4°C (>50%)
IMAGE 3.0.1,EMF30_D_Frozen-EF-EndU,9.9226368,10.774250496,13.034940416,12.780650496,11.243910144,13.258179584,14.776909824,15.54771968,14.554210304,12.028890112,C7,C7: limit warming to 4°C (>50%)
IMAGE 3.0.1,EMF30_D_Frozen-EF-SLCF,9.9226368,10.774250496,13.034940416,12.780650496,11.243910144,13.258179584,14.776909824,15.54771968,14.554210304,12.028890112,C7,C7: limit warming to 4°C (>50%)
IMAGE 3.0.1,EMF30_SLCF,9.9226368,10.774250496,13.054539776,12.904899584,11.366120448,13.38900992,14.914920448,15.694839808,14.66665984,12.061540352,C7,C7: limit warming to 4°C (>50%)
IMAGE 3.0.1,EMF30_Slower-Action,9.9226368,10.609460224,13.575860224,15.513690112,16.398229504,20.505470976,24.05038080000001,26.25788928,25.463209984,21.74550016,C6,C6: limit warming to 3°C (>50%)
IMAGE 3.0.1,EMF30_Slower-Action+SLCF,9.9226368,10.609460224,13.614600192,15.747720192,16.627730432,20.74073088,24.330119168,26.503000064,25.64610048,21.780350976,C6,C6: limit warming to 3°C (>50%)
IMAGE 3.0.1,EMF30_Slower-to-faster,9.9226368,10.644330496,20.395329536,25.607190528,30.553829376,45.894201344,54.95714201600001,65.167609856,70.44729241600001,73.565003776,C4,C4: limit warming to 2°C (>50%)
IMAGE 3.0.1,EMF30_Slower-to-faster+SLCF,9.9226368,10.644330496,20.499810304,26.056179712,31.324020736,46.945820672,56.51798016,66.952220672,72.463097856,75.517386752,C3,C3: limit warming to 2°C (>67%)
IMAGE 3.0.1,EMF30_Slower-to-faster+SLCF+HFC,9.9226368,10.644330496,20.499810304,26.056179712,31.324020736,46.945820672,56.51798016,66.952220672,72.463097856,75.517386752,C3,C3: limit warming to 2°C (>67%)
IMAGE 3.0.1,IMA15-AGInt,9.9226368,10.93801984,14.589410304,30.943199232,34.65050112,44.316540928,57.20868864,67.961901056,74.78232678399999,65.09740032,failed-vetting,failed-vetting
IMAGE 3.0.1,IMA15-Def,9.9226368,10.937910272,12.40958976,19.81227008,33.031020544,46.08228966399999,57.91927091199999,69.60906240000001,79.716237312,77.045653504,failed-vetting,failed-vetting
IMAGE 3.0.1,IMA15-Eff,9.9226368,10.635339776,12.018610176,17.1044096,25.303089152,35.782529024,45.72042854399999,54.741950464,62.812020736,59.975090176,failed-vetting,failed-vetting
IMAGE 3.0.1,IMA15-LiStCh,9.9226368,10.883349504,14.252199936,30.83180032,36.224909312,43.603689472,53.782171648,63.264120832,68.21514035199999,61.56804096,failed-vetting,failed-vetting
IMAGE 3.0.1,IMA15-LoNCO2,9.9226368,10.93801984,14.589410304,31.52106086400001,40.598790144,50.569330688,61.028200448,71.619772416,77.25064192,73.526697984,failed-vetting,failed-vetting
IMAGE 3.0.1,IMA15-Pop,9.9226368,10.929999872,14.251259904,27.967309824,30.34539008,39.01609984,49.74118912,56.613081088,60.174020608,48.72189952,failed-vetting,failed-vetting
IMAGE 3.0.1,IMA15-RenElec,9.9226368,10.798860288,16.11563008,14.315270144,8.649237504,12.34816,16.170070016,19.187980288,19.840550912,16.2811904,failed-vetting,failed-vetting
IMAGE 3.0.1,IMA15-TOT,9.9226368,10.654029824,14.155240448,14.468389888,9.75294464,14.534219776,16.126980096,16.786599936,15.120279552,10.212970496,failed-vetting,failed-vetting
IMAGE 3.0.1,SSP1-19,9.9226368,10.273149952,10.812260352,8.019238912,3.660702976,3.13847296,3.45667712,4.258779904,5.27383296,4.8937088,failed-vetting,failed-vetting
IMAGE 3.0.1,SSP1-26,9.9226368,10.508770304,11.01821952,8.508017152,3.905049088,2.828089088,2.120077952,2.058387968,2.48074496,2.525435904,C3,C3: limit warming to 2°C (>67%)
IMAGE 3.0.1,SSP1-34,9.9226368,10.564330496,10.799890432,7.838455807999999,3.41034112,2.230251008,1.354288,0.8506401280000001,1.003870976,1.205998975999999,C5,C5: limit warming to 2.5°C (>50%)
IMAGE 3.0.1,SSP1-45,9.9226368,10.568280064,10.770469888,7.684190207999999,3.178151936,1.902622976,0.9514453759999992,0.342698304,0.4424088,0.488932896,C6,C6: limit warming to 3°C (>50%)
IMAGE 3.0.1,SSP1-Baseline,9.9226368,10.570779648,10.769800192,7.651719168,3.129485056,1.83480704,0.8524780160000001,0.206180096,0.185733999999999,0.128179,C7,C7: limit warming to 4°C (>50%)
IMAGE 3.0.1,SSP2-26,9.9226368,12.347689984,19.0818304,26.540279808,36.120489984,47.108268032,59.155439616,69.4398976,77.94550374399999,81.446969344,C3,C3: limit warming to 2°C (>67%)
IMAGE 3.0.1,SSP2-34,9.9226368,11.12428032,17.2564992,24.467550208,29.328809984,35.008118784,43.792371712,48.45017088,52.24896921600001,54.76041932800001,C5,C5: limit warming to 2.5°C (>50%)
IMAGE 3.0.1,SSP2-45,9.9226368,10.768740352,14.088040448,17.603579904,21.133570048,29.116469248,37.737828352,43.46578944,45.963628544,49.014358016,C6,C6: limit warming to 3°C (>50%)
IMAGE 3.0.1,SSP2-60,9.9226368,10.747129856,13.069270016,12.940609536,12.0151296,15.152300032,18.261909504,20.6920704,20.705339392,18.816219136,C7,C7: limit warming to 4°C (>50%)
IMAGE 3.0.1,SSP2-Baseline,9.9226368,10.783490048,12.971249664,12.567379968,10.903799808,12.885929984,14.4047104,15.084309504,14.063309824,11.884130304,C7,C7: limit warming to 4°C (>50%)
IMAGE 3.0.1,SSP3-34,9.9226368,11.33506048,18.247399424,17.900640256,25.923049472,34.501840896,44.85799116800001,57.573900288,74.235199488,91.40625408,C5,C5: limit warming to 2.5°C (>50%)
IMAGE 3.0.1,SSP3-45,9.9226368,10.865999872,14.285200384,16.754079744,18.045339648,22.160930816,25.747879936,35.800420352,48.581840896,64.78845132800001,C6,C6: limit warming to 3°C (>50%)
IMAGE 3.0.1,SSP3-60,9.9226368,10.745719808,12.377419776,11.048429568,8.310324224,9.805202432,14.845089792,24.157599744,38.52455936,58.20585984,C7,C7: limit warming to 4°C (>50%)
IMAGE 3.0.1,SSP3-Baseline,9.9226368,10.755869696,12.225130496,10.509939712,7.037011968,6.661419007999999,7.123398143999999,8.183664128,9.513186304,11.948080128,C7,C7: limit warming to 4°C (>50%)
IMAGE 3.0.1,SSP4-26,9.9226368,10.790020096,13.643360256,26.344169472,32.865900544,39.412240384,44.74456064,48.90157056,51.094679552,44.44375859199999,C3,C3: limit warming to 2°C (>67%)
IMAGE 3.0.1,SSP4-34,9.9226368,10.767909888,17.049769984,23.837110272,26.895579136,31.35015936,33.447340032,36.357259264,35.741278208,31.776309248,C5,C5: limit warming to 2.5°C (>50%)
IMAGE 3.0.1,SSP4-45,9.9226368,10.65598976,14.073029632,15.360950272,16.68652032,18.856429568,24.826570752,28.521959424,26.618750976,27.987070976,C6,C6: limit warming to 3°C (>50%)
IMAGE 3.0.1,SSP4-60,9.9226368,10.652019712,13.944370176,14.77804032,12.401670144,12.873339904,13.864389632,14.83052032,13.760570368,11.813199872,C7,C7: limit warming to 4°C (>50%)
IMAGE 3.0.1,SSP4-Baseline,9.9226368,10.643519488,13.6015104,13.736139776,11.299030016,11.785530368,12.922290176,13.843680256,12.640300032,10.8535296,C7,C7: limit warming to 4°C (>50%)
IMAGE 3.0.1,SSP5-34,9.9226368,11.114160128,19.210749952,37.082968064,48.332279808,72.46722662399999,92.535177216,105.601998848,107.641102336,99.787063296,C5,C5: limit warming to 2.5°C (>50%)
IMAGE 3.0.1,SSP5-45,9.9226368,10.937749504,15.567869952,27.164919808,40.098578432,51.675430912,69.657690112,79.414206464,82.880479232,78.99723366399999,C6,C6: limit warming to 3°C (>50%)
IMAGE 3.0.1,SSP5-60,9.9226368,10.870859776,13.999259648,18.50329088,25.54323968,37.42547968,51.243278336,63.268790272,69.662203904,68.724400128,C7,C7: limit warming to 4°C (>50%)
IMAGE 3.0.1,SSP5-Baseline,9.9226368,10.894900224,13.2298496,14.284619776,14.126839808,16.936280064,19.319769088,20.357459968,19.116529664,15.524570112,C8,C8: exceed warming of 4°C (>=50%)
IMAGE 3.0.2,EMF33_Baseline,9.9226368,10.728989696,12.947749888,12.632880128,11.001490432,13.02868992,14.640069632,15.459869696,14.474269696,12.182070272,C7,C7: limit warming to 4°C (>50%)
IMAGE 3.0.2,EMF33_Med2C_cost100,9.9226368,10.753340416,20.743600128,27.322789888,34.347159552,41.695748096,46.408548352,53.342830592,53.575090176,52.69857075199999,C5,C5: limit warming to 2.5°C (>50%)
IMAGE 3.0.2,EMF33_Med2C_full,9.9226368,10.718400512,20.01369088,27.55323904,33.430319104,42.640728064,48.38309888,55.371030528,56.885858304,57.026760704,C5,C5: limit warming to 2.5°C (>50%)
IMAGE 3.0.2,EMF33_Med2C_limbio,9.9226368,10.865189888,21.342380032,25.957490688,34.278770688,42.704310272,48.025759744,55.706591232,60.35884032,66.455441408,C5,C5: limit warming to 2.5°C (>50%)
IMAGE 3.0.2,EMF33_Med2C_nobeccs,9.9226368,10.837029888,21.566470144,25.971259392,35.209039872,43.072909312,50.422951936,60.075720704,62.692818944,63.749971968,C4,C4: limit warming to 2°C (>50%)
IMAGE 3.0.2,EMF33_Med2C_nofuel,9.9226368,10.740740096,20.475209728,27.362889728,34.505629696,43.20018022399999,47.85867980800001,55.021051904,55.77202892800001,54.28482048,C4,C4: limit warming to 2°C (>50%)
IMAGE 3.0.2,EMF33_Med2C_none,9.9226368,10.844909568,21.628919808,25.803229184,35.175641088,43.746951168,51.495739392,61.416640512,64.523829248,66.40458137600001,C4,C4: limit warming to 2°C (>50%)
IMAGE 3.0.2,EMF33_WB2C_cost100,9.9226368,10.923549696,21.865629696,24.654600192,33.9720704,43.30049126399999,51.93118105600001,62.137229312,66.77886976,71.52381952,C3,C3: limit warming to 2°C (>67%)
IMAGE 3.0.2,EMF33_WB2C_full,9.9226368,10.932119552,21.770039296,24.774139904,33.692379136,42.507419648,51.298889728,61.98559948800001,67.074080768,71.905296384,C3,C3: limit warming to 2°C (>67%)
IMAGE 3.0.2,EMF33_WB2C_limbio,9.9226368,11.04531968,21.398939648,24.168890368,36.694818816,48.09791078399999,60.160589824,74.196492288,81.416241152,86.89168384,C3,C3: limit warming to 2°C (>67%)
IMAGE 3.0.2,EMF33_WB2C_nobeccs,9.9226368,11.02077952,22.269210624,27.297050624,42.662039552,55.633870848,66.16281088,78.7494912,83.405389824,85.04889344,C3,C3: limit warming to 2°C (>67%)
IMAGE 3.0.2,EMF33_WB2C_nofuel,9.9226368,10.949480448,21.769340928,24.80806912,34.833289216,44.760629248,53.901029376,64.841998336,71.420280832,76.670189568,C3,C3: limit warming to 2°C (>67%)
IMAGE 3.0.2,EMF33_tax_hi_full,9.9226368,11.730700288,18.863650816,26.742679552,33.228560384,40.651608064,47.95330969600001,57.884188672,64.963198976,67.30625843199999,C4,C4: limit warming to 2°C (>50%)
IMAGE 3.0.2,EMF33_tax_hi_none,9.9226368,11.73184,18.90684928,27.731539968,37.315981312,45.102931968,52.383318016,61.847191552,67.80570009600001,68.556689408,C5,C5: limit warming to 2.5°C (>50%)
IMAGE 3.0.2,EMF33_tax_lo_full,9.9226368,11.227679744,17.104090112,24.26643046400001,30.43457024,39.33906944,46.778769408,53.438799872,56.177549312,55.249399808,C5,C5: limit warming to 2.5°C (>50%)
IMAGE 3.0.2,EMF33_tax_lo_none,9.9226368,11.228120064,17.128930304,24.315230208,30.802679808,40.00763084800001,47.579840512,54.19392204800001,56.421318656,54.7848192,C5,C5: limit warming to 2.5°C (>50%)
IMAGE 3.2,SSP1-baseline,9.9226368,10.84542976,10.998720512,8.554221056000001,4.626628096,3.454558976,2.999515904,1.425309952,0.97230912,1.034312,C7,C7: limit warming to 4°C (>50%)
IMAGE 3.2,SSP1_SPA1_19I_D,9.9226368,10.84542976,12.010949632,10.669899776,7.024986112000001,7.285154816,7.096595968000001,4.577039872,3.544292096,2.60996992,C2,C2: return warming to 1.5°C (>50%) after a high overshoot
IMAGE 3.2,SSP1_SPA1_19I_D_LB,9.9226368,10.84542976,13.088050176,8.396880896,5.5160448,7.084288000000001,7.117413888000001,7.280834048000001,5.632877056000001,4.54331392,C1,C1: limit warming to 1.5°C (>50%) with no or limited overshoot
IMAGE 3.2,SSP1_SPA1_19I_LI,9.9226368,10.882100224,11.51444992,9.502700544,5.102980096,5.760212992,5.223720960000001,2.926589952,2.890340096,2.482332928,C2,C2: return warming to 1.5°C (>50%) after a high overshoot
IMAGE 3.2,SSP1_SPA1_19I_LIRE,9.9226368,10.882320384,12.950479872,16.695770112,17.263439872,21.461170176,22.236319744,20.279179264,22.899859456,21.368020992,C2,C2: return warming to 1.5°C (>50%) after a high overshoot
IMAGE 3.2,SSP1_SPA1_19I_LIRE_LB,9.9226368,10.882320384,17.587970048,19.312879616,18.646659072,22.619359232,23.351660544,21.72547072,21.913270272,23.047849984,C1,C1: limit warming to 1.5°C (>50%) with no or limited overshoot
IMAGE 3.2,SSP1_SPA1_19I_RE,9.9226368,10.8827904,11.774829568,9.893071872,6.039818752,5.133018112,5.580663808000001,5.11704576,4.994225152,3.97178112,C2,C2: return warming to 1.5°C (>50%) after a high overshoot
IMAGE 3.2,SSP1_SPA1_19I_RE_LB,9.9226368,10.8827904,12.284010496,7.141406208,6.243222016000001,7.906393088000001,8.281887744,10.56514048,10.573540352,5.80722688,C1,C1: limit warming to 1.5°C (>50%) with no or limited overshoot
IMAGE 3.2,SSP1_SPA1_26I_D,9.9226368,10.84542976,11.400630272,10.869929984,7.542780928000001,7.331006976,7.049693184000001,4.501999104,3.706860032,2.798206976,C3,C3: limit warming to 2°C (>67%)
IMAGE 3.2,SSP1_SPA1_26I_LI,9.9226368,10.882100224,11.112189952,9.970869248,6.22479616,5.549751808000001,5.288700928,3.163585024,2.915257088,2.392901888,C3,C3: limit warming to 2°C (>67%)
IMAGE 3.2,SSP1_SPA1_26I_LIRE,9.9226368,10.882320384,11.55326976,12.332080128,12.178079744,16.921889792,20.71468032,20.879159296,20.045879296,23.252719616,C3,C3: limit warming to 2°C (>67%)
IMAGE 3.2,SSP1_SPA1_26I_RE,9.9226368,10.8827904,11.289239552,9.29358336,4.997326848,5.121976832000001,6.265146880000001,4.802062848,4.452408832000001,4.015387904000001,C3,C3: limit warming to 2°C (>67%)
IMAGE 3.2,SSP1_SPA1_34I_D,9.9226368,10.84542976,11.225740288,9.153153024,5.621433856,5.429832192,5.457179136000001,3.856843008,4.54866688,4.710371840000001,C5,C5: limit warming to 2.5°C (>50%)
IMAGE 3.2,SSP1_SPA1_34I_LI,9.9226368,10.882100224,11.045279744,8.566105088,4.581806080000001,3.569859072,3.430362112,1.598838016,1.888612992,2.339949056,C5,C5: limit warming to 2.5°C (>50%)
IMAGE 3.2,SSP1_SPA1_34I_LIRE,9.9226368,10.8827904,11.110460416,8.415380992000001,4.22062208,2.928880128,2.435631104,1.247328,1.760066944,2.513787904,C5,C5: limit warming to 2.5°C (>50%)
IMAGE 3.2,SSP1_SPA1_34I_RE,9.9226368,10.8827904,11.179389952,8.791467008,4.48507392,3.890639104,3.74162688,3.544390912,3.964215040000001,4.002770944,C5,C5: limit warming to 2.5°C (>50%)
IMAGE 3.2,SSP2-baseline,9.9226368,10.844650496,11.043600384,9.50738944,7.10711296,8.048683008000001,9.784740864,10.554269696,13.815619584,18.441480192,C7,C7: limit warming to 4°C (>50%)
IMAGE 3.2,SSP2_SPA0_26I_D,9.9226368,10.54785024,11.7696,15.049879552,17.084479488,20.189939712,24.554870784,29.387190272,33.543520256,38.060429312,C3,C3: limit warming to 2°C (>67%)
IMAGE 3.2,SSP2_SPA1_19I_D_LB,9.9226368,10.844829696,18.757740544,23.431049216,26.876839936,32.258680832,37.52361984,39.885938688,39.095648256,39.274528768,C1,C1: limit warming to 1.5°C (>50%) with no or limited overshoot
IMAGE 3.2,SSP2_SPA1_19I_LIRE_LB,9.9226368,10.882320384,17.524580352,20.539930624,18.768390144,23.506599936,25.698629632,25.331709952,24.844429312,24.445290496,C1,C1: limit warming to 1.5°C (>50%) with no or limited overshoot
IMAGE 3.2,SSP2_SPA1_19I_RE_LB,9.9226368,10.882159616,17.65371904,21.4856704,21.542969344,25.948719104,28.259999744,30.144190464,34.27837952,35.56646092800001,C1,C1: limit warming to 1.5°C (>50%) with no or limited overshoot
IMAGE 3.2,SSP2_SPA2_19I_D,9.9226368,10.844829696,17.098579968,22.53185024,23.404158976,27.490091008,30.777049088,30.333589504,30.768590848,29.592039424,C2,C2: return warming to 1.5°C (>50%) after a high overshoot
IMAGE 3.2,SSP2_SPA2_19I_LI,9.9226368,10.882320384,13.103550464,27.15090944,27.368050688,29.880569856,33.166270464,35.58361088,37.03925964800001,23.701030912,C1,C1: limit warming to 1.5°C (>50%) with no or limited overshoot
IMAGE 3.2,SSP2_SPA2_19I_LIRE,9.9226368,10.882159616,18.17981952,21.6136192,21.403830272,30.472290304,34.041890816,31.91554048,31.844478976,31.52339968,C2,C2: return warming to 1.5°C (>50%) after a high overshoot
IMAGE 3.2,SSP2_SPA2_19I_RE,9.9226368,10.882159616,19.0571008,21.391859712,21.632120832,29.060560896,32.160759808,31.99910912,31.974129664,27.501180928,C2,C2: return warming to 1.5°C (>50%) after a high overshoot
IMAGE 3.2,SSP2_SPA2_26I_D,9.9226368,10.844829696,11.527870464,14.740179968,17.6619008,21.071079424,25.278150656,26.16787968,27.259009024,26.489810944,C3,C3: limit warming to 2°C (>67%)
IMAGE 3.2,SSP2_SPA2_26I_LI,9.9226368,10.882320384,11.683109888,15.003669504,14.342349824,17.34784,21.792989184,23.845410816,23.370500096,23.05494016,C3,C3: limit warming to 2°C (>67%)
IMAGE 3.2,SSP2_SPA2_26I_LIRE,9.9226368,10.882320384,11.847409664,15.281590272,14.865380352,20.062859264,22.96452096,20.348639232,20.89511936,21.132079104,C3,C3: limit warming to 2°C (>67%)
IMAGE 3.2,SSP2_SPA2_26I_RE,9.9226368,10.882159616,12.065819648,17.301499904,18.648840192,24.941139968,28.001890304,25.165729792,27.589931008,27.311460352,C3,C3: limit warming to 2°C (>67%)
IMAGE 3.2,SSP2_SPA2_34I_D,9.9226368,10.844829696,11.378530304,12.039629824,13.094549504,17.502650368,23.54220032,27.760410624,29.00989952,32.891369472,C5,C5: limit warming to 2.5°C (>50%)
IMAGE 3.2,SSP2_SPA2_34I_LI,9.9226368,10.882320384,11.359689728,12.017179648,10.119950336,13.140150272,17.99810048,23.347859456,26.387990528,28.384770048,C5,C5: limit warming to 2.5°C (>50%)
IMAGE 3.2,SSP2_SPA2_34I_LIRE,9.9226368,10.882159616,11.453769728,12.238869504,10.682710016,15.76278016,20.406659072,23.908990976,28.561350656,32.281849856,C5,C5: limit warming to 2.5°C (>50%)
IMAGE 3.2,SSP2_SPA2_34I_RE,9.9226368,10.882159616,11.635009536,14.304759808,14.349400064,21.072349184,25.02700032,26.86676992,29.546940416,34.793570304,C5,C5: limit warming to 2.5°C (>50%)
IMAGE 3.2,SSP2_SPA2_45I_D,9.9226368,10.844829696,11.341930496,11.53516032,9.473630208,11.766689792,15.059470336,19.390240768,24.45222912,28.516429824,C6,C6: limit warming to 3°C (>50%)
IMAGE 3.2,SSP2_SPA2_45I_LI,9.9226368,10.882320384,11.351629824,11.72481024,9.130498048,9.791532032,10.985440256,11.60620032,13.48798976,14.9655296,C6,C6: limit warming to 3°C (>50%)
IMAGE 3.2,SSP2_SPA2_45I_LIRE,9.9226368,10.882320384,11.376570368,11.602280448,9.101162496,9.722611712,10.848669696,10.945399808,11.752150016,12.269960192,C6,C6: limit warming to 3°C (>50%)
IMAGE 3.2,SSP2_SPA2_45I_RE,9.9226368,10.882159616,11.591489536,13.127209984,11.577329664,13.946850304,16.581149696,20.012929024,24.36347904,25.165029376,C6,C6: limit warming to 3°C (>50%)
IMAGE 3.2,SSP3-baseline,9.9226368,10.845320192,11.72094976,12.154909696,10.47234048,10.958449664,11.863560192,12.0586496,13.398590464,16.689130496,C7,C7: limit warming to 4°C (>50%)
IMAGE 3.2,SSP4-baseline,9.9226368,10.848520192,11.209409536,9.480751104,6.463190016,7.037914112,7.779871744,6.694054912,6.373902848,5.109451776,C7,C7: limit warming to 4°C (>50%)
IMAGE 3.2,SSP5-baseline,9.9226368,10.843450368,12.627449856,15.985760256,16.270780416,17.445199872,20.149090304,23.515559936,28.254089216,30.488639488,C8,C8: exceed warming of 4°C (>=50%)
LUT-ESTM 2.0,BPS,9.688192134237928,7.9848,2.5884,1.314,0.4536,26.207520788480583,33.000731664828756,39.12188710302148,44.68422063772231,47.26468477833486,failed-vetting,failed-vetting
MERGE-ETL 6.0,BAU,10.8,11.6,14.1,15.6,17.4,19.2,21.3,23.5,25.7,27.9,failed-vetting,failed-vetting
MERGE-ETL 6.0,DAC15_50,10.8,11.9,15.9,20.8,25.7,31.9,39.3,47.5,56.6,66.3,failed-vetting,failed-vetting
MERGE-ETL 6.0,DAC2_66,10.8,11.9,15.9,20.8,26.1,32.6,39.7,47.7,56.8,42.7,C4,C4: limit warming to 2°C (>50%)
MESSAGE V.3,GEA_Eff_1p5C,10.089,12.762,15.912,18.197,26.44,42.81100000000001,63.713,76.96300000000002,75.83,68.125,failed-vetting,failed-vetting
MESSAGE V.3,GEA_Eff_1p5C_Delay2020,10.116,10.842,14.833,23.299,38.063,69.187,88.137,83.274,68.066,42.87,failed-vetting,failed-vetting
MESSAGE V.3,GEA_Eff_2C_Delay2020,10.116,10.841,10.302,8.611,10.326,15.442,27.526,42.799,57.731,73.615,failed-vetting,failed-vetting
MESSAGE V.3,GEA_Eff_AdvNCO2_1p5C,10.089,11.287,11.578,11.164,16.599,29.772,43.58600000000001,55.006,69.082,81.119,failed-vetting,failed-vetting
MESSAGE V.3,GEA_Eff_base,10.089,10.85,9.291,5.417999999999997,3.103999999999999,1.287,0.484,0.174,0.174,0.175,failed-vetting,failed-vetting
MESSAGE V.3,GEA_Mix_1p5C_AdvNCO2_PartialDelay2020,10.115,11.223,16.114,26.827,54.199,106.965,140.713,132.751,109.691,66.642,failed-vetting,failed-vetting
MESSAGE V.3,GEA_Mix_1p5C_AdvTrans_PartialDelay2020,10.115,11.223,16.075,25.905,47.582,89.887,128.833,134.741,121.443,67.307,failed-vetting,failed-vetting
MESSAGE V.3,GEA_Mix_2C_AdvNCO2_PartialDelay2020,10.115,11.223,11.991,14.545,22.87,41.463,65.75,96.924,124.503,152.126,failed-vetting,failed-vetting
MESSAGE V.3,GEA_Mix_2C_AdvTrans_PartialDelay2020,10.115,11.222,11.568,13.598,22.049,41.03100000000001,66.368,102.779,124.818,137.079,failed-vetting,failed-vetting
MESSAGE V.3,GEA_Mix_base,10.087,10.826,9.282,5.412999999999999,3.09,1.279,1.220999999999999,3.272,7.571000000000002,15.616,failed-vetting,failed-vetting
MESSAGE-GLOBIOM 1.0,ADVANCE_2020_1.5C-2100,9.765,12.306,17.676,30.50800000000001,58.938,102.052,121.964,127.638,107.378,68.249,C1,C1: limit warming to 1.5°C (>50%) with no or limited overshoot
MESSAGE-GLOBIOM 1.0,ADVANCE_2020_Med2C,9.765,12.302,13.983,19.115,33.355,58.949,81.288,109.361,113.275,111.26,C4,C4: limit warming to 2°C (>50%)
MESSAGE-GLOBIOM 1.0,ADVANCE_2020_WB2C,9.765,12.306,17.267,25.91800000000001,45.432,66.64699999999999,87.646,106.225,116.207,109.175,C3,C3: limit warming to 2°C (>67%)
MESSAGE-GLOBIOM 1.0,ADVANCE_2030_Med2C,9.765,12.304,13.667,19.088,33.333,62.962,85.939,105.692,117.638,115.062,C4,C4: limit warming to 2°C (>50%)
MESSAGE-GLOBIOM 1.0,ADVANCE_2030_Price1.5C,9.765,12.304,13.669,21.498,45.345,85.309,122.906,130.381,120.661,88.48700000000002,C2,C2: return warming to 1.5°C (>50%) after a high overshoot
MESSAGE-GLOBIOM 1.0,ADVANCE_2030_WB2C,9.765,12.304,13.669,21.491,43.81100000000001,77.797,111.589,132.565,124.418,93.465,C3,C3: limit warming to 2°C (>67%)
MESSAGE-GLOBIOM 1.0,ADVANCE_INDC,9.765,12.302,13.665,16.616,28.191,52.904,79.351,106.567,122.46,123.986,C5,C5: limit warming to 2.5°C (>50%)
MESSAGE-GLOBIOM 1.0,ADVANCE_NoPolicy,9.765,10.981,9.131,5.284,2.66,3.918,7.975,15.304,27.927,45.14100000000001,failed-vetting,failed-vetting
MESSAGE-GLOBIOM 1.0,ADVANCE_Reference,9.765,12.302,11.327,9.373,12.331,21.523,42.708,75.862,107.576,151.548,C6,C6: limit warming to 3°C (>50%)
MESSAGE-GLOBIOM 1.0,EMF30_BCOC-EndU,9.764,11.755,10.919,7.103,4.063,5.294,9.139,15.77,28.877,46.533,C7,C7: limit warming to 4°C (>50%)
MESSAGE-GLOBIOM 1.0,EMF30_Baseline,9.764,11.76,10.951,7.147,4.272,5.602,9.762,17.117,29.532,43.98,C7,C7: limit warming to 4°C (>50%)
MESSAGE-GLOBIOM 1.0,EMF30_CH4-Only,9.764,11.7,11.531,9.535,11.344,19.696,36.289,54.42899999999999,65.49600000000001,77.949,failed-vetting,failed-vetting
MESSAGE-GLOBIOM 1.0,EMF30_ClimPolicy,9.763,13.43,18.805,28.763,49.777,72.12100000000002,90.894,101.854,110.743,102.363,failed-vetting,failed-vetting
MESSAGE-GLOBIOM 1.0,EMF30_ClimPolicy+SLCF,9.763,13.432,18.821,28.702,50.144,72.675,95.102,104.744,110.516,99.495,failed-vetting,failed-vetting
MESSAGE-GLOBIOM 1.0,EMF30_D_BCOC-Red,9.764,11.76,10.95,7.147,4.271,5.603,9.763,17.126,29.421,44.03899999999999,C7,C7: limit warming to 4°C (>50%)
MESSAGE-GLOBIOM 1.0,EMF30_D_CH4-ClimPolicy,9.764,11.744,11.268,9.239,10.256,19.462,37.295,62.923,91.92,128.029,C7,C7: limit warming to 4°C (>50%)
MESSAGE-GLOBIOM 1.0,EMF30_D_Frozen-CH4,9.764,11.758,10.951,7.148,4.273,6.678,12.399,22.84800000000001,38.174,54.993,C7,C7: limit warming to 4°C (>50%)
MESSAGE-GLOBIOM 1.0,EMF30_D_Frozen-EF,9.764,11.758,10.951,7.148,4.273,6.648,12.346,22.81,38.109,54.944,C7,C7: limit warming to 4°C (>50%)
MESSAGE-GLOBIOM 1.0,EMF30_D_Frozen-EF-EndU,9.764,11.76,10.95,7.147,4.271,5.603,9.763,17.126,29.421,44.03899999999999,C7,C7: limit warming to 4°C (>50%)
MESSAGE-GLOBIOM 1.0,EMF30_D_Frozen-EF-SLCF,9.764,11.758,10.951,7.148,4.273,6.678,12.399,22.84800000000001,38.174,54.993,C7,C7: limit warming to 4°C (>50%)
MESSAGE-GLOBIOM 1.0,EMF30_SLCF,9.764,11.695,11.522,9.441,11.287,19.6,35.575,53.506,64.40899999999999,77.926,failed-vetting,failed-vetting
MESSAGE-GLOBIOM 1.0,EMF30_Slower-Action,9.765,12.323,13.284,17.334,29.61,55.567,82.51299999999998,103.887,118.762,118.308,C5,C5: limit warming to 2.5°C (>50%)
MESSAGE-GLOBIOM 1.0,EMF30_Slower-Action+SLCF,9.765,12.658,12.751,16.475,25.74,50.095,79.414,108.076,123.918,122.928,failed-vetting,failed-vetting
MESSAGE-GLOBIOM 1.0,EMF30_Slower-to-faster,9.765,12.325,13.289,20.077,42.165,74.843,111.853,131.415,122.188,91.286,C2,C2: return warming to 1.5°C (>50%) after a high overshoot
MESSAGE-GLOBIOM 1.0,EMF30_Slower-to-faster+SLCF,9.765,12.661,12.756,18.722,38.454,74.57300000000002,107.866,129.675,125.078,95.097,failed-vetting,failed-vetting
MESSAGE-GLOBIOM 1.0,EMF30_Slower-to-faster+SLCF+HFC,9.765,12.661,12.583,18.337,37.497,72.704,106.72,129.626,125.396,98.383,failed-vetting,failed-vetting
MESSAGE-GLOBIOM 1.0,EMF33_1.5C_cost100,9.7035826144813,10.8432628738779,20.1026129975192,35.5240422499978,64.72090132369689,106.856336594091,131.541790978357,134.360945911407,111.33939525916,73.80149582817091,C1,C1: limit warming to 1.5°C (>50%) with no or limited overshoot
MESSAGE-GLOBIOM 1.0,EMF33_1.5C_full,9.7035826144813,10.8432628738779,20.1034256924668,35.30265057294872,64.3062272437349,106.15701993551,131.119926556633,135.459852968419,111.550648192262,74.2245859643753,C1,C1: limit warming to 1.5°C (>50%) with no or limited overshoot
MESSAGE-GLOBIOM 1.0,EMF33_Baseline,9.7035826144813,10.3708561407133,9.53527645784373,7.47403960351182,3.19015185495294,1.428033906381459,1.48261882694648,2.63787902378617,7.08207225935179,14.8098501453123,C7,C7: limit warming to 4°C (>50%)
MESSAGE-GLOBIOM 1.0,EMF33_Med2C_cost100,9.7035826144813,10.8432628738779,12.8652149366437,17.0002225457863,25.6228563289439,47.1895091405738,80.61482299816609,106.082168051774,124.410922675497,138.098925359874,C4,C4: limit warming to 2°C (>50%)
MESSAGE-GLOBIOM 1.0,EMF33_Med2C_full,9.7035826144813,10.8432628738779,12.7072201846448,16.8699885684398,25.5011047105045,46.5555623361432,78.3523323402163,110.992700892458,125.89856161478,137.948970826041,C4,C4: limit warming to 2°C (>50%)
MESSAGE-GLOBIOM 1.0,EMF33_Med2C_limbio,9.7035826144813,10.8432628738779,15.0491959046275,21.0893730507968,33.0195914062953,53.30309464446071,85.09497850556309,101.79027864198,113.262689893068,134.123912114223,C4,C4: limit warming to 2°C (>50%)
MESSAGE-GLOBIOM 1.0,EMF33_Med2C_nobeccs,9.7035826144813,10.8432628738779,15.9634883728748,22.984571578776,36.4198804577827,58.1231201862367,85.5320446928133,107.219900085279,126.179626892902,132.263515674301,C3,C3: limit warming to 2°C (>67%)
MESSAGE-GLOBIOM 1.0,EMF33_Med2C_nofuel,9.7035826144813,10.8432628738779,13.2613453110084,17.76229257995811,27.21763184960989,50.0244873366096,84.36493687509409,109.327920532181,123.363796845838,138.520062671289,C4,C4: limit warming to 2°C (>50%)
MESSAGE-GLOBIOM 1.0,EMF33_Med2C_none,9.7035826144813,10.8432628738779,16.1589029588878,23.3387287886653,36.86287282557051,59.6337598263758,88.15843258081341,111.859691256865,129.673894901852,129.153885527599,C3,C3: limit warming to 2°C (>67%)
MESSAGE-GLOBIOM 1.0,EMF33_WB2C_cost100,9.7035826144813,10.8432628738779,16.1713149964471,23.439784092011,37.1175619337138,60.8370360473878,88.9658793090427,111.021156492532,131.241144224,133.139574367668,C2,C2: return warming to 1.5°C (>50%) after a high overshoot
MESSAGE-GLOBIOM 1.0,EMF33_WB2C_full,9.7035826144813,10.8432628738779,16.16381228323451,23.4401988812442,37.1015120854196,59.9432445197559,88.2852745572908,110.044745030915,131.089583763552,134.392829957657,C2,C2: return warming to 1.5°C (>50%) after a high overshoot
MESSAGE-GLOBIOM 1.0,EMF33_WB2C_limbio,9.7035826144813,10.8432628738779,17.3502208877789,26.14044385326489,43.4614894091207,72.96764236980259,111.473175232383,139.936009476828,136.731679648753,103.256699984379,C2,C2: return warming to 1.5°C (>50%) after a high overshoot
MESSAGE-GLOBIOM 1.0,EMF33_WB2C_nofuel,9.7035826144813,10.8432628738779,16.1812015733371,23.4413281496389,37.22720354378411,63.7695422351798,91.5053673741428,117.621346591567,129.16768275076,126.348164445285,C2,C2: return warming to 1.5°C (>50%) after a high overshoot
MESSAGE-GLOBIOM 1.0,EMF33_tax_hi_full,9.7035826144813,10.3708561407133,14.5836094739251,20.1095813847096,31.3325058211532,54.1038459576519,88.0318469033416,104.499952289831,121.427958213983,134.871227829795,C3,C3: limit warming to 2°C (>67%)
MESSAGE-GLOBIOM 1.0,EMF33_tax_hi_none,9.7035826144813,10.3708561407133,14.670943762754,20.3638108021514,31.6085170604448,55.5243202603174,85.5904095184723,104.122547216423,118.855358028669,131.006188731893,C4,C4: limit warming to 2°C (>50%)
MESSAGE-GLOBIOM 1.0,EMF33_tax_lo_full,9.7035826144813,10.3708561407133,12.1140039036331,13.9975658533881,20.232363261372,36.81082235464289,67.510312754167,100.534354042699,138.683969242163,146.108243157352,C5,C5: limit warming to 2.5°C (>50%)
MESSAGE-GLOBIOM 1.0,EMF33_tax_lo_none,9.7035826144813,10.3708561407133,12.1912687778949,14.4172922722119,20.8875750025724,36.7619359844751,66.58538925044151,98.73118068310627,137.509315669909,146.779421415243,C5,C5: limit warming to 2.5°C (>50%)
MESSAGE-GLOBIOM 1.0,SSP1-19,9.776,12.208,13.992,17.042,26.843,40.975,56.86199999999999,79.705,87.28299999999999,73.915,failed-vetting,failed-vetting
MESSAGE-GLOBIOM 1.0,SSP1-26,9.776,12.203,11.576,9.372,9.736,17.354,33.011,51.64,71.512,90.315,C4,C4: limit warming to 2°C (>50%)
MESSAGE-GLOBIOM 1.0,SSP1-34,9.776,12.21,10.857,7.427,5.518,7.798999999999999,12.8,25.028,38.114,47.845,C5,C5: limit warming to 2.5°C (>50%)
MESSAGE-GLOBIOM 1.0,SSP1-45,9.776,12.212,10.881,7.107,4.341,5.194,7.537000000000001,11.794,22.186,32.94,C6,C6: limit warming to 3°C (>50%)
MESSAGE-GLOBIOM 1.0,SSP1-Baseline,9.776,11.746,10.905,7.039,3.74,2.556,1.416,0.501,0.5,0.483,C7,C7: limit warming to 4°C (>50%)
MESSAGE-GLOBIOM 1.0,SSP2-19,9.764,12.219,18.755,31.088,57.303,95.657,116.469,120.108,107.239,76.702,C1,C1: limit warming to 1.5°C (>50%) with no or limited overshoot
MESSAGE-GLOBIOM 1.0,SSP2-26,9.763,12.399,17.598,25.273,41.672,65.399,91.964,107.743,114.563,107.96,C3,C3: limit warming to 2°C (>67%)
MESSAGE-GLOBIOM 1.0,SSP2-34,9.763,12.408,12.687,14.855,22.732,41.401,73.378,100.416,117.491,129.509,C5,C5: limit warming to 2.5°C (>50%)
MESSAGE-GLOBIOM 1.0,SSP2-45,9.764,12.414,11.921,11.334,16.368,26.122,48.371,83.485,126.479,148.622,C6,C6: limit warming to 3°C (>50%)
MESSAGE-GLOBIOM 1.0,SSP2-60,9.764,12.368,11.091,7.611000000000002,6.22,10.55,19.076,37.312,56.35,89.936,C7,C7: limit warming to 4°C (>50%)
MESSAGE-GLOBIOM 1.0,SSP2-Baseline,9.764,11.761,10.951,7.147,4.27,5.603,9.762,17.178,29.57800000000001,44.445,C7,C7: limit warming to 4°C (>50%)
MESSAGE-GLOBIOM 1.0,SSP3-34,9.63,12.922,20.075,31.263,54.76300000000001,94.363,150.178,183.706,210.705,226.769,C4,C4: limit warming to 2°C (>50%)
MESSAGE-GLOBIOM 1.0,SSP3-45,9.628,12.515,16.449,22.581,38.465,73.172,120.354,166.05,213.472,251.331,C5,C5: limit warming to 2.5°C (>50%)
MESSAGE-GLOBIOM 1.0,SSP3-60,9.627,12.216,11.743,10.866,15.438,30.253,57.38399999999999,106.958,161.402,223.947,C6,C6: limit warming to 3°C (>50%)
MESSAGE-GLOBIOM 1.0,SSP3-Baseline,9.648,10.963,9.059,5.409,2.738,3.341,5.001,8.684,16.627,30.869,failed-vetting,failed-vetting
MESSAGEix-GLOBIOM 1.0,CD-LINKS_INDC2030i_1600,9.7035826144813,10.6780447947549,12.9188473606361,17.1552170576288,25.7653992915004,47.1225280765812,68.2360308495284,102.215377939174,124.046057162152,137.596333062586,C4,C4: limit warming to 2°C (>50%)
MESSAGEix-GLOBIOM 1.0,CD-LINKS_INDCi,9.7035826144813,10.6780447947549,12.9188473606361,12.2921646346524,7.55611240733506,8.257552141335442,11.1723957998974,13.990449085463,20.7269862617244,30.4175407351137,C7,C7: limit warming to 4°C (>50%)
MESSAGEix-GLOBIOM 1.0,CD-LINKS_NDC2030i_1000,9.7035826144813,10.6780447947549,12.9188473606361,18.6961256462786,30.0909479443817,57.5880450873927,93.3939314215005,127.21097163965,140.336534997242,124.612861726315,C2,C2: return warming to 1.5°C (>50%) after a high overshoot
MESSAGEix-GLOBIOM 1.0,CD-LINKS_NPi,9.7035826144813,10.6780447947549,11.258364296679,8.93141129235455,4.1680037774728,2.39324318637712,2.93364211922896,5.60893171523092,9.28728352524362,18.4200699304013,C7,C7: limit warming to 4°C (>50%)
MESSAGEix-GLOBIOM 1.0,CD-LINKS_NPi2020_1000,9.7035826144813,10.6780447947549,15.7628034894925,23.3339726891274,35.88439914908329,60.2514396052853,88.79819920352921,105.25893206426,123.55468975221,126.124207946098,C2,C2: return warming to 1.5°C (>50%) after a high overshoot
MESSAGEix-GLOBIOM 1.0,CD-LINKS_NPi2020_1600,9.7035826144813,10.6780447947549,12.7509130964154,16.4549335020446,23.5693024870852,44.110148565136,74.6227238166139,108.628804480911,120.759637303042,131.373344298888,C4,C4: limit warming to 2°C (>50%)
MESSAGEix-GLOBIOM 1.0,CD-LINKS_NPi2020_400,9.7035826144813,10.6780447947549,19.6874368125656,32.9990642622766,57.1041128235989,95.1474695919113,126.671681049793,132.681431100458,112.445014697761,81.3741720820923,C1,C1: limit warming to 1.5°C (>50%) with no or limited overshoot
MESSAGEix-GLOBIOM 1.0,CD-LINKS_NoPolicy,9.7035826144813,9.92899871904665,9.353978404091231,7.28641220353751,3.01879727702858,1.31400556570582,1.42206212130072,3.94154288896837,7.87124305807377,15.9967737127096,C7,C7: limit warming to 4°C (>50%)
MESSAGEix-GLOBIOM 1.0,LowEnergyDemand_1.3_IPCC,9.692204610806623,10.57728530402936,14.83635760153362,17.37737221510573,17.59660084260579,18.27277022049492,22.46845460936389,20.75326306304661,18.93461264251727,16.01172616186195,C1,C1: limit warming to 1.5°C (>50%) with no or limited overshoot
MESSAGEix-GLOBIOM_1.0,CO_2Deg2020,9.7035826144813,10.40703917063416,11.15505845505931,10.10450111658982,8.05110379085167,11.79197200875889,22.12502973889979,39.12047946458893,68.26730921253004,95.46975581576808,failed-vetting,failed-vetting
MESSAGEix-GLOBIOM_1.0,CO_2Deg2030,9.7035826144813,10.40703917063416,10.6551950742784,12.46530440703279,13.48829777602579,20.34356443111603,34.92507850670493,59.25963680526833,82.24232413135269,84.86413982481687,failed-vetting,failed-vetting
MESSAGEix-GLOBIOM_1.0,CO_BAU,9.7035826144813,9.887998676078167,9.11618943571946,7.146459820669731,2.826995357537113,0.69594637218071,0.0363903501299505,0.0,0.0,0.0,failed-vetting,failed-vetting
MESSAGEix-GLOBIOM_1.0,CO_Bridge,9.7035826144813,10.40703917063416,8.95844612155997,8.565350238880589,8.49553053530422,12.73256622136146,24.01159921492076,45.50699465122218,71.36241569472355,95.9431321189544,failed-vetting,failed-vetting
MESSAGEix-GLOBIOM_1.0,CO_CurPol,9.7035826144813,10.40703917063416,10.64558409193845,8.828671963329477,3.992417085416057,2.164780131913814,1.813076785882681,1.694313865213795,1.694773569384219,1.71814996351567,failed-vetting,failed-vetting
MESSAGEix-GLOBIOM_1.0,CO_GPP,9.7035826144813,10.40703917063416,10.07611626388313,8.149829955911786,4.11552377147727,2.396033575963177,2.047378480838423,1.671776292309428,1.674667996392771,1.676004364972384,failed-vetting,failed-vetting
MESSAGEix-GLOBIOM_1.0,CO_NDC_2050convergence,9.7035826144813,10.40703917063416,10.6551950742784,8.971408330414537,4.542081759877783,2.734396512195739,2.403187099034601,2.031373966229353,1.601863818727822,1.602072388072027,failed-vetting,failed-vetting
MESSAGEix-GLOBIOM_1.0,CO_NDCplus,9.7035826144813,10.40703917063416,10.6551950742784,8.831105031190125,4.027379545935792,2.211510383010547,1.861649584298375,1.645013257112533,1.645572033623047,1.644900817459169,failed-vetting,failed-vetting
MESSAGEix-GLOBIOM_1.1,EN_INDCi2030_1000,9.739311517280854,9.807201661861358,9.483485284024248,13.3805687058524,21.04508203626496,41.03359496574117,73.1304934046744,84.2204341203709,93.1978982297536,101.039339768012,C3,C3: limit warming to 2°C (>67%)
MESSAGEix-GLOBIOM_1.1,EN_INDCi2030_1000_COV,9.739311517280854,9.867708162652209,9.566036143972823,13.49022963511851,20.60006830900099,38.94063157320885,73.6500040575806,89.9886992606702,95.48286837074086,94.62083937964172,C3,C3: limit warming to 2°C (>67%)
MESSAGEix-GLOBIOM_1.1,EN_INDCi2030_1000_COV_NDCp,9.739311517280854,9.867708162652209,9.554234740829903,13.55554808950905,20.73937734592476,39.2886177406462,74.92592182616946,89.28568285658204,98.18540319927368,96.28205259355218,C3,C3: limit warming to 2°C (>67%)
MESSAGEix-GLOBIOM_1.1,EN_INDCi2030_1000_NDCp,9.739311517280854,9.807201661861358,9.464009888782217,13.41312388532229,21.24716668415697,41.66746413633096,73.99708638373689,84.79697993226289,94.44222412632764,100.9105423396345,C3,C3: limit warming to 2°C (>67%)
MESSAGEix-GLOBIOM_1.1,EN_INDCi2030_1000f,9.739311517280854,9.807201661861358,9.483485284024248,12.73408969885458,19.3795248478596,37.17938821939052,72.04174561818388,118.4174025707611,144.9825762610888,150.4030646191913,C4,C4: limit warming to 2°C (>50%)
MESSAGEix-GLOBIOM_1.1,EN_INDCi2030_1000f_COV,9.739311517280854,9.867708162652209,9.566036143972823,12.46521920441329,18.19815127113356,35.03305727663639,68.36688362360505,116.7857489598339,147.5296764845197,144.5914398863185,C3,C3: limit warming to 2°C (>67%)
MESSAGEix-GLOBIOM_1.1,EN_INDCi2030_1000f_COV_NDCp,9.739311517280854,9.867708162652209,9.554234740829903,12.33503693220499,17.92242714876076,34.91460889930131,67.99281695767623,116.5790833032008,147.369867361007,144.4904079006747,C3,C3: limit warming to 2°C (>67%)
MESSAGEix-GLOBIOM_1.1,EN_INDCi2030_1000f_NDCp,9.739311517280854,9.807201661861358,9.464009888782217,12.70867405131191,19.29401815501171,37.18108092816142,72.23081799305238,118.3215811435525,145.1016231335122,150.4557158862582,C4,C4: limit warming to 2°C (>50%)
MESSAGEix-GLOBIOM_1.1,EN_INDCi2030_1200,9.739311517280854,9.807201661861358,9.483485284024248,12.77751016619103,18.84241138720484,35.60431148385638,68.68217929326906,90.93009259632085,100.4791848632916,107.50218760682,C4,C4: limit warming to 2°C (>50%)
MESSAGEix-GLOBIOM_1.1,EN_INDCi2030_1200_COV,9.739311517280854,9.867708162652209,9.566036143972823,12.39524799896022,16.84519463506003,31.89240901409174,62.33371267617086,88.09354951393517,101.1482522242017,98.4311224098624,C3,C3: limit warming to 2°C (>67%)
MESSAGEix-GLOBIOM_1.1,EN_INDCi2030_1200_COV_NDCp,9.739311517280854,9.867708162652209,9.554234740829903,12.34992665418123,16.5818191426347,31.48079745594339,61.58681637533317,89.20700092616325,102.9419341109663,99.9331225383426,C3,C3: limit warming to 2°C (>67%)
MESSAGEix-GLOBIOM_1.1,EN_INDCi2030_1200_NDCp,9.739311517280854,9.807201661861358,9.464009888782217,12.77338710973777,18.7270277312831,35.40148774093867,68.19100845639178,90.5529065006922,100.1265160229909,107.4113313455672,C4,C4: limit warming to 2°C (>50%)
MESSAGEix-GLOBIOM_1.1,EN_INDCi2030_1200f,9.739311517280854,9.807201661861358,9.483485284024248,11.92151764749486,16.68803339382639,33.0750917163009,64.5065923478572,106.8412226011877,145.2379928112697,147.8318865813579,C4,C4: limit warming to 2°C (>50%)
MESSAGEix-GLOBIOM_1.1,EN_INDCi2030_1200f_COV,9.739311517280854,9.867708162652209,9.566036143972823,11.36301547633036,15.71442067803205,31.19131709176622,61.39080870039386,104.0796679696753,145.6279244827983,147.7810749380257,C4,C4: limit warming to 2°C (>50%)
MESSAGEix-GLOBIOM_1.1,EN_INDCi2030_1200f_COV_NDCp,9.739311517280854,9.867708162652209,9.554234740829903,11.35653727453037,15.79818789700026,30.64585062504879,60.35222389839712,104.3240224285692,146.6243780149303,147.783008821223,C4,C4: limit warming to 2°C (>50%)
MESSAGEix-GLOBIOM_1.1,EN_INDCi2030_1200f_NDCp,9.739311517280854,9.807201661861358,9.464009888782217,11.82965901735208,16.52569123149526,33.0173844036379,64.4576623550687,106.9564713582992,146.1668020997039,148.4894034407272,C4,C4: limit warming to 2°C (>50%)
MESSAGEix-GLOBIOM_1.1,EN_INDCi2030_1400,9.739311517280854,9.807201661861358,9.483485284024248,11.72559794085602,16.13652284359136,31.67939787489271,61.49641202816236,94.70422511677012,109.0779074885767,113.2391815726175,C4,C4: limit warming to 2°C (>50%)
MESSAGEix-GLOBIOM_1.1,EN_INDCi2030_1400_COV,9.739311517280854,9.867708162652209,9.566036143972823,10.78767767888568,14.11725835877885,25.68965995463919,51.04357205637662,85.86771496800607,103.0587721780176,100.8242955831571,C4,C4: limit warming to 2°C (>50%)
MESSAGEix-GLOBIOM_1.1,EN_INDCi2030_1400_COV_NDCp,9.739311517280854,9.867708162652209,9.554234740829903,10.75736075088535,13.95084714689848,25.49936961371363,50.70953037297335,86.00149579039844,103.3702725805937,101.2660052799948,C4,C4: limit warming to 2°C (>50%)
MESSAGEix-GLOBIOM_1.1,EN_INDCi2030_1400_NDCp,9.739311517280854,9.807201661861358,9.464009888782217,11.72500923093684,16.0773374754881,31.71993169398979,61.47531375814419,94.41734667699414,109.2061286354469,113.3527690111838,C4,C4: limit warming to 2°C (>50%)
MESSAGEix-GLOBIOM_1.1,EN_INDCi2030_1400f,9.739311517280854,9.807201661861358,9.483485284024248,10.91524654860711,14.7752589977918,28.73774250971103,56.91697829780603,95.68261318278122,141.7566113006271,147.6645776524799,C4,C4: limit warming to 2°C (>50%)
MESSAGEix-GLOBIOM_1.1,EN_INDCi2030_1400f_COV,9.739311517280854,9.867708162652209,9.566036143972823,10.34506178489536,13.2797784593668,24.65823501645747,48.92929537177041,88.59124802867025,132.9081085100686,146.2336723759983,C4,C4: limit warming to 2°C (>50%)
MESSAGEix-GLOBIOM_1.1,EN_INDCi2030_1400f_COV_NDCp,9.739311517280854,9.867708162652209,9.554234740829903,10.3133523438723,13.2042415581531,24.5607647609414,48.63017916213033,88.64462820914673,132.8287571114404,145.5920061131285,C4,C4: limit warming to 2°C (>50%)
MESSAGEix-GLOBIOM_1.1,EN_INDCi2030_1400f_NDCp,9.739311517280854,9.807201661861358,9.464009888782217,10.84850331668265,14.60607301377821,28.26042012743064,56.04048749108462,94.44056649681578,140.5961267061523,147.9430112464677,C4,C4: limit warming to 2°C (>50%)
MESSAGEix-GLOBIOM_1.1,EN_INDCi2030_1600,9.739311517280854,9.807201661861358,9.483485284024248,10.22110604129482,13.08795032423962,24.29097851333075,48.76475441239706,80.28188629621417,104.0547418230661,108.8383756528606,C5,C5: limit warming to 2.5°C (>50%)
MESSAGEix-GLOBIOM_1.1,EN_INDCi2030_1600_COV,9.739311517280854,9.867708162652209,9.566036143972823,9.16599649790926,9.86993807805039,20.16616653353053,40.44528363954901,72.61466774177676,104.7245904222537,105.1351548772049,C4,C4: limit warming to 2°C (>50%)
MESSAGEix-GLOBIOM_1.1,EN_INDCi2030_1600_COV_NDCp,9.739311517280854,9.867708162652209,9.554234740829903,9.129334975826376,10.05396514675854,20.04013910003646,40.22622837488782,72.85456894551766,104.8929217366415,105.043568997143,C4,C4: limit warming to 2°C (>50%)
MESSAGEix-GLOBIOM_1.1,EN_INDCi2030_1600_NDCp,9.739311517280854,9.807201661861358,9.464009888782217,10.28410234326953,13.1299929122967,24.16811128252177,48.37531789982246,79.29751191680079,104.5452578005482,109.6820098676315,C5,C5: limit warming to 2.5°C (>50%)
MESSAGEix-GLOBIOM_1.1,EN_INDCi2030_1600f,9.739311517280854,9.807201661861358,9.483485284024248,9.262783545106789,11.06701123579392,22.34081051182026,44.59594947926675,79.75268436517256,123.1272977385046,148.4825128858207,C5,C5: limit warming to 2.5°C (>50%)
MESSAGEix-GLOBIOM_1.1,EN_INDCi2030_1600f_COV,9.739311517280854,9.867708162652209,9.566036143972823,8.803861421767813,8.872160465294563,18.78607525925856,37.96997429562806,73.90359564835883,118.6994440023362,137.8071013057505,C5,C5: limit warming to 2.5°C (>50%)
MESSAGEix-GLOBIOM_1.1,EN_INDCi2030_1600f_COV_NDCp,9.739311517280854,9.867708162652209,9.554234740829903,8.427291112540786,8.914126661380992,18.86039254244593,38.08414842008035,74.10895385575695,118.513452987171,137.0950825225797,C5,C5: limit warming to 2.5°C (>50%)
MESSAGEix-GLOBIOM_1.1,EN_INDCi2030_1600f_NDCp,9.739311517280854,9.807201661861358,9.464009888782217,9.386638813189125,11.21927288706901,22.04020340023302,44.05706321724711,78.70908980850433,122.0981558092369,148.5913785010769,C5,C5: limit warming to 2.5°C (>50%)
MESSAGEix-GLOBIOM_1.1,EN_INDCi2030_1800,9.739311517280854,9.807201661861358,9.483485284024248,8.81756240371579,9.185970110417362,19.23406567520683,38.73661026916731,69.13063334740401,103.3120817640935,109.7336976213727,C5,C5: limit warming to 2.5°C (>50%)
MESSAGEix-GLOBIOM_1.1,EN_INDCi2030_1800_COV,9.739311517280854,9.867708162652209,9.566036143972823,7.87304220895403,6.006619207931868,13.39030864258812,27.74180997637952,54.90121406541399,92.8084748059332,97.92215928394042,C5,C5: limit warming to 2.5°C (>50%)
MESSAGEix-GLOBIOM_1.1,EN_INDCi2030_1800_COV_NDCp,9.739311517280854,9.867708162652209,9.554234740829903,7.815758639572847,5.860688674864441,13.17557388233576,27.44373604644799,54.41182092489676,92.0523939593064,96.80238110763884,C5,C5: limit warming to 2.5°C (>50%)
MESSAGEix-GLOBIOM_1.1,EN_INDCi2030_1800_NDCp,9.739311517280854,9.807201661861358,9.464009888782217,8.849765394248852,9.563988795826608,19.86572432591061,39.86077280740663,69.60178704909289,104.2493535276228,110.8452471996299,C5,C5: limit warming to 2.5°C (>50%)
MESSAGEix-GLOBIOM_1.1,EN_INDCi2030_1800f,9.739311517280854,9.807201661861358,9.483485284024248,8.314137646373055,7.67623726416221,16.50665831467326,33.66692732388808,65.12364618654834,113.3853692069167,144.2669457266436,C5,C5: limit warming to 2.5°C (>50%)
MESSAGEix-GLOBIOM_1.1,EN_INDCi2030_1800f_COV,9.739311517280854,9.867708162652209,9.566036143972823,7.845329274643651,5.948379851309666,13.40308378670556,27.91108636802056,55.05961017219519,103.3888245482598,127.8811833516092,C5,C5: limit warming to 2.5°C (>50%)
MESSAGEix-GLOBIOM_1.1,EN_INDCi2030_1800f_COV_NDCp,9.739311517280854,9.867708162652209,9.554234740829903,7.804270102449823,5.722021744184801,13.02233892062822,27.23706262776042,53.74863487145812,103.7406189589932,128.5779657350237,C5,C5: limit warming to 2.5°C (>50%)
MESSAGEix-GLOBIOM_1.1,EN_INDCi2030_1800f_NDCp,9.739311517280854,9.807201661861358,9.464009888782217,8.50293009191505,8.105579698803536,17.31528183041965,35.19106926645256,64.98992845741651,113.2901653987106,141.6314360346646,C5,C5: limit warming to 2.5°C (>50%)
MESSAGEix-GLOBIOM_1.1,EN_INDCi2030_2000,9.739311517280854,9.807201661861358,9.483485284024248,7.672169830066174,5.405251280577609,12.31766435766093,25.80766733819652,51.50063052445812,88.94018965647307,103.5791355259016,C5,C5: limit warming to 2.5°C (>50%)
MESSAGEix-GLOBIOM_1.1,EN_INDCi2030_2000_COV,9.739311517280854,9.867708162652209,9.566036143972823,7.47525900228969,4.918308898290395,10.54170297108717,22.60892834380141,45.10981011287377,85.10369299616254,96.24666366969288,C5,C5: limit warming to 2.5°C (>50%)
MESSAGEix-GLOBIOM_1.1,EN_INDCi2030_2000_COV_NDCp,9.739311517280854,9.867708162652209,9.554234740829903,7.502229892122713,4.957218302076234,10.55996600833381,22.64151090814705,45.12045060744219,85.09613532985985,96.17893405894596,C5,C5: limit warming to 2.5°C (>50%)
MESSAGEix-GLOBIOM_1.1,EN_INDCi2030_2000_NDCp,9.739311517280854,9.807201661861358,9.464009888782217,7.650624736131928,5.555522310433937,12.44003183175639,26.0317861296333,51.88731311148933,89.48744510059906,103.6750048425455,C5,C5: limit warming to 2.5°C (>50%)
MESSAGEix-GLOBIOM_1.1,EN_INDCi2030_2000f,9.739311517280854,9.807201661861358,9.483485284024248,7.637832268296995,5.388182759700988,12.3683509344697,25.95835078089043,51.60757241346401,96.2253801398226,122.3264857292007,C5,C5: limit warming to 2.5°C (>50%)
MESSAGEix-GLOBIOM_1.1,EN_INDCi2030_2000f_COV,9.739311517280854,9.867708162652209,9.566036143972823,7.41899842372629,4.491119286530473,9.839964848338193,21.46193156686059,42.92824319855183,84.00293111130063,107.6206818788295,C5,C5: limit warming to 2.5°C (>50%)
MESSAGEix-GLOBIOM_1.1,EN_INDCi2030_2000f_COV_NDCp,9.739311517280854,9.867708162652209,9.554234740829903,7.456504153606939,4.555596312172618,9.703374910934338,21.17351493322143,42.3603923236514,83.1147515351406,106.9076772821186,C5,C5: limit warming to 2.5°C (>50%)
MESSAGEix-GLOBIOM_1.1,EN_INDCi2030_2000f_NDCp,9.739311517280854,9.807201661861358,9.464009888782217,7.755580189615403,5.814461227426984,13.13608933060508,27.30986312260302,53.99991364961634,97.54844303003212,123.4423098349454,C5,C5: limit warming to 2.5°C (>50%)
MESSAGEix-GLOBIOM_1.1,EN_INDCi2030_2500,9.739311517280854,9.807201661861358,9.483485284024248,7.282734475959799,3.986519625480041,7.419395044069211,17.00953490168491,34.7121572172665,68.79731175196432,94.96823826016303,C5,C5: limit warming to 2.5°C (>50%)
MESSAGEix-GLOBIOM_1.1,EN_INDCi2030_2500_COV,9.739311517280854,9.867708162652209,9.566036143972823,7.35559238652442,3.496678535154083,6.535294362842176,15.42535302281192,31.51518295676997,62.16011650909243,85.24208596249011,C5,C5: limit warming to 2.5°C (>50%)
MESSAGEix-GLOBIOM_1.1,EN_INDCi2030_2500_COV_NDCp,9.739311517280854,9.867708162652209,9.554234740829903,7.320816690486424,3.441762727686068,6.433948735359726,15.2357853078473,31.17280576122291,61.40335676209489,85.05185051686952,C5,C5: limit warming to 2.5°C (>50%)
MESSAGEix-GLOBIOM_1.1,EN_INDCi2030_2500_NDCp,9.739311517280854,9.807201661861358,9.464009888782217,7.283030459111339,4.046031239974396,7.490393622104479,17.12984453419594,34.94470975619229,69.24844848528156,95.12428683307697,C5,C5: limit warming to 2.5°C (>50%)
MESSAGEix-GLOBIOM_1.1,EN_INDCi2030_2500f,9.739311517280854,9.807201661861358,9.483485284024248,7.298059618530223,3.855360843462821,7.307214062983696,16.85467837242987,34.55465155398389,68.63874623797007,95.7581847659289,C5,C5: limit warming to 2.5°C (>50%)
MESSAGEix-GLOBIOM_1.1,EN_INDCi2030_2500f_COV,9.739311517280854,9.867708162652209,9.566036143972823,7.349514987818406,3.490558403096889,6.518611670992639,15.39361125315306,31.44280790872463,62.05489472677606,82.21272857026679,C5,C5: limit warming to 2.5°C (>50%)
MESSAGEix-GLOBIOM_1.1,EN_INDCi2030_2500f_COV_NDCp,9.739311517280854,9.867708162652209,9.554234740829903,7.346862512815975,3.496426041588551,6.515070282837834,15.38287840067343,31.45709444262582,61.98348985972279,81.43866025705246,C5,C5: limit warming to 2.5°C (>50%)
MESSAGEix-GLOBIOM_1.1,EN_INDCi2030_2500f_NDCp,9.739311517280854,9.807201661861358,9.464009888782217,7.283490689338648,3.894281178104573,7.406715621363769,17.02886134194708,34.88412704188126,69.2607956041263,97.17452262762876,C5,C5: limit warming to 2.5°C (>50%)
MESSAGEix-GLOBIOM_1.1,EN_INDCi2030_3000,9.739311517280854,9.807201661861358,9.483485284024248,7.233329311400157,2.922141099657515,3.441121978943759,8.36532773753926,18.72158262254073,37.69994438663817,64.5921757344357,C6,C6: limit warming to 3°C (>50%)
MESSAGEix-GLOBIOM_1.1,EN_INDCi2030_3000_COV,9.739311517280854,9.867708162652209,9.566036143972823,7.307064286537459,2.765571638924819,2.692139304619084,7.104605468300856,16.53416619051811,33.92692150816766,59.53448983864945,C6,C6: limit warming to 3°C (>50%)
MESSAGEix-GLOBIOM_1.1,EN_INDCi2030_3000_COV_NDCp,9.739311517280854,9.867708162652209,9.554234740829903,7.298380087761442,2.757065962386275,2.681210789964676,7.088316092159627,16.50714579768874,33.891150252256,59.58065964796428,C6,C6: limit warming to 3°C (>50%)
MESSAGEix-GLOBIOM_1.1,EN_INDCi2030_3000_NDCp,9.739311517280854,9.807201661861358,9.464009888782217,7.219877763275186,2.939997814770148,3.2513684322141,8.071192457900429,18.24806554855131,36.93812383722073,64.45428939084724,C6,C6: limit warming to 3°C (>50%)
MESSAGEix-GLOBIOM_1.1,EN_INDCi2030_3000f,9.739311517280854,9.807201661861358,9.483485284024248,7.230504793235598,2.896891591781539,3.377103535507281,8.243820476746242,18.4922067186987,37.35257144831429,64.8670538879036,C6,C6: limit warming to 3°C (>50%)
MESSAGEix-GLOBIOM_1.1,EN_INDCi2030_3000f_COV,9.739311517280854,9.867708162652209,9.566036143972823,7.306271800666782,2.750398412941581,2.664805121772591,7.051275362793779,16.4429097017185,33.75687421551896,59.33546838146452,C6,C6: limit warming to 3°C (>50%)
MESSAGEix-GLOBIOM_1.1,EN_INDCi2030_3000f_COV_NDCp,9.739311517280854,9.867708162652209,9.554234740829903,7.298086591575435,2.752020858695305,2.669787047937142,7.065016181327343,16.46112663294214,33.84313134543311,59.28056101992335,C6,C6: limit warming to 3°C (>50%)
MESSAGEix-GLOBIOM_1.1,EN_INDCi2030_3000f_NDCp,9.739311517280854,9.807201661861358,9.464009888782217,7.218694640714508,2.917728536590413,3.375293827670075,8.257162412033498,18.53683252688921,37.48070059542896,65.25781495894188,C6,C6: limit warming to 3°C (>50%)
MESSAGEix-GLOBIOM_1.1,EN_INDCi2030_600f_COV,9.739311517280854,9.867708162652209,9.566036143972823,13.55265168531269,21.93888117946997,43.74648876829588,83.67120843127283,116.3725964840552,127.1353899178919,121.4905166440127,C2,C2: return warming to 1.5°C (>50%) after a high overshoot
MESSAGEix-GLOBIOM_1.1,EN_INDCi2030_600f_COV_NDCp,9.739311517280854,9.867708162652209,9.554234740829903,13.6423627456558,22.01225884257191,44.15708675893248,83.96697758273902,116.5127529583466,127.8798685556307,122.3870667773159,C2,C2: return warming to 1.5°C (>50%) after a high overshoot
MESSAGEix-GLOBIOM_1.1,EN_INDCi2030_700f,9.739311517280854,9.807201661861358,9.483485284024248,13.39313457257695,22.0872498998646,44.23944528006808,84.3954649117021,115.2212447615952,130.9105358345808,127.0150583145072,C2,C2: return warming to 1.5°C (>50%) after a high overshoot
MESSAGEix-GLOBIOM_1.1,EN_INDCi2030_700f_COV,9.739311517280854,9.867708162652209,9.566036143972823,13.56501100278824,21.67774782653711,43.29513248745386,82.95197255964189,119.433566201094,137.6205905785082,132.1454182384879,C2,C2: return warming to 1.5°C (>50%) after a high overshoot
MESSAGEix-GLOBIOM_1.1,EN_INDCi2030_700f_COV_NDCp,9.739311517280854,9.867708162652209,9.554234740829903,13.59264622561207,21.68504902637013,42.86643519650597,81.80628824399774,119.5476945645821,138.561946834512,133.0616661603317,C2,C2: return warming to 1.5°C (>50%) after a high overshoot
MESSAGEix-GLOBIOM_1.1,EN_INDCi2030_700f_NDCp,9.739311517280854,9.807201661861358,9.464009888782217,13.41912713466758,22.01980756000351,44.08010152466387,84.24004368692543,115.4830207407248,131.6778210720042,127.6707979139993,C2,C2: return warming to 1.5°C (>50%) after a high overshoot
MESSAGEix-GLOBIOM_1.1,EN_INDCi2030_800f,9.739311517280854,9.807201661861358,9.483485284024248,13.21750754711223,21.48791213852825,42.66252022065234,81.37529400871759,118.2219721814834,135.5275065467334,134.2685671486023,C3,C3: limit warming to 2°C (>67%)
MESSAGEix-GLOBIOM_1.1,EN_INDCi2030_800f_COV,9.739311517280854,9.867708162652209,9.566036143972823,13.39308218836799,20.89121869455829,41.30887407080978,79.5870046606671,123.3502484970473,145.9906920614225,140.9793472041283,C3,C3: limit warming to 2°C (>67%)
MESSAGEix-GLOBIOM_1.1,EN_INDCi2030_800f_COV_NDCp,9.739311517280854,9.867708162652209,9.554234740829903,13.43883999266408,20.91118497147068,41.23689690304255,79.40430703029399,124.1982020211334,147.4508128772408,142.5293050710716,C3,C3: limit warming to 2°C (>67%)
MESSAGEix-GLOBIOM_1.1,EN_INDCi2030_800f_NDCp,9.739311517280854,9.807201661861358,9.464009888782217,13.26566123213256,21.47630659732532,42.5234647776029,81.16907958016364,118.2679302561607,134.6862018846916,132.1309760506799,C3,C3: limit warming to 2°C (>67%)
MESSAGEix-GLOBIOM_1.1,EN_INDCi2030_900f,9.739311517280854,9.807201661861358,9.483485284024248,13.12834763342507,20.66347303084162,40.811802872062,78.48704239051149,119.7883504737346,139.93906922392,139.7392437765428,C3,C3: limit warming to 2°C (>67%)
MESSAGEix-GLOBIOM_1.1,EN_INDCi2030_900f_COV,9.739311517280854,9.867708162652209,9.566036143972823,12.93007864129242,19.55081466682618,38.05781217485168,73.88723021520953,120.6273905827706,146.48184936392,143.1098547216629,C3,C3: limit warming to 2°C (>67%)
MESSAGEix-GLOBIOM_1.1,EN_INDCi2030_900f_COV_NDCp,9.739311517280854,9.867708162652209,9.554234740829903,12.91246269032388,19.50213511458316,37.93639698541989,73.69326266127996,121.1613038990567,147.1655731661356,143.8236457418611,C3,C3: limit warming to 2°C (>67%)
MESSAGEix-GLOBIOM_1.1,EN_INDCi2030_900f_NDCp,9.739311517280854,9.807201661861358,9.464009888782217,13.19930188698771,20.8386622124603,40.75537663958625,78.50153246900938,119.4765820453731,139.6420762625032,139.059929168581,C3,C3: limit warming to 2°C (>67%)
MESSAGEix-GLOBIOM_1.1,EN_INDCi2030_950_COV,9.739311517280854,9.867708162652209,9.566036143972823,13.50356792411029,21.00223860770513,40.99366808906671,73.22791239880911,87.57614716440362,93.5253928554606,94.07741484728837,C3,C3: limit warming to 2°C (>67%)
MESSAGEix-GLOBIOM_1.1,EN_INDCi2030_950_COV_NDCp,9.739311517280854,9.867708162652209,9.554234740829903,13.60665385767312,20.95271027318943,40.6520005694759,74.21567941407258,87.55528729521485,96.0405156507337,94.599234835118,C3,C3: limit warming to 2°C (>67%)
MESSAGEix-GLOBIOM_1.1,EN_INDCi2030_950f_COV,9.739311517280854,9.867708162652209,9.566036143972823,12.62924293511385,18.68113839569815,36.34375603213203,70.7209554362063,119.604662113498,147.0552765765264,143.8771696735456,C3,C3: limit warming to 2°C (>67%)
MESSAGEix-GLOBIOM_1.1,EN_INDCi2030_950f_COV_NDCp,9.739311517280854,9.867708162652209,9.554234740829903,12.64683935305533,18.58628044664511,36.10546920899175,70.06560712632115,119.572882226037,147.599951073561,144.6569678920733,C3,C3: limit warming to 2°C (>67%)
MESSAGEix-GLOBIOM_1.1,EN_INDCi2100,9.739311517280854,9.807201661861358,9.483485284024248,7.628534104994951,4.417868402525783,5.99967516213777,11.10562069794316,16.99214048885161,20.34802926423184,21.08158696910139,C6,C6: limit warming to 3°C (>50%)
MESSAGEix-GLOBIOM_1.1,EN_INDCi2100_COV,9.739311517280854,9.867708162652209,9.566036143972823,7.289822076378901,3.478797435051125,3.874137769888764,6.954234508338895,11.605576458507,18.21134401463339,19.71495969368229,C6,C6: limit warming to 3°C (>50%)
MESSAGEix-GLOBIOM_1.1,EN_INDCi2100_COV_NDCp,9.739311517280854,9.867708162652209,9.554234740829903,7.280104122287517,3.141661677742786,3.76099198503853,7.373524692024111,14.24171721348925,20.77192867542821,23.22323683904502,C6,C6: limit warming to 3°C (>50%)
MESSAGEix-GLOBIOM_1.1,EN_INDCi2100_NDCp,9.739311517280854,9.807201661861358,9.464009888782217,7.59906809085531,4.375947447420008,5.91873695658372,11.42512168769854,17.92384351588611,22.44349784288399,24.85909852448586,C6,C6: limit warming to 3°C (>50%)
MESSAGEix-GLOBIOM_1.1,EN_NPi2020_1000,9.739311517280854,9.807201661861358,14.13529915551657,20.05100336182956,29.65276522762499,44.18448858829181,75.3109418012564,85.87716260315727,98.58715887191848,101.1042319180096,C3,C3: limit warming to 2°C (>67%)
MESSAGEix-GLOBIOM_1.1,EN_NPi2020_1000_COV,9.739311517280854,9.867708162720463,13.11224253475277,17.35058475735702,25.81669107989504,39.51830282258885,69.21308387402148,88.59569966866728,98.56401643417216,93.591555045033,C3,C3: limit warming to 2°C (>67%)
MESSAGEix-GLOBIOM_1.1,EN_NPi2020_1000_DR10p,9.739311517280854,9.818137464001069,9.396847743160182,7.060930340562745,2.622485619152899,2.28492764789014,3.564173720925628,5.115281726733031,6.55719232969558,7.251368407233178,C3,C3: limit warming to 2°C (>67%)
MESSAGEix-GLOBIOM_1.1,EN_NPi2020_1000_DR1p,9.739311517280854,10.98520404964412,18.3766919696163,31.45824345888096,51.17461636629191,82.8270915132288,108.3879134427867,117.173157041234,129.405734130343,112.8256143121789,C3,C3: limit warming to 2°C (>67%)
MESSAGEix-GLOBIOM_1.1,EN_NPi2020_1000_DR2p,9.739311517280854,10.38927218219182,16.98710919648973,28.48138026626575,45.14060326845447,71.85631764355892,105.457429731317,118.9173212633235,132.8218064566244,116.6829655692775,C3,C3: limit warming to 2°C (>67%)
MESSAGEix-GLOBIOM_1.1,EN_NPi2020_1000_DR3p,9.739311517280854,9.914165421108606,15.67048897501887,24.69003773864129,39.49053285577479,66.01249120609513,100.2283918338307,122.3889568286179,133.9872585009415,122.8726735036188,C3,C3: limit warming to 2°C (>67%)
MESSAGEix-GLOBIOM_1.1,EN_NPi2020_1000_DR4p,9.739311517280854,9.80658152709648,14.6668178296153,21.75119045207422,33.18039733341928,54.66908757640552,91.8653766488425,115.1002302249734,129.9527642265234,131.6703175821564,C3,C3: limit warming to 2°C (>67%)
MESSAGEix-GLOBIOM_1.1,EN_NPi2020_1000f,9.739311517280854,9.807201661861358,12.62665157594736,15.34513091440929,21.90860512464336,38.49606496299594,69.50297563709817,110.1985071406929,145.1538781480332,145.4329885777395,C3,C3: limit warming to 2°C (>67%)
MESSAGEix-GLOBIOM_1.1,EN_NPi2020_1000f_COV,9.739311517280854,9.867708162720463,11.90801330601055,14.58033135673301,20.25330378396322,32.73115025526217,61.40065146857772,108.369592603299,154.637468189667,149.0055130087618,C3,C3: limit warming to 2°C (>67%)
MESSAGEix-GLOBIOM_1.1,EN_NPi2020_1000f_DR10p,9.739311517280854,9.818137464001069,9.465687969208911,7.159574823465854,2.711501685178294,2.659505852920343,5.478009387943899,9.511256802353303,13.39992182214795,14.17011252355246,C4,C4: limit warming to 2°C (>50%)
MESSAGEix-GLOBIOM_1.1,EN_NPi2020_1000f_DR1p,9.739311517280854,10.98520404964412,18.50817295932649,31.67665292466254,51.53938679221999,83.2222162848774,107.9304151495132,116.7450683557716,128.1384965493369,112.2848713630228,C3,C3: limit warming to 2°C (>67%)
MESSAGEix-GLOBIOM_1.1,EN_NPi2020_1000f_DR2p,9.739311517280854,10.38927218219182,16.75392833304392,27.94020829831532,44.35139618401108,70.3571520861679,99.77053411220406,113.6210470450365,135.4253601417132,123.4981042354317,C3,C3: limit warming to 2°C (>67%)
MESSAGEix-GLOBIOM_1.1,EN_NPi2020_1000f_DR3p,9.739311517280854,9.914165421108606,15.27087073824988,23.23906526523632,36.37164775177614,59.75368051984152,89.1631912667982,117.4616524217637,143.2271628151221,133.1845730621325,C3,C3: limit warming to 2°C (>67%)
MESSAGEix-GLOBIOM_1.1,EN_NPi2020_1000f_DR4p,9.739311517280854,9.80658152709648,14.33220338895459,19.81466729885103,29.94373796034368,48.72593439715452,78.25870891868774,116.4745792252421,147.7705139990907,144.4075826032985,C3,C3: limit warming to 2°C (>67%)
MESSAGEix-GLOBIOM_1.1,EN_NPi2020_1200,9.739311517280854,9.807201661861358,12.31764524762762,14.84235090195181,21.03309204446878,35.5131888044387,61.88139066423248,89.441062489226,101.7872023039482,104.5695448212211,C3,C3: limit warming to 2°C (>67%)
MESSAGEix-GLOBIOM_1.1,EN_NPi2020_1200_COV,9.739311517280854,9.867708162720463,11.92620046078758,13.64880921583786,17.94842364157952,28.80321937346507,54.13636594492488,89.49410858942596,101.196019379375,97.29021404333255,C3,C3: limit warming to 2°C (>67%)
MESSAGEix-GLOBIOM_1.1,EN_NPi2020_1200f,9.739311517280854,9.807201661861358,11.62087095383202,12.5076318532014,16.25925062380245,29.38310532413178,57.74229434932763,99.958234476523,144.7108830506656,149.8833393637223,C4,C4: limit warming to 2°C (>50%)
MESSAGEix-GLOBIOM_1.1,EN_NPi2020_1200f_COV,9.739311517280854,9.867708162720463,11.52878083654769,11.81427179155159,13.39890797353998,24.69497378146769,48.99247361675061,92.69688813376594,139.898177824727,144.5714571118082,C4,C4: limit warming to 2°C (>50%)
MESSAGEix-GLOBIOM_1.1,EN_NPi2020_1400,9.739311517280854,9.807201661861358,11.33732405341302,11.40958223351325,13.50740385774531,24.5060631305076,48.72900884548095,79.42857418686852,97.8067848209316,106.0734954436082,C4,C4: limit warming to 2°C (>50%)
MESSAGEix-GLOBIOM_1.1,EN_NPi2020_1400_COV,9.739311517280854,9.867708162720463,10.43489538759159,10.08982951546622,10.90728766908156,20.8530734365488,41.62382108408151,75.05709975239907,101.9237229898424,103.0917335396539,C4,C4: limit warming to 2°C (>50%)
MESSAGEix-GLOBIOM_1.1,EN_NPi2020_1400f,9.739311517280854,9.807201661861358,10.98322886455137,9.820185696124812,10.55834272694976,21.64170282448997,43.11682395720714,80.3811108432025,122.8829348514625,141.8282613089433,C4,C4: limit warming to 2°C (>50%)
MESSAGEix-GLOBIOM_1.1,EN_NPi2020_1400f_COV,9.739311517280854,9.867708162720463,10.40149817251884,9.280461830195003,9.288453089025037,19.29307290587154,38.54671983604034,74.77651978400978,122.1998187026447,139.3449823227904,C4,C4: limit warming to 2°C (>50%)
MESSAGEix-GLOBIOM_1.1,EN_NPi2020_1600,9.739311517280854,9.807201661861358,10.41694075864661,9.029343638785612,8.769621606548837,18.38971912083392,37.03949499396675,69.03735042761706,97.40616151449429,106.198799282694,C4,C4: limit warming to 2°C (>50%)
MESSAGEix-GLOBIOM_1.1,EN_NPi2020_1600_COV,9.739311517280854,9.867708162720463,9.67067503643575,7.872980015191335,6.768164749829639,14.78773366068697,30.42405627144145,60.05604348614548,94.72751739544496,97.0942629001886,C4,C4: limit warming to 2°C (>50%)
MESSAGEix-GLOBIOM_1.1,EN_NPi2020_1600f,9.739311517280854,9.807201661861358,10.16302723619562,8.688849650199884,8.384882494903193,17.64320946989523,35.53887767169925,69.41970898490149,115.6560341539546,139.7342532756188,C5,C5: limit warming to 2.5°C (>50%)
MESSAGEix-GLOBIOM_1.1,EN_NPi2020_1600f_COV,9.739311517280854,9.867708162720463,9.656362445553953,7.855904097417406,6.461864315705098,14.2803798087075,29.40883612690635,58.05557372251047,104.5665403775462,124.0386094227359,C4,C4: limit warming to 2°C (>50%)
MESSAGEix-GLOBIOM_1.1,EN_NPi2020_1800,9.739311517280854,9.807201661861358,9.732443637874075,7.949279399250003,5.923464666772415,13.2799533649967,27.56924843627482,54.79917845711793,89.66753261068556,100.0377776122342,C5,C5: limit warming to 2.5°C (>50%)
MESSAGEix-GLOBIOM_1.1,EN_NPi2020_1800_COV,9.739311517280854,9.867708162720463,9.518388631459144,7.692496755519349,5.340475705894307,11.43887607265992,24.18577341777022,48.19294125487449,88.52574520160934,96.66794200936194,C5,C5: limit warming to 2.5°C (>50%)
MESSAGEix-GLOBIOM_1.1,EN_NPi2020_1800f,9.739311517280854,9.807201661861358,9.61496827691617,7.787379451798933,6.015635851022562,13.23041752476616,27.55644824323414,54.84292564748004,99.3180830978116,124.2782729784988,C5,C5: limit warming to 2.5°C (>50%)
MESSAGEix-GLOBIOM_1.1,EN_NPi2020_1800f_COV,9.739311517280854,9.867708162720463,9.515412654239428,7.670135712327153,5.29181200291259,11.96188726909312,25.2287491785551,49.74127446459008,96.27539806773112,114.4999811108409,C5,C5: limit warming to 2.5°C (>50%)
MESSAGEix-GLOBIOM_1.1,EN_NPi2020_2000,9.739311517280854,9.807201661861358,9.51100374447569,7.497764247052224,4.916048852674676,10.98383389330496,23.49801394705629,47.42887226381934,89.30415561703789,102.7590610198227,C5,C5: limit warming to 2.5°C (>50%)
MESSAGEix-GLOBIOM_1.1,EN_NPi2020_2000_COV,9.739311517280854,9.867708162720463,9.521557042556656,7.49585614323556,4.786570346018739,10.07102101862978,21.85835168743246,43.6110675215775,85.45996218815957,99.66636689709787,C5,C5: limit warming to 2.5°C (>50%)
MESSAGEix-GLOBIOM_1.1,EN_NPi2020_2000f,9.739311517280854,9.807201661861358,9.59237235450454,7.490829157749431,4.749407976404356,10.59780180788928,22.87576922020821,45.92889458699098,87.77611003356523,112.0402010199979,C5,C5: limit warming to 2.5°C (>50%)
MESSAGEix-GLOBIOM_1.1,EN_NPi2020_2000f_COV,9.739311517280854,9.867708162720463,9.523759417297564,7.464998451107821,4.447088703768032,9.485695348953575,20.72948207946167,41.39541259430163,81.4220534799113,101.6852879051256,C5,C5: limit warming to 2.5°C (>50%)
MESSAGEix-GLOBIOM_1.1,EN_NPi2020_200f,9.739311517280854,9.807201661861358,15.54493604386737,24.99110741823213,41.65789490477513,76.1151714833885,103.4265275765098,118.8709217726135,129.2070622157626,117.821370999039,C2,C2: return warming to 1.5°C (>50%) after a high overshoot
MESSAGEix-GLOBIOM_1.1,EN_NPi2020_2500,9.739311517280854,9.807201661861358,9.510336647657365,7.211413199122984,3.779330331235089,7.146187251703296,16.60476408251457,33.99921203004235,67.54027036127955,93.74421351714548,C5,C5: limit warming to 2.5°C (>50%)
MESSAGEix-GLOBIOM_1.1,EN_NPi2020_2500_COV,9.739311517280854,9.867708162720463,9.580015252883518,7.372670504115682,3.476638819910958,6.534711834055909,15.4384022609803,31.65152441894691,62.34070017535726,81.08272259567393,C5,C5: limit warming to 2.5°C (>50%)
MESSAGEix-GLOBIOM_1.1,EN_NPi2020_2500f,9.739311517280854,9.807201661861358,9.50980432382756,7.200270883178352,3.700398538722129,6.98748864787395,16.30712718472493,33.43265676076403,66.38505348509888,92.03926097276462,C5,C5: limit warming to 2.5°C (>50%)
MESSAGEix-GLOBIOM_1.1,EN_NPi2020_2500f_COV,9.739311517280854,9.867708162720463,9.580334073264275,7.31814562167535,3.329004373899891,6.241043595783876,14.89088474447461,30.66836856232819,60.38035427877645,76.635324024546,C5,C5: limit warming to 2.5°C (>50%)
MESSAGEix-GLOBIOM_1.1,EN_NPi2020_3000,9.739311517280854,9.807201661861358,9.48899937129674,7.233656193965494,2.94212112583273,3.51481681027625,8.51260668266329,19.03006096192417,38.38456287208307,66.30882402144013,C6,C6: limit warming to 3°C (>50%)
MESSAGEix-GLOBIOM_1.1,EN_NPi2020_3000_COV,9.739311517280854,9.867708162720463,9.589670887447596,7.316640977543997,2.847991292633706,2.863444489164006,7.434580145393488,17.15803066223835,35.2157368639801,62.64345299143893,C6,C6: limit warming to 3°C (>50%)
MESSAGEix-GLOBIOM_1.1,EN_NPi2020_3000f,9.739311517280854,9.807201661861358,9.48354739880481,7.229509382322703,2.928693479963759,3.474035640523655,8.425274244342056,18.86212007870455,38.13101491247318,66.74919821203314,C6,C6: limit warming to 3°C (>50%)
MESSAGEix-GLOBIOM_1.1,EN_NPi2020_3000f_COV,9.739311517280854,9.867708162720463,9.58987568067114,7.315500982453317,2.847990329162537,2.864559001889946,7.439910521149375,17.17642961410495,35.2422698251947,61.97368603157653,C6,C6: limit warming to 3°C (>50%)
MESSAGEix-GLOBIOM_1.1,EN_NPi2020_300f,9.739311517280854,9.807201661861358,15.20647914871668,24.01006583973699,39.41843827418923,69.8802877165695,106.066302741678,120.2286612489166,130.9920494237806,124.9887145648048,C2,C2: return warming to 1.5°C (>50%) after a high overshoot
MESSAGEix-GLOBIOM_1.1,EN_NPi2020_400f,9.739311517280854,9.807201661861358,15.06698685765889,22.72042772307997,36.27882017950211,64.70665054984475,107.6039759912262,125.4122327301503,134.9631619805053,127.3435003028029,C2,C2: return warming to 1.5°C (>50%) after a high overshoot
MESSAGEix-GLOBIOM_1.1,EN_NPi2020_450,9.739311517280854,9.807201661861358,15.71038894245488,25.36969606223634,41.22259960075464,65.70250399464292,79.44690325849872,80.2064271540987,92.02306795468311,87.94001088669596,C1,C1: limit warming to 1.5°C (>50%) with no or limited overshoot
MESSAGEix-GLOBIOM_1.1,EN_NPi2020_450f,9.739311517280854,9.807201661861358,14.82157793545521,21.99630539040351,34.3085284160783,62.2388383040757,106.6905081452732,126.7777531121891,136.8888430309421,128.2926754908812,C2,C2: return warming to 1.5°C (>50%) after a high overshoot
MESSAGEix-GLOBIOM_1.1,EN_NPi2020_500,9.739311517280854,9.807201661861358,15.48261665185154,24.86024322847797,40.59151146093849,65.71199101469311,76.33257216373597,76.2113086895874,91.65014176029491,91.54329089123632,C1,C1: limit warming to 1.5°C (>50%) with no or limited overshoot
MESSAGEix-GLOBIOM_1.1,EN_NPi2020_500f,9.739311517280854,9.807201661861358,14.63416229303754,21.67358712859295,33.37366754287585,59.51893472885855,103.199074838998,127.2770871281916,137.6458213907036,130.8145699208188,C2,C2: return warming to 1.5°C (>50%) after a high overshoot
MESSAGEix-GLOBIOM_1.1,EN_NPi2020_600,9.739311517280854,9.807201661861358,15.47484273534604,24.29972018534622,40.04792150418067,69.50321835237234,79.09095511840624,78.291467411893,91.45701733323128,93.50271592883152,C2,C2: return warming to 1.5°C (>50%) after a high overshoot
MESSAGEix-GLOBIOM_1.1,EN_NPi2020_600_COV,9.739311517280854,9.867708162720463,15.62990522847559,24.04581194598702,38.86047760395876,63.90864244524294,81.19048900837298,81.98494377204477,96.52511278416576,88.47924731212908,C1,C1: limit warming to 1.5°C (>50%) with no or limited overshoot
MESSAGEix-GLOBIOM_1.1,EN_NPi2020_600_DR10p,9.739311517280854,9.818137464001069,10.74350086966307,10.24790982828401,6.847476842196674,6.755693448442647,6.989376601858718,5.540285993817054,4.244498990107992,4.099750114890282,C2,C2: return warming to 1.5°C (>50%) after a high overshoot
MESSAGEix-GLOBIOM_1.1,EN_NPi2020_600_DR1p,9.739311517280854,10.98520404964412,18.41749875373078,33.30778295691594,61.10569711114776,100.0649215445497,120.2616937945774,118.3513649362891,120.5470055685235,101.3092387220637,C1,C1: limit warming to 1.5°C (>50%) with no or limited overshoot
MESSAGEix-GLOBIOM_1.1,EN_NPi2020_600_DR2p,9.739311517280854,10.38927218219182,17.10626852681003,30.3843056820553,55.07257644718763,95.13461230402967,119.1942140566213,118.8164610218996,122.3923341867261,105.8987297024821,C1,C1: limit warming to 1.5°C (>50%) with no or limited overshoot
MESSAGEix-GLOBIOM_1.1,EN_NPi2020_600_DR3p,9.739311517280854,9.914165421108606,16.06436702271383,27.90801721452215,50.18923061288776,89.26710257368114,113.0353535408137,114.1212147644828,122.8522381885734,110.6680027975942,C1,C1: limit warming to 1.5°C (>50%) with no or limited overshoot
MESSAGEix-GLOBIOM_1.1,EN_NPi2020_600_DR4p,9.739311517280854,9.80658152709648,15.84429182484169,27.07813673220367,45.19888879010488,80.47505064598788,101.8719209024626,104.337960617626,120.7237667623292,120.787834249443,C1,C1: limit warming to 1.5°C (>50%) with no or limited overshoot
MESSAGEix-GLOBIOM_1.1,EN_NPi2020_600f,9.739311517280854,9.807201661861358,14.55769643259671,21.23740595132132,31.76663899548593,50.36977624347765,95.01763869552448,125.6924863662132,139.4287515224634,136.9021987271559,C2,C2: return warming to 1.5°C (>50%) after a high overshoot
MESSAGEix-GLOBIOM_1.1,EN_NPi2020_600f_COV,9.739311517280854,9.867708162720463,14.60023355694072,20.35718519988361,30.1962884901519,46.2414900889054,86.82555571568817,130.3221506383515,143.3119166885734,136.0688559171652,C2,C2: return warming to 1.5°C (>50%) after a high overshoot
MESSAGEix-GLOBIOM_1.1,EN_NPi2020_600f_DR10p,9.739311517280854,9.818137464001069,9.416298853266458,7.068665883961401,2.653179932632934,3.108381039346543,6.660078122594938,10.00098032006609,10.55501904859605,11.10394523649331,C2,C2: return warming to 1.5°C (>50%) after a high overshoot
MESSAGEix-GLOBIOM_1.1,EN_NPi2020_600f_DR1p,9.739311517280854,10.98520404964412,18.24846113962407,32.26233619110027,54.24467212073198,89.96102985751774,118.5160764753322,121.1390604517606,129.4551058102024,110.2713114403796,C2,C2: return warming to 1.5°C (>50%) after a high overshoot
MESSAGEix-GLOBIOM_1.1,EN_NPi2020_600f_DR2p,9.739311517280854,10.38927218219182,17.03312753899277,29.04788350309943,46.87963807983177,82.12935793522706,116.5754028079294,128.2915940129041,135.4621188392825,116.7719717591873,C2,C2: return warming to 1.5°C (>50%) after a high overshoot
MESSAGEix-GLOBIOM_1.1,EN_NPi2020_600f_DR3p,9.739311517280854,9.914165421108606,15.9460239331577,25.58958632730239,41.79914909142798,74.35304555343403,110.8583406807837,132.9226774619494,138.2107368875333,120.8973560849626,C2,C2: return warming to 1.5°C (>50%) after a high overshoot
MESSAGEix-GLOBIOM_1.1,EN_NPi2020_600f_DR4p,9.739311517280854,9.80658152709648,15.04548300491288,23.299179284113,36.8879215455017,61.39803869153695,103.3067690461096,132.0180434970332,138.6403056757001,124.1595767372264,C2,C2: return warming to 1.5°C (>50%) after a high overshoot
MESSAGEix-GLOBIOM_1.1,EN_NPi2020_700,9.739311517280854,9.807201661861358,15.19073594237601,23.21750538969032,36.46614117879794,62.36369037205289,79.41567698057347,81.08802934953141,95.35912784791805,98.62640033576749,C2,C2: return warming to 1.5°C (>50%) after a high overshoot
MESSAGEix-GLOBIOM_1.1,EN_NPi2020_700_COV,9.739311517280854,9.867708162720463,15.05385100220122,22.55579514319358,34.20475653684205,50.9981726433086,78.34781631046765,85.45660681344977,100.5070717018839,94.11242918552554,C2,C2: return warming to 1.5°C (>50%) after a high overshoot
MESSAGEix-GLOBIOM_1.1,EN_NPi2020_700f,9.739311517280854,9.807201661861358,14.34032311012982,20.31029035300105,29.89159670400847,47.23917348568201,89.65568245179081,128.115348364128,141.9884003532228,138.4616649077487,C2,C2: return warming to 1.5°C (>50%) after a high overshoot
MESSAGEix-GLOBIOM_1.1,EN_NPi2020_700f_COV,9.739311517280854,9.867708162720463,13.59142722232969,18.4142038610938,27.18262392219504,41.62162813839621,79.96426052119568,127.278850989595,147.6528340520509,140.3176347128076,C2,C2: return warming to 1.5°C (>50%) after a high overshoot
MESSAGEix-GLOBIOM_1.1,EN_NPi2020_800,9.739311517280854,9.807201661861358,14.67123353504935,21.62062649235175,32.93560877078249,51.62158194337425,82.48021607651029,86.15601227929056,100.3425835559619,101.2249131267532,C3,C3: limit warming to 2°C (>67%)
MESSAGEix-GLOBIOM_1.1,EN_NPi2020_800_COV,9.739311517280854,9.867708162720463,14.60732783762607,21.15484719788846,30.96999299705464,45.61801259592138,79.81994795188959,88.49340343170395,101.292505124715,95.03461514122364,C3,C3: limit warming to 2°C (>67%)
MESSAGEix-GLOBIOM_1.1,EN_NPi2020_800f,9.739311517280854,9.807201661861358,14.156733346478,19.35144152856747,28.94333777333947,46.30661580789307,80.88615167233613,124.0089042268114,145.6673341600648,144.029376724713,C3,C3: limit warming to 2°C (>67%)
MESSAGEix-GLOBIOM_1.1,EN_NPi2020_800f_COV,9.739311517280854,9.867708162720463,13.04845915010106,16.64062070040218,24.65141053754863,40.07610655013144,73.42039893907311,117.5726097915474,153.8525940566462,146.8799688436633,C3,C3: limit warming to 2°C (>67%)
MESSAGEix-GLOBIOM_1.1,EN_NPi2020_900,9.739311517280854,9.807201661861358,14.14469773396492,20.5615292621977,30.11206797301533,45.35639894378886,81.6443167272382,85.60770198435713,100.2870584184323,99.79113344849662,C3,C3: limit warming to 2°C (>67%)
MESSAGEix-GLOBIOM_1.1,EN_NPi2020_900_COV,9.739311517280854,9.867708162720463,14.14580096867056,19.4421904823358,28.34692470372627,40.68697420930162,74.19978645604012,89.62496885633638,101.017111312584,97.10742710219508,C3,C3: limit warming to 2°C (>67%)
MESSAGEix-GLOBIOM_1.1,EN_NPi2020_900f,9.739311517280854,9.807201661861358,13.33148339672869,16.97491962777839,24.80737548107035,40.80613585065293,73.8088498987347,113.1423383643221,144.4912895702185,145.556573945076,C3,C3: limit warming to 2°C (>67%)
MESSAGEix-GLOBIOM_1.1,EN_NPi2020_900f_COV,9.739311517280854,9.867708162720463,12.28634759549705,15.39750758151132,22.39185631705453,36.87151532039404,69.45944293997348,113.6377026752053,156.3764957564357,149.7916612390715,C3,C3: limit warming to 2°C (>67%)
MESSAGEix-GLOBIOM_1.1,EN_NPi2100,9.739311517280854,9.807201661861358,9.504732717292915,7.272593329638243,2.794628737223964,1.912912009009266,1.798346475268039,1.628735462333395,1.544278534584698,1.559423584676927,C7,C7: limit warming to 4°C (>50%)
MESSAGEix-GLOBIOM_1.1,EN_NPi2100_COV,9.739311517280854,9.867708162652209,9.560349625675984,7.354838673328864,2.786302671745123,1.912971475344898,1.799847268076746,1.632388454250363,1.546172358453758,1.549932170215153,C7,C7: limit warming to 4°C (>50%)
MESSAGEix-GLOBIOM_1.1,EN_NoPolicy,9.739311517280854,9.544760302393229,9.084635465378392,6.746026764143647,2.140661353395145,1.029357873384118,0.4098699900555833,0.0871088087304575,0.0,0.0,C7,C7: limit warming to 4°C (>50%)
MESSAGEix-GLOBIOM_1.1,NGFS2_Below 2°C,9.739311517,9.867708163,13.32236068,17.81826221,26.53035783,40.40787968,69.50771778,87.69534872,97.80727758,93.23792409,C3,C3: limit warming to 2°C (>67%)
MESSAGEix-GLOBIOM_1.1,NGFS2_Current Policies,9.739311517,9.867708163,9.56034936,7.349289319,2.782004589,1.90022785,1.779244579,1.610386856,1.523853889,1.528818403,C7,C7: limit warming to 4°C (>50%)
MESSAGEix-GLOBIOM_1.1,NGFS2_Delayed Transition,9.739311517,9.867708163,9.56034936,16.60720728,21.53717156,30.79654095,41.87619057,51.73910873,60.46343982,68.40584093,C3,C3: limit warming to 2°C (>67%)
MESSAGEix-GLOBIOM_1.1,NGFS2_Divergent Net Zero Policies,9.739311517,9.867708163,15.55170025,24.94033027,40.76375089,63.45656392,84.04741262,88.62821838,99.91735107,93.37229335,C1,C1: limit warming to 1.5°C (>50%) with no or limited overshoot
MESSAGEix-GLOBIOM_1.1,NGFS2_Nationally Determined Contributions (NDCs),9.739311517,9.867708163,9.554234728,7.329391555,4.743928818,7.011002681,14.58782827,24.41116972,42.56427666,43.21174608,C5,C5: limit warming to 2.5°C (>50%)
MESSAGEix-GLOBIOM_1.1,NGFS2_Net-Zero 2050,9.739311517,9.867708163,15.58534703,24.4303365,38.99158231,63.24473859,83.7816326,87.53857485,98.48081027,89.09783647,C1,C1: limit warming to 1.5°C (>50%) with no or limited overshoot
MESSAGEix-GLOBIOM_1.2,COV_GreenPush,9.73931151728085,9.37418187253013,9.04528554169885,6.76889223451924,2.13723835854383,1.03167611668653,0.409439603362214,0.087092426459734,0.0,0.0,C7,C7: limit warming to 4°C (>50%)
MESSAGEix-GLOBIOM_1.2,COV_GreenPush_1000,9.73931151728085,9.37418187253013,11.8884506209118,13.3704173774505,17.5310303876325,28.1358471167293,51.6028348085327,64.7111619000842,78.9997072097524,85.8224074877207,C3,C3: limit warming to 2°C (>67%)
MESSAGEix-GLOBIOM_1.2,COV_GreenPush_550,9.73931151728085,9.37418187253013,15.611357937607,25.0624191419432,39.0891258950092,52.0336943091207,58.5883736379887,61.3180888456284,76.1622871789204,73.0736087507602,C1,C1: limit warming to 1.5°C (>50%) with no or limited overshoot
MESSAGEix-GLOBIOM_1.2,COV_GreenPush_max_GDP,9.73931151728085,9.38946226987491,9.05378021194997,6.76658096185158,2.14152827977011,1.03101976022533,0.409191967341467,0.0870566669649502,0.0,0.0,C7,C7: limit warming to 4°C (>50%)
MESSAGEix-GLOBIOM_1.2,COV_GreenPush_min_GDP,9.73931151728085,9.40722874087076,8.94223871033821,6.76224732663224,2.13273085761675,1.02775103075476,0.409109232502417,0.0870671538296363,0.0,0.0,C7,C7: limit warming to 4°C (>50%)
MESSAGEix-GLOBIOM_1.2,COV_NoPolicyNoCOVID,9.73931151728085,9.54812082943389,9.10553098422618,6.76316509540322,2.15466708561916,1.02902975228621,0.409545300272782,0.0871451085517943,0.0,0.0,C7,C7: limit warming to 4°C (>50%)
MESSAGEix-GLOBIOM_1.2,COV_NoPolicyNoCOVID_1000,9.73931151728085,9.54812082943389,13.3509865563217,18.1090502341195,25.6269361489112,40.3345240643626,70.4676540645682,78.3581844144858,94.6061461258666,100.119535995466,C3,C3: limit warming to 2°C (>67%)
MESSAGEix-GLOBIOM_1.2,COV_NoPolicyNoCOVID_550,9.73931151728085,9.54812082943389,15.9741300889799,26.1546770735391,43.0564118530776,59.7867125126948,69.9968060538486,74.4755741297917,92.6593971042749,93.9948831930847,C1,C1: limit warming to 1.5°C (>50%) with no or limited overshoot
MESSAGEix-GLOBIOM_1.2,COV_Restore,9.73931151728085,9.37216610056264,9.04145544863215,6.76742099317327,2.138649868592,1.0318339846353,0.409627257221608,0.0870770532166273,0.0,0.0,C7,C7: limit warming to 4°C (>50%)
MESSAGEix-GLOBIOM_1.2,COV_Restore_1000,9.73931151728085,9.37216610056264,12.5325639338964,16.4100799253071,22.706040356002,33.6883517682427,63.0159261340487,73.3117316568376,88.2720358307943,97.1942937942317,C3,C3: limit warming to 2°C (>67%)
MESSAGEix-GLOBIOM_1.2,COV_Restore_550,9.73931151728085,9.37216610056264,15.960550147984,26.3591935096612,42.3116737996587,57.9579675550261,63.9404466678306,67.0570635616641,79.5102977093215,82.1225097247636,C1,C1: limit warming to 1.5°C (>50%) with no or limited overshoot
MESSAGEix-GLOBIOM_1.2,COV_SelfReliance,9.73931151728085,9.37587802113798,9.04768778569391,6.76182978841702,2.14135805936653,1.0316832168538,0.409399203863006,0.0870634687840519,0.0,0.0,C7,C7: limit warming to 4°C (>50%)
MESSAGEix-GLOBIOM_1.2,COV_SelfReliance_1000,9.73931151728085,9.37587802113798,13.415871775755,18.1479701714781,24.961775937123,39.3210202635581,70.0319841350761,81.564612003713,98.4194242124619,106.49233278831,C3,C3: limit warming to 2°C (>67%)
MESSAGEix-GLOBIOM_1.2,COV_SelfReliance_550,9.73931151728085,9.37587802113798,16.2807309058744,26.9289023788437,43.9606017204742,62.1090432931187,70.3136818578374,73.3507713745043,91.6446861021486,92.8165062476919,C1,C1: limit warming to 1.5°C (>50%) with no or limited overshoot
MESSAGEix-GLOBIOM_1.2,COV_SelfReliance_max_GDP,9.73931151728085,9.42547714291248,9.09695302679314,6.76378457730696,2.14363627876137,1.03143069042979,0.409079074085551,0.0870338019875057,0.0,0.0,C7,C7: limit warming to 4°C (>50%)
MESSAGEix-GLOBIOM_1.2,COV_SelfReliance_min_GDP,9.73931151728085,9.36665686706482,8.94796596970103,6.76785507421565,2.13551228459182,1.03133954587412,0.409630059697173,0.0870797564329329,0.0,0.0,C7,C7: limit warming to 4°C (>50%)
MESSAGEix-GLOBIOM_1.2,COV_SmartUse,9.73931151728085,9.3736747314802,9.04794234212217,6.7665862619035,2.1396819497882,1.03074740611089,0.409372293678083,0.0870711851921713,0.0,0.0,C7,C7: limit warming to 4°C (>50%)
MESSAGEix-GLOBIOM_1.2,COV_SmartUse_1000,9.73931151728085,9.3736747314802,12.6156028662904,16.2491219570001,22.472390873225,33.6654511745389,61.4726102238942,73.2955825491421,88.6961688426337,97.8979948631709,C3,C3: limit warming to 2°C (>67%)
MESSAGEix-GLOBIOM_1.2,COV_SmartUse_550,9.73931151728085,9.3736747314802,15.8682124820084,26.0840545884899,41.8292348124882,57.823633693906,64.8941739825468,68.2672436388139,80.9837835299719,82.2465390426315,C1,C1: limit warming to 1.5°C (>50%) with no or limited overshoot
MESSAGEix-GLOBIOM_GEI 1.0,SSP2_int_lc_15,9.7035826144813,9.92899906658611,10.9526485178971,8.69521124344711,3.86357099715899,2.31016578891129,3.29043253110417,5.75155876712734,10.7117138021732,20.4153661807622,C5,C5: limit warming to 2.5°C (>50%)
MESSAGEix-GLOBIOM_GEI 1.0,SSP2_int_lc_50,9.7035826144813,9.92899906658611,11.1385095287258,9.39309171723153,6.89335604764313,8.55222965802144,13.1661800990976,21.0568348579791,34.843458094513,52.0542907125736,C3,C3: limit warming to 2°C (>67%)
MESSAGEix-GLOBIOM_GEI 1.0,SSP2_int_mc_15,9.7035826144813,9.92899906658611,12.609779812352,15.4192115842402,21.7527695297569,40.0182733707527,71.6952267133658,101.185462537076,123.113494157748,144.412951724876,C5,C5: limit warming to 2.5°C (>50%)
MESSAGEix-GLOBIOM_GEI 1.0,SSP2_int_mc_50,9.7035826144813,9.92899906658611,16.1307212652308,24.301474287405,39.7944160796975,63.595191693346,87.4520695360329,104.94265612706,122.393446740949,122.480120166216,C2,C2: return warming to 1.5°C (>50%) after a high overshoot
MESSAGEix-GLOBIOM_GEI 1.0,SSP2_noint_lc_15,9.7035826144813,9.92899906658611,10.95091792114206,8.693644546190813,3.86321571251459,2.306429908464391,3.283212129461331,5.732016662955091,10.67428887122736,20.28658844574459,C5,C5: limit warming to 2.5°C (>50%)
MESSAGEix-GLOBIOM_GEI 1.0,SSP2_noint_lc_50,9.7035826144813,9.92899906658611,11.1337917604308,9.43380107442348,6.96915131966273,8.52852154683471,13.1383448670249,22.4870285603555,37.2352679416123,53.1857886710533,C3,C3: limit warming to 2°C (>67%)
MESSAGEix-GLOBIOM_GEI 1.0,SSP2_noint_mc_15,9.7035826144813,9.92899906658611,12.6049652791431,15.2920446225081,21.5374742279907,40.4719063219702,72.5093157150114,101.37164183421,123.07605404181,144.326452473354,C5,C5: limit warming to 2.5°C (>50%)
MESSAGEix-GLOBIOM_GEI 1.0,SSP2_noint_mc_50,9.7035826144813,9.92899906658611,16.1348656842807,24.3277751249153,39.8022599852818,62.937944300415,84.985799330054,105.994653242321,120.107036997902,123.765963915993,C2,C2: return warming to 1.5°C (>50%) after a high overshoot
MESSAGEix-GLOBIOM_GEI 1.0,SSP2_openres_lc_100,9.7035826144813,9.92899906658611,12.0926789617709,13.042085526919,13.9665023093986,19.2086193092821,27.0077982528684,48.3540497485947,62.2911137009329,67.7098393262378,C2,C2: return warming to 1.5°C (>50%) after a high overshoot
MESSAGEix-GLOBIOM_GEI 1.0,SSP2_openres_lc_120,9.7035826144813,9.92899906658611,13.6919908480021,15.9551719105663,17.2682513202647,23.855796393705,34.843272824985,59.6369260991241,70.4368088091452,73.5991647148016,C2,C2: return warming to 1.5°C (>50%) after a high overshoot
MESSAGEix-GLOBIOM_GEI 1.0,SSP2_openres_lc_15,9.7035826144813,9.92899906658611,10.9571928406094,8.68914280393148,3.86406483937305,2.30016050395564,3.26632520797011,5.69361907285542,10.5932226594567,20.1116422613483,C5,C5: limit warming to 2.5°C (>50%)
MESSAGEix-GLOBIOM_GEI 1.0,SSP2_openres_lc_50,9.7035826144813,9.92899906658611,11.188873563278,10.5631158446982,9.02817420303127,12.9465908118362,18.8142753519539,32.5783717441398,51.7957115401889,64.3233802650019,C3,C3: limit warming to 2°C (>67%)
MESSAGEix-GLOBIOM_GEI 1.0,SSP2_openres_lc_80,9.7035826144813,9.92899906658611,11.336907672741,10.9049829503194,9.80102789311205,14.9019670941966,19.7584655956155,35.5912640531393,55.2461371779382,62.9759027395451,C2,C2: return warming to 1.5°C (>50%) after a high overshoot
MESSAGEix-GLOBIOM_GEI 1.0,SSP2_openres_lc_CB400,9.7035826144813,9.92899906658611,19.0259530184901,32.8565236487249,45.6588232912778,60.8565704944764,71.0737580150251,84.7481578554646,87.7774687538796,80.9094706889432,C2,C2: return warming to 1.5°C (>50%) after a high overshoot
MESSAGEix-GLOBIOM_GEI 1.0,SSP2_openres_lc_CB450,9.7035826144813,9.92899906658611,17.7067693160992,29.3003934134289,41.4826161556616,55.3073658020999,66.6468013921761,82.9342280962343,86.5892665592222,80.8739293724627,C2,C2: return warming to 1.5°C (>50%) after a high overshoot
MESSAGEix-GLOBIOM_GEI 1.0,SSP2_openres_lc_CB500,9.7035826144813,9.92899906658611,17.2165726053894,27.095318397641,37.4530851738839,49.6153980756901,62.3863204819404,79.4009821142567,83.6316106696157,79.3994079992056,C2,C2: return warming to 1.5°C (>50%) after a high overshoot
MESSAGEix-GLOBIOM_GEI 1.0,SSP2_openres_lc_CB550,9.7035826144813,9.92899906658611,17.1684807510144,24.9711225298814,32.6926273569927,44.8614060900124,57.5728434102559,76.5017858063323,80.5549179417862,77.4559482300327,C2,C2: return warming to 1.5°C (>50%) after a high overshoot
MESSAGEix-GLOBIOM_GEI 1.0,SSP2_openres_lc_CB600,9.7035826144813,9.92899906658611,16.8576700678015,21.9507593796854,29.071894583731,39.4663974484018,53.96294916447,75.6292510696972,81.2277157221487,78.7829416066989,C2,C2: return warming to 1.5°C (>50%) after a high overshoot
MESSAGEix-GLOBIOM_GEI 1.0,SSP2_openres_mc_15,9.7035826144813,9.92899906658611,12.4578915565532,15.5375500792689,21.4265932264154,38.7131002868292,70.2573154621145,101.9201037698,119.931501343863,144.390888557814,C5,C5: limit warming to 2.5°C (>50%)
MESSAGEix-GLOBIOM_GEI 1.0,SSP2_openres_mc_50,9.7035826144813,9.92899906658611,16.3875214915462,24.4152719140794,37.7873245728767,64.5535905798928,87.2333947583118,112.02226738588,123.25510514123,120.985144305766,C2,C2: return warming to 1.5°C (>50%) after a high overshoot
MUSE 1.0,CSH,9.688192134237928,11.662,12.125,10.36,7.597,7.402,8.962,10.584,14.571,13.979,failed-vetting,failed-vetting
MUSE 1.0,PCSH,9.688192134237928,12.753,12.767,13.631,13.295,17.323,19.34,17.095,15.373,13.533,no-climate-assessment,no-climate-assessment
MUSE 1.0,PR_Baseline,9.688192134237928,11.0704,11.7238,14.7754,15.2092,17.3425,17.8582,13.5547,13.9273,13.2797,failed-vetting,failed-vetting
MUSE 1.0,PR_CP_Intensity,9.688192134237928,12.0326,12.0732,12.461,12.7049,13.5747,15.1349,15.9121,15.0173,14.0812,no-climate-assessment,no-climate-assessment
MUSE 1.0,PR_CP_Price,9.688192134237928,12.0327,12.1116,13.8726,13.5129,17.3061,17.6866,14.0372,12.9731,12.8657,no-climate-assessment,no-climate-assessment
MUSE 1.0,PR_CP_PriceOnly,9.688192134237928,11.0707,12.4918,14.119,13.7233,16.3677,16.2953,12.2477,13.5195,12.8492,failed-vetting,failed-vetting
MUSE 1.0,PR_NDC_Intensity,9.688192134237928,12.0333,12.3561,14.6485,12.8706,14.085,15.0037,15.6539,17.142,16.6,no-climate-assessment,no-climate-assessment
MUSE 1.0,PR_NDC_Price,9.688192134237928,12.0334,12.3654,14.3747,13.5294,16.3346,16.6561,16.5389,16.1646,14.6479,no-climate-assessment,no-climate-assessment
MUSE 1.0,PR_NDC_PriceOnly,9.688192134237928,11.0707,12.9142,15.0302,14.104,18.7447,18.3295,15.1216,16.7338,13.2296,failed-vetting,failed-vetting
MUSE 1.0,R,9.688192134237928,11.758,12.491,10.333,4.602,5.557,8.899,13.098,16.28,16.35,failed-vetting,failed-vetting
MUSE 1.0,SH,9.688192134237928,11.713,12.225,10.44,5.198,8.542,9.303,12.464,15.868,16.137,failed-vetting,failed-vetting
McKinsey 1.0,1.5C A,9.688192134237928,10.652595230143266,14.31270434997416,16.97653436790504,12.17793102675448,26.207520788480583,33.000731664828756,39.12188710302148,44.68422063772231,47.26468477833486,failed-vetting,failed-vetting
McKinsey 1.0,1.5C B,9.688192134237928,10.652595230143266,14.31270434997416,16.97653436790504,12.17793102675448,26.207520788480583,33.000731664828756,39.12188710302148,44.68422063772231,47.26468477833486,failed-vetting,failed-vetting
McKinsey 1.0,1.5C C,9.688192134237928,10.652595230143266,14.31270434997416,16.97653436790504,12.17793102675448,26.207520788480583,33.000731664828756,39.12188710302148,44.68422063772231,47.26468477833486,failed-vetting,failed-vetting
POLES ADVANCE,ADVANCE_2020_1.5C-2100,9.924422874624,11.505179359584,26.55670534668,26.263736821836,23.28656982822,28.125853342488,31.925714394384,32.631275772576,25.727951397816,36.048053081808,C1,C1: limit warming to 1.5°C (>50%) with no or limited overshoot
POLES ADVANCE,ADVANCE_2020_Med2C,9.924422874624,11.505173958612,21.028740292044,26.90023417074,25.331277009276,30.646040494536,33.525806359104,33.338695085136,27.139945511016,27.007870141728,C3,C3: limit warming to 2°C (>67%)
POLES ADVANCE,ADVANCE_2020_WB2C,9.924422874624,11.505173958612,22.943629710108,26.038343458332,22.525328029356,26.606846170404,30.298473543744,31.010098413168,22.643823554712,27.728782882668,C2,C2: return warming to 1.5°C (>50%) after a high overshoot
POLES ADVANCE,ADVANCE_2030_1.5C-2100,9.924422874624,11.505173958612,20.981580804864,23.699549751228,20.93906435328,28.280861238888,32.108641715376,34.05622501728,32.23480122,38.054280137688,C2,C2: return warming to 1.5°C (>50%) after a high overshoot
POLES ADVANCE,ADVANCE_2030_Med2C,9.924422874624,11.505173958612,20.981076714144,26.676565517628,24.391450270908,29.58410318022,32.444531764704,32.4208647054,26.005123879884,26.480692066752,C3,C3: limit warming to 2°C (>67%)
POLES ADVANCE,ADVANCE_2030_Price1.5C,9.924422874624,11.505173958612,20.981076714144,23.689397724192,21.07638406638,28.059513203412,30.95145825984,32.08209773832,27.655671725028,35.998987051512,C2,C2: return warming to 1.5°C (>50%) after a high overshoot
POLES ADVANCE,ADVANCE_2030_WB2C,9.924422874624,11.505173958612,20.981076714144,25.972885478016,22.240399751496,26.890976904732,30.171428279712,30.218344723152,25.026548768064,29.602137025728,C2,C2: return warming to 1.5°C (>50%) after a high overshoot
POLES ADVANCE,ADVANCE_INDC,9.924422874624,11.505173958612,20.981076714144,24.95709946944,25.94247080436,34.523646738048,39.288427444224,39.763237694688,35.288219136312,39.279116168496,C5,C5: limit warming to 2.5°C (>50%)
POLES ADVANCE,ADVANCE_NoPolicy,9.924422874624,11.020694167944,15.423778980576,17.935558619544,18.635472381348,25.17706305576,28.5854994639,28.660268719944,27.745309856988,30.118696789752,C7,C7: limit warming to 4°C (>50%)
POLES ADVANCE,ADVANCE_Reference,9.924422874624,11.500301381706,16.537129947684,18.97781839254,19.614600192636,26.48325212748,30.235858275024,29.997563789736,28.912873980708,32.003808848856,C7,C7: limit warming to 4°C (>50%)
POLES CD-LINKS,CD-LINKS_INDC2030i_1600,9.9154577255249,10.7459735870361,16.4641494750977,29.893383026123,34.9542808532715,43.57828521728521,51.49011611938479,53.3245162963867,49.4584541320801,38.1678047180176,failed-vetting,failed-vetting
POLES CD-LINKS,CD-LINKS_INDC2030i_400,9.9154577255249,10.7355785369873,16.4271678924561,37.9047393798828,45.1318473815918,63.5543556213379,72.7858810424805,71.8946151733398,65.806022644043,43.08481216430661,failed-vetting,failed-vetting
POLES CD-LINKS,CD-LINKS_INDCi,9.9154577255249,11.3599729537964,17.5798397064209,25.1381244659424,29.3332691192627,35.3346939086914,42.6999855041504,46.58859634399411,45.01977157592771,43.892822265625,failed-vetting,failed-vetting
POLES CD-LINKS,CD-LINKS_NDC2030i_1000,9.9154577255249,10.7459735870361,16.4641494750977,35.2719612121582,38.6289520263672,50.9234619140625,59.1038475036621,60.3985710144043,56.331413269043,38.52608489990229,failed-vetting,failed-vetting
POLES CD-LINKS,CD-LINKS_NPi,9.9154577255249,10.7021684646606,13.3895177841187,17.4220447540283,20.0974540710449,25.5570106506348,31.17022895812989,33.7080955505371,37.7616539001465,43.1097412109375,failed-vetting,failed-vetting
POLES CD-LINKS,CD-LINKS_NPi2020_1000,9.9154577255249,10.7038612365723,18.3184375762939,35.827507019043,39.0705986022949,51.072681427002,59.23080825805661,60.63919830322271,54.52409362792971,38.5661277770996,failed-vetting,failed-vetting
POLES CD-LINKS,CD-LINKS_NPi2020_1600,9.9154577255249,10.7038612365723,16.382360458374,28.2321586608887,36.36661529541021,45.2053375244141,53.10077285766599,54.9949645996094,51.10139465332029,40.8669509887695,failed-vetting,failed-vetting
POLES CD-LINKS,CD-LINKS_NPi2020_400,9.9154577255249,10.7038612365723,25.5743064880371,43.1961898803711,48.0589447021484,63.64728164672849,71.0280990600586,70.0572662353516,55.1012115478516,36.6669616699219,failed-vetting,failed-vetting
POLES CD-LINKS,CD-LINKS_NoPolicy,9.9154577255249,10.8168258666992,13.7585210800171,17.5422687530518,20.0912590026855,25.1619358062744,30.3780574798584,32.8337631225586,37.73292922973629,44.05582427978521,C7,C7: limit warming to 4°C (>50%)
POLES EMF30,EMF30_BCOC-EndU,9.924426475272,11.457465372612,14.146502212134,14.678162193708,17.429750390448,21.044494927368,20.549279804688,18.01887581394,16.331514943644,16.275618484092,C7,C7: limit warming to 4°C (>50%)
POLES EMF30,EMF30_Baseline,9.924426475272,11.436699535434,13.999140291762,14.533832018952,17.329241902176,20.916367668612,20.402746033356,17.953075772064,16.232524128504,16.116811904052,C7,C7: limit warming to 4°C (>50%)
POLES EMF30,EMF30_CH4-Only,9.924426475272,11.436557309838,13.988587692636,14.521784250744,17.32094420886,20.908671283512,20.39683376934,17.96055431796,16.241410527768,16.113029423328,failed-vetting,failed-vetting
POLES EMF30,EMF30_ClimPolicy,9.924426475272,12.623456913318,20.188709113644,17.976274747128,17.822122004628,20.698965943344,19.443324568572,12.76196574042,12.874770441612,14.140674563346,failed-vetting,failed-vetting
POLES EMF30,EMF30_ClimPolicy+SLCF,9.924426475272,12.662078363928,20.391825267972,18.129939601824,18.07528896648,20.98463055372,19.743062311656,12.967397111412,13.160762710956,14.368095091674,failed-vetting,failed-vetting
POLES EMF30,EMF30_D_BCOC-Red,9.924426475272,11.436699535434,13.999140291762,14.533832018952,17.329241902176,20.916367668612,20.402746033356,17.953075772064,16.232524128504,16.116811904052,C7,C7: limit warming to 4°C (>50%)
POLES EMF30,EMF30_D_CH4-ClimPolicy,9.924426475272,11.436557309838,13.988586792474,14.521711337622,17.320807384236,20.90848585014,20.396605128192,17.960503908888,16.239658812516,16.11750862944,failed-vetting,failed-vetting
POLES EMF30,EMF30_D_CO2-Only,9.924426475272,12.623881789782,20.18913939108,17.972461660896,17.814402215316,20.707792931916,19.455424546176,12.757912310934,12.871127485998,14.145007943214,C4,C4: limit warming to 2°C (>50%)
POLES EMF30,EMF30_D_Frozen-CH4,9.924426475272,11.436705836568,13.999070979288,14.53364658558,17.329047467184,20.916014805108,20.402389569204,17.952955150356,16.232383703232,16.11203564448,C7,C7: limit warming to 4°C (>50%)
POLES EMF30,EMF30_D_Frozen-EF,9.924426475272,11.436705836568,13.999070979288,14.53364658558,17.329047467184,20.916014805108,20.402389569204,17.952955150356,16.232383703232,16.11203564448,C7,C7: limit warming to 4°C (>50%)
POLES EMF30,EMF30_D_Frozen-EF-EndU,9.924426475272,11.436699535434,13.999140291762,14.533832018952,17.329241902176,20.916367668612,20.402746033356,17.953075772064,16.232524128504,16.116811904052,C7,C7: limit warming to 4°C (>50%)
POLES EMF30,EMF30_D_Frozen-EF-SLCF,9.924426475272,11.436705836568,13.999070979288,14.53364658558,17.329047467184,20.916014805108,20.402389569204,17.952955150356,16.232383703232,16.11203564448,C7,C7: limit warming to 4°C (>50%)
POLES EMF30,EMF30_SLCF,9.924426475272,11.45729344167,14.137494291,14.66757718875,17.419614566328,21.034344700656,20.540749869576,18.020359280916,16.334103809556,16.274999172636,failed-vetting,failed-vetting
POLES EMF30,EMF30_Slower-Action,9.924426475272,11.762451960318,16.794426852792,18.190749145572,20.035233292968,24.107910042852,22.836042347868,18.485624213532,16.331352914484,16.726587043824,failed-vetting,failed-vetting
POLES EMF30,EMF30_Slower-Action+SLCF,9.924426475272,11.788054367922,16.97554304784,18.270548506872,20.038382059644,24.098136083856,22.854090595968,18.465943071564,16.37743940856,16.668850653144,failed-vetting,failed-vetting
POLES EMF30,EMF30_Slower-to-faster,9.924426475272,11.762451960318,16.794426852792,18.154964105424,18.217696395204,21.45232772406,19.565595373356,15.32123432586,12.697375516272,14.175762878106,C2,C2: return warming to 1.5°C (>50%) after a high overshoot
POLES EMF30,EMF30_Slower-to-faster+SLCF,9.924426475272,11.788054367922,16.97554304784,18.507256906716,18.473180374044,21.6589329063,19.798335859104,15.427473245424,12.713633342154,14.411725943814,failed-vetting,failed-vetting
POLES EMF30,EMF30_Slower-to-faster+SLCF+HFC,9.924426475272,11.788054367922,16.97554304784,18.507256906716,18.473180374044,21.6589329063,19.798335859104,15.427473245424,12.713633342154,14.411725943814,failed-vetting,failed-vetting
POLES EMF33,EMF33_1.5C_cost100,9.898603439331051,10.814884185791,15.2359666824341,11.9388217926025,12.0075378417969,14.2933969497681,15.557147026062,11.3947715759277,11.645788192749,12.663872718811,failed-vetting,failed-vetting
POLES EMF33,EMF33_1.5C_full,9.898603439331051,10.814884185791,15.2856302261353,11.9458961486816,12.0018510818481,14.3948917388916,15.3684816360474,10.8532028198242,11.5921936035156,12.2762317657471,failed-vetting,failed-vetting
POLES EMF33,EMF33_1.5C_limbio,9.898603439331051,10.8362302780151,13.3012866973877,9.76781177520752,9.83529186248779,11.755539894104,11.8898668289185,8.49590587615967,8.58389186859131,8.83212661743164,failed-vetting,failed-vetting
POLES EMF33,EMF33_1.5C_nofuel,9.898603439331051,10.814884185791,15.1290950775146,11.7410516738892,11.6005783081055,13.6131324768066,14.5511360168457,10.1853437423706,10.4370565414429,11.1666345596313,failed-vetting,failed-vetting
POLES EMF33,EMF33_Baseline,9.898603439331051,10.8148832321167,12.0216598510742,11.5321655273438,13.8022317886353,17.2144012451172,17.8310050964355,17.006814956665,16.116907119751,16.0823936462402,C7,C7: limit warming to 4°C (>50%)
POLES EMF33,EMF33_Med2C_cost100,9.898603439331051,10.81488513946531,15.1124887466431,13.6127758026123,13.6715307235718,16.2950954437256,16.7268409729004,13.0459518432617,12.7935419082642,13.9982566833496,C3,C3: limit warming to 2°C (>67%)
POLES EMF33,EMF33_Med2C_full,9.898603439331051,10.8148832321167,14.9682369232178,13.3566265106201,13.4366512298584,16.0229053497314,16.3091068267822,12.6542949676514,12.2886829376221,13.4594573974609,C3,C3: limit warming to 2°C (>67%)
POLES EMF33,EMF33_Med2C_limbio,9.898603439331051,10.814884185791,15.452073097229,13.2079668045044,13.3446855545044,16.3015918731689,16.5520820617676,12.0757122039795,11.8802423477173,12.5449628829956,C3,C3: limit warming to 2°C (>67%)
POLES EMF33,EMF33_Med2C_nobeccs,9.898603439331051,10.814884185791,15.3837566375732,13.5660438537598,14.0745677947998,17.5650653839111,18.9894847869873,15.4433536529541,15.3653678894043,16.4878196716309,C3,C3: limit warming to 2°C (>67%)
POLES EMF33,EMF33_Med2C_nofuel,9.898603439331051,10.814884185791,14.9912881851196,13.3915376663208,13.525520324707,16.1680240631104,16.6031970977783,12.9020719528198,12.4633750915527,13.4559736251831,C3,C3: limit warming to 2°C (>67%)
POLES EMF33,EMF33_Med2C_none,9.898603439331051,10.814884185791,15.4388284683228,13.5761947631836,14.1114511489868,17.5736865997314,19.0179271697998,15.3295631408691,15.2941389083862,16.4460296630859,C3,C3: limit warming to 2°C (>67%)
POLES EMF33,EMF33_WB2C_cost100,9.898603439331051,10.814884185791,15.4867362976074,12.9481916427612,12.846715927124,15.3676242828369,16.1294384002686,12.2969579696655,12.5114192962646,13.623517036438,C1,C1: limit warming to 1.5°C (>50%) with no or limited overshoot
POLES EMF33,EMF33_WB2C_full,9.898603439331051,10.814884185791,15.4428186416626,12.9132595062256,12.8130493164062,15.3056907653809,15.8920373916626,11.9545497894287,12.0333604812622,12.9822883605957,C1,C1: limit warming to 1.5°C (>50%) with no or limited overshoot
POLES EMF33,EMF33_WB2C_limbio,9.898603439331051,10.814884185791,15.5481033325195,12.7059087753296,12.7821884155273,15.5687208175659,16.2587375640869,11.6582317352295,11.2170524597168,11.9550819396973,failed-vetting,failed-vetting
POLES EMF33,EMF33_WB2C_nobeccs,9.898603439331051,10.814884185791,15.4726905822754,12.8033142089844,13.8051290512085,17.0278930664062,17.9661884307861,14.4585332870483,14.6131944656372,15.2314720153809,failed-vetting,failed-vetting
POLES EMF33,EMF33_WB2C_nofuel,9.898603439331051,10.814884185791,15.4934997558594,12.8962144851685,12.8134698867798,15.283504486084,15.8726062774658,11.7810173034668,11.9505643844604,12.8350248336792,C1,C1: limit warming to 1.5°C (>50%) with no or limited overshoot
POLES EMF33,EMF33_WB2C_none,9.898603439331051,10.814884185791,15.4875402450562,12.7857637405396,13.7991333007812,16.8282794952393,18.100923538208,14.1992464065552,14.17888927459719,14.8618087768555,failed-vetting,failed-vetting
POLES EMF33,EMF33_tax_hi_full,9.898603439331051,10.7905244827271,14.2800903320312,13.9689722061157,15.0154638290405,17.6721515655518,17.6632061004639,14.3130760192871,12.7579650878906,13.2534208297729,C4,C4: limit warming to 2°C (>50%)
POLES EMF33,EMF33_tax_hi_none,9.898603439331051,10.7905235290527,14.3104419708252,14.0723485946655,15.5386657714844,19.212194442749,20.1123294830322,17.2521362304688,15.9467811584473,16.3706073760986,C4,C4: limit warming to 2°C (>50%)
POLES EMF33,EMF33_tax_lo_full,9.898603439331051,10.7905244827271,13.5490865707397,13.3149137496948,15.3269882202148,19.1213665008545,19.9997100830078,17.4593486785889,15.8295373916626,15.4526672363281,C5,C5: limit warming to 2.5°C (>50%)
POLES EMF33,EMF33_tax_lo_none,9.898603439331051,10.7905235290527,13.6268920898438,13.3938608169556,15.4306402206421,19.2651958465576,20.2705116271973,17.96022605896,16.6828594207764,17.0317611694336,C5,C5: limit warming to 2.5°C (>50%)
POLES ENGAGE,EN_INDCi2030_1000,9.924423217773438,9.869800567626951,11.38321781158447,18.92929649353028,23.4266414642334,35.61220932006836,43.90219116210938,46.84840774536133,46.61836242675781,43.37936782836914,C4,C4: limit warming to 2°C (>50%)
POLES ENGAGE,EN_INDCi2030_1000_COV,9.924423217773438,9.869132995605469,10.54323291778564,20.46866226196289,24.18627548217773,33.44647598266602,39.99544143676758,41.64424514770508,40.30020904541016,37.0672607421875,C4,C4: limit warming to 2°C (>50%)
POLES ENGAGE,EN_INDCi2030_1000_COV_NDCp,9.924423217773438,9.869134902954102,10.88138580322266,20.61647605895996,24.9431037902832,34.15701675415039,40.18633651733398,41.44735336303711,38.60921859741211,38.33987045288086,C4,C4: limit warming to 2°C (>50%)
POLES ENGAGE,EN_INDCi2030_1000_NDCp,9.924423217773438,9.879783630371094,11.14468002319336,18.91585159301757,24.35110473632812,35.61860656738281,43.18737030029297,46.06751251220703,42.69731903076172,40.49404525756836,C4,C4: limit warming to 2°C (>50%)
POLES ENGAGE,EN_INDCi2030_1000f,9.924423217773438,9.869800567626951,11.38321781158447,21.8031063079834,26.00210189819336,34.60086822509766,43.19758987426758,45.18407440185547,37.10091781616211,30.58191108703613,C4,C4: limit warming to 2°C (>50%)
POLES ENGAGE,EN_INDCi2030_1000f_COV,9.924423217773438,9.869132995605469,10.54323291778564,20.59888458251953,24.24966430664062,31.33370018005371,37.9334602355957,41.11418533325195,34.72589111328125,28.85730171203613,C4,C4: limit warming to 2°C (>50%)
POLES ENGAGE,EN_INDCi2030_1000f_COV_NDCp,9.924423217773438,9.869134902954102,10.88136386871338,20.5204906463623,25.11236572265625,31.94568061828613,38.9135971069336,40.24708557128906,33.67619705200195,27.76504325866699,C4,C4: limit warming to 2°C (>50%)
POLES ENGAGE,EN_INDCi2030_1000f_NDCp,9.924423217773438,9.879783630371094,11.1446475982666,20.61258506774902,25.9869270324707,34.50497817993164,43.02017974853516,44.4620361328125,36.62033081054688,29.93294334411621,C4,C4: limit warming to 2°C (>50%)
POLES ENGAGE,EN_INDCi2030_1200,9.924423217773438,9.869800567626951,11.38321781158447,21.98165321350098,26.35480880737305,34.42642593383789,42.57735443115234,45.75772857666016,42.06846237182617,38.19584274291992,C4,C4: limit warming to 2°C (>50%)
POLES ENGAGE,EN_INDCi2030_1200f,9.924423217773438,9.869800567626951,11.38321781158447,20.60713768005371,26.08316612243652,34.31608581542969,42.46692276000977,44.65833282470703,39.28322982788086,31.48410224914551,C4,C4: limit warming to 2°C (>50%)
POLES ENGAGE,EN_INDCi2030_1400,9.924423217773438,9.869800567626951,11.38321781158447,19.2970142364502,26.77418327331543,36.74668121337891,47.4176139831543,51.22826385498047,47.27523803710938,38.94439315795898,C5,C5: limit warming to 2.5°C (>50%)
POLES ENGAGE,EN_INDCi2030_1400f,9.924423217773438,9.869800567626951,11.38321781158447,19.09891891479492,26.77753639221192,36.82188415527344,47.47502899169922,51.22706985473633,47.44760131835938,37.71588897705078,C5,C5: limit warming to 2.5°C (>50%)
POLES ENGAGE,EN_INDCi2030_1600,9.924423217773438,9.869800567626951,11.38321781158447,17.34407615661621,25.51620864868164,35.6010856628418,46.72799301147461,51.10891723632812,51.08364105224609,46.32737350463867,C5,C5: limit warming to 2.5°C (>50%)
POLES ENGAGE,EN_INDCi2030_1600f,9.924423217773438,9.869800567626951,11.38321781158447,17.34407615661621,25.51620864868164,35.6010856628418,46.72799301147461,51.10891723632812,51.08364105224609,46.32737350463867,C5,C5: limit warming to 2.5°C (>50%)
POLES ENGAGE,EN_INDCi2030_1800,9.924423217773438,9.869800567626951,11.38321781158447,15.83345794677734,23.42476844787598,33.81822967529297,44.99982070922852,49.77202987670898,52.43840026855469,47.50677108764648,C5,C5: limit warming to 2.5°C (>50%)
POLES ENGAGE,EN_INDCi2030_1800f,9.924423217773438,9.869800567626951,11.38321781158447,15.83345794677734,23.42476844787598,33.81822967529297,44.99982070922852,49.77202987670898,52.43840026855469,47.50677108764648,C5,C5: limit warming to 2.5°C (>50%)
POLES ENGAGE,EN_INDCi2030_2000,9.924423217773438,9.869800567626951,11.38321781158447,14.91350173950195,22.05073165893555,32.90710067749023,44.45689010620117,48.57929992675781,50.94781875610352,48.30404281616211,C5,C5: limit warming to 2.5°C (>50%)
POLES ENGAGE,EN_INDCi2030_2000f,9.924423217773438,9.869800567626951,11.38321781158447,14.91350173950195,22.05073165893555,32.90710067749023,44.45689010620117,48.57929992675781,50.94781875610352,48.30404281616211,C5,C5: limit warming to 2.5°C (>50%)
POLES ENGAGE,EN_INDCi2030_2500,9.924423217773438,9.869800567626951,11.38321781158447,13.33664798736572,16.27378463745117,28.28231239318848,40.20388412475586,43.17399978637695,42.88934326171875,42.241943359375,C6,C6: limit warming to 3°C (>50%)
POLES ENGAGE,EN_INDCi2030_2500f,9.924423217773438,9.869800567626951,11.38321781158447,13.33664798736572,16.27378463745117,28.28231239318848,40.20388412475586,43.17399978637695,42.88934326171875,42.241943359375,C6,C6: limit warming to 3°C (>50%)
POLES ENGAGE,EN_INDCi2030_3000,9.924423217773438,9.869800567626951,11.38321781158447,13.14249515533447,13.00412273406982,20.43253135681152,32.8851203918457,37.62554550170898,38.29490661621094,36.20444107055664,C6,C6: limit warming to 3°C (>50%)
POLES ENGAGE,EN_INDCi2030_3000f,9.924423217773438,9.869800567626951,11.38321781158447,13.14249515533447,13.00412273406982,20.43253135681152,32.8851203918457,37.62554550170898,38.29490661621094,36.20444107055664,C6,C6: limit warming to 3°C (>50%)
POLES ENGAGE,EN_INDCi2030_300f,9.924423217773438,9.869800567626951,11.38321781158447,16.91552734375,17.86791610717773,30.59908485412598,48.59335708618164,58.7340202331543,59.69911575317383,58.21803665161133,C2,C2: return warming to 1.5°C (>50%) after a high overshoot
POLES ENGAGE,EN_INDCi2030_400f,9.924423217773438,9.869800567626951,11.38321781158447,17.12507820129395,18.20355796813965,29.71821784973145,46.34907531738281,56.19148254394531,58.68062591552734,56.30763244628906,C2,C2: return warming to 1.5°C (>50%) after a high overshoot
POLES ENGAGE,EN_INDCi2030_500f,9.924423217773438,9.869800567626951,11.38321781158447,17.64779281616211,19.12359809875488,28.33453941345215,42.88717269897461,52.86804962158203,53.91200256347656,51.40212631225586,C3,C3: limit warming to 2°C (>67%)
POLES ENGAGE,EN_INDCi2030_600f,9.924423217773438,9.869800567626951,11.38321781158447,18.45067405700684,21.35086631774902,30.90677642822266,42.11623001098633,48.00811767578125,48.14158248901367,44.55765533447266,C3,C3: limit warming to 2°C (>67%)
POLES ENGAGE,EN_INDCi2030_600f_COV,9.924423217773438,9.869132995605469,10.54323291778564,18.2188892364502,20.98966026306152,29.75741577148437,37.32518005371094,40.26700592041016,37.38219833374024,31.57441329956055,C3,C3: limit warming to 2°C (>67%)
POLES ENGAGE,EN_INDCi2030_600f_COV_NDCp,9.924423217773438,9.869134902954102,10.88136386871338,18.62239646911621,21.55414009094238,30.48192977905273,37.56306838989258,38.25541687011719,35.1262321472168,29.89280891418457,C3,C3: limit warming to 2°C (>67%)
POLES ENGAGE,EN_INDCi2030_600f_NDCp,9.924423217773438,9.879783630371094,11.14468002319336,17.82142066955566,21.7606258392334,30.38847541809082,40.21157073974609,43.93490219116211,44.99264907836914,43.86359405517578,C3,C3: limit warming to 2°C (>67%)
POLES ENGAGE,EN_INDCi2030_700f,9.924423217773438,9.869800567626951,11.38321781158447,19.51718139648437,23.58218193054199,34.11919784545898,42.10580062866211,45.1633186340332,43.5278549194336,40.02139663696289,C3,C3: limit warming to 2°C (>67%)
POLES ENGAGE,EN_INDCi2030_800f,9.924423217773438,9.869800567626951,11.38321781158447,20.42395401000977,24.62020683288575,34.3042106628418,41.74592590332031,43.23412322998047,36.91943740844727,32.39361190795898,C4,C4: limit warming to 2°C (>50%)
POLES ENGAGE,EN_INDCi2030_900,9.924423217773438,9.869800567626951,11.38321781158447,16.62066650390625,17.79876899719238,44.52295303344727,89.93990325927734,90.19527435302734,82.39276885986328,71.27261352539062,C3,C3: limit warming to 2°C (>67%)
POLES ENGAGE,EN_INDCi2030_900f,9.924423217773438,9.869800567626951,11.38321781158447,21.56461143493652,25.86293601989746,34.7867431640625,42.82450485229492,42.79001617431641,33.38948822021484,29.57191276550293,C4,C4: limit warming to 2°C (>50%)
POLES ENGAGE,EN_INDCi2100,9.924423217773438,9.87978172302246,11.11123847961426,13.79002571105957,16.38797378540039,23.9539794921875,35.89917755126953,43.10239028930664,43.05419158935547,40.71254348754883,C7,C7: limit warming to 4°C (>50%)
POLES ENGAGE,EN_INDCi2100_COV,9.924423217773438,9.87822723388672,10.54844093322754,13.38564395904541,15.403489112854,21.91951179504395,32.41960906982422,39.37484359741211,40.01440048217773,37.6170768737793,C7,C7: limit warming to 4°C (>50%)
POLES ENGAGE,EN_INDCi2100_COV_NDCp,9.924423217773438,9.878229141235352,10.69842052459717,15.01563930511475,18.21969032287598,24.79412078857422,34.70325469970703,41.42165374755859,41.56170654296875,38.39862442016602,C6,C6: limit warming to 3°C (>50%)
POLES ENGAGE,EN_INDCi2100_NDCp,9.924423217773438,9.879783630371094,11.14468002319336,15.37401580810547,19.33897590637207,26.84373092651367,38.11557388305664,44.58179473876953,43.46640777587891,40.107177734375,C6,C6: limit warming to 3°C (>50%)
POLES ENGAGE,EN_NPi2020_1000,9.924423217773438,9.869976997375488,14.27689075469971,24.5123233795166,32.77764129638672,39.34812164306641,47.04428100585938,47.85083770751953,46.70096588134766,43.56055068969727,C4,C4: limit warming to 2°C (>50%)
POLES ENGAGE,EN_NPi2020_1000_COV,9.924423217773438,9.86915397644043,12.31111812591553,21.8614330291748,27.78266716003418,33.92964172363281,41.36167907714844,46.54499053955078,46.0728759765625,41.64424514770508,C4,C4: limit warming to 2°C (>50%)
POLES ENGAGE,EN_NPi2020_1000f,9.924423217773438,9.869976997375488,11.52842617034912,20.93930244445801,29.56889152526855,37.41027450561523,45.60522842407227,47.12837982177734,41.12596893310547,32.49339294433594,C4,C4: limit warming to 2°C (>50%)
POLES ENGAGE,EN_NPi2020_1000f_COV,9.924423217773438,9.86915397644043,10.55877685546875,18.58114814758301,25.68951034545898,32.75634002685547,39.78589630126953,41.05452346801758,37.2066650390625,30.58910942077637,C4,C4: limit warming to 2°C (>50%)
POLES ENGAGE,EN_NPi2020_1200,9.924423217773438,9.869976997375488,12.87666893005371,21.18702697753906,30.70376014709473,38.60335159301758,47.90753173828125,51.64094543457031,50.83452224731445,46.39647674560547,C4,C4: limit warming to 2°C (>50%)
POLES ENGAGE,EN_NPi2020_1200f,9.924423217773438,9.869976997375488,11.15562915802002,18.36956596374512,27.82648849487305,37.25489044189453,47.00355529785156,48.5786247253418,42.36002349853516,35.91837310791016,C4,C4: limit warming to 2°C (>50%)
POLES ENGAGE,EN_NPi2020_1400,9.924423217773438,9.869976997375488,10.93901538848877,16.72417068481445,26.26898956298828,36.47252655029297,48.32317352294922,53.42154693603516,52.12024307250977,47.86785125732422,C5,C5: limit warming to 2.5°C (>50%)
POLES ENGAGE,EN_NPi2020_1400f,9.924423217773438,9.869976997375488,10.89818096160889,16.24996948242188,25.78717422485352,35.84317016601562,47.75425720214844,53.22026062011719,51.3576774597168,43.93375015258789,C5,C5: limit warming to 2.5°C (>50%)
POLES ENGAGE,EN_NPi2020_1600,9.924423217773438,9.869976997375488,10.93901538848877,14.94700241088867,23.847412109375,34.37292098999023,45.80625152587891,51.51445770263672,51.32921981811523,48.41798400878906,C5,C5: limit warming to 2.5°C (>50%)
POLES ENGAGE,EN_NPi2020_1600f,9.924423217773438,9.869976997375488,10.93901538848877,14.94700241088867,23.847412109375,34.37292098999023,45.80601501464844,51.5125617980957,51.33763122558594,48.70043182373047,C5,C5: limit warming to 2.5°C (>50%)
POLES ENGAGE,EN_NPi2020_1800,9.924423217773438,9.869976997375488,10.93901538848877,13.96981048583984,21.54909324645996,32.68218994140625,44.68560409545898,50.13385772705078,52.01249694824219,49.72580718994141,C5,C5: limit warming to 2.5°C (>50%)
POLES ENGAGE,EN_NPi2020_1800f,9.924423217773438,9.869976997375488,10.93901538848877,13.96981048583984,21.54909324645996,32.68218994140625,44.68560409545898,50.13385772705078,52.01249694824219,49.72580718994141,C5,C5: limit warming to 2.5°C (>50%)
POLES ENGAGE,EN_NPi2020_2000,9.924423217773438,9.869976997375488,10.93901538848877,13.5798168182373,19.27851295471192,31.21662712097168,43.57516479492188,48.61552047729492,49.77012634277344,48.87775802612305,C5,C5: limit warming to 2.5°C (>50%)
POLES ENGAGE,EN_NPi2020_2000f,9.924423217773438,9.869976997375488,10.93901538848877,13.5798168182373,19.27851295471192,31.21662712097168,43.57516479492188,48.61552047729492,49.77012634277344,48.87775802612305,C5,C5: limit warming to 2.5°C (>50%)
POLES ENGAGE,EN_NPi2020_2500,9.924423217773438,9.869976997375488,10.07860374450684,12.48050880432129,14.61642074584961,26.68052673339844,39.4424934387207,42.86343383789063,42.65585708618164,41.85590362548828,C6,C6: limit warming to 3°C (>50%)
POLES ENGAGE,EN_NPi2020_2500f,9.924423217773438,9.869976997375488,10.07860374450684,12.48050880432129,14.61642074584961,26.68052673339844,39.4424934387207,42.86343383789063,42.65585708618164,41.85590362548828,C6,C6: limit warming to 3°C (>50%)
POLES ENGAGE,EN_NPi2020_3000,9.924423217773438,9.869976997375488,10.93901538848877,13.18270015716553,13.56476402282715,20.94534301757812,32.6082878112793,34.91953659057617,34.44232559204102,33.81448745727539,C6,C6: limit warming to 3°C (>50%)
POLES ENGAGE,EN_NPi2020_3000f,9.924423217773438,9.869976997375488,10.93901538848877,13.18270015716553,13.56476402282715,20.94534301757812,32.6082878112793,34.91953659057617,34.44232559204102,33.81448745727539,C6,C6: limit warming to 3°C (>50%)
POLES ENGAGE,EN_NPi2020_300f,9.924423217773438,9.869976997375488,16.49872970581055,25.1767406463623,35.18947601318359,42.42594909667969,53.65702056884766,53.84204864501953,51.07219314575195,42.86597061157227,C2,C2: return warming to 1.5°C (>50%) after a high overshoot
POLES ENGAGE,EN_NPi2020_400f,9.924423217773438,9.869976997375488,16.03832244873047,25.11361885070801,35.06354904174805,41.33269500732422,50.47111129760742,50.1827392578125,46.12205505371094,36.69715881347656,C2,C2: return warming to 1.5°C (>50%) after a high overshoot
POLES ENGAGE,EN_NPi2020_500,9.924423217773438,9.869976997375488,13.75062656402588,18.43626403808594,32.15997314453125,44.62883758544922,60.9361457824707,64.05461120605469,59.64233779907227,50.37527465820312,C3,C3: limit warming to 2°C (>67%)
POLES ENGAGE,EN_NPi2020_500f,9.924423217773438,9.869976997375488,15.45647239685059,25.22611045837402,34.34651947021484,40.28410339355469,45.8814582824707,44.52516174316406,39.30907440185547,31.28829002380371,C3,C3: limit warming to 2°C (>67%)
POLES ENGAGE,EN_NPi2020_600,9.924423217773438,9.869976997375488,14.36632919311523,20.52361297607422,33.56622695922852,45.37640380859375,55.68827438354492,53.89433288574219,50.00176239013672,41.90088653564453,C3,C3: limit warming to 2°C (>67%)
POLES ENGAGE,EN_NPi2020_600f,9.924423217773438,9.869976997375488,14.7048282623291,25.46134757995605,33.85258102416992,39.87532806396485,46.4948844909668,44.64138412475586,39.85247039794922,33.43701171875,C3,C3: limit warming to 2°C (>67%)
POLES ENGAGE,EN_NPi2020_600f_COV,9.924423217773438,9.86915397644043,12.92478275299072,23.2756233215332,28.92956161499023,33.83781433105469,39.37801361083984,35.63730239868164,29.34931373596192,23.97953796386719,C3,C3: limit warming to 2°C (>67%)
POLES ENGAGE,EN_NPi2020_700,9.924423217773438,9.869976997375488,16.54766464233398,24.30318832397461,35.21959686279297,42.26486587524414,52.00437927246094,49.13487243652344,46.04090118408203,38.74038314819336,C3,C3: limit warming to 2°C (>67%)
POLES ENGAGE,EN_NPi2020_700f,9.924423217773438,9.869976997375488,13.61385822296143,24.31776237487793,32.93653106689453,39.28975296020508,47.12077713012695,46.70735168457031,38.82157516479492,33.22163391113281,C3,C3: limit warming to 2°C (>67%)
POLES ENGAGE,EN_NPi2020_800,9.924423217773438,9.869976997375488,15.6710615158081,25.26435661315918,35.67593383789062,42.16569900512695,50.49860000610352,50.58034515380859,47.22580337524414,39.72486877441406,C3,C3: limit warming to 2°C (>67%)
POLES ENGAGE,EN_NPi2020_800f,9.924423217773438,9.869976997375488,12.82379150390625,22.52596282958984,30.32831001281738,37.1513900756836,45.29723358154297,44.98090744018555,39.18382263183594,30.94718170166016,C4,C4: limit warming to 2°C (>50%)
POLES ENGAGE,EN_NPi2020_900,9.924423217773438,9.869976997375488,14.71105766296387,25.42881774902344,34.14676666259766,40.81185913085938,48.43597412109375,46.98442077636719,44.81076431274414,40.07538223266602,C3,C3: limit warming to 2°C (>67%)
POLES ENGAGE,EN_NPi2020_900f,9.924423217773438,9.869976997375488,11.93075084686279,21.82620048522949,29.3619384765625,36.16097259521485,44.52866744995117,45.23426818847656,39.50443649291992,31.53255462646484,C4,C4: limit warming to 2°C (>50%)
POLES ENGAGE,EN_NPi2100,9.924423217773438,9.44615077972412,8.998973846435547,9.665395736694336,9.213719367980955,14.35425472259522,25.52481460571289,32.08986663818359,34.14789581298828,33.86763000488281,C7,C7: limit warming to 4°C (>50%)
POLES ENGAGE,EN_NPi2100_COV,9.924423217773438,9.445290565490724,8.664229393005371,9.562524795532228,8.376995086669922,12.6328706741333,22.25652122497558,29.5128116607666,32.31616592407227,31.12759590148925,C7,C7: limit warming to 4°C (>50%)
POLES GECO2019,CO_2Deg2020,9.924423217773438,9.86891746520996,12.84548282623291,22.60181427001953,29.30656433105469,36.60304260253906,44.98298263549805,45.69393920898438,39.74671173095703,32.98785400390625,C3,C3: limit warming to 2°C (>67%)
POLES GECO2019,CO_2Deg2030,9.924423217773438,9.878899574279783,11.11133766174316,18.78991508483887,23.62063598632812,31.99777221679688,41.48745346069336,45.46072769165039,42.71896362304688,37.7066650390625,C3,C3: limit warming to 2°C (>67%)
POLES GECO2019,CO_BAU,9.924423217773438,9.441996574401855,8.904959678649902,9.571301460266112,8.72744369506836,13.80779838562012,24.82581520080566,31.23502349853516,33.49483871459961,33.1110725402832,C7,C7: limit warming to 4°C (>50%)
POLES GECO2019,CO_Bridge,9.924423217773438,9.889348030090332,12.82527923583984,27.68737602233887,41.91458129882812,73.72264862060547,164.7369079589844,158.8460845947266,123.9983062744141,103.0430145263672,C2,C2: return warming to 1.5°C (>50%) after a high overshoot
POLES GECO2019,CO_Bridge_notax,9.924423217773438,9.889348030090332,9.807958602905272,24.58605575561523,28.97285270690918,42.63882446289063,52.83628082275391,61.32003402709961,57.98060989379883,49.68843841552734,C4,C4: limit warming to 2°C (>50%)
POLES GECO2019,CO_CurPol,9.924423217773438,9.878897666931152,9.464048385620115,9.991728782653809,9.600713729858398,14.82287883758545,26.02990531921387,32.81000137329102,34.31856536865234,33.44208526611328,C7,C7: limit warming to 4°C (>50%)
POLES GECO2019,CO_GPP,9.924423217773438,9.889348030090332,12.82527923583984,24.38318824768066,31.84370231628418,40.37296295166016,47.71035003662109,50.63119506835938,52.60572052001953,48.91405868530273,C5,C5: limit warming to 2.5°C (>50%)
POLES GECO2019,CO_GPP_notax,9.924423217773438,9.889351844787598,9.817907333374023,17.85331535339355,19.61690521240234,28.89472770690918,43.05558013916016,47.26700973510742,44.49507141113281,40.79494094848633,C7,C7: limit warming to 4°C (>50%)
POLES GECO2019,CO_NDC_2050convergence,9.924423217773438,9.878899574279783,11.0810022354126,13.29634284973144,16.51704025268555,27.38075637817383,42.32221603393555,49.04974365234375,48.72780990600586,47.3123664855957,C6,C6: limit warming to 3°C (>50%)
POLES GECO2019,CO_NDCplus,9.924423217773438,9.878899574279783,11.0810022354126,12.94949245452881,15.4093599319458,24.2304573059082,36.22792434692383,43.14433288574219,44.76259994506836,43.98104858398438,C7,C7: limit warming to 4°C (>50%)
PROMETHEUS 1.0,CO_2Deg2020,9.93247828169871,10.32687478158585,15.32559659972868,20.94752585221649,21.66500618898806,26.207520788480583,33.000731664828756,39.12188710302148,44.68422063772231,47.26468477833486,no-climate-assessment,no-climate-assessment
PROMETHEUS 1.0,CO_2Deg2030,9.93247828169871,10.43250814387274,16.09623985096728,21.07212646393169,21.66500618898806,26.207520788480583,33.000731664828756,39.12188710302148,44.68422063772231,47.26468477833486,no-climate-assessment,no-climate-assessment
PROMETHEUS 1.0,CO_BAU,9.93247828169871,10.172214096752,12.37656327788366,12.98277008474769,13.44688108856067,26.207520788480583,33.000731664828756,39.12188710302148,44.68422063772231,47.26468477833486,no-climate-assessment,no-climate-assessment
PROMETHEUS 1.0,CO_Bridge,9.93247828169871,10.24518456333414,13.62313306047626,19.31656682916052,20.95552921371406,26.207520788480583,33.000731664828756,39.12188710302148,44.68422063772231,47.26468477833486,no-climate-assessment,no-climate-assessment
PROMETHEUS 1.0,CO_CurPol,9.93247828169871,10.18032815699556,12.7769667248989,14.24626422463684,15.32601362555233,26.207520788480583,33.000731664828756,39.12188710302148,44.68422063772231,47.26468477833486,no-climate-assessment,no-climate-assessment
PROMETHEUS 1.0,CO_GPP,9.93247828169871,10.24518339438521,13.58637373513083,17.55977087860478,24.18792229734608,26.207520788480583,33.000731664828756,39.12188710302148,44.68422063772231,47.26468477833486,no-climate-assessment,no-climate-assessment
PROMETHEUS 1.0,CO_NDCplus,9.93247828169871,10.43250814387274,16.09623985096728,20.90800369307205,23.02189416930019,26.207520788480583,33.000731664828756,39.12188710302148,44.68422063772231,47.26468477833486,no-climate-assessment,no-climate-assessment
REMIND 1.6,EMF30_BCOC-EndU,9.3501027,9.1298642,8.3790622,9.0920128,11.510244,15.5793152,21.257996,26.3527977,28.10755360000001,27.17748060000001,C7,C7: limit warming to 4°C (>50%)
REMIND 1.6,EMF30_Baseline,9.3501027,9.130615,8.525065800000002,9.6193881,12.563969,17.0990346,22.8559057,27.4484713,28.4749326,26.9744524,C7,C7: limit warming to 4°C (>50%)
REMIND 1.6,EMF30_CH4-Only,9.3501027,9.1298976,8.2433479,8.4030262,9.687045800000002,12.1163727,16.2158491,20.8784466,23.9207591,25.3090772,C7,C7: limit warming to 4°C (>50%)
REMIND 1.6,EMF30_ClimPolicy,9.3501027,9.299644,10.012663,11.3922121,11.5587284,10.7432672,10.5796324,13.3187426,20.2545381,29.8323781,failed-vetting,failed-vetting
REMIND 1.6,EMF30_ClimPolicy+SLCF,9.3501027,9.4191259,11.6110755,16.3369746,19.8940289,20.7337682,19.8089471,19.3522821,22.3259899,29.0431161,failed-vetting,failed-vetting
REMIND 1.6,EMF30_D_BCOC-Red,9.3501027,9.130615,8.525065800000002,9.6193881,12.563969,17.0990346,22.8559057,27.4484713,28.4749326,26.9744524,C7,C7: limit warming to 4°C (>50%)
REMIND 1.6,EMF30_D_CH4-ClimPolicy,9.3501027,9.1298229,8.1112995,7.978674799999999,8.7441641,10.3053179,13.0794096,16.2523272,18.6090781,21.3065143,C7,C7: limit warming to 4°C (>50%)
REMIND 1.6,EMF30_D_CO2-Only,9.3501027,9.3571652,10.8219241,14.0277598,15.9160649,15.7093876,15.1213836,16.5069266,22.0025105,30.79896160000001,failed-vetting,failed-vetting
REMIND 1.6,EMF30_D_Frozen-CH4,9.3501027,9.1300271,8.4175349,9.2331944,11.8055922,16.0297425,21.7752578,26.7554235,28.2763975,27.1323795,C8,C8: exceed warming of 4°C (>=50%)
REMIND 1.6,EMF30_D_Frozen-EF,9.3512083,9.1284726,8.5302834,9.6697104,12.7032153,17.3355156,23.1338888,27.6639215,28.5328281,26.8513571,C8,C8: exceed warming of 4°C (>=50%)
REMIND 1.6,EMF30_D_Frozen-EF-EndU,9.3501795,9.1304591,8.5234149,9.6157134,12.5620888,17.1087497,22.8865629,27.4979514,28.4910648,26.9055772,C7,C7: limit warming to 4°C (>50%)
REMIND 1.6,EMF30_D_Frozen-EF-SLCF,9.349894099999998,9.131067,8.5273045,9.6222244,12.5673627,17.1047128,22.862995,27.4507043,28.4257933,26.8328135,C8,C8: exceed warming of 4°C (>=50%)
REMIND 1.6,EMF30_SLCF,9.3501027,9.1304359,8.5008028,9.4107846,12.0391056,16.263762,21.9309362,26.7783995,28.1956879,26.9982304,C7,C7: limit warming to 4°C (>50%)
REMIND 1.6,EMF30_Slower-Action,9.3501027,9.1503049,9.054598,10.8601492,13.6817635,15.9895679,17.15335889999999,17.3399618,17.3577905,18.4026273,C7,C7: limit warming to 4°C (>50%)
REMIND 1.6,EMF30_Slower-Action+SLCF,9.3501027,9.1549975,9.2386831,11.4243407,14.9914846,18.6017082,21.50365,22.9196552,22.6314182,22.0500712,C6,C6: limit warming to 3°C (>50%)
REMIND 1.6,EMF30_Slower-to-faster,9.3501027,9.1503049,9.054598,11.4986055,14.8045132,16.4222786,17.3486399,19.1065754,23.2696713,30.6683595,C3,C3: limit warming to 2°C (>67%)
REMIND 1.6,EMF30_Slower-to-faster+SLCF,9.3501027,9.1549975,9.2386831,11.9600138,15.416358,17.0120363,17.77842399999999,19.2926859,23.2782105,30.4439103,C3,C3: limit warming to 2°C (>67%)
REMIND 1.6,EMF30_Slower-to-faster+SLCF+HFC,9.3501027,9.1549975,9.2386831,11.9334441,15.2896507,16.737096,17.4024988,18.9279236,23.0346513,30.3672371,C3,C3: limit warming to 2°C (>67%)
REMIND 1.7,ADVANCE_2020_1.5C-2100,8.6524,8.8728,12.5342,18.3036,22.0565,22.7618,21.7182,21.0177,23.4467,28.5339,C1,C1: limit warming to 1.5°C (>50%) with no or limited overshoot
REMIND 1.7,ADVANCE_2020_Med2C,8.6524,8.8728,11.4567,15.9105,19.9527,21.2918,20.1564,18.3287,18.5106,22.4751,C3,C3: limit warming to 2°C (>67%)
REMIND 1.7,ADVANCE_2020_WB2C,8.6524,8.8728,11.8036,16.3269,19.4285,19.8954,19.0054,18.9738,22.1904,28.6152,C2,C2: return warming to 1.5°C (>50%) after a high overshoot
REMIND 1.7,ADVANCE_2030_1.5C-2100,8.6524,8.8728,10.4659,14.0186,17.9158,19.545,20.3877,22.1222,25.4633,30.677,C2,C2: return warming to 1.5°C (>50%) after a high overshoot
REMIND 1.7,ADVANCE_2030_Med2C,8.6524,8.8728,10.4659,13.6234,17.4038,19.0475,18.9021,18.7502,20.3089,25.2131,C4,C4: limit warming to 2°C (>50%)
REMIND 1.7,ADVANCE_2030_Price1.5C,8.6524,8.8728,10.4659,14.0085,18.0273,19.684,20.3393,21.7946,25.005,30.3865,C2,C2: return warming to 1.5°C (>50%) after a high overshoot
REMIND 1.7,ADVANCE_2030_WB2C,8.6524,8.8728,10.4659,13.7662,17.4039,18.6615,18.7865,19.731,22.7113,28.5016,C2,C2: return warming to 1.5°C (>50%) after a high overshoot
REMIND 1.7,ADVANCE_INDC,8.6524,8.8728,10.4659,13.2123,16.8901,19.9278,21.7995,22.3254,21.3883,20.5412,C6,C6: limit warming to 3°C (>50%)
REMIND 1.7,ADVANCE_NoPolicy,8.6524,8.6069,9.1081,11.151,15.2781,20.5306,25.791,28.7471,27.8851,25.0028,C7,C7: limit warming to 4°C (>50%)
REMIND 1.7,ADVANCE_Reference,8.6524,8.8728,10.113,12.3009,15.8676,19.6623,22.9724,25.0022,24.5522,22.7294,C7,C7: limit warming to 4°C (>50%)
REMIND 1.7,CEMICS-1.5-CDR12,8.6698,8.8571,13.3807,19.7586,22.6592,22.123,19.8302,18.4217,21.7243,28.7485,C1,C1: limit warming to 1.5°C (>50%) with no or limited overshoot
REMIND 1.7,CEMICS-1.5-CDR20,8.6698,8.8571,12.8238,18.7599,21.9622,21.8311,19.8008,18.4653,21.5988,28.7706,C1,C1: limit warming to 1.5°C (>50%) with no or limited overshoot
REMIND 1.7,CEMICS-1.5-CDR8,8.6698,8.8571,13.6381,20.345,23.4571,23.4485,21.916,21.34,24.8792,30.2885,C1,C1: limit warming to 1.5°C (>50%) with no or limited overshoot
REMIND 1.7,CEMICS-2.0-CDR12,8.6698,8.8571,12.239,17.4363,20.7726,21.0138,19.2765,17.9392,20.4722,27.3053,C2,C2: return warming to 1.5°C (>50%) after a high overshoot
REMIND 1.7,CEMICS-2.0-CDR20,8.6698,8.8571,11.941,16.7566,19.8886,19.8836,17.9336,16.5052,19.0361,26.3949,C2,C2: return warming to 1.5°C (>50%) after a high overshoot
REMIND 1.7,CEMICS-2.0-CDR8,8.6698,8.8571,12.7629,18.612,21.9106,21.8333,19.6179,17.6101,19.6066,25.8759,C1,C1: limit warming to 1.5°C (>50%) with no or limited overshoot
REMIND 1.7,CEMICS-Ref,8.6698,8.5378,8.8906,10.7138,14.474,19.1893,23.9896,26.7639,26.1007,23.6504,C7,C7: limit warming to 4°C (>50%)
REMIND 2.1,CEMICS_GDPgrowth_1p5,9.2434,8.2742,9.4923,13.0612,15.3881,16.9152,18.8356,21.9081,27.8239,34.3593,C1,C1: limit warming to 1.5°C (>50%) with no or limited overshoot
REMIND 2.1,CEMICS_GDPgrowth_2C,9.2434,8.2742,9.0118,12.5132,15.4086,16.7408,17.2479,17.4465,19.7714,24.9447,C3,C3: limit warming to 2°C (>67%)
REMIND 2.1,CEMICS_HotellingConst_1p5,9.2434,8.2742,9.3819,13.1258,15.6037,16.9039,17.889,19.1365,23.1271,29.3234,C1,C1: limit warming to 1.5°C (>50%) with no or limited overshoot
REMIND 2.1,CEMICS_HotellingConst_2C,9.2434,8.2742,8.7008,11.8536,14.8988,16.5614,17.3439,17.2814,18.05,20.5491,C3,C3: limit warming to 2°C (>67%)
REMIND 2.1,CEMICS_Linear_1p5,9.2434,8.2742,9.4607,13.132,15.3392,16.2832,16.8585,17.9663,22.3782,29.3389,C1,C1: limit warming to 1.5°C (>50%) with no or limited overshoot
REMIND 2.1,CEMICS_Linear_2C,9.2434,8.2742,8.8167,12.1606,15.1985,16.7586,17.3773,17.1399,17.8961,20.5055,C3,C3: limit warming to 2°C (>67%)
REMIND 2.1,CEMICS_NPI,9.2434,8.2742,7.7156,8.2229,7.573,6.0843,4.6689,3.6781,4.1083,6.4806,C7,C7: limit warming to 4°C (>50%)
REMIND 2.1,CEMICS_opt_1p5,9.2434,8.2742,9.8365,15.3631,20.2305,23.3719,24.5871,23.7492,23.6668,25.9526,C1,C1: limit warming to 1.5°C (>50%) with no or limited overshoot
REMIND 2.1,CEMICS_opt_2C,9.2434,8.2742,8.2945,10.0422,11.4306,12.0471,12.7913,14.1702,17.5136,23.0939,C3,C3: limit warming to 2°C (>67%)
REMIND 2.1,LeastTotalCost_Base_brkLR15_SSP1_P50,9.2532,8.2493,6.2826,3.9948,2.225,0.8115,0.1014,0.0007,0.0,0.0,C6,C6: limit warming to 3°C (>50%)
REMIND 2.1,LeastTotalCost_Base_brkLR15_SSP2_P50,9.2412,8.2732,6.7393,5.3336,3.7356,1.951,0.8559,0.5108,0.6306,1.0506,C7,C7: limit warming to 4°C (>50%)
REMIND 2.1,LeastTotalCost_Base_brkLR15_SSP5_P50,9.2597,8.2362,6.4895,4.7726,3.0331,1.2602,0.2684,0.0203,0.0777,0.5526,C8,C8: exceed warming of 4°C (>=50%)
REMIND 2.1,LeastTotalCost_Base_brkSR15_SSP1_P50,9.2527,8.2504,6.2872,3.9905,2.227,0.8155,0.1024,0.0007,0.0,0.0,C6,C6: limit warming to 3°C (>50%)
REMIND 2.1,LeastTotalCost_Base_brkSR15_SSP2_P50,9.2443,8.2671,6.7043,5.2409,3.5916,1.7642,0.6164,0.1782,0.1128,0.2365,C7,C7: limit warming to 4°C (>50%)
REMIND 2.1,LeastTotalCost_Base_brkSR15_SSP5_P50,9.26,8.2357,6.4704,4.7389,2.9991,1.2312,0.2512,0.0167,0.0,0.1206,C8,C8: exceed warming of 4°C (>=50%)
REMIND 2.1,LeastTotalCost_CBA_brkLR15_SSP2_P50,9.2434,8.2744,9.132,12.7326,15.4385,16.4966,16.2232,14.5617,13.562,14.2775,C3,C3: limit warming to 2°C (>67%)
REMIND 2.1,LeastTotalCost_CBA_brkSR15_SSP2_P50,9.2434,8.2744,8.7344,11.848,14.5284,15.7652,15.7019,14.0419,12.3544,11.6566,C3,C3: limit warming to 2°C (>67%)
REMIND 2.1,LeastTotalCost_CEA_brkLR15_SSP2_P50,9.2434,8.2744,8.7298,12.0016,14.9253,16.3165,16.3876,14.9416,13.721,14.0029,C3,C3: limit warming to 2°C (>67%)
REMIND 2.1,LeastTotalCost_CEA_brkSR15_SSP2_P50,9.2434,8.2744,8.7337,12.0158,14.8719,16.1186,15.9696,14.1946,12.5555,12.3327,C3,C3: limit warming to 2°C (>67%)
REMIND 2.1,LeastTotalCost_LTC_brkLR15_SSP1_P50,9.2434,8.2744,7.9677,8.2646,6.6715,4.4253,2.3393,0.5941,0.0292,0.0,C1,C1: limit warming to 1.5°C (>50%) with no or limited overshoot
REMIND 2.1,LeastTotalCost_LTC_brkLR15_SSP2_P50,9.2434,8.2744,9.1305,12.7276,15.4286,16.481,16.2057,14.5482,13.5532,14.2722,C3,C3: limit warming to 2°C (>67%)
REMIND 2.1,LeastTotalCost_LTC_brkLR15_SSP5_P50,9.2434,8.2744,9.8503,17.3338,27.3729,36.2917,41.5827,41.0705,36.8078,32.3407,C3,C3: limit warming to 2°C (>67%)
REMIND 2.1,LeastTotalCost_LTC_brkSR15_SSP1_P50,9.2434,8.2744,7.6987,7.8929,6.3633,4.1983,2.2273,0.6144,0.0349,0.0,C2,C2: return warming to 1.5°C (>50%) after a high overshoot
REMIND 2.1,LeastTotalCost_LTC_brkSR15_SSP2_P50,9.2434,8.2744,8.8268,12.1139,14.8499,16.0209,15.8617,14.0967,12.3958,11.8392,C3,C3: limit warming to 2°C (>67%)
REMIND 2.1,LeastTotalCost_LTC_brkSR15_SSP5_P50,9.2434,8.2744,9.7139,17.1232,27.5124,36.9687,42.5285,41.3159,35.3126,28.8359,C3,C3: limit warming to 2°C (>67%)
REMIND 2.1,LeastTotalCost_NDC_brkLR15_SSP2_P50,9.2412,8.2971,8.1992,10.1966,11.973,13.0088,13.508,13.0395,12.3065,11.8848,C5,C5: limit warming to 2.5°C (>50%)
REMIND 2.1,LeastTotalCost_NDC_brkSR15_SSP2_P50,9.2443,8.2673,8.1009,9.9538,11.4549,12.1851,12.3953,11.6029,10.4225,9.2629,C5,C5: limit warming to 2.5°C (>50%)
REMIND 2.1,LeastTotalCost_NPi_brkLR15_SSP1_P50,9.2412,8.2971,7.4597,6.991,5.2613,3.4612,1.7119,0.4494,0.0119,0.0,C5,C5: limit warming to 2.5°C (>50%)
REMIND 2.1,LeastTotalCost_NPi_brkLR15_SSP2_P50,9.2412,8.2971,7.7336,8.2461,7.6167,6.1226,4.6073,3.2552,2.6896,2.8806,C7,C7: limit warming to 4°C (>50%)
REMIND 2.1,LeastTotalCost_NPi_brkLR15_SSP5_P50,9.2412,8.2971,7.6188,7.8187,6.5583,4.5164,2.5702,0.9444,0.4051,1.2045,C8,C8: exceed warming of 4°C (>=50%)
REMIND 2.1,LeastTotalCost_NPi_brkSR15_SSP1_P50,9.2443,8.2673,7.4774,7.0069,5.3053,3.5045,1.8288,0.4551,0.0125,0.0,C5,C5: limit warming to 2.5°C (>50%)
REMIND 2.1,LeastTotalCost_NPi_brkSR15_SSP2_P50,9.2443,8.2673,7.6961,8.1693,7.4279,5.8042,4.1234,2.5283,1.6549,1.4388,C7,C7: limit warming to 4°C (>50%)
REMIND 2.1,LeastTotalCost_NPi_brkSR15_SSP5_P50,9.2443,8.2673,7.6095,7.8081,6.524,4.478,2.5334,0.8948,0.1812,0.3739,C8,C8: exceed warming of 4°C (>=50%)
REMIND 2.1,R2p1_SSP1-Base,9.5432,7.9575,5.7769,3.8776,2.2762,0.8544,0.1571,0.0077,0.0,0.0,C6,C6: limit warming to 3°C (>50%)
REMIND 2.1,R2p1_SSP1-NDC,9.5213,8.047,6.5722,5.122,3.4265,1.7102,0.5413,0.0562,0.0,0.0,C5,C5: limit warming to 2.5°C (>50%)
REMIND 2.1,R2p1_SSP1-NPi,9.5213,8.047,7.1604,7.4532,6.1018,4.1508,2.1423,0.7171,0.0506,0.0006,C5,C5: limit warming to 2.5°C (>50%)
REMIND 2.1,R2p1_SSP1-PkBudg1100,9.5213,8.047,6.7597,5.4762,3.7138,1.9411,0.4312,0.0559,0.0,0.0,C2,C2: return warming to 1.5°C (>50%) after a high overshoot
REMIND 2.1,R2p1_SSP1-PkBudg1300,9.5213,8.047,6.6825,5.3636,3.6438,1.9212,0.6686,0.084,0.0,0.0,C2,C2: return warming to 1.5°C (>50%) after a high overshoot
REMIND 2.1,R2p1_SSP1-PkBudg900,9.5213,8.047,7.0572,5.9483,4.174,2.2242,0.8527,0.1058,0.0,0.0,C1,C1: limit warming to 1.5°C (>50%) with no or limited overshoot
REMIND 2.1,R2p1_SSP2-Base,9.5213,8.0296,6.3193,5.2534,4.3294,3.4181,2.9845,2.9934,3.5361,4.9279,C7,C7: limit warming to 4°C (>50%)
REMIND 2.1,R2p1_SSP2-NDC,9.5213,8.047,7.0046,6.9186,6.6038,5.8151,5.0991,4.7505,5.4987,7.8206,C5,C5: limit warming to 2.5°C (>50%)
REMIND 2.1,R2p1_SSP2-NPi,9.5213,8.047,7.3682,8.5806,9.1258,8.793,7.9775,6.6301,5.8504,6.386,C7,C7: limit warming to 4°C (>50%)
REMIND 2.1,R2p1_SSP2-PkBudg1100,9.5213,8.047,7.6334,8.5759,8.8271,8.2671,7.7153,7.8772,10.4173,15.5326,C3,C3: limit warming to 2°C (>67%)
REMIND 2.1,R2p1_SSP2-PkBudg1300,9.5213,8.047,7.4443,8.1858,8.4276,7.8432,7.1009,6.6793,7.972,11.6785,C3,C3: limit warming to 2°C (>67%)
REMIND 2.1,R2p1_SSP2-PkBudg900,9.5213,8.047,7.9951,9.23,9.4426,8.8042,8.1135,8.1436,10.8297,16.1757,C1,C1: limit warming to 1.5°C (>50%) with no or limited overshoot
REMIND 2.1,R2p1_SSP5-Base,9.5413,7.9611,5.9096,4.2023,2.5915,1.1174,0.3122,0.104,0.4481,1.9186,C8,C8: exceed warming of 4°C (>=50%)
REMIND 2.1,R2p1_SSP5-NDC,9.5213,8.047,7.0553,7.1567,7.4206,7.5603,7.8939,8.6492,10.7985,15.4233,C7,C7: limit warming to 4°C (>50%)
REMIND 2.1,R2p1_SSP5-NPi,9.5213,8.047,7.2525,8.0339,7.3841,5.7082,3.8129,1.8533,1.0459,2.2335,C8,C8: exceed warming of 4°C (>=50%)
REMIND 2.1,R2p1_SSP5-PkBudg1100,9.5213,8.047,9.3257,17.3475,28.8455,39.1016,44.9014,44.5701,40.6642,36.4659,C2,C2: return warming to 1.5°C (>50%) after a high overshoot
REMIND 2.1,R2p1_SSP5-PkBudg1300,9.5213,8.047,9.0422,16.5758,28.0279,38.2768,43.9642,43.5736,39.5914,35.5591,C3,C3: limit warming to 2°C (>67%)
REMIND 2.1,R2p1_SSP5-PkBudg900,9.5213,8.047,9.8855,18.5143,29.2221,38.5423,43.6077,42.8912,39.4936,36.0847,C1,C1: limit warming to 1.5°C (>50%) with no or limited overshoot
REMIND 2.1,TechCost-SSP2-B1100-bioH,9.2935,8.1349,8.2519,10.6324,12.1816,12.5766,12.8149,13.2866,16.1328,22.0295,C3,C3: limit warming to 2°C (>67%)
REMIND 2.1,TechCost-SSP2-B1100-ccsH,9.2935,8.1397,8.2414,10.4926,11.7827,11.8838,11.7632,11.5697,12.9823,16.4475,C3,C3: limit warming to 2°C (>67%)
REMIND 2.1,TechCost-SSP2-B1100-coalH,9.2935,8.1358,8.3303,10.8266,12.406,12.8783,13.408,14.5551,18.4862,25.312,C3,C3: limit warming to 2°C (>67%)
REMIND 2.1,TechCost-SSP2-B1100-elh2H,9.2935,8.139,8.3246,10.8776,12.5643,13.0437,13.4067,14.1415,17.5074,24.0826,C3,C3: limit warming to 2°C (>67%)
REMIND 2.1,TechCost-SSP2-B1100-gasH,9.2935,8.1402,8.335,10.8224,12.4216,12.9026,13.3825,14.4071,18.1866,24.9541,C3,C3: limit warming to 2°C (>67%)
REMIND 2.1,TechCost-SSP2-B1100-nucH,9.2935,8.3649,12.9928,27.9439,43.9565,53.4869,53.9386,44.7059,28.7222,17.7322,C3,C3: limit warming to 2°C (>67%)
REMIND 2.1,TechCost-SSP2-B1100-oilH,9.2935,8.1411,8.3483,10.7274,12.1954,12.7646,13.7019,15.5906,20.2914,27.3636,C3,C3: limit warming to 2°C (>67%)
REMIND 2.1,TechCost-SSP2-B1100-spvH,9.2935,8.1324,8.1214,9.8803,10.3204,9.6554,9.2543,9.814,13.5088,20.4566,C3,C3: limit warming to 2°C (>67%)
REMIND 2.1,TechCost-SSP2-B1100-windH,9.2935,8.1284,7.8323,8.8888,8.7491,7.9257,7.5639,8.0437,10.9484,16.4655,C3,C3: limit warming to 2°C (>67%)
REMIND-Buildings 2.0,BEG-Base,9.2568,8.2418,6.6902,5.3055,3.8274,2.3378,1.8958,2.9048,5.6415,10.456,C7,C7: limit warming to 4°C (>50%)
REMIND-Buildings 2.0,BEG-Budg600,9.2568,8.2418,9.783,15.6941,20.5197,23.8791,26.8674,29.3005,33.0759,36.2202,C2,C2: return warming to 1.5°C (>50%) after a high overshoot
REMIND-Buildings 2.0,BEG-Budg600-EG,9.2568,8.2418,9.6252,15.2009,19.955,23.2469,25.8353,27.4738,30.387,33.5708,C2,C2: return warming to 1.5°C (>50%) after a high overshoot
REMIND-Buildings 2.0,BEG-EG,9.2568,8.2418,6.5618,5.0249,3.4325,1.8359,1.2572,2.0168,4.2281,8.1696,C7,C7: limit warming to 4°C (>50%)
REMIND-H13 2.1,START_BAU,9.5258,7.9904,5.9885,4.3806,2.8305,1.3746,0.639,0.6795,1.5605,3.704,failed-vetting,failed-vetting
REMIND-H13 2.1,START_Current_Policies,9.5258,8.0626,7.2613,7.9451,7.5668,6.4184,5.2483,4.2559,4.505,6.5663,failed-vetting,failed-vetting
REMIND-H13 2.1,START_Net-zero,9.5258,8.0626,7.7171,9.6903,12.1127,14.0865,15.695,16.796,18.4544,21.3493,failed-vetting,failed-vetting
REMIND-H13 2.1,START_Net-zero_noLandUse_CDRlim,9.5258,8.0626,7.744,9.6743,12.0012,13.9083,15.4887,16.6321,18.4286,21.5087,failed-vetting,failed-vetting
REMIND-H13 2.1,START_Net-zero_noNuc_lowVRE,9.5258,8.0626,7.6222,9.5366,16.0423,23.5387,31.4189,38.178,41.8545,40.2409,failed-vetting,failed-vetting
REMIND-MAgPIE 1.5,SSP1-19,10.15,12.02,15.83,19.87,22.91,24.58,24.74,24.91,24.41,23.05,C2,C2: return warming to 1.5°C (>50%) after a high overshoot
REMIND-MAgPIE 1.5,SSP1-26,10.15,12.02,13.73,15.01,16.88,18.37,19.13,20.85,21.42,20.65,C4,C4: limit warming to 2°C (>50%)
REMIND-MAgPIE 1.5,SSP1-34,10.15,12.02,12.5,11.68,11.07,10.6,11.38,15.08,18.23,19.99,C5,C5: limit warming to 2.5°C (>50%)
REMIND-MAgPIE 1.5,SSP1-45,10.15,12.02,11.69,9.642,7.226,3.796999999999999,0.7728,0.9698,2.2,4.425,C6,C6: limit warming to 3°C (>50%)
REMIND-MAgPIE 1.5,SSP1-Baseline,10.15,11.99,11.37,9.192,6.755,3.325,0.2375,0.005,0.0003,0.0003,C7,C7: limit warming to 4°C (>50%)
REMIND-MAgPIE 1.5,SSP2-19,10.27,12.74,19.77,27.95,34.37,39.03,40.07,37.44,31.8,24.65,C1,C1: limit warming to 1.5°C (>50%) with no or limited overshoot
REMIND-MAgPIE 1.5,SSP2-26,10.27,12.74,20.9,34.41,43.25,44.14,39.82,32.76,26.01,21.03,C3,C3: limit warming to 2°C (>67%)
REMIND-MAgPIE 1.5,SSP2-34,10.27,12.74,19.52,31.13,41.71,44.6,41.05,34.2,26.32,20.73,C5,C5: limit warming to 2.5°C (>50%)
REMIND-MAgPIE 1.5,SSP2-45,10.27,12.74,18.54,28.29,39.47,46.27,45.79,39.84,30.41,20.62,C6,C6: limit warming to 3°C (>50%)
REMIND-MAgPIE 1.5,SSP2-60,10.27,12.74,17.17,23.34,31.36,38.8,42.71,42.74,37.43,27.95,C7,C7: limit warming to 4°C (>50%)
REMIND-MAgPIE 1.5,SSP2-Baseline,10.27,12.5,15.91,20.53,26.81,33.0,37.31,39.68,37.91,32.58,C7,C7: limit warming to 4°C (>50%)
REMIND-MAgPIE 1.5,SSP5-19,10.19,12.16,20.96,41.05,57.91,67.07,71.99,70.86,67.17,62.69,C2,C2: return warming to 1.5°C (>50%) after a high overshoot
REMIND-MAgPIE 1.5,SSP5-26,10.19,12.16,17.19,29.24,47.78,63.1,72.9,76.15,70.6,63.08,C4,C4: limit warming to 2°C (>50%)
REMIND-MAgPIE 1.5,SSP5-34,10.19,12.16,15.53,22.25,34.2,48.44,62.16,72.86,74.03,66.74,C5,C5: limit warming to 2.5°C (>50%)
REMIND-MAgPIE 1.5,SSP5-45,10.19,12.16,15.3,21.41,32.97,47.42,59.05,66.97,68.2,62.86,C6,C6: limit warming to 3°C (>50%)
REMIND-MAgPIE 1.5,SSP5-60,10.19,12.16,13.77,15.96,22.22,35.23,54.94,74.99,82.22,76.0,C7,C7: limit warming to 4°C (>50%)
REMIND-MAgPIE 1.5,SSP5-Baseline,10.19,12.13,12.3,10.74,8.794,6.215,5.136,9.665,19.25,32.91,C8,C8: exceed warming of 4°C (>=50%)
REMIND-MAgPIE 1.7-3.0,CD-LINKS_INDC2030i_1000,8.6604,8.8857,11.1112,16.0221,21.0513,22.5152,21.8844,21.2241,22.5529,27.4901,C2,C2: return warming to 1.5°C (>50%) after a high overshoot
REMIND-MAgPIE 1.7-3.0,CD-LINKS_INDC2030i_1600,8.6604,8.8857,11.1112,15.6737,20.5547,22.4218,21.8294,20.5557,20.9624,25.0702,C4,C4: limit warming to 2°C (>50%)
REMIND-MAgPIE 1.7-3.0,CD-LINKS_INDC2030i_400,8.6604,8.8857,11.1112,16.4049,21.612,23.1691,23.1394,23.2719,25.0435,29.52,C2,C2: return warming to 1.5°C (>50%) after a high overshoot
REMIND-MAgPIE 1.7-3.0,CD-LINKS_INDCi,8.6604,8.8857,11.1112,15.5027,21.4877,26.458,28.7912,27.8835,24.3538,20.7904,C7,C7: limit warming to 4°C (>50%)
REMIND-MAgPIE 1.7-3.0,CD-LINKS_NDC2030i_1000,8.6604,8.8857,11.1112,16.0221,21.0513,22.5152,21.8844,21.2241,22.5529,27.4901,C3,C3: limit warming to 2°C (>67%)
REMIND-MAgPIE 1.7-3.0,CD-LINKS_NPi,8.6604,8.8857,10.1345,12.1817,15.597,19.383,22.8532,25.1542,24.8823,23.0653,C7,C7: limit warming to 4°C (>50%)
REMIND-MAgPIE 1.7-3.0,CD-LINKS_NPi2020_1000,8.6604,8.8857,12.2221,17.5896,21.4432,22.2229,20.939,19.7139,21.5174,26.8283,C2,C2: return warming to 1.5°C (>50%) after a high overshoot
REMIND-MAgPIE 1.7-3.0,CD-LINKS_NPi2020_1600,8.6604,8.8857,11.7488,16.6171,20.8785,22.2969,21.142,19.113,19.134,23.0008,C4,C4: limit warming to 2°C (>50%)
REMIND-MAgPIE 1.7-3.0,CD-LINKS_NPi2020_400,8.6604,8.8857,12.4831,17.3283,19.6436,19.4115,18.4382,19.0843,23.576,30.3615,C1,C1: limit warming to 1.5°C (>50%) with no or limited overshoot
REMIND-MAgPIE 1.7-3.0,CD-LINKS_NoPolicy,8.6604,8.5704,8.9844,10.9107,15.0053,20.3565,25.782,28.8915,28.0973,25.1493,C7,C7: limit warming to 4°C (>50%)
REMIND-MAgPIE 1.7-3.0,CO_2Deg2020,8.6656,8.8659,11.671,16.0601,19.4991,20.5101,19.7189,19.1363,21.2647,26.6361,C2,C2: return warming to 1.5°C (>50%) after a high overshoot
REMIND-MAgPIE 1.7-3.0,CO_2Deg2030,8.6656,8.874,11.0319,15.6404,20.2714,21.7055,21.1551,20.6064,22.1139,27.1489,C2,C2: return warming to 1.5°C (>50%) after a high overshoot
REMIND-MAgPIE 1.7-3.0,CO_BAU,8.6656,8.555,8.954,10.8267,14.6509,19.4417,24.2506,26.9675,26.2105,23.6287,C7,C7: limit warming to 4°C (>50%)
REMIND-MAgPIE 1.7-3.0,CO_Bridge,8.6656,8.8698,11.6358,16.8436,21.3448,22.6392,21.7176,20.6232,21.9884,26.8862,C2,C2: return warming to 1.5°C (>50%) after a high overshoot
REMIND-MAgPIE 1.7-3.0,CO_CurPol,8.6656,8.874,10.0843,11.9989,15.1343,18.4127,21.2856,23.2493,23.099,21.6872,C7,C7: limit warming to 4°C (>50%)
REMIND-MAgPIE 1.7-3.0,CO_GPP,8.6656,8.8698,11.6358,17.4133,24.2621,28.3055,28.5829,25.406,20.6645,17.6811,C5,C5: limit warming to 2.5°C (>50%)
REMIND-MAgPIE 1.7-3.0,CO_NDCplus,8.6656,8.874,11.0319,15.2636,20.9684,25.4975,27.4852,26.4675,23.0215,19.6664,C7,C7: limit warming to 4°C (>50%)
REMIND-MAgPIE 1.7-3.0,EMF33_1.5C_cost100,9.3636,9.149299999999998,11.9596,20.3722,27.6321,30.103,28.8857,25.5418,23.3706,24.523,C2,C2: return warming to 1.5°C (>50%) after a high overshoot
REMIND-MAgPIE 1.7-3.0,EMF33_1.5C_full,9.3636,9.149299999999998,11.6863,19.2352,25.5997,28.6658,30.9755,31.6685,30.3674,30.9977,C2,C2: return warming to 1.5°C (>50%) after a high overshoot
REMIND-MAgPIE 1.7-3.0,EMF33_1.5C_nofuel,9.3636,9.149299999999998,12.783,24.4578,34.87860000000001,38.6684,37.6764,30.4671,21.0708,14.3376,C1,C1: limit warming to 1.5°C (>50%) with no or limited overshoot
REMIND-MAgPIE 1.7-3.0,EMF33_Baseline,9.3636,9.1029,7.979799999999999,7.735099999999999,8.6004,10.9175,15.5243,21.5423,26.0968,28.4311,C8,C8: exceed warming of 4°C (>=50%)
REMIND-MAgPIE 1.7-3.0,EMF33_Med2C_cost100,9.3636,9.149299999999998,10.0996,14.9618,20.75699999999999,24.5752,26.2482,26.0117,25.4924,26.4318,C4,C4: limit warming to 2°C (>50%)
REMIND-MAgPIE 1.7-3.0,EMF33_Med2C_full,9.3636,9.149299999999998,10.1972,16.1007,24.6043,31.0573,33.7254,33.4152,31.4687,29.2177,C5,C5: limit warming to 2.5°C (>50%)
REMIND-MAgPIE 1.7-3.0,EMF33_Med2C_limbio,9.3636,9.149299999999998,10.5677,16.0609,21.7044,24.867,25.2261,24.138,24.9648,29.0508,C3,C3: limit warming to 2°C (>67%)
REMIND-MAgPIE 1.7-3.0,EMF33_Med2C_nobeccs,9.3636,9.149299999999998,10.747,16.2456,21.5798,24.7093,25.2989,23.8269,22.8765,24.3647,C4,C4: limit warming to 2°C (>50%)
REMIND-MAgPIE 1.7-3.0,EMF33_Med2C_nofuel,9.3636,9.149299999999998,10.1679,15.6065,22.5093,26.8617,27.7444,25.5123,22.0581,19.3139,C4,C4: limit warming to 2°C (>50%)
REMIND-MAgPIE 1.7-3.0,EMF33_Med2C_none,9.3636,9.149299999999998,11.0839,17.1734,23.1435,26.8157,27.6146,25.9427,24.8422,26.0138,C4,C4: limit warming to 2°C (>50%)
REMIND-MAgPIE 1.7-3.0,EMF33_WB2C_cost100,9.3636,9.149299999999998,10.6841,15.9968,20.5337,22.111,21.5388,20.1628,20.5294,22.3264,C3,C3: limit warming to 2°C (>67%)
REMIND-MAgPIE 1.7-3.0,EMF33_WB2C_full,9.3636,9.149299999999998,10.7017,16.4525,21.9617,24.5929,24.6071,23.1316,23.6197,27.8331,C3,C3: limit warming to 2°C (>67%)
REMIND-MAgPIE 1.7-3.0,EMF33_WB2C_limbio,9.3636,9.149299999999998,11.2478,16.2373,17.7016,16.5473,14.8412,15.03119999999999,24.0359,35.2823,C3,C3: limit warming to 2°C (>67%)
REMIND-MAgPIE 1.7-3.0,EMF33_WB2C_nobeccs,9.3636,9.149299999999998,12.2788,21.2242,28.7913,31.6094,30.5162,28.5454,32.2482,36.3107,C3,C3: limit warming to 2°C (>67%)
REMIND-MAgPIE 1.7-3.0,EMF33_WB2C_nofuel,9.3636,9.149299999999998,10.9178,17.2918,24.1352,28.4025,28.8168,25.7821,22.9386,22.6018,C3,C3: limit warming to 2°C (>67%)
REMIND-MAgPIE 1.7-3.0,EMF33_WB2C_none,9.3636,9.149299999999998,12.2167,20.2879,26.6664,29.8063,30.2557,28.5609,27.518,26.9224,C3,C3: limit warming to 2°C (>67%)
REMIND-MAgPIE 1.7-3.0,EMF33_tax_hi_full,9.3636,9.1029,10.4837,16.1622,21.3754,23.5264,23.5559,22.6986,23.9986,28.2661,C3,C3: limit warming to 2°C (>67%)
REMIND-MAgPIE 1.7-3.0,EMF33_tax_hi_none,9.3636,9.1029,10.4521,16.0075,21.3989,24.3283,24.7378,22.944,21.9892,24.55,C4,C4: limit warming to 2°C (>50%)
REMIND-MAgPIE 1.7-3.0,EMF33_tax_lo_full,9.3636,9.1029,9.6237,14.4231,22.881,31.3424,36.3348,35.9288,31.1716,25.2294,C5,C5: limit warming to 2.5°C (>50%)
REMIND-MAgPIE 1.7-3.0,EMF33_tax_lo_none,9.3636,9.1029,9.5307,13.8098,20.9601,27.5824,30.7377,29.6067,25.9597,22.7584,C5,C5: limit warming to 2.5°C (>50%)
REMIND-MAgPIE 1.7-3.0,PEP_1p5C_full_NDC,8.6656,8.874,11.0319,15.8182,20.7497,22.533,22.6852,23.0287,25.0824,29.7466,C2,C2: return warming to 1.5°C (>50%) after a high overshoot
REMIND-MAgPIE 1.7-3.0,PEP_1p5C_full_eff,8.6656,8.8659,12.1436,17.0176,20.3841,21.17,20.4897,20.5202,23.6963,29.663,C1,C1: limit warming to 1.5°C (>50%) with no or limited overshoot
REMIND-MAgPIE 1.7-3.0,PEP_1p5C_full_goodpractice,8.6656,8.8507,11.4593,16.7422,21.5839,23.3082,23.15,22.8248,24.2683,27.9642,C2,C2: return warming to 1.5°C (>50%) after a high overshoot
REMIND-MAgPIE 1.7-3.0,PEP_1p5C_full_netzero,8.6656,8.8659,11.799,17.3439,22.0063,23.5012,22.9936,22.3012,23.6579,27.4519,C2,C2: return warming to 1.5°C (>50%) after a high overshoot
REMIND-MAgPIE 1.7-3.0,PEP_1p5C_red_eff,8.6656,8.8659,12.9456,19.233,23.8986,25.4233,24.8652,24.6096,27.2727,31.6285,C1,C1: limit warming to 1.5°C (>50%) with no or limited overshoot
REMIND-MAgPIE 1.7-3.0,PEP_2C_full_NDC,8.6656,8.874,11.0319,15.6404,20.2714,21.7055,21.1551,20.6064,22.1139,27.1489,C2,C2: return warming to 1.5°C (>50%) after a high overshoot
REMIND-MAgPIE 1.7-3.0,PEP_2C_full_eff,8.6656,8.8659,11.671,16.0601,19.4991,20.5101,19.7189,19.1363,21.2647,26.6361,C2,C2: return warming to 1.5°C (>50%) after a high overshoot
REMIND-MAgPIE 1.7-3.0,PEP_2C_full_goodpractice,8.6656,8.8507,11.4593,16.4927,20.996,22.435,21.6493,20.4652,21.4853,25.9735,C2,C2: return warming to 1.5°C (>50%) after a high overshoot
REMIND-MAgPIE 1.7-3.0,PEP_2C_full_netzero,8.6656,8.8659,11.799,16.9112,21.1479,22.5205,21.6177,20.2952,21.3376,25.7849,C2,C2: return warming to 1.5°C (>50%) after a high overshoot
REMIND-MAgPIE 1.7-3.0,PEP_2C_red_NDC,8.6656,8.874,11.0319,15.8066,21.0344,23.2968,23.7745,24.4378,26.7759,31.3065,C2,C2: return warming to 1.5°C (>50%) after a high overshoot
REMIND-MAgPIE 1.7-3.0,PEP_2C_red_eff,8.6656,8.8659,12.2823,17.5115,21.1241,21.938,20.9164,20.2874,22.82800000000001,28.2788,C1,C1: limit warming to 1.5°C (>50%) with no or limited overshoot
REMIND-MAgPIE 1.7-3.0,PEP_2C_red_goodpractice,8.6656,8.8507,11.4593,16.6787,21.6019,23.6272,23.7634,23.8015,25.6228,29.3346,C2,C2: return warming to 1.5°C (>50%) after a high overshoot
REMIND-MAgPIE 1.7-3.0,PEP_2C_red_netzero,8.6656,8.8659,11.799,16.7953,20.6927,22.1031,22.1001,22.3773,24.7729,28.8284,C2,C2: return warming to 1.5°C (>50%) after a high overshoot
REMIND-MAgPIE 1.7-3.0,PEP_NDC,8.6656,8.874,11.0319,15.2636,20.9684,25.4975,27.4852,26.4675,23.0215,19.6664,C7,C7: limit warming to 4°C (>50%)
REMIND-MAgPIE 1.7-3.0,PEP_NPi,8.6656,8.874,10.0843,11.9989,15.1343,18.4127,21.2856,23.2493,23.099,21.6872,C7,C7: limit warming to 4°C (>50%)
REMIND-MAgPIE 1.7-3.0,PEP_NoPolicy,8.6656,8.555,8.954,10.8267,14.6509,19.4417,24.2506,26.9675,26.2105,23.6287,C7,C7: limit warming to 4°C (>50%)
REMIND-MAgPIE 1.7-3.0,PEP_goodpractice,8.6656,8.8507,11.4593,16.8425,23.2112,27.4972,28.4588,25.9531,21.3345,17.2683,C6,C6: limit warming to 3°C (>50%)
REMIND-MAgPIE 1.7-3.0,PEP_netzero,8.6656,8.8659,11.799,17.2375,22.8323,25.8834,25.6569,22.5982,18.9661,17.6208,C5,C5: limit warming to 2.5°C (>50%)
REMIND-MAgPIE 1.7-3.0,SMP_1p5C_Def,8.6699,8.9114,12.4381,17.3527,20.6544,21.3642,20.447,20.1225,22.971,28.831,failed-vetting,failed-vetting
REMIND-MAgPIE 1.7-3.0,SMP_1p5C_Sust,8.6699,8.5159,6.796,4.852,3.0901,1.1438,0.0,0.0,0.0,0.0,failed-vetting,failed-vetting
REMIND-MAgPIE 1.7-3.0,SMP_1p5C_early,8.6699,9.1041,13.8116,19.4298,22.6366,22.6986,20.4827,18.8199,20.8218,26.2278,failed-vetting,failed-vetting
REMIND-MAgPIE 1.7-3.0,SMP_1p5C_lifesty,8.6699,8.8439,11.9416,16.9398,21.1372,22.8103,22.366,20.7187,19.4721,19.7829,failed-vetting,failed-vetting
REMIND-MAgPIE 1.7-3.0,SMP_1p5C_regul,8.6699,8.5159,6.796,4.852,3.0901,1.1438,0.0,0.0,0.0,0.0,failed-vetting,failed-vetting
REMIND-MAgPIE 1.7-3.0,SMP_2C_Def,8.6699,8.7889,11.4488,15.9247,19.5336,20.4829,19.4824,18.4432,20.1008,25.4217,failed-vetting,failed-vetting
REMIND-MAgPIE 1.7-3.0,SMP_2C_Sust,8.6699,8.5159,6.796,4.852,3.0901,1.1438,0.0,0.0,0.0,0.0,failed-vetting,failed-vetting
REMIND-MAgPIE 1.7-3.0,SMP_2C_early,8.6699,8.9872,12.8826,18.1982,21.8055,22.2409,20.1072,17.7245,18.3908,23.1522,failed-vetting,failed-vetting
REMIND-MAgPIE 1.7-3.0,SMP_2C_lifesty,8.6699,8.7366,11.0345,15.4711,19.868,21.9128,21.5459,19.4026,17.2268,16.9314,C1,C1: limit warming to 1.5°C (>50%) with no or limited overshoot
REMIND-MAgPIE 1.7-3.0,SMP_2C_regul,8.6699,8.5159,6.796,4.852,3.0901,1.1438,0.0,0.0,0.0,0.0,failed-vetting,failed-vetting
REMIND-MAgPIE 1.7-3.0,SMP_REF_Def,8.6699,8.5376,8.8889,10.709,14.4658,19.1791,23.9807,26.7596,26.102,23.6564,C7,C7: limit warming to 4°C (>50%)
REMIND-MAgPIE 1.7-3.0,SMP_REF_Sust,8.6797,8.4962,6.7761,4.8324,3.0722,1.1339,0.0,0.0,0.0,0.0,C7,C7: limit warming to 4°C (>50%)
REMIND-MAgPIE 2.0-4.1,Diff_1300Gt_hybrid_def,9.2593,8.2593,8.9211,12.6997,15.8588,16.3305,15.114,12.8525,12.1475,14.4591,C3,C3: limit warming to 2°C (>67%)
REMIND-MAgPIE 2.0-4.1,Diff_1300Gt_no-transfer_def,9.2593,8.2593,8.6821,11.5641,13.8436,14.0433,12.9937,11.3939,11.4344,14.0296,C3,C3: limit warming to 2°C (>67%)
REMIND-MAgPIE 2.0-4.1,Diff_1300Gt_uniform-pricing_def,9.2593,8.2593,9.0411,13.1038,16.4221,17.0091,16.1075,14.5705,15.4097,20.303,C3,C3: limit warming to 2°C (>67%)
REMIND-MAgPIE 2.0-4.1,Diff_No-policy_baseline,9.2593,8.2367,6.6804,5.2432,3.6434,1.9061,0.9506,0.9352,1.8051,3.7103,C7,C7: limit warming to 4°C (>50%)
REMIND-MAgPIE 2.1-4.2,CEMICS_SSP1-1p5C-fullCDR,9.3015,8.1259,7.176,6.0111,4.1073,2.1859,0.8229,0.1073,0.0,0.0,C1,C1: limit warming to 1.5°C (>50%) with no or limited overshoot
REMIND-MAgPIE 2.1-4.2,CEMICS_SSP1-1p5C-minCDR,9.3015,8.1259,7.4077,6.3457,4.4583,2.4523,0.984,0.0568,0.0,0.0,C1,C1: limit warming to 1.5°C (>50%) with no or limited overshoot
REMIND-MAgPIE 2.1-4.2,CEMICS_SSP1-Npi,9.3015,8.1259,7.2011,6.8601,5.2291,3.4229,1.8476,0.4942,0.0156,0.0,C6,C6: limit warming to 3°C (>50%)
REMIND-MAgPIE 2.1-4.2,CEMICS_SSP2-1p5C-fullCDR,9.2936,8.1407,8.743,11.7731,13.7762,14.4516,14.7164,14.7278,16.4735,20.2345,C1,C1: limit warming to 1.5°C (>50%) with no or limited overshoot
REMIND-MAgPIE 2.1-4.2,CEMICS_SSP2-1p5C-minCDR,9.2936,8.1407,9.3249,12.9968,15.7704,17.8211,20.0084,22.726,27.8523,33.5677,C1,C1: limit warming to 1.5°C (>50%) with no or limited overshoot
REMIND-MAgPIE 2.1-4.2,CEMICS_SSP2-2C-fullCDR,9.2936,8.1407,8.2579,10.9744,13.711,15.2857,16.3855,16.8405,18.1469,21.1726,C3,C3: limit warming to 2°C (>67%)
REMIND-MAgPIE 2.1-4.2,CEMICS_SSP2-2C-minCDR,9.2936,8.1407,8.536,11.5696,14.2004,15.8716,17.8791,20.6223,25.8029,32.7059,C3,C3: limit warming to 2°C (>67%)
REMIND-MAgPIE 2.1-4.2,CEMICS_SSP2-Npi,9.2936,8.1407,7.5089,8.078,7.4569,5.9858,4.6899,3.6742,4.0406,6.3583,C7,C7: limit warming to 4°C (>50%)
REMIND-MAgPIE 2.1-4.2,EN_INDCi2030_1000,9.5293,8.0681,7.0471,7.0568,6.8007,6.1372,5.9068,6.749,9.7528,15.2274,C3,C3: limit warming to 2°C (>67%)
REMIND-MAgPIE 2.1-4.2,EN_INDCi2030_1000_COV,9.5467,8.0224,6.8365,6.581,6.0863,5.1788,4.5327,4.4613,5.714,8.7538,C3,C3: limit warming to 2°C (>67%)
REMIND-MAgPIE 2.1-4.2,EN_INDCi2030_1000_COV_NDCp,9.5467,8.0224,6.828,6.5633,6.0694,5.168,4.5313,4.4677,5.7114,8.7219,C3,C3: limit warming to 2°C (>67%)
REMIND-MAgPIE 2.1-4.2,EN_INDCi2030_1000_NDCp,9.5293,8.0681,7.0327,7.0092,6.7226,6.0344,5.7854,6.6166,9.6058,15.0763,C3,C3: limit warming to 2°C (>67%)
REMIND-MAgPIE 2.1-4.2,EN_INDCi2030_1000f,9.5293,8.0681,7.0471,7.0568,6.8078,6.1585,5.9383,6.7995,9.8309,15.2809,C3,C3: limit warming to 2°C (>67%)
REMIND-MAgPIE 2.1-4.2,EN_INDCi2030_1000f_COV,9.5467,8.0224,6.8365,6.5826,6.1052,5.2598,4.7752,5.0733,7.085,11.4167,C3,C3: limit warming to 2°C (>67%)
REMIND-MAgPIE 2.1-4.2,EN_INDCi2030_1000f_COV_NDCp,9.5467,8.0224,6.828,6.5523,6.0505,5.1854,4.6899,4.9816,6.9764,11.2814,C3,C3: limit warming to 2°C (>67%)
REMIND-MAgPIE 2.1-4.2,EN_INDCi2030_1000f_NDCp,9.5293,8.0681,7.0327,7.0088,6.7324,6.0659,5.8383,6.7035,9.7399,15.205,C3,C3: limit warming to 2°C (>67%)
REMIND-MAgPIE 2.1-4.2,EN_INDCi2030_1200,9.5293,8.0681,7.0471,7.0246,6.7591,6.0576,5.6396,6.0382,8.3076,13.0718,C3,C3: limit warming to 2°C (>67%)
REMIND-MAgPIE 2.1-4.2,EN_INDCi2030_1200f,9.5293,8.0681,7.0471,7.0294,6.7714,6.0743,5.6532,6.0353,8.2712,12.9926,C3,C3: limit warming to 2°C (>67%)
REMIND-MAgPIE 2.1-4.2,EN_INDCi2030_1400,9.5293,8.0681,7.0471,6.9723,6.6652,5.9085,5.324,5.2727,6.4935,9.3905,C4,C4: limit warming to 2°C (>50%)
REMIND-MAgPIE 2.1-4.2,EN_INDCi2030_1400f,9.5293,8.0681,7.0471,6.9723,6.6652,5.9085,5.324,5.2727,6.4935,9.3905,C4,C4: limit warming to 2°C (>50%)
REMIND-MAgPIE 2.1-4.2,EN_INDCi2030_1600,9.5293,8.0681,7.0471,6.916,6.5551,5.7761,5.1761,5.1007,6.2521,9.0214,C5,C5: limit warming to 2.5°C (>50%)
REMIND-MAgPIE 2.1-4.2,EN_INDCi2030_1600f,9.5293,8.0681,7.0471,6.916,6.5551,5.7761,5.1761,5.1007,6.2521,9.0214,C5,C5: limit warming to 2.5°C (>50%)
REMIND-MAgPIE 2.1-4.2,EN_INDCi2030_1800,9.5293,8.0681,7.0471,6.8497,6.4132,5.5864,4.9497,4.8432,5.9686,8.7653,C5,C5: limit warming to 2.5°C (>50%)
REMIND-MAgPIE 2.1-4.2,EN_INDCi2030_1800f,9.5293,8.0681,7.0471,6.8497,6.4132,5.5864,4.9497,4.8432,5.9686,8.7653,C5,C5: limit warming to 2.5°C (>50%)
REMIND-MAgPIE 2.1-4.2,EN_INDCi2030_2000,9.5293,8.0681,7.0471,6.8078,6.3148,5.4759,4.915,5.0704,6.8035,10.7793,C5,C5: limit warming to 2.5°C (>50%)
REMIND-MAgPIE 2.1-4.2,EN_INDCi2030_2000f,9.5293,8.0681,7.0471,6.8141,6.3249,5.4596,4.787,4.6423,5.6916,8.3156,C5,C5: limit warming to 2.5°C (>50%)
REMIND-MAgPIE 2.1-4.2,EN_INDCi2030_2500,9.5293,8.0681,7.0471,6.7584,6.1424,5.1256,4.2892,3.9468,4.7346,6.9954,C6,C6: limit warming to 3°C (>50%)
REMIND-MAgPIE 2.1-4.2,EN_INDCi2030_2500f,9.5293,8.0681,7.0471,6.7582,6.1419,5.1249,4.2886,3.9464,4.7341,6.9941,C6,C6: limit warming to 3°C (>50%)
REMIND-MAgPIE 2.1-4.2,EN_INDCi2030_3000,9.5293,8.0681,7.0471,6.6929,5.9682,4.8406,3.8569,3.275,3.6594,5.297,C6,C6: limit warming to 3°C (>50%)
REMIND-MAgPIE 2.1-4.2,EN_INDCi2030_3000f,9.5293,8.0681,7.0471,6.6915,5.9634,4.8328,3.8493,3.2744,3.6779,5.352,C6,C6: limit warming to 3°C (>50%)
REMIND-MAgPIE 2.1-4.2,EN_INDCi2030_300f,9.5293,8.0681,7.0471,7.1193,6.931,6.4009,6.3849,7.583,11.1734,17.5669,C2,C2: return warming to 1.5°C (>50%) after a high overshoot
REMIND-MAgPIE 2.1-4.2,EN_INDCi2030_400f,9.5293,8.0681,7.0471,7.0881,6.84,6.1905,6.0189,6.976,10.23,16.2993,C2,C2: return warming to 1.5°C (>50%) after a high overshoot
REMIND-MAgPIE 2.1-4.2,EN_INDCi2030_500f,9.5293,8.0681,7.0471,7.0777,6.8117,6.1203,5.8878,6.7521,9.8437,15.6419,C2,C2: return warming to 1.5°C (>50%) after a high overshoot
REMIND-MAgPIE 2.1-4.2,EN_INDCi2030_600_COV,9.5467,8.0224,6.8365,6.6534,6.1948,5.1324,4.2882,4.0938,5.4878,9.0969,C2,C2: return warming to 1.5°C (>50%) after a high overshoot
REMIND-MAgPIE 2.1-4.2,EN_INDCi2030_600_COV_NDCp,9.5467,8.0224,6.828,6.6581,6.215,5.1554,4.31,4.0936,5.4324,8.9563,C2,C2: return warming to 1.5°C (>50%) after a high overshoot
REMIND-MAgPIE 2.1-4.2,EN_INDCi2030_600f,9.5293,8.0681,7.0471,7.0701,6.7887,6.0766,5.7996,6.5901,9.5132,14.951,C2,C2: return warming to 1.5°C (>50%) after a high overshoot
REMIND-MAgPIE 2.1-4.2,EN_INDCi2030_600f_COV,9.5467,8.0224,6.8365,6.6267,6.1625,5.3421,5.0334,5.7903,8.6285,13.8611,C2,C2: return warming to 1.5°C (>50%) after a high overshoot
REMIND-MAgPIE 2.1-4.2,EN_INDCi2030_600f_COV_NDCp,9.5467,8.0224,6.828,6.6035,6.1316,5.3123,5.0133,5.7836,8.6249,13.8475,C2,C2: return warming to 1.5°C (>50%) after a high overshoot
REMIND-MAgPIE 2.1-4.2,EN_INDCi2030_600f_NDCp,9.5293,8.0681,7.0327,7.0177,6.7034,5.9769,5.7106,6.5363,9.4919,14.9465,C2,C2: return warming to 1.5°C (>50%) after a high overshoot
REMIND-MAgPIE 2.1-4.2,EN_INDCi2030_700,9.5293,8.0681,7.0471,7.1996,7.0385,6.3158,5.9536,6.7139,9.8899,15.6456,C3,C3: limit warming to 2°C (>67%)
REMIND-MAgPIE 2.1-4.2,EN_INDCi2030_700f,9.5293,8.0681,7.0471,7.0676,6.7978,6.1318,5.9448,6.85,9.8694,15.3139,C3,C3: limit warming to 2°C (>67%)
REMIND-MAgPIE 2.1-4.2,EN_INDCi2030_800,9.5293,8.0681,7.0471,7.1124,6.8446,6.145,5.8325,6.6152,9.6806,15.2797,C3,C3: limit warming to 2°C (>67%)
REMIND-MAgPIE 2.1-4.2,EN_INDCi2030_800f,9.5293,8.0681,7.0471,7.0729,6.8269,6.1851,6.0285,6.9806,10.0502,15.4498,C3,C3: limit warming to 2°C (>67%)
REMIND-MAgPIE 2.1-4.2,EN_INDCi2030_900,9.5293,8.0681,7.0471,7.0624,6.7828,6.1129,5.9382,6.9196,10.1204,15.7396,C3,C3: limit warming to 2°C (>67%)
REMIND-MAgPIE 2.1-4.2,EN_INDCi2030_900f,9.5293,8.0681,7.0471,7.0724,6.8428,6.2263,6.0968,7.0911,10.2455,15.7635,C3,C3: limit warming to 2°C (>67%)
REMIND-MAgPIE 2.1-4.2,EN_INDCi2100,9.5293,8.0681,7.0471,6.8395,6.3507,5.4415,4.6965,4.4551,5.4086,7.9728,C5,C5: limit warming to 2.5°C (>50%)
REMIND-MAgPIE 2.1-4.2,EN_INDCi2100_COV,9.5467,8.0224,6.8365,6.4114,5.7434,4.7328,3.9741,3.6933,4.4584,6.6155,C5,C5: limit warming to 2.5°C (>50%)
REMIND-MAgPIE 2.1-4.2,EN_INDCi2100_COV_NDCp,9.5467,8.0224,6.828,6.3818,5.6951,4.6802,3.9316,3.6701,4.4486,6.6063,C5,C5: limit warming to 2.5°C (>50%)
REMIND-MAgPIE 2.1-4.2,EN_INDCi2100_NDCp,9.5293,8.0681,7.0327,6.7794,6.243,5.3057,4.5565,4.3311,5.2975,7.8601,C5,C5: limit warming to 2.5°C (>50%)
REMIND-MAgPIE 2.1-4.2,EN_NPi2020_1000,9.5293,8.0681,7.4969,8.049,8.0432,7.3641,6.709,6.7363,8.9564,13.8084,C3,C3: limit warming to 2°C (>67%)
REMIND-MAgPIE 2.1-4.2,EN_NPi2020_1000_COV,9.5467,8.0224,7.1315,7.2541,6.9519,6.0853,5.2813,4.8839,5.8819,8.6207,C3,C3: limit warming to 2°C (>67%)
REMIND-MAgPIE 2.1-4.2,EN_NPi2020_1000f,9.5293,8.0681,7.5079,8.072,8.0685,7.3885,6.737,6.7895,9.0944,14.0919,C3,C3: limit warming to 2°C (>67%)
REMIND-MAgPIE 2.1-4.2,EN_NPi2020_1000f_COV,9.5467,8.0224,7.1539,7.3057,7.0129,6.1518,5.3712,5.0618,6.3132,9.6055,C3,C3: limit warming to 2°C (>67%)
REMIND-MAgPIE 2.1-4.2,EN_NPi2020_1200,9.5293,8.0681,7.3305,7.7021,7.6417,6.9638,6.3168,6.215,7.9195,12.1109,C3,C3: limit warming to 2°C (>67%)
REMIND-MAgPIE 2.1-4.2,EN_NPi2020_1200f,9.5293,8.0681,7.366,7.7863,7.7353,7.0194,6.2615,5.9216,7.1927,10.6661,C3,C3: limit warming to 2°C (>67%)
REMIND-MAgPIE 2.1-4.2,EN_NPi2020_1400,9.5293,8.0681,7.2066,7.409,7.2785,6.6005,5.9376,5.6447,6.6233,9.1766,C4,C4: limit warming to 2°C (>50%)
REMIND-MAgPIE 2.1-4.2,EN_NPi2020_1400f,9.5293,8.0681,7.2066,7.409,7.2785,6.6005,5.9376,5.6447,6.6233,9.1766,C4,C4: limit warming to 2°C (>50%)
REMIND-MAgPIE 2.1-4.2,EN_NPi2020_1600,9.5293,8.0681,7.1081,7.096,6.8199,6.0869,5.4716,5.2999,6.298,8.8594,C4,C4: limit warming to 2°C (>50%)
REMIND-MAgPIE 2.1-4.2,EN_NPi2020_1600f,9.5293,8.0681,7.1081,7.096,6.8199,6.0869,5.4716,5.2999,6.298,8.8594,C4,C4: limit warming to 2°C (>50%)
REMIND-MAgPIE 2.1-4.2,EN_NPi2020_1800,9.5293,8.0681,7.0526,6.9052,6.5201,5.7538,5.2292,5.3736,7.08,11.0713,C5,C5: limit warming to 2.5°C (>50%)
REMIND-MAgPIE 2.1-4.2,EN_NPi2020_1800f,9.5293,8.0681,7.0543,6.9054,6.5077,5.7014,5.0605,4.9155,5.9816,8.6946,C5,C5: limit warming to 2.5°C (>50%)
REMIND-MAgPIE 2.1-4.2,EN_NPi2020_2000,9.5293,8.0681,7.0158,6.7668,6.2804,5.4494,4.9052,5.0847,6.8325,10.8194,C5,C5: limit warming to 2.5°C (>50%)
REMIND-MAgPIE 2.1-4.2,EN_NPi2020_2000f,9.5293,8.0681,7.0239,6.7988,6.3321,5.483,4.8248,4.684,5.7194,8.3303,C5,C5: limit warming to 2.5°C (>50%)
REMIND-MAgPIE 2.1-4.2,EN_NPi2020_200f,9.5293,8.0681,7.8667,8.5069,8.3844,7.6506,7.0204,7.3154,10.186,15.8568,C1,C1: limit warming to 1.5°C (>50%) with no or limited overshoot
REMIND-MAgPIE 2.1-4.2,EN_NPi2020_2500,9.5293,8.0681,6.9699,6.5853,5.9184,4.8859,4.0904,3.8481,4.728,7.0857,C6,C6: limit warming to 3°C (>50%)
REMIND-MAgPIE 2.1-4.2,EN_NPi2020_2500f,9.5293,8.0681,6.9701,6.5861,5.92,4.888,4.0928,3.8505,4.7309,7.0894,C6,C6: limit warming to 3°C (>50%)
REMIND-MAgPIE 2.1-4.2,EN_NPi2020_3000,9.5293,8.0681,6.9177,6.3568,5.4914,4.293,3.3615,2.9762,3.5849,5.4798,C6,C6: limit warming to 3°C (>50%)
REMIND-MAgPIE 2.1-4.2,EN_NPi2020_3000f,9.5293,8.0681,6.9162,6.351,5.4795,4.2752,3.3396,2.9537,3.5649,5.4632,C6,C6: limit warming to 3°C (>50%)
REMIND-MAgPIE 2.1-4.2,EN_NPi2020_300f,9.5293,8.0681,7.8187,8.4307,8.3096,7.5448,6.8747,7.0744,9.7537,15.1609,C1,C1: limit warming to 1.5°C (>50%) with no or limited overshoot
REMIND-MAgPIE 2.1-4.2,EN_NPi2020_400,9.5293,8.0681,8.2502,9.0989,9.0576,8.3831,7.7221,8.0936,11.2589,16.7541,C1,C1: limit warming to 1.5°C (>50%) with no or limited overshoot
REMIND-MAgPIE 2.1-4.2,EN_NPi2020_400f,9.5293,8.0681,7.7732,8.3933,8.2884,7.53,6.8574,7.0221,9.5596,14.6142,C1,C1: limit warming to 1.5°C (>50%) with no or limited overshoot
REMIND-MAgPIE 2.1-4.2,EN_NPi2020_500,9.5293,8.0681,8.0496,8.7552,8.6637,7.9701,7.3571,7.7443,10.8338,16.3953,C1,C1: limit warming to 1.5°C (>50%) with no or limited overshoot
REMIND-MAgPIE 2.1-4.2,EN_NPi2020_500f,9.5293,8.0681,7.7515,8.4026,8.3333,7.6079,6.9755,7.1833,9.7454,14.721,C2,C2: return warming to 1.5°C (>50%) after a high overshoot
REMIND-MAgPIE 2.1-4.2,EN_NPi2020_600,9.5293,8.0681,7.9023,8.5813,8.4635,7.7374,7.0917,7.3629,10.1566,15.4057,C1,C1: limit warming to 1.5°C (>50%) with no or limited overshoot
REMIND-MAgPIE 2.1-4.2,EN_NPi2020_600_COV,9.5467,8.0224,7.5798,8.0357,7.7811,6.7451,5.5446,4.7303,5.6893,8.631,C1,C1: limit warming to 1.5°C (>50%) with no or limited overshoot
REMIND-MAgPIE 2.1-4.2,EN_NPi2020_600f,9.5293,8.0681,7.7102,8.3664,8.3129,7.5993,6.9989,7.2577,9.8774,14.8691,C2,C2: return warming to 1.5°C (>50%) after a high overshoot
REMIND-MAgPIE 2.1-4.2,EN_NPi2020_600f_COV,9.5467,8.0224,7.4153,7.8204,7.6433,6.858,6.1926,6.2948,8.6116,13.2929,C1,C1: limit warming to 1.5°C (>50%) with no or limited overshoot
REMIND-MAgPIE 2.1-4.2,EN_NPi2020_700,9.5293,8.0681,7.7377,8.3659,8.259,7.5052,6.8806,7.1661,9.8987,15.0707,C3,C3: limit warming to 2°C (>67%)
REMIND-MAgPIE 2.1-4.2,EN_NPi2020_700f,9.5293,8.0681,7.698,8.4185,8.457,7.8076,7.2555,7.547,10.2148,15.3077,C3,C3: limit warming to 2°C (>67%)
REMIND-MAgPIE 2.1-4.2,EN_NPi2020_800,9.5293,8.0681,7.6705,8.3732,8.4024,7.7283,7.1305,7.3552,9.9653,15.103,C3,C3: limit warming to 2°C (>67%)
REMIND-MAgPIE 2.1-4.2,EN_NPi2020_800f,9.5293,8.0681,7.6436,8.3246,8.357,7.7033,7.128,7.3751,9.9855,15.0794,C3,C3: limit warming to 2°C (>67%)
REMIND-MAgPIE 2.1-4.2,EN_NPi2020_900,9.5293,8.0681,7.5641,8.1815,8.2006,7.5402,6.9232,7.0731,9.5349,14.5756,C3,C3: limit warming to 2°C (>67%)
REMIND-MAgPIE 2.1-4.2,EN_NPi2020_900f,9.5293,8.0681,7.5722,8.1992,8.2207,7.5533,6.9198,7.0485,9.4942,14.5235,C3,C3: limit warming to 2°C (>67%)
REMIND-MAgPIE 2.1-4.2,EN_NPi2100,9.5293,8.0681,7.4901,8.5962,8.9693,8.4321,7.418,5.9912,5.2985,5.9675,C7,C7: limit warming to 4°C (>50%)
REMIND-MAgPIE 2.1-4.2,EN_NPi2100_COV,9.5467,8.0224,7.3021,8.7328,9.2945,8.832,7.8379,6.2317,5.2645,5.6986,C7,C7: limit warming to 4°C (>50%)
REMIND-MAgPIE 2.1-4.2,EN_NoPolicy,9.5293,8.0136,6.3731,5.4103,4.5559,3.6638,3.1727,3.0675,3.5302,4.8655,C7,C7: limit warming to 4°C (>50%)
REMIND-MAgPIE 2.1-4.2,NGFS2_Below 2°C,9.5105,8.0405,7.1271,7.0278,6.2881,4.8132,3.1878,1.6187,0.6292,0.1635,C3,C3: limit warming to 2°C (>67%)
REMIND-MAgPIE 2.1-4.2,NGFS2_Below 2°C - IPD-95th,9.5105,8.0449,7.2434,7.2206,6.502,5.0254,3.3486,1.701,0.6778,0.1864,C3,C3: limit warming to 2°C (>67%)
REMIND-MAgPIE 2.1-4.2,NGFS2_Below 2°C - IPD-median,9.5105,8.0436,7.2107,7.1785,6.4716,5.0091,3.3509,1.7167,0.6871,0.1895,C3,C3: limit warming to 2°C (>67%)
REMIND-MAgPIE 2.1-4.2,NGFS2_Current Policies,9.5105,8.0405,7.2232,7.9577,7.8364,6.8001,5.3081,3.3208,1.6943,0.7355,C7,C7: limit warming to 4°C (>50%)
REMIND-MAgPIE 2.1-4.2,NGFS2_Current Policies - IPD-95th,9.5105,8.0449,7.2276,7.9455,7.7677,6.6706,5.1406,3.1532,1.5681,0.6648,C7,C7: limit warming to 4°C (>50%)
REMIND-MAgPIE 2.1-4.2,NGFS2_Current Policies - IPD-median,9.5105,8.0436,7.2252,7.9442,7.7795,6.6994,5.1791,3.1926,1.5989,0.6815,C7,C7: limit warming to 4°C (>50%)
REMIND-MAgPIE 2.1-4.2,NGFS2_Delayed Transition,9.5105,8.0405,7.2232,7.8628,7.4773,6.1155,4.3418,2.3058,0.8694,0.2528,C3,C3: limit warming to 2°C (>67%)
REMIND-MAgPIE 2.1-4.2,NGFS2_Divergent Net Zero Policies,9.5105,8.0405,7.5465,7.8652,7.2928,5.8704,4.0073,2.0319,0.8171,0.2209,C1,C1: limit warming to 1.5°C (>50%) with no or limited overshoot
REMIND-MAgPIE 2.1-4.2,NGFS2_Nationally Determined Contributions (NDCs),9.5105,8.0405,6.7495,6.0207,4.9598,3.4755,2.1485,1.1112,0.4685,0.1413,C5,C5: limit warming to 2.5°C (>50%)
REMIND-MAgPIE 2.1-4.2,NGFS2_Net-Zero 2050,9.5105,8.0405,7.5383,7.5774,6.5775,4.8134,2.8915,1.1688,0.3369,0.0624,C1,C1: limit warming to 1.5°C (>50%) with no or limited overshoot
REMIND-MAgPIE 2.1-4.2,NGFS2_Net-Zero 2050 - IPD-95th,9.5105,8.0449,7.5682,7.5208,6.4509,4.6477,2.7229,1.0529,0.2888,0.0492,C1,C1: limit warming to 1.5°C (>50%) with no or limited overshoot
REMIND-MAgPIE 2.1-4.2,NGFS2_Net-Zero 2050 - IPD-median,9.5105,8.0436,7.5636,7.5417,6.4943,4.71,2.7857,1.0977,0.3096,0.0553,C1,C1: limit warming to 1.5°C (>50%) with no or limited overshoot
REMIND-MAgPIE 2.1-4.2,SusDev_SDP-NPi,9.5293,8.0689,7.2992,7.2755,5.8208,3.9077,2.1544,0.6018,0.036,0.0,C5,C5: limit warming to 2.5°C (>50%)
REMIND-MAgPIE 2.1-4.2,SusDev_SDP-PkBudg1000,9.5293,8.0689,6.863,5.5004,3.727,1.9855,0.3576,0.0377,0.0,0.0,C1,C1: limit warming to 1.5°C (>50%) with no or limited overshoot
REMIND-MAgPIE 2.1-4.2,SusDev_SSP1-NDC,9.5293,8.0689,6.6354,5.1709,3.4641,1.7301,0.5387,0.0511,0.0,0.0,C5,C5: limit warming to 2.5°C (>50%)
REMIND-MAgPIE 2.1-4.2,SusDev_SSP1-NPi,9.5293,8.0689,7.2621,7.3727,5.9387,3.9642,2.1766,0.6177,0.0362,0.0,C5,C5: limit warming to 2.5°C (>50%)
REMIND-MAgPIE 2.1-4.2,SusDev_SSP1-PkBudg900,9.5293,8.0689,6.9239,5.6122,3.842,2.0658,0.3424,0.0348,0.0,0.0,C1,C1: limit warming to 1.5°C (>50%) with no or limited overshoot
REMIND-MAgPIE 2.1-4.2,SusDev_SSP2-NDC,9.5293,8.0689,7.0533,6.8539,6.3692,5.4564,4.6942,4.4127,5.2933,7.7354,C5,C5: limit warming to 2.5°C (>50%)
REMIND-MAgPIE 2.1-4.2,SusDev_SSP2-NPi,9.5293,8.0689,7.4945,8.6027,8.9746,8.4334,7.4111,5.9716,5.2613,5.9034,C7,C7: limit warming to 4°C (>50%)
REMIND-MAgPIE 2.1-4.2,SusDev_SSP2-PkBudg900,9.5293,8.0689,7.8444,8.6201,8.6855,8.0659,7.4728,7.7153,10.421,15.6056,C1,C1: limit warming to 1.5°C (>50%) with no or limited overshoot
REMIND-MAgPIE 2.1-4.3,DeepElec_SSP2_ HighRE_Budg1100,9.5139,7.971,6.5962,5.3546,3.7012,2.0653,0.8136,0.1558,0.0048,0.0,C3,C3: limit warming to 2°C (>67%)
REMIND-MAgPIE 2.1-4.3,DeepElec_SSP2_ HighRE_Budg1300,9.5139,7.971,6.5616,5.3109,3.7041,2.022,0.7895,0.15,0.0039,0.0,C3,C3: limit warming to 2°C (>67%)
REMIND-MAgPIE 2.1-4.3,DeepElec_SSP2_ HighRE_Budg900,9.5139,7.971,6.7544,5.41,3.9553,2.3227,0.9783,0.2133,0.0141,0.0005,C1,C1: limit warming to 1.5°C (>50%) with no or limited overshoot
REMIND-MAgPIE 2.1-4.3,DeepElec_SSP2_Base,9.5139,8.1394,6.6164,5.5971,4.4859,3.1485,2.0319,1.2068,0.6372,0.2819,C7,C7: limit warming to 4°C (>50%)
REMIND-MAgPIE 2.1-4.3,DeepElec_SSP2_Npi,9.5139,7.971,7.2069,8.0776,8.1709,7.306,5.8273,3.7206,1.9333,0.8593,C7,C7: limit warming to 4°C (>50%)
REMIND-MAgPIE 2.1-4.3,DeepElec_SSP2_def_Budg1100,9.5139,7.971,7.1237,7.0941,6.3373,4.9049,3.2303,1.5915,0.604,0.1543,C2,C2: return warming to 1.5°C (>50%) after a high overshoot
REMIND-MAgPIE 2.1-4.3,DeepElec_SSP2_def_Budg1300,9.5139,7.971,6.9206,6.6834,5.873,4.466,2.9346,1.4908,0.5715,0.1591,C3,C3: limit warming to 2°C (>67%)
REMIND-MAgPIE 2.1-4.3,DeepElec_SSP2_def_Budg900,9.5139,7.971,7.3666,7.4497,6.6944,5.2135,3.4094,1.6261,0.6201,0.1592,C1,C1: limit warming to 1.5°C (>50%) with no or limited overshoot
REMIND-Transport 2.1,Transport_Budg1100_Conv,9.5489,8.0523,7.9734,9.4395,10.4075,10.8946,11.355,12.3625,15.7731,21.1916,C3,C3: limit warming to 2°C (>67%)
REMIND-Transport 2.1,Transport_Budg1100_Conv-LowD,9.5489,8.0523,7.8922,9.2911,10.1811,10.612,11.129,12.2858,15.766,21.1906,C3,C3: limit warming to 2°C (>67%)
REMIND-Transport 2.1,Transport_Budg1100_ConvSyn,9.5489,8.0523,8.0208,9.9557,11.6302,13.2902,15.7411,19.6794,26.3411,33.2352,C3,C3: limit warming to 2°C (>67%)
REMIND-Transport 2.1,Transport_Budg1100_ElecPush,9.5489,8.0523,7.8391,9.2615,10.2964,10.9173,11.5924,12.8109,16.3197,21.8253,C3,C3: limit warming to 2°C (>67%)
REMIND-Transport 2.1,Transport_Budg1100_ElecPush-LowD,9.5489,8.0523,7.791,9.1254,10.0103,10.4553,11.0792,12.4494,16.1457,21.679,C3,C3: limit warming to 2°C (>67%)
REMIND-Transport 2.1,Transport_Budg1100_H2Push,9.5489,8.0523,7.9065,9.3827,10.5247,11.3151,12.0676,13.1827,16.5354,21.9986,C3,C3: limit warming to 2°C (>67%)
REMIND-Transport 2.1,Transport_NDC_Conv,9.5489,8.0523,6.8164,6.3743,5.8602,5.285,5.3196,6.2298,8.4151,12.0748,C6,C6: limit warming to 3°C (>50%)
REMIND-Transport 2.1,Transport_NPi_Conv,9.5489,8.0523,7.1436,8.0094,7.7129,6.5752,5.3738,4.2055,4.128,5.6957,C7,C7: limit warming to 4°C (>50%)
REMIND_EU 2.0,Eff_1p5,9.5273635,9.5517885,10.7399535,11.7879026,11.4131461,10.6408174,9.8938486,8.825475500000001,7.9390646,8.8141432,failed-vetting,failed-vetting
REMIND_EU 2.0,Eff_Weak,9.5273635,9.5517885,10.5430504,11.8631825,12.0356493,11.5711408,10.7706823,9.190556,7.1646485,5.722909700000001,failed-vetting,failed-vetting
REMIND_EU 2.0,Eff_min80,9.5273635,9.5517885,10.637,11.8189196,11.6808095,11.0103798,10.2049699,8.8839157,7.422810900000001,7.124561,failed-vetting,failed-vetting
REMIND_EU 2.0,Incumb_1p5,8.8814203,9.4478527,15.5299273,30.0354255,38.2268197,39.9571561,39.6634991,36.4904279,29.1789938,22.112124100000003,failed-vetting,failed-vetting
REMIND_EU 2.0,Incumb_Weak,8.8814203,9.4478527,14.9020581,29.2186072,38.3733082,40.5685499,40.281174,36.9822921,29.4092743,22.2974842,failed-vetting,failed-vetting
REMIND_EU 2.0,Incumb_min80,8.8814203,9.4478527,15.2795431,29.774271400000003,38.53307100000001,40.3608277,39.9752581,36.7677769,28.9166754,22.1994944,failed-vetting,failed-vetting
REMIND_EU 2.0,NewPl_1p5,9.5555778,9.4835718,9.7122336,8.92742,7.299013,5.7896263,4.7686476,3.9760066,3.9617884,5.512307600000001,failed-vetting,failed-vetting
REMIND_EU 2.0,NewPl_Weak,9.5555778,9.4835718,9.6214046,8.8405514,7.2663269,5.8047415,4.7373098,3.7491656,3.2501271000000003,3.4662669,failed-vetting,failed-vetting
REMIND_EU 2.0,NewPl_min80,9.5555778,9.4835718,9.6585293,8.8648713,7.249906200000001,5.7588669,4.7016955,3.7757337,3.3292381,3.9157643,failed-vetting,failed-vetting
Reference,IEA Energy Statistics (r2017),9.9226368,10.652595230143266,13.670287305368497,16.97653436790504,20.36421535221658,26.207520788480583,33.000731664828756,39.12188710302148,44.68422063772231,47.26468477833486,failed-vetting,failed-vetting
TIAM-ECN 1.1,EN_INDCi2030_1000,10.10512640553403,9.999999823077518,14.12657812404741,13.74782749027294,17.74289401640923,18.14631047068885,20.94919255954035,23.15932486308466,21.2611554197324,20.66538856164665,C3,C3: limit warming to 2°C (>67%)
TIAM-ECN 1.1,EN_INDCi2030_1000_COV,10.10512113142068,9.99998391696636,13.70624138158832,13.32311527919612,17.31829780850876,17.71201699074935,20.22025780363453,22.93791555517621,23.71786926134675,26.03444056914087,C3,C3: limit warming to 2°C (>67%)
TIAM-ECN 1.1,EN_INDCi2030_1000_NDCp,10.10512640567352,9.999999846573552,14.34961094739296,13.97086150845669,17.98811591277894,18.40020827874587,20.96467870600753,23.15837017357002,21.30373737065921,20.61382485962238,C3,C3: limit warming to 2°C (>67%)
TIAM-ECN 1.1,EN_INDCi2030_1000f,10.10512640553403,9.999999823077518,14.12657812404741,13.74781314997358,17.45483713229012,17.38642134277191,21.28422571284025,24.35175552154914,22.88519429594294,24.11839817720974,C3,C3: limit warming to 2°C (>67%)
TIAM-ECN 1.1,EN_INDCi2030_1000f_COV,10.10512113142068,9.99998391696636,13.70624138158832,13.32839280397383,16.92640505338196,17.0742445739536,20.22673329998668,24.22787133046862,27.32773868075378,30.87057484791719,C3,C3: limit warming to 2°C (>67%)
TIAM-ECN 1.1,EN_INDCi2030_1000f_NDCp,10.10512640567352,9.999999846573552,14.34961094739296,13.97086149403564,17.56712403147257,17.72480112012346,20.77706221666974,24.227874224158,28.41612036387338,31.30071575145072,C3,C3: limit warming to 2°C (>67%)
TIAM-ECN 1.1,EN_INDCi2030_1200,10.10512640553403,9.999999823077518,14.12657812404741,13.74782749201197,17.35097075510417,17.49879856613247,19.41193720982414,22.19005330169274,22.88763228477583,25.17858875362386,C3,C3: limit warming to 2°C (>67%)
TIAM-ECN 1.1,EN_INDCi2030_1200f,10.10512640553403,9.999999823077518,14.12657812404741,13.74782749804076,17.33345980483963,17.48128703743977,19.66518884873114,22.70294334882333,26.14742351268938,29.36747035552507,C3,C3: limit warming to 2°C (>67%)
TIAM-ECN 1.1,EN_INDCi2030_1400,10.10512640553403,9.999999823077518,14.12657812404741,13.74782749300019,17.33344885346843,17.48128705869962,19.54619907877503,22.10824025771516,22.8233288534121,24.94437826752926,C4,C4: limit warming to 2°C (>50%)
TIAM-ECN 1.1,EN_INDCi2030_1400f,10.10512640553403,9.999999823077518,14.12657812404741,13.7478274793535,16.93748746361964,16.84734435586135,19.42829829228888,21.71228163280051,23.77346659261337,26.98908059025944,C4,C4: limit warming to 2°C (>50%)
TIAM-ECN 1.1,EN_INDCi2030_1600,10.10512640553403,9.999999823077518,14.12657812404741,13.74782747337276,16.93994957018852,16.79788206396194,18.69115078127299,20.76338058082017,22.82333885826946,24.94439118211315,C4,C4: limit warming to 2°C (>50%)
TIAM-ECN 1.1,EN_INDCi2030_1600f,10.10512640553403,9.999999823077518,14.12657812404741,13.74782750043975,16.94642241059823,16.80883043708565,18.255003486903,20.77784215801913,23.84795548728645,26.56147472697035,C5,C5: limit warming to 2.5°C (>50%)
TIAM-ECN 1.1,EN_INDCi2030_2000,10.10512640106394,9.999999849732855,14.34960767607232,14.92023153305239,16.34459550833872,14.52101607904526,17.33043191143494,18.82947810717808,20.91287493792836,22.32164456800973,C5,C5: limit warming to 2.5°C (>50%)
TIAM-ECN 1.1,EN_INDCi2030_2000f,10.10512642422684,9.999999869121757,14.34960747502228,14.92022973734424,16.34457647376185,14.52100068542548,17.33134796392785,18.83000146834656,20.91309404001302,22.32182722399457,C5,C5: limit warming to 2.5°C (>50%)
TIAM-ECN 1.1,EN_INDCi2030_2500,10.10512640553403,9.999999823077518,14.12657812404741,13.74782748322108,16.12143150410798,14.18307865201191,14.53600991880577,16.24307035255187,16.06415765202874,17.95657606103158,C5,C5: limit warming to 2.5°C (>50%)
TIAM-ECN 1.1,EN_INDCi2030_2500f,10.10512640553403,9.999999823077518,14.12657812404741,13.74782749245803,16.12143159309776,14.18307863550761,14.53601037167047,16.24307908203611,16.06306492730406,17.95548376746254,C5,C5: limit warming to 2.5°C (>50%)
TIAM-ECN 1.1,EN_INDCi2030_3000,10.10512640553403,9.999999823077518,14.12657812404741,13.74782749320306,15.46486441690934,13.52651171649459,13.87944207003925,15.48327588876411,15.50873680834762,17.10608819946091,C6,C6: limit warming to 3°C (>50%)
TIAM-ECN 1.1,EN_INDCi2030_3000f,10.11,10.0,14.13,13.75,15.46,13.52,13.88,15.48,15.51,17.11,C6,C6: limit warming to 3°C (>50%)
TIAM-ECN 1.1,EN_INDCi2030_900,10.10512640553403,9.999999823077518,14.12657812404741,13.74782749651435,18.55511009252991,19.17233453642077,21.57973385444324,23.78540505956503,23.66734216018371,25.30737483120541,C3,C3: limit warming to 2°C (>67%)
TIAM-ECN 1.1,EN_INDCi2030_900f,10.10512640553403,9.999999823077518,14.12657812404741,13.74782749741289,17.48903643108659,17.64369336624053,21.04511001436965,24.32839812382951,27.77933283707135,31.67163186457491,C3,C3: limit warming to 2°C (>67%)
TIAM-ECN 1.1,EN_INDCi2100,10.10512640553403,9.999999823077518,14.12657812404741,13.74782397120541,13.86186643070586,11.86677035264826,11.86559287121403,13.17819628786852,14.17719598071599,14.89060420637603,C7,C7: limit warming to 4°C (>50%)
TIAM-ECN 1.1,EN_INDCi2100_COV,10.11,10.0,13.71,13.33,13.47,11.47,11.78,13.06,14.03,14.74,C7,C7: limit warming to 4°C (>50%)
TIAM-ECN 1.1,EN_INDCi2100_NDCp,10.10512640567352,9.999999846573552,14.34961094739296,13.97085741140763,14.0998197331987,12.10472397994748,11.88971681009241,13.20085578813066,14.1864945757073,14.879979519114,C7,C7: limit warming to 4°C (>50%)
TIAM-ECN 1.1,EN_NPi2020_1000,10.10512642951947,9.9999998902413,14.83398373946596,15.73672097322662,17.88017371231987,17.94797096792152,21.10951422740297,22.86458758851913,22.27522832179315,22.10075967543286,C3,C3: limit warming to 2°C (>67%)
TIAM-ECN 1.1,EN_NPi2020_1000_COV,10.10512643497869,9.999999902657624,14.73149966591381,15.69711669061878,17.67350642452101,17.73149446793961,19.57876585148407,21.34795404640069,22.82392871682828,24.94497789337743,C3,C3: limit warming to 2°C (>67%)
TIAM-ECN 1.1,EN_NPi2020_1000f,10.10512636750261,9.999999853310008,14.41395898576104,15.6880390563167,17.59227684175784,17.26762488893453,21.20798811795888,23.53874888803958,23.79482408252833,25.53335608177234,C3,C3: limit warming to 2°C (>67%)
TIAM-ECN 1.1,EN_NPi2020_1000f_COV,10.10512632089768,9.99999983877549,14.41395156258248,15.69190156525646,17.56521554745669,17.13136945132831,21.16414666173323,22.98834644006467,23.66113498739755,25.05768823639778,C3,C3: limit warming to 2°C (>67%)
TIAM-ECN 1.1,EN_NPi2020_1200,10.10512645203366,9.999999910178216,14.4139452394133,15.74976341142797,17.62279773388013,17.46123653172834,20.40631615266178,21.88240836810074,21.57449616423274,22.21054007171908,C3,C3: limit warming to 2°C (>67%)
TIAM-ECN 1.1,EN_NPi2020_1200f,10.10512644747854,9.99999991020612,14.41394221759439,15.68783978983432,17.53076770636646,16.98753643906586,20.87758027160826,22.35369120643651,22.40528533060532,22.6842520142802,C3,C3: limit warming to 2°C (>67%)
TIAM-ECN 1.1,EN_NPi2020_1400,10.10512637893212,9.999999851749134,14.39559059208713,14.97864687230233,17.35255475946323,17.3449789196601,19.68337508414765,21.8460588800247,22.81138170427419,24.94494580147236,C4,C4: limit warming to 2°C (>50%)
TIAM-ECN 1.1,EN_NPi2020_1400f,10.10512640904274,9.999999871294882,14.39558054337388,15.01900578602006,17.04814904466719,16.95637502624894,19.37900621871007,21.50133772328855,23.55912329938444,25.21948955229548,C4,C4: limit warming to 2°C (>50%)
TIAM-ECN 1.1,EN_NPi2020_1600,10.10512641330342,9.999999869239751,14.39557814529828,15.15039148020687,17.13700804255985,16.01682877132529,19.61375049142018,20.28799307333557,19.66288117596915,20.36470178770064,C4,C4: limit warming to 2°C (>50%)
TIAM-ECN 1.1,EN_NPi2020_1600f,10.10512639601429,9.999999848556335,14.39557741709746,15.15014399913866,17.13636349170433,15.93979340526813,19.91044599734984,20.38087477815332,19.75256923859889,20.53444795910352,C5,C5: limit warming to 2.5°C (>50%)
TIAM-ECN 1.1,EN_NPi2020_2000,10.10511680882399,9.99997071116625,13.8423355659938,14.34862952510018,15.94186424573784,14.17764742555885,17.14795452309138,19.62914989971826,21.39324313128303,22.80191139648749,C5,C5: limit warming to 2.5°C (>50%)
TIAM-ECN 1.1,EN_NPi2020_2000f,10.1051170676065,9.999971714458288,13.67241881248522,14.17872312150192,15.72088953997559,13.96451439517599,17.09997958763067,19.51531291402825,21.46361130829052,22.87317712676275,C5,C5: limit warming to 2.5°C (>50%)
TIAM-ECN 1.1,EN_NPi2020_2500,10.10511681908654,9.999970924450906,13.25574320312112,13.76203661340508,15.18629805688683,13.24803662288936,14.53620662795763,17.15883342869032,19.1194402445445,20.84808524966366,C5,C5: limit warming to 2.5°C (>50%)
TIAM-ECN 1.1,EN_NPi2020_2500f,10.1051167510372,9.99997065922929,13.25574242807084,13.76203452096671,15.18629364952538,13.24802546203851,14.53618544911459,17.15844011426476,19.11963698560391,20.84810415633886,C5,C5: limit warming to 2.5°C (>50%)
TIAM-ECN 1.1,EN_NPi2020_3000,10.10511659341937,9.999970182318286,13.25073330306234,13.76203017339041,14.74430347333796,12.80601616941997,14.09409805956985,14.7486887846149,15.55873139584446,17.10636539871019,C6,C6: limit warming to 3°C (>50%)
TIAM-ECN 1.1,EN_NPi2020_3000f,10.10511663350772,9.999970362065188,13.25071430154,13.76203217651717,14.74417417712667,12.80589296475516,14.09397512151542,14.74858348314608,15.55866208165492,17.10640487155571,C6,C6: limit warming to 3°C (>50%)
TIAM-ECN 1.1,EN_NPi2020_800,10.11,10.0,15.04,16.04,18.28,18.83,21.11,22.9,22.54,21.79,C3,C3: limit warming to 2°C (>67%)
TIAM-ECN 1.1,EN_NPi2020_800f,10.11,10.0,14.83,15.72,17.86,17.95,21.85,24.7,24.92,25.77,C3,C3: limit warming to 2°C (>67%)
TIAM-ECN 1.1,EN_NPi2020_900,10.10512643672096,9.999999895645589,15.01441454436099,16.02772066987319,18.2935041490599,18.6648103017821,21.36105682448014,23.12967784599483,22.41467078754257,21.80546333841829,C3,C3: limit warming to 2°C (>67%)
TIAM-ECN 1.1,EN_NPi2020_900f,10.10512636362378,9.999999841365511,14.89388247258476,15.71154169384936,17.7355643587279,17.83180940247904,21.40475317437136,24.00732140156024,24.15193671613931,25.27720878764104,C3,C3: limit warming to 2°C (>67%)
TIAM-ECN 1.1,EN_NPi2100,10.10511652512429,9.9999702447501,13.19329480999364,13.20865245347847,13.3483087428354,11.35328707187892,12.30750663961226,13.19469124028365,14.1974546802587,14.88563337220515,C7,C7: limit warming to 4°C (>50%)
TIAM-ECN 1.1,EN_NPi2100_COV,10.10511646659421,9.99996987751685,13.19329402548304,13.17134642733689,13.31099241465644,11.31569138313454,12.27009161849512,13.12775035163814,14.12719201155835,14.8493965598338,C7,C7: limit warming to 4°C (>50%)
TIAM-ECN AFR 1.1,2DC,10.27494319948154,12.15687692700654,15.03814738578287,16.75370664160938,19.97352208697912,26.207520788480583,33.000731664828756,39.12188710302148,44.68422063772231,47.26468477833486,failed-vetting,failed-vetting
TIAM-ECN AFR 1.1,CAP,10.24670720337941,12.02781017329949,14.99721740758217,16.62944857934533,19.61206413935401,26.207520788480583,33.000731664828756,39.12188710302148,44.68422063772231,47.26468477833486,failed-vetting,failed-vetting
TIAM-ECN AFR 1.1,REF,10.10597361048335,9.374339455089684,11.89830322820861,14.84596361268819,16.3447404651078,26.207520788480583,33.000731664828756,39.12188710302148,44.68422063772231,47.26468477833486,failed-vetting,failed-vetting
TIAM-ECN AFR 1.1,TAX,10.24623417085803,11.98413872989039,14.99721825080696,16.75370562484784,19.7363301160672,26.207520788480583,33.000731664828756,39.12188710302148,44.68422063772231,47.26468477833486,failed-vetting,failed-vetting
TIAM-ECN ETH 1.1,RCP2.6,10.2749430093562,12.15687728470992,15.03814726239834,16.75370654280968,19.97352196940896,26.207520788480583,33.000731664828756,39.12188710302148,44.68422063772231,47.26468477833486,failed-vetting,failed-vetting
TIAM-ECN ETH 1.1,baseline,10.10214260546676,9.366677585300888,11.89830352767117,14.84596548089739,16.3447366801869,26.207520788480583,33.000731664828756,39.12188710302148,44.68422063772231,47.26468477833486,failed-vetting,failed-vetting
TIAM-ECN KEN 1.1,CAP,10.24670715784656,12.02783111357534,14.99721752178292,16.75370624862359,19.78700214241251,26.207520788480583,33.000731664828756,39.12188710302148,44.68422063772231,47.26468477833486,failed-vetting,failed-vetting
TIAM-ECN KEN 1.1,NDC,10.24670718701019,12.02782374998986,14.99721738959355,16.62945004283858,19.61206884271966,26.207520788480583,33.000731664828756,39.12188710302148,44.68422063772231,47.26468477833486,failed-vetting,failed-vetting
TIAM-ECN KEN 1.1,REF,10.10681151589091,9.376015358005386,11.89830354590679,14.84596486725727,16.34473777591008,26.207520788480583,33.000731664828756,39.12188710302148,44.68422063772231,47.26468477833486,failed-vetting,failed-vetting
TIAM-ECN KEN 1.1,TAX,10.24620125961709,11.98407319431444,14.99721831801612,16.75370552946632,19.7363307959911,26.207520788480583,33.000731664828756,39.12188710302148,44.68422063772231,47.26468477833486,failed-vetting,failed-vetting
TIAM-ECN MDG 1.1,NDC,10.17616674041031,12.80726087793311,15.03814567059505,16.75370447618851,19.80190383049675,26.207520788480583,33.000731664828756,39.12188710302148,44.68422063772231,47.26468477833486,failed-vetting,failed-vetting
TIAM-ECN MDG 1.1,NDC+,10.18190494468081,12.88922866329206,15.03814594782486,16.75370454964284,19.80190370732102,26.207520788480583,33.000731664828756,39.12188710302148,44.68422063772231,47.26468477833486,failed-vetting,failed-vetting
TIAM-ECN MDG 1.1,REF,10.06800233022917,12.18956501253569,12.56267286260612,14.92553051867611,16.5896625149965,26.207520788480583,33.000731664828756,39.12188710302148,44.68422063772231,47.26468477833486,failed-vetting,failed-vetting
TIAM-Grantham 1.0,Baseline,9.62204762429704,13.7293512988951,13.6638901643496,13.6326756836556,14.8193232215522,17.1184125,19.1955751618746,21.2982104252434,22.781731527372,23.679925,failed-vetting,failed-vetting
TIAM-Grantham 3.2,CO_2Deg2020,9.599935558415,12.4165475,13.1535967643,15.32100757616,22.0460995303,24.510560988,30.8023977155,35.39922,38.732546491,37.27041142000001,no-climate-assessment,no-climate-assessment
TIAM-Grantham 3.2,CO_2Deg2030,9.599935558415,12.4165475,13.1535967643,14.13337968216,25.7943702411,30.706468676,34.8198628695,38.05242,38.781268883,39.528264343,no-climate-assessment,no-climate-assessment
TIAM-Grantham 3.2,CO_BAU,9.599935558415,12.4165475,13.1535967643,14.13337968216,14.9005158573,17.1184125,19.1955751623,21.4843003235,23.1024506454,23.679925,failed-vetting,failed-vetting
TIAM-Grantham 3.2,CO_Bridge,9.599935558415,12.4165475,13.1535967643,14.81032855516,25.8461448463,30.442082552,34.8889851693,38.05242,38.7759322103,39.7557246,no-climate-assessment,no-climate-assessment
TIAM-Grantham 3.2,CO_CurPol,9.599935558415,12.4165475,13.1535967643,14.13337968216,14.9005158573,17.5811625,20.8920751623,23.7748088005,25.4071072274,26.253418375,no-climate-assessment,no-climate-assessment
TIAM-Grantham 3.2,CO_GPP,9.599935558415,12.4165475,13.1535967643,14.93527855516,21.6015355289,23.0082947618,26.7946610525,32.3900032459,33.8470825,35.314837565,no-climate-assessment,no-climate-assessment
TIAM-Grantham 3.2,CO_NDCplus,9.599935558415,12.4165475,13.1535967643,14.13337968216,19.771064761,21.350386844,24.5081785065,28.9893467909,29.04580851,30.30411307200001,no-climate-assessment,no-climate-assessment
TIAM-Grantham 3.2,CSH,10.48212366833997,9.031658300000004,9.562233376510925,16.97653436790504,20.36421535221658,26.207520788480583,33.000731664828756,39.12188710302148,44.68422063772231,47.26468477833486,no-climate-assessment,no-climate-assessment
TIAM-Grantham 3.2,PCSH,10.48212366833997,9.96022515859708,9.91284971308733,16.97653436790504,20.36421535221658,26.207520788480583,33.000731664828756,39.12188710302148,44.68422063772231,47.26468477833486,no-climate-assessment,no-climate-assessment
TIAM-Grantham 3.2,R,11.10134148397745,9.739097500000003,10.44408337651093,16.97653436790504,20.36421535221658,26.207520788480583,33.000731664828756,39.12188710302148,44.68422063772231,47.26468477833486,no-climate-assessment,no-climate-assessment
TIAM-Grantham 3.2,SH,11.10134903814653,9.739097500000003,10.44408337651093,16.97653436790504,20.36421535221658,26.207520788480583,33.000731664828756,39.12188710302148,44.68422063772231,47.26468477833486,no-climate-assessment,no-climate-assessment
TIAM-UCL 4.1.1,SSP2_1_5D-50_CCC2020,9.240088884222208,10.39618932874113,19.6594370558334,30.5266185681368,43.74923916317477,51.42754802136943,50.32126050816822,47.90295683632158,44.06515649230681,45.67507062556307,failed-vetting,failed-vetting
TIAM-UCL 4.1.1,SSP2_1_75D-66,9.53919786703512,11.7185311334504,20.08714852211089,30.2509810633314,42.29749707676029,54.3713790203513,66.8273936230281,71.6991137618692,74.93640683343669,75.2978581943823,failed-vetting,failed-vetting
TIAM-UCL 4.1.1,SSP2_1_75D-66_CCC2020,9.240088884222208,10.39618932874113,16.53879168689998,24.50588571352701,35.85438011272474,42.6748414948217,45.37980159151201,44.0038829641757,40.93536006146946,41.65976893107078,failed-vetting,failed-vetting
TIAM-UCL 4.1.1,SSP2_2D-66,9.53919786703512,11.7185311334504,18.0612923952258,25.8610666126885,35.4830594019777,45.1956419253434,55.95400405390649,59.41708809026711,62.3570567594626,63.3307797754697,failed-vetting,failed-vetting
TIAM-UCL 4.1.1,SSP2_2D-66_CCC2020,9.240088884222208,10.39618932874113,13.54753761632188,18.22334947814102,26.71882741881392,30.01578327100969,33.77404357137998,34.7356593218258,35.10111372821843,36.77816565391488,failed-vetting,failed-vetting
TIAM-UCL 4.1.1,SSP2_BASE,9.53919786703512,11.7185311334504,13.2822774415331,16.9526656126007,25.2833914915122,33.29161118947439,45.95955339813111,51.5108327879141,54.4077238244904,56.20802354193261,failed-vetting,failed-vetting
TIAM-UCL 4.1.1,SSP2_BASE_CCC2020,9.240088884222208,10.39618932874113,10.69099825132928,13.1071054594907,19.29996962611325,24.49171485565263,37.02003597878483,42.5297335592231,46.43428564338151,49.18318166915248,failed-vetting,failed-vetting
TIAM-WORLD 1.0,20% abatement (FF&I),9.993268330837756,10.51908799694444,17.27958153188773,23.08446322254718,30.435470023224703,36.97028502015503,46.64451628891685,50.0299255412576,53.571032100540286,57.70961925882124,failed-vetting,failed-vetting
TIAM-WORLD 1.0,20% abatement (GHG),9.993268330837756,10.51908799694444,16.702210237050142,23.10562248889362,29.94970932880489,31.60528466885196,39.919230439203176,40.91862626448414,44.39467848550628,45.8941005541585,failed-vetting,failed-vetting
TIAM-WORLD 1.0,450 concentration,9.993268330837756,10.51908799694444,17.930107143401152,23.85307835796912,31.70604366359904,40.93177890610059,50.41792591804032,57.00379422126422,62.26684544842345,67.17534554820995,failed-vetting,failed-vetting
TIAM-WORLD 1.0,50% abatement (FF&I),9.993268330837756,10.51908799694444,18.011467690701668,23.1875346288261,30.52156116160566,37.6874217890166,46.56912700267017,52.6040725177951,57.73816589597205,64.54382065344389,failed-vetting,failed-vetting
TIAM-WORLD 1.0,50% abatement (GHG),9.993268330837756,10.51908799694444,17.979232840595543,23.15034238572868,30.62179124260405,38.10521347288768,47.17082223974497,52.559206363828245,57.987403820917415,65.32888613917245,failed-vetting,failed-vetting
TIAM-WORLD 1.0,550 concentration,9.993268330837756,10.51908799694444,14.99358352118342,21.17166884168525,30.009154561120003,37.6629822264635,47.987772625012994,54.3882382684816,60.42216506860272,67.72933044690366,failed-vetting,failed-vetting
TIAM-WORLD 1.0,650 concentration,9.993268330837756,10.51908799694444,10.02831103963786,17.00979639703532,22.54618023192237,25.42292806887259,40.77279052614638,51.49774379528042,58.61921362299811,66.84157304923231,failed-vetting,failed-vetting
TIAM-WORLD 1.0,Core baseline,9.993268330837756,10.51908799694444,10.02831103963786,11.51389698861398,13.73385602933227,16.05492485016759,18.96386729853949,21.58819015056043,24.260438472393,27.00570932435502,failed-vetting,failed-vetting
TIAM-WORLD 1.0,High CO2 price,9.993268330837756,10.51908799694444,17.40112619482098,23.037174196506506,30.80807831078568,39.13737447918533,48.78430740607877,56.19192263519238,61.624756171239866,67.28708462672799,failed-vetting,failed-vetting
TIAM-WORLD 1.0,Low CO2 price,9.993268330837756,10.51908799694444,10.83708285297354,19.51412867393168,25.74883818914566,27.134953435706898,32.89760487946641,40.86812302921902,49.00154548482587,65.26802503828154,failed-vetting,failed-vetting
TIAM-WORLD 1.0,Policy baseline,9.844867057745263,10.70368854465672,17.21915486518164,22.823971395044392,24.561804292955,26.09436185824504,28.47739421102312,32.0417343144588,35.89764464722386,39.17044232512162,failed-vetting,failed-vetting
WEM 2020,SDS,9.923,9.557,12.367,15.552,16.178,26.207520788480583,33.000731664828756,39.12188710302148,44.68422063772231,47.26468477833486,no-climate-assessment,no-climate-assessment
WEM 2021,NZE,9.922644140625,9.50583603515625,13.59784775390625,17.47681171875,19.7886234375,26.207520788480583,33.000731664828756,39.12188710302148,44.68422063772231,47.26468477833486,no-climate-assessment,no-climate-assessment
WITCH 4.6,DISCRATE_Ref_dr2p,9.144756807552,13.68077095778608,14.60640871922522,13.9083063362364,13.1213597811561,12.90347343599375,14.02905718316982,16.20215370150879,19.13221042207047,22.93007329453011,C8,C8: exceed warming of 4°C (>=50%)
WITCH 4.6,DISCRATE_Ref_dr3p,9.144756807552,12.92292797543535,14.26078521042586,13.82259882964485,13.36222705774789,13.26669638035861,14.43759482920297,16.49213188210057,19.59401002944409,23.55887220271622,C8,C8: exceed warming of 4°C (>=50%)
WITCH 4.6,DISCRATE_Ref_dr4p,9.144756807552,12.43215062988099,14.13588250103941,13.86339404744542,13.52060402806476,13.50236344261826,14.76390927934921,16.73718122612316,19.827247436438,23.98581709241686,C8,C8: exceed warming of 4°C (>=50%)
WITCH 4.6,DISCRATE_Ref_dr5p,9.144756807552,12.02439267374861,14.08544490422569,13.9886606892868,13.70321290255106,13.74123795122844,15.02313672618173,17.10789920867313,19.97564849097846,24.24298924596836,C8,C8: exceed warming of 4°C (>=50%)
WITCH 4.6,DISCRATE_cb1000_cdrall_dr2p,9.144756807552,16.42334720276659,19.75408913089817,16.37905024430766,13.54164965838123,13.15117225850407,14.04599651469523,16.549103642961,19.87387246791069,24.03663712110709,failed-vetting,failed-vetting
WITCH 4.6,DISCRATE_cb1000_cdrall_dr3p,9.144756807552,15.02300539737875,18.66671873401805,16.67698206996266,14.21393754294983,14.00606121549039,14.8532053614286,17.49551895634276,20.86599912310463,25.14452086744934,failed-vetting,failed-vetting
WITCH 4.6,DISCRATE_cb1000_cdrall_dr4p,9.144756807552,13.97005659015253,17.91926143201495,17.01915074176289,14.87358534036031,14.69743216445205,15.62514395606084,18.09065885126125,21.63599235173952,26.19420983493506,failed-vetting,failed-vetting
WITCH 4.6,DISCRATE_cb1000_cdrall_dr5p,9.144756807552,13.17505975048631,17.2202157625101,16.97745634354794,15.7991807827504,15.46019482102172,16.3878764318249,18.88742323474717,22.28948228075395,27.06263710815696,failed-vetting,failed-vetting
WITCH 4.6,DISCRATE_cb1000_cdrno_dr2p,9.144756807552,16.61616263037062,22.15498909715548,17.13512787685852,13.71675974569363,12.97760368316352,14.34792503510533,16.84119484384184,20.14006968331621,24.47300928625199,failed-vetting,failed-vetting
WITCH 4.6,DISCRATE_cb1000_cdrno_dr3p,9.144756807552,15.57962216270487,21.35247088327091,17.12371954445811,14.29287424949465,13.76537045766106,15.24805159557128,17.7930113914408,21.14455692886353,25.56823621699717,failed-vetting,failed-vetting
WITCH 4.6,DISCRATE_cb1000_cdrno_dr4p,9.144756807552,14.80822729551542,21.12866501755155,17.2051998264958,14.7512004806351,14.52493234130082,16.08221277945019,18.53554587097398,21.82589150676513,26.6063063565284,failed-vetting,failed-vetting
WITCH 4.6,DISCRATE_cb1000_cdrno_dr5p,9.144756807552,14.03730351191343,20.96779521442788,17.40568617519021,15.25075448193111,15.2402663249853,16.82763825024985,19.15721798996766,22.59077309825674,27.55213265433048,failed-vetting,failed-vetting
WITCH 4.6,DISCRATE_cb400_cdrall_dr2p,9.144756807552,16.65858945504762,20.95217556176816,16.61737735052786,13.53382238099417,12.91398045555213,14.21320341192683,16.68596441737116,19.91183872207202,24.14009297935777,failed-vetting,failed-vetting
WITCH 4.6,DISCRATE_cb400_cdrall_dr3p,9.144756807552,15.39076103945473,19.69503960768853,17.07295333061407,14.11687448750444,13.75876167662628,14.96952195767127,17.55627423673503,20.84901009920391,25.24720942520073,failed-vetting,failed-vetting
WITCH 4.6,DISCRATE_cb400_cdrall_dr4p,9.144756807552,14.44083734835547,19.0512058506538,17.41146903141699,14.66026600401785,14.55768645323644,15.75057383104024,18.32315547360193,21.692153051523,26.25335041331292,failed-vetting,failed-vetting
WITCH 4.6,DISCRATE_cb400_cdrall_dr5p,9.144756807552,13.52162503644603,18.2325202212622,17.82197652307588,15.4480649179401,15.39554484649547,16.48791973299772,18.97680175505351,22.3435673511201,27.17300788572655,failed-vetting,failed-vetting
WITCH 4.6,DISCRATE_cb400_cdrno_dr2p,9.144756807552,16.75593780181104,23.77215884513979,17.88028610763381,13.87563533263368,13.32870899450466,14.71110558646788,17.05824989255899,20.38684513716771,24.80051886513018,failed-vetting,failed-vetting
WITCH 4.6,DISCRATE_cb400_cdrno_dr3p,9.144756807552,15.59570990317613,23.69738808886092,17.88883673597179,14.37014748731984,14.06551098444676,15.59829778039168,17.87346311236553,21.29645654083319,25.81453802117996,failed-vetting,failed-vetting
WITCH 4.6,DISCRATE_cb400_cdrno_dr4p,9.144756807552,14.80910244200466,23.77428891583668,18.23909630761793,14.81226890546759,14.71447926692467,16.21621701008602,18.54320258025174,21.95792207576136,26.416419705883,failed-vetting,failed-vetting
WITCH 4.6,DISCRATE_cb400_cdrno_dr5p,9.144756807552,14.03794907566612,23.89020733326253,18.5841522869287,15.39904886621655,15.32465985321489,16.73081165537969,19.17589488402789,22.25558014750042,26.55798205547584,failed-vetting,failed-vetting
WITCH 4.6,DISCRATE_cb600_cdrall_dr2p,9.144756807552,16.59213079444893,20.73441167284928,16.59641622649345,13.53328052862583,12.92462514282753,14.16302343172333,16.64443257568626,19.93195508793734,24.02024463278775,failed-vetting,failed-vetting
WITCH 4.6,DISCRATE_cb600_cdrall_dr3p,9.144756807552,15.34738479284523,19.35140998161256,16.91541319898838,14.07785118649041,13.79984996262288,14.91798266615271,17.5029939967251,20.9009700862258,25.25576228812434,failed-vetting,failed-vetting
WITCH 4.6,DISCRATE_cb600_cdrall_dr4p,9.144756807552,14.24911138003914,18.61923806507198,17.25228192167666,14.70804442779354,14.60468733730396,15.76600528869465,18.2752179493137,21.63853087459842,26.20754677750242,failed-vetting,failed-vetting
WITCH 4.6,DISCRATE_cb600_cdrall_dr5p,9.144756807552,13.43895141997627,17.86413244766316,17.55480901385101,15.59177825202234,15.41377901009016,16.45144501840821,19.00892589789987,22.37884550737762,27.16085819043401,failed-vetting,failed-vetting
WITCH 4.6,DISCRATE_cb600_cdrno_dr2p,9.144756807552,16.69968552949137,23.19374333422554,17.48594143013869,13.8019890352794,13.12014448689054,14.60444696178866,17.04879043300856,20.29348882209328,24.63306683043641,failed-vetting,failed-vetting
WITCH 4.6,DISCRATE_cb600_cdrno_dr3p,9.144756807552,15.59502150515683,22.79524630795249,17.67383129880738,14.33838000082023,13.95479642921468,15.58041534071149,17.80617080384133,21.23275506452768,25.79435972324672,failed-vetting,failed-vetting
WITCH 4.6,DISCRATE_cb600_cdrno_dr4p,9.144756807552,14.80856408174043,22.53848209875505,17.89702207932185,14.9449543341351,14.73830677892783,16.19139630860992,18.54963595682091,22.10281112574395,26.69962746729968,failed-vetting,failed-vetting
WITCH 4.6,DISCRATE_cb600_cdrno_dr5p,9.144756807552,14.03754835523267,22.35771842588789,18.23139708255796,15.45547324107897,15.42861390405411,16.72378215594525,19.32943814023556,22.53441564243187,27.17616859341251,failed-vetting,failed-vetting
WITCH 5.0,CO_2Deg2020,9.428980685904,9.85479677750997,13.85162574384218,16.28568188897623,14.22998126070195,13.23367670596185,13.67630638925034,14.70464161849695,16.26470585517335,18.22817979885413,C3,C3: limit warming to 2°C (>67%)
WITCH 5.0,CO_2Deg2030,9.428980685904,9.85479677750997,12.64628401416782,15.82394306310256,14.78855607923866,13.73022418810924,13.9868198470252,14.89314828964485,16.3807831091499,18.67840018895102,C3,C3: limit warming to 2°C (>67%)
WITCH 5.0,CO_BAU,9.428980685904,9.241794915409145,12.53556281167419,14.30403852419135,13.03706850322061,12.76394237273372,13.2739467074836,14.22443856755046,15.65300983925053,17.77145846952551,C7,C7: limit warming to 4°C (>50%)
WITCH 5.0,CO_Bridge,9.428980685904,9.97484646857723,14.5313600614632,18.0046224232887,19.4609552290497,17.3160672177122,17.4994761843884,18.5818977288762,20.7612616823261,24.0397539701144,C3,C3: limit warming to 2°C (>67%)
WITCH 5.0,CO_CurPol,9.428980685904,9.85479677750997,12.68838249429869,14.17901753326816,13.12256996293012,12.83919390083356,13.30180408339876,14.23972364475691,15.537138125682,17.43363539470662,C7,C7: limit warming to 4°C (>50%)
WITCH 5.0,CO_GPP,9.428980685904,9.85479677750997,13.51584120888518,15.62842732270024,14.36310460847314,13.08068042415805,13.33117220890424,14.17805519441421,15.59314855040273,17.9836667930027,C5,C5: limit warming to 2.5°C (>50%)
WITCH 5.0,CO_NDC_2050convergence,9.428980685904,9.85479677750997,12.64628401416782,14.65772999969334,13.92551496678781,13.39713442424107,13.59486822507182,14.36696316140733,15.78772548684618,17.84764510571306,C5,C5: limit warming to 2.5°C (>50%)
WITCH 5.0,CO_NDCplus,9.428980685904,9.85479677750997,12.64628401416782,14.60743074507445,13.28497306878333,13.09684886448995,13.55923456076113,14.45677054610642,15.85121479452256,17.86103308585832,C6,C6: limit warming to 3°C (>50%)
WITCH 5.0,EN_INDCi2030_1000,9.428980685904,9.974856924955104,12.17101180184031,13.74766869355327,13.05993723206886,11.13444671718157,11.81285311613946,13.22793040897616,14.62716386909423,16.71481053898314,C3,C3: limit warming to 2°C (>67%)
WITCH 5.0,EN_INDCi2030_1000_NDCp,9.428980685904,9.974856951439229,12.63558670584702,13.3953304826754,12.69979334109017,11.20059581062937,11.87467792603565,13.26022980641641,14.58212776474508,16.6278461137529,C3,C3: limit warming to 2°C (>67%)
WITCH 5.0,EN_INDCi2030_1000f,9.428980685904,9.974856924955104,12.17101180184031,13.60611735665802,12.94304732820574,11.11137203982296,11.79637322182617,13.31601424891778,14.95737670776842,16.87103680299531,C3,C3: limit warming to 2°C (>67%)
WITCH 5.0,EN_INDCi2030_1000f_NDCp,9.428980685904,9.974856951439229,12.63558670584702,13.33968784312423,12.70117304698244,11.12643717114058,11.79280421031435,13.32580288891925,15.0093618143445,16.94945982164273,C3,C3: limit warming to 2°C (>67%)
WITCH 5.0,EN_INDCi2030_1200,9.428980685904,9.974856924955104,12.17101180184031,13.49739239038412,12.73921361726673,11.15854734225752,11.73106867001946,13.27275658571235,14.718412580434,16.60614519284375,C4,C4: limit warming to 2°C (>50%)
WITCH 5.0,EN_INDCi2030_1200_NDCp,9.428980685904,9.974856951439229,12.63558670584702,13.26571473709896,12.49666804489446,11.18708747751234,11.72260468133175,13.27161373739309,14.80335344006405,16.59944648735453,C4,C4: limit warming to 2°C (>50%)
WITCH 5.0,EN_INDCi2030_1200f,9.428980685904,9.974856924955104,12.17101180184031,13.45727275191981,12.77240133086192,11.06780454912084,11.70137854891421,13.27072301713303,14.82679168012716,17.03202764702973,C4,C4: limit warming to 2°C (>50%)
WITCH 5.0,EN_INDCi2030_1200f_NDCp,9.428980685904,9.974856951439229,12.63558670584702,13.29971370465156,12.59153301873106,11.0807059268844,11.68252848335644,13.24904332711674,14.83986474037289,16.99311127709032,C4,C4: limit warming to 2°C (>50%)
WITCH 5.0,EN_INDCi2030_1400,9.428980685904,9.974856924955104,12.17101180184031,13.35025382841835,12.52787636182032,11.14684498131131,11.64746935198016,13.19515119233149,14.81518648219687,16.78708894618179,C4,C4: limit warming to 2°C (>50%)
WITCH 5.0,EN_INDCi2030_1400_NDCp,9.428980685904,9.974856951439229,12.63558670584702,13.27064178785171,12.41184005619134,11.12243179370418,11.60018678240716,13.14208243395,14.77486214160217,16.71170337916533,C4,C4: limit warming to 2°C (>50%)
WITCH 5.0,EN_INDCi2030_1400f,9.428980685904,9.974856924955104,12.17101180184031,13.35311922767672,12.56868035664684,11.11868664890185,11.65028126476006,13.19280633515702,14.8822551400454,16.96772863060617,C4,C4: limit warming to 2°C (>50%)
WITCH 5.0,EN_INDCi2030_1400f_NDCp,9.428980685904,9.974856951439229,12.63558670584702,13.26237941317467,12.42031612499875,11.10669124107458,11.61606772970784,13.14219931376487,14.83317094153886,16.9183052285086,C4,C4: limit warming to 2°C (>50%)
WITCH 5.0,EN_INDCi2030_1600,9.428980685904,9.974856924955104,12.17101180184031,13.24880898412158,12.39457692423728,11.20419371090125,11.71383446476416,13.03203219269134,14.6658303395468,16.71199114154637,C5,C5: limit warming to 2.5°C (>50%)
WITCH 5.0,EN_INDCi2030_1600_NDCp,9.428980685904,9.974856951439229,12.63558670584702,13.15285868314848,12.25828638876066,11.20306936585718,11.69395398216343,13.00269986242997,14.62510077477812,16.67965077354648,C5,C5: limit warming to 2.5°C (>50%)
WITCH 5.0,EN_INDCi2030_1600f,9.428980685904,9.974856924955104,12.17101180184031,13.24623736380353,12.38603471360264,11.20295266334995,11.7237074192439,13.07684622980814,14.76689895008094,16.87874384471674,C5,C5: limit warming to 2.5°C (>50%)
WITCH 5.0,EN_INDCi2030_1600f_NDCp,9.428980685904,9.974856951439229,12.63558670584702,13.15937990241553,12.24440071298951,11.18235311722063,11.71045233579578,13.03614542081486,14.7252734680431,16.84676353677782,C5,C5: limit warming to 2.5°C (>50%)
WITCH 5.0,EN_INDCi2030_1800,9.428980685904,9.974856924955104,12.17101180184031,13.19812928243599,12.29708585282534,11.20984942623398,11.74409398651952,12.98415343512054,14.65589676221352,16.81137927325772,C5,C5: limit warming to 2.5°C (>50%)
WITCH 5.0,EN_INDCi2030_1800_NDCp,9.428980685904,9.974856951439229,12.63558670584702,13.10854656404739,12.19507673535271,11.17043085617393,11.71583063295523,12.95733911418315,14.6466626755989,16.79878068739957,C5,C5: limit warming to 2.5°C (>50%)
WITCH 5.0,EN_INDCi2030_1800f,9.428980685904,9.974856924955104,12.17101180184031,13.19812928243599,12.29708585282534,11.20984942623398,11.74409398651952,12.98415343512054,14.65589676221352,16.81137927325772,C5,C5: limit warming to 2.5°C (>50%)
WITCH 5.0,EN_INDCi2030_1800f_NDCp,9.428980685904,9.974856951439229,12.63558670584702,13.10854656404739,12.19507673535271,11.17043085617393,11.71583063295523,12.95733911418315,14.6466626755989,16.79878068739957,C5,C5: limit warming to 2.5°C (>50%)
WITCH 5.0,EN_INDCi2030_2000,9.428980685904,9.974856924955104,12.17101180184031,13.11778960831798,12.14145356776713,11.21449392815024,11.70172389850558,12.98164087644676,14.61150619007294,16.75477469525946,C5,C5: limit warming to 2.5°C (>50%)
WITCH 5.0,EN_INDCi2030_2000_NDCp,9.428980685904,9.974856951439229,12.63558670584702,13.0207479559933,12.03170346019215,11.16051128848345,11.66460018452509,12.95605289758764,14.58662576193046,16.738044002448,C5,C5: limit warming to 2.5°C (>50%)
WITCH 5.0,EN_INDCi2030_2000f,9.428980685904,9.974856924955104,12.17101180184031,13.11778960831798,12.14145356776713,11.21449392815024,11.70172389850558,12.98164087644676,14.61150619007294,16.75477469525946,C5,C5: limit warming to 2.5°C (>50%)
WITCH 5.0,EN_INDCi2030_2000f_NDCp,9.428980685904,9.974856951439229,12.63558670584702,13.0207479559933,12.03170346019215,11.16051128848345,11.66460018452509,12.95605289758764,14.58662576193046,16.738044002448,C5,C5: limit warming to 2.5°C (>50%)
WITCH 5.0,EN_INDCi2030_2500,9.428980685904,9.974856924955104,12.17101180184031,12.94348837264063,11.90655702052339,11.14097569474137,11.65158115498167,12.9691412030271,14.43523233934091,16.52527138966681,C5,C5: limit warming to 2.5°C (>50%)
WITCH 5.0,EN_INDCi2030_2500_NDCp,9.428980685904,9.974856951439229,12.63558670584702,12.85664892252203,11.79869472813676,11.08305015959073,11.63323408400514,12.94504158140847,14.41939114990797,16.51331213574098,C5,C5: limit warming to 2.5°C (>50%)
WITCH 5.0,EN_INDCi2030_2500f,9.428980685904,9.974856924955104,12.17101180184031,12.94348837264063,11.90655702052339,11.14097569474137,11.65158115498167,12.9691412030271,14.43523233934091,16.52527138966681,C5,C5: limit warming to 2.5°C (>50%)
WITCH 5.0,EN_INDCi2030_2500f_NDCp,9.428980685904,9.974856951439229,12.63558670584702,12.85664892252203,11.79869472813676,11.08305015959073,11.63323408400514,12.94504158140847,14.41939114990797,16.51331213574098,C5,C5: limit warming to 2.5°C (>50%)
WITCH 5.0,EN_INDCi2030_3000,9.428980685904,9.974856924955104,12.17101180184031,12.89903432447187,11.63750121460576,10.8536333007741,11.62522720944946,12.87018344919763,14.35780336098166,16.38572699171407,C6,C6: limit warming to 3°C (>50%)
WITCH 5.0,EN_INDCi2030_3000_NDCp,9.428980685904,9.974856951439229,12.63558670584702,12.81465641091506,11.53294160713469,10.7868345814804,11.59282135641608,12.84902104591628,14.34148581483665,16.36495460655878,C6,C6: limit warming to 3°C (>50%)
WITCH 5.0,EN_INDCi2030_3000f,9.428980685904,9.974856924955104,12.17101180184031,12.89903432447187,11.63750121460576,10.8536333007741,11.62522720944946,12.87018344919763,14.35780336098166,16.38572699171407,C6,C6: limit warming to 3°C (>50%)
WITCH 5.0,EN_INDCi2030_3000f_NDCp,9.428980685904,9.974856951439229,12.63558670584702,12.81465641091506,11.53294160713469,10.7868345814804,11.59282135641608,12.84902104591628,14.34148581483665,16.36495460655878,C6,C6: limit warming to 3°C (>50%)
WITCH 5.0,EN_INDCi2030_500f,9.428980685904,9.974856924955104,12.17101180184031,14.35743372343645,13.62767886879969,11.54567273804305,11.69354457352493,13.25893367303897,15.04315514290904,17.26745940402828,C2,C2: return warming to 1.5°C (>50%) after a high overshoot
WITCH 5.0,EN_INDCi2030_600f,9.428980685904,9.974856924955104,12.17101180184031,14.1793430904406,13.48825452346546,11.47162953982082,11.73501662855147,13.2205211655925,14.97405106948515,17.1563610179394,C3,C3: limit warming to 2°C (>67%)
WITCH 5.0,EN_INDCi2030_600f_NDCp,9.428980685904,9.974856951439229,12.63558670584702,13.70433967882776,13.10778467304794,11.3758047117843,11.85945365556807,13.28991895314593,14.95665832970585,17.12924858979802,C3,C3: limit warming to 2°C (>67%)
WITCH 5.0,EN_INDCi2030_700f,9.428980685904,9.974856924955104,12.17101180184031,13.94012337758278,13.30751344537386,11.33373955712494,11.78664240164946,13.20719670827853,14.86614614260446,17.07912711899058,C3,C3: limit warming to 2°C (>67%)
WITCH 5.0,EN_INDCi2030_700f_NDCp,9.428980685904,9.974856951439229,12.63558670584702,13.56276578976122,12.97670004163967,11.275171005312,11.89335406474351,13.2586135527949,14.85161571456345,17.0036254377193,C3,C3: limit warming to 2°C (>67%)
WITCH 5.0,EN_INDCi2030_800,9.428980685904,9.974856924955104,12.17101180184031,14.31250419061406,13.6520995331488,11.47145234275722,11.51167100627868,12.89712849726016,14.41972722011999,16.42738897358432,C3,C3: limit warming to 2°C (>67%)
WITCH 5.0,EN_INDCi2030_800_NDCp,9.428980685904,9.974856951439229,12.63558670584702,13.80015428793636,13.25575120325317,11.45702004674038,11.65682073195571,12.99355939867118,14.45451800234309,16.52978098349858,C3,C3: limit warming to 2°C (>67%)
WITCH 5.0,EN_INDCi2030_800f,9.428980685904,9.974856924955104,12.17101180184031,13.83254811293344,13.14469215800916,11.23540125660914,11.79951867058627,13.2998626534259,14.79065394516596,16.9639275434638,C3,C3: limit warming to 2°C (>67%)
WITCH 5.0,EN_INDCi2030_800f_NDCp,9.428980685904,9.974856951439229,12.63558670584702,13.44357376282542,12.81634406645917,11.16635327508292,11.88808137869859,13.35725988489454,14.80870311958582,16.96278632162321,C3,C3: limit warming to 2°C (>67%)
WITCH 5.0,EN_INDCi2030_900,9.428980685904,9.974856924955104,12.17101180184031,13.95371748127629,13.29436973488594,11.34276732993759,11.75990412220599,13.05900833914066,14.51275263502517,16.51995712137031,C3,C3: limit warming to 2°C (>67%)
WITCH 5.0,EN_INDCi2030_900_NDCp,9.428980685904,9.974856951439229,12.63558670584702,13.56969256047,12.95767804209062,11.25545843720329,11.84406753398621,13.11969366549908,14.59704016156839,16.69151504818824,C3,C3: limit warming to 2°C (>67%)
WITCH 5.0,EN_INDCi2030_900f,9.428980685904,9.974856924955104,12.17101180184031,13.71604657765698,13.01969068161868,11.12690100102626,11.8258610779509,13.31546323249558,14.76631215226408,16.94528261396628,C3,C3: limit warming to 2°C (>67%)
WITCH 5.0,EN_INDCi2030_900f_NDCp,9.428980685904,9.974856951439229,12.63558670584702,13.39403119555053,12.76047887142907,11.11615853704719,11.87389872742138,13.36812145216936,14.88312180599768,16.88202757940003,C3,C3: limit warming to 2°C (>67%)
WITCH 5.0,EN_INDCi2100,9.428980685904,9.974856924955104,12.17101180184031,12.73542054440359,11.49852125164109,11.70929898986449,12.44884799922831,13.35002936518408,14.6425924468545,16.46961168013259,C6,C6: limit warming to 3°C (>50%)
WITCH 5.0,EN_INDCi2100_NDCp,9.428980685904,9.974856951439229,12.63558670584702,12.90549841277233,11.67614624234937,11.05464759937324,11.7327185412192,12.9415400052156,14.40725887463715,16.3674916786672,C6,C6: limit warming to 3°C (>50%)
WITCH 5.0,EN_NPi2020_1000,9.428980685904,9.974856293218409,13.09989158512306,14.53517893079195,12.64019923292346,10.61031887669505,11.45154171219667,13.04507833939172,14.61415213129423,16.49593232460396,C3,C3: limit warming to 2°C (>67%)
WITCH 5.0,EN_NPi2020_1000f,9.428980685904,9.974856293218409,13.08324685894071,14.42434732643887,12.48858284484188,10.58786932187046,11.42412984403374,13.10156643001072,14.71123364424509,16.92977640944042,C3,C3: limit warming to 2°C (>67%)
WITCH 5.0,EN_NPi2020_1200,9.428980685904,9.974856293218409,13.04095611345111,14.49146078666211,12.60901891627288,10.57780063863328,11.34179589341566,12.97222237956214,14.66577659089616,16.5078878985633,C4,C4: limit warming to 2°C (>50%)
WITCH 5.0,EN_NPi2020_1200f,9.428980685904,9.974856293218409,13.03289549471318,14.46818709417835,12.50970494924289,10.564575259331,11.36236462361844,13.00093007435283,14.7544925890801,16.85763924694122,C4,C4: limit warming to 2°C (>50%)
WITCH 5.0,EN_NPi2020_1400,9.428980685904,9.974856293218409,12.99515377392086,14.41259697362034,12.57359867052031,10.61024865906392,11.38952993634481,12.84024490869938,14.54070081555224,16.53730936117556,C4,C4: limit warming to 2°C (>50%)
WITCH 5.0,EN_NPi2020_1400f,9.428980685904,9.974856293218409,12.99158574203533,14.39210455980616,12.53967947458284,10.59950706203723,11.35819843332689,12.86364870440408,14.6329090428075,16.70229928729759,C4,C4: limit warming to 2°C (>50%)
WITCH 5.0,EN_NPi2020_1600,9.428980685904,9.974856293218409,12.94600291606116,14.26407268612461,12.49421976156069,10.64272545039568,11.37999768566871,12.75670804706133,14.42775429166362,16.52669575876353,C4,C4: limit warming to 2°C (>50%)
WITCH 5.0,EN_NPi2020_1600f,9.428980685904,9.974856293218409,12.94127305713518,14.25538293462574,12.48101474925789,10.63534221679211,11.41746697074772,12.79493666718928,14.53474187076075,16.72544765025917,C4,C4: limit warming to 2°C (>50%)
WITCH 5.0,EN_NPi2020_1800,9.428980685904,9.974856293218409,12.90676638629369,14.04503696404122,12.37148480180905,10.6845100786516,11.42880989291558,12.79197333063271,14.50828923730423,16.70634904782708,C5,C5: limit warming to 2.5°C (>50%)
WITCH 5.0,EN_NPi2020_1800f,9.428980685904,9.974856293218409,12.90676638629369,14.04503696404122,12.37148480180905,10.6845100786516,11.42880989291558,12.79197333063271,14.50828923730423,16.70634904782708,C5,C5: limit warming to 2.5°C (>50%)
WITCH 5.0,EN_NPi2020_2000,9.428980685904,9.974856293218409,12.86318534824276,13.79561811033081,12.1905215645136,10.80493640629565,11.46194756509068,12.80941667413121,14.48480504927547,16.63153233738741,C5,C5: limit warming to 2.5°C (>50%)
WITCH 5.0,EN_NPi2020_2000f,9.428980685904,9.974856293218409,12.86318534824276,13.79561811033081,12.1905215645136,10.80493640629565,11.46194756509068,12.80941667413121,14.48480504927547,16.63153233738741,C5,C5: limit warming to 2.5°C (>50%)
WITCH 5.0,EN_NPi2020_2500,9.428980685904,9.974856293218409,12.65897679741579,13.42597026532425,11.88050335945307,10.8917639477236,11.52305299800494,12.85496263744997,14.37105583363972,16.46290338656852,C5,C5: limit warming to 2.5°C (>50%)
WITCH 5.0,EN_NPi2020_2500f,9.428980685904,9.974856293218409,12.65897679741579,13.42597026532425,11.88050335945307,10.8917639477236,11.52305299800494,12.85496263744997,14.37105583363972,16.46290338656852,C5,C5: limit warming to 2.5°C (>50%)
WITCH 5.0,EN_NPi2020_3000,9.428980685904,9.974856293218409,12.51423122393912,13.24438184876386,11.54098605941432,10.76271333714403,11.58550824896351,12.83293642285679,14.33068511074568,16.36805051738268,C6,C6: limit warming to 3°C (>50%)
WITCH 5.0,EN_NPi2020_3000f,9.428980685904,9.974856293218409,12.51423122393912,13.24438184876386,11.54098605941432,10.76271333714403,11.58550824896351,12.83293642285679,14.33068511074568,16.36805051738268,C6,C6: limit warming to 3°C (>50%)
WITCH 5.0,EN_NPi2020_400f,9.428980685904,9.974856293218409,13.184284338923,14.6993832400183,12.76656861110799,10.86468079956686,11.61155702598997,13.16262697287346,14.8302719614256,17.01738020421375,C1,C1: limit warming to 1.5°C (>50%) with no or limited overshoot
WITCH 5.0,EN_NPi2020_450,9.428980685904,9.974856293218409,13.37836453378279,15.37895099117589,13.03836634233654,10.73673732116079,11.26832021614766,12.70586013633876,14.39195896392454,16.52822237478173,C1,C1: limit warming to 1.5°C (>50%) with no or limited overshoot
WITCH 5.0,EN_NPi2020_450f,9.428980685904,9.974856293218409,13.1805832033865,14.62680449198375,12.69814170208924,10.82765643157185,11.63575458937939,13.13919931565862,14.77419926943191,16.98865240417503,C1,C1: limit warming to 1.5°C (>50%) with no or limited overshoot
WITCH 5.0,EN_NPi2020_500,9.428980685904,9.974856293218409,13.2260530178431,15.18319557002916,13.11368348800854,10.76748457769322,11.37069395922939,12.79636542021229,14.38914327057861,16.54454002303618,C1,C1: limit warming to 1.5°C (>50%) with no or limited overshoot
WITCH 5.0,EN_NPi2020_500f,9.428980685904,9.974856293218409,13.17809941457051,14.58053240618715,12.65750215000402,10.78941270753453,11.62550601619906,13.14594864657444,14.7576899036069,16.96424864943818,C1,C1: limit warming to 1.5°C (>50%) with no or limited overshoot
WITCH 5.0,EN_NPi2020_600,9.428980685904,9.974856293218409,13.19772227440819,14.8268406605018,12.88012297284999,10.8214383021484,11.46547559084147,12.88319812663771,14.49224925743448,16.59232653416054,C3,C3: limit warming to 2°C (>67%)
WITCH 5.0,EN_NPi2020_600f,9.428980685904,9.974856293218409,13.17202210027106,14.46600260739599,12.56493552591691,10.66726838572184,11.62115771182591,13.19423921158978,14.75172674560425,16.90971895272358,C3,C3: limit warming to 2°C (>67%)
WITCH 5.0,EN_NPi2020_700,9.428980685904,9.974856293218409,13.17960751755194,14.65749483990905,12.71467627678615,10.75262061556594,11.52704523233439,12.95633646156791,14.4847597852954,16.52357702762474,C3,C3: limit warming to 2°C (>67%)
WITCH 5.0,EN_NPi2020_700f,9.428980685904,9.974856293218409,13.16183393574901,14.40967729001381,12.53154829965419,10.66180825143021,11.61462961473302,13.20061832742809,14.79149484572001,16.8206510029286,C3,C3: limit warming to 2°C (>67%)
WITCH 5.0,EN_NPi2020_800,9.428980685904,9.974856883455892,13.19064426511802,14.52435075764461,12.43015396581534,10.85189577660541,11.77688828042211,13.0067949871503,14.28362917761243,16.19745371251472,C3,C3: limit warming to 2°C (>67%)
WITCH 5.0,EN_NPi2020_800f,9.428980685904,9.974856293218409,13.14285248575648,14.39015336460593,12.5232317582174,10.64177764695646,11.55007968754696,13.15263219889317,14.88522228456373,16.81507900776251,C3,C3: limit warming to 2°C (>67%)
WITCH 5.0,EN_NPi2020_900,9.428980685904,9.974856883455892,13.17129869052258,14.45956399082062,12.39027371665322,10.81906096081398,11.72101680090558,13.12621671469837,14.29485330460072,16.22246157578778,C3,C3: limit warming to 2°C (>67%)
WITCH 5.0,EN_NPi2020_900f,9.428980685904,9.974856293218409,13.10289379330337,14.421279044678,12.50571803820884,10.60569826604683,11.48524635650754,13.14167701246335,14.83418008775025,16.92125667994382,C3,C3: limit warming to 2°C (>67%)
WITCH 5.0,EN_NPi2100,9.428980685904,9.974856293218409,12.12449924088703,12.78839914690963,11.21071474980033,10.79374056414049,11.54498590905537,12.82163739262844,14.27849207772767,16.23936928183511,C7,C7: limit warming to 4°C (>50%)
WITCH 5.0,EN_NoPolicy,9.428980685904,9.314495397394523,11.65669284445028,12.44571852260214,10.70261152636507,10.47154677408426,11.19566820069838,12.64140871740364,14.37591512414101,16.4851967539632,C7,C7: limit warming to 4°C (>50%)
WITCH-GLOBIOM 3.1,SSP1-19,12.0722455991232,18.2833787751072,30.5517223440397,29.1236966585069,25.7643599456429,23.0717574877349,22.5604391701905,21.460792961328,20.2667920157986,18.9880776580776,C1,C1: limit warming to 1.5°C (>50%) with no or limited overshoot
WITCH-GLOBIOM 3.1,SSP1-26,12.0722455991232,16.8377899722219,19.9830234448152,20.9629712742421,21.9367530007161,22.6304913729542,22.9081683465697,22.0051901416509,20.9481131053226,18.8649593226388,failed-vetting,failed-vetting
WITCH-GLOBIOM 3.1,SSP1-34,12.0722455991232,15.7008277478146,18.19465717567,19.3473282339236,21.32443415308411,20.6777995203378,20.420492441542,19.4379399144825,19.0446324332925,17.5298406182928,failed-vetting,failed-vetting
WITCH-GLOBIOM 3.1,SSP1-45,12.0722455991232,15.4490501111858,15.9855620570991,17.6967047883184,19.4874172103502,19.7497153804738,19.3865331611449,18.5513044414769,17.8367958076908,16.50736628082,failed-vetting,failed-vetting
WITCH-GLOBIOM 3.1,SSP1-Baseline,12.0722455991232,15.088374836326,17.2040908808147,18.9465950657246,20.0433664050541,19.9423956901272,19.3138761615747,18.3567768101778,17.5181286997733,16.2360463236248,C7,C7: limit warming to 4°C (>50%)
WITCH-GLOBIOM 3.1,SSP2-26,12.0722455991232,18.9079802023167,28.4313837320962,31.2718242681849,34.1776794270279,36.5995806109666,39.0481068664178,40.7985370019181,43.6298423959085,45.5305991419839,failed-vetting,failed-vetting
WITCH-GLOBIOM 3.1,SSP2-34,12.0722455991232,17.4578525034253,26.7409460302916,29.5747778504174,32.9135796138255,35.0052230150836,37.3857894830905,39.7198537758655,43.256194883995,46.6404872664713,failed-vetting,failed-vetting
WITCH-GLOBIOM 3.1,SSP2-45,12.0722455991232,17.1373877874562,23.64967225280669,27.7277204037674,31.9180491088794,34.1709340618165,36.3541024700373,38.4818826467868,41.9811110158539,45.30467888197151,failed-vetting,failed-vetting
WITCH-GLOBIOM 3.1,SSP2-60,12.0722455991232,17.0889527794082,21.3254358888075,24.7121555882891,29.145450355709,32.3910640664769,35.86173487634071,37.9530437699941,41.2480959932153,44.27779657729239,failed-vetting,failed-vetting
WITCH-GLOBIOM 3.1,SSP2-Baseline,12.0722455991232,16.3238386079942,20.7805372671004,24.289651594962,27.1347797169872,29.5378936415105,32.3518965644254,34.6893194550859,38.3005717360372,42.2152002179759,C8,C8: exceed warming of 4°C (>=50%)
WITCH-GLOBIOM 3.1,SSP3-34,12.0722455991232,17.7393735576177,29.2009039526326,32.6647931359271,33.72386959964,33.5836505146529,34.5169474186328,35.5091563366,37.4337977396081,38.3734770652011,failed-vetting,failed-vetting
WITCH-GLOBIOM 3.1,SSP3-45,12.0722455991232,16.3682894884012,24.70437243908911,28.6268717536536,31.5809425104252,32.2496653611255,33.3216680978488,34.3455571905592,37.1429292165901,38.4415545875691,failed-vetting,failed-vetting
WITCH-GLOBIOM 3.1,SSP3-60,12.0722455991232,16.2195184418608,21.3839571095121,24.0495735815903,27.5943598482991,29.8811626111196,31.5442123041928,33.288311022076,35.55180960348729,37.5997084066103,failed-vetting,failed-vetting
WITCH-GLOBIOM 3.1,SSP3-Baseline,12.0722455991232,15.6210406311816,20.5179690230802,23.0466779233545,24.6910750261735,25.7359690176985,27.0130961841569,28.3420857328854,30.8203558036113,32.7736815588833,C8,C8: exceed warming of 4°C (>=50%)
WITCH-GLOBIOM 3.1,SSP4-19,12.0722455991232,18.2648759592472,34.4670491927779,33.8685422776802,30.4476756000204,27.9677273549495,29.3675722051024,30.2810594543002,31.9577749535715,33.61592611208781,C1,C1: limit warming to 1.5°C (>50%) with no or limited overshoot
WITCH-GLOBIOM 3.1,SSP4-26,12.0722455991232,16.4212859825971,22.0516614733654,23.8559371757596,25.7881703883741,27.6161760932147,29.7289734207075,31.1425817609348,33.3251733075395,34.1591511928266,failed-vetting,failed-vetting
WITCH-GLOBIOM 3.1,SSP4-34,12.0722455991232,15.5354322476516,19.8560520400925,22.2336414749109,25.3568844917549,26.2280056359045,27.939821507014,29.0773058751088,31.35873662881031,32.8831896689056,failed-vetting,failed-vetting
WITCH-GLOBIOM 3.1,SSP4-45,12.0722455991232,15.3706408969708,17.5966211861226,20.662817821146,23.6844705273214,25.4184050920673,27.1331799949031,28.18737802378,29.9976883092696,31.2968596475489,failed-vetting,failed-vetting
WITCH-GLOBIOM 3.1,SSP4-60,12.0722455991232,15.3344412666891,16.6428699951824,19.3243785203464,21.1483528083827,22.9287043752912,24.7253261582213,25.8771915118104,27.5337827702378,28.6952998566822,failed-vetting,failed-vetting
WITCH-GLOBIOM 3.1,SSP4-Baseline,12.0722455991232,15.1938219017179,18.711453080396,21.8139693216715,23.9798620825283,25.8383951304354,27.4697881099067,28.1386942729139,29.9303744419584,30.85945521247769,C7,C7: limit warming to 4°C (>50%)
WITCH-GLOBIOM 3.1,SSP5-34,12.0722455991232,17.2429244234643,26.7371855920507,33.1931474435029,39.9611575539783,44.5869069692735,48.3549752843095,51.5859687364045,55.71416521099651,58.08105370191171,failed-vetting,failed-vetting
WITCH-GLOBIOM 3.1,SSP5-45,12.0722455991232,15.7554397543505,24.4604678976698,30.4552778403706,37.1264923278269,40.8436056752938,44.2044357762667,47.4744921178586,52.6468338736524,56.8353186526947,failed-vetting,failed-vetting
WITCH-GLOBIOM 3.1,SSP5-60,12.0722455991232,15.432205792539,20.9109575067179,28.368476748508,34.8866750327271,38.9666849521729,42.6744764249154,45.9737657287864,50.46759369705889,54.76696810750889,failed-vetting,failed-vetting
WITCH-GLOBIOM 3.1,SSP5-Baseline,12.0722455991232,14.6487161022591,18.9085083759111,24.4233125960525,29.6720151428322,33.958175433823,38.6372525289464,42.3804347964319,47.8012699996203,52.6713213791475,C8,C8: exceed warming of 4°C (>=50%)
WITCH-GLOBIOM 4.2,ADVANCE_2020_1.5C-2100,11.8139584018989,18.5465246184856,36.8030530407206,35.4712088851317,33.4237068898747,34.1679798956877,36.6720246684857,39.27635188136721,41.2497958769456,43.2762340950634,failed-vetting,failed-vetting
WITCH-GLOBIOM 4.2,ADVANCE_2020_Med2C,11.8139584018989,18.5465246184856,27.1289950752787,30.0115345353332,31.8246641946595,33.9393223996823,35.5597748285532,38.9630252240419,41.4688813040599,43.59089273801251,failed-vetting,failed-vetting
WITCH-GLOBIOM 4.2,ADVANCE_2020_WB2C,11.8139584018989,18.5465246184856,29.1380906823714,31.5869578931348,32.6071839709776,34.3029065849421,36.67774424431229,39.36103317509939,41.6343917343635,43.83970496387671,failed-vetting,failed-vetting
WITCH-GLOBIOM 4.2,ADVANCE_2030_Med2C,11.8139584018989,18.5465246184856,23.6428116516112,31.6676410142021,33.50259273643481,34.6889340562395,36.2981519708972,39.1683604318079,41.7697566137382,43.91505530107021,failed-vetting,failed-vetting
WITCH-GLOBIOM 4.2,ADVANCE_2030_Price1.5C,11.8139584018989,18.5465246184856,23.6428116516112,37.7701322338259,38.6682752605009,36.2061026691154,36.64830628171151,39.5278333104685,41.6660852840282,43.4899389231674,failed-vetting,failed-vetting
WITCH-GLOBIOM 4.2,ADVANCE_2030_WB2C,11.8139584018989,18.5465246184856,23.6428116516112,36.6892464442781,37.9842303948863,35.852768623127,36.9277707881378,39.5578333087442,41.7075004472593,43.61146051932749,failed-vetting,failed-vetting
WITCH-GLOBIOM 4.2,ADVANCE_INDC,11.8139584018989,18.5465246184856,23.6428116516112,26.8614051878078,29.6230347798927,31.2747260204797,33.03316550873051,36.32110442341421,38.8818562590506,41.5061564640577,failed-vetting,failed-vetting
WITCH-GLOBIOM 4.2,ADVANCE_NoPolicy,11.8139584018989,15.4318024917813,19.7512266151215,23.2172937476561,26.4725396746174,29.3432998969616,32.0335918330185,34.9559600203196,38.1282154589676,41.0561747425932,C8,C8: exceed warming of 4°C (>=50%)
WITCH-GLOBIOM 4.2,ADVANCE_Reference,11.8139584018989,18.5748185929489,20.8796459666193,24.8446403794095,28.3069829328773,31.8224352052796,34.34391175291569,37.1489740095271,40.1647059665282,42.9470294215778,failed-vetting,failed-vetting
WITCH-GLOBIOM 4.2,EMF30_BCOC-EndU,11.9191231581203,15.5044796677066,19.8833072758532,23.3537231622534,26.6158959685364,29.4543170673032,32.1517436879784,34.9926502856128,38.2305943653669,41.07069874807871,C8,C8: exceed warming of 4°C (>=50%)
WITCH-GLOBIOM 4.2,EMF30_Baseline,11.9191231581203,15.5020663791654,19.8811270487966,23.3554286929165,26.6219394548598,29.4624919885635,32.1636941247605,35.015763605695,38.257187677114,41.111467006056,C8,C8: exceed warming of 4°C (>=50%)
WITCH-GLOBIOM 4.2,EMF30_CH4-Only,11.9191231581203,15.5175893520562,19.9353896117957,23.3762795593341,26.6221570277492,29.4543264913843,32.145742413465,35.0043361772498,38.1956299157923,41.0603244302216,C7,C7: limit warming to 4°C (>50%)
WITCH-GLOBIOM 4.2,EMF30_ClimPolicy,11.9191231581203,22.252633927519,29.9049606743073,31.5662451651129,32.4741400147473,34.2752479387446,36.8795874797533,39.5563239166088,41.7548038604345,43.83604206139049,failed-vetting,failed-vetting
WITCH-GLOBIOM 4.2,EMF30_ClimPolicy+SLCF,11.9191231581203,22.2606663769876,30.0461215707025,31.4173193366262,32.424582041792,34.2747341444905,36.8438343643244,39.539016457853,41.7426857161892,43.8423484803814,failed-vetting,failed-vetting
WITCH-GLOBIOM 4.2,EMF30_D_BCOC-Red,11.9191231581203,15.5021649360532,19.8812676760907,23.3555076848559,26.6216541532322,29.4638601143073,32.1655342001732,35.0161980264224,38.2561272544515,41.1101707154157,C8,C8: exceed warming of 4°C (>=50%)
WITCH-GLOBIOM 4.2,EMF30_D_CH4-ClimPolicy,11.9191231581203,15.5090580688676,19.9031118762451,23.3854720873124,26.6484664642344,29.4698073575653,32.1690748446717,34.9829018392577,38.12373111242211,40.9838954831869,failed-vetting,failed-vetting
WITCH-GLOBIOM 4.2,EMF30_D_CO2-Only,11.9191231581203,22.5875236251258,29.6939852865292,31.6720481687931,32.4928093988598,34.17556977499881,36.87050470911529,39.55591605716121,41.7110116347765,43.8000886996368,failed-vetting,failed-vetting
WITCH-GLOBIOM 4.2,EMF30_D_Frozen-CH4,11.9191231581203,15.5021646750828,19.8812641522383,23.35550417977331,26.6216682979762,29.4638842039356,32.1655204034286,35.0161791037365,38.2561594323189,41.1102272520694,C8,C8: exceed warming of 4°C (>=50%)
WITCH-GLOBIOM 4.2,EMF30_D_Frozen-EF,11.9191231581203,15.5021646750828,19.8812641522383,23.35550417977331,26.6216682979762,29.4638842039356,32.1655204034286,35.0161791037365,38.2561594323189,41.1102272520694,C7,C7: limit warming to 4°C (>50%)
WITCH-GLOBIOM 4.2,EMF30_D_Frozen-EF-EndU,11.9191231581203,15.5021649360532,19.8812676760907,23.3555076848559,26.6216541532322,29.4638601143073,32.1655342001732,35.0161980264224,38.2561272544515,41.1101707154157,C8,C8: exceed warming of 4°C (>=50%)
WITCH-GLOBIOM 4.2,EMF30_D_Frozen-EF-SLCF,11.9191231581203,15.5021649360532,19.8812676760907,23.3555076848559,26.6216541532322,29.4638601143073,32.1655342001732,35.0161980264224,38.2561272544515,41.1101707154157,C8,C8: exceed warming of 4°C (>=50%)
WITCH-GLOBIOM 4.2,EMF30_SLCF,11.9191231581203,15.5200812588953,19.93725001528,23.3745115007096,26.6173872850387,29.4474298625651,32.1377647552912,34.9929939338234,38.1862290685262,41.04066959488829,C7,C7: limit warming to 4°C (>50%)
WITCH-GLOBIOM 4.2,EMF30_Slower-Action,11.4813205791072,17.1053063638572,24.0332243719998,27.2753396805249,29.914794281423,31.4862983613362,32.6095078605498,32.6321499940728,32.3592571260392,33.2989472323759,failed-vetting,failed-vetting
WITCH-GLOBIOM 4.2,EMF30_Slower-Action+SLCF,11.4813205791072,16.8257780008193,23.9673682260631,27.206822222651,30.0048010614889,31.3921368745449,32.5701588821326,32.6147088793988,32.3766169676038,33.3359162004481,failed-vetting,failed-vetting
WITCH-GLOBIOM 4.2,EMF30_Slower-to-faster,11.4813205791072,17.1053063638572,24.0332243719998,27.9394743946401,28.8871721624016,30.699597228623,32.6322002639266,33.85128947869961,35.52899497291271,38.1141256045426,failed-vetting,failed-vetting
WITCH-GLOBIOM 4.2,EMF30_Slower-to-faster+SLCF,11.4813205791072,16.8257780008193,23.9673682260631,27.8848130781744,28.9066257007165,30.7196963049224,32.5901413559901,33.8428038670489,35.5130047344341,38.0218298720927,failed-vetting,failed-vetting
WITCH-GLOBIOM 4.2,EMF30_Slower-to-faster+SLCF+HFC,11.4813205791072,16.8257780008193,23.9673682260631,27.8852855456927,28.911249818483,30.7252515230988,32.6395963351805,33.8295455619628,35.5028670254787,38.1026203745702,failed-vetting,failed-vetting
WITCH-GLOBIOM 4.4,CD-LINKS_INDC2030i_1600,9.147454141428,13.3218240124385,15.9491486133096,19.1913348926761,16.6281278434407,15.0640391957877,15.6422438711223,17.5560990329613,20.8426276757743,25.1134271571713,C3,C3: limit warming to 2°C (>67%)
WITCH-GLOBIOM 4.4,CD-LINKS_INDCi,9.147454141428,13.3218240124385,15.9491486133096,14.9259830650754,13.7096432045395,13.4605620500426,14.4978004946336,16.4626755330769,19.616974557499,23.69076089024511,C7,C7: limit warming to 4°C (>50%)
WITCH-GLOBIOM 4.4,CD-LINKS_NDC2030i_1000,9.147454141428,13.3218240124385,15.9491486133096,20.86639238100589,18.1564512777081,15.0570800326977,15.2067846184845,17.4698612068995,20.7188067296782,24.9650101999627,C2,C2: return warming to 1.5°C (>50%) after a high overshoot
WITCH-GLOBIOM 4.4,CD-LINKS_NPi,9.147454141428,13.0526899254386,14.2111550341949,14.0327609634335,13.4986280134279,13.3332490708414,14.5135874567546,16.4890058370448,19.5047082991004,23.5958427552617,C7,C7: limit warming to 4°C (>50%)
WITCH-GLOBIOM 4.4,CD-LINKS_NPi2020_1000,9.147454141428,13.0526899254386,23.4309527463152,18.6880740954461,14.9292364704039,13.9395171924933,14.8676867603983,17.3981522231608,20.67360373762551,25.2400249793941,C1,C1: limit warming to 1.5°C (>50%) with no or limited overshoot
WITCH-GLOBIOM 4.4,CD-LINKS_NPi2020_1600,9.147454141428,13.0526899254386,20.290402696856,18.1740528004223,14.8865427499088,14.1147865455686,15.0918051758417,17.4237817412905,20.624912958314,25.1660119336089,C3,C3: limit warming to 2°C (>67%)
WITCH-GLOBIOM 4.4,CD-LINKS_NPi2020_400,9.147454141428,13.0526899254386,28.82106004634669,21.5780838787532,15.462559248874,13.3573324733316,13.9245269226109,16.2636939742885,19.7915043978855,24.35925966297,C1,C1: limit warming to 1.5°C (>50%) with no or limited overshoot
WITCH-GLOBIOM 4.4,CD-LINKS_NoPolicy,9.147454141428,12.8634026429545,14.2756255007973,13.9653687384502,13.4512779295956,13.2775526630453,14.4830920886383,16.4800708094085,19.5495822585947,23.6252947166372,C7,C7: limit warming to 4°C (>50%)
