Model,Scenario,2010,2020,2030,2040,2050,2060,2070,2080,2090,2100,Category,Category_name
AIM/CGE 2.0,ADVANCE_2020_1.5C-2100,0.5002,1.3562,28.5179,83.1742,101.698,106.3001,108.9879,118.0979,131.1118,115.7158,failed-vetting,failed-vetting
AIM/CGE 2.0,ADVANCE_2020_Med2C,0.5002,1.3564,21.6592,39.9394,48.1126,58.8552,63.558,65.6075,69.4856,78.206,failed-vetting,failed-vetting
AIM/CGE 2.0,ADVANCE_2020_WB2C,0.5002,1.3564,21.8549,62.5676,69.3046,85.4285,95.5356,93.8953,96.1662,107.2992,failed-vetting,failed-vetting
AIM/CGE 2.0,ADVANCE_2030_Med2C,0.5002,1.4252,10.2445,44.7548,55.0259,60.5196,65.5517,65.0725,67.0672,76.0969,failed-vetting,failed-vetting
AIM/CGE 2.0,ADVANCE_2030_Price1.5C,0.5046,1.4187,10.37,82.8842,107.1958,109.3578,115.4569,124.1011,134.3341,120.6873,failed-vetting,failed-vetting
AIM/CGE 2.0,ADVANCE_2030_WB2C,0.5002,1.4252,10.2445,45.2052,85.00399999999998,101.9557,114.7983,106.3785,105.7795,116.9796,failed-vetting,failed-vetting
AIM/CGE 2.0,ADVANCE_INDC,0.5046,1.4225,10.4801,22.8547,33.5414,42.0136,53.5894,63.2128,72.6894,82.5773,failed-vetting,failed-vetting
AIM/CGE 2.0,ADVANCE_NoPolicy,0.5015000000000001,0.9383,1.7318,2.9984,4.6772,6.039,6.8502,7.7927,9.0348,10.8763,failed-vetting,failed-vetting
AIM/CGE 2.0,ADVANCE_Reference,0.5046,1.4225,5.44,10.4727,15.7793,17.9734,19.793,21.1167,22.3848,24.6847,failed-vetting,failed-vetting
AIM/CGE 2.0,EMF30_BCOC-EndU,0.5679000000000001,1.1976,2.3223,4.0314,6.1755,7.7734,9.4712,11.4723,13.1896,15.3102,failed-vetting,failed-vetting
AIM/CGE 2.0,EMF30_Baseline,0.5684,1.1928,2.2912,4.0009,6.1463,7.7463,9.4436,11.4446,13.1605,15.299,failed-vetting,failed-vetting
AIM/CGE 2.0,EMF30_CH4-Only,0.5670000000000001,1.2254,2.4552,4.2856,6.1972,7.3254,8.7385,10.6149,12.2239,14.0789,failed-vetting,failed-vetting
AIM/CGE 2.0,EMF30_ClimPolicy,0.5679000000000001,2.175,18.7539,39.0589,54.0872,71.5744,84.8184,99.8985,117.6631,143.7067,failed-vetting,failed-vetting
AIM/CGE 2.0,EMF30_ClimPolicy+SLCF,0.5675,2.2116,20.9506,41.0553,55.5939,72.0038,86.029,101.0001,118.9733,147.0145,failed-vetting,failed-vetting
AIM/CGE 2.0,EMF30_D_BCOC-Red,0.5684,1.1928,2.2912,4.0009,6.1463,7.7463,9.4436,11.4446,13.1605,15.299,failed-vetting,failed-vetting
AIM/CGE 2.0,EMF30_D_CH4-ClimPolicy,0.5669000000000001,1.2172,2.435,4.2666,6.2588,7.6324,9.9293,11.9661,13.4085,15.267,failed-vetting,failed-vetting
AIM/CGE 2.0,EMF30_D_CO2-Only,0.5673,2.167,15.8609,40.3903,65.2169,91.5729,132.3485,131.3039,130.3561,139.1142,failed-vetting,failed-vetting
AIM/CGE 2.0,EMF30_D_Frozen-CH4,0.5684,1.1928,2.2912,4.0009,6.1463,7.7463,9.4436,11.4446,13.1605,15.299,failed-vetting,failed-vetting
AIM/CGE 2.0,EMF30_D_Frozen-EF,0.5684,1.1928,2.2912,4.0009,6.1463,7.7463,9.4436,11.4446,13.1605,15.299,failed-vetting,failed-vetting
AIM/CGE 2.0,EMF30_D_Frozen-EF-EndU,0.5684,1.1928,2.2912,4.0009,6.1463,7.7463,9.4436,11.4446,13.1605,15.299,failed-vetting,failed-vetting
AIM/CGE 2.0,EMF30_D_Frozen-EF-SLCF,0.5684,1.1928,2.2912,4.0009,6.1463,7.7463,9.4436,11.4446,13.1605,15.299,failed-vetting,failed-vetting
AIM/CGE 2.0,EMF30_SLCF,0.5664,1.2307,2.4906,4.323,6.2305,7.3055,8.6433,10.3659,11.8296,13.4803,failed-vetting,failed-vetting
AIM/CGE 2.0,EMF30_Slower-Action,0.5679000000000001,2.1907,12.6601,24.7707,37.5259,48.3015,58.2469,68.6228,73.3964,79.1826,failed-vetting,failed-vetting
AIM/CGE 2.0,EMF30_Slower-Action+SLCF,0.5675,2.2526,12.8327,25.1559,38.1962,50.0398,60.9882,72.3928,78.4447,89.1662,failed-vetting,failed-vetting
AIM/CGE 2.0,EMF30_Slower-to-faster,0.5679000000000001,2.1907,12.6858,43.3205,63.0272,72.1796,84.3124,101.0745,119.7718,141.728,failed-vetting,failed-vetting
AIM/CGE 2.0,EMF30_Slower-to-faster+SLCF,0.5669000000000001,2.1975,12.7217,43.2867,81.5617,121.9338,125.4075,124.813,125.8404,137.1711,failed-vetting,failed-vetting
AIM/CGE 2.0,EMF30_Slower-to-faster+SLCF+HFC,0.5669000000000001,2.1975,12.7215,43.1806,81.3356,121.6669,125.3996,124.8075,125.8367,137.169,failed-vetting,failed-vetting
AIM/CGE 2.0,SFCM_SSP2_Bio_1p5Degree,0.5565,2.2509,40.2421,75.9826,81.1826,92.6561,104.4337,109.5521,107.5538,106.0574,failed-vetting,failed-vetting
AIM/CGE 2.0,SFCM_SSP2_Bio_2Degree,0.5565,2.2509,15.5419,40.4182,51.7795,58.9724,69.2136,77.5745,83.3411,85.2188,failed-vetting,failed-vetting
AIM/CGE 2.0,SFCM_SSP2_Bio_Baseline,0.5595,1.1381,2.1251,3.6314,5.4647,6.812,8.0677,9.6024,10.9159,12.5666,failed-vetting,failed-vetting
AIM/CGE 2.0,SFCM_SSP2_EEEI_1p5Degree,0.5533,1.934,34.4925,64.8716,76.5934,86.4675,99.3497,102.2424,100.5974,96.594,failed-vetting,failed-vetting
AIM/CGE 2.0,SFCM_SSP2_EEEI_2Degree,0.5533,1.934,12.0528,33.2593,43.3783,47.6624,56.6562,60.9533,64.3951,66.2416,failed-vetting,failed-vetting
AIM/CGE 2.0,SFCM_SSP2_EEEI_Baseline,0.5564,1.0818,1.9213,3.1186,4.5455,5.2286,5.8597,6.553,7.2372,7.6708,failed-vetting,failed-vetting
AIM/CGE 2.0,SFCM_SSP2_LifeStyle_1p5Degree,0.5622,2.0999,37.9741,72.747,83.652,96.1131,107.7276,109.9031,105.7243,102.378,failed-vetting,failed-vetting
AIM/CGE 2.0,SFCM_SSP2_LifeStyle_2Degree,0.5622,2.0999,14.1707,38.1338,50.2918,56.9731,68.1492,75.2961,80.3667,81.346,failed-vetting,failed-vetting
AIM/CGE 2.0,SFCM_SSP2_LifeStyle_Baseline,0.5652,1.1567,2.1719,3.7119,5.5728,6.7867,7.9511,9.3354,10.5432,11.7477,failed-vetting,failed-vetting
AIM/CGE 2.0,SFCM_SSP2_Ref_1p5Degree,0.5665,2.2095,41.2324,78.6811,88.8089,102.8293,114.7546,113.7368,111.9643,111.8028,failed-vetting,failed-vetting
AIM/CGE 2.0,SFCM_SSP2_Ref_2Degree,0.5665,2.2095,16.089,41.9308,55.5013,64.2393,78.0323,84.3815,90.0901,94.0048,failed-vetting,failed-vetting
AIM/CGE 2.0,SFCM_SSP2_Ref_Baseline,0.5695,1.1837,2.2488,3.8831,5.8826,7.3027,8.7482,10.495,11.9553,13.7007,failed-vetting,failed-vetting
AIM/CGE 2.0,SFCM_SSP2_ST_CCS_1p5Degree,0.5665,2.2095,40.139,76.4104,81.2413,95.9955,110.1802,111.8035,110.4729,110.0051,failed-vetting,failed-vetting
AIM/CGE 2.0,SFCM_SSP2_ST_CCS_2Degree,0.5665,2.2095,15.5617,39.5206,50.5259,59.3557,71.9735,80.1729,84.5239,87.8164,failed-vetting,failed-vetting
AIM/CGE 2.0,SFCM_SSP2_ST_CCS_Baseline,0.5695,1.1837,2.2488,3.8831,5.8826,7.3027,8.7482,10.495,11.9553,13.7007,failed-vetting,failed-vetting
AIM/CGE 2.0,SFCM_SSP2_ST_bio_1p5Degree,0.5665,2.2101,41.1193,78.1686,85.9796,98.6905,112.7597,111.3409,108.3928,107.2999,failed-vetting,failed-vetting
AIM/CGE 2.0,SFCM_SSP2_ST_bio_2Degree,0.5665,2.2101,16.0885,41.6676,54.3876,62.4362,74.2196,81.6725,86.4957,89.6759,failed-vetting,failed-vetting
AIM/CGE 2.0,SFCM_SSP2_ST_bio_Baseline,0.5695,1.1837,2.2487,3.8816,5.867000000000001,7.2645,8.6756,10.3647,11.7994,13.5335,failed-vetting,failed-vetting
AIM/CGE 2.0,SFCM_SSP2_ST_nuclear_1p5Degree,0.5690000000000001,2.2654,41.673,78.6398,87.1838,100.5001,114.5211,112.3309,108.8138,106.659,failed-vetting,failed-vetting
AIM/CGE 2.0,SFCM_SSP2_ST_nuclear_2Degree,0.5690000000000001,2.2654,16.6698,42.4221,55.0286,63.0905,76.0668,82.5004,86.6617,88.7472,failed-vetting,failed-vetting
AIM/CGE 2.0,SFCM_SSP2_ST_nuclear_Baseline,0.5720000000000001,1.208,2.3091,3.9859,6.0126,7.3362,8.7012,10.3432,11.6693,13.2007,failed-vetting,failed-vetting
AIM/CGE 2.0,SFCM_SSP2_ST_solar_1p5Degree,0.5664,2.2067,40.0221,75.4996,85.9112,100.0228,115.1573,116.1634,114.3881,114.0962,failed-vetting,failed-vetting
AIM/CGE 2.0,SFCM_SSP2_ST_solar_2Degree,0.5664,2.2067,15.8376,40.8881,52.9589,61.4361,74.0857,81.812,86.4208,89.6444,failed-vetting,failed-vetting
AIM/CGE 2.0,SFCM_SSP2_ST_solar_Baseline,0.5695,1.1829,2.2437,3.8619,5.8186,7.2307,8.6515,10.3596,11.7905,13.5143,failed-vetting,failed-vetting
AIM/CGE 2.0,SFCM_SSP2_ST_wind_1p5Degree,0.5985,2.5954,47.1443,92.5824,115.5552,131.1906,144.6114,149.3587,151.1174,152.8941,failed-vetting,failed-vetting
AIM/CGE 2.0,SFCM_SSP2_ST_wind_2Degree,0.5985,2.5954,19.5452,53.163,74.1781,83.6599,99.6893,108.026,110.355,110.9333,failed-vetting,failed-vetting
AIM/CGE 2.0,SFCM_SSP2_ST_wind_Baseline,0.6017,1.3948,2.9394,5.637,9.0367,11.1353,13.3072,15.9671,18.0993,20.6196,failed-vetting,failed-vetting
AIM/CGE 2.0,SFCM_SSP2_SupTech_1p5Degree,0.6011000000000001,2.6584,45.1914,85.49600000000002,97.0985,112.5654,119.9625,120.2305,118.795,117.751,failed-vetting,failed-vetting
AIM/CGE 2.0,SFCM_SSP2_SupTech_2Degree,0.6011000000000001,2.6584,19.164,48.4331,63.8383,70.2822,80.8727,89.1155,95.344,97.8843,failed-vetting,failed-vetting
AIM/CGE 2.0,SFCM_SSP2_SupTech_Baseline,0.6043000000000001,1.4225,3.0077,5.7183,9.0753,11.1192,13.183,15.6325,17.5368,19.7752,failed-vetting,failed-vetting
AIM/CGE 2.0,SFCM_SSP2_combined_1p5Degree,0.5718,2.2703,34.0569,63.6885,71.7991,79.2992,86.9346,86.72399999999998,83.7139,80.3696,failed-vetting,failed-vetting
AIM/CGE 2.0,SFCM_SSP2_combined_2Degree,0.5718,2.2703,12.7844,33.4126,43.709,45.4729,49.7911,51.4826,51.9631,50.775,failed-vetting,failed-vetting
AIM/CGE 2.0,SFCM_SSP2_combined_Baseline,0.5749000000000001,1.2207,2.3616,4.1516,6.381,7.0443,7.4973,7.9418,8.5085,8.7821,failed-vetting,failed-vetting
AIM/CGE 2.0,SSP1-19,0.7554000000000001,4.365,38.3309,80.4585,107.0239,124.7278,128.7446,127.737,123.2804,119.8764,failed-vetting,failed-vetting
AIM/CGE 2.0,SSP1-26,0.7553000000000001,4.3619,18.1857,50.5871,71.9328,82.2738,94.391,94.2227,92.2403,87.7323,C3,C3: limit warming to 2°C (>67%)
AIM/CGE 2.0,SSP1-34,0.7553000000000001,4.3619,14.5178,32.6929,52.0336,63.0232,69.3474,72.6613,73.9232,73.3712,C5,C5: limit warming to 2.5°C (>50%)
AIM/CGE 2.0,SSP1-45,0.7553000000000001,5.062,13.7753,28.8233,44.0422,49.4453,52.9256,57.1527,60.6949,62.9368,C6,C6: limit warming to 3°C (>50%)
AIM/CGE 2.0,SSP1-Baseline,0.7597,3.4479,11.4653,25.1875,40.084,48.7596,54.5743,55.7603,56.7156,56.0878,C7,C7: limit warming to 4°C (>50%)
AIM/CGE 2.0,SSP2-19,0.5679000000000001,2.1858,34.8509,78.7177,88.51799999999999,108.4831,114.9951,116.7219,118.0508,117.6506,failed-vetting,failed-vetting
AIM/CGE 2.0,SSP2-26,0.5671,2.1972,16.0964,44.4224,59.8145,72.536,88.2691,98.3697,107.7263,111.4549,failed-vetting,failed-vetting
AIM/CGE 2.0,SSP2-34,0.5671,2.1972,10.7214,28.3432,43.3388,53.7247,60.3469,68.8981,78.1759,84.40799999999999,failed-vetting,failed-vetting
AIM/CGE 2.0,SSP2-45,0.5671,2.1972,8.5226,18.2534,31.1337,42.9681,51.5783,58.4778,65.884,72.7154,failed-vetting,failed-vetting
AIM/CGE 2.0,SSP2-60,0.5671,2.1972,8.0713,16.5427,26.9862,33.4636,37.8998,43.0853,48.0916,53.6138,failed-vetting,failed-vetting
AIM/CGE 2.0,SSP2-Baseline,0.5701,1.1954,2.2967,4.0048,6.1327,7.6949,9.3327,11.2452,12.9488,14.9771,failed-vetting,failed-vetting
AIM/CGE 2.0,SSP3-34,0.4505,1.1079,4.5219,11.529,17.4231,25.8747,39.4835,54.9621,74.2647,94.1753,failed-vetting,failed-vetting
AIM/CGE 2.0,SSP3-45,0.4505,1.1079,3.2451,6.8404,10.971,18.0044,24.3688,32.9255,45.1348,61.4271,failed-vetting,failed-vetting
AIM/CGE 2.0,SSP3-60,0.4505,1.1079,3.1694,5.8681,8.5519,11.7358,15.7814,21.4468,27.6511,35.2546,failed-vetting,failed-vetting
AIM/CGE 2.0,SSP3-Baseline,0.4517000000000001,0.5949,0.7829999999999989,0.9978,1.1895,1.5985,2.0836,2.8043,3.637,4.6909,failed-vetting,failed-vetting
AIM/CGE 2.0,SSP4-26,0.7615000000000001,3.6391,21.3003,53.9609,71.9154,79.7411,88.4371,94.1829,95.874,93.2567,C3,C3: limit warming to 2°C (>67%)
AIM/CGE 2.0,SSP4-34,0.7615000000000001,3.6391,16.1064,39.2293,60.2227,71.0119,77.1116,81.4774,82.0945,79.3758,C5,C5: limit warming to 2.5°C (>50%)
AIM/CGE 2.0,SSP4-45,0.7615000000000001,3.6391,13.9393,31.8254,50.0481,61.357,68.7665,75.491,76.4121,76.6468,C6,C6: limit warming to 3°C (>50%)
AIM/CGE 2.0,SSP4-Baseline,0.7657,3.7251,12.5554,28.1101,46.008,59.6776,69.7587,72.4999,74.1883,75.3937,C7,C7: limit warming to 4°C (>50%)
AIM/CGE 2.0,SSP5-26,0.4385,1.1639,10.7449,29.5791,28.7462,35.7341,43.1979,52.4184,59.2294,62.9217,failed-vetting,failed-vetting
AIM/CGE 2.0,SSP5-34,0.4385,1.1639,4.8145,11.0863,12.3899,17.3517,23.3967,31.8968,38.4852,44.73399999999999,failed-vetting,failed-vetting
AIM/CGE 2.0,SSP5-45,0.4385,1.1639,3.554,7.0275,9.7169,12.9701,15.8871,20.0337,25.9985,32.6714,failed-vetting,failed-vetting
AIM/CGE 2.0,SSP5-60,0.4385,1.1639,3.3975,6.4221,8.5958,11.5776,13.7834,16.9131,20.7689,25.4399,failed-vetting,failed-vetting
AIM/CGE 2.0,SSP5-Baseline,0.4398,0.5638000000000001,0.6898000000000001,0.8323,0.953,1.2553,1.5838,1.9866,2.6242,3.4137,failed-vetting,failed-vetting
AIM/CGE 2.1,CD-LINKS_INDC2030i_1600,1.2478,3.3978,15.1132,49.8763,58.8972,71.3196,75.7274,78.4919,82.3584,86.801,C5,C5: limit warming to 2.5°C (>50%)
AIM/CGE 2.1,CD-LINKS_INDCi,1.2478,3.2185,14.1397,23.1183,31.6837,34.428,35.6017,37.6374,39.7041,43.2624,C7,C7: limit warming to 4°C (>50%)
AIM/CGE 2.1,CD-LINKS_NDC2030i_1000,1.2478,3.3978,15.1132,50.0041,73.5134,78.1704,87.9797,86.0197,87.7296,95.118,C4,C4: limit warming to 2°C (>50%)
AIM/CGE 2.1,CD-LINKS_NPi,1.1906,3.0387,7.1158,10.4806,12.6456,15.0477,16.4668,18.3528,19.7909,22.7088,failed-vetting,failed-vetting
AIM/CGE 2.1,CD-LINKS_NPi2020_1000,1.2339,3.2073,27.7204,59.7959,61.8137,74.0136,80.2403,81.2836,85.2357,91.9778,C3,C3: limit warming to 2°C (>67%)
AIM/CGE 2.1,CD-LINKS_NPi2020_1600,1.2478,3.4174,28.192,46.2921,58.3737,71.8155,76.0188,80.8671,86.4498,91.532,C5,C5: limit warming to 2.5°C (>50%)
AIM/CGE 2.1,CD-LINKS_NPi2020_400,1.234,3.2075,30.7487,67.9554,101.0348,116.5596,117.0641,125.6802,129.6606,141.1237,C1,C1: limit warming to 1.5°C (>50%) with no or limited overshoot
AIM/CGE 2.1,CD-LINKS_NoPolicy,0.4996,1.0265,2.0297,3.5595,5.6698,7.5734,8.7821,9.8412,11.273,13.596,failed-vetting,failed-vetting
AIM/CGE 2.1,CO_2Deg2020,1.1818,4.5838,14.055,17.4642,16.8943,68.79563632970779,85.36490706338382,99.43827606890395,113.41595386425766,126.3087102973665,no-climate-assessment,no-climate-assessment
AIM/CGE 2.1,CO_2Deg2030,1.1818,4.5844,6.9202,18.1797,33.0518,68.79563632970779,85.36490706338382,99.43827606890395,113.41595386425766,126.3087102973665,no-climate-assessment,no-climate-assessment
AIM/CGE 2.1,CO_BAU,1.1821,3.5091,4.5443,5.5428,7.047300000000001,68.79563632970779,85.36490706338382,99.43827606890395,113.41595386425766,126.3087102973665,no-climate-assessment,no-climate-assessment
AIM/CGE 2.1,CO_Bridge,1.1818,4.5836,9.9544,15.7795,17.9911,18.9862,19.2186,19.274,19.2548,19.146,C3,C3: limit warming to 2°C (>67%)
AIM/CGE 2.1,CO_CurPol,1.1818,4.5515,6.128,7.630800000000001,9.6128,10.3775,10.5783,10.6218,10.6346,10.6081,C7,C7: limit warming to 4°C (>50%)
AIM/CGE 2.1,CO_GPP,1.1818,4.5836,9.9544,13.5056,14.948,68.79563632970779,85.36490706338382,99.43827606890395,113.41595386425766,126.3087102973665,no-climate-assessment,no-climate-assessment
AIM/CGE 2.1,CO_NDCplus,1.1818,4.5844,6.9202,8.7839,10.367,68.79563632970779,85.36490706338382,99.43827606890395,113.41595386425766,126.3087102973665,no-climate-assessment,no-climate-assessment
AIM/CGE 2.1,EMF33_Baseline,0.5081,0.9846,1.8614,3.2229,4.9552,6.1382,6.7666,7.9009,9.2128,11.5479,failed-vetting,failed-vetting
AIM/CGE 2.1,EMF33_Med2C_cost100,0.507,1.4965,18.1622,46.0394,56.2529,66.2807,77.0915,79.3535,82.9561,82.9825,failed-vetting,failed-vetting
AIM/CGE 2.1,EMF33_Med2C_full,0.5071,1.5007,18.0193,44.2109,53.856,62.416,70.0474,73.5262,76.8487,80.1318,failed-vetting,failed-vetting
AIM/CGE 2.1,EMF33_Med2C_nobeccs,0.5071,1.5007,18.0352,46.9444,58.7043,74.7338,99.5603,96.8,95.1444,93.9489,failed-vetting,failed-vetting
AIM/CGE 2.1,EMF33_Med2C_nofuel,0.5071,1.4997,18.5115,51.402,66.3744,86.9831,115.6896,114.0104,112.6573,111.7138,failed-vetting,failed-vetting
AIM/CGE 2.1,EMF33_Med2C_none,0.5075000000000001,1.5475,19.2474,52.9714,68.7225,89.9246,122.9657,121.3693,117.9234,114.9334,failed-vetting,failed-vetting
AIM/CGE 2.1,EMF33_WB2C_cost100,0.507,1.4965,18.1622,71.7026,78.1845,88.3773,120.0043,116.8766,113.8481,110.8519,failed-vetting,failed-vetting
AIM/CGE 2.1,EMF33_WB2C_full,0.5071,1.5007,18.0193,69.3789,73.0363,80.3738,108.5758,103.9017,99.1671,95.1253,failed-vetting,failed-vetting
AIM/CGE 2.1,EMF33_tax_hi_full,0.5071,0.9652,3.6229,8.3183,14.6659,18.8292,24.487,34.208,47.1788,62.9247,failed-vetting,failed-vetting
AIM/CGE 2.1,EMF33_tax_hi_none,0.5075000000000001,0.9678,3.6457,8.4414,15.1345,19.7015,25.8953,36.3982,50.3443,68.6054,failed-vetting,failed-vetting
AIM/CGE 2.1,EMF33_tax_lo_full,0.5071,0.9652,2.8374,5.5959,8.8028,11.4767,15.0566,18.0422,20.7391,25.6688,failed-vetting,failed-vetting
AIM/CGE 2.1,EMF33_tax_lo_none,0.5075000000000001,0.9678,2.8555,5.6732,9.0493,12.0201,16.003,19.2846,22.6126,28.3706,failed-vetting,failed-vetting
AIM/CGE 2.1,TERL_15D_LowCarbonTransportPolicy,0.4994,1.0453,27.3547,83.79899999999998,72.5408,69.1395,73.992,88.2956,114.2115,135.8392,failed-vetting,failed-vetting
AIM/CGE 2.1,TERL_15D_NoTransportPolicy,0.508,1.1817,31.2156,88.0298,77.5291,75.5711,86.7963,107.8841,135.0364,161.1078,failed-vetting,failed-vetting
AIM/CGE 2.1,TERL_2D_LowCarbonTransportPolicy,0.4994,1.0453,17.4475,37.2006,53.4363,64.8274,67.8529,74.5406,87.1414,104.8177,failed-vetting,failed-vetting
AIM/CGE 2.1,TERL_2D_NoTransportPolicy,0.508,1.1817,20.5938,40.0846,54.7086,66.2031,71.5217,85.8228,102.3013,125.5064,failed-vetting,failed-vetting
AIM/CGE 2.1,TERL_Baseline_LowCarbonTransportPolicy,0.5005000000000001,0.9405,1.7872,3.1344,4.9697,6.1695,7.0835,8.1568,9.7744,11.3695,failed-vetting,failed-vetting
AIM/CGE 2.1,TERL_Baseline_NoTransportPolicy,0.509,0.9696,1.8392,3.1805,4.9563,6.2162,7.2155,8.2987,10.0028,12.2103,failed-vetting,failed-vetting
AIM/CGE 2.2,EN_INDCi2030_1000f,1.2146,3.7578,9.4633,34.1065,53.2991,83.4073,104.6418,117.4682,126.2016,133.943,C3,C3: limit warming to 2°C (>67%)
AIM/CGE 2.2,EN_INDCi2030_1200,1.2146,3.7578,9.4633,33.4924,51.5275,80.4313,100.293,112.2143,122.6814,132.0507,C4,C4: limit warming to 2°C (>50%)
AIM/CGE 2.2,EN_INDCi2030_1200f,1.2146,3.7578,9.4633,29.8949,45.1058,72.599,94.2051,111.8384,121.8122,130.8154,C4,C4: limit warming to 2°C (>50%)
AIM/CGE 2.2,EN_INDCi2030_1400,1.2146,3.7578,9.4633,27.5402,41.8893,63.4155,89.2939,103.7796,116.0097,127.391,C4,C4: limit warming to 2°C (>50%)
AIM/CGE 2.2,EN_INDCi2030_1400f,1.2146,3.7578,9.4633,24.8751,40.2479,60.2994,85.6647,102.806,117.8604,128.2173,C4,C4: limit warming to 2°C (>50%)
AIM/CGE 2.2,EN_INDCi2030_1600,1.2146,3.7578,9.4633,23.3429,39.4218,59.1,83.9228,101.2516,114.1729,126.0255,C5,C5: limit warming to 2.5°C (>50%)
AIM/CGE 2.2,EN_INDCi2030_1600f,1.2146,3.7578,9.4633,22.2414,38.7831,57.7887,81.8019,99.9452,114.8632,126.2866,C5,C5: limit warming to 2.5°C (>50%)
AIM/CGE 2.2,EN_INDCi2030_1800,1.2146,3.7578,9.4633,20.8935,38.2102,55.7899,76.5526,95.9779,111.7609,123.9997,C5,C5: limit warming to 2.5°C (>50%)
AIM/CGE 2.2,EN_INDCi2030_1800f,1.2146,3.7578,9.4633,20.8935,38.2102,55.7899,76.5526,95.9779,111.7609,123.9997,C5,C5: limit warming to 2.5°C (>50%)
AIM/CGE 2.2,EN_INDCi2030_800f,1.2146,3.7578,9.4633,35.4377,62.4456,87.7997,107.5522,117.8776,126.5733,134.3435,C3,C3: limit warming to 2°C (>67%)
AIM/CGE 2.2,EN_INDCi2030_900f,1.2146,3.7578,9.4633,35.4144,56.9473,86.3688,107.4545,118.102,126.7086,134.4277,C3,C3: limit warming to 2°C (>67%)
AIM/CGE 2.2,EN_INDCi2100,1.2146,3.7578,9.4633,20.9764,37.9518,53.9151,69.3878,83.5697,97.7212,109.6387,C6,C6: limit warming to 3°C (>50%)
AIM/CGE 2.2,EN_NPi2020_1000,1.2146,3.7578,17.4062,27.9271,52.7544,80.6723,97.8948,110.3653,121.2928,130.7012,C3,C3: limit warming to 2°C (>67%)
AIM/CGE 2.2,EN_NPi2020_1000f,1.2146,3.7578,14.2843,24.0951,46.7151,70.3871,91.0562,108.9674,128.3363,135.7945,C3,C3: limit warming to 2°C (>67%)
AIM/CGE 2.2,EN_NPi2020_1200,1.2146,3.7578,14.6003,24.3377,47.0439,71.8541,91.9519,106.0568,118.0443,128.5346,C3,C3: limit warming to 2°C (>67%)
AIM/CGE 2.2,EN_NPi2020_1200f,1.2146,3.7578,12.8516,23.2671,45.1245,64.3391,87.1494,105.0037,121.3713,129.7726,C4,C4: limit warming to 2°C (>50%)
AIM/CGE 2.2,EN_NPi2020_1400,1.2146,3.7578,12.7546,23.097,44.6552,63.0057,85.8761,103.195,115.518,127.0486,C4,C4: limit warming to 2°C (>50%)
AIM/CGE 2.2,EN_NPi2020_1400f,1.2146,3.7578,12.3201,22.8825,44.0573,61.2341,84.4162,102.3907,117.1936,127.743,C4,C4: limit warming to 2°C (>50%)
AIM/CGE 2.2,EN_NPi2020_1600,1.2146,3.7578,11.6286,22.5252,43.1104,58.7215,78.2895,98.0654,112.9255,125.0179,C5,C5: limit warming to 2.5°C (>50%)
AIM/CGE 2.2,EN_NPi2020_1600f,1.2146,3.7578,11.6286,22.5252,43.1104,58.7215,78.2895,98.0654,113.0789,125.2041,C5,C5: limit warming to 2.5°C (>50%)
AIM/CGE 2.2,EN_NPi2020_1800,1.2146,3.7578,11.0885,22.1779,42.3632,56.8139,74.7172,95.0118,110.6232,122.9361,C5,C5: limit warming to 2.5°C (>50%)
AIM/CGE 2.2,EN_NPi2020_1800f,1.2146,3.7578,11.0885,22.1779,42.3632,56.8139,74.7172,95.0118,110.6232,122.9361,C5,C5: limit warming to 2.5°C (>50%)
AIM/CGE 2.2,EN_NPi2020_300f,1.2146,3.7578,21.431,40.8034,72.1149,97.4115,117.6309,127.3775,134.5573,141.08,C1,C1: limit warming to 1.5°C (>50%) with no or limited overshoot
AIM/CGE 2.2,EN_NPi2020_400f,1.2146,3.7578,21.0752,37.2278,70.0769,95.3103,115.4149,127.6808,134.3372,140.9475,C2,C2: return warming to 1.5°C (>50%) after a high overshoot
AIM/CGE 2.2,EN_NPi2020_500f,1.2146,3.7578,20.1609,34.8725,65.3578,90.3523,110.317,127.0173,133.251,139.9894,C2,C2: return warming to 1.5°C (>50%) after a high overshoot
AIM/CGE 2.2,EN_NPi2020_600,1.2146,3.7578,21.431,45.3744,74.5188,92.7995,105.6606,116.8154,126.1356,134.4588,C1,C1: limit warming to 1.5°C (>50%) with no or limited overshoot
AIM/CGE 2.2,EN_NPi2020_600f,1.2146,3.7578,19.2588,31.2686,59.3621,86.1992,105.51,125.0179,132.4372,139.15,C2,C2: return warming to 1.5°C (>50%) after a high overshoot
AIM/CGE 2.2,EN_NPi2020_700,1.2146,3.7578,21.431,39.6729,71.3299,93.4313,106.1802,117.2065,126.3389,134.6438,C3,C3: limit warming to 2°C (>67%)
AIM/CGE 2.2,EN_NPi2020_700f,1.2146,3.7578,17.7389,28.5915,54.0197,81.7007,101.082,121.4285,131.3062,137.9613,C3,C3: limit warming to 2°C (>67%)
AIM/CGE 2.2,EN_NPi2020_800,1.2146,3.7578,20.5507,35.4835,67.8582,92.3946,105.4085,116.6226,125.8744,134.4413,C3,C3: limit warming to 2°C (>67%)
AIM/CGE 2.2,EN_NPi2020_800f,1.2146,3.7578,16.3809,25.8533,49.3571,76.1762,95.8115,116.2096,130.1412,136.6721,C3,C3: limit warming to 2°C (>67%)
AIM/CGE 2.2,EN_NPi2020_900,1.2146,3.7578,19.2588,31.2686,59.3621,86.1992,101.55,113.7192,123.5879,132.6369,C3,C3: limit warming to 2°C (>67%)
AIM/CGE 2.2,EN_NPi2020_900f,1.2146,3.7578,15.1548,24.7778,47.8255,73.9097,93.311,112.4858,130.0771,136.3036,C3,C3: limit warming to 2°C (>67%)
AIM/CGE 2.2,EN_NPi2100,1.2146,3.7578,5.181,6.7986,9.0924,11.3339,13.061,14.311,15.5641,16.8413,C7,C7: limit warming to 4°C (>50%)
AIM/Hub-Global 2.0,1.5C,1.1744,3.5059,24.863,57.608,55.5865,66.8393,70.71280000000002,72.813,74.14829999999999,74.8103,C1,C1: limit warming to 1.5°C (>50%) with no or limited overshoot
AIM/Hub-Global 2.0,2.5C,1.1744,2.4577,10.5493,19.2169,27.001,33.212,38.4646,43.532,48.30260000000001,52.60630000000001,C6,C6: limit warming to 3°C (>50%)
AIM/Hub-Global 2.0,2C,1.1744,2.4577,12.8771,25.9716,35.7296,41.8842,47.2427,51.1504,55.0869,58.58189999999999,C5,C5: limit warming to 2.5°C (>50%)
AIM/Hub-Global 2.0,450ppmCancunP,0.5656000000000003,1.92,12.5387,41.8796,58.65989999999999,73.6388,89.1006,96.8494,104.9759,107.9592,failed-vetting,failed-vetting
AIM/Hub-Global 2.0,450ppmRCP,0.5642000000000003,2.2321,17.139,45.7703,59.2842,73.7166,87.14170000000001,92.9296,99.0876,101.9523,failed-vetting,failed-vetting
AIM/Hub-Global 2.0,450ppmeINDC,0.5647000000000002,2.039400000000001,11.7634,25.4754,48.8784,67.5396,96.8643,130.8992,144.2265,134.7965,failed-vetting,failed-vetting
AIM/Hub-Global 2.0,Baseline,1.1744,2.4082,3.1045,3.757400000000001,4.8012,5.2707,5.398300000000002,5.7017,6.263399999999999,6.721799999999999,C7,C7: limit warming to 4°C (>50%)
AIM/Hub-Global 2.0,INDCSamePrice,0.5656000000000003,2.0386,11.7382,20.1658,27.83700000000001,30.5288,33.1544,36.3027,36.50410000000001,37.1662,failed-vetting,failed-vetting
AIM/Hub-Global 2.0,WB2C,1.1744,3.5058,23.0272,38.96849999999999,39.8291,45.50160000000001,53.2743,65.4167,75.5335,75.0105,C3,C3: limit warming to 2°C (>67%)
BET EMF33,EMF33_1.5C_cost100,1.226142,2.49535597185952,6.864187387379731,12.5047414401449,18.7021279088103,23.05495466565381,23.8985515680621,23.05126717530761,22.557481913377,27.3054841007597,failed-vetting,failed-vetting
BET EMF33,EMF33_1.5C_full,1.226142,2.49705258111592,6.88203797628386,12.5049100619422,18.8061008567055,23.2014293596066,24.173098837838,23.1790805599497,22.9308197740413,27.5086010624287,failed-vetting,failed-vetting
BET EMF33,EMF33_1.5C_nofuel,1.226142,2.488054318181,6.85036750793031,12.4902722054336,18.828188609716,23.19719188759981,24.1009538697935,23.1473231857946,22.8644669599387,27.7750229890563,failed-vetting,failed-vetting
BET EMF33,EMF33_Baseline,1.226142,0.613071215997381,0.54075859433952,1.32047480452336,3.4267947400984,9.15287509464276,16.7407399049776,22.1454471686034,23.7767002498951,24.8116681292781,failed-vetting,failed-vetting
BET EMF33,EMF33_Med2C_cost100,1.226142,2.12126683764136,5.89514139267326,10.8659700677922,15.03846202983731,20.59567591991511,25.8330065488619,28.502878079576,28.6768913165813,30.3462457997893,failed-vetting,failed-vetting
BET EMF33,EMF33_Med2C_full,1.226142,2.122756130929549,5.897608224012082,10.8797525434773,15.0740515458021,20.5253230946018,25.7249494642547,28.2809219572446,28.4085108871972,29.77233123518869,failed-vetting,failed-vetting
BET EMF33,EMF33_Med2C_limbio,1.226142,2.13033475113016,5.90023650648713,10.915507014922,15.3067540497577,21.1347068092774,25.8338376782823,27.7456731662602,28.1522234661425,28.1069422909902,failed-vetting,failed-vetting
BET EMF33,EMF33_Med2C_nofuel,1.226142,2.124193528282399,5.90513739311398,10.8704631938041,15.1149704908488,20.5933524713376,25.1358528782085,28.1233405091888,29.182379445493,29.9585012873621,failed-vetting,failed-vetting
BET EMF33,EMF33_WB2C_cost100,1.226142,2.31603514702331,6.323105445168331,11.015914994447,15.9418002674954,23.2307136758466,25.97582392055311,26.3370759401149,26.3881095705819,29.14765936523,failed-vetting,failed-vetting
BET EMF33,EMF33_WB2C_full,1.226142,2.322031725828569,6.340510513225268,11.0569870844921,16.0562148940191,22.9724994483665,26.13856607896,26.4120283616616,26.6325988691711,29.2050327102564,failed-vetting,failed-vetting
BET EMF33,EMF33_WB2C_limbio,1.226142,2.4401938974639,6.608556930470869,11.8507010883092,17.0352254404998,22.6997659794847,23.5149875455178,25.5955433813061,26.55820248533481,27.258527764828,failed-vetting,failed-vetting
BET EMF33,EMF33_WB2C_nofuel,1.226142,2.320865754318859,6.33233769942097,11.0438931319335,16.0554111502872,22.7389394191502,26.2050234229846,26.8236787003291,26.6822149062175,29.2335947163573,failed-vetting,failed-vetting
BET EMF33,EMF33_tax_hi_full,1.226142,1.09601073576878,3.45604921841521,8.06966940568811,14.8759517224044,19.8782624819984,25.3685899451105,27.9091239175652,28.4194954244318,27.4293793949026,failed-vetting,failed-vetting
BET EMF33,EMF33_tax_hi_none,1.226142,1.096072923632609,3.79547893356943,8.073853550423651,14.8450243843819,19.8492350624207,23.2384527032797,24.5523682264455,25.7707242507592,26.3187863004023,failed-vetting,failed-vetting
BET EMF33,EMF33_tax_lo_full,1.226142,0.848766100791405,1.935268384559389,5.90709322237939,11.9027001686325,19.0902804986246,21.9414716298605,22.64560421131381,25.5415129817816,27.8530610979655,failed-vetting,failed-vetting
BET EMF33,EMF33_tax_lo_none,1.226142,0.8701163783833911,2.07442562697539,6.18606889036303,11.8505253906973,19.0562257140642,21.82595204028669,23.128013685513,24.11996028351911,25.4035219867686,failed-vetting,failed-vetting
C3IAM 1.0,SSP1_5.0,1.69378721111884,5.67910240374045,17.651515408972,39.026949473399,67.3638172589095,92.9042425150799,117.822831069803,134.648948655491,144.586397711209,149.703098091488,failed-vetting,failed-vetting
C3IAM 1.0,SSP1_BAU,1.69378721111884,5.58429186887067,17.1439450258959,37.6040100764711,64.9649031028201,89.6473157294744,114.933326828623,132.405790510462,143.274724930549,149.315822502444,failed-vetting,failed-vetting
C3IAM 1.0,SSP1_NDC,1.73714320054366,5.71981299750604,17.6614553243653,38.6909637585248,66.3238871785913,90.9866897842759,115.910240305673,133.052405076223,143.691011251336,149.599659737563,failed-vetting,failed-vetting
C3IAM 1.0,SSP2_5.0,1.69378721111884,3.1887569657394,6.85591340203375,12.2324634702883,19.6159802895493,25.8351799262937,37.1796175262012,47.01850947763,54.2531632976253,59.3974794942668,failed-vetting,failed-vetting
C3IAM 1.0,SSP2_BAU,1.69378721111884,3.11924592499379,6.52434203729087,11.2092069100962,17.3964699614102,22.2704113506632,31.6379926282293,40.1559987049829,46.6467240371639,51.2133829527842,failed-vetting,failed-vetting
C3IAM 1.0,SSP2_NDC,1.79006024618687,3.27850214212703,6.92718092024147,11.9470870492611,18.4328318155769,23.459866034715,32.9101897372453,41.3259178076442,47.674629898483,52.1301318646836,failed-vetting,failed-vetting
C3IAM 1.0,SSP3_5.5,1.69378721111884,2.81051373204857,3.74336920356422,4.40993484052953,5.01932777454669,5.50803514470997,6.25836445243318,7.03009578902348,7.82666987226741,8.59628432381131,failed-vetting,failed-vetting
C3IAM 1.0,SSP3_BAU,1.69378721111884,2.44775258623086,3.13150090851268,3.43524360680165,3.58865237485413,3.38079578170965,3.28592936189767,3.12427436324844,2.97137547540436,2.82248090281161,failed-vetting,failed-vetting
C3IAM 1.0,SSP3_NDC,1.82568060569816,2.74018701038229,3.54761639882903,3.90308986890426,4.07519123769988,3.87852476804718,3.77469008636887,3.60339293069426,3.44034759698348,3.28423172190211,failed-vetting,failed-vetting
C3IAM 2.0,2C-hybrid,1.4495197790844512,4.42286810342827,6.860373507227981,7.961239677470457,10.16585778514528,15.5449533843177,46.56141412327787,52.68861656393925,50.04950598308184,42.21213903823709,no-climate-assessment,no-climate-assessment
C3IAM 2.0,2C-normal,1.4495197790844512,4.491237145105945,7.933587593832309,10.88051089072596,14.09695957329756,20.36387563888035,53.54369973517269,59.69652732531882,63.17900965623566,66.72515440000811,no-climate-assessment,no-climate-assessment
C3IAM 2.0,2C-with BECCS,1.4495197790844512,4.467507752672878,7.922502353170981,10.84104283383554,14.06160821968824,20.37021744311171,54.86404747497438,64.48765350840527,65.52676490509955,59.86341519789672,no-climate-assessment,no-climate-assessment
C3IAM 2.0,2C-with CCS,1.4495197790844512,4.422868348989184,6.860380807135956,7.961218843708458,10.16488035887164,15.52965753663714,45.69613068930661,49.33505447217473,50.24662564246894,48.69259970606056,no-climate-assessment,no-climate-assessment
C3IAM 2.0,SSP2 BAU,1.4495197790844512,4.416702344876894,7.065774849791021,9.370639755227966,11.93629023760222,16.25817736690297,33.30794751325887,39.16018645003913,41.38725720459941,43.44921172783001,no-climate-assessment,no-climate-assessment
COFFEE 1.1,CO_2Deg2020,1.2731209344,5.328308368800001,14.42198580912,40.86495656179199,77.92914246694559,121.2416234256096,181.4992597411776,226.3927175642015,249.0459494859936,257.3674428951936,C4,C4: limit warming to 2°C (>50%)
COFFEE 1.1,CO_2Deg2030,1.2731209344,5.328308368800001,9.748629188683198,39.05313887376,75.0099299553216,118.1326026269088,182.2230306543312,225.845462993472,244.5904877638752,255.144967921656,C4,C4: limit warming to 2°C (>50%)
COFFEE 1.1,CO_BAU,1.2731209344,5.328308368800001,38.7905798745,51.453602300052,68.5355397462936,75.309843942612,87.76694416743356,107.7554558020896,134.453677090752,147.0712931099568,C7,C7: limit warming to 4°C (>50%)
COFFEE 1.1,CO_Bridge,1.2731209344,5.328308368800001,30.7818268123536,46.402434293904,90.8677951774416,116.4171551547888,165.7125070069968,213.8852086375248,241.5218583023568,259.07347592208,C3,C3: limit warming to 2°C (>67%)
COFFEE 1.1,CO_CurPol,1.2731209344,5.328308368800001,7.41248429256,17.617857420384,31.0957387170768,36.91034002112832,55.748708471664,85.508105994144,107.27679676176,126.7189223397408,C6,C6: limit warming to 3°C (>50%)
COFFEE 1.1,CO_GPP,1.2731209344,5.328308368800001,30.7818268123536,45.22267897040158,81.556218039024,89.58900217492798,112.328081143632,132.9006713811841,150.129051948288,161.8640621019504,C5,C5: limit warming to 2.5°C (>50%)
COFFEE 1.1,CO_NDCplus,1.2731209344,5.328308368800001,9.748629188683198,21.942320761872,37.0734531907968,46.9544187505968,67.08680921304,96.108780075264,119.8890609167808,136.689365992032,C6,C6: limit warming to 3°C (>50%)
COFFEE 1.1,EN_INDCi2030_1000,1.2731209344,5.328308368800001,9.748629188683198,45.19849087480032,85.84736980973473,123.152245227576,167.245392187224,186.5957772706128,201.6838745575632,195.2470341902563,C4,C4: limit warming to 2°C (>50%)
COFFEE 1.1,EN_INDCi2030_1000_COV_NDCp,1.2731209344,5.309830164959998,11.3666862300624,36.5789085211872,75.61360243635839,111.9777968874096,154.8934234767216,173.2687077516336,190.1159250015456,184.7919054562128,failed-vetting,failed-vetting
COFFEE 1.1,EN_INDCi2030_1000_NDCp,1.2731209344,5.32860764544,14.2248508420032,45.18502795299311,91.05675160462562,128.891967758496,171.264906334944,192.93733015128,203.6713593140784,196.7169810162672,C4,C4: limit warming to 2°C (>50%)
COFFEE 1.1,EN_INDCi2030_1000f,1.2731209344,5.328308368800001,9.748629188683198,27.82590074200944,54.24573125363615,77.40650727783792,148.009804160904,201.2972945706532,240.1275981929673,257.4655170235761,C5,C5: limit warming to 2.5°C (>50%)
COFFEE 1.1,EN_INDCi2030_1000f_COV_NDCp,1.2731209344,5.309830164959998,11.3666862300624,21.27782318929919,47.65897118699999,70.16488364663999,134.637841811952,187.867479296304,229.5286672655088,250.2555012648144,failed-vetting,failed-vetting
COFFEE 1.1,EN_INDCi2030_1000f_NDCp,1.2731209344,5.32860764544,14.2248508420032,29.28063152118384,58.44980561364,86.51416883796001,150.922166296464,206.316529570728,240.9557614730496,258.1794628136207,failed-vetting,failed-vetting
COFFEE 1.1,EN_INDCi2030_1200,1.2731209344,5.328308368800001,9.748629188683198,37.21219178442278,71.27494697452377,95.65947076449038,147.4940565181767,177.7754765807754,195.2491625602259,197.6961736171804,C4,C4: limit warming to 2°C (>50%)
COFFEE 1.1,EN_INDCi2030_1200f,1.2731209344,5.328308368800001,9.748629188683198,24.58804513757759,49.16527987626719,64.7258354249328,130.786124996448,185.004097062624,235.402606324944,257.964582271248,C5,C5: limit warming to 2.5°C (>50%)
COFFEE 1.1,EN_INDCi2030_1400,1.2731209344,5.328308368800001,9.748629188683198,26.86425054873119,51.98235177461759,70.37170389961919,131.8601953283328,171.80147989584,192.796895707488,202.0708107634608,C5,C5: limit warming to 2.5°C (>50%)
COFFEE 1.1,EN_INDCi2030_1400f,1.2731209344,5.328308368800001,9.748629188683198,22.9617109463472,46.0662796037232,60.02475180772321,115.79139629424,173.8154883242995,228.655402177104,255.6502532230608,C5,C5: limit warming to 2.5°C (>50%)
COFFEE 1.1,EN_INDCi2030_1600,1.2731209344,5.328308368800001,9.748629188683198,23.59748009016,47.17876961999521,61.09803357562079,115.725714437952,163.69244183808,189.507192638688,201.540913805808,C5,C5: limit warming to 2.5°C (>50%)
COFFEE 1.1,EN_INDCi2030_1600f,1.2731209344,5.328308368800001,9.748629188683198,22.415763665808,43.6736160555408,57.46430279116799,95.032836530208,157.85055362592,216.2640156867359,247.804667956296,C5,C5: limit warming to 2.5°C (>50%)
COFFEE 1.1,EN_INDCi2030_1800,1.2731209344,5.328308368800001,9.748629188683198,22.4061616476,43.4502478258272,57.053140239024,88.96103706528,145.486367093232,184.57440190704,201.4115037925824,C5,C5: limit warming to 2.5°C (>50%)
COFFEE 1.1,EN_INDCi2030_1800f,1.2731209344,5.328308368800001,9.748629188683198,22.300049882448,40.7294143008336,53.7208177988736,83.60933440551841,143.641614688992,200.660898414528,235.2542205076416,C5,C5: limit warming to 2.5°C (>50%)
COFFEE 1.1,EN_INDCi2030_2000,1.2731209344,5.328308368800001,9.748629188683198,21.83087878199999,39.9972509043696,52.23616441407359,81.1507717211616,127.590889466304,179.749855940976,199.65382406928,C5,C5: limit warming to 2.5°C (>50%)
COFFEE 1.1,EN_INDCi2030_2000f,1.2731209344,5.328308368800001,9.748629188683198,21.84673268606399,39.5740700362368,51.7056316685856,81.13774935254399,125.839994126832,185.8625400985776,215.3276774125776,C5,C5: limit warming to 2.5°C (>50%)
COFFEE 1.1,EN_INDCi2030_2500,1.2731209344,5.328308368800001,9.748629188683198,21.352206042432,36.366589509336,46.2755623452624,75.8747090530224,106.81122527496,146.619344598048,175.1358286375199,C6,C6: limit warming to 3°C (>50%)
COFFEE 1.1,EN_INDCi2030_2500f,1.2731209344,5.328308368800001,9.748629188683198,21.352206042432,36.366589509336,46.2755623452624,75.8747090530224,106.81122527496,146.619344598048,175.1358286375199,C6,C6: limit warming to 3°C (>50%)
COFFEE 1.1,EN_INDCi2030_400f,1.2731209344,5.328308368800001,9.748629188683198,50.22661902088319,98.01858137988958,139.5277950125088,199.8306264716065,231.9591134866464,250.544645990352,260.9453331493488,C2,C2: return warming to 1.5°C (>50%) after a high overshoot
COFFEE 1.1,EN_INDCi2030_500,1.2731209344,5.328308368800001,9.748629188683198,171.5431744580688,187.4869467842592,197.3119897003248,211.7510624711088,189.2352890038608,187.927958500992,201.41013045024,C3,C3: limit warming to 2°C (>67%)
COFFEE 1.1,EN_INDCi2030_500f,1.2731209344,5.328308368800001,9.748629188683198,47.30285094626231,91.2804915955291,133.2337097179037,192.8288520104659,231.2750499664219,249.4312826854752,257.2479189280562,C2,C2: return warming to 1.5°C (>50%) after a high overshoot
COFFEE 1.1,EN_INDCi2030_600,1.2731209344,5.328308368800001,9.748629188683198,129.2866070699556,172.5687003284892,182.5306361553384,210.5390754926172,199.6242554923092,194.6760394521239,204.8088792123,C3,C3: limit warming to 2°C (>67%)
COFFEE 1.1,EN_INDCi2030_600_COV_NDCp,1.2731209344,5.309830164959998,11.3666862300624,96.5433754868976,152.9329064562432,165.9179331354096,196.6736771812656,195.2937094958136,190.237742464176,196.843374948528,failed-vetting,failed-vetting
COFFEE 1.1,EN_INDCi2030_600_NDCp,1.2731209344,5.32860764544,14.2248508420032,121.2952490908574,171.951420374555,185.920085360651,216.3358385952926,209.113158969792,201.650541109632,208.1801249746416,C3,C3: limit warming to 2°C (>67%)
COFFEE 1.1,EN_INDCi2030_600f,1.2731209344,5.328308368800001,9.748629188683198,40.21320182383656,77.27215300117847,120.2311605504067,183.6285627690742,226.6417934756438,245.2871356205155,255.3625378432288,C4,C4: limit warming to 2°C (>50%)
COFFEE 1.1,EN_INDCi2030_600f_COV_NDCp,1.2731209344,5.309830164959998,11.3666862300624,32.07926539918079,69.4377541747152,109.1829082124736,165.9161515721616,212.4140174823168,239.2091208445536,248.5481391721296,failed-vetting,failed-vetting
COFFEE 1.1,EN_INDCi2030_600f_NDCp,1.2731209344,5.32860764544,14.2248508420032,42.6708695974032,87.45958552550398,129.0307955944608,188.0934940902096,230.8076118521136,252.8203960532016,262.6518248484336,failed-vetting,failed-vetting
COFFEE 1.1,EN_INDCi2030_700,1.2731209344,5.328308368800001,9.748629188683198,93.0894762897324,152.2231652984796,169.587177314292,202.3714168744968,205.0209213491088,199.245590546497,202.5171447897845,C3,C3: limit warming to 2°C (>67%)
COFFEE 1.1,EN_INDCi2030_700f,1.2731209344,5.328308368800001,9.748629188683198,35.32407266700144,68.73210357059087,109.7418861265853,173.8415981100535,221.1297306756264,242.5728574220313,256.4030094827745,C4,C4: limit warming to 2°C (>50%)
COFFEE 1.1,EN_INDCi2030_800,1.2731209344,5.328308368800001,9.748629188683198,72.27261675489312,127.8743267441203,152.9687118131683,187.8667431665933,197.9481696219821,199.522606232445,197.38574236465,C3,C3: limit warming to 2°C (>67%)
COFFEE 1.1,EN_INDCi2030_800f,1.2731209344,5.328308368800001,9.748629188683198,31.23180913586759,60.59828764577951,96.63975134450538,164.7577207079097,217.6847449144795,242.1913581932065,257.4346025424751,C4,C4: limit warming to 2°C (>50%)
COFFEE 1.1,EN_INDCi2030_900,1.2731209344,5.328308368800001,9.748629188683198,54.12008012574354,101.9211484908741,134.1411368333742,171.779081992304,187.5298001280685,198.8524915586766,191.9994418951593,C3,C3: limit warming to 2°C (>67%)
COFFEE 1.1,EN_INDCi2030_900f,1.2731209344,5.328308368800001,9.748629188683198,29.7550782407556,56.92596959274336,87.58917833283317,156.9076252647907,210.0775546952088,240.0336792075156,256.6544835300997,C4,C4: limit warming to 2°C (>50%)
COFFEE 1.1,EN_INDCi2100,1.2731209344,5.328308368800001,9.748629188683198,22.4130960734112,37.5561543200832,44.0864575654032,63.21960528868799,88.7924216450736,109.0331204906736,125.7190599717936,C6,C6: limit warming to 3°C (>50%)
COFFEE 1.1,EN_INDCi2100_COV_NDCp,1.2731209344,5.32248240816,11.3666862300624,19.4188382003664,36.9008164670112,44.17382510037216,63.87089172950016,91.09436304530016,110.8288892232202,126.4715242109856,C6,C6: limit warming to 3°C (>50%)
COFFEE 1.1,EN_INDCi2100_NDCp,1.2731209344,5.32860764544,14.2248508420032,22.5280636519392,41.07262540753439,47.70427381783198,66.02458051670398,96.38577192070082,118.7495531893728,134.5316719196448,failed-vetting,failed-vetting
COFFEE 1.1,EN_NPi2020_1000,1.2731209344,5.328308368800001,16.1166579604704,42.4256720286528,82.57760153206559,122.2350236571888,167.8875705973008,188.5645668493008,205.5270671399174,195.4637398370016,C4,C4: limit warming to 2°C (>50%)
COFFEE 1.1,EN_NPi2020_1000_COV,1.2731209344,5.32248240816,13.25099979069984,32.12374388174928,68.0205818822256,105.814337593824,152.4956018183856,170.946917872416,188.056392203808,182.8784781296928,failed-vetting,failed-vetting
COFFEE 1.1,EN_NPi2020_1000f,1.2731209344,5.328308368800001,9.09887063112,24.17439977961638,56.8868511033936,88.74608825692803,153.42239307312,206.481633949296,240.263823455568,256.40682771312,C5,C5: limit warming to 2.5°C (>50%)
COFFEE 1.1,EN_NPi2020_1000f_COV,1.2731209344,5.32248240816,7.549481249279999,19.296773101296,47.1627557464176,68.7671877039264,138.20525209512,187.9675591581216,229.447432364904,249.508343071152,failed-vetting,failed-vetting
COFFEE 1.1,EN_NPi2020_1200,1.2731209344,5.328308368800001,13.3980995938896,30.29448279325968,64.2456734166864,103.33737908712,157.1037277270896,185.3671590772185,204.8616395555673,199.1166835112871,C4,C4: limit warming to 2°C (>50%)
COFFEE 1.1,EN_NPi2020_1200f,1.2731209344,5.328308368800001,8.88244942301136,21.65832979767359,51.3659902100256,72.9924266732832,141.47058335472,196.4919113625888,237.9165339540125,257.8002694904304,C5,C5: limit warming to 2.5°C (>50%)
COFFEE 1.1,EN_NPi2020_1400,1.2731209344,5.328308368800001,9.04391788968,23.11288773749279,55.6935518058336,82.86329287638719,143.7945557112,184.37352759972,203.719670971272,207.12725049924,C5,C5: limit warming to 2.5°C (>50%)
COFFEE 1.1,EN_NPi2020_1400f,1.2731209344,5.328308368800001,7.94139110496,20.20896420033599,45.7959189449592,64.9288800918072,124.590424750272,181.0685800540642,232.6637750915361,253.589547342888,C5,C5: limit warming to 2.5°C (>50%)
COFFEE 1.1,EN_NPi2020_1600,1.2731209344,5.328308368800001,7.828800615504,20.309882490864,46.98053808939359,65.88224952940801,125.210309706,173.7706535136288,195.004742199696,203.382108097776,C5,C5: limit warming to 2.5°C (>50%)
COFFEE 1.1,EN_NPi2020_1600f,1.2731209344,5.328308368800001,8.31913877376,19.53902994719184,42.86324515108464,60.6849917080896,107.747752720968,166.541266171152,221.2017119062559,249.3101640066782,C5,C5: limit warming to 2.5°C (>50%)
COFFEE 1.1,EN_NPi2020_1800,1.2731209344,5.328308368800001,8.31417563808,19.573082766288,42.4977518707776,60.381120600864,103.789093150944,156.57169061664,192.6901822354559,205.535706977736,C5,C5: limit warming to 2.5°C (>50%)
COFFEE 1.1,EN_NPi2020_1800f,1.2731209344,5.328308368800001,8.042506432416,18.863461365696,40.38117310815552,57.76227642671999,92.54596077144,155.5790865649919,210.185686093824,242.08888791041,C5,C5: limit warming to 2.5°C (>50%)
COFFEE 1.1,EN_NPi2020_2000,1.2731209344,5.328308368800001,8.3407445604,18.957585193488,37.5130059291792,54.086539163616,86.763256895808,139.843505636064,187.685643035664,207.8237568563711,C5,C5: limit warming to 2.5°C (>50%)
COFFEE 1.1,EN_NPi2020_2000f,1.2731209344,5.328308368800001,8.345095708464001,18.726243720048,36.6995964620592,52.936515599328,84.38271863688,135.260276169456,191.54515782096,221.5881452611728,C5,C5: limit warming to 2.5°C (>50%)
COFFEE 1.1,EN_NPi2020_2500,1.2731209344,5.328308368800001,7.332287739984,18.349047111312,33.42684005756639,43.7586403692096,78.33969813084481,110.7782693938368,155.7270102127536,181.151060686272,C6,C6: limit warming to 3°C (>50%)
COFFEE 1.1,EN_NPi2020_2500f,1.2731209344,5.328308368800001,7.332287739984,18.349047111312,33.42684005756639,43.7586403692096,78.33969813084481,110.7782693938368,155.7270102190608,181.151060686272,C6,C6: limit warming to 3°C (>50%)
COFFEE 1.1,EN_NPi2020_400,1.2731209344,5.328308368800001,75.48642754343999,140.175910749456,181.9553613298416,191.656523736,211.5579866722157,208.133909168472,199.1851821366048,211.419059369184,C1,C1: limit warming to 1.5°C (>50%) with no or limited overshoot
COFFEE 1.1,EN_NPi2020_400_lowBECCS,1.2731209344,5.328308368800001,83.290506836256,151.1054914189679,194.130071640072,197.4528476032175,218.6124452361359,220.1979603642624,222.906333558384,244.8859679172864,C3,C3: limit warming to 2°C (>67%)
COFFEE 1.1,EN_NPi2020_400f,1.2731209344,5.328308368800001,17.499516120576,50.2297693726752,97.0876512364464,141.138526272624,200.1803402920464,239.2161509852783,258.856160526144,262.1500792296624,C2,C2: return warming to 1.5°C (>50%) after a high overshoot
COFFEE 1.1,EN_NPi2020_400f_lowBECCS,1.2731209344,5.328308368800001,25.9826941697328,66.59639649421919,126.5226765553728,165.3383188191312,222.9331612871952,262.66988164932,284.1302229391152,290.652222244752,C3,C3: limit warming to 2°C (>67%)
COFFEE 1.1,EN_NPi2020_500,1.2731209344,5.328308368800001,54.3701666533392,110.656446620544,165.0723038668944,179.6365307194848,205.9492071453408,208.9655236525248,200.103060412656,204.8607492009408,C3,C3: limit warming to 2°C (>67%)
COFFEE 1.1,EN_NPi2020_500f,1.2731209344,5.328308368800001,16.814834744832,46.41260107141439,89.96484442914718,132.3175524093072,190.6540129558512,231.9264656628912,254.6193102664896,258.5816543311977,C2,C2: return warming to 1.5°C (>50%) after a high overshoot
COFFEE 1.1,EN_NPi2020_600,1.2731209344,5.328308368800001,39.1383396754992,89.9623170868032,148.9870677713328,169.2821458730592,199.8687285127872,208.31048066736,203.2641661824864,201.8761775125344,C3,C3: limit warming to 2°C (>67%)
COFFEE 1.1,EN_NPi2020_600_COV,1.2731209344,5.32248240816,29.5089628427424,72.29045006582399,128.0284313810256,150.740359837344,178.309708682256,190.3223364912,189.235666511856,187.54177914648,failed-vetting,failed-vetting
COFFEE 1.1,EN_NPi2020_600f,1.2731209344,5.328308368800001,14.42198580912,40.86495656179199,77.92914246694559,121.2416234256096,181.4992597411776,226.3927175642015,249.0459494859936,257.3674428951936,C4,C4: limit warming to 2°C (>50%)
COFFEE 1.1,EN_NPi2020_600f_COV,1.2731209344,5.32248240816,12.5129802807648,27.79952667874128,60.68499356871359,102.6570862958256,161.8542404733456,210.430211885856,239.060377339632,247.4291944746,failed-vetting,failed-vetting
COFFEE 1.1,EN_NPi2020_700,1.2731209344,5.328308368800001,30.3586836612768,72.073575953136,130.5342220437547,159.7023440413243,190.5653488854139,207.4790570508475,208.2332900591323,198.5931084197664,C3,C3: limit warming to 2°C (>67%)
COFFEE 1.1,EN_NPi2020_700f,1.2731209344,5.328308368800001,13.7517160416336,34.15924706332319,70.5970268378352,112.8658186289088,171.9550631332353,219.0220493706144,244.7818269061536,257.398423590384,C4,C4: limit warming to 2°C (>50%)
COFFEE 1.1,EN_NPi2020_800,1.2731209344,5.328308368800001,21.0586015872288,58.68657120023999,113.0577040970669,148.5751703540717,182.675241128854,203.300685797014,207.4303598480784,195.82983777312,C3,C3: limit warming to 2°C (>67%)
COFFEE 1.1,EN_NPi2020_800f,1.2731209344,5.328308368800001,12.3327375121296,30.27608093176848,64.53045525330717,105.0500064713616,166.5456132857616,217.572623671968,243.3026509335072,254.935027518912,C4,C4: limit warming to 2°C (>50%)
COFFEE 1.1,EN_NPi2020_900,1.2731209344,5.328308368800001,17.521923426192,50.046612031152,97.16284019388958,134.5722613785936,172.3722051818736,193.4056263516336,204.9620551729776,193.87272528144,C3,C3: limit warming to 2°C (>67%)
COFFEE 1.1,EN_NPi2020_900f,1.2731209344,5.328308368800001,10.29537059616,26.61985885187088,61.58487684592368,97.60619861255088,159.028162281288,212.6874188122416,242.0125741294416,255.7353934567583,C4,C4: limit warming to 2°C (>50%)
COFFEE 1.1,EN_NPi2100,1.2731209344,5.328308368800001,7.41248429256,17.617857420384,31.0957387170768,36.91034002112832,55.748708471664,85.508105994144,107.27679676176,126.7189223397408,C6,C6: limit warming to 3°C (>50%)
COFFEE 1.1,EN_NPi2100_COV,1.2731209344,5.32248240816,6.732145424016001,16.072253525376,28.7123086006416,33.7447679867424,50.9445982025712,78.54688665177119,98.7108410172672,117.5918391142128,failed-vetting,failed-vetting
COPPE-COFFEE 1.0,CD-LINKS_INDC2030i_1600,1.3902298704,2.74388365728,7.299000063403199,9.5933902012272,12.068770813632,28.49146205256,71.111564817408,109.223442171216,128.07503963064,134.112874981248,failed-vetting,failed-vetting
COPPE-COFFEE 1.0,CD-LINKS_INDCi,1.3902298704,2.74388365728,7.000058067982559,6.77515126305456,5.477896988064,11.662383442608,18.5205046536,21.8986964233488,26.333978867712,31.0138702730539,failed-vetting,failed-vetting
COPPE-COFFEE 1.0,CD-LINKS_NDC2030i_1000,1.3902298704,2.74388365728,7.305402088370879,11.977174785456,26.9625095345232,70.2414726858,110.213069741654,120.927789499954,125.841374189496,133.153323590448,failed-vetting,failed-vetting
COPPE-COFFEE 1.0,CD-LINKS_NPi,1.3902298704,2.015418456,3.845862314784,5.163702968592,8.09280127512,15.03443101248,18.8728619004,21.684733326288,27.515092544496,31.0389829906147,failed-vetting,failed-vetting
COPPE-COFFEE 1.0,CD-LINKS_NPi2020_1000,1.3902298704,2.0976674976,4.601839680144,10.995035103936,29.061792552024,72.4661658290448,111.911887315973,120.988802290608,125.377432719696,133.151091548054,failed-vetting,failed-vetting
COPPE-COFFEE 1.0,CD-LINKS_NPi2020_1600,1.3902298704,2.0976674976,4.080475317096,7.831811452031999,14.990536511352,31.888834023816,72.930705511536,108.179330875344,125.398675236845,133.386456718656,failed-vetting,failed-vetting
COPPE-COFFEE 1.0,CD-LINKS_NPi2020_400,1.3902298704,2.7623612304,8.3761096016016,29.1793725917136,72.385129242576,103.777500848472,116.303388356765,121.91425071408,126.723657350304,136.186901661514,failed-vetting,failed-vetting
DNE21+ V.14C,CD-LINKS_INDC2030i_1600,1.22868512352,3.76386537384,4.57721575056,5.5543596048,6.162076974240001,68.79563632970779,85.36490706338382,99.43827606890395,113.41595386425766,126.3087102973665,no-climate-assessment,no-climate-assessment
DNE21+ V.14C,CD-LINKS_INDCi,1.22868512352,3.71313224352,4.53505216248,5.26547961576,5.5608407712,68.79563632970779,85.36490706338382,99.43827606890395,113.41595386425766,126.3087102973665,no-climate-assessment,no-climate-assessment
DNE21+ V.14C,CD-LINKS_NDC2030i_1000,1.22868512352,3.665171612159998,4.6387148184,8.37262280088,8.84531587032,68.79563632970779,85.36490706338382,99.43827606890395,113.41595386425766,126.3087102973665,no-climate-assessment,no-climate-assessment
DNE21+ V.14C,CD-LINKS_NPi,1.22868512352,2.7870815844,2.9683742112,3.414458491920001,3.65012090352,68.79563632970779,85.36490706338382,99.43827606890395,113.41595386425766,126.3087102973665,no-climate-assessment,no-climate-assessment
DNE21+ V.14C,CD-LINKS_NPi2020_1000,1.22868512352,3.7196494164,5.72535437832,9.32618241072,10.26713975256,68.79563632970779,85.36490706338382,99.43827606890395,113.41595386425766,126.3087102973665,no-climate-assessment,no-climate-assessment
DNE21+ V.14C,CD-LINKS_NPi2020_1600,1.22868512352,3.5246743272,4.000896031680003,6.41754294984,7.95300328296,68.79563632970779,85.36490706338382,99.43827606890395,113.41595386425766,126.3087102973665,no-climate-assessment,no-climate-assessment
DNE21+ V.14C,CD-LINKS_NPi2020_400,1.22868512352,4.78007625888,11.390649948,20.34153681768,24.12207319176,68.79563632970779,85.36490706338382,99.43827606890395,113.41595386425766,126.3087102973665,no-climate-assessment,no-climate-assessment
DNE21+ V.14C,CD-LINKS_NoPolicy,1.22868512352,1.232537816879999,1.438350856560001,2.370126546,2.49161240952,68.79563632970779,85.36490706338382,99.43827606890395,113.41595386425766,126.3087102973665,failed-vetting,failed-vetting
DNE21+ V.14E1,EMF30_BCOC-EndU,1.286007439679999,2.15387162712,2.41232614056,3.44376776664,5.5545396372,8.84828640492,12.14203317264,13.11648854304,14.09094391344,15.06539928384,failed-vetting,failed-vetting
DNE21+ V.14E1,EMF30_Baseline,1.286007439679999,2.15401565304,2.40714120744,3.4460001684,5.582804724,8.89356455352,12.20432438304,13.22321174976,14.24209911648,15.2609864832,failed-vetting,failed-vetting
DNE21+ V.14E1,EMF30_CH4-Only,1.286007439679999,2.15401565304,2.40714120744,3.4460001684,5.582804724,8.89356455352,12.20432438304,13.22321174976,14.24209911648,15.2609864832,failed-vetting,failed-vetting
DNE21+ V.14E1,EMF30_ClimPolicy,1.286007439679999,5.72117762664,8.37399104712,11.74070494656,14.09916539304,15.65392519944,17.20868500584,20.85896193744,24.50923886904,28.15951580064,failed-vetting,failed-vetting
DNE21+ V.14E1,EMF30_ClimPolicy+SLCF,1.286007439679999,5.721501684959999,8.411329766880003,11.75780802456,14.12761051224,15.69835719576,17.26910387928,20.76358077192,24.25805766456,27.7525345572,failed-vetting,failed-vetting
DNE21+ V.14E1,EMF30_D_BCOC-Red,1.286007439679999,2.15401565304,2.40714120744,3.4460001684,5.582804724,8.89356455352,12.20432438304,13.22321174976,14.24209911648,15.2609864832,failed-vetting,failed-vetting
DNE21+ V.14E1,EMF30_D_CH4-ClimPolicy,1.286007439679999,2.15401565304,2.40714120744,3.4460001684,5.582804724,8.89356455352,12.20432438304,13.22321174976,14.24209911648,15.2609864832,failed-vetting,failed-vetting
DNE21+ V.14E1,EMF30_D_CO2-Only,1.286007439679999,5.72117762664,8.37399104712,11.74070494656,14.09916539304,15.65392519944,17.20868500584,20.85896193744,24.50923886904,28.15951580064,failed-vetting,failed-vetting
DNE21+ V.14E1,EMF30_D_Frozen-EF-EndU,1.286007439679999,2.15401565304,2.40714120744,3.4460001684,5.582804724,8.89356455352,12.20432438304,13.22321174976,14.24209911648,15.2609864832,failed-vetting,failed-vetting
DNE21+ V.14E1,EMF30_SLCF,1.286007439679999,2.15387162712,2.41232614056,3.44376776664,5.5545396372,8.84828640492,12.14203317264,13.11648854304,14.09094391344,15.06539928384,failed-vetting,failed-vetting
DNE21+ V.14E1,EMF30_Slower-Action,1.286007439679999,2.28453914304,4.12591053024,5.28924389256,7.312123945439999,10.77650542188,14.24088689832,15.1441454556,16.04740401288,16.95066257016,failed-vetting,failed-vetting
DNE21+ V.14E1,EMF30_Slower-Action+SLCF,1.286007439679999,2.28086648208,3.39605918064,5.117925060719999,7.286127266880001,10.70830914876,14.13049103064,15.0418870524,15.95328307416,16.86467909592,failed-vetting,failed-vetting
DNE21+ V.14E1,EMF30_Slower-to-faster,1.286007439679999,2.34506603592,3.64644824256,13.6783216548,15.48195825096,18.51701646312,21.55207467528,24.56909364096,27.58611260664,30.60313157232,failed-vetting,failed-vetting
DNE21+ V.14E1,EMF30_Slower-to-faster+SLCF,1.286007439679999,2.34308567952,3.7380127212,13.64782416624,15.46229871288,18.5094911088,21.55668350472,24.57903142944,27.60137935416,30.62372727888,failed-vetting,failed-vetting
DNE21+ V.14E1,EMF30_Slower-to-faster+SLCF+HFC,1.286007439679999,2.30016595536,3.6395349984,13.67900577792,15.486387048,18.51937488756,21.55236272712,24.5707619412,27.58916115528,30.60756036936,failed-vetting,failed-vetting
DNE21+ V.14E2,EMF33_1.5C_cost100,1.2245803848,2.70869547744,5.71552460928,9.7168887252,12.7371122676,17.9693038926,23.2014955176,25.90749050904,28.61348550048,31.31948049192,failed-vetting,failed-vetting
DNE21+ V.14E2,EMF33_1.5C_full,1.22465239776,2.708659470959999,5.52508633656,9.4063328352,12.03574204368,16.97613715476,21.91653226584,24.07314038544,26.22974850504,28.38635662464,failed-vetting,failed-vetting
DNE21+ V.14E2,EMF33_1.5C_limbio,1.2245803848,2.767350033359999,15.13701617256,37.11537156456,41.74958557295999,42.08657021928,42.4235548656,42.52640137464,42.62924788368,42.73209439272,failed-vetting,failed-vetting
DNE21+ V.14E2,EMF33_1.5C_nofuel,1.2245803848,2.708659470959999,5.52746276424,9.33385179096,12.1473261252,17.01048733668,21.87364854816,24.0474677652,26.22128698224,28.39510619928,failed-vetting,failed-vetting
DNE21+ V.14E2,EMF33_Baseline,1.22483243016,2.42121974112,2.444839992,2.6018282448,2.84123533032,4.58888185008,6.33652836984,8.42614043232,10.5157524948,12.60536455728,failed-vetting,failed-vetting
DNE21+ V.14E2,EMF33_Med2C_cost100,1.22465239776,2.708659470959999,3.00776530032,7.0767135792,8.14002094008,11.44710810864,14.7541952772,17.06128647887999,19.36837768056,21.67546888224,failed-vetting,failed-vetting
DNE21+ V.14E2,EMF33_Med2C_full,1.22465239776,2.708659470959999,2.83619442312,6.65695003536,7.44426772704,10.6215515352,13.79883534336,16.1134398972,18.42804445104,20.74264900488,failed-vetting,failed-vetting
DNE21+ V.14E2,EMF33_Med2C_limbio,1.224616391279999,2.708659470959999,4.06307922264,7.48988793720001,8.80513263864,13.18785938748,17.57058613632001,20.56494502392,23.55930391152,26.55366279912,failed-vetting,failed-vetting
DNE21+ V.14E2,EMF33_Med2C_nobeccs,1.22454437832,2.708587458,4.936812466319999,8.63464195584,10.4696041896,14.74856026308,19.02751633656,22.435637688,25.84375903944,29.25188039088,failed-vetting,failed-vetting
DNE21+ V.14E2,EMF33_Med2C_nofuel,1.2245803848,2.708659470959999,2.8360503972,6.65619389928,7.44318753264,10.61737478352,13.7915620344,16.10631061416,18.42105919392,20.73580777368,failed-vetting,failed-vetting
DNE21+ V.14E2,EMF33_Med2C_none,1.22465239776,2.70862346448,4.96615774752,8.89730922744,10.7259703272,15.6715503714,20.6171304156,24.39639456072,28.17565870584,31.95492285096,failed-vetting,failed-vetting
DNE21+ V.14E2,EMF33_WB2C_cost100,1.2245803848,2.70862346448,4.44060716544,7.55822823624,8.69902154208,13.32697042296,17.95491930384,20.6686796928,23.38244008176,26.09620047072,failed-vetting,failed-vetting
DNE21+ V.14E2,EMF33_WB2C_full,1.22472441072,2.70862346448,4.20397257888,7.050320829360001,7.947494291519999,12.42335180088,16.89920931024,19.28421853464,21.66922775904,24.05423698344,failed-vetting,failed-vetting
DNE21+ V.14E2,EMF33_WB2C_limbio,1.2245803848,2.708659470959999,5.620539515040001,9.03136135248,12.28616711208,17.1720304092,22.05789370632,25.82363141712,29.58936912792,33.35510683872,failed-vetting,failed-vetting
DNE21+ V.14E2,EMF33_WB2C_nobeccs,1.22468840424,2.74056121224,12.57303073824,20.36782154808,25.2886111308,28.97787107808,32.66713102536,35.28817472832,37.90921843128,40.53026213424,failed-vetting,failed-vetting
DNE21+ V.14E2,EMF33_WB2C_nofuel,1.22468840424,2.708659470959999,4.20181219008,7.007473118160001,7.91490842712,12.42054329544,16.92617816376001,19.32902259792,21.73186703208,24.13471146624,failed-vetting,failed-vetting
DNE21+ V.14E2,EMF33_WB2C_none,1.22465239776,2.744665950959999,13.58005997088,22.18110788088,27.58730082048,31.08644655336,34.58559228624,36.49768040016,38.40976851408,40.321856628,failed-vetting,failed-vetting
DNE21+ V.14E2,EMF33_tax_hi_full,1.22425632648,2.42064363744,2.795435087759999,6.02690864832,6.881090373360001,9.8736069294,12.86612348544,15.11418806424,17.36225264304,19.61031722184,failed-vetting,failed-vetting
DNE21+ V.14E2,EMF33_tax_hi_none,1.22436434592,2.42064363744,2.79413885448,5.9911182072,6.98828166432,10.55438144676,14.1204812292,17.63293735752,21.14539348584,24.65784961416,failed-vetting,failed-vetting
DNE21+ V.14E2,EMF33_tax_lo_full,1.22418431352,2.42049961152,2.63542229064,3.77920413432,4.91949334944,8.23174744788,11.54400154632,13.77694340352,16.00988526072,18.24282711792,failed-vetting,failed-vetting
DNE21+ V.14E2,EMF33_tax_lo_none,1.22422032,2.420607630959999,2.63268579816,3.77556747984,4.99089419928,8.42591239128,11.86093058328,14.731451184,17.60197178472,20.47249238544,failed-vetting,failed-vetting
E3ME 6.1,PR_Baseline,1.229,5.692,9.948,14.437,18.5,68.79563632970779,85.36490706338382,99.43827606890395,113.41595386425766,126.3087102973665,no-climate-assessment,no-climate-assessment
E3ME 6.1,PR_CP_Intensity,1.229,5.692,9.952,15.284,20.963,68.79563632970779,85.36490706338382,99.43827606890395,113.41595386425766,126.3087102973665,no-climate-assessment,no-climate-assessment
E3ME 6.1,PR_CP_Price,1.229,5.692,9.948,14.497,18.667,68.79563632970779,85.36490706338382,99.43827606890395,113.41595386425766,126.3087102973665,no-climate-assessment,no-climate-assessment
E3ME 6.1,PR_NDC_Intensity,1.229,5.714,10.733,14.775,19.512,68.79563632970779,85.36490706338382,99.43827606890395,113.41595386425766,126.3087102973665,no-climate-assessment,no-climate-assessment
E3ME 6.1,PR_NDC_Price,1.229,5.714,10.726,14.719,18.023,68.79563632970779,85.36490706338382,99.43827606890395,113.41595386425766,126.3087102973665,no-climate-assessment,no-climate-assessment
FARM 3.2,EMF33_Baseline,1.43745170123346,2.90468152799533,10.591371661146,32.8093849470963,52.9734413106246,65.050865117823,72.81531974406009,76.593709934769,77.75555655757421,77.4802355128229,failed-vetting,failed-vetting
FARM 3.2,EMF33_Med2C_full,1.43745171736316,2.90468151065714,31.15579957001561,88.9400474199815,144.967834845403,175.057013533362,182.471341946012,180.110498315382,176.036905005609,171.526083319355,failed-vetting,failed-vetting
FARM 3.2,EMF33_Med2C_nobeccs,1.437468583205939,2.9045441770574,31.1029444273582,88.66981768444927,145.119130232493,188.164394466509,233.257354676296,266.756692604476,286.818893831561,303.859343942778,failed-vetting,failed-vetting
FARM 3.2,EMF33_Med2C_nofuel,1.43738813046057,2.90519698760092,31.2861170319275,89.5394893806867,146.85983247338,176.843270952205,182.8024291668109,179.7274436108,175.23002733046,170.199692079237,failed-vetting,failed-vetting
FARM 3.2,EMF33_Med2C_none,1.437386539529689,2.90520984049622,31.2928595972474,89.59272979319121,148.674640692114,197.188561459961,252.795872827115,289.807829454742,305.26295654631,312.081224316786,failed-vetting,failed-vetting
FARM 3.2,EMF33_WB2C_full,1.43745171736316,2.90468151065714,67.3185862817478,142.654685873882,165.531156365019,172.452759412424,174.204901416264,172.444795597734,168.970552228732,164.861052055753,failed-vetting,failed-vetting
FARM 3.2,EMF33_WB2C_nobeccs,1.437468583205939,2.9045441770574,67.9854436207481,178.226083997649,233.665750272805,259.533429260484,279.350330885563,292.312440858646,298.060597592295,297.042139308707,failed-vetting,failed-vetting
FARM 3.2,EMF33_WB2C_nofuel,1.43738813046057,2.90519698760092,67.9586331388583,143.086199407973,165.089327585877,171.485573385543,172.86343629278,170.800901782716,167.011418941127,162.491718129972,failed-vetting,failed-vetting
FARM 3.2,EMF33_WB2C_none,1.43738812555187,2.90519703153538,69.2170093466546,188.564694869244,248.289854337733,270.62405632411,282.990637255528,287.218797950991,285.165812934952,276.623837582722,failed-vetting,failed-vetting
FARM 3.2,EMF33_tax_hi_full,1.43746858814587,2.904544132841709,32.3107964552944,85.6848987720537,127.588616425017,155.883294722012,177.151880834425,181.024195448952,170.286025686233,163.249350571211,failed-vetting,failed-vetting
FARM 3.2,EMF33_tax_hi_none,1.437386539529689,2.90520984049622,32.3459940433231,85.83738603967551,128.024288535329,157.438296995135,186.31802398431,219.960462559917,260.67704381371,296.244999105789,failed-vetting,failed-vetting
FARM 3.2,EMF33_tax_lo_full,1.43746858814587,2.904544132841709,22.2416147832285,63.85446022574921,98.00031994257692,117.626267494462,130.070478867695,138.985057832827,147.519434538131,156.831476034396,failed-vetting,failed-vetting
FARM 3.2,EMF33_tax_lo_none,1.437386539529689,2.90520984049622,22.2604998027505,63.924607688992,98.149381131416,117.863952054638,130.439166026348,139.627804594985,148.937343570994,160.490395600881,failed-vetting,failed-vetting
GCAM 4.0,20% abatement (FF&I),1.230043023,4.740150131,10.890884372,16.55785881,21.24974741399999,23.69204688900001,26.55257187,29.772682941,34.24644800200001,38.59295768599999,no-climate-assessment,no-climate-assessment
GCAM 4.0,20% abatement (GHG),1.230043023,4.452587939,10.515201879,16.759018291,22.047708731,24.471546424,26.82600107000001,29.689678497,34.091902408,38.682529344,no-climate-assessment,no-climate-assessment
GCAM 4.0,450 concentration,1.230043023,4.676662676999999,9.551274544999998,15.931013158,23.505332077,31.517216137,38.01472882100001,42.720681265,47.85740498999999,55.659797932,no-climate-assessment,no-climate-assessment
GCAM 4.0,50% abatement (FF&I),1.230043023,5.55252079,12.972116923,19.430403538,24.970403755,26.147115451,28.52448501200001,31.10287410099999,37.44939003900001,42.160043482,no-climate-assessment,no-climate-assessment
GCAM 4.0,50% abatement (GHG),1.230043023,5.067067075000001,13.342725543,20.617985577,27.220628291,27.56913310400001,29.27749948,31.28000439700001,38.41511287500001,43.92354990900001,no-climate-assessment,no-climate-assessment
GCAM 4.0,550 concentration,1.230043023,4.534097034,8.810924660000001,14.02241613200001,19.849519571,27.97604709600001,36.020509162,48.76667157,69.42555201199998,50.82796174999999,no-climate-assessment,no-climate-assessment
GCAM 4.0,650 concentration,1.230043023,4.392881678999999,8.023489264,11.960783177,15.329253074,19.79172076,25.59025208900001,35.21171209,42.82921885700001,55.122311776,no-climate-assessment,no-climate-assessment
GCAM 4.0,Core baseline,1.230043023,4.350002454999999,7.54550403,10.69958213,12.819637828,15.203710977,16.962016894,19.94166980199999,22.147210628,23.926181826,no-climate-assessment,no-climate-assessment
GCAM 4.0,High CO2 price,1.230043023,6.953624920000002,15.442903302,23.232351951,28.961622023,32.83056913,38.017470046,45.297236762,55.767966068,65.59546861000001,failed-vetting,failed-vetting
GCAM 4.0,Low CO2 price,1.230043023,4.507215189,8.584973762999999,13.165628391,17.341233786,22.787054046,29.063085847,36.77636598,42.63527434299999,46.81531781,no-climate-assessment,no-climate-assessment
GCAM 4.0,Policy baseline,1.230043023,4.596143120999999,9.009786278,14.348206987,18.486197724,23.23511861800001,27.405373891,32.204054221,35.94811349000001,40.341198514,no-climate-assessment,no-climate-assessment
GCAM 4.2,ADVANCE_2020_1.5C-2100,1.2301945939,2.884391775,13.82337389,27.625857569,42.595202856,52.611827289,67.081729862,88.48081000200001,112.781701787,130.612350796,failed-vetting,failed-vetting
GCAM 4.2,ADVANCE_2020_Med2C,1.2301945939,2.884391775,6.402288636000002,13.712739822,26.150117204,42.04011463,55.94667185,69.091138246,80.380333445,97.53806757,failed-vetting,failed-vetting
GCAM 4.2,ADVANCE_2020_WB2C,1.2301945939,2.884391765,8.228928685,20.519197467,35.606010449,49.09930948100001,59.265178448,73.885121997,94.065851926,115.489098114,failed-vetting,failed-vetting
GCAM 4.2,ADVANCE_2030_1.5C-2100,1.2301945939,2.884391463999999,7.099127617000001,31.204775154,46.441690077,61.761681486,72.486484662,95.820393554,114.503418304,134.926170466,failed-vetting,failed-vetting
GCAM 4.2,ADVANCE_2030_Med2C,1.2301945939,2.884391975,7.099138654,13.032702472,25.145497346,40.760380548,55.669988014,68.890835146,80.474861252,96.332447818,failed-vetting,failed-vetting
GCAM 4.2,ADVANCE_2030_Price1.5C,1.2301945939,2.884391765,7.099130125,27.654432679,42.869541871,56.937987289,66.02881469,88.189082126,109.229350696,131.215246851,failed-vetting,failed-vetting
GCAM 4.2,ADVANCE_2030_WB2C,1.2301945939,2.884391975,7.099138654,20.736330678,36.397761817,50.673363395,59.941915529,74.706345309,95.364793088,117.687049689,failed-vetting,failed-vetting
GCAM 4.2,ADVANCE_NoPolicy,1.2301941,2.622639023,5.119352283,7.960352647000001,11.411624833,14.855367868,18.222057946,24.178509986,29.37285805,33.546901076,failed-vetting,failed-vetting
GCAM 4.2,EMF30_BCOC-EndU,1.2301941,2.497376437,4.901097639,7.822013211,11.603671778,15.434684874,18.84589916,24.413854309,29.460755111,34.122487768,failed-vetting,failed-vetting
GCAM 4.2,EMF30_Baseline,1.2301941,2.468608326,4.772984074,7.670536773999999,11.47192569,15.37671198,18.79680096,24.29896835,29.30124058,34.02321869,failed-vetting,failed-vetting
GCAM 4.2,EMF30_CH4-Only,1.2301941,2.487350683,5.031204423,8.392662593999999,12.684486948,16.895604956,20.429612392,26.090816378,31.20782368,36.120176636,failed-vetting,failed-vetting
GCAM 4.2,EMF30_ClimPolicy,1.2301941,2.420293405,8.147839011,20.40840807,35.80114147,49.40974033,60.57727884,75.94206481,95.60848934,116.9174219,failed-vetting,failed-vetting
GCAM 4.2,EMF30_ClimPolicy+SLCF,1.2301941,2.483065341999999,8.651992632,21.126125016,36.384336215,49.47227264399999,59.852917967,73.681333979,91.970019042,112.281762337,failed-vetting,failed-vetting
GCAM 4.2,EMF30_D_CH4-ClimPolicy,1.2301941,2.470029222,4.792176108,7.730059284,11.59899994,15.604122522,19.180149796,25.049181848,30.611907155,36.165026109,failed-vetting,failed-vetting
GCAM 4.2,EMF30_D_CO2-Only,1.2301941,2.390044384,7.891732026000001,19.775874847,34.834295433,48.13789613399999,58.600509993,72.45722387,91.256935013,112.644716923,failed-vetting,failed-vetting
GCAM 4.2,EMF30_D_Frozen-CH4,1.2301941,2.468608326,4.772984074,7.670536773999999,11.471925685,15.376711982,18.796800959,24.298968352,29.30124058,34.023218694,failed-vetting,failed-vetting
GCAM 4.2,EMF30_D_Frozen-EF,1.2301941,2.468608326,4.772984074,7.670536773999999,11.47192569,15.37671198,18.79680096,24.29896835,29.30124058,34.02321869,failed-vetting,failed-vetting
GCAM 4.2,EMF30_D_Frozen-EF-EndU,1.2301941,2.468608326,4.772984074,7.670536773999999,11.47192569,15.37671198,18.79680096,24.29896835,29.30124058,34.02321869,failed-vetting,failed-vetting
GCAM 4.2,EMF30_D_Frozen-EF-SLCF,1.2301941,2.468608326,4.772984074,7.670536773999999,11.47192569,15.37671198,18.79680096,24.29896835,29.30124058,34.02321869,failed-vetting,failed-vetting
GCAM 4.2,EMF30_SLCF,1.2301941,2.515667471,5.149238683,8.531544381,12.801826057,16.947117541,20.465968379,26.193756931,31.344720649,36.234664663,failed-vetting,failed-vetting
GCAM 4.2,EMF33_Baseline,1.2301945939,2.508114180049999,5.12717067056,8.20330908136,12.02307350291,15.4905274675,18.596780267,23.9864927001,28.7456154268,32.8252047569,failed-vetting,failed-vetting
GCAM 4.2,EMF33_Med2C_cost100,1.2301945939,2.7575185395,8.4894495047,19.8543397008,34.2442949144,47.106000987,57.947624067,71.070874535,88.569668329,106.216859842,failed-vetting,failed-vetting
GCAM 4.2,EMF33_Med2C_full,1.2301945939,2.779554043389999,7.829448776789999,17.78003925849,32.1089334342,45.31089961,56.4098146824,68.10388067699999,85.79238901,103.80822258,failed-vetting,failed-vetting
GCAM 4.2,EMF33_Med2C_limbio,1.2301945939,2.77956136601,8.509090659910001,19.89088728661,34.3086485083,46.8268308526,57.703098131,70.774281569,90.56112184,109.108458981,failed-vetting,failed-vetting
GCAM 4.2,EMF33_Med2C_nobeccs,1.2301945939,2.76576423251,10.18582720161,23.42199202771,37.565059775,49.220414376,60.1566392579,76.8873654679,97.5779922369,116.311641108,failed-vetting,failed-vetting
GCAM 4.2,EMF33_Med2C_nofuel,1.2301945939,2.76889802814,8.11293090214,18.40890238504,32.189276686,43.7506046243,52.4326378175,62.452081001,75.000578985,87.61366119459998,failed-vetting,failed-vetting
GCAM 4.2,EMF33_Med2C_none,1.2301945939,2.75365809228,10.49955277118,23.46404151548,36.8946875254,48.2875389562,60.28724358180001,78.4116359258,97.7151096938,112.124956809,failed-vetting,failed-vetting
GCAM 4.2,EMF33_WB2C_full,1.2301945939,2.779554043389999,11.21707713589,24.70308624289,38.3342353542,49.2567197589,59.8678237933,77.6244453733,98.8728618883,128.735249313,failed-vetting,failed-vetting
GCAM 4.2,EMF33_WB2C_limbio,1.2301945939,2.77956136601,14.99182309991,28.04663466670999,42.1036985644,52.0160093277,66.5828389104,87.12612795940002,109.8459960724,125.58137501,failed-vetting,failed-vetting
GCAM 4.2,EMF33_WB2C_nobeccs,1.2301945939,2.76576423251,18.51669492381,31.78403707491,46.6711511332,57.0914712956,75.20616918422,94.07354040942,115.44908392182,139.8237882222,failed-vetting,failed-vetting
GCAM 4.2,EMF33_WB2C_nofuel,1.2301945939,2.76889802814,11.97755165654,24.82818625254,36.97089412,45.5549794499,54.57334494569999,68.1756271279,81.4026173436,103.60874927763,failed-vetting,failed-vetting
GCAM 4.2,EMF33_WB2C_none,1.2301945939,2.75366073718,18.81646857578,31.33398572958,46.4066421601,57.9223599537,76.49377917359999,93.1482888095,109.1536836345,115.8102882137,failed-vetting,failed-vetting
GCAM 4.2,EMF33_tax_hi_full,1.2301945939,2.508114180049999,6.45884420385,15.80466088895,30.5055760795,45.0744557994,56.3218925114,67.390265833,83.253900393,100.291445102,failed-vetting,failed-vetting
GCAM 4.2,EMF33_tax_hi_none,1.2301945939,2.49711851124,6.30605215403,15.16857788143,29.41540878559,43.8224139632,55.15398960989999,69.025651512,83.872894878,100.066144982,failed-vetting,failed-vetting
GCAM 4.2,EMF33_tax_lo_full,1.2301945939,2.508114180049999,5.6023662383,10.9987209344,18.34075083555,26.5107948473,35.1462365683,49.32122326029999,61.456765562,72.785381604,failed-vetting,failed-vetting
GCAM 4.2,EMF33_tax_lo_none,1.2301945939,2.49711851124,5.494191256792001,10.654950384692,17.466697611352,25.1984198179,33.4595535543,47.0615666089,58.3467217542,67.935566619,failed-vetting,failed-vetting
GCAM 4.2,SSP1-19,1.2301816217,7.435688038999999,22.800181543,45.071862855,67.652115229,84.395054735,92.381369161,93.89383272,91.12167414,84.887332161,C1,C1: limit warming to 1.5°C (>50%) with no or limited overshoot
GCAM 4.2,SSP1-26,1.2301816217,7.428120151310001,16.81747692361,31.56795425691,47.68256880729999,65.748743775,79.73507055,86.34818895,85.86479405,81.38792995,no-climate-assessment,no-climate-assessment
GCAM 4.2,SSP1-34,1.2301816217,7.428120151310001,14.97472604231,26.15239131161,36.294426989,46.627070653,58.002920782,71.099387575,77.69058066,75.74022183,no-climate-assessment,no-climate-assessment
GCAM 4.2,SSP1-45,1.2301816217,7.428120151310001,14.49680844291,24.59168659021,32.8992186166,40.028780825,45.766317533,54.793730597,61.59843512699999,60.266433011,no-climate-assessment,no-climate-assessment
GCAM 4.2,SSP1-Baseline,1.23018113,6.593938622,13.718558896,23.09034013,30.564952026,35.921464086,38.717218517,43.02952219199999,45.414370793,45.40630548,no-climate-assessment,no-climate-assessment
GCAM 4.2,SSP2-19,1.2301816217,5.338372585,15.220896581,31.030245343,41.750104714,49.367855601,53.994465566,62.735123272,72.133537996,76.86386636600001,failed-vetting,failed-vetting
GCAM 4.2,SSP2-26,1.2301816217,5.33603150505,9.69053062885,25.54097639215,36.1145373838,47.07557756729999,50.2352671813,57.5496969613,66.342603,75.9665382918,failed-vetting,failed-vetting
GCAM 4.2,SSP2-34,1.2301816217,5.33603150505,9.69053062885,16.82397352615,25.9104285268,37.318562324,46.22715650399999,52.772854614,58.38219447199999,66.986871711,failed-vetting,failed-vetting
GCAM 4.2,SSP2-45,1.2301816217,5.33603150505,9.69053062885,15.38103369415,22.4891942198,33.328277743,43.49963705899999,49.043301052,50.14017055399999,53.33629030100001,failed-vetting,failed-vetting
GCAM 4.2,SSP2-60,1.2301816217,5.33603150505,9.69053062885,13.50195586525,15.9206524916,18.8781491157,22.1011151828,28.6945260941,36.7514173842,46.7017466,failed-vetting,failed-vetting
GCAM 4.2,SSP2-Baseline,1.23018113,4.897609635,8.635410092999999,12.298232775,14.454882686,16.790103597,18.433691929,21.760001936,24.121805732,25.81265907400001,no-climate-assessment,no-climate-assessment
GCAM 4.2,SSP3-Baseline,1.23018113,4.406023878,7.250961335,9.377115576,9.898444333,10.445736762,10.901475267,12.647072481,13.994792939,14.723397703,C8,C8: exceed warming of 4°C (>=50%)
GCAM 4.2,SSP4-26,1.23018113,5.740546881,18.539313431,28.559309051,35.551663413,36.346943013,39.703836445,45.11412502,53.835657011,57.810870382,failed-vetting,failed-vetting
GCAM 4.2,SSP4-34,1.2301816217,5.740546879019999,13.07824240582,22.65326056312,30.5528319398,34.8940679964,36.6298026556,39.0673459454,45.67733603,53.046786801,failed-vetting,failed-vetting
GCAM 4.2,SSP4-45,1.2301816217,5.740546879019999,11.33600254382,18.48707510012,25.5098252748,32.173977339,35.702375417,33.591428789,32.958789411,36.549791862,failed-vetting,failed-vetting
GCAM 4.2,SSP4-60,1.2301816217,5.740546879019999,9.85597731656,14.26276784726,16.32120798994,18.828396323,20.54371531074,25.51064171474,31.21503537534,36.9450793132,failed-vetting,failed-vetting
GCAM 4.2,SSP4-Baseline,1.23018113,5.193848633,9.391160751,13.480108334,15.429319957,17.075955272,17.853058999,20.971641861,23.693232585,25.993417564,C7,C7: limit warming to 4°C (>50%)
GCAM 4.2,SSP5-19,1.2301816217,5.435298798,18.31011068,35.258731116,48.34638738,55.501031958,60.378995273,72.55245216,88.707229022,102.533890019,failed-vetting,failed-vetting
GCAM 4.2,SSP5-26,1.23018113,5.430595742,10.964686502,31.839704388,44.149888704,55.555274248,55.00810771,61.246359668,77.142733194,95.12410438,failed-vetting,failed-vetting
GCAM 4.2,SSP5-34,1.2301816217,5.430595741880001,10.96468650118,24.18195309628,37.0632698001,48.4258757758,52.782985652,55.084730278,61.909119273,76.453007011,failed-vetting,failed-vetting
GCAM 4.2,SSP5-45,1.2301816217,5.430595741880001,10.96468650118,19.95468419828,31.0123215231,42.4622568958,50.49024547600001,54.301928653,50.34332622399999,47.625113673,failed-vetting,failed-vetting
GCAM 4.2,SSP5-60,1.2301816217,5.430595741880001,10.96468650118,16.97746513228,21.7011170451,25.9050454518,31.25548531,41.351519045,50.692347028,55.551920704,no-climate-assessment,no-climate-assessment
GCAM 4.2,SSP5-Baseline,1.23018113,5.018208437,9.812344644,15.177837698,18.300905096,19.708272984,19.095460262,19.747998757,20.559005549,21.046793537,no-climate-assessment,no-climate-assessment
GCAM 5.2,"NGFS1_Current policies (Hot house world, Rep)",1.228735452,4.811792342,8.922278252,15.01004392,19.73031509,24.84174611,29.90005704,35.11435347,40.48778069,44.38702814,C7,C7: limit warming to 4°C (>50%)
GCAM 5.2,"NGFS1_Immediate 2C with CDR (Orderly, Rep)",1.228735452,4.811792342,22.17585025,44.95606106,59.95947779999999,67.16904069,75.77010083,91.63546409,111.7535685,133.2966878,C4,C4: limit warming to 2°C (>50%)
GCAM 5.3,NGFS2_Below 2°C,1.228735,5.18355,21.61172,49.99559,73.81297,98.52858,118.429,127.4128,134.6831,122.3128,C3,C3: limit warming to 2°C (>67%)
GCAM 5.3,NGFS2_Current Policies,1.228735,5.183112,11.86692,15.22949,19.67645,26.28883,32.19691,37.02356,41.67785,38.85484,C7,C7: limit warming to 4°C (>50%)
GCAM 5.3,NGFS2_Delayed Transition,1.228735,5.183112,11.86692,51.50994,91.27028,124.7796,144.1601,158.6559,167.0268,161.0625,C4,C4: limit warming to 2°C (>50%)
GCAM 5.3,NGFS2_Divergent Net Zero Policies,1.228735,5.183112,38.26483,71.39033,106.6585,121.417,132.9472,143.5287,152.0826,139.0285,C2,C2: return warming to 1.5°C (>50%) after a high overshoot
GCAM 5.3,NGFS2_Nationally Determined Contributions (NDCs),1.228735,4.460249,14.67123,29.00468,41.61517,53.65022,67.19324,82.49553,95.99438,96.28141,C5,C5: limit warming to 2.5°C (>50%)
GCAM 5.3,NGFS2_Net-Zero 2050,1.228735,5.179963,27.00518,56.61003,88.39128,114.4667,130.0502,145.3009,154.6388,145.8702,C2,C2: return warming to 1.5°C (>50%) after a high overshoot
GCAM 5.3,R_BAU,1.22873545201,4.2596024271117,7.1478208932327,11.128721349194,13.230421076554,17.014904764641,20.721675981556,24.675143822232,29.427375786777,33.59460976306,C7,C7: limit warming to 4°C (>50%)
GCAM 5.3,R_MAC_30_n0,1.22873545201,4.2596024271117,28.5575338710417,36.8054918813061,47.0944270363061,48.060926172391,61.126082768578,72.860063551269,90.330449663219,94.0560220362611,C1,C1: limit warming to 1.5°C (>50%) with no or limited overshoot
GCAM 5.3,R_MAC_30_n8,1.22873545201,4.2596024271117,35.8096846188517,46.2354709903606,59.3209000410436,58.912342292497,70.350409185572,79.428773942673,99.380052204587,104.056495139001,failed-vetting,failed-vetting
GCAM 5.3,R_MAC_35_n0,1.22873545201,4.2596024271117,20.8137474400477,36.454415521354,46.725101787795,51.554560902942,60.019267482109,73.160850690376,86.862376306841,95.009925464211,C3,C3: limit warming to 2°C (>67%)
GCAM 5.3,R_MAC_35_n8,1.22873545201,4.2596024271117,23.9073511040217,44.497180631338,58.002837414719,63.420275597134,69.535223565746,80.789858929664,95.061450949749,104.993562829363,C1,C1: limit warming to 1.5°C (>50%) with no or limited overshoot
GCAM 5.3,R_MAC_40_n0,1.22873545201,4.2596024271117,17.4239088807057,37.002148133207,46.500201755862,53.212863748613,59.226302234106,71.63598164042,85.465840440385,95.909295007961,C3,C3: limit warming to 2°C (>67%)
GCAM 5.3,R_MAC_40_n8,1.22873545201,4.2596024271117,19.5172066735417,43.658267683291,56.908704725987,65.053915300771,69.241469183693,80.386074913732,94.424525745212,105.794372472502,C1,C1: limit warming to 1.5°C (>50%) with no or limited overshoot
GCAM 5.3,R_MAC_45_n0,1.22873545201,4.2596024271117,15.3946735270737,32.154086357773,46.690460767546,54.345163770065,60.914613711665,70.443687997082,84.668364288003,94.1704100751,C3,C3: limit warming to 2°C (>67%)
GCAM 5.3,R_MAC_45_n8,1.22873545201,4.2596024271117,17.0790977697477,36.097607911144,56.267803097325,65.891336156467,71.866703695224,79.712187726367,94.230241922134,103.169053061767,C1,C1: limit warming to 1.5°C (>50%) with no or limited overshoot
GCAM 5.3,R_MAC_50_n0,1.22873545201,4.2596024271117,14.0152228744087,28.977490244167,47.135952741217,55.078100876838,62.358127730028,69.695450443171,82.933131185717,93.1254179182,C3,C3: limit warming to 2°C (>67%)
GCAM 5.3,R_MAC_50_n8,1.22873545201,4.2596024271117,15.4437684901767,32.269017766279,55.478342740143,66.010891751113,73.426229312505,79.692722454795,93.523380150144,102.242843853218,C1,C1: limit warming to 1.5°C (>50%) with no or limited overshoot
GCAM 5.3,R_MAC_55_n0,1.22873545201,4.2596024271117,13.0207205031637,26.794540175707,42.558167937352,55.892167230834,63.522364943934,71.059651274654,81.520034381891,92.318154510761,C3,C3: limit warming to 2°C (>67%)
GCAM 5.3,R_MAC_55_n8,1.22873545201,4.2596024271117,14.2558017181577,29.524612149974,48.365301751798,65.974954523429,74.646236627366,82.039630402873,92.82318934148,101.477471255619,C2,C2: return warming to 1.5°C (>50%) after a high overshoot
GCAM 5.3,R_MAC_60_n0,1.22873545201,4.2596024271117,12.2717355604427,25.223522267084,39.53503443639,56.615524350126,64.391411636413,72.321349650612,80.504942353916,90.836178898385,C3,C3: limit warming to 2°C (>67%)
GCAM 5.3,R_MAC_60_n8,1.22873545201,4.2596024271117,13.3567884949407,27.519629415974,44.02666570928,65.391262360605,75.066537854831,83.890582697592,92.478063797666,100.56049626753,C2,C2: return warming to 1.5°C (>50%) after a high overshoot
GCAM 5.3,R_MAC_65_n0,1.22873545201,4.2596024271117,11.6912086916907,24.04665565541,37.293960696582,53.044279711745,65.189779554646,73.240536437699,81.157796147848,89.517229097428,C3,C3: limit warming to 2°C (>67%)
GCAM 5.3,R_MAC_65_n8,1.22873545201,4.2596024271117,12.6550088149287,26.018658975331,41.032547588187,59.399700773659,74.84769892774,84.868357349385,93.693024613222,99.754879115284,C3,C3: limit warming to 2°C (>67%)
GCAM 5.3,R_MAC_70_n0,1.22873545201,4.2596024271117,11.2277717256337,23.113996169529,35.494543974356,50.449871270717,65.907104918219,74.12029903558,81.994263345636,88.540432659063,C4,C4: limit warming to 2°C (>50%)
GCAM 5.3,R_MAC_70_n8,1.22873545201,4.2596024271117,12.0923262696467,24.856227552794,38.849555762234,55.442966512897,74.629680091801,85.6193730055557,94.3178051568427,98.7749340966067,C3,C3: limit warming to 2°C (>67%)
GCAM 5.3,R_MAC_75_n0,1.22873545201,4.2596024271117,10.8556535708527,22.328796701092,34.002090578677,48.35020436872,62.526458752838,74.856453804316,82.670217747235,89.159430175813,C4,C4: limit warming to 2°C (>50%)
GCAM 5.3,R_MAC_75_n8,1.22873545201,4.2596024271117,11.6341866532327,23.932985314982,37.07333295608,52.721371360601,69.868023778185,86.056410456181,94.702475244404,99.557354902306,C3,C3: limit warming to 2°C (>67%)
GCAM 5.3,R_MAC_80_n0,1.22873545201,4.2596024271117,10.5480856254867,21.653689668875,32.777046922612,46.555444198759,59.899283698596,75.465751280962,83.291155325527,89.916000145168,C4,C4: limit warming to 2°C (>50%)
GCAM 5.3,R_MAC_80_n8,1.22873545201,4.2596024271117,11.2524588651047,23.165897535336,35.593680322003,50.589157413638,66.12750439568,86.349030895384,95.035772250788,100.594503080062,C4,C4: limit warming to 2°C (>50%)
GCAM 5.3,R_MAC_85_n0,1.22873545201,4.2596024271117,10.2918157487677,21.082225006648,31.759499325047,45.001770304912,57.879141309767,72.108611869385,83.657620736991,90.33466601688,C5,C5: limit warming to 2.5°C (>50%)
GCAM 5.3,R_MAC_85_n8,1.22873545201,4.2596024271117,10.9346607349147,22.4984698976,34.320176642182,48.800849602517,63.245967234957,81.061934019388,95.044586009394,101.223598301309,C4,C4: limit warming to 2°C (>50%)
GCAM 5.3,R_MAC_90_n0,1.22873545201,4.2596024271117,10.0761020610247,20.592919450365,30.900701902036,43.657040997778,56.207061883802,69.504713899471,83.831515498508,90.483632730565,C5,C5: limit warming to 2.5°C (>50%)
GCAM 5.3,R_MAC_90_n8,1.22873545201,4.2596024271117,10.6654743513687,21.911942629499,33.241025433404,47.248465339009,60.872408797631,77.038359773763,94.732254277944,101.181168594645,C4,C4: limit warming to 2°C (>50%)
GCAM 5.3,R_MAC_95_n0,1.22873545201,4.2596024271117,9.8946691918227,20.167986002609,30.163593233328,42.488151440875,54.745156248044,67.399664751527,80.789734401717,90.54348467643,C5,C5: limit warming to 2.5°C (>50%)
GCAM 5.3,R_MAC_95_n8,1.22873545201,4.2596024271117,10.4335829304437,21.399110030931,32.321139580792,45.865666194724,58.977020954739,73.930286033548,90.562326894651,100.929878734477,C4,C4: limit warming to 2°C (>50%)
GCAM 5.3,R_MAC_99_n0,1.22873545201,4.2596024271117,9.7387668660657,19.796499585206,29.524808147246,41.493701128967,53.471682290496,65.678735663333,78.396767781359,90.49722663548,C5,C5: limit warming to 2.5°C (>50%)
GCAM 5.3,R_MAC_99_n8,1.22873545201,4.2596024271117,10.2336932028147,20.95122699001,31.527638239596,44.642164391526,57.430326073045,71.386299067918,86.687344007328,100.435501226129,C5,C5: limit warming to 2.5°C (>50%)
GCAM 5.3,SSP1-DACCS-1p9-3pctHR,1.22870166619,10.3896468057592,35.7423500208252,59.9816607162132,83.498486239663,100.560121273442,111.79658216701,115.83693796411,117.70149663931,114.785074076304,failed-vetting,failed-vetting
GCAM 5.3,SSP1-DACCS-2p6-3pctHR,1.22870166619,10.3896549160592,27.5067727226792,46.7695679578232,67.464212916782,84.79778138596,95.46441722066,100.6242866529,106.96772000362,107.17012012229,failed-vetting,failed-vetting
GCAM 5.3,SSP1-highcostDACCS-2p6-3pctHR,1.228701666,10.38098224,27.83233777,47.61279111,69.0844051,85.77533982,95.29200444,98.89034732,100.6272539,100.5063961,failed-vetting,failed-vetting
GCAM 5.3,SSP1-lowcostDACCS-2p6-3pctHR,1.228701666,10.3809841,26.61309081,45.34991882,65.45557647,82.63316691,93.71360746,102.1298196,108.4088627,106.9453945,failed-vetting,failed-vetting
GCAM 5.3,SSP1-noDACCS-1p9-3pctHR,1.22870166619,10.3896504535092,34.2147111553692,57.7483145239512,80.925137481101,95.735803591527,104.065351197,106.486534369998,109.685153581008,107.960027637319,failed-vetting,failed-vetting
GCAM 5.3,SSP1-noDACCS-2p6-3pctHR,1.22870166619,10.3896466431792,27.8092115313632,47.2144483514122,68.168871497623,85.413874085841,95.82901609079,99.97175558661,101.61168908815,99.491262996368,failed-vetting,failed-vetting
GCAM 5.3,SSP2-DACCS-2p6-3pctHR,1.22870166619,6.1319938129561,13.7894355499863,32.6593754258453,48.744115662025,67.217478726275,87.016440672548,104.90995163903,120.97542272393,132.11958029053,failed-vetting,failed-vetting
GCAM 5.3,SSP2-noDACCS-2p6-3pctHR,1.22870166619,6.1449508992317,13.8595996989513,35.4755696974913,51.301407782592,68.837199628128,82.57008676062,99.782391451009,115.877210154889,128.532279374271,failed-vetting,failed-vetting
GCAM 5.3,SSP4-DACCS-1p9-3pctHR,1.22870166619,6.2461850331687,19.2408154221617,32.9894908428427,47.780689849228,61.747909217026,73.23544395342,78.38653184297,82.02999442532,85.36203225858,failed-vetting,failed-vetting
GCAM 5.3,SSP4-DACCS-2p6-3pctHR,1.22870166619,6.2452284955946,16.9013015622901,28.6411879985041,39.813175696779,50.870669365117,62.337541774765,74.25494658395,80.3542133717,82.96812159481,failed-vetting,failed-vetting
GCAM 5.3,SSP4-highcostDACCS-2p6-3pctHR,1.228701666,6.246179642,18.96132803,32.3314202,45.12302091,54.14589169,59.43836204,61.98332108,67.64819532,71.66718314,failed-vetting,failed-vetting
GCAM 5.3,SSP4-medcostDACCS-2p6-3pctHR,1.228701666,6.246720082,18.11282887,30.86024132,43.16133974,52.97854139,60.32852997,68.27854703,75.99210179,79.90543471,failed-vetting,failed-vetting
GCAM 5.3,SSP4-noDACCS-1p9-3pctHR,1.22870166619,6.2591908962741,23.6358377319371,38.9503384636721,50.663668534881,56.135252601248,61.613221224661,67.651023204389,76.973703742216,82.539805624198,failed-vetting,failed-vetting
GCAM 5.3,SSP4-noDACCS-2p6-3pctHR,1.22870166619,6.2571799984645,18.9954910287205,32.1862864178345,44.78473858325,54.050948317754,59.785252051375,62.54808465971,68.029858143604,72.057725678113,failed-vetting,failed-vetting
GCAM 5.3,SSP5-DACCS-1p9-3pctHR,1.22870166619,6.3213284081038,16.5641699419943,43.0385849495833,72.505704393098,104.022252668048,122.5729499911,130.77033139746,134.52665468776,139.390411433,failed-vetting,failed-vetting
GCAM 5.3,SSP5-DACCS-2p6-3pctHR,1.22870166619,6.3213284082457,16.5086528893202,37.9452276673862,62.133549824382,89.990311785308,115.18704151316,128.26537988298,131.98386482981,131.62758831763,failed-vetting,failed-vetting
GCAM 5.3,SSP5-noDACCS-2p6-3pctHR,1.22870166619,6.333474448519,16.57639806551,48.704313452418,73.752985541616,97.744653131169,110.283286630677,115.452071622024,120.817146433764,128.482626936366,failed-vetting,failed-vetting
GCAM 5.3,SSP_SSP1,1.22873545201,5.4755734917016,22.0423507936156,44.9982467802829,70.928975653949,91.571255786197,93.265940467478,90.208950195678,86.154907917093,85.311012406316,no-climate-assessment,no-climate-assessment
GCAM 5.3,SSP_SSP2,1.22873545201,4.6435427937787,15.6733782747447,32.488377015989,53.291212946307,78.570649286385,92.121809884336,104.144340832142,113.966714881234,123.720481402679,C3,C3: limit warming to 2°C (>67%)
GCAM 5.3,SSP_SSP3,1.22873545201,4.4890820131051,12.7736844122321,24.2095782126,37.353711328163,54.193526423625,60.581011877199,67.642830755343,77.877198132227,90.72567148461,C2,C2: return warming to 1.5°C (>50%) after a high overshoot
GCAM 5.3,SSP_SSP4,1.22873545201,4.6964112025839,15.7755412437389,30.499770353278,43.734935480082,57.581947809546,58.4081372302962,57.6634923082661,59.6647201368789,65.145102488259,C2,C2: return warming to 1.5°C (>50%) after a high overshoot
GCAM 5.3,SSP_SSP5,1.22873545201,4.7935930308727,19.0817668893087,41.743488718404,67.797091165504,96.984718377152,107.000787351576,113.797043647095,116.151313390361,117.642953823761,C3,C3: limit warming to 2°C (>67%)
GCAM-PR 5.3,CSH,1.228736452,5.27376714787759,8.88249355834539,32.91215644720066,51.68243060144813,68.79563632970779,85.36490706338382,99.43827606890395,113.41595386425766,126.3087102973665,no-climate-assessment,no-climate-assessment
GCAM-PR 5.3,PCSH,1.228736452,6.92510356024285,11.4284953258249,32.91215644720066,51.68243060144813,68.79563632970779,85.36490706338382,99.43827606890395,113.41595386425766,126.3087102973665,failed-vetting,failed-vetting
GCAM-PR 5.3,PR_CP_Intensity,1.228736452,6.96077679922635,11.1703616788545,10.4083370864583,16.7654804147355,26.6428521912885,33.272554238523,40.13353676802,47.98543226701,54.846526739046,failed-vetting,failed-vetting
GCAM-PR 5.3,PR_CP_Price,1.228736452,6.96171010743075,11.175826885429,10.0912440869867,15.9039410146305,23.5805289793184,26.623464317884,32.323092703132,38.723228805929,41.986553353069,failed-vetting,failed-vetting
GCAM-PR 5.3,PR_CP_PriceOnly,1.228736452,5.77202953170589,9.35230373785129,9.8361011944343,16.2172047363564,24.102004197704,27.866592837759,33.599679760743,40.09264317523,43.749710645754,C7,C7: limit warming to 4°C (>50%)
GCAM-PR 5.3,PR_NDC_Intensity,1.228736452,6.96171010743075,12.1398693929982,13.4177917612905,20.179687125444,30.342140477341,38.650876515354,46.596746480698,54.863925103561,62.065479706267,failed-vetting,failed-vetting
GCAM-PR 5.3,PR_NDC_Price,1.228736452,6.96171010743075,12.1490064579805,11.9535213300232,18.1589677782613,26.6020767284903,30.744642354939,37.584851910222,45.170548717737,49.974357626649,failed-vetting,failed-vetting
GCAM-PR 5.3,PR_NDC_PriceOnly,1.228736452,5.768802545,10.25306622,11.33443136,17.99870273,26.78223509,31.55950242,38.08126043,45.46706239,50.83941107,C6,C6: limit warming to 3°C (>50%)
GCAM-PR 5.3,PR_baseline,1.228736452,5.213057012,7.79273906,7.725330138,13.5263772,20.17357044,22.82175572,28.02653257,33.8278933,36.66168818,C7,C7: limit warming to 4°C (>50%)
GCAM-PR 5.3,R,1.22873545201,4.3344262048895,7.0328195632102,32.91215644720066,51.68243060144813,68.79563632970779,85.36490706338382,99.43827606890395,113.41595386425766,126.3087102973665,no-climate-assessment,no-climate-assessment
GCAM-PR 5.3,SH,1.22873545201,4.3199525533245,6.9530238995635,32.91215644720066,51.68243060144813,68.79563632970779,85.36490706338382,99.43827606890395,113.41595386425766,126.3087102973665,no-climate-assessment,no-climate-assessment
GCAM5.2_NET,GCAM_1.5C_high_os_high-cost-DAC,1.230195,2.398403,4.956331,21.91003,40.04969,53.06785,54.96609,60.58579,69.96556,86.90294,failed-vetting,failed-vetting
GCAM5.2_NET,GCAM_1.5C_high_os_low-cost-DAC,1.230195,2.398403,4.956331,21.91003,37.34671,47.60065,48.78488,55.28205,64.94815,81.86455,failed-vetting,failed-vetting
GCAM5.2_NET,GCAM_1.5C_low_os_high-cost-DAC,1.230195,2.398403,15.72029,28.9003,39.2663,42.45973,46.9318,56.82513,72.38015,82.65073,failed-vetting,failed-vetting
GCAM5.2_NET,GCAM_1.5C_low_os_low-cost-DAC,1.230195,2.398403,15.72029,26.62818,35.57017,37.74996,43.49103,53.69031,70.37849,79.51629,failed-vetting,failed-vetting
GCAM5.2_NET,GCAM_1.5C_low_os_noDAC,1.230195,2.398402,15.7203,29.14493,42.29556,47.2699,53.46154,63.39427,76.51046,83.914,failed-vetting,failed-vetting
GEM-E3 V1,CD-LINKS_INDCi,1.771584596360907,7.195566890582609,19.22909051967491,35.61946211255953,49.91649996407023,68.79563632970779,85.36490706338382,99.43827606890395,113.41595386425766,126.3087102973665,failed-vetting,failed-vetting
GEM-E3 V1,CD-LINKS_INDCi_recGenTaxation,1.153624700082652,5.423519620269261,12.26911682295219,18.29048851220692,24.16078989749796,68.79563632970779,85.36490706338382,99.43827606890395,113.41595386425766,126.3087102973665,no-climate-assessment,no-climate-assessment
GEM-E3 V1,CD-LINKS_INDCi_recSocialSecurity,1.153624700082652,5.423519614801937,12.2691256111316,18.30201222355987,24.17668126027473,68.79563632970779,85.36490706338382,99.43827606890395,113.41595386425766,126.3087102973665,no-climate-assessment,no-climate-assessment
GEM-E3 V1,CD-LINKS_NPi,1.771584596360907,7.190681097323328,17.86629241131921,28.50284487723698,41.40396214604294,68.79563632970779,85.36490706338382,99.43827606890395,113.41595386425766,126.3087102973665,failed-vetting,failed-vetting
GEM-E3 V1,CD-LINKS_NPi2020_1000,1.771584596360907,7.190169933049124,19.55531288273354,38.05716777172213,60.98616472972923,68.79563632970779,85.36490706338382,99.43827606890395,113.41595386425766,126.3087102973665,failed-vetting,failed-vetting
GEM-E3 V1,CD-LINKS_NPi2020_1000_recGenTaxation,1.153624700082652,5.427107141032523,13.19571570576862,18.50854351043921,34.76117914884809,68.79563632970779,85.36490706338382,99.43827606890395,113.41595386425766,126.3087102973665,no-climate-assessment,no-climate-assessment
GEM-E3 V1,CD-LINKS_NPi2020_1000_recSocialSecurity,1.153624700082652,5.427107162436551,13.20656261787983,18.51644540034386,34.70873857650425,68.79563632970779,85.36490706338382,99.43827606890395,113.41595386425766,126.3087102973665,no-climate-assessment,no-climate-assessment
GEM-E3 V1,CD-LINKS_NPi2020_1600,1.771584596360907,7.190169933049124,18.28607227097286,34.48159818509853,49.0765869135333,68.79563632970779,85.36490706338382,99.43827606890395,113.41595386425766,126.3087102973665,failed-vetting,failed-vetting
GEM-E3 V1,CD-LINKS_NPi2020_400,1.771584596360907,7.190186464401978,21.60457559033088,50.66588432671998,74.16302358949605,68.79563632970779,85.36490706338382,99.43827606890395,113.41595386425766,126.3087102973665,failed-vetting,failed-vetting
GEM-E3 V1,CD-LINKS_NPi2020_400_recGenTaxation,1.153624700082652,5.427107135739044,12.42491601686993,19.90151896090078,31.48262670161287,68.79563632970779,85.36490706338382,99.43827606890395,113.41595386425766,126.3087102973665,failed-vetting,failed-vetting
GEM-E3 V1,CD-LINKS_NPi2020_400_recSocialSecurity,1.153624700082652,5.427107139871782,12.47706104332627,19.94565075610078,31.4103551306626,68.79563632970779,85.36490706338382,99.43827606890395,113.41595386425766,126.3087102973665,failed-vetting,failed-vetting
GEM-E3_V2021,EN_INDCi2030_1000,1.4495197790844512,5.091445044797772,16.25361926021083,41.38768234948851,58.67719441770876,68.8625189944599,74.02705012233824,74.2724739278434,79.36071229299974,102.9692080084183,C3,C3: limit warming to 2°C (>67%)
GEM-E3_V2021,EN_INDCi2030_1000_COV,1.4495197790844512,4.705694413247279,15.02396065689892,38.58719050749194,54.35734943785623,63.96790015185964,69.56066900255827,70.10595972291618,74.00004365877156,96.25389214161773,C3,C3: limit warming to 2°C (>67%)
GEM-E3_V2021,EN_INDCi2030_1000_COV_NDCp,1.4495197790844512,4.705694412717082,18.48005118469757,38.83900142756723,53.44178580239985,63.95886571381805,69.41670968569578,70.62310245005553,74.65182914728913,96.63482095944192,C3,C3: limit warming to 2°C (>67%)
GEM-E3_V2021,EN_INDCi2030_1000_NDCp,1.4495197790844512,5.091445044797772,19.85475025907472,41.76327872798408,59.13197824375151,69.0585504280868,74.35095796482213,74.87516630205171,79.4262234795355,103.7883245276383,C3,C3: limit warming to 2°C (>67%)
GEM-E3_V2021,EN_INDCi2030_1000f,1.4495197790844512,5.091445044797772,16.25361926021083,39.09427413011617,52.53725348994007,64.96962976161193,71.83368688012186,77.48652781615449,83.6840865605419,108.5431648564768,C4,C4: limit warming to 2°C (>50%)
GEM-E3_V2021,EN_INDCi2030_1000f_COV,1.4495197790844512,4.705694413247279,15.02396065689892,36.9450662873631,49.17254311792088,60.64823237179928,67.29562769289019,72.49192922582378,78.5278864535329,101.2107629454801,C3,C3: limit warming to 2°C (>67%)
GEM-E3_V2021,EN_INDCi2030_1000f_COV_NDCp,1.4495197790844512,4.705694412717082,18.48005118469757,37.47811395110618,49.10672149683106,60.79615448789401,67.60445590342104,72.80467454392205,78.97433101410091,101.5329929456886,C3,C3: limit warming to 2°C (>67%)
GEM-E3_V2021,EN_INDCi2030_1000f_NDCp,1.4495197790844512,5.091445044797772,19.85475025907472,39.63041076238161,52.68101379664765,65.02847543107688,72.2686075567089,78.07943234318124,84.27832483962278,109.0471672157569,C4,C4: limit warming to 2°C (>50%)
GEM-E3_V2021,EN_INDCi2030_1400,1.4495197790844512,5.091445044797772,16.25361926021083,36.39766417890336,48.05611431872487,55.6681800373098,64.1001033160989,71.39360601082993,78.93872978691427,102.9242242535204,C4,C4: limit warming to 2°C (>50%)
GEM-E3_V2021,EN_INDCi2030_1400f,1.4495197790844512,5.091445044797772,16.25361926021083,36.39766417890336,48.05611431872487,55.24253497693618,63.63683404393444,71.06408479102903,78.92861279560726,105.240279258211,C4,C4: limit warming to 2°C (>50%)
GEM-E3_V2021,EN_INDCi2030_1800,1.4495197790844512,5.091445044797772,16.25361926021083,35.09211837412506,44.98655871826429,50.85306204187623,55.84283206121718,61.64756235509968,71.05672116305252,93.30760774446236,C5,C5: limit warming to 2.5°C (>50%)
GEM-E3_V2021,EN_INDCi2030_1800f,1.4495197790844512,5.091445044797772,16.25361926021083,35.09211837412506,44.98655871826429,50.85306204187623,55.84283206121718,61.64756235509968,71.05672116305252,93.30760774446236,C5,C5: limit warming to 2.5°C (>50%)
GEM-E3_V2021,EN_INDCi2030_600f,1.4495197790844512,5.091445044797772,16.25361926021083,45.59863011630999,64.95755531495546,73.1689813424341,80.12618624876708,83.38052765656599,98.70625453777896,113.3396069228089,C2,C2: return warming to 1.5°C (>50%) after a high overshoot
GEM-E3_V2021,EN_INDCi2030_600f_COV,1.4495197790844512,4.705694413247279,15.02396065689892,42.17604322462463,60.86966718499934,68.73475621731806,75.49232664499907,78.5614232965855,91.7434248285353,106.037690286699,C2,C2: return warming to 1.5°C (>50%) after a high overshoot
GEM-E3_V2021,EN_INDCi2030_600f_COV_NDCp,1.4495197790844512,4.705694412717082,18.48005118469757,42.51244764204169,60.9585965046867,68.89440122907106,75.73444841575235,78.54343556214943,91.8387700010536,106.4286125126965,C2,C2: return warming to 1.5°C (>50%) after a high overshoot
GEM-E3_V2021,EN_INDCi2030_600f_NDCp,1.4495197790844512,5.091445044797772,19.85475025907472,45.58515743252587,64.98536886056934,73.13885160345713,80.44609512531709,83.56537075715782,98.89374443688956,113.7849765155966,C2,C2: return warming to 1.5°C (>50%) after a high overshoot
GEM-E3_V2021,EN_INDCi2030_800,1.4495197790844512,5.091445044797772,16.25361926021083,49.73003367243401,67.58001765383868,73.38731621313366,77.74713648897763,78.7992379421793,86.60494215756876,107.6071302502879,C3,C3: limit warming to 2°C (>67%)
GEM-E3_V2021,EN_INDCi2030_800f,1.4495197790844512,5.091445044797772,16.25361926021083,41.82127726538502,60.7472942144691,70.38691238058841,77.67060163401813,81.56194391830331,91.50588238898004,112.573768446456,C2,C2: return warming to 1.5°C (>50%) after a high overshoot
GEM-E3_V2021,EN_INDCi2100,1.4495197790844512,5.091445044797772,16.25361926021083,28.75018384156801,36.76625173090395,43.62694078253077,47.20367483126272,51.14078214466945,54.71300486627798,57.87079560744935,C7,C7: limit warming to 4°C (>50%)
GEM-E3_V2021,EN_INDCi2100_COV,1.4495197790844512,4.705694413247279,15.02396065689892,26.7294766356978,33.90516770253825,41.18069029341665,45.10915568645795,47.74976818158861,50.59979683227962,53.7309318665545,C6,C6: limit warming to 3°C (>50%)
GEM-E3_V2021,EN_INDCi2100_COV_NDCp,1.4495197790844512,4.705694412717082,18.48005118469757,29.70633324601845,38.20127502881121,43.00873544233021,47.59819607168298,50.33215769043309,53.9638819140269,56.40674769273146,C6,C6: limit warming to 3°C (>50%)
GEM-E3_V2021,EN_INDCi2100_NDCp,1.4495197790844512,5.091445044797772,19.85475025907472,31.82033468679909,40.15404016684299,45.11918281562132,50.54396780394741,53.92990912595926,57.91010399954472,60.59466942324164,C6,C6: limit warming to 3°C (>50%)
GEM-E3_V2021,EN_NPi2020_1000,1.4495197790844512,5.091445039944301,23.40074559467141,39.30968741769666,52.36429617220081,65.90755653709545,71.81130484340018,74.8940240053173,79.22310740994928,103.0370382273254,C3,C3: limit warming to 2°C (>67%)
GEM-E3_V2021,EN_NPi2020_1000_COV,1.4495197790844512,4.705694413247279,21.40139037511199,36.79251458589361,48.9948446642469,60.61944270765798,67.70652425414576,70.08941590779904,74.34861206379337,95.88195564838632,C3,C3: limit warming to 2°C (>67%)
GEM-E3_V2021,EN_NPi2020_1000f,1.4495197790844512,5.091445042348657,22.23875015762183,37.65844627423392,50.58819867309769,62.38402610873977,70.66828776927233,76.24367799120824,82.62918430971561,108.0421930533825,C4,C4: limit warming to 2°C (>50%)
GEM-E3_V2021,EN_NPi2020_1000f_COV,1.4495197790844512,4.705694413247279,20.4536247301156,35.47083976778048,47.20657748017609,57.93359197692519,66.18321190457151,71.5740745956272,76.85817636662735,100.115182075176,C3,C3: limit warming to 2°C (>67%)
GEM-E3_V2021,EN_NPi2020_1400,1.4495197790844512,5.091445043241547,20.7031471750602,36.44400731109331,47.34468347328761,53.98943051679142,60.39154481556179,68.63157685728514,78.60096095983329,102.861217490227,C5,C5: limit warming to 2.5°C (>50%)
GEM-E3_V2021,EN_NPi2020_1400f,1.4495197790844512,5.091445043241547,20.7031471750602,36.44400731109331,47.34468347328761,53.75045804071767,60.27585891795641,68.45715740959821,78.49945266347402,105.5164432226347,C4,C4: limit warming to 2°C (>50%)
GEM-E3_V2021,EN_NPi2020_1800,1.4495197790844512,5.091445043241547,20.22102080835398,34.8396744935619,44.43190974418901,49.76318487402323,54.92611653113848,60.70935487857125,69.1349489982999,92.07908363088862,C5,C5: limit warming to 2.5°C (>50%)
GEM-E3_V2021,EN_NPi2020_1800f,1.4495197790844512,5.091445043241547,20.22102080835398,34.8396744935619,44.43190974418901,49.76318487402323,54.92611653113848,60.70935487857125,69.1349489982999,92.07908363088862,C5,C5: limit warming to 2.5°C (>50%)
GEM-E3_V2021,EN_NPi2020_400f,1.4495197790844512,5.091445042348657,26.24749148320564,45.08342844517132,64.15709980997292,73.47550447828714,77.7837183542772,81.05130581826057,87.9318638525723,110.1579035662346,C2,C2: return warming to 1.5°C (>50%) after a high overshoot
GEM-E3_V2021,EN_NPi2020_500,1.4495197790844512,5.091445039944301,33.76777811507237,58.96507507544551,67.87270157630097,72.178467571856,72.80734565648076,74.11794829636507,77.58318364634653,99.95590415490337,C1,C1: limit warming to 1.5°C (>50%) with no or limited overshoot
GEM-E3_V2021,EN_NPi2020_500f,1.4495197790844512,5.091445042348657,25.13215933741317,43.80849944188265,61.33423298707892,71.52755013485826,76.70922177129471,80.68405792190914,87.14446267699229,109.7619570278134,C2,C2: return warming to 1.5°C (>50%) after a high overshoot
GEM-E3_V2021,EN_NPi2020_600,1.4495197790844512,5.091445039944301,29.93846280218241,53.53195934765285,68.18310754633578,71.94348005352504,74.37724592523992,73.75884704655279,77.69516242718097,102.8287911062654,C2,C2: return warming to 1.5°C (>50%) after a high overshoot
GEM-E3_V2021,EN_NPi2020_600_COV,1.4495197790844512,4.705694413247279,27.19584930215421,48.25970588097288,63.64781540526009,69.31338454853595,72.7220783321026,73.58600364919313,81.46459679376429,100.5987458127841,C1,C1: limit warming to 1.5°C (>50%) with no or limited overshoot
GEM-E3_V2021,EN_NPi2020_600f,1.4495197790844512,5.091445042348657,24.62202879325428,41.78061959933459,59.13430076339069,69.02679807884874,75.10144053892107,79.36790292771155,86.96120486702597,109.1107931104763,C2,C2: return warming to 1.5°C (>50%) after a high overshoot
GEM-E3_V2021,EN_NPi2020_600f_COV,1.4495197790844512,4.705694413247279,23.80069803574404,40.41980910391307,54.6214168761465,66.17470624940283,73.48723942783381,77.34467609963171,86.44052206064246,106.0612870982114,C2,C2: return warming to 1.5°C (>50%) after a high overshoot
GEM-E3_V2021,EN_NPi2020_800,1.4495197790844512,5.091445039944301,25.50731073516919,44.52146925932021,61.06196262346196,69.78346385788262,73.83095118453315,73.65137990395195,78.82743922178814,102.8139498959085,C3,C3: limit warming to 2°C (>67%)
GEM-E3_V2021,EN_NPi2020_800f,1.4495197790844512,5.091445042348657,23.87122585735974,39.62637268206716,52.87400834084803,66.95229875795407,73.09908026632905,77.73106659209654,83.84959351244918,108.6096754523588,C3,C3: limit warming to 2°C (>67%)
GEM-E3_V2021,EN_NPi2100,1.4495197790844512,5.091445044797772,14.82003648666407,23.40289162619401,29.56931973503285,37.20187180859896,41.49529438375999,45.78270299593621,49.22856082203847,53.0800085073336,C7,C7: limit warming to 4°C (>50%)
GEM-E3_V2021,EN_NPi2100_COV,1.4495197790844512,4.705694413247279,14.09046483892441,22.22600244323696,28.0826496271154,35.10084423077201,39.00314321685561,42.89041766623236,46.01762180640431,49.61182841311535,C7,C7: limit warming to 4°C (>50%)
GEMINI-E3 7.0,PR_Baseline,1.4495197790844512,6.182057057000001,12.3906737182,22.6646424722,30.34617217949999,68.79563632970779,85.36490706338382,99.43827606890395,113.41595386425766,126.3087102973665,no-climate-assessment,no-climate-assessment
GEMINI-E3 7.0,PR_CP_Intensity,1.4495197790844512,6.269318186800001,15.3912805707,25.6120517903,33.8393961856,68.79563632970779,85.36490706338382,99.43827606890395,113.41595386425766,126.3087102973665,no-climate-assessment,no-climate-assessment
GEMINI-E3 7.0,PR_CP_Price,1.4495197790844512,6.269318186800001,15.3912805707,25.572210941,32.89686481450001,68.79563632970779,85.36490706338382,99.43827606890395,113.41595386425766,126.3087102973665,no-climate-assessment,no-climate-assessment
GEMINI-E3 7.0,PR_CP_PriceOnly,1.4495197790844512,6.2014613899,15.8494098335,24.0907385004,31.2264754922,68.79563632970779,85.36490706338382,99.43827606890395,113.41595386425766,126.3087102973665,no-climate-assessment,no-climate-assessment
GEMINI-E3 7.0,PR_NDC_Intensity,1.4495197790844512,6.2790923418,17.0869500638,30.7426590252,38.6924621228,68.79563632970779,85.36490706338382,99.43827606890395,113.41595386425766,126.3087102973665,no-climate-assessment,no-climate-assessment
GEMINI-E3 7.0,PR_NDC_Price,1.4495197790844512,6.2790923418,17.0869500638,27.8539819543,35.3688638171,68.79563632970779,85.36490706338382,99.43827606890395,113.41595386425766,126.3087102973665,no-climate-assessment,no-climate-assessment
GENeSYS-MOD 1.0,1,1.4495197790844512,2.44,2.371,32.044,127.565,68.79563632970779,85.36490706338382,99.43827606890395,113.41595386425766,126.3087102973665,no-climate-assessment,no-climate-assessment
GMM-17,Hard_Rock,1.22878,4.6317,6.82779,9.792220000000002,12.52922,15.99543,85.36490706338382,99.43827606890395,113.41595386425766,126.3087102973665,no-climate-assessment,no-climate-assessment
GMM-17,Modern_Jazz,1.22878,5.060140000000001,10.68355,17.96705,25.07061999999999,34.28125000000001,85.36490706338382,99.43827606890395,113.41595386425766,126.3087102973665,no-climate-assessment,no-climate-assessment
GMM-17,Symphony_1.5C,1.22872,4.868119999999999,10.78064,23.65544,34.46151,40.38881,85.36490706338382,99.43827606890395,113.41595386425766,126.3087102973665,no-climate-assessment,no-climate-assessment
GMM-17,Unfinished_Symphony,1.22878,5.16465,11.64858,20.16618,29.79179,38.83015,85.36490706338382,99.43827606890395,113.41595386425766,126.3087102973665,no-climate-assessment,no-climate-assessment
GRAPE-15 1.0,EMF33_1.5C_cost100,1.2322,3.4019,1.805,17.6622,22.0023,24.4636,28.1294,30.6896,32.9134,35.0699,failed-vetting,failed-vetting
GRAPE-15 1.0,EMF33_1.5C_full,1.2322,3.3838,1.805,17.6451,21.9804,24.4818,28.1458,30.7133,32.9386,35.0962,failed-vetting,failed-vetting
GRAPE-15 1.0,EMF33_1.5C_nofuel,1.2322,3.4374,1.8048,17.6874,21.7803,24.82800000000001,28.0946,30.6081,32.8078,34.9593,failed-vetting,failed-vetting
GRAPE-15 1.0,EMF33_Baseline,1.2322,2.551,1.8653,17.774,21.1269,21.9378,23.3475,25.0692,26.9634,28.9573,failed-vetting,failed-vetting
GRAPE-15 1.0,EMF33_Med2C_cost100,1.2322,3.3503,1.8316,20.862,23.1932,24.8538,27.869,29.5865,32.4892,34.6932,failed-vetting,failed-vetting
GRAPE-15 1.0,EMF33_Med2C_full,1.2322,3.343,1.8316,20.8628,23.2426,24.6408,27.8699,29.3103,32.5041,34.6987,failed-vetting,failed-vetting
GRAPE-15 1.0,EMF33_Med2C_limbio,1.2322,2.8709,1.8255,20.8383,23.0003,25.7857,28.3351,30.6767,33.0275,35.0315,failed-vetting,failed-vetting
GRAPE-15 1.0,EMF33_Med2C_nobeccs,1.2322,3.4146,1.8221,20.8518,22.9431,25.7192,28.2733,30.7219,33.0179,35.2553,failed-vetting,failed-vetting
GRAPE-15 1.0,EMF33_Med2C_nofuel,1.2322,3.3407,1.8316,20.8628,23.2283,24.5474,27.8699,29.3102,32.5038,34.6986,failed-vetting,failed-vetting
GRAPE-15 1.0,EMF33_Med2C_none,1.2322,3.4179,1.8209,20.8518,23.0536,25.827,28.3224,30.7228,33.0179,35.2553,failed-vetting,failed-vetting
GRAPE-15 1.0,EMF33_WB2C_cost100,1.2322,2.7472,1.8305,19.8349,22.0639,24.6475,27.8089,30.1355,32.3542,34.6008,failed-vetting,failed-vetting
GRAPE-15 1.0,EMF33_WB2C_full,1.2322,2.6756,1.8305,19.9385,22.1417,24.6835,27.8276,30.1281,32.3505,34.537,failed-vetting,failed-vetting
GRAPE-15 1.0,EMF33_WB2C_limbio,1.2322,2.5964,1.805,20.1054,22.63300000000001,25.0775,27.2606,29.102,31.0271,33.6049,failed-vetting,failed-vetting
GRAPE-15 1.0,EMF33_WB2C_nofuel,1.2322,2.716,1.8305,19.9619,22.1521,24.6882,27.8259,30.1233,32.3479,34.5357,failed-vetting,failed-vetting
GRAPE-15 1.0,EMF33_tax_hi_full,1.2322,1.8181,1.8307,20.8518,22.8595,25.2429,27.7834,30.1789,32.2534,32.2362,failed-vetting,failed-vetting
GRAPE-15 1.0,EMF33_tax_hi_none,1.2322,1.8519,1.8307,20.8518,23.2241,25.8299,28.3399,30.7263,33.0179,35.2553,failed-vetting,failed-vetting
GRAPE-15 1.0,EMF33_tax_lo_full,1.2322,2.1207,1.8317,20.6637,23.3199,25.8436,28.3596,29.8698,32.141,34.3812,failed-vetting,failed-vetting
GRAPE-15 1.0,EMF33_tax_lo_none,1.2322,2.1392,1.8316,20.6709,23.294,25.8427,28.3601,30.7505,33.0433,35.2553,failed-vetting,failed-vetting
ICES-XPS 1.0,CSH,1.4495197790844512,2.13675560910668,3.290245759474401,32.91215644720066,51.68243060144813,68.79563632970779,85.36490706338382,99.43827606890395,113.41595386425766,126.3087102973665,failed-vetting,failed-vetting
ICES-XPS 1.0,PCSH,1.4495197790844512,2.17769433360473,3.9119982350822,32.91215644720066,51.68243060144813,68.79563632970779,85.36490706338382,99.43827606890395,113.41595386425766,126.3087102973665,failed-vetting,failed-vetting
ICES-XPS 1.0,PR_Baseline,1.4495197790844512,1.73654510518611,2.8992290949465,4.360391059897401,6.368318696071201,68.79563632970779,85.36490706338382,99.43827606890395,113.41595386425766,126.3087102973665,failed-vetting,failed-vetting
ICES-XPS 1.0,PR_CP_Intensity,1.4495197790844512,1.78420583520253,3.497385799638001,5.5241792582387,8.085259998425702,68.79563632970779,85.36490706338382,99.43827606890395,113.41595386425766,126.3087102973665,failed-vetting,failed-vetting
ICES-XPS 1.0,PR_CP_Price,1.4495197790844512,1.75011169451236,3.3006080459563,4.902592939483201,6.8690514787454,68.79563632970779,85.36490706338382,99.43827606890395,113.41595386425766,126.3087102973665,failed-vetting,failed-vetting
ICES-XPS 1.0,PR_CP_PriceOnly,1.4495197790844512,1.75011169451236,3.0100828417804,4.5645098679115,6.6476715808027,68.79563632970779,85.36490706338382,99.43827606890395,113.41595386425766,126.3087102973665,failed-vetting,failed-vetting
ICES-XPS 1.0,PR_NDC_Intensity,1.4495197790844512,1.78631545910995,3.568711480861201,5.833147091045099,8.7633750419205,68.79563632970779,85.36490706338382,99.43827606890395,113.41595386425766,126.3087102973665,failed-vetting,failed-vetting
ICES-XPS 1.0,PR_NDC_Price,1.4495197790844512,1.7531314384386,3.378441365098201,5.1370150224679,7.2541605765575,68.79563632970779,85.36490706338382,99.43827606890395,113.41595386425766,126.3087102973665,failed-vetting,failed-vetting
ICES-XPS 1.0,PR_NDC_PriceOnly,1.4495197790844512,1.7531314384386,3.072844860132609,4.646089862305499,6.760776786706399,68.79563632970779,85.36490706338382,99.43827606890395,113.41595386425766,126.3087102973665,failed-vetting,failed-vetting
ICES-XPS 1.0,R,1.4495197790844512,1.90580080164835,3.8065245092244,32.91215644720066,51.68243060144813,68.79563632970779,85.36490706338382,99.43827606890395,113.41595386425766,126.3087102973665,failed-vetting,failed-vetting
ICES-XPS 1.0,SH,1.4495197790844512,1.90580080164835,3.8065245092244,32.91215644720066,51.68243060144813,68.79563632970779,85.36490706338382,99.43827606890395,113.41595386425766,126.3087102973665,failed-vetting,failed-vetting
IEA Energy Technology Perspectives Model 2020,B2DS,1.228983642983187,5.12208,15.16769441912681,28.69929392746542,44.25010425230159,53.07511663307669,62.80863980452482,99.43827606890395,113.41595386425766,126.3087102973665,no-climate-assessment,no-climate-assessment
IMACLIM 1.1,ADVANCE_2020_1.5C-2100_WP6,3.438,10.42,29.32,57.5,47.96,68.79563632970779,85.36490706338382,99.43827606890395,113.41595386425766,126.3087102973665,no-climate-assessment,no-climate-assessment
IMACLIM 1.1,ADVANCE_2020_Med2C_WP6,3.438,11.22,31.15,55.38,60.96,68.79563632970779,85.36490706338382,99.43827606890395,113.41595386425766,126.3087102973665,failed-vetting,failed-vetting
IMACLIM 1.1,ADVANCE_2020_WB2C_WP6,3.438,10.87,30.2,57.2,58.97,68.79563632970779,85.36490706338382,99.43827606890395,113.41595386425766,126.3087102973665,no-climate-assessment,no-climate-assessment
IMACLIM 1.1,ADVANCE_2030_Med2C_WP6,3.436,11.48,28.69,50.0,66.07,68.79563632970779,85.36490706338382,99.43827606890395,113.41595386425766,126.3087102973665,failed-vetting,failed-vetting
IMACLIM 1.1,ADVANCE_2030_Price1.5C_WP6,3.436,11.48,27.07,48.64,60.66,68.79563632970779,85.36490706338382,99.43827606890395,113.41595386425766,126.3087102973665,failed-vetting,failed-vetting
IMACLIM 1.1,ADVANCE_2030_WB2C_WP6,3.436,11.48,27.7,46.44,56.9,68.79563632970779,85.36490706338382,99.43827606890395,113.41595386425766,126.3087102973665,failed-vetting,failed-vetting
IMACLIM 1.1,ADVANCE_INDC_WP6,3.436,11.47,30.29,52.3,64.01,68.79563632970779,85.36490706338382,99.43827606890395,113.41595386425766,126.3087102973665,failed-vetting,failed-vetting
IMACLIM 1.1,ADVANCE_NoPolicy_WP6,2.784,8.832,25.04,46.36,61.4,68.79563632970779,85.36490706338382,99.43827606890395,113.41595386425766,126.3087102973665,no-climate-assessment,no-climate-assessment
IMACLIM 1.1,ADVANCE_Reference_WP6,3.438,11.5,29.56,48.34,60.21,68.79563632970779,85.36490706338382,99.43827606890395,113.41595386425766,126.3087102973665,failed-vetting,failed-vetting
IMACLIM 1.1,SSP1_NoPolicy_TranspBase,3.122,9.162,23.73,45.47,65.05,79.99,92.19,98.54,113.41595386425766,126.3087102973665,no-climate-assessment,no-climate-assessment
IMACLIM 1.1,SSP1_NoPolicy_TranspOpt,3.126,9.143,24.66,49.43,73.91,94.7,114.6,125.5,113.41595386425766,126.3087102973665,no-climate-assessment,no-climate-assessment
IMACLIM 1.1,SSP1_RCP34_TranspBase,3.41,8.466000000000001,18.03,39.23,59.67,63.85,81.32,99.43827606890395,113.41595386425766,126.3087102973665,failed-vetting,failed-vetting
IMACLIM 1.1,SSP1_RCP34_TranspOpt,3.438,8.811,19.64,43.42,68.34,75.27,84.71,109.9,113.41595386425766,126.3087102973665,failed-vetting,failed-vetting
IMACLIM 1.1,SSP1_RCP45_TranspBase,3.407,9.024,21.94,42.59,58.95,66.78,74.82,97.05,113.41595386425766,126.3087102973665,failed-vetting,failed-vetting
IMACLIM 1.1,SSP1_RCP45_TranspOpt,3.436,9.353,23.51,46.85,67.56,82.28,94.27,107.5,113.41595386425766,126.3087102973665,failed-vetting,failed-vetting
IMACLIM 1.1,SSP3_NoPolicy_TranspBase,2.544,4.164,8.059,13.1,16.13,18.14,19.8,20.2,113.41595386425766,126.3087102973665,no-climate-assessment,no-climate-assessment
IMACLIM 1.1,SSP3_NoPolicy_TranspOpt,2.552,4.155,7.98,12.91,15.97,18.55,20.43,21.74,113.41595386425766,126.3087102973665,no-climate-assessment,no-climate-assessment
IMACLIM 1.1,SSP3_NoPolicy_Transp_111,2.861,7.474,18.43,35.28,50.19,61.59,73.2,81.62,113.41595386425766,126.3087102973665,no-climate-assessment,no-climate-assessment
IMACLIM 1.1,SSP3_NoPolicy_Transp_112,2.861,7.471,18.46,35.46,50.4,62.07,73.11,81.43,113.41595386425766,126.3087102973665,no-climate-assessment,no-climate-assessment
IMACLIM 1.1,SSP3_NoPolicy_Transp_121,2.864,7.449,18.44,35.47,50.51,62.57,74.1,83.77,113.41595386425766,126.3087102973665,no-climate-assessment,no-climate-assessment
IMACLIM 1.1,SSP3_NoPolicy_Transp_211,2.862,7.461,18.43,35.42,50.57,63.14,75.52,85.93,113.41595386425766,126.3087102973665,no-climate-assessment,no-climate-assessment
IMACLIM 1.1,SSP3_NoPolicy_Transp_222,2.864,7.474,18.52,35.71,51.05,63.87,76.52,87.3,113.41595386425766,126.3087102973665,no-climate-assessment,no-climate-assessment
IMACLIM 1.1,SSP3_RCP26_Transp_111,2.855,6.74,11.33,17.2,23.93,68.79563632970779,85.36490706338382,99.43827606890395,113.41595386425766,126.3087102973665,no-climate-assessment,no-climate-assessment
IMACLIM 1.1,SSP3_RCP26_Transp_112,2.856,6.756,11.45,17.5,24.52,68.79563632970779,85.36490706338382,99.43827606890395,113.41595386425766,126.3087102973665,no-climate-assessment,no-climate-assessment
IMACLIM 1.1,SSP3_RCP26_Transp_121,2.862,6.835,11.69,17.7,24.46,25.61,85.36490706338382,99.43827606890395,113.41595386425766,126.3087102973665,no-climate-assessment,no-climate-assessment
IMACLIM 1.1,SSP3_RCP26_Transp_211,2.858,6.78,11.59,17.64,24.52,26.23,85.36490706338382,99.43827606890395,113.41595386425766,126.3087102973665,no-climate-assessment,no-climate-assessment
IMACLIM 1.1,SSP3_RCP26_Transp_222,2.862,6.863,11.95,18.31,25.74,27.32,85.36490706338382,99.43827606890395,113.41595386425766,126.3087102973665,no-climate-assessment,no-climate-assessment
IMACLIM 1.1,SSP3_RCP34_TranspBase,2.484,3.688,6.233,10.64,14.63,13.99,12.8,14.74,113.41595386425766,126.3087102973665,failed-vetting,failed-vetting
IMACLIM 1.1,SSP3_RCP34_TranspOpt,2.496,3.747,6.527,10.68,13.79,14.0,14.17,16.81,113.41595386425766,126.3087102973665,failed-vetting,failed-vetting
IMACLIM 1.1,SSP3_RCP34_Transp_111,2.863,7.32,15.93,31.66,46.57,50.83,48.37,39.81,113.41595386425766,126.3087102973665,no-climate-assessment,no-climate-assessment
IMACLIM 1.1,SSP3_RCP34_Transp_112,2.864,7.336,16.1,32.12,46.97,51.1,49.11,39.3,113.41595386425766,126.3087102973665,no-climate-assessment,no-climate-assessment
IMACLIM 1.1,SSP3_RCP34_Transp_121,2.87,7.428,16.54,32.53,47.45,51.45,48.71,35.79,113.41595386425766,126.3087102973665,no-climate-assessment,no-climate-assessment
IMACLIM 1.1,SSP3_RCP34_Transp_211,2.867,7.367,16.26,32.23,47.47,52.8,51.29,38.1,113.41595386425766,126.3087102973665,no-climate-assessment,no-climate-assessment
IMACLIM 1.1,SSP3_RCP34_Transp_222,2.871,7.452,16.84,33.2,48.39,53.13,51.36,43.55,113.41595386425766,126.3087102973665,no-climate-assessment,no-climate-assessment
IMACLIM 1.1,SSP3_RCP45_TranspBase,2.487,3.943,7.912000000000001,13.05,15.17,15.07,15.42,15.26,113.41595386425766,126.3087102973665,failed-vetting,failed-vetting
IMACLIM 1.1,SSP3_RCP45_TranspOpt,2.503,4.018,8.025,13.1,15.3,15.84,16.38,15.82,113.41595386425766,126.3087102973665,failed-vetting,failed-vetting
IMACLIM 1.1,SSP3_RCP45_Transp_111,2.876,7.801,18.61,34.55,47.34,55.41,61.68,59.86,113.41595386425766,126.3087102973665,no-climate-assessment,no-climate-assessment
IMACLIM 1.1,SSP3_RCP45_Transp_112,2.877,7.812,18.69,35.07,47.84,55.48,61.72,60.29,113.41595386425766,126.3087102973665,no-climate-assessment,no-climate-assessment
IMACLIM 1.1,SSP3_RCP45_Transp_121,2.876,7.857,18.92,35.58,48.22,56.54,63.21,61.62,113.41595386425766,126.3087102973665,no-climate-assessment,no-climate-assessment
IMACLIM 1.1,SSP3_RCP45_Transp_211,2.871,7.797,18.76,35.28,48.21,56.87,65.1,65.53,113.41595386425766,126.3087102973665,no-climate-assessment,no-climate-assessment
IMACLIM 1.1,SSP3_RCP45_Transp_222,2.875,7.834,18.95,35.82,49.23,58.66,67.1,68.32,113.41595386425766,126.3087102973665,no-climate-assessment,no-climate-assessment
IMACLIM 1.1,base_DemandHigh_FossilHigh_TechHigh,2.689,5.95,15.76,29.03,35.69,68.79563632970779,85.36490706338382,99.43827606890395,113.41595386425766,126.3087102973665,failed-vetting,failed-vetting
IMACLIM 1.1,base_DemandHigh_FossilLow_TechHigh,4.079,18.16,50.46,99.07,148.8,68.79563632970779,85.36490706338382,99.43827606890395,113.41595386425766,126.3087102973665,failed-vetting,failed-vetting
IMACLIM 1.1,base_DemandHigh_FossilLow_TechLow,2.692,5.802,15.32,28.77,34.65,68.79563632970779,85.36490706338382,99.43827606890395,113.41595386425766,126.3087102973665,no-climate-assessment,no-climate-assessment
IMACLIM 1.1,base_DemandLow_FossilHigh_TechHigh,3.779,17.09,47.81,91.19,129.4,68.79563632970779,85.36490706338382,99.43827606890395,113.41595386425766,126.3087102973665,failed-vetting,failed-vetting
IMACLIM 1.1,base_DemandLow_FossilHigh_TechLow,2.546,5.229,13.37,24.53,28.96,68.79563632970779,85.36490706338382,99.43827606890395,113.41595386425766,126.3087102973665,no-climate-assessment,no-climate-assessment
IMACLIM 1.1,base_DemandLow_FossilLow_TechHigh,3.793,16.52,45.24,86.97,125.0,68.79563632970779,85.36490706338382,99.43827606890395,113.41595386425766,126.3087102973665,failed-vetting,failed-vetting
IMACLIM 1.1,base_DemandLow_FossilLow_TechLow,2.549,5.277,13.65,25.63,30.25,68.79563632970779,85.36490706338382,99.43827606890395,113.41595386425766,126.3087102973665,no-climate-assessment,no-climate-assessment
IMACLIM 1.1,peak2016_DemandHigh_FossilHigh_TechHigh,2.898,4.901,5.536,7.866,15.3,68.79563632970779,85.36490706338382,99.43827606890395,113.41595386425766,126.3087102973665,failed-vetting,failed-vetting
IMACLIM 1.1,peak2016_DemandHigh_FossilLow_TechHigh,2.903,5.167999999999999,6.116000000000001,8.53,17.19,68.79563632970779,85.36490706338382,99.43827606890395,113.41595386425766,126.3087102973665,failed-vetting,failed-vetting
IMACLIM 1.1,peak2016_DemandHigh_FossilLow_TechLow,4.608000000000001,14.82,27.92,54.43,88.91,68.79563632970779,85.36490706338382,99.43827606890395,113.41595386425766,126.3087102973665,failed-vetting,failed-vetting
IMACLIM 1.1,peak2016_DemandLow_FossilHigh_TechHigh,3.753,12.73,23.77,43.1,72.69,68.79563632970779,85.36490706338382,99.43827606890395,113.41595386425766,126.3087102973665,failed-vetting,failed-vetting
IMACLIM 1.1,peak2016_DemandLow_FossilHigh_TechLow,2.544,4.235,5.211,6.826000000000001,12.45,68.79563632970779,85.36490706338382,99.43827606890395,113.41595386425766,126.3087102973665,failed-vetting,failed-vetting
IMACLIM 1.1,peak2016_DemandLow_FossilLow_TechHigh,3.775,12.88,24.4,44.57,73.17,68.79563632970779,85.36490706338382,99.43827606890395,113.41595386425766,126.3087102973665,failed-vetting,failed-vetting
IMACLIM 1.1,peak2016_DemandLow_FossilLow_TechLow,2.543,4.367,5.932,7.505,13.63,68.79563632970779,85.36490706338382,99.43827606890395,113.41595386425766,126.3087102973665,failed-vetting,failed-vetting
IMACLIM 1.1,peak2020_DemandHigh_FossilHigh_TechHigh,2.898,5.517,7.132999999999999,9.352,16.29,68.79563632970779,85.36490706338382,99.43827606890395,113.41595386425766,126.3087102973665,failed-vetting,failed-vetting
IMACLIM 1.1,peak2020_DemandHigh_FossilLow_TechHigh,4.608000000000001,16.51,32.71,59.64,91.55,68.79563632970779,85.36490706338382,99.43827606890395,113.41595386425766,126.3087102973665,failed-vetting,failed-vetting
IMACLIM 1.1,peak2020_DemandHigh_FossilLow_TechLow,2.903,5.795,7.975,10.02,17.83,68.79563632970779,85.36490706338382,99.43827606890395,113.41595386425766,126.3087102973665,failed-vetting,failed-vetting
IMACLIM 1.1,peak2020_DemandLow_FossilHigh_TechHigh,3.753,14.69,29.39,49.62,76.17,68.79563632970779,85.36490706338382,99.43827606890395,113.41595386425766,126.3087102973665,failed-vetting,failed-vetting
IMACLIM 1.1,peak2020_DemandLow_FossilHigh_TechLow,2.544,4.868,6.877000000000001,8.443999999999999,14.32,68.79563632970779,85.36490706338382,99.43827606890395,113.41595386425766,126.3087102973665,failed-vetting,failed-vetting
IMACLIM 1.1,peak2020_DemandLow_FossilLow_TechHigh,3.775,14.67,29.12,48.98,74.71,68.79563632970779,85.36490706338382,99.43827606890395,113.41595386425766,126.3087102973665,failed-vetting,failed-vetting
IMACLIM 1.1,peak2020_DemandLow_FossilLow_TechLow,2.543,4.947,7.982,10.19,16.46,68.79563632970779,85.36490706338382,99.43827606890395,113.41595386425766,126.3087102973665,failed-vetting,failed-vetting
IMACLIM 1.1,peak2025_DemandHigh_FossilHigh_TechHigh,2.898,5.785,9.251,11.38,17.15,68.79563632970779,85.36490706338382,99.43827606890395,113.41595386425766,126.3087102973665,failed-vetting,failed-vetting
IMACLIM 1.1,peak2025_DemandHigh_FossilLow_TechHigh,4.608000000000001,17.43,39.65,66.27,89.62,68.79563632970779,85.36490706338382,99.43827606890395,113.41595386425766,126.3087102973665,failed-vetting,failed-vetting
IMACLIM 1.1,peak2025_DemandHigh_FossilLow_TechLow,2.903,6.071000000000001,10.61,12.9,19.05,68.79563632970779,85.36490706338382,99.43827606890395,113.41595386425766,126.3087102973665,failed-vetting,failed-vetting
IMACLIM 1.1,peak2025_DemandLow_FossilHigh_TechHigh,3.753,15.45,36.35,55.65,73.68,68.79563632970779,85.36490706338382,99.43827606890395,113.41595386425766,126.3087102973665,failed-vetting,failed-vetting
IMACLIM 1.1,peak2025_DemandLow_FossilHigh_TechLow,2.544,5.161,9.432,11.04,15.5,68.79563632970779,85.36490706338382,99.43827606890395,113.41595386425766,126.3087102973665,failed-vetting,failed-vetting
IMACLIM 1.1,peak2025_DemandLow_FossilLow_TechHigh,3.775,15.6,35.41,52.93,70.75,68.79563632970779,85.36490706338382,99.43827606890395,113.41595386425766,126.3087102973665,failed-vetting,failed-vetting
IMACLIM-NLU 1.0,EMF33_Baseline,1.987,6.591,17.49,32.09,39.93,48.56,54.09,56.22,60.69,69.64,no-climate-assessment,no-climate-assessment
IMACLIM-NLU 1.0,EMF33_tax_hi_none,1.986999999999999,6.591,15.49,28.24,36.44,45.23,48.62,56.36,56.3,55.47,failed-vetting,failed-vetting
IMACLIM-NLU 1.0,EMF33_tax_lo_none,1.986999999999999,6.591,17.16,31.25,39.3,45.87,52.11,56.94,59.3,65.42,failed-vetting,failed-vetting
IMAGE 3.0,CO_2Deg2020,1.228849096,5.781057536,8.066898464000001,12.172746944,19.908394368,32.728241408,34.556259584,32.672977664,30.269289984,32.883615232,C3,C3: limit warming to 2°C (>67%)
IMAGE 3.0,CO_2Deg2030,1.228849096,5.825942048,9.644528864,13.128222848,26.201807488,40.812813568,40.782268672,35.139412992,36.984542208,44.3497344,C3,C3: limit warming to 2°C (>67%)
IMAGE 3.0,CO_BAU,1.228849096,5.595651616,8.509251584000001,10.833137536,14.11833344,15.44509952,16.070255616,18.558937344,20.372752384,19.575109376,C7,C7: limit warming to 4°C (>50%)
IMAGE 3.0,CO_Bridge,1.228849096,6.104912192,14.252446336,13.30219232,26.380320768,36.311051776,34.90022272,29.203743488,35.981552128,41.700419072,C3,C3: limit warming to 2°C (>67%)
IMAGE 3.0,CO_CurPol,1.228849096,5.781955776,9.806415168,14.135240768,13.905970496,12.664453568,12.717342976,15.702195712,17.38375744,17.19386624,C7,C7: limit warming to 4°C (>50%)
IMAGE 3.0,CO_GPP,1.228849096,6.104912192,14.252446336,14.834376832,16.624891264,19.028255488,21.431485312,25.4566848,29.862768384,32.731846144,C5,C5: limit warming to 2.5°C (>50%)
IMAGE 3.0,CO_NDCplus,1.228849096,5.827393216,9.643846496,16.20001728,17.982779072,19.03668736,19.610516992,24.520992256,29.007260672,30.841204992,C7,C7: limit warming to 4°C (>50%)
IMAGE 3.0,EN_INDCi2030_1000,1.228849096,5.830440928000001,10.379418496,11.958749248,20.442022656,34.796256256,36.867255808,26.622162432,23.571790848,30.921038848,C4,C4: limit warming to 2°C (>50%)
IMAGE 3.0,EN_INDCi2030_1000f,1.228849096,5.830440928000001,10.374330464,13.712936864,15.407391744,29.859095808,43.77694208000001,43.52879820800001,38.5283328,40.88552704,C4,C4: limit warming to 2°C (>50%)
IMAGE 3.0,EN_INDCi2030_1200,1.228849096,5.830440928000001,10.37491648,12.332721632,14.936304128,21.86198912,31.361071872,30.7593408,28.058342144,28.075046656,C4,C4: limit warming to 2°C (>50%)
IMAGE 3.0,EN_INDCi2030_1200f,1.228849096,5.830440928000001,10.374330464,15.62861056,15.692710208,21.642329344,30.91857152,35.587076608,31.63273216,34.09502464000001,C4,C4: limit warming to 2°C (>50%)
IMAGE 3.0,EN_INDCi2030_1400,1.228849096,5.830440928000001,10.373772672,13.386292864,14.40084512,17.801379456,26.314873728,31.615920128,30.936484352,27.15613440000001,C5,C5: limit warming to 2.5°C (>50%)
IMAGE 3.0,EN_INDCi2030_1400f,1.228849096,5.830440928000001,10.374330464,15.456402752,15.54061312,19.436960512,26.19806336000001,33.794537728,34.403367936,34.826086912,C4,C4: limit warming to 2°C (>50%)
IMAGE 3.0,EN_INDCi2030_3000,1.228849096,5.830440928000001,10.374330464,16.211793088,16.649226368,15.392361472,16.89670464,25.452484864,31.908611328,32.507905024,C6,C6: limit warming to 3°C (>50%)
IMAGE 3.0,EN_INDCi2030_3000f,1.228849096,5.830440928000001,10.374330464,16.211793088,16.649226368,15.392361472,16.89670464,25.452484864,31.908611328,32.507905024,C6,C6: limit warming to 3°C (>50%)
IMAGE 3.0,EN_INDCi2030_800f,1.228849096,5.830440928000001,10.374330464,11.842529216,22.150660608,39.44827366400001,42.01874688,36.869955584,38.545067008,44.100306432,C3,C3: limit warming to 2°C (>67%)
IMAGE 3.0,EN_INDCi2100,1.228849096,5.830440928000001,10.40739936,16.075174272,17.616742912,18.330486272,19.822946688,24.748358656,27.8529792,27.847043072,C7,C7: limit warming to 4°C (>50%)
IMAGE 3.0,EN_NPi2020_1000,1.228849096,5.818276736000001,10.554528768,12.126115968,18.130661504,27.299521152,29.091198976,26.728844288,27.663138048,29.632657408,C3,C3: limit warming to 2°C (>67%)
IMAGE 3.0,EN_NPi2020_1000f,1.228849096,5.837103456,10.318040576,11.539817728,14.997068736,20.411181056,30.264322048,33.384137728,30.80308352,28.50487552,C3,C3: limit warming to 2°C (>67%)
IMAGE 3.0,EN_NPi2020_1200,1.228849096,5.812365184000001,10.61865728,12.444259776,13.976944896,18.542073728,29.292216064,33.21659955200001,29.83962496,26.451066368,C4,C4: limit warming to 2°C (>50%)
IMAGE 3.0,EN_NPi2020_1200f,1.228849096,5.82942944,10.25530432,12.36783872,16.484307456,23.371535104,26.10180672,29.792112384,30.821334528,29.408624128,C4,C4: limit warming to 2°C (>50%)
IMAGE 3.0,EN_NPi2020_1400,1.228849096,5.807400416,10.452254912,13.909520512,16.270994304,20.200197504,26.698462848,30.207302528,28.440177664,27.647380992,C4,C4: limit warming to 2°C (>50%)
IMAGE 3.0,EN_NPi2020_1400f,1.228849096,5.818062783999999,10.206582528,13.95015296,17.036921792,23.243971072,26.792214272,29.508192768,31.3117888,32.074808832,C4,C4: limit warming to 2°C (>50%)
IMAGE 3.0,EN_NPi2020_3000,1.228849096,5.774876512000001,10.11288208,14.641336,15.718733568,15.88906675200001,17.990385536,25.341278976,31.77044992,33.364496128,C6,C6: limit warming to 3°C (>50%)
IMAGE 3.0,EN_NPi2020_3000f,1.228849096,5.774876512000001,10.11288208,14.641336,15.718733568,15.88906675200001,17.990385536,25.341278976,31.77044992,33.364496128,C6,C6: limit warming to 3°C (>50%)
IMAGE 3.0,EN_NPi2020_600f,1.228849096,5.871726720000003,11.018810752,12.850874048,27.04081536,38.540052736,38.390468096,34.451599872,38.556920832,41.74006169600001,C3,C3: limit warming to 2°C (>67%)
IMAGE 3.0,EN_NPi2020_800,1.228849096,5.847201536,10.48621056,12.38243392,28.229778688,40.66133299200001,38.07944064,24.577679104,27.856214272,30.97613568,C3,C3: limit warming to 2°C (>67%)
IMAGE 3.0,EN_NPi2020_800f,1.228849096,5.837103456,10.39407232,11.753183104,17.444845312,26.684912256,33.401535488,32.258777856,29.656734208,31.796793856,C3,C3: limit warming to 2°C (>67%)
IMAGE 3.0,EN_NPi2100,1.228849096,5.7845136,10.129548576,14.4380496,14.357788608,13.195270848,13.322907904,16.59598016,18.711952256,18.591469952,C7,C7: limit warming to 4°C (>50%)
IMAGE 3.0,EN_NoPolicy,1.228849096,5.595651616,8.509251584000001,10.833137536,14.11833344,15.44509952,16.070255616,18.558937344,20.372752384,19.575109376,C7,C7: limit warming to 4°C (>50%)
IMAGE 3.0.1,ADVANCE_2020_1.5C-2100,1.228849364,5.663097472,7.275264832,8.201492096,21.544362752,34.974662144,34.912640512,25.96835584,23.350457856,27.35282432,C2,C2: return warming to 1.5°C (>50%) after a high overshoot
IMAGE 3.0.1,ADVANCE_2020_Med2C,1.228849364,5.585625024,9.773688832,11.181651456,19.143856384,26.464377856,28.041973504,26.693591296,29.10963712,32.558483968,C4,C4: limit warming to 2°C (>50%)
IMAGE 3.0.1,ADVANCE_2020_WB2C,1.228849364,5.687506752000001,7.75076608,9.799389824,25.891637248,36.489616384,32.24441599999999,24.19441152,28.489778688,36.526454784,C3,C3: limit warming to 2°C (>67%)
IMAGE 3.0.1,ADVANCE_2030_Med2C,1.228849364,5.596320192,10.064175872,14.938228736,18.669333504,27.280514048,34.98349056,35.337972736,29.09458688,29.97613824,C4,C4: limit warming to 2°C (>50%)
IMAGE 3.0.1,ADVANCE_2030_WB2C,1.228849364,5.596817792,9.820122112,9.905283072,25.893169664,36.091529216,36.234115072,28.786760704,29.32853504,35.265285632,C3,C3: limit warming to 2°C (>67%)
IMAGE 3.0.1,ADVANCE_INDC,1.228849364,5.596320192,9.925677952,14.696410624,21.437777408,26.495321344,28.352285184,29.257003008,29.887696896,31.192488448,C6,C6: limit warming to 3°C (>50%)
IMAGE 3.0.1,ADVANCE_NoPolicy,1.228848788,4.465882768,7.516475776,9.893792,13.325011584,14.73235584,15.723848704,18.149627648,19.786838016,19.631654912,C7,C7: limit warming to 4°C (>50%)
IMAGE 3.0.1,ADVANCE_Reference,1.228849364,5.523389312000001,10.02904576,15.214633728,20.223099392,21.125637888,20.921245184,24.971457536,27.801975296,26.548903936,C7,C7: limit warming to 4°C (>50%)
IMAGE 3.0.1,CD-LINKS_INDC2030i_1600,1.228848788,5.202762624,11.106115072,11.11902976,16.321549568,27.112204288,29.064868608,23.515981824,24.53337856,31.185904128,C4,C4: limit warming to 2°C (>50%)
IMAGE 3.0.1,CD-LINKS_INDCi,1.228848788,5.204216703999999,10.730531328,14.519028736,19.410937856,20.953825792,19.892305664,21.730018048,24.671197184,24.63719168,C7,C7: limit warming to 4°C (>50%)
IMAGE 3.0.1,CD-LINKS_NDC2030i_1000,1.228848788,5.193076032,11.028864256,10.878527104,19.949150208,33.687179008,35.403789824,24.85675008,24.740194816,34.47093504,C3,C3: limit warming to 2°C (>67%)
IMAGE 3.0.1,CD-LINKS_NPi,1.228848788,5.191530048,9.044289792,11.930906112,15.781142784,17.414370048,18.58212608,20.709496576,22.060274176,21.303848704,C7,C7: limit warming to 4°C (>50%)
IMAGE 3.0.1,CD-LINKS_NPi2020_1000,1.228848788,5.233943808,8.443499008,7.862091904,20.779971072,32.014688256,29.684805632,21.883266048,25.081024,34.291170816,C3,C3: limit warming to 2°C (>67%)
IMAGE 3.0.1,CD-LINKS_NPi2020_1600,1.228848788,5.22472512,8.799505792,8.512004864,17.967451904,25.634544128,25.192729856,22.184449024,27.410834432,30.763190272,C4,C4: limit warming to 2°C (>50%)
IMAGE 3.0.1,CD-LINKS_NPi2020_400,1.228848788,5.251146432,6.792908224,7.182808064,17.33473152,33.299522048,31.985248768,22.310375424,16.348932096,20.523892736,C2,C2: return warming to 1.5°C (>50%) after a high overshoot
IMAGE 3.0.1,CD-LINKS_NoPolicy,1.228848788,4.44628576,7.505282048,9.994584192,13.550984192,14.810385408,15.674725376,18.279532544,20.04895104,19.643899648,C7,C7: limit warming to 4°C (>50%)
IMAGE 3.0.1,EMF30_BCOC-EndU,1.228848788,3.979480896,6.7377088,9.411951104,13.102876416,14.125207296,14.743608832,17.100997632,18.917062656,18.57477888,C7,C7: limit warming to 4°C (>50%)
IMAGE 3.0.1,EMF30_Baseline,1.228848788,3.979480896,6.725413696,9.340292096,13.043326592,14.10528,14.735950336,17.065763328,18.890752,18.596377344,C7,C7: limit warming to 4°C (>50%)
IMAGE 3.0.1,EMF30_CH4-Only,1.228848788,3.979480896,6.725413696,9.340292096,13.043326592,14.10528,14.735950336,17.065763328,18.890752,18.596377344,C7,C7: limit warming to 4°C (>50%)
IMAGE 3.0.1,EMF30_ClimPolicy,1.228848788,4.016957663999999,5.253901376,9.415865216,18.465081856,26.5681408,29.62660736,27.353248768,23.991886336,27.667536384,C3,C3: limit warming to 2°C (>67%)
IMAGE 3.0.1,EMF30_ClimPolicy+SLCF,1.228848788,4.016957663999999,5.263391936000001,9.505176832,18.578394368,26.707918848,29.5759872,27.280572928,23.90285414400001,27.843229696,C3,C3: limit warming to 2°C (>67%)
IMAGE 3.0.1,EMF30_D_BCOC-Red,1.228848788,3.979480896,6.725413696,9.340292096,13.043326592,14.10528,14.735950336,17.065763328,18.890752,18.596377344,C7,C7: limit warming to 4°C (>50%)
IMAGE 3.0.1,EMF30_D_CH4-ClimPolicy,1.228848788,3.979480896,6.725413696,9.340292096,13.043326592,14.10528,14.735950336,17.065763328,18.890752,18.596377344,C7,C7: limit warming to 4°C (>50%)
IMAGE 3.0.1,EMF30_D_CO2-Only,1.228848788,4.016957663999999,5.253901376,9.415865216,18.465081856,26.5681408,29.62660736,27.353248768,23.991886336,27.667536384,C5,C5: limit warming to 2.5°C (>50%)
IMAGE 3.0.1,EMF30_D_Frozen-CH4,1.228848788,3.979480896,6.725413696,9.340292096,13.043326592,14.10528,14.735950336,17.065763328,18.890752,18.596377344,C7,C7: limit warming to 4°C (>50%)
IMAGE 3.0.1,EMF30_D_Frozen-EF,1.228848788,3.979480896,6.725413696,9.340292096,13.043326592,14.10528,14.735950336,17.065763328,18.890752,18.596377344,C7,C7: limit warming to 4°C (>50%)
IMAGE 3.0.1,EMF30_D_Frozen-EF-EndU,1.228848788,3.979480896,6.725413696,9.340292096,13.043326592,14.10528,14.735950336,17.065763328,18.890752,18.596377344,C7,C7: limit warming to 4°C (>50%)
IMAGE 3.0.1,EMF30_D_Frozen-EF-SLCF,1.228848788,3.979480896,6.725413696,9.340292096,13.043326592,14.10528,14.735950336,17.065763328,18.890752,18.596377344,C7,C7: limit warming to 4°C (>50%)
IMAGE 3.0.1,EMF30_SLCF,1.228848788,3.979480896,6.7377088,9.411951104,13.102876416,14.125207296,14.743608832,17.100997632,18.917062656,18.57477888,C7,C7: limit warming to 4°C (>50%)
IMAGE 3.0.1,EMF30_Slower-Action,1.22884934,5.22884192,11.994465408,18.96838656,23.31230336,23.134811904,22.5739456,27.195067136,31.77693286400001,32.12720128,C6,C6: limit warming to 3°C (>50%)
IMAGE 3.0.1,EMF30_Slower-Action+SLCF,1.22884934,5.22884192,12.011626112,19.062001664,23.388864,23.169219584,22.583658496,27.202701056,31.751865344,32.158792704,C6,C6: limit warming to 3°C (>50%)
IMAGE 3.0.1,EMF30_Slower-to-faster,1.228849364,5.21394784,9.791124736,11.483354368,20.123698432,34.567261696,36.25711052800001,28.967524864,26.350895616,32.881636352,C4,C4: limit warming to 2°C (>50%)
IMAGE 3.0.1,EMF30_Slower-to-faster+SLCF,1.228849364,5.21394784,9.811466752,11.5545856,20.2447232,34.764434432,36.686580736,29.260983808,26.6215808,33.082875904,C3,C3: limit warming to 2°C (>67%)
IMAGE 3.0.1,EMF30_Slower-to-faster+SLCF+HFC,1.228849364,5.21394784,9.811466752,11.5545856,20.2447232,34.764434432,36.686580736,29.260983808,26.6215808,33.082875904,C3,C3: limit warming to 2°C (>67%)
IMAGE 3.0.1,IMA15-AGInt,1.228848788,4.380088672,5.07222064,14.07662336,27.400321792,31.154158592,25.647768064,24.680259072,28.389720064,30.79319808,failed-vetting,failed-vetting
IMAGE 3.0.1,IMA15-Def,1.228848788,4.380084176,4.658439663999999,7.372657856,21.162273024,32.435186176,28.696278272,19.10851968,17.972585472,24.408629248,failed-vetting,failed-vetting
IMAGE 3.0.1,IMA15-Eff,1.228848788,4.356146976000002,4.639811232,6.511772864,16.268842112,25.906486784,24.88266368,18.129036288,15.099600384,17.233599232,failed-vetting,failed-vetting
IMAGE 3.0.1,IMA15-LiStCh,1.228848788,4.341975872,4.955031583999999,14.332595968,31.734497536,33.970157312,25.61278464,23.883323136,29.431596544,32.547266048,failed-vetting,failed-vetting
IMAGE 3.0.1,IMA15-LoNCO2,1.228848788,4.380088672,5.07222064,14.43891136,32.649450752,34.246946304,25.424381184,23.46445158400001,31.012207616,35.16056320000001,failed-vetting,failed-vetting
IMAGE 3.0.1,IMA15-Pop,1.228848788,4.381167631999999,5.056752352,12.312474368,25.076481792,27.327054848,22.33372928,20.459651584,20.085698816,19.020886272,failed-vetting,failed-vetting
IMAGE 3.0.1,IMA15-RenElec,1.228848788,4.477800608,9.64913216,36.015785984,55.115833856,50.97388236800001,62.70280192,72.05391872,69.92547123199999,71.115629568,failed-vetting,failed-vetting
IMAGE 3.0.1,IMA15-TOT,1.228848788,4.472930703999999,7.826566912000001,34.934902272,58.236496384,52.417998848,57.363837952,71.86804121600001,69.53097011199999,62.2942208,failed-vetting,failed-vetting
IMAGE 3.0.1,SSP1-19,1.228848788,4.587051423999999,5.68979104,16.717835264,32.315389952,32.686570496,25.019670016,25.719846912,30.692139008,27.88491366400001,failed-vetting,failed-vetting
IMAGE 3.0.1,SSP1-26,1.228848788,4.38210032,9.26603008,16.227796992,24.78435328,30.059086848,31.292131328,30.55934976,26.422079488,26.967749632,C3,C3: limit warming to 2°C (>67%)
IMAGE 3.0.1,SSP1-34,1.228848788,4.365073168,8.345662848,15.955764224,26.455300096,30.20608,33.44859136,36.44886016,34.124161024,30.541751296,C5,C5: limit warming to 2.5°C (>50%)
IMAGE 3.0.1,SSP1-45,1.228848788,4.361697744,8.029331072,14.938391552,24.979109888,29.37083904,31.1620096,35.381179392,38.00812032,36.376931328,C6,C6: limit warming to 3°C (>50%)
IMAGE 3.0.1,SSP1-Baseline,1.228848788,4.359984768,7.931806976,14.684924416,24.415789056,28.50049024,30.092189696,33.125300224,33.449869312,32.188790784,C7,C7: limit warming to 4°C (>50%)
IMAGE 3.0.1,SSP2-26,1.228848788,4.704133696,5.937191552000001,8.755358592,22.479036928,34.247081728,32.567399936,25.890056192,28.304226816,35.17612544,C3,C3: limit warming to 2°C (>67%)
IMAGE 3.0.1,SSP2-34,1.228848788,4.70827784,8.135934272,13.156025984,19.885481472,21.406029824,24.699597056,27.26112128,27.832660992,27.955569664,C5,C5: limit warming to 2.5°C (>50%)
IMAGE 3.0.1,SSP2-45,1.228848788,4.513504224,8.157621568,12.158757632,17.804445184,20.287961856,23.808038912,27.816770304,28.49533696,31.075933696,C6,C6: limit warming to 3°C (>50%)
IMAGE 3.0.1,SSP2-60,1.228848788,4.521143744,7.820558656,10.557252608,14.470402304,16.352017408,18.55670784,23.364374016,27.042699264,27.336656896,C7,C7: limit warming to 4°C (>50%)
IMAGE 3.0.1,SSP2-Baseline,1.228848788,4.461620112,7.52038528,9.889395968,13.3390048,14.769339904,15.777302528,18.208810496,19.868265728,19.770355712,C7,C7: limit warming to 4°C (>50%)
IMAGE 3.0.1,SSP3-34,1.228848788,4.651882176,6.888059903999999,5.772394687999999,11.544590144,22.425932416,23.315936064,17.562610688,13.619086208,12.841698688,C5,C5: limit warming to 2.5°C (>50%)
IMAGE 3.0.1,SSP3-45,1.228848788,4.534904192,7.182217792,8.891463007999999,12.214588992,13.888755744,12.414480704,12.715463776,15.577859968,17.286037952,C6,C6: limit warming to 3°C (>50%)
IMAGE 3.0.1,SSP3-60,1.228848788,4.426381392,6.335127552,6.519145824,7.865276799999998,8.410492704,8.321884736,9.532094656,11.800458112,13.79623264,C7,C7: limit warming to 4°C (>50%)
IMAGE 3.0.1,SSP3-Baseline,1.228848788,4.414797392,6.122544512,5.608146096,6.042492512000001,5.45376024,4.579557056000001,4.873556608,5.627052863999999,5.981645184,C7,C7: limit warming to 4°C (>50%)
IMAGE 3.0.1,SSP4-26,1.228848788,4.402262112,5.059269056000001,11.428112896,33.876763136,38.156179456,29.702972416,21.097074176,24.340275712,31.217854464,C3,C3: limit warming to 2°C (>67%)
IMAGE 3.0.1,SSP4-34,1.228848788,4.356592064,7.550082816000002,11.142413824,19.33878784,23.269520896,23.440219136,24.213438464,22.699639808,20.134509568,C5,C5: limit warming to 2.5°C (>50%)
IMAGE 3.0.1,SSP4-45,1.228848788,4.307576463999999,7.468218752,12.068594688,18.21768192,17.719615488,22.567378432,31.05432576,28.150064128,20.1854976,C6,C6: limit warming to 3°C (>50%)
IMAGE 3.0.1,SSP4-60,1.228848788,4.304201568,7.397638144,11.925445888,17.405731328,19.209004032,21.463661056,26.354083328,26.7584896,23.496032768,C7,C7: limit warming to 4°C (>50%)
IMAGE 3.0.1,SSP4-Baseline,1.228848788,4.29078232,7.410733056000002,11.384060928,16.7720704,18.984155136,22.041773056,26.44250112,26.621332992,22.756086784,C7,C7: limit warming to 4°C (>50%)
IMAGE 3.0.1,SSP5-34,1.228848788,4.2823824,6.482396447999999,9.428271552,13.059547456,19.075762432,24.613006848,26.450963072,23.459101568,27.34502784,C5,C5: limit warming to 2.5°C (>50%)
IMAGE 3.0.1,SSP5-45,1.228848788,4.260747984,6.209695904,8.38322896,12.264247232,13.271532288,20.268146688,23.767687168,23.060244736,23.468973056,C6,C6: limit warming to 3°C (>50%)
IMAGE 3.0.1,SSP5-60,1.228848788,4.24940704,5.879167168,7.131308384,10.098372416,11.496682112,13.925650496,18.772931712,21.555324672,21.665009792,C7,C7: limit warming to 4°C (>50%)
IMAGE 3.0.1,SSP5-Baseline,1.228848788,4.242369824,5.55065424,5.697710336,7.274577728,7.520793727999999,7.74465728,9.137758176,10.240494784,10.746387776,C8,C8: exceed warming of 4°C (>=50%)
IMAGE 3.0.2,EMF33_Baseline,1.228848788,4.217210656000002,7.201819648,9.61611712,13.124206976,14.4724992,15.569319424,17.906569728,19.347944704,19.137417984,C7,C7: limit warming to 4°C (>50%)
IMAGE 3.0.2,EMF33_Med2C_cost100,1.228848788,4.325284896,8.183579392,10.693463296,19.133499904,25.440877056,26.079295232,24.754022912,26.918667264,28.296487936,C5,C5: limit warming to 2.5°C (>50%)
IMAGE 3.0.2,EMF33_Med2C_full,1.228848788,4.314033984,8.359808512,11.465490176,17.98580224,23.233014272,25.414081024,24.815483648,25.237160448,26.22897408,C5,C5: limit warming to 2.5°C (>50%)
IMAGE 3.0.2,EMF33_Med2C_limbio,1.228848788,4.375706704,7.829364736,9.875784192,21.330177024,29.258491392,27.6811776,26.599700992,36.440749568,41.785624576,C5,C5: limit warming to 2.5°C (>50%)
IMAGE 3.0.2,EMF33_Med2C_nobeccs,1.228848788,4.354405184,7.94385984,9.64693888,22.890226176,30.801074944,29.581081856,26.492342784,32.038883328,38.040337408,C4,C4: limit warming to 2°C (>50%)
IMAGE 3.0.2,EMF33_Med2C_nofuel,1.228848788,4.322736944,8.247932288,10.952473344,17.79255872,24.181005568,25.659407616,24.436764928,25.591975424,27.088568832,C4,C4: limit warming to 2°C (>50%)
IMAGE 3.0.2,EMF33_Med2C_none,1.228848788,4.35776304,7.92529088,9.728033152,23.771537664,32.090493952,30.225791488,25.8050816,32.876488704,40.23992064,C4,C4: limit warming to 2°C (>50%)
IMAGE 3.0.2,EMF33_WB2C_cost100,1.228848788,4.382982688,7.644104896,8.591208256,20.266670848,32.574439168,30.647634176,22.868650752,23.628563456,32.277482496,C3,C3: limit warming to 2°C (>67%)
IMAGE 3.0.2,EMF33_WB2C_full,1.228848788,4.38651152,7.611314112000001,8.54203712,20.19055872,31.808924672,30.130186496,23.563203584,25.671670784,33.155800576,C3,C3: limit warming to 2°C (>67%)
IMAGE 3.0.2,EMF33_WB2C_limbio,1.228848788,4.425578192,7.17398144,7.789404224,22.400396288,36.899690496,33.964510976,25.051303168,31.4850688,41.3919744,C3,C3: limit warming to 2°C (>67%)
IMAGE 3.0.2,EMF33_WB2C_nobeccs,1.228848788,4.407232688,7.322397632,9.038371072,31.716453376,37.9851456,31.798677504,23.293171968,29.208990208,35.591261696,C3,C3: limit warming to 2°C (>67%)
IMAGE 3.0.2,EMF33_WB2C_nofuel,1.228848788,4.393361376000001,7.569217472,8.492980608,21.179900416,33.407558656,31.06016128,22.475611904,23.827618816,33.145967616,C3,C3: limit warming to 2°C (>67%)
IMAGE 3.0.2,EMF33_tax_hi_full,1.228848788,4.554460752,7.418707712000001,11.105869824,17.158511744,23.230966528,26.6124096,27.738417152,27.193992704,29.35669248,C4,C4: limit warming to 2°C (>50%)
IMAGE 3.0.2,EMF33_tax_hi_none,1.228848788,4.554858464,7.463304128,11.318057216,18.509537024,24.915700224,28.143579392,30.992956416,33.695240704,38.3143424,C5,C5: limit warming to 2.5°C (>50%)
IMAGE 3.0.2,EMF33_tax_lo_full,1.228848788,4.437272496,7.830598527999999,12.240695808,18.929009408,22.533090304,24.587016704,25.911272704,27.123648,27.871872512,C5,C5: limit warming to 2.5°C (>50%)
IMAGE 3.0.2,EMF33_tax_lo_none,1.228848788,4.437619872,7.850802944,12.319830272,19.107410688,22.823576832,25.091156736,26.936352512,28.907253248,30.321686016,C5,C5: limit warming to 2.5°C (>50%)
IMAGE 3.2,SSP1-baseline,1.226822756,5.168586176000001,8.971080064,19.045907968,30.199460864,41.180009472,47.278307328,57.899507712,61.19217561600001,57.19599616000001,C7,C7: limit warming to 4°C (>50%)
IMAGE 3.2,SSP1_SPA1_19I_D,1.226822756,5.168586176000001,11.158801088,27.188457472,43.049334272,45.963694592,48.29484185600001,49.90749337600001,51.103971328,58.70237081600001,C2,C2: return warming to 1.5°C (>50%) after a high overshoot
IMAGE 3.2,SSP1_SPA1_19I_D_LB,1.226822756,5.168586176000001,19.08093824,35.779003392,45.47084339200001,42.95576627200001,49.176741888,52.967984128,49.25168230400001,43.303422976,C1,C1: limit warming to 1.5°C (>50%) with no or limited overshoot
IMAGE 3.2,SSP1_SPA1_19I_LI,1.226822756,5.182385376,10.69174784,27.846617088,40.559217664,39.20413952000001,44.965005312,50.00923545600001,45.03891712,38.31495475200001,C2,C2: return warming to 1.5°C (>50%) after a high overshoot
IMAGE 3.2,SSP1_SPA1_19I_LIRE,1.226822756,5.182543136,9.304604672,21.939508992,39.299800576,57.296287232,66.356841472,75.495548928,83.512964096,81.211309056,C2,C2: return warming to 1.5°C (>50%) after a high overshoot
IMAGE 3.2,SSP1_SPA1_19I_LIRE_LB,1.226822756,5.182543136,14.342332032,30.682783232,52.301325312,63.894291456,71.92916172800001,67.14750054400001,73.097939968,77.013221376,C1,C1: limit warming to 1.5°C (>50%) with no or limited overshoot
IMAGE 3.2,SSP1_SPA1_19I_RE,1.226822756,5.182546448,11.75694272,35.06778316800001,51.620648448,54.38396928,51.652420608,66.082207744,63.257409536,57.71121049600001,C2,C2: return warming to 1.5°C (>50%) after a high overshoot
IMAGE 3.2,SSP1_SPA1_19I_RE_LB,1.226822756,5.182546448,20.301880832,41.687172608,55.760338944,54.904368128,63.42614016,61.67383040000001,59.37451008,52.96547020800001,C1,C1: limit warming to 1.5°C (>50%) with no or limited overshoot
IMAGE 3.2,SSP1_SPA1_26I_D,1.226822756,5.168586176000001,9.313615232,24.696166144,40.200236544,44.950913536,40.884158464,49.14080256,49.115649024,42.855815168,C3,C3: limit warming to 2°C (>67%)
IMAGE 3.2,SSP1_SPA1_26I_LI,1.226822756,5.182385376,9.012446784,22.379250944,35.753342464,42.17019648,39.936680448,48.64398540800001,49.777984,41.267197952,C3,C3: limit warming to 2°C (>67%)
IMAGE 3.2,SSP1_SPA1_26I_LIRE,1.226822756,5.182543136,8.044267008,18.08916416,31.494485248,49.787224064,62.240669696,73.29398784,78.216030208,82.874269696,C3,C3: limit warming to 2°C (>67%)
IMAGE 3.2,SSP1_SPA1_26I_RE,1.226822756,5.182546448,10.905398784,33.887906816,51.120774656,51.05638912000001,46.305750016,55.58961152000001,55.657690112,52.65310208,C3,C3: limit warming to 2°C (>67%)
IMAGE 3.2,SSP1_SPA1_34I_D,1.226822756,5.168586176000001,8.792190208000001,19.958331648,34.68374220800001,50.409945088,55.327608832,54.09610393600001,49.63025715200001,49.06998784,C5,C5: limit warming to 2.5°C (>50%)
IMAGE 3.2,SSP1_SPA1_34I_LI,1.226822756,5.182385376,8.522700736,17.569063424,28.159072256,40.582144,49.167510016,54.686924288,50.036673536,44.721627648,C5,C5: limit warming to 2.5°C (>50%)
IMAGE 3.2,SSP1_SPA1_34I_LIRE,1.226822756,5.182546448,9.253028992,25.108889088,44.69435084800001,61.061986304,59.944795136,52.798357504,52.70565068800001,57.60113971200001,C5,C5: limit warming to 2.5°C (>50%)
IMAGE 3.2,SSP1_SPA1_34I_RE,1.226822756,5.182546448,9.876575296,26.614571776,49.352952832,56.338026496,51.57469696,46.683820032,52.087020544,49.25984870400001,C5,C5: limit warming to 2.5°C (>50%)
IMAGE 3.2,SSP2-baseline,1.226822756,5.168031040000001,7.725480864000001,10.861977024,14.957933568,19.845928192,24.04912512,29.14949888,37.59792896,52.184547328,C7,C7: limit warming to 4°C (>50%)
IMAGE 3.2,SSP2_SPA0_26I_D,1.226822756,4.820536576,7.232886528000001,12.118666368,18.150518016,22.199431936,27.617822464,41.74790297600001,53.377270272,60.1042944,C3,C3: limit warming to 2°C (>67%)
IMAGE 3.2,SSP2_SPA1_19I_D_LB,1.226822756,5.167974288,11.922091008,19.166512128,26.199419904,28.712934912,36.838631936,46.023581696,53.88023808000001,61.17296896000001,C1,C1: limit warming to 1.5°C (>50%) with no or limited overshoot
IMAGE 3.2,SSP2_SPA1_19I_LIRE_LB,1.226822756,5.182542112,14.49768256,31.065333504,51.298318848,62.66677043200001,70.61915136,64.892131328,69.936790528,74.651179008,C1,C1: limit warming to 1.5°C (>50%) with no or limited overshoot
IMAGE 3.2,SSP2_SPA1_19I_RE_LB,1.226822756,5.182307856,14.583012352,32.060621824,54.64267468800001,66.457561088,73.721590784,80.19316224,89.31601408,90.114936832,C1,C1: limit warming to 1.5°C (>50%) with no or limited overshoot
IMAGE 3.2,SSP2_SPA2_19I_D,1.226822756,5.167974288,11.529552704,19.250006784,25.050189568,25.849828608,33.098120192,45.20833689600001,55.546002432,65.131930624,C2,C2: return warming to 1.5°C (>50%) after a high overshoot
IMAGE 3.2,SSP2_SPA2_19I_LI,1.226822756,5.182542112,8.073621056,21.145636608,25.67577344,29.608315648,32.77297664,38.50154188800001,42.99481907200001,54.69506662400001,C1,C1: limit warming to 1.5°C (>50%) with no or limited overshoot
IMAGE 3.2,SSP2_SPA2_19I_LIRE,1.226822756,5.182307856,15.416408064,33.77580416,47.780729344,55.484474368,68.37297049600001,77.494250496,85.22380083200001,95.181129728,C2,C2: return warming to 1.5°C (>50%) after a high overshoot
IMAGE 3.2,SSP2_SPA2_19I_RE,1.226822756,5.182307856,15.8815808,32.872767232,49.244599296,53.11224729600001,67.36484864,79.66933196800001,89.696101376,95.092928512,C2,C2: return warming to 1.5°C (>50%) after a high overshoot
IMAGE 3.2,SSP2_SPA2_26I_D,1.226822756,5.167974288,7.35060608,13.113756928,19.837751808,24.322908928,29.117500672,39.52592384,46.352080384,54.703077376,C3,C3: limit warming to 2°C (>67%)
IMAGE 3.2,SSP2_SPA2_26I_LI,1.226822756,5.182542112,7.506494176,13.888190848,18.419271296,21.801538048,25.151924736,35.695168512,43.54129152,48.008247808,C3,C3: limit warming to 2°C (>67%)
IMAGE 3.2,SSP2_SPA2_26I_LIRE,1.226822756,5.182542112,8.261957888000001,20.736219392,33.674559488,49.454112768,61.85785548800001,74.21108633600001,80.98921062400001,91.315552256,C3,C3: limit warming to 2°C (>67%)
IMAGE 3.2,SSP2_SPA2_26I_RE,1.226822756,5.182307856,9.167910592,22.714408704,39.488903168,54.13507072,62.266339328,83.66398156800001,99.093670912,100.94901248,C3,C3: limit warming to 2°C (>67%)
IMAGE 3.2,SSP2_SPA2_34I_D,1.226822756,5.167974288,7.205309984,11.883721024,18.147583872,24.182016,28.748788992,35.290925312,44.304655872,53.33969817600001,C5,C5: limit warming to 2.5°C (>50%)
IMAGE 3.2,SSP2_SPA2_34I_LI,1.226822756,5.182542112,7.250504448,12.007320832,15.93082624,20.478164736,25.533593344,33.31765452800001,40.917773312,48.33402931200001,C5,C5: limit warming to 2.5°C (>50%)
IMAGE 3.2,SSP2_SPA2_34I_LIRE,1.226822756,5.182307856,7.845262464,17.884235264,30.278194176,47.37597184000001,69.10432921600001,87.623017472,98.510575616,93.110761472,C5,C5: limit warming to 2.5°C (>50%)
IMAGE 3.2,SSP2_SPA2_34I_RE,1.226822756,5.182307856,8.535228512,20.697782784,34.157952512,53.098779136,70.53366476800001,86.432617472,94.99898368,97.641957376,C5,C5: limit warming to 2.5°C (>50%)
IMAGE 3.2,SSP2_SPA2_45I_D,1.226822756,5.167974288,7.107377856,11.936027648,15.824890624,20.82707328,25.124835328,33.323629568,42.742240256,54.632697344,C6,C6: limit warming to 3°C (>50%)
IMAGE 3.2,SSP2_SPA2_45I_LI,1.226822756,5.182542112,7.229413536,12.043907328,15.885254912,19.067655552,21.788953856,26.209789184,32.708791808,43.663733248,C6,C6: limit warming to 3°C (>50%)
IMAGE 3.2,SSP2_SPA2_45I_LIRE,1.226822756,5.182542112,7.647001312,17.167825024,27.60833792,38.458445312,50.121880064,67.747889152,92.498011136,101.589297152,C6,C6: limit warming to 3°C (>50%)
IMAGE 3.2,SSP2_SPA2_45I_RE,1.226822756,5.182307856,8.228926912,18.951632384,30.389217536,44.083073536,61.325129216,85.789597696,104.812201984,99.04947712,C6,C6: limit warming to 3°C (>50%)
IMAGE 3.2,SSP3-baseline,1.226822756,5.168486048,6.993352064000001,7.232322720000001,8.974249312000001,11.199677888,13.101054528,13.997179968,17.952887424,23.103936256,C7,C7: limit warming to 4°C (>50%)
IMAGE 3.2,SSP4-baseline,1.226822756,5.169606544000001,7.901051392,13.02517376,21.255626752,30.072493824,33.284359936,36.787832832,44.549776384,51.173188608,C7,C7: limit warming to 4°C (>50%)
IMAGE 3.2,SSP5-baseline,1.226822756,5.167580928,7.935537408,9.962714368,11.326363904,13.424387968,17.388549248,25.108733696,36.321602048,47.00028569600001,C8,C8: exceed warming of 4°C (>=50%)
MERGE-ETL 6.0,BAU,2.6,7.2,23.5,27.6,43.5,62.7,81.8,95.8,112.3,125.4,failed-vetting,failed-vetting
MERGE-ETL 6.0,DAC15_50,2.6,8.8,49.3,103.1,133.1,151.9,166.1,185.6,202.1,216.6,failed-vetting,failed-vetting
MERGE-ETL 6.0,DAC2_66,2.6,8.8,42.1,75.1,92.7,124.1,128.5,155.5,157.2,165.7,C4,C4: limit warming to 2°C (>50%)
MESSAGE V.3,GEA_Eff_1p5C,1.207,7.882000000000001,15.255,25.15,36.146,42.795,50.365,54.543,52.33600000000001,42.551,failed-vetting,failed-vetting
MESSAGE V.3,GEA_Eff_1p5C_Delay2020,1.207,1.315999999999999,5.94,11.894,23.138,34.823,45.995,50.416,47.35899999999999,40.594,failed-vetting,failed-vetting
MESSAGE V.3,GEA_Eff_2C_Delay2020,1.207,1.315999999999999,3.731999999999999,9.061,19.277,29.952,34.333,38.7,40.99800000000001,40.062,failed-vetting,failed-vetting
MESSAGE V.3,GEA_Eff_AdvNCO2_1p5C,1.207,6.057,13.245,23.32800000000001,29.817,35.801,40.08,41.76,43.431,39.236,failed-vetting,failed-vetting
MESSAGE V.3,GEA_Eff_base,1.207,1.65,3.345,7.181,12.403,18.081,21.57,24.799,28.42,27.916,failed-vetting,failed-vetting
MESSAGE V.3,GEA_Mix_1p5C_AdvNCO2_PartialDelay2020,1.207,5.394,18.209,36.843,44.69600000000001,54.535,66.242,71.64,73.181,71.035,failed-vetting,failed-vetting
MESSAGE V.3,GEA_Mix_1p5C_AdvTrans_PartialDelay2020,1.207,5.461,17.61,34.793,44.51300000000001,54.895,64.10600000000001,78.92399999999998,95.341,104.178,failed-vetting,failed-vetting
MESSAGE V.3,GEA_Mix_2C_AdvNCO2_PartialDelay2020,1.207,5.394,12.434,21.852,28.934,36.37300000000001,41.02,49.805,59.653,62.669,failed-vetting,failed-vetting
MESSAGE V.3,GEA_Mix_2C_AdvTrans_PartialDelay2020,1.207,5.461,11.838,21.517,29.926,38.43,45.18600000000001,53.824,63.64100000000001,65.71600000000001,failed-vetting,failed-vetting
MESSAGE V.3,GEA_Mix_base,1.207,1.632,3.586,7.83,13.797,18.215,24.244,27.47,30.333,30.068,failed-vetting,failed-vetting
MESSAGE-GLOBIOM 1.0,ADVANCE_2020_1.5C-2100,1.661,7.883999999999999,25.768,53.192,76.821,104.493,125.474,147.526,174.502,210.411,C1,C1: limit warming to 1.5°C (>50%) with no or limited overshoot
MESSAGE-GLOBIOM 1.0,ADVANCE_2020_Med2C,1.661,7.882000000000001,16.209,26.141,37.989,50.597,64.28699999999999,89.505,143.398,194.34,C4,C4: limit warming to 2°C (>50%)
MESSAGE-GLOBIOM 1.0,ADVANCE_2020_WB2C,1.661,7.882000000000001,18.602,29.692,43.897,62.537,85.796,130.679,187.426,241.813,C3,C3: limit warming to 2°C (>67%)
MESSAGE-GLOBIOM 1.0,ADVANCE_2030_Med2C,1.661,7.879,15.171,25.718,39.848,52.3,69.609,97.962,144.103,213.836,C4,C4: limit warming to 2°C (>50%)
MESSAGE-GLOBIOM 1.0,ADVANCE_2030_Price1.5C,1.661,7.881,15.175,33.202,69.937,95.369,119.507,138.132,163.075,198.745,C2,C2: return warming to 1.5°C (>50%) after a high overshoot
MESSAGE-GLOBIOM 1.0,ADVANCE_2030_WB2C,1.661,7.882999999999999,15.175,31.682,65.518,87.948,115.637,151.345,185.887,227.379,C3,C3: limit warming to 2°C (>67%)
MESSAGE-GLOBIOM 1.0,ADVANCE_INDC,1.661,7.877999999999999,15.17,25.559,36.936,46.857,57.493,67.766,90.277,117.495,C5,C5: limit warming to 2.5°C (>50%)
MESSAGE-GLOBIOM 1.0,ADVANCE_NoPolicy,1.661,3.752,9.763,16.482,24.946,35.595,49.223,57.639,69.5,84.546,failed-vetting,failed-vetting
MESSAGE-GLOBIOM 1.0,ADVANCE_Reference,1.661,7.877999999999999,12.845,21.0,33.58,47.735,59.636,66.86399999999999,79.204,83.772,C6,C6: limit warming to 3°C (>50%)
MESSAGE-GLOBIOM 1.0,EMF30_BCOC-EndU,1.661,5.546,10.323,16.374,24.485,35.215,48.917,56.4,68.495,83.008,C7,C7: limit warming to 4°C (>50%)
MESSAGE-GLOBIOM 1.0,EMF30_Baseline,1.661,5.499,10.244,16.682,24.585,35.85,48.889,56.253,68.252,84.65700000000002,C7,C7: limit warming to 4°C (>50%)
MESSAGE-GLOBIOM 1.0,EMF30_CH4-Only,1.661,7.962000000000002,13.009,20.572,29.841,42.76,56.456,66.88600000000001,77.358,85.584,failed-vetting,failed-vetting
MESSAGE-GLOBIOM 1.0,EMF30_ClimPolicy,1.661,10.114,19.477,30.305,41.324,55.153,79.266,123.649,181.469,239.203,failed-vetting,failed-vetting
MESSAGE-GLOBIOM 1.0,EMF30_ClimPolicy+SLCF,1.661,10.512,19.433,30.124,41.556,54.037,77.411,121.269,174.852,236.042,failed-vetting,failed-vetting
MESSAGE-GLOBIOM 1.0,EMF30_D_BCOC-Red,1.661,5.499,10.244,16.673,24.59,35.883,48.893,56.252,68.311,84.62700000000002,C7,C7: limit warming to 4°C (>50%)
MESSAGE-GLOBIOM 1.0,EMF30_D_CH4-ClimPolicy,1.661,5.834,10.715,18.768,28.486,42.307,58.636,69.21,78.735,87.34899999999998,C7,C7: limit warming to 4°C (>50%)
MESSAGE-GLOBIOM 1.0,EMF30_D_Frozen-CH4,1.661,5.483,10.229,16.654,24.551,36.573,50.324,61.667,71.72,85.74,C7,C7: limit warming to 4°C (>50%)
MESSAGE-GLOBIOM 1.0,EMF30_D_Frozen-EF,1.661,5.483,10.23,16.66,24.553,36.58,50.323,61.607,71.72399999999998,85.736,C7,C7: limit warming to 4°C (>50%)
MESSAGE-GLOBIOM 1.0,EMF30_D_Frozen-EF-EndU,1.661,5.499,10.244,16.673,24.59,35.883,48.893,56.252,68.311,84.62700000000002,C7,C7: limit warming to 4°C (>50%)
MESSAGE-GLOBIOM 1.0,EMF30_D_Frozen-EF-SLCF,1.661,5.483,10.229,16.654,24.551,36.573,50.324,61.667,71.72,85.74,C7,C7: limit warming to 4°C (>50%)
MESSAGE-GLOBIOM 1.0,EMF30_SLCF,1.661,8.155,13.089,20.701,29.841,42.80399999999999,56.682,66.523,76.281,85.244,failed-vetting,failed-vetting
MESSAGE-GLOBIOM 1.0,EMF30_Slower-Action,1.661,10.426,20.094,31.969,42.444,54.401,64.571,78.021,106.263,146.977,C5,C5: limit warming to 2.5°C (>50%)
MESSAGE-GLOBIOM 1.0,EMF30_Slower-Action+SLCF,1.661,11.392,20.656,29.356,42.24,55.602,67.486,81.452,109.404,148.746,failed-vetting,failed-vetting
MESSAGE-GLOBIOM 1.0,EMF30_Slower-to-faster,1.661,10.432,20.099,43.201,73.71600000000002,102.234,136.72,175.022,206.104,240.791,C2,C2: return warming to 1.5°C (>50%) after a high overshoot
MESSAGE-GLOBIOM 1.0,EMF30_Slower-to-faster+SLCF,1.661,11.394,20.662,42.227,68.315,93.92,127.499,172.603,207.54,250.963,failed-vetting,failed-vetting
MESSAGE-GLOBIOM 1.0,EMF30_Slower-to-faster+SLCF+HFC,1.661,11.379,20.58,42.254,68.32600000000001,93.963,127.087,172.201,206.833,248.74,failed-vetting,failed-vetting
MESSAGE-GLOBIOM 1.0,EMF33_1.5C_cost100,1.65616304723515,8.029441556464231,24.97591348963211,46.67723415203439,67.1731070268752,95.0184080679941,119.120127860119,150.140036795939,185.279745742386,220.725212811068,C1,C1: limit warming to 1.5°C (>50%) with no or limited overshoot
MESSAGE-GLOBIOM 1.0,EMF33_1.5C_full,1.65616304723515,8.029441556464231,24.4533510615028,45.7126910120407,65.43003443948811,94.8254131576211,119.367576596666,149.509941423968,185.581895678771,221.316533257835,C1,C1: limit warming to 1.5°C (>50%) with no or limited overshoot
MESSAGE-GLOBIOM 1.0,EMF33_Baseline,1.65616304723515,6.24670710653124,10.5875269023538,16.6694752558756,24.15912799296911,36.53770568798621,51.68711950482641,63.46299426886561,72.48632286103009,85.61456679074159,C7,C7: limit warming to 4°C (>50%)
MESSAGE-GLOBIOM 1.0,EMF33_Med2C_cost100,1.65616304723515,8.029441556464231,15.692759399189,26.68763434724881,41.4272064034019,53.3594508841767,68.1193819522612,86.4636023215201,133.51818574756,194.452520759181,C4,C4: limit warming to 2°C (>50%)
MESSAGE-GLOBIOM 1.0,EMF33_Med2C_full,1.65616304723515,8.029441556464231,15.2220096058403,25.9277424061422,39.9106083596931,51.8439100110554,66.7804722753392,85.731394027609,130.653579792958,190.525824654245,C4,C4: limit warming to 2°C (>50%)
MESSAGE-GLOBIOM 1.0,EMF33_Med2C_limbio,1.65616304723515,8.029441556464231,16.0324980435159,27.14464517484411,41.507845700569,54.9460101237243,70.3313316749916,98.9708166885994,154.859343827802,216.564604444423,C4,C4: limit warming to 2°C (>50%)
MESSAGE-GLOBIOM 1.0,EMF33_Med2C_nobeccs,1.65616304723515,8.029441556464231,17.1397119340813,29.13661935944069,43.39383047004129,60.3188706890448,79.7299850056742,123.817186698655,179.620666820461,236.513331785987,C3,C3: limit warming to 2°C (>67%)
MESSAGE-GLOBIOM 1.0,EMF33_Med2C_nofuel,1.65616304723515,8.029441556464231,16.1704719417056,26.6434142662283,41.1696085474119,53.9845988292434,68.7370407700399,89.1935530960127,132.890096734705,186.660182627471,C4,C4: limit warming to 2°C (>50%)
MESSAGE-GLOBIOM 1.0,EMF33_Med2C_none,1.65616304723515,8.029441556464231,17.8413262332243,29.6856498178282,43.7837944779919,61.42709723378299,83.1712891071973,132.678829642185,186.364030945555,230.47568415086,C3,C3: limit warming to 2°C (>67%)
MESSAGE-GLOBIOM 1.0,EMF33_WB2C_cost100,1.65616304723515,8.029441556464231,17.6974343704923,29.7977303398393,44.401232784819,62.98282461344751,84.7879945980788,130.989078389632,186.197423758127,231.904973776289,C2,C2: return warming to 1.5°C (>50%) after a high overshoot
MESSAGE-GLOBIOM 1.0,EMF33_WB2C_full,1.65616304723515,8.029441556464231,17.3136788353037,29.8701835247789,44.2692926483285,62.47142821935639,83.53948176747241,128.490991362279,183.742932176846,230.910929201133,C2,C2: return warming to 1.5°C (>50%) after a high overshoot
MESSAGE-GLOBIOM 1.0,EMF33_WB2C_limbio,1.65616304723515,8.029441556464231,19.0103003774765,34.1663644285092,48.3690325023035,70.026527484354,108.983525248297,160.042582833579,210.755088420051,251.681817176059,C2,C2: return warming to 1.5°C (>50%) after a high overshoot
MESSAGE-GLOBIOM 1.0,EMF33_WB2C_nofuel,1.65616304723515,8.029441556464231,18.0928239561134,30.496229479463,44.49167772892809,62.4221896506754,85.5642976593726,122.172865108057,164.150892122014,196.246662547831,C2,C2: return warming to 1.5°C (>50%) after a high overshoot
MESSAGE-GLOBIOM 1.0,EMF33_tax_hi_full,1.65616304723515,6.24670710653124,14.9931754433581,25.8184076931562,41.7967377826393,55.43696241771961,73.0952951267415,107.465422052933,161.702130900909,221.744087873965,C3,C3: limit warming to 2°C (>67%)
MESSAGE-GLOBIOM 1.0,EMF33_tax_hi_none,1.65616304723515,6.24670710653124,14.8553231848098,25.9513436777956,42.18940337675571,56.05421878501929,71.0724206935146,104.467577972022,160.263150084978,218.581047507286,C4,C4: limit warming to 2°C (>50%)
MESSAGE-GLOBIOM 1.0,EMF33_tax_lo_full,1.65616304723515,6.24670710653124,13.5135767120862,22.7906714341704,36.86655171351121,49.4091925353979,57.8153369572871,69.6149527595288,82.2828057544476,120.562976261111,C5,C5: limit warming to 2.5°C (>50%)
MESSAGE-GLOBIOM 1.0,EMF33_tax_lo_none,1.65616304723515,6.24670710653124,13.5123115376616,22.8718754577658,36.9489140164228,49.3969129687185,58.1315586719792,69.9215622205079,82.6173306868708,117.668604770085,C5,C5: limit warming to 2.5°C (>50%)
MESSAGE-GLOBIOM 1.0,SSP1-19,1.994,7.47,19.236,36.549,58.691,79.325,111.25,149.0,175.481,184.51,failed-vetting,failed-vetting
MESSAGE-GLOBIOM 1.0,SSP1-26,1.994,7.369,15.283,27.999,46.24,63.62600000000001,84.985,109.164,142.006,163.546,C4,C4: limit warming to 2°C (>50%)
MESSAGE-GLOBIOM 1.0,SSP1-34,1.994,7.232,12.29,24.70300000000001,39.858,55.21899999999999,71.712,98.693,119.075,145.389,C5,C5: limit warming to 2.5°C (>50%)
MESSAGE-GLOBIOM 1.0,SSP1-45,1.994,7.018,11.556,21.829,34.884,46.97600000000001,61.629,79.999,99.814,124.476,C6,C6: limit warming to 3°C (>50%)
MESSAGE-GLOBIOM 1.0,SSP1-Baseline,1.994,6.473,10.772,19.214,29.674,41.802,55.104,67.195,76.093,83.494,C7,C7: limit warming to 4°C (>50%)
MESSAGE-GLOBIOM 1.0,SSP2-19,1.656999999999999,6.684,23.613,50.191,71.41199999999998,91.38,118.015,147.834,177.327,213.157,C1,C1: limit warming to 1.5°C (>50%) with no or limited overshoot
MESSAGE-GLOBIOM 1.0,SSP2-26,1.661,6.671,16.817,28.349,40.77,55.0,73.468,107.236,154.637,209.894,C3,C3: limit warming to 2°C (>67%)
MESSAGE-GLOBIOM 1.0,SSP2-34,1.661,6.632000000000001,13.266,23.994,36.255,49.453,60.6,74.972,107.548,151.478,C5,C5: limit warming to 2.5°C (>50%)
MESSAGE-GLOBIOM 1.0,SSP2-45,1.661,5.996,13.052,21.868,32.185,47.596,59.216,68.107,78.502,104.085,C6,C6: limit warming to 3°C (>50%)
MESSAGE-GLOBIOM 1.0,SSP2-60,1.661,5.869,11.683,18.71,28.699,42.287,56.84,70.176,80.468,84.414,C7,C7: limit warming to 4°C (>50%)
MESSAGE-GLOBIOM 1.0,SSP2-Baseline,1.661,5.504,10.258,16.669,24.615,35.936,48.886,56.267,68.249,84.51,C7,C7: limit warming to 4°C (>50%)
MESSAGE-GLOBIOM 1.0,SSP3-34,1.994,7.975,20.79300000000001,36.714,46.456,57.725,71.77199999999998,99.249,105.743,113.027,C4,C4: limit warming to 2°C (>50%)
MESSAGE-GLOBIOM 1.0,SSP3-45,1.994,7.513999999999998,16.64,29.138,41.242,50.051,59.298,83.374,112.729,123.841,C5,C5: limit warming to 2.5°C (>50%)
MESSAGE-GLOBIOM 1.0,SSP3-60,1.994,6.995,11.494,19.145,26.764,38.006,54.73,70.541,86.693,102.119,C6,C6: limit warming to 3°C (>50%)
MESSAGE-GLOBIOM 1.0,SSP3-Baseline,1.994,3.154,6.428,10.075,16.24,23.47,35.273,44.599,59.95,76.638,failed-vetting,failed-vetting
MESSAGEix-GLOBIOM 1.0,CD-LINKS_INDC2030i_1600,1.65616304723515,8.93396033395767,15.5276781581053,26.3177243488788,38.7712259584298,55.68484081204001,70.9453720762311,91.4801574469843,130.855128202719,193.185072820657,C4,C4: limit warming to 2°C (>50%)
MESSAGEix-GLOBIOM 1.0,CD-LINKS_INDCi,1.65616304723515,8.93396033395767,15.5276781581053,22.7705751829881,30.1446169307622,43.3882753781269,57.8411412100173,68.11611018519321,77.0794271003745,84.0824407511018,C7,C7: limit warming to 4°C (>50%)
MESSAGEix-GLOBIOM 1.0,CD-LINKS_NDC2030i_1000,1.65616304723515,8.93396033395767,15.5276781581053,33.0335217918361,50.9218713312542,72.0654091561558,91.9792357552537,139.999108066434,186.015272673962,224.413285337782,C2,C2: return warming to 1.5°C (>50%) after a high overshoot
MESSAGEix-GLOBIOM 1.0,CD-LINKS_NPi,1.65616304723515,8.93396033395767,14.172076706748,21.5205039804331,28.0497247229407,40.383931084395,53.68458337410659,66.0270906053093,75.5125856382635,85.0649780806425,C7,C7: limit warming to 4°C (>50%)
MESSAGEix-GLOBIOM 1.0,CD-LINKS_NPi2020_1000,1.65616304723515,8.93396033395767,18.9009140620332,31.2075587626678,44.2550947733169,59.4135451427325,76.5373493296451,119.326431806422,172.638891284768,225.677956442992,C2,C2: return warming to 1.5°C (>50%) after a high overshoot
MESSAGEix-GLOBIOM 1.0,CD-LINKS_NPi2020_1600,1.65616304723515,8.93396033395767,16.0038222598997,28.0965212692802,40.68737572431621,52.79641766473829,64.84934190424579,82.2251983871275,121.075958953183,180.601063526879,C4,C4: limit warming to 2°C (>50%)
MESSAGEix-GLOBIOM 1.0,CD-LINKS_NPi2020_400,1.65616304723515,8.93396033395767,22.08820825186989,42.426299367416,56.58374263238051,83.0878294416481,121.903224809329,160.013184785599,197.509552764094,223.87295361213,C1,C1: limit warming to 1.5°C (>50%) with no or limited overshoot
MESSAGEix-GLOBIOM 1.0,CD-LINKS_NoPolicy,1.65616304723515,6.78642264481721,12.1087463076752,20.2101584638141,27.445388710672,40.6542421242299,54.3449372209531,66.1296722054272,75.4078762842842,85.91813453760098,C7,C7: limit warming to 4°C (>50%)
MESSAGEix-GLOBIOM 1.0,LowEnergyDemand_1.3_IPCC,1.22062954,5.964768416427998,39.63672561866618,57.81807997244675,76.27040692091838,84.37248738224025,86.96683434341615,89.03386220407451,91.5684060488436,97.91867223135851,C1,C1: limit warming to 1.5°C (>50%) with no or limited overshoot
MESSAGEix-GLOBIOM_1.0,CO_2Deg2020,1.65616304723515,10.47249093705963,18.54062630906376,32.92116370957133,48.07274596103763,65.20807068003505,91.99770003794664,134.4840967374834,185.1164097749943,216.290904080499,failed-vetting,failed-vetting
MESSAGEix-GLOBIOM_1.0,CO_2Deg2030,1.65616304723515,10.47249093705963,15.38106006370959,28.26547009993747,51.86995132980573,79.7190413362174,112.9231343479174,164.4394832365964,198.7083684286125,216.2527129863232,failed-vetting,failed-vetting
MESSAGEix-GLOBIOM_1.0,CO_BAU,1.65616304723515,9.063405062484623,12.83612639322262,17.59592406489587,25.39674274113409,37.27919950696333,50.61078691981984,61.85722007161903,68.54355168726397,78.68363470000605,failed-vetting,failed-vetting
MESSAGEix-GLOBIOM_1.0,CO_Bridge,1.65616304723515,10.47249093705963,19.77930687837481,35.01789412019159,55.17462764369549,77.6008744489565,107.7817458148929,158.1900645189278,220.1262490397966,257.8032337594755,failed-vetting,failed-vetting
MESSAGEix-GLOBIOM_1.0,CO_CurPol,1.65616304723515,10.47249093705963,13.04238900361083,17.89517775792374,23.26715827368763,36.07396953073593,49.03390675031695,61.18504284146015,67.47719880162938,77.3540809152041,failed-vetting,failed-vetting
MESSAGEix-GLOBIOM_1.0,CO_GPP,1.65616304723515,10.47249093705963,20.58524949222458,37.03236459582547,50.70370361846067,57.79261857945372,69.34165698909311,75.8882601168298,85.2968743926465,99.9920336484492,failed-vetting,failed-vetting
MESSAGEix-GLOBIOM_1.0,CO_NDC_2050convergence,1.65616304723515,10.47249093705963,15.38106006370959,25.67745832566333,41.02499615664857,55.61445718952695,66.74302831368901,77.1969206581563,91.5352605012502,111.3668952909579,failed-vetting,failed-vetting
MESSAGEix-GLOBIOM_1.0,CO_NDCplus,1.65616304723515,10.47249093705963,15.38106006370959,21.77852090935844,31.35023585307773,42.86354857646554,57.04409954985024,67.40420191755034,81.03833414922771,99.63842061818976,failed-vetting,failed-vetting
MESSAGEix-GLOBIOM_1.1,EN_INDCi2030_1000,1.22031414,5.5495876485223,13.40136021679029,58.25991310606531,95.50991352485852,118.5368632490636,111.0664487522499,102.6737400035131,106.0468683076383,132.3470098854348,C3,C3: limit warming to 2°C (>67%)
MESSAGEix-GLOBIOM_1.1,EN_INDCi2030_1000_COV,1.22031414,5.58417647960833,10.83593067055262,49.55776805463849,81.6310473730863,100.0419353707929,113.6672876619354,107.0333544147406,109.3378769446886,125.1035235508499,C3,C3: limit warming to 2°C (>67%)
MESSAGEix-GLOBIOM_1.1,EN_INDCi2030_1000_COV_NDCp,1.22031414,5.58417647960833,12.79242745836853,48.30036654784897,80.07469072474055,97.64196966894066,114.5287140799111,108.2790155184304,110.6684867466166,124.8498702061646,C3,C3: limit warming to 2°C (>67%)
MESSAGEix-GLOBIOM_1.1,EN_INDCi2030_1000_NDCp,1.22031414,5.5495876485223,14.4415593481809,57.90964022913573,96.072458426349,119.3428391105379,111.2848982011764,102.8752515239891,106.3227994903266,133.1734592816785,C3,C3: limit warming to 2°C (>67%)
MESSAGEix-GLOBIOM_1.1,EN_INDCi2030_1000f,1.22031414,5.5495876485223,13.40136021679029,39.62057627948367,71.20589872607611,92.24387857984448,115.7560610676005,134.5899446004607,135.5456870970297,145.635099761012,C4,C4: limit warming to 2°C (>50%)
MESSAGEix-GLOBIOM_1.1,EN_INDCi2030_1000f_COV,1.22031414,5.58417647960833,10.83593067055262,31.81225046189208,60.68945181000122,76.5365229930843,103.1646842346072,132.278748314515,136.6562495292777,144.8282820872518,C3,C3: limit warming to 2°C (>67%)
MESSAGEix-GLOBIOM_1.1,EN_INDCi2030_1000f_COV_NDCp,1.22031414,5.58417647960833,12.79242745836853,31.88747298276531,59.76654989693584,76.09065770282807,103.4220241419417,131.9909400946308,136.718496126498,144.9158768903197,C3,C3: limit warming to 2°C (>67%)
MESSAGEix-GLOBIOM_1.1,EN_INDCi2030_1000f_NDCp,1.22031414,5.5495876485223,14.4415593481809,39.96552153905722,70.69377512122807,92.16873132721908,115.2232819909319,135.4773110989703,135.4595205001962,145.640854714015,C4,C4: limit warming to 2°C (>50%)
MESSAGEix-GLOBIOM_1.1,EN_INDCi2030_1200,1.22031414,5.5495876485223,13.40136021679029,41.25505330120316,75.11093515603137,94.15569880001856,112.2856510710253,107.620630562584,112.23394692273,133.4156825968024,C4,C4: limit warming to 2°C (>50%)
MESSAGEix-GLOBIOM_1.1,EN_INDCi2030_1200_COV,1.22031414,5.58417647960833,10.83593067055262,32.75097720703803,61.7896251136096,76.4017645214086,97.66754257093078,105.3301290080759,108.7553220126043,125.7627958752956,C3,C3: limit warming to 2°C (>67%)
MESSAGEix-GLOBIOM_1.1,EN_INDCi2030_1200_COV_NDCp,1.22031414,5.58417647960833,12.79242745836853,32.49754762886416,60.58309570395276,75.07325680650666,94.76732298707329,105.2974416028264,109.4614912073748,127.7773097564464,C3,C3: limit warming to 2°C (>67%)
MESSAGEix-GLOBIOM_1.1,EN_INDCi2030_1200_NDCp,1.22031414,5.5495876485223,14.4415593481809,41.36526346592657,74.41440786991281,93.35026759372386,111.8748085081448,107.3381106832588,112.215265579563,133.3885056561168,C4,C4: limit warming to 2°C (>50%)
MESSAGEix-GLOBIOM_1.1,EN_INDCi2030_1200f,1.22031414,5.5495876485223,13.40136021679029,31.04241402131245,58.59721311135394,81.21749790252042,96.81002249932963,123.2185118280911,137.4712275244051,158.5573650994698,C4,C4: limit warming to 2°C (>50%)
MESSAGEix-GLOBIOM_1.1,EN_INDCi2030_1200f_COV,1.22031414,5.58417647960833,10.83593067055262,27.14048290831816,49.05248012125678,66.5770519053349,89.23166200612822,117.6303045594422,132.9319398954141,148.3801259458558,C4,C4: limit warming to 2°C (>50%)
MESSAGEix-GLOBIOM_1.1,EN_INDCi2030_1200f_COV_NDCp,1.22031414,5.58417647960833,12.79242745836853,27.67585311893413,48.18388873117829,66.58195595633937,88.62156858887334,116.8683425384833,132.7664642058994,148.3081806314766,C4,C4: limit warming to 2°C (>50%)
MESSAGEix-GLOBIOM_1.1,EN_INDCi2030_1200f_NDCp,1.22031414,5.5495876485223,14.4415593481809,31.6460328979381,58.42348084746035,79.98594149513421,95.47724706961262,122.1841740359553,136.2679554729822,158.5426744829725,C4,C4: limit warming to 2°C (>50%)
MESSAGEix-GLOBIOM_1.1,EN_INDCi2030_1400,1.22031414,5.5495876485223,13.40136021679029,30.21280402107685,56.66972722336982,78.81286622006493,89.52378966698436,108.4629324448659,113.0296086799345,138.3856271272548,C4,C4: limit warming to 2°C (>50%)
MESSAGEix-GLOBIOM_1.1,EN_INDCi2030_1400_COV,1.22031414,5.58417647960833,10.83593067055262,26.45521695468191,46.92916896388183,66.36678312745136,83.5675944069218,103.8736740739031,110.6914469776849,129.6553873556496,C4,C4: limit warming to 2°C (>50%)
MESSAGEix-GLOBIOM_1.1,EN_INDCi2030_1400_COV_NDCp,1.22031414,5.58417647960833,12.79242745836853,26.87009425884781,46.39162920737516,65.34054738983872,83.44635451208852,103.7121436388649,111.1627322753886,129.3107061658509,C4,C4: limit warming to 2°C (>50%)
MESSAGEix-GLOBIOM_1.1,EN_INDCi2030_1400_NDCp,1.22031414,5.5495876485223,14.4415593481809,30.6438221463169,57.06542117829381,78.14312013447321,89.01500871760106,107.6962907373162,113.4133456922306,140.1947086584416,C4,C4: limit warming to 2°C (>50%)
MESSAGEix-GLOBIOM_1.1,EN_INDCi2030_1400f,1.22031414,5.5495876485223,13.40136021679029,27.9779741889385,49.43818372713103,68.33223643926092,84.23381229521057,112.1634420125492,134.4139692098841,162.6158744451043,C4,C4: limit warming to 2°C (>50%)
MESSAGEix-GLOBIOM_1.1,EN_INDCi2030_1400f_COV,1.22031414,5.58417647960833,10.83593067055262,24.50648363571093,41.81701172365958,59.38285053943795,81.05995002205822,105.348630496253,125.1203405935587,147.5512235390396,C4,C4: limit warming to 2°C (>50%)
MESSAGEix-GLOBIOM_1.1,EN_INDCi2030_1400f_COV_NDCp,1.22031414,5.58417647960833,12.79242745836853,25.05557551718837,41.72414032854505,58.37941677978267,80.74041086520339,102.848000842369,124.2996389567249,147.6474356139699,C4,C4: limit warming to 2°C (>50%)
MESSAGEix-GLOBIOM_1.1,EN_INDCi2030_1400f_NDCp,1.22031414,5.5495876485223,14.4415593481809,28.30497827975638,49.71692291853104,69.00101251989223,83.91507919460435,111.6835242475999,133.4238136551618,162.0349932673232,C4,C4: limit warming to 2°C (>50%)
MESSAGEix-GLOBIOM_1.1,EN_INDCi2030_1600,1.22031414,5.5495876485223,13.40136021679029,26.74253154871859,45.50219147035366,67.4588001649249,82.0535972814821,98.33966337356075,115.5925887709284,141.3316430419413,C5,C5: limit warming to 2.5°C (>50%)
MESSAGEix-GLOBIOM_1.1,EN_INDCi2030_1600_COV,1.22031414,5.58417647960833,10.83593067055262,24.73113287672072,39.44055592771486,55.94136603774052,78.96542842289844,97.38908446077257,111.7685345811111,130.6943897456446,C4,C4: limit warming to 2°C (>50%)
MESSAGEix-GLOBIOM_1.1,EN_INDCi2030_1600_COV_NDCp,1.22031414,5.58417647960833,12.79242745836853,24.8664927490414,40.2463381777917,55.93838410836291,78.77246763546722,97.53645599629512,112.7807632653047,130.8602699974215,C4,C4: limit warming to 2°C (>50%)
MESSAGEix-GLOBIOM_1.1,EN_INDCi2030_1600_NDCp,1.22031414,5.5495876485223,14.4415593481809,27.55245301602132,45.53016428204732,67.73687637908981,81.58788023090172,98.33809783263736,115.9740640060745,140.9623277204198,C5,C5: limit warming to 2.5°C (>50%)
MESSAGEix-GLOBIOM_1.1,EN_INDCi2030_1600f,1.22031414,5.5495876485223,13.40136021679029,26.89567606387623,42.98513401061538,62.42390922132584,81.03901350544567,100.2083928301452,126.7466022854604,162.3083799368909,C5,C5: limit warming to 2.5°C (>50%)
MESSAGEix-GLOBIOM_1.1,EN_INDCi2030_1600f_COV,1.22031414,5.58417647960833,10.83593067055262,23.42981651220186,38.3193753106232,53.4263252184506,79.33556266241348,96.24138254682777,119.6421903627167,149.3095989657649,C5,C5: limit warming to 2.5°C (>50%)
MESSAGEix-GLOBIOM_1.1,EN_INDCi2030_1600f_COV_NDCp,1.22031414,5.58417647960833,12.79242745836853,22.97222740026349,38.00538237293244,52.59071032033634,78.73719198554639,96.00444609585333,120.1204770842662,149.2280196181031,C5,C5: limit warming to 2.5°C (>50%)
MESSAGEix-GLOBIOM_1.1,EN_INDCi2030_1600f_NDCp,1.22031414,5.5495876485223,14.4415593481809,27.2859738776081,43.33177387376528,63.004737178578,81.09152705799488,100.4974903617244,126.8115158520085,162.0987711136281,C5,C5: limit warming to 2.5°C (>50%)
MESSAGEix-GLOBIOM_1.1,EN_INDCi2030_1800,1.22031414,5.5495876485223,13.40136021679029,24.00245973178168,40.17483952459435,56.09000669610057,79.05535039154611,95.18280282690132,118.7592481699131,139.6165456202763,C5,C5: limit warming to 2.5°C (>50%)
MESSAGEix-GLOBIOM_1.1,EN_INDCi2030_1800_COV,1.22031414,5.58417647960833,10.83593067055262,19.98945640036751,37.44800663090962,51.86200717909611,79.65547592611698,91.10464650450766,109.6199664398599,130.112199524787,C5,C5: limit warming to 2.5°C (>50%)
MESSAGEix-GLOBIOM_1.1,EN_INDCi2030_1800_COV_NDCp,1.22031414,5.58417647960833,12.79242745836853,20.56831924619851,37.32296776327656,51.14246423146469,79.14674938837737,90.41453950158102,108.8954359716769,129.8520925589621,C5,C5: limit warming to 2.5°C (>50%)
MESSAGEix-GLOBIOM_1.1,EN_INDCi2030_1800_NDCp,1.22031414,5.5495876485223,14.4415593481809,23.91346956150336,40.31842270863375,55.91087407419455,78.36069166751459,95.13407032424084,118.5062728542757,139.7590026893802,C5,C5: limit warming to 2.5°C (>50%)
MESSAGEix-GLOBIOM_1.1,EN_INDCi2030_1800f,1.22031414,5.5495876485223,13.40136021679029,23.50740803900102,39.78617561285599,55.57660320747669,79.55805645958466,95.003495967251,121.7610119563483,158.5513234324376,C5,C5: limit warming to 2.5°C (>50%)
MESSAGEix-GLOBIOM_1.1,EN_INDCi2030_1800f_COV,1.22031414,5.58417647960833,10.83593067055262,20.01780619113833,37.30526692921255,49.73854463761396,77.2381050455243,91.72191916717463,113.8059664338896,147.704356093208,C5,C5: limit warming to 2.5°C (>50%)
MESSAGEix-GLOBIOM_1.1,EN_INDCi2030_1800f_COV_NDCp,1.22031414,5.58417647960833,12.79242745836853,20.93415130520626,37.18094019466363,49.29867324461462,76.14089081088675,91.93581768992853,113.4836087087343,145.6942692741682,C5,C5: limit warming to 2.5°C (>50%)
MESSAGEix-GLOBIOM_1.1,EN_INDCi2030_1800f_NDCp,1.22031414,5.5495876485223,14.4415593481809,23.62746768039891,39.96735426308166,55.00665472733869,78.0749072014165,94.9242367144719,121.3441731101597,158.4948929995127,C5,C5: limit warming to 2.5°C (>50%)
MESSAGEix-GLOBIOM_1.1,EN_INDCi2030_2000,1.22031414,5.5495876485223,13.40136021679029,21.3579652231437,37.92562821141952,53.06377906625032,77.78484113199467,87.9578314666127,109.5350985993068,145.372767168133,C5,C5: limit warming to 2.5°C (>50%)
MESSAGEix-GLOBIOM_1.1,EN_INDCi2030_2000_COV,1.22031414,5.58417647960833,10.83593067055262,18.20935469069398,34.53658681046751,48.05474889396235,72.21866626439163,91.1409008034978,105.9785652119363,131.9006297818158,C5,C5: limit warming to 2.5°C (>50%)
MESSAGEix-GLOBIOM_1.1,EN_INDCi2030_2000_COV_NDCp,1.22031414,5.58417647960833,12.79242745836853,19.28705073471161,34.42631481859136,47.95848241494158,71.19334095115615,90.72597924565407,105.8350841298484,133.6368807195639,C5,C5: limit warming to 2.5°C (>50%)
MESSAGEix-GLOBIOM_1.1,EN_INDCi2030_2000_NDCp,1.22031414,5.5495876485223,14.4415593481809,21.96838075305762,38.29859904489161,52.87092734335942,77.66117770780913,87.89916279091047,109.9344096403977,145.494123024377,C5,C5: limit warming to 2.5°C (>50%)
MESSAGEix-GLOBIOM_1.1,EN_INDCi2030_2000f,1.22031414,5.5495876485223,13.40136021679029,21.61889047117745,37.99098710400552,52.09969570876493,73.1439034752798,90.3060762716232,111.5433427424773,154.9146837082123,C5,C5: limit warming to 2.5°C (>50%)
MESSAGEix-GLOBIOM_1.1,EN_INDCi2030_2000f_COV,1.22031414,5.58417647960833,10.83593067055262,18.31600757764064,34.58926687877459,47.2445192411141,68.55738105018689,91.2740688429989,105.8641667833003,142.753536351314,C5,C5: limit warming to 2.5°C (>50%)
MESSAGEix-GLOBIOM_1.1,EN_INDCi2030_2000f_COV_NDCp,1.22031414,5.58417647960833,12.79242745836853,19.4135688900501,34.62872573914196,47.61466210086317,68.65801664693763,92.34739793081118,106.2434908627248,143.5045055797891,C5,C5: limit warming to 2.5°C (>50%)
MESSAGEix-GLOBIOM_1.1,EN_INDCi2030_2000f_NDCp,1.22031414,5.5495876485223,14.4415593481809,21.93407830387524,38.14085825649031,51.86261263031507,73.01601893701739,88.84003954297629,111.6729055300736,155.3453465442671,C5,C5: limit warming to 2.5°C (>50%)
MESSAGEix-GLOBIOM_1.1,EN_INDCi2030_2500,1.22031414,5.5495876485223,13.40136021679029,18.15986122154761,32.3553246856693,48.12323807465299,63.42488573872895,88.96847457334881,102.3617437135337,139.732656246744,C5,C5: limit warming to 2.5°C (>50%)
MESSAGEix-GLOBIOM_1.1,EN_INDCi2030_2500_COV,1.22031414,5.58417647960833,10.83593067055262,15.89949860440323,28.85392593373646,39.28201834240692,62.62521582127778,84.4690728497249,103.438967794182,135.7006301575283,C5,C5: limit warming to 2.5°C (>50%)
MESSAGEix-GLOBIOM_1.1,EN_INDCi2030_2500_COV_NDCp,1.22031414,5.58417647960833,12.79242745836853,16.38608842071917,29.73283342790817,40.09441474218013,62.40570667867358,83.7790047134549,103.6907033190431,135.8669993164927,C5,C5: limit warming to 2.5°C (>50%)
MESSAGEix-GLOBIOM_1.1,EN_INDCi2030_2500_NDCp,1.22031414,5.5495876485223,14.4415593481809,18.5125357763661,32.48250392041619,48.66677179360178,63.40939747383155,88.43286509519432,102.1840456166263,139.4356165470547,C5,C5: limit warming to 2.5°C (>50%)
MESSAGEix-GLOBIOM_1.1,EN_INDCi2030_2500f,1.22031414,5.5495876485223,13.40136021679029,18.54564948429052,32.64507114682782,48.51576252267949,63.37201621961108,86.65096653684843,103.7016076846473,140.837963216918,C5,C5: limit warming to 2.5°C (>50%)
MESSAGEix-GLOBIOM_1.1,EN_INDCi2030_2500f_COV,1.22031414,5.58417647960833,10.83593067055262,15.84024259054595,28.92256516602788,39.46927720050926,62.4046727213704,84.36999111087796,102.9323304062908,134.0155699462663,C5,C5: limit warming to 2.5°C (>50%)
MESSAGEix-GLOBIOM_1.1,EN_INDCi2030_2500f_COV_NDCp,1.22031414,5.58417647960833,12.79242745836853,16.40924776680733,30.34686709084422,40.22734656793575,62.34186706691734,83.15408479841719,103.2782537257728,135.267058262885,C5,C5: limit warming to 2.5°C (>50%)
MESSAGEix-GLOBIOM_1.1,EN_INDCi2030_2500f_NDCp,1.22031414,5.5495876485223,14.4415593481809,18.63079431388855,33.32811018726758,48.88599571235358,63.65828939063334,86.3759359170905,103.8137850265402,141.2470553028594,C5,C5: limit warming to 2.5°C (>50%)
MESSAGEix-GLOBIOM_1.1,EN_INDCi2030_3000,1.22031414,5.5495876485223,13.40136021679029,16.16601746011359,29.17207826075629,37.73585664340143,59.25887520667411,79.24006028183977,105.6307352151881,133.4233325450832,C6,C6: limit warming to 3°C (>50%)
MESSAGEix-GLOBIOM_1.1,EN_INDCi2030_3000_COV,1.22031414,5.58417647960833,10.83593067055262,14.80109858500939,25.16034556690835,34.17127406604846,57.35610720989612,77.1423218859611,97.43700371985346,126.2769306516088,C6,C6: limit warming to 3°C (>50%)
MESSAGEix-GLOBIOM_1.1,EN_INDCi2030_3000_COV_NDCp,1.22031414,5.58417647960833,12.79242745836853,15.93570451770633,26.88842941797419,34.42279531404343,57.34392813473025,77.03287262716813,96.58023500271868,125.2881001461021,C6,C6: limit warming to 3°C (>50%)
MESSAGEix-GLOBIOM_1.1,EN_INDCi2030_3000_NDCp,1.22031414,5.5495876485223,14.4415593481809,16.88909051636895,29.91891411604845,39.14041327545061,59.42157293863625,78.90282936992868,106.3646041866128,133.7714879704673,C6,C6: limit warming to 3°C (>50%)
MESSAGEix-GLOBIOM_1.1,EN_INDCi2030_3000f,1.22031414,5.5495876485223,13.40136021679029,16.89246077587646,30.12326603788723,38.69497379879763,59.63950291744305,79.18712114687864,100.4124932243906,130.9147202251858,C6,C6: limit warming to 3°C (>50%)
MESSAGEix-GLOBIOM_1.1,EN_INDCi2030_3000f_COV,1.22031414,5.58417647960833,10.83593067055262,14.93335046675193,25.21187990167117,34.34693695672031,57.33316513320991,76.39454293945737,96.97699843312516,125.8114945121307,C6,C6: limit warming to 3°C (>50%)
MESSAGEix-GLOBIOM_1.1,EN_INDCi2030_3000f_COV_NDCp,1.22031414,5.58417647960833,12.79242745836853,15.96923062574824,27.1402058034145,34.45256729333759,57.29713470366648,75.75902731365836,96.80817356160024,124.7688941609301,C6,C6: limit warming to 3°C (>50%)
MESSAGEix-GLOBIOM_1.1,EN_INDCi2030_3000f_NDCp,1.22031414,5.5495876485223,14.4415593481809,16.9092396552398,30.53499607910571,39.61728459732033,59.75354587995141,79.22303792299724,100.3447703509259,130.119950515636,C6,C6: limit warming to 3°C (>50%)
MESSAGEix-GLOBIOM_1.1,EN_INDCi2030_600f_COV,1.22031414,5.58417647960833,10.83593067055262,53.12467697720828,87.16647316641854,109.3631764760415,123.128779350515,120.0796550270704,111.4351712217839,114.2642938362339,C2,C2: return warming to 1.5°C (>50%) after a high overshoot
MESSAGEix-GLOBIOM_1.1,EN_INDCi2030_600f_COV_NDCp,1.22031414,5.58417647960833,12.79242745836853,52.76970073810936,87.41841207881272,108.8804471049404,124.8930827938441,119.9951988524477,111.9144133317282,115.9267419979443,C2,C2: return warming to 1.5°C (>50%) after a high overshoot
MESSAGEix-GLOBIOM_1.1,EN_INDCi2030_700f,1.22031414,5.5495876485223,13.40136021679029,56.69308878733829,91.45962552805892,120.1289747028232,131.3720603588873,126.3028078336637,117.8504718784667,125.22788891575,C2,C2: return warming to 1.5°C (>50%) after a high overshoot
MESSAGEix-GLOBIOM_1.1,EN_INDCi2030_700f_COV,1.22031414,5.58417647960833,10.83593067055262,48.54852210945796,82.10269720532527,102.2538399425194,130.6119464625642,129.5808988138674,123.0367967307005,127.3412049725167,C2,C2: return warming to 1.5°C (>50%) after a high overshoot
MESSAGEix-GLOBIOM_1.1,EN_INDCi2030_700f_COV_NDCp,1.22031414,5.58417647960833,12.79242745836853,48.8549251213814,81.39038321838697,101.568884975117,130.9548025443709,130.4578735669864,124.4316768191612,129.4423451563828,C2,C2: return warming to 1.5°C (>50%) after a high overshoot
MESSAGEix-GLOBIOM_1.1,EN_INDCi2030_700f_NDCp,1.22031414,5.5495876485223,14.4415593481809,56.10588113962181,91.707894089793,119.7371571546872,131.8164181858249,126.2797065320492,118.8031131378859,125.9160781136331,C2,C2: return warming to 1.5°C (>50%) after a high overshoot
MESSAGEix-GLOBIOM_1.1,EN_INDCi2030_800f,1.22031414,5.5495876485223,13.40136021679029,52.85892047407074,86.79319546363446,111.0513626639649,135.9341558514811,132.7217440965675,126.4931225466981,137.8811169444041,C3,C3: limit warming to 2°C (>67%)
MESSAGEix-GLOBIOM_1.1,EN_INDCi2030_800f_COV,1.22031414,5.58417647960833,10.83593067055262,40.33522590086091,75.29614085228019,91.7248848821746,126.4948544088301,134.2297285756606,131.6481721538079,135.1204357063293,C3,C3: limit warming to 2°C (>67%)
MESSAGEix-GLOBIOM_1.1,EN_INDCi2030_800f_COV_NDCp,1.22031414,5.58417647960833,12.79242745836853,40.79123923937893,73.82086238078378,90.89965962790272,125.6888036128728,134.7715340636536,132.2339073731298,135.2467195706008,C3,C3: limit warming to 2°C (>67%)
MESSAGEix-GLOBIOM_1.1,EN_INDCi2030_800f_NDCp,1.22031414,5.5495876485223,14.4415593481809,52.01564877389271,86.5558894736495,110.3378782600016,135.5640717260205,133.6189498134203,127.9236836505096,138.5138394980497,C3,C3: limit warming to 2°C (>67%)
MESSAGEix-GLOBIOM_1.1,EN_INDCi2030_900f,1.22031414,5.5495876485223,13.40136021679029,43.83814143742126,79.34225947547475,98.88748827274712,126.2920032000864,134.0474790024221,131.9145591145195,140.1655496502297,C3,C3: limit warming to 2°C (>67%)
MESSAGEix-GLOBIOM_1.1,EN_INDCi2030_900f_COV,1.22031414,5.58417647960833,10.83593067055262,34.84070656107005,69.457620465098,85.23661953797415,113.7025518206939,135.5492967763071,134.9841475497115,140.0336235504577,C3,C3: limit warming to 2°C (>67%)
MESSAGEix-GLOBIOM_1.1,EN_INDCi2030_900f_COV_NDCp,1.22031414,5.58417647960833,12.79242745836853,36.00638177421072,66.63514128893257,83.66551078129291,112.3006692406153,135.4336100346154,134.5912025548457,139.6179162606802,C3,C3: limit warming to 2°C (>67%)
MESSAGEix-GLOBIOM_1.1,EN_INDCi2030_900f_NDCp,1.22031414,5.5495876485223,14.4415593481809,44.52742410886519,79.38016062698856,98.68145773968232,126.165605982625,134.2702629007372,132.6222376193531,142.755554737896,C3,C3: limit warming to 2°C (>67%)
MESSAGEix-GLOBIOM_1.1,EN_INDCi2030_950_COV,1.22031414,5.58417647960833,10.83593067055262,54.32280471995985,88.3994970886736,107.3977141794614,107.9441963073296,102.365992766829,106.8297523154708,127.3039144740557,C3,C3: limit warming to 2°C (>67%)
MESSAGEix-GLOBIOM_1.1,EN_INDCi2030_950_COV_NDCp,1.22031414,5.58417647960833,12.79242745836853,53.69975999566382,87.67038505486151,106.6952046090876,111.1494810662862,106.4721759517146,108.9008763560165,127.4514966705563,C3,C3: limit warming to 2°C (>67%)
MESSAGEix-GLOBIOM_1.1,EN_INDCi2030_950f_COV,1.22031414,5.58417647960833,10.83593067055262,33.32204082333843,63.48616630401095,79.92822670742466,108.6899369611243,135.3801393430861,136.5481493627711,142.7128915979475,C3,C3: limit warming to 2°C (>67%)
MESSAGEix-GLOBIOM_1.1,EN_INDCi2030_950f_COV_NDCp,1.22031414,5.58417647960833,12.79242745836853,33.66092632456294,62.21644761139623,78.48697948348655,105.6444407696378,134.3321880350187,135.3435345240195,142.1818322246856,C3,C3: limit warming to 2°C (>67%)
MESSAGEix-GLOBIOM_1.1,EN_INDCi2100,1.22031414,5.5495876485223,13.40136021679029,15.11503934179191,26.22990742294903,37.73838959214214,48.08618698225623,59.60308334126329,80.32864562867645,104.1447162002162,C6,C6: limit warming to 3°C (>50%)
MESSAGEix-GLOBIOM_1.1,EN_INDCi2100_COV,1.22031414,5.58417647960833,10.83593067055262,14.23804310610108,22.47877459656648,31.44423754146922,47.02363554219519,61.36799517251487,78.02640365718034,96.2474386519247,C6,C6: limit warming to 3°C (>50%)
MESSAGEix-GLOBIOM_1.1,EN_INDCi2100_COV_NDCp,1.22031414,5.58417647960833,12.79242745836853,16.45020000133177,23.44367846995274,30.67886027263075,48.41805054792742,64.97939581107455,81.40191587775286,98.58454687992813,C6,C6: limit warming to 3°C (>50%)
MESSAGEix-GLOBIOM_1.1,EN_INDCi2100_NDCp,1.22031414,5.5495876485223,14.4415593481809,16.80403735553216,27.25728015161598,36.80076222054106,47.78050842709464,64.8810679960435,84.28055171016055,107.0609950201254,C6,C6: limit warming to 3°C (>50%)
MESSAGEix-GLOBIOM_1.1,EN_NPi2020_1000,1.22031414,5.5495876485223,20.77191527592916,34.11134240912431,58.17249242722786,74.68247065263262,91.60516175796414,99.786348337673,109.565216327747,139.5500302876981,C3,C3: limit warming to 2°C (>67%)
MESSAGEix-GLOBIOM_1.1,EN_NPi2020_1000_COV,1.22031414,5.58417647960833,17.52940784208422,29.79233868513447,50.65060962474649,63.73846213894806,85.70396452430931,98.4308265910612,107.7841766745572,131.0836546381211,C3,C3: limit warming to 2°C (>67%)
MESSAGEix-GLOBIOM_1.1,EN_NPi2020_1000_DR10p,1.22031414,5.549216963620577,15.4304519421891,35.43513721724622,83.24049814927149,114.3764714190906,148.9874937369952,144.4545390001316,157.836154311586,187.2381542161266,C3,C3: limit warming to 2°C (>67%)
MESSAGEix-GLOBIOM_1.1,EN_NPi2020_1000_DR1p,1.22031414,5.566701705251901,28.19956455275308,45.63315585594484,57.69477835406074,59.46481585584526,74.3939206956217,89.32693913604575,109.0367302538084,136.2862132725239,C3,C3: limit warming to 2°C (>67%)
MESSAGEix-GLOBIOM_1.1,EN_NPi2020_1000_DR2p,1.22031414,5.570005628489924,23.6627234275589,37.33380748203834,54.49533258614904,65.09263831892572,75.87932214523296,93.36571888036582,112.6830238682542,140.6182704930136,C3,C3: limit warming to 2°C (>67%)
MESSAGEix-GLOBIOM_1.1,EN_NPi2020_1000_DR3p,1.22031414,5.552135548725623,21.72228461971498,35.85731549843161,55.41819081897447,67.96772158401554,79.2126228116977,95.3887985708466,112.4894832495316,139.6887804221917,C3,C3: limit warming to 2°C (>67%)
MESSAGEix-GLOBIOM_1.1,EN_NPi2020_1000_DR4p,1.22031414,5.549637906140895,21.34323668574677,34.5503526781062,57.63864843555272,70.4080984762834,80.9950140071026,93.4900300200951,110.2884656360546,137.7124272917792,C3,C3: limit warming to 2°C (>67%)
MESSAGEix-GLOBIOM_1.1,EN_NPi2020_1000f,1.22031414,5.5495876485223,16.91907742592882,30.61009098571247,51.41121740445134,70.94980705101666,87.69115453047081,111.8076944994402,135.2774269574395,168.0365541669082,C3,C3: limit warming to 2°C (>67%)
MESSAGEix-GLOBIOM_1.1,EN_NPi2020_1000f_COV,1.22031414,5.58417647960833,16.1134500685732,25.42211202272923,46.38924617816294,60.59688077491917,82.17971410525361,107.3180865741416,129.0031472949924,155.1425811275805,C3,C3: limit warming to 2°C (>67%)
MESSAGEix-GLOBIOM_1.1,EN_NPi2020_1000f_DR10p,1.22031414,5.549216963620577,11.03856489052383,24.21174032182572,54.57690015042486,98.80531254783052,155.3654794676036,208.0296767448837,218.2809944189284,222.7896158860069,C4,C4: limit warming to 2°C (>50%)
MESSAGEix-GLOBIOM_1.1,EN_NPi2020_1000f_DR1p,1.22031414,5.566701705251901,29.40657565563831,46.10852917560101,57.25181013278031,58.33930880810716,74.42673839445962,88.49209950813223,106.4239679636566,134.2817449094976,C3,C3: limit warming to 2°C (>67%)
MESSAGEix-GLOBIOM_1.1,EN_NPi2020_1000f_DR2p,1.22031414,5.570005628489924,23.04835401074016,35.39460120721773,52.61766219029703,62.55886366504844,75.1264501280035,92.52082753656532,114.4391154161911,151.7204830389649,C3,C3: limit warming to 2°C (>67%)
MESSAGEix-GLOBIOM_1.1,EN_NPi2020_1000f_DR3p,1.22031414,5.552135548725623,22.03642551786918,32.48989919323425,52.48816673804547,65.79193497319231,77.00360135868135,96.39164693698642,121.6408810130037,158.7677782521334,C3,C3: limit warming to 2°C (>67%)
MESSAGEix-GLOBIOM_1.1,EN_NPi2020_1000f_DR4p,1.22031414,5.549637906140895,20.23955149992657,31.02504080030542,52.10017520887811,68.50202722138154,83.34564448745942,105.763877699479,131.4445650082455,167.47679248498,C3,C3: limit warming to 2°C (>67%)
MESSAGEix-GLOBIOM_1.1,EN_NPi2020_1200,1.22031414,5.5495876485223,16.31001405554287,29.2314712771805,50.74049821213119,69.6165901252216,83.82376565344764,103.8031694594927,113.0636631048687,143.4467611913697,C3,C3: limit warming to 2°C (>67%)
MESSAGEix-GLOBIOM_1.1,EN_NPi2020_1200_COV,1.22031414,5.58417647960833,14.53172675605973,24.44162972526533,45.47997385024359,60.08415472308395,80.6135564082549,101.5383378895079,111.2365087946052,132.9378581278292,C3,C3: limit warming to 2°C (>67%)
MESSAGEix-GLOBIOM_1.1,EN_NPi2020_1200f,1.22031414,5.5495876485223,15.68993915020955,26.87072730920334,47.77394448191249,66.51397015959083,81.00114037624444,105.4560168617117,132.1669681955819,166.916980809081,C4,C4: limit warming to 2°C (>50%)
MESSAGEix-GLOBIOM_1.1,EN_NPi2020_1200f_COV,1.22031414,5.58417647960833,13.13992655437398,24.61694238385882,42.41293731276955,56.70014404261539,78.89757503118878,101.2211838942417,125.0528905349343,157.6709445058943,C4,C4: limit warming to 2°C (>50%)
MESSAGEix-GLOBIOM_1.1,EN_NPi2020_1400,1.22031414,5.5495876485223,15.02061567884667,26.67477523372716,46.82556492844768,66.44050060576765,79.76958508625644,99.0455237385514,114.9216238139435,143.8955063965242,C4,C4: limit warming to 2°C (>50%)
MESSAGEix-GLOBIOM_1.1,EN_NPi2020_1400_COV,1.22031414,5.58417647960833,12.58178344885053,24.79593876089247,40.96547858102119,57.07503052939346,78.9933414790775,98.05042427444808,114.0416450656435,132.6434601421126,C4,C4: limit warming to 2°C (>50%)
MESSAGEix-GLOBIOM_1.1,EN_NPi2020_1400f,1.22031414,5.5495876485223,15.06243378555908,26.41164537711438,44.6047536442282,61.2089866895868,80.30503355308005,101.1888332106689,130.8213848498371,169.8481317828985,C4,C4: limit warming to 2°C (>50%)
MESSAGEix-GLOBIOM_1.1,EN_NPi2020_1400f_COV,1.22031414,5.58417647960833,12.38037400085288,24.12261340105103,39.29765608716483,53.6842391155303,79.06221666431287,98.09243915545228,124.856382218116,159.8751633351,C4,C4: limit warming to 2°C (>50%)
MESSAGEix-GLOBIOM_1.1,EN_NPi2020_1600,1.22031414,5.5495876485223,14.36002001774304,25.36275879033283,43.20419562623663,58.25655026844082,79.68932051420056,95.14898711032788,119.1953292788074,143.5257158803469,C4,C4: limit warming to 2°C (>50%)
MESSAGEix-GLOBIOM_1.1,EN_NPi2020_1600_COV,1.22031414,5.58417647960833,11.79178388770356,20.01262257101223,38.36366490535995,51.870989417503,80.13484429958271,92.75419198873324,114.0593673830276,133.11479001082,C4,C4: limit warming to 2°C (>50%)
MESSAGEix-GLOBIOM_1.1,EN_NPi2020_1600f,1.22031414,5.5495876485223,14.23856305224925,23.54302465054532,40.93861458367194,56.73689231549572,80.6493155169596,97.10880745487653,126.9792840103625,168.0955210935425,C5,C5: limit warming to 2.5°C (>50%)
MESSAGEix-GLOBIOM_1.1,EN_NPi2020_1600f_COV,1.22031414,5.58417647960833,12.06066684972367,19.86753182394002,37.87581643947153,51.08448998957782,79.3603655752547,93.5153013501902,118.3004883667068,156.1059657383001,C4,C4: limit warming to 2°C (>50%)
MESSAGEix-GLOBIOM_1.1,EN_NPi2020_1800,1.22031414,5.5495876485223,12.88666614328659,21.15868108009283,39.96150601500648,56.121282022062,79.46142570925156,90.92399713800852,115.1383020048694,148.5688774578506,C5,C5: limit warming to 2.5°C (>50%)
MESSAGEix-GLOBIOM_1.1,EN_NPi2020_1800_COV,1.22031414,5.58417647960833,10.5115901081858,17.83686358435191,36.12199557308074,49.30819916596018,77.49184030021814,90.7366584764388,106.4244287082132,132.0284043574227,C5,C5: limit warming to 2.5°C (>50%)
MESSAGEix-GLOBIOM_1.1,EN_NPi2020_1800f,1.22031414,5.5495876485223,13.22768865618187,21.4484952768861,39.43752754900375,54.6047519838624,78.4408431106496,92.15237828586596,116.47837469835,161.8049129764488,C5,C5: limit warming to 2.5°C (>50%)
MESSAGEix-GLOBIOM_1.1,EN_NPi2020_1800f_COV,1.22031414,5.58417647960833,10.62926020239807,18.17459914463739,35.61824826422355,48.32360859822652,71.8709035306811,92.79002700746643,109.737578358128,150.7893176446223,C5,C5: limit warming to 2.5°C (>50%)
MESSAGEix-GLOBIOM_1.1,EN_NPi2020_2000,1.22031414,5.5495876485223,11.61943995343076,19.2069851924233,36.99500533283087,52.83463605718869,74.33544332554966,91.43694525744066,110.3875098522196,148.227894082425,C5,C5: limit warming to 2.5°C (>50%)
MESSAGEix-GLOBIOM_1.1,EN_NPi2020_2000_COV,1.22031414,5.58417647960833,10.51774278406619,16.95645915628475,32.45205759454758,47.44761017377808,69.32987276498426,92.72733453797568,105.5778411709787,137.5715901781004,C5,C5: limit warming to 2.5°C (>50%)
MESSAGEix-GLOBIOM_1.1,EN_NPi2020_2000f,1.22031414,5.5495876485223,11.73995940719616,19.45459977956225,36.45533528653984,52.4520263837941,70.67471620547747,92.0794589142718,110.8963003544418,159.2073773168196,C5,C5: limit warming to 2.5°C (>50%)
MESSAGEix-GLOBIOM_1.1,EN_NPi2020_2000f_COV,1.22031414,5.58417647960833,10.547678618799,17.22317452916371,32.45427402034976,47.36431920778364,67.3063347795688,93.42072832849968,106.167206749549,143.3586396908373,C5,C5: limit warming to 2.5°C (>50%)
MESSAGEix-GLOBIOM_1.1,EN_NPi2020_200f,1.22031414,5.5495876485223,33.5658149194499,67.06776085894431,92.89709579848508,110.1165242695845,117.5124218268732,111.6535709065504,119.2077388217392,147.2189051072777,C2,C2: return warming to 1.5°C (>50%) after a high overshoot
MESSAGEix-GLOBIOM_1.1,EN_NPi2020_2500,1.22031414,5.5495876485223,11.10819188521089,17.15509747410852,30.19097221665677,46.03395158206877,62.71952437427782,87.38327386019986,104.8145160826,139.8646975578665,C5,C5: limit warming to 2.5°C (>50%)
MESSAGEix-GLOBIOM_1.1,EN_NPi2020_2500_COV,1.22031414,5.58417647960833,9.940023731591529,15.51390955740213,28.50485325056079,38.58003467310748,61.95086269360861,83.29203603387367,104.1299239227246,136.6755397452585,C5,C5: limit warming to 2.5°C (>50%)
MESSAGEix-GLOBIOM_1.1,EN_NPi2020_2500f,1.22031414,5.5495876485223,11.27624307911613,17.46121033026902,30.6609016455376,46.00754867593218,62.88048167284972,86.11704372874406,104.6058773357607,140.7400520262629,C5,C5: limit warming to 2.5°C (>50%)
MESSAGEix-GLOBIOM_1.1,EN_NPi2020_2500f_COV,1.22031414,5.58417647960833,9.977000661480778,15.54772927021938,29.28297160521959,39.29750074398252,61.67501427890792,81.85932737659927,102.8578579692713,134.5957553313903,C5,C5: limit warming to 2.5°C (>50%)
MESSAGEix-GLOBIOM_1.1,EN_NPi2020_3000,1.22031414,5.5495876485223,10.60024860588891,16.58028382699423,28.15458183827661,37.83510820959417,59.14100569737884,79.64202274759745,104.1510603590906,131.9181467805127,C6,C6: limit warming to 3°C (>50%)
MESSAGEix-GLOBIOM_1.1,EN_NPi2020_3000_COV,1.22031414,5.58417647960833,9.941839949824953,14.86998825727234,25.2878703954545,34.85565679093791,57.30635180035829,76.62804763773683,97.64233844732732,127.4720345189299,C6,C6: limit warming to 3°C (>50%)
MESSAGEix-GLOBIOM_1.1,EN_NPi2020_3000f,1.22031414,5.5495876485223,10.59159662628556,16.62368143543634,28.39670888813475,38.08242033973743,59.54664580956908,79.79943876479882,100.7610903547095,130.6482114851348,C6,C6: limit warming to 3°C (>50%)
MESSAGEix-GLOBIOM_1.1,EN_NPi2020_3000f_COV,1.22031414,5.58417647960833,9.94660829919648,15.02343812440951,25.93146762599011,34.98362291027367,57.42386676125238,76.07110068458957,97.24025536497685,125.0581466136948,C6,C6: limit warming to 3°C (>50%)
MESSAGEix-GLOBIOM_1.1,EN_NPi2020_300f,1.22031414,5.5495876485223,29.43224124889589,61.12299624404541,84.6586215204487,105.3802046588687,119.9531672190504,116.0075290565338,120.8551499860104,148.940167532367,C2,C2: return warming to 1.5°C (>50%) after a high overshoot
MESSAGEix-GLOBIOM_1.1,EN_NPi2020_400f,1.22031414,5.5495876485223,26.46820092225088,52.85868402608129,77.0179711291993,93.64668277578224,117.4188966668335,117.295792202881,123.9490737299186,149.3157763736204,C2,C2: return warming to 1.5°C (>50%) after a high overshoot
MESSAGEix-GLOBIOM_1.1,EN_NPi2020_450,1.22031414,5.5495876485223,47.91266417045023,73.7074848968972,97.34335579752552,92.99041394211432,91.28162943508588,91.20445368730569,104.3487373413303,137.4562671332565,C1,C1: limit warming to 1.5°C (>50%) with no or limited overshoot
MESSAGEix-GLOBIOM_1.1,EN_NPi2020_450f,1.22031414,5.5495876485223,25.34494718346532,49.51692886190374,74.49415310733663,91.50567614761846,116.7232270750671,117.6209346361017,125.1548622413131,149.8005202305845,C2,C2: return warming to 1.5°C (>50%) after a high overshoot
MESSAGEix-GLOBIOM_1.1,EN_NPi2020_500,1.22031414,5.5495876485223,46.15134968152984,74.53573976615692,99.36353882551462,98.22384500343884,94.09436550664098,96.21085893716518,107.3218996981729,138.8796515407906,C1,C1: limit warming to 1.5°C (>50%) with no or limited overshoot
MESSAGEix-GLOBIOM_1.1,EN_NPi2020_500f,1.22031414,5.5495876485223,23.18859256691487,45.51731057720421,71.3518534547781,87.50216081387777,112.4017932581071,117.5788666239406,128.9694080815379,155.7057463046579,C2,C2: return warming to 1.5°C (>50%) after a high overshoot
MESSAGEix-GLOBIOM_1.1,EN_NPi2020_600,1.22031414,5.5495876485223,36.22181257466801,68.59217801291437,93.89257212728772,105.1282818067743,98.7297490365862,97.35252682293454,104.9665445533801,135.7444629951957,C2,C2: return warming to 1.5°C (>50%) after a high overshoot
MESSAGEix-GLOBIOM_1.1,EN_NPi2020_600_COV,1.22031414,5.58417647960833,25.61504668289418,57.06566944803625,80.3617328464456,94.01279073382916,95.94395969187708,98.84682735353766,104.9802770662304,130.0981874683045,C1,C1: limit warming to 1.5°C (>50%) with no or limited overshoot
MESSAGEix-GLOBIOM_1.1,EN_NPi2020_600_DR10p,1.22031414,5.549216963620577,30.94464848205494,75.94391330447674,118.7172523203117,141.1296779496482,132.0257983991269,121.6348706248818,140.1558365936951,180.5053288510806,C2,C2: return warming to 1.5°C (>50%) after a high overshoot
MESSAGEix-GLOBIOM_1.1,EN_NPi2020_600_DR1p,1.22031414,5.566701705251901,44.16660332837561,67.38439322650837,84.40496839683436,88.57223444059152,92.18335594868012,96.511253257808,113.9091433650852,138.3810660212276,C1,C1: limit warming to 1.5°C (>50%) with no or limited overshoot
MESSAGEix-GLOBIOM_1.1,EN_NPi2020_600_DR2p,1.22031414,5.570005628489924,43.26845868960432,68.49943454460288,87.10125142819707,91.27442146304963,86.29026507746413,93.39006905423454,109.8985740963141,138.6937992971284,C1,C1: limit warming to 1.5°C (>50%) with no or limited overshoot
MESSAGEix-GLOBIOM_1.1,EN_NPi2020_600_DR3p,1.22031414,5.552135548725623,40.83983478223709,67.39796163485315,88.97680920425,96.69297211597714,88.87208824274455,95.84227655500425,110.7101979849488,141.8999579988138,C1,C1: limit warming to 1.5°C (>50%) with no or limited overshoot
MESSAGEix-GLOBIOM_1.1,EN_NPi2020_600_DR4p,1.22031414,5.549637906140895,38.71346134427671,66.9854827254673,91.17146701735828,101.7840237872803,93.13637706115988,96.26487678849054,107.6578275091197,136.940811712495,C1,C1: limit warming to 1.5°C (>50%) with no or limited overshoot
MESSAGEix-GLOBIOM_1.1,EN_NPi2020_600f,1.22031414,5.5495876485223,22.29051849043334,39.59974573342749,66.02079342934644,83.85760252561751,107.2974042082423,118.2963779672816,132.1887570788208,157.612494154507,C2,C2: return warming to 1.5°C (>50%) after a high overshoot
MESSAGEix-GLOBIOM_1.1,EN_NPi2020_600f_COV,1.22031414,5.58417647960833,18.87002276049268,32.76731116835864,55.38246699877351,70.43293512663212,99.12283788027784,118.4647430008219,130.7017437653055,148.141506857563,C2,C2: return warming to 1.5°C (>50%) after a high overshoot
MESSAGEix-GLOBIOM_1.1,EN_NPi2020_600f_DR10p,1.22031414,5.549216963620577,15.2144996632997,34.8921471450798,79.12702786194832,128.4848130365308,179.9039226491036,199.5014068989903,192.8992134242321,195.6755364910446,C2,C2: return warming to 1.5°C (>50%) after a high overshoot
MESSAGEix-GLOBIOM_1.1,EN_NPi2020_600f_DR1p,1.22031414,5.566701705251901,37.76031954610982,57.01380663232648,69.75862432194732,75.4065771387388,88.36305719830311,103.1895762046829,122.8895066762566,155.614271694143,C2,C2: return warming to 1.5°C (>50%) after a high overshoot
MESSAGEix-GLOBIOM_1.1,EN_NPi2020_600f_DR2p,1.22031414,5.570005628489924,30.99963268507918,49.16276005805119,66.33953474882115,74.66347091998033,88.76596788979523,108.6488359142149,128.4425030879943,165.8389319649083,C2,C2: return warming to 1.5°C (>50%) after a high overshoot
MESSAGEix-GLOBIOM_1.1,EN_NPi2020_600f_DR3p,1.22031414,5.552135548725623,26.21093172325395,46.63929903611297,65.08023197772003,75.83422925036345,94.1086784025103,110.8618369155106,128.5492144341587,163.5392079800611,C2,C2: return warming to 1.5°C (>50%) after a high overshoot
MESSAGEix-GLOBIOM_1.1,EN_NPi2020_600f_DR4p,1.22031414,5.549637906140895,23.78745330088449,42.22865586016564,65.41830965667492,77.80302360213032,96.92181841109095,114.6714092158767,131.0925918270823,163.5524745191241,C2,C2: return warming to 1.5°C (>50%) after a high overshoot
MESSAGEix-GLOBIOM_1.1,EN_NPi2020_700,1.22031414,5.5495876485223,27.72521774594123,58.40641943070283,81.0243766036152,95.13601118734744,94.31940104313024,95.86617767804992,107.0442615564095,137.4670299254134,C2,C2: return warming to 1.5°C (>50%) after a high overshoot
MESSAGEix-GLOBIOM_1.1,EN_NPi2020_700_COV,1.22031414,5.58417647960833,22.00098680229445,46.19506776849104,66.6687517870336,78.7347416519311,91.61966845212072,96.84396064916866,105.1510688829712,130.444637732347,C2,C2: return warming to 1.5°C (>50%) after a high overshoot
MESSAGEix-GLOBIOM_1.1,EN_NPi2020_700f,1.22031414,5.5495876485223,21.33879536259069,34.76514746716113,61.44005449233797,79.34937642471827,100.4885889574062,116.4061257159343,132.5914823869282,159.212780253475,C2,C2: return warming to 1.5°C (>50%) after a high overshoot
MESSAGEix-GLOBIOM_1.1,EN_NPi2020_700f_COV,1.22031414,5.58417647960833,18.37676803980023,30.80746218175386,52.29359344484465,68.03570055333486,94.74071142771388,118.7310714019767,133.0142893671147,151.5837356602156,C2,C2: return warming to 1.5°C (>50%) after a high overshoot
MESSAGEix-GLOBIOM_1.1,EN_NPi2020_800,1.22031414,5.5495876485223,23.67855690977885,48.08882160669932,70.98955813112856,84.72209869280427,95.76082050692992,97.03847887234106,108.7443096793589,137.0637412635369,C3,C3: limit warming to 2°C (>67%)
MESSAGEix-GLOBIOM_1.1,EN_NPi2020_800_COV,1.22031414,5.58417647960833,19.63017440042448,36.72919490496741,58.62972117181601,71.2542963721946,97.0495100538258,98.77231854026348,106.7395091148284,125.9684671412942,C3,C3: limit warming to 2°C (>67%)
MESSAGEix-GLOBIOM_1.1,EN_NPi2020_800f,1.22031414,5.5495876485223,19.96408059123022,33.18082303558496,57.49249617147275,75.54671720644852,95.34407971647003,116.9319328936144,135.9410714520722,165.9937999021025,C3,C3: limit warming to 2°C (>67%)
MESSAGEix-GLOBIOM_1.1,EN_NPi2020_800f_COV,1.22031414,5.58417647960833,17.26486520339516,29.73470991519663,50.86536844922358,65.19177231395933,90.67759221473086,115.2298216445547,132.3815277006352,153.0347009423417,C3,C3: limit warming to 2°C (>67%)
MESSAGEix-GLOBIOM_1.1,EN_NPi2020_900,1.22031414,5.5495876485223,21.88400524953829,38.2060055263224,64.70463303838042,78.69825109874293,99.98407136221992,100.3565370498927,111.5977938963966,138.1770900576595,C3,C3: limit warming to 2°C (>67%)
MESSAGEix-GLOBIOM_1.1,EN_NPi2020_900_COV,1.22031414,5.58417647960833,18.12615506016239,32.13763127633881,54.17366258866844,68.34170603445546,92.88758113127986,99.64080067356308,106.1883482444959,126.5274055800146,C3,C3: limit warming to 2°C (>67%)
MESSAGEix-GLOBIOM_1.1,EN_NPi2020_900f,1.22031414,5.5495876485223,19.31435623471466,31.61680189393757,53.39622519531067,73.31609975788584,90.6254315515731,114.4591060507744,134.8483630184582,164.5246432354752,C3,C3: limit warming to 2°C (>67%)
MESSAGEix-GLOBIOM_1.1,EN_NPi2020_900f_COV,1.22031414,5.58417647960833,16.88061713211698,28.43348923471319,47.92867955651923,62.70839612289692,87.24296190128241,111.5102075203546,131.8777086666901,155.223134800868,C3,C3: limit warming to 2°C (>67%)
MESSAGEix-GLOBIOM_1.1,EN_NPi2100,1.22031414,5.5495876485223,10.76533958222444,13.398293363684,19.81501195738635,29.31459745652385,44.55698196535201,55.90750401698762,70.14165742297796,91.7586072784539,C7,C7: limit warming to 4°C (>50%)
MESSAGEix-GLOBIOM_1.1,EN_NPi2100_COV,1.22031414,5.58417647960833,8.145012740164836,13.03546193397078,19.18049220564425,25.91744229762633,43.51024155750367,54.68934533890365,68.34992159321175,82.49332390750918,C7,C7: limit warming to 4°C (>50%)
MESSAGEix-GLOBIOM_1.1,EN_NoPolicy,1.22031414,5.500008849801329,10.44366614141634,11.08917644900681,18.46326324583958,24.85362079443526,40.06846257664325,49.78967812246574,57.55968317051164,68.78909030178013,C7,C7: limit warming to 4°C (>50%)
MESSAGEix-GLOBIOM_1.1,NGFS2_Below 2°C,1.22031414,5.58417648,17.71794876,29.94388776,50.80056187,63.80336313,86.76287468,98.14441222,106.8212103,129.9692752,C3,C3: limit warming to 2°C (>67%)
MESSAGEix-GLOBIOM_1.1,NGFS2_Current Policies,1.22031414,5.58417648,8.145047937,12.1547998,20.1237355,28.44157173,42.65644449,54.26530806,63.76983374,76.702218,C7,C7: limit warming to 4°C (>50%)
MESSAGEix-GLOBIOM_1.1,NGFS2_Delayed Transition,1.22031414,5.58417648,8.145047937,49.90291566,83.38931351,112.2413913,148.3961479,171.4468448,176.2999526,175.995521,C3,C3: limit warming to 2°C (>67%)
MESSAGEix-GLOBIOM_1.1,NGFS2_Divergent Net Zero Policies,1.22031414,5.58417648,27.86938299,60.15928397,84.87465731,90.96084871,91.43140823,92.84270564,102.6763538,128.0794045,C1,C1: limit warming to 1.5°C (>50%) with no or limited overshoot
MESSAGEix-GLOBIOM_1.1,NGFS2_Nationally Determined Contributions (NDCs),1.22031414,5.58417648,12.79242738,19.75826592,34.68591361,45.79679526,65.90416067,78.43435146,89.39552129,107.2249417,C5,C5: limit warming to 2.5°C (>50%)
MESSAGEix-GLOBIOM_1.1,NGFS2_Net-Zero 2050,1.22031414,5.58417648,28.1072807,57.36206077,78.51070309,88.6208559,92.13135014,97.12958654,105.023632,129.2878702,C1,C1: limit warming to 1.5°C (>50%) with no or limited overshoot
MESSAGEix-GLOBIOM_1.2,COV_GreenPush,1.22031414,5.19436957965752,9.35281537856059,10.2044196616828,17.9926341062831,21.5971316377137,37.8040378136786,44.1573345431449,53.9153430269806,61.564033759252,C7,C7: limit warming to 4°C (>50%)
MESSAGEix-GLOBIOM_1.2,COV_GreenPush_1000,1.22031414,5.19436957965752,17.2433731539038,29.4977074654442,48.8971086521584,64.3450298534549,82.1101824881674,90.5353861645291,103.135775755287,131.703293098636,C3,C3: limit warming to 2°C (>67%)
MESSAGEix-GLOBIOM_1.2,COV_GreenPush_550,1.22031414,5.19436957965752,31.607530365045,59.7766706942791,79.1332685582608,80.9107946168552,77.7850391591883,87.6349026317461,99.1384097575866,131.018493664907,C1,C1: limit warming to 1.5°C (>50%) with no or limited overshoot
MESSAGEix-GLOBIOM_1.2,COV_GreenPush_max_GDP,1.22031414,5.50000884980133,10.0552769735083,11.5120900373254,20.5213224302826,26.7862241278287,44.1203167226905,55.6046532033336,65.074325851534,76.3743258816126,C7,C7: limit warming to 4°C (>50%)
MESSAGEix-GLOBIOM_1.2,COV_GreenPush_min_GDP,1.22031414,5.20501742740805,6.50509831408801,9.70304898927079,16.2053581189832,18.9872975167659,31.1439359083679,39.2655272964814,46.2407429283842,52.0267276469458,C7,C7: limit warming to 4°C (>50%)
MESSAGEix-GLOBIOM_1.2,COV_NoPolicyNoCOVID,1.22031414,5.5000666872977,10.2493461138598,11.382060317058,18.1431258678826,26.1657138567779,39.0955789692567,48.7465765864754,57.5926176346329,67.8686880976669,C7,C7: limit warming to 4°C (>50%)
MESSAGEix-GLOBIOM_1.2,COV_NoPolicyNoCOVID_1000,1.22031414,5.5000666872977,20.5786489245142,34.4174311050682,56.993045945745,70.0179788792388,90.1955499594615,101.000808482696,111.707371271979,137.646246878934,C3,C3: limit warming to 2°C (>67%)
MESSAGEix-GLOBIOM_1.2,COV_NoPolicyNoCOVID_550,1.22031414,5.5000666872977,43.6516756176407,78.995769612516,99.1768780888135,90.4443679515277,87.6132738865959,95.1459388202372,107.87094468648,139.622916022747,C1,C1: limit warming to 1.5°C (>50%) with no or limited overshoot
MESSAGEix-GLOBIOM_1.2,COV_Restore,1.22031414,5.19436957965752,9.25972942038802,10.30878272448,18.0870287453497,23.1192692419358,37.7484154522756,45.8303121862723,55.4369901729201,64.7894522972244,C7,C7: limit warming to 4°C (>50%)
MESSAGEix-GLOBIOM_1.2,COV_Restore_1000,1.22031414,5.19436957965752,18.1314763623512,31.2211481565065,49.9872318173884,66.9055779269402,84.4542711617203,95.9762684992471,107.398682443193,135.567203792485,C3,C3: limit warming to 2°C (>67%)
MESSAGEix-GLOBIOM_1.2,COV_Restore_550,1.22031414,5.19436957965752,34.1659070694036,65.8933546989016,87.8452467414062,85.4072628841166,83.1659741441878,90.7801108361845,104.357602629922,136.277302255277,C1,C1: limit warming to 1.5°C (>50%) with no or limited overshoot
MESSAGEix-GLOBIOM_1.2,COV_SelfReliance,1.22031414,5.37365069517474,9.31053354443314,10.6153477196988,18.5492052472393,25.3083470409738,40.2591101574821,49.7239747582073,58.7526436796489,70.5511455940764,C7,C7: limit warming to 4°C (>50%)
MESSAGEix-GLOBIOM_1.2,COV_SelfReliance_1000,1.22031414,5.37365069517474,19.4695091427647,33.1745219849107,54.6886529325875,71.2209358526377,92.0337384493429,102.259809560083,113.236596783835,142.020906366279,C3,C3: limit warming to 2°C (>67%)
MESSAGEix-GLOBIOM_1.2,COV_SelfReliance_550,1.22031414,5.37365069517474,38.2353691222828,72.930977220576,95.5298610712794,90.1812189938831,87.9647033761272,96.0941426620795,110.942085740447,145.493146311789,C1,C1: limit warming to 1.5°C (>50%) with no or limited overshoot
MESSAGEix-GLOBIOM_1.2,COV_SelfReliance_max_GDP,1.22031414,5.25134103343989,10.4388362323554,12.4206991611534,21.9416129842313,31.7639215904546,49.1350209797676,61.8839880741752,72.5195118791493,87.9713304715996,C7,C7: limit warming to 4°C (>50%)
MESSAGEix-GLOBIOM_1.2,COV_SelfReliance_min_GDP,1.22031414,5.20670003659874,7.08706327864956,9.5654658457036,16.4156923902515,19.7432877573968,34.7719874481103,42.4501005993042,51.1568059699306,55.9573189831263,C7,C7: limit warming to 4°C (>50%)
MESSAGEix-GLOBIOM_1.2,COV_SmartUse,1.22031414,5.25014278947939,9.21784867507469,10.3368432271471,18.2064225522672,22.3965117629254,38.0544760974038,46.6149722820159,56.4046994848249,66.1567130370077,C7,C7: limit warming to 4°C (>50%)
MESSAGEix-GLOBIOM_1.2,COV_SmartUse_1000,1.22031414,5.25014278947939,18.7401496209296,31.8021884442798,50.8478151996967,68.0497776951749,85.5181990419749,96.6653430216826,108.25914971546,135.379824716847,C3,C3: limit warming to 2°C (>67%)
MESSAGEix-GLOBIOM_1.2,COV_SmartUse_550,1.22031414,5.25014278947939,35.6678943208882,65.4093346946098,87.5414440073773,85.4508551437818,83.8136872183516,92.0368621395951,105.466544063002,137.246721449032,C1,C1: limit warming to 1.5°C (>50%) with no or limited overshoot
MESSAGEix-GLOBIOM_GEI 1.0,SSP2_int_lc_15,1.65616304723515,6.78642264481721,17.6207999197503,29.8884579222711,46.5531771988734,70.5432812402597,98.608412176129,132.802066975187,189.182058143922,236.775606613091,C5,C5: limit warming to 2.5°C (>50%)
MESSAGEix-GLOBIOM_GEI 1.0,SSP2_int_lc_50,1.65616304723515,6.78642264481721,21.1763226227708,40.6046570316297,63.3338876497155,94.368333778913,141.122277886458,195.781940087576,244.573208484303,255.378133669646,C3,C3: limit warming to 2°C (>67%)
MESSAGEix-GLOBIOM_GEI 1.0,SSP2_int_mc_15,1.65616304723515,6.78642264481721,15.8170839342788,28.5597044516384,46.6934250591546,63.625152240079,78.4531236311429,103.361753167496,152.674718556392,203.078021166363,C5,C5: limit warming to 2.5°C (>50%)
MESSAGEix-GLOBIOM_GEI 1.0,SSP2_int_mc_50,1.65616304723515,6.78642264481721,20.4555194021146,35.5636496467107,55.6654453286629,78.3171783647006,114.840827781713,173.274153577387,242.028552698076,288.597386801631,C2,C2: return warming to 1.5°C (>50%) after a high overshoot
MESSAGEix-GLOBIOM_GEI 1.0,SSP2_noint_lc_15,1.65616304723515,6.78642264481721,17.54387900256759,29.48940266830642,45.49705427841479,70.22245317202285,97.315424913366,132.0672882208107,188.0485179746513,236.9699308246847,C5,C5: limit warming to 2.5°C (>50%)
MESSAGEix-GLOBIOM_GEI 1.0,SSP2_noint_lc_50,1.65616304723515,6.78642264481721,21.1644637184444,40.1757318346936,62.8512790278971,93.3573208626595,140.27681344092,195.90977417282,243.453545529846,254.851235622253,C3,C3: limit warming to 2°C (>67%)
MESSAGEix-GLOBIOM_GEI 1.0,SSP2_noint_mc_15,1.65616304723515,6.78642264481721,15.6359072053703,28.5911746085511,46.3840311306613,63.2807430720704,78.1235902594674,102.196337014919,149.839997991047,203.587625698097,C5,C5: limit warming to 2.5°C (>50%)
MESSAGEix-GLOBIOM_GEI 1.0,SSP2_noint_mc_50,1.65616304723515,6.78642264481721,20.5766258229275,35.3947736728542,54.4866546296018,77.4181983957307,112.858514603235,172.665224311906,242.001961272588,287.979228474331,C2,C2: return warming to 1.5°C (>50%) after a high overshoot
MESSAGEix-GLOBIOM_GEI 1.0,SSP2_openres_lc_100,1.65616304723515,6.78642264481721,23.0085808818613,50.4994377819533,76.1787027587112,119.523741738875,172.790865462323,219.811006132025,241.164882277278,245.002109057214,C2,C2: return warming to 1.5°C (>50%) after a high overshoot
MESSAGEix-GLOBIOM_GEI 1.0,SSP2_openres_lc_120,1.65616304723515,6.78642264481721,23.7081569242937,53.2365741054231,83.8911076174427,128.51070187702,183.267663922356,220.865777485362,238.566630313794,244.813453990728,C2,C2: return warming to 1.5°C (>50%) after a high overshoot
MESSAGEix-GLOBIOM_GEI 1.0,SSP2_openres_lc_15,1.65616304723515,6.78642264481721,17.7383437832915,30.1672767259376,46.8349865579986,68.7312736344418,100.809262404021,139.09319490256,195.008387228444,238.448595994848,C5,C5: limit warming to 2.5°C (>50%)
MESSAGEix-GLOBIOM_GEI 1.0,SSP2_openres_lc_50,1.65616304723515,6.78642264481721,20.3631198791243,40.1295949874726,69.3591230659614,107.401583379973,154.711539194952,201.187473084616,237.539047235843,240.772339670282,C3,C3: limit warming to 2°C (>67%)
MESSAGEix-GLOBIOM_GEI 1.0,SSP2_openres_lc_80,1.65616304723515,6.78642264481721,22.3402092894955,49.2122244774758,72.0535741024504,111.562723399467,164.62004375441,217.235562315214,246.303960002511,250.530779003394,C2,C2: return warming to 1.5°C (>50%) after a high overshoot
MESSAGEix-GLOBIOM_GEI 1.0,SSP2_openres_lc_CB400,1.65616304723515,6.78642264481721,29.4571133394214,63.0685176849218,96.5727902794109,146.158433022114,190.136707822429,214.014085369652,228.326327126622,242.135534413144,C2,C2: return warming to 1.5°C (>50%) after a high overshoot
MESSAGEix-GLOBIOM_GEI 1.0,SSP2_openres_lc_CB450,1.65616304723515,6.78642264481721,29.2601715271138,62.0036008654178,95.3517699851173,144.822880193404,190.817024109062,214.482699015887,228.081170076262,243.545147247234,C2,C2: return warming to 1.5°C (>50%) after a high overshoot
MESSAGEix-GLOBIOM_GEI 1.0,SSP2_openres_lc_CB500,1.65616304723515,6.78642264481721,29.249487444217,60.6887486827187,93.9690015790859,144.756435974407,191.77103691063,215.287097926462,228.230186027298,243.022676945965,C2,C2: return warming to 1.5°C (>50%) after a high overshoot
MESSAGEix-GLOBIOM_GEI 1.0,SSP2_openres_lc_CB550,1.65616304723515,6.78642264481721,29.2069882430464,59.249383708544,90.6480278817804,139.974738227338,192.995849960485,216.055380338975,230.428351242099,242.619104362348,C2,C2: return warming to 1.5°C (>50%) after a high overshoot
MESSAGEix-GLOBIOM_GEI 1.0,SSP2_openres_lc_CB600,1.65616304723515,6.78642264481721,29.1333478205472,58.2819342279081,88.19866228798,137.120700106218,191.207865503145,217.984306892923,231.527265128053,246.205021059701,C2,C2: return warming to 1.5°C (>50%) after a high overshoot
MESSAGEix-GLOBIOM_GEI 1.0,SSP2_openres_mc_15,1.65616304723515,6.78642264481721,16.2181753351658,29.1808547487446,46.8782564623469,65.066278433695,79.3565459213106,99.4602537545699,147.926615941214,203.746195149501,C5,C5: limit warming to 2.5°C (>50%)
MESSAGEix-GLOBIOM_GEI 1.0,SSP2_openres_mc_50,1.65616304723515,6.78642264481721,20.6168309088143,35.6807467214986,56.518653813208,78.6710296848491,112.970891799574,170.977589761694,239.597321055406,291.496865920189,C2,C2: return warming to 1.5°C (>50%) after a high overshoot
MUSE 1.0,CSH,1.4495197790844512,3.204,2.575,0.2,0.129,0.04,1.031,2.044,2.945,2.804,failed-vetting,failed-vetting
MUSE 1.0,PCSH,1.4495197790844512,4.267,4.397,2.268,5.274,6.898,4.924,7.645,10.234,7.463,no-climate-assessment,no-climate-assessment
MUSE 1.0,PR_Baseline,1.4495197790844512,3.1562,2.5387,0.2226,1.1883,2.4019,2.7849,3.8357,6.7954,7.2878,failed-vetting,failed-vetting
MUSE 1.0,PR_CP_Intensity,1.4495197790844512,4.2201,4.3502,1.9685,2.3522,3.8226,4.6712,5.506,9.6086,9.1524,no-climate-assessment,no-climate-assessment
MUSE 1.0,PR_CP_Price,1.4495197790844512,4.2201,4.3502,2.0079,2.9759,4.6155,6.1739,10.5323,12.6033,10.2096,no-climate-assessment,no-climate-assessment
MUSE 1.0,PR_CP_PriceOnly,1.4495197790844512,3.1562,2.5498,0.8816,3.3246,4.2954,3.7376,4.0531,6.9622,8.4273,failed-vetting,failed-vetting
MUSE 1.0,PR_NDC_Intensity,1.4495197790844512,4.2201,4.5495,2.3257,2.7337,4.2343,5.5836,5.9859,9.6327,9.3747,no-climate-assessment,no-climate-assessment
MUSE 1.0,PR_NDC_Price,1.4495197790844512,4.2201,4.5495,2.4255,4.0732,6.5327,6.6285,5.7289,9.7149,7.8443,no-climate-assessment,no-climate-assessment
MUSE 1.0,PR_NDC_PriceOnly,1.4495197790844512,3.1562,2.7226,1.2835,3.6927,4.6273,4.5086,3.7824,6.3442,8.553,failed-vetting,failed-vetting
MUSE 1.0,R,1.4495197790844512,3.204,2.586,0.37,0.571,0.912,2.653,4.867,10.229,12.273,failed-vetting,failed-vetting
MUSE 1.0,SH,1.4495197790844512,3.205,2.577,0.188,0.789,1.757,3.3,6.693,10.733,11.657,failed-vetting,failed-vetting
McKinsey 1.0,1.5C A,1.4495197790844512,5.449413242576187,40.63255961552699,32.91215644720066,105.2005243623077,68.79563632970779,85.36490706338382,99.43827606890395,113.41595386425766,126.3087102973665,failed-vetting,failed-vetting
McKinsey 1.0,1.5C B,1.4495197790844512,5.449413242576187,39.53135039880222,32.91215644720066,96.5907683895422,68.79563632970779,85.36490706338382,99.43827606890395,113.41595386425766,126.3087102973665,failed-vetting,failed-vetting
McKinsey 1.0,1.5C C,1.4495197790844512,5.449413242576187,37.70680967501696,32.91215644720066,105.2005243623077,68.79563632970779,85.36490706338382,99.43827606890395,113.41595386425766,126.3087102973665,failed-vetting,failed-vetting
POLES ADVANCE,ADVANCE_2020_1.5C-2100,1.3348333517625,4.605841352241,21.983371094664,54.077667828408,83.9874550212,105.24391649568,118.349130209616,126.555158228832,125.005597758144,127.495762707168,C1,C1: limit warming to 1.5°C (>50%) with no or limited overshoot
POLES ADVANCE,ADVANCE_2020_Med2C,1.3348333517625,4.605827399730001,17.84033768286,37.56899920284,58.948941299832,79.525143149616,99.95690500488,116.608865018256,131.19911559072,148.494424986144,C3,C3: limit warming to 2°C (>67%)
POLES ADVANCE,ADVANCE_2020_WB2C,1.3348333517625,4.605827399730001,19.168424095392,42.051917582928,66.693765917376,88.128293838048,105.239372477904,122.686938874656,137.545171275168,144.644770573056,C2,C2: return warming to 1.5°C (>50%) after a high overshoot
POLES ADVANCE,ADVANCE_2030_1.5C-2100,1.3348333517625,4.605827399730001,17.400772375344,54.7515435042,84.60529021152,101.548009752192,112.742928474912,116.276892473952,109.50845197392,116.545147951248,C2,C2: return warming to 1.5°C (>50%) after a high overshoot
POLES ADVANCE,ADVANCE_2030_Med2C,1.3348333517625,4.605827399730001,17.397551595708,38.609935737696,58.99373336095199,79.42873219876799,98.818171269696,114.477230993184,131.132244356064,146.25205663248,C3,C3: limit warming to 2°C (>67%)
POLES ADVANCE,ADVANCE_2030_Price1.5C,1.3348333517625,4.605827399730001,17.397551595708,53.327141557992,82.35024037560001,103.60119285864,118.2904684524,125.562675614112,125.968108578912,130.354634011392,C2,C2: return warming to 1.5°C (>50%) after a high overshoot
POLES ADVANCE,ADVANCE_2030_WB2C,1.3348333517625,4.605827399730001,17.397551595708,42.330697754328,68.94983833732799,89.144907995664,108.71108847432,125.043044497344,136.840769305632,138.84977246112,C2,C2: return warming to 1.5°C (>50%) after a high overshoot
POLES ADVANCE,ADVANCE_INDC,1.3348333517625,4.605827399730001,17.397551595708,36.489690562248,56.565776807424,75.31542393652799,94.076643548304,112.984639975152,127.568812653792,145.257960927456,C5,C5: limit warming to 2.5°C (>50%)
POLES ADVANCE,ADVANCE_NoPolicy,1.3348333517625,4.472936033589,13.904562970908,26.509972536288,44.42339077128,62.373794862528,82.257703722,100.612244544768,118.054777235616,137.940407204832,C7,C7: limit warming to 4°C (>50%)
POLES ADVANCE,ADVANCE_Reference,1.3348333517625,4.596219520623,14.686556204358,28.429613009388,46.464871771728,64.174234083264,83.375892159696,102.210989867136,119.343650791104,138.891597588288,C7,C7: limit warming to 4°C (>50%)
POLES CD-LINKS,CD-LINKS_INDC2030i_1600,1.22782456874847,6.54438924789429,15.7751197814941,29.8463401794434,40.9970588684082,43.52286529541021,53.57033920288089,64.37619018554689,82.0464401245117,102.154815673828,failed-vetting,failed-vetting
POLES CD-LINKS,CD-LINKS_INDC2030i_400,1.22782456874847,6.542551040649411,15.7812547683716,29.6130828857422,32.68022155761719,39.72079849243161,58.2507476806641,67.2874221801758,79.4750289916992,98.06979370117192,failed-vetting,failed-vetting
POLES CD-LINKS,CD-LINKS_INDCi,1.22782456874847,6.61917924880981,15.6438837051392,26.0567512512207,33.8519859313965,41.3035659790039,54.23424911499021,68.5094375610352,89.94659423828121,114.25154876709,failed-vetting,failed-vetting
POLES CD-LINKS,CD-LINKS_NDC2030i_1000,1.22782456874847,6.54438924789429,15.7751197814941,30.6526184082031,38.23592376708979,42.1906814575195,55.0013275146484,71.4796829223633,83.6521530151367,104.664604187012,failed-vetting,failed-vetting
POLES CD-LINKS,CD-LINKS_NPi,1.22782456874847,6.33286952972412,13.0530986785889,21.4338035583496,29.9434852600098,35.3166732788086,42.7847557067871,53.87616348266599,73.4645233154297,104.439796447754,failed-vetting,failed-vetting
POLES CD-LINKS,CD-LINKS_NPi2020_1000,1.22782456874847,6.33652400970459,17.4400253295898,30.0265922546387,39.48850631713871,42.7902984619141,55.3218688964844,71.34246826171879,84.7766876220703,105.658721923828,failed-vetting,failed-vetting
POLES CD-LINKS,CD-LINKS_NPi2020_1600,1.22782456874847,6.33652400970459,16.1453685760498,29.229305267334,41.6979331970215,43.267406463623,53.876708984375,65.341926574707,82.8954086303711,103.743881225586,failed-vetting,failed-vetting
POLES CD-LINKS,CD-LINKS_NPi2020_400,1.22782456874847,6.33652400970459,19.2545833587646,28.4033069610596,32.37356185913089,44.57931900024411,60.6995658874512,74.23048400878909,87.63296508789058,104.570861816406,failed-vetting,failed-vetting
POLES CD-LINKS,CD-LINKS_NoPolicy,1.22782456874847,5.89972734451294,13.2998466491699,22.4236907958984,31.4788246154785,36.4535331726074,43.9329643249512,54.7026481628418,76.5071182250977,108.196548461914,C7,C7: limit warming to 4°C (>50%)
POLES EMF30,EMF30_BCOC-EndU,1.33701928265925,4.953467713725,11.856919461408,21.5204879907,35.15764523724,48.791765337192,63.99425929363201,78.66082920110401,95.002759019088,111.031691707728,C7,C7: limit warming to 4°C (>50%)
POLES EMF30,EMF30_Baseline,1.33701928265925,4.927319807949,11.604040551396,21.119944705884,34.552941610176,47.713922160336,62.146241110224,75.91379402375999,91.151765164944,106.652756441232,C7,C7: limit warming to 4°C (>50%)
POLES EMF30,EMF30_CH4-Only,1.33701928265925,4.927110970365,11.588192299224,21.085036423524,34.50497377752,47.65688069472,62.055353553408,75.815914008528,91.069519163328,106.513908253056,failed-vetting,failed-vetting
POLES EMF30,EMF30_ClimPolicy,1.33701928265925,5.894087944896,20.713382937936,34.807143758328,44.813031293952,52.965366450192,61.451272838448,70.15596180048,81.614332736064,94.078184625648,failed-vetting,failed-vetting
POLES EMF30,EMF30_ClimPolicy+SLCF,1.33701928265925,5.938622559684,21.087904339656,35.845055748864,45.813215694744,55.03813708176,62.57328516431999,72.531604539216,83.71963882296,97.155867308832,failed-vetting,failed-vetting
POLES EMF30,EMF30_D_BCOC-Red,1.33701928265925,4.927319807949,11.604040551396,21.119944705884,34.552941610176,47.713922160336,62.146241110224,75.91379402375999,91.151765164944,106.652756441232,C7,C7: limit warming to 4°C (>50%)
POLES EMF30,EMF30_D_CH4-ClimPolicy,1.33701928265925,4.927110970365,11.588193199386,21.08489059728,34.504376069952,47.655346818672,62.053149956832,75.81501384652799,91.062094627152,106.529002169472,failed-vetting,failed-vetting
POLES EMF30,EMF30_D_CO2-Only,1.33701928265925,5.894464212611999,20.714904211716,34.793634127032,44.726878589256,52.97271537276,61.452821117088,70.057311246576,81.350506055808,93.73815383112,C4,C4: limit warming to 2°C (>50%)
POLES EMF30,EMF30_D_Frozen-CH4,1.33701928265925,4.927322958516,11.603969438598,21.119523430068,34.55167418208,47.712186648,62.143036533504,75.910243784832,91.148049296208,106.647204242016,C7,C7: limit warming to 4°C (>50%)
POLES EMF30,EMF30_D_Frozen-EF,1.33701928265925,4.927322958516,11.603969438598,21.119523430068,34.55167418208,47.712186648,62.143036533504,75.910243784832,91.148049296208,106.647204242016,C7,C7: limit warming to 4°C (>50%)
POLES EMF30,EMF30_D_Frozen-EF-EndU,1.33701928265925,4.927319807949,11.604040551396,21.119944705884,34.552941610176,47.713922160336,62.146241110224,75.91379402375999,91.151765164944,106.652756441232,C7,C7: limit warming to 4°C (>50%)
POLES EMF30,EMF30_D_Frozen-EF-SLCF,1.33701928265925,4.927322958516,11.603969438598,21.119523430068,34.55167418208,47.712186648,62.143036533504,75.910243784832,91.148049296208,106.647204242016,C7,C7: limit warming to 4°C (>50%)
POLES EMF30,EMF30_SLCF,1.33701928265925,4.953146355891,11.842025380956,21.488238786888,35.100787404672,48.71248266887999,63.894823798464,78.57816552431999,94.899456427968,110.956286937312,failed-vetting,failed-vetting
POLES EMF30,EMF30_Slower-Action,1.33701928265925,5.169195587754,17.657864043516,30.362701902768,45.32345195313599,60.543736711344,74.904438772512,90.400684394736,109.974563058816,131.236418304,failed-vetting,failed-vetting
POLES EMF30,EMF30_Slower-Action+SLCF,1.33701928265925,5.20052392584,17.982295030584,30.792370829256,45.652889641248,61.046257548816,75.972635813376,92.898547529184,113.326629522192,136.777570731936,failed-vetting,failed-vetting
POLES EMF30,EMF30_Slower-to-faster,1.33701928265925,5.169195587754,17.657864043516,32.458062999888,41.823607694544,50.901363396504,61.599043432368,69.367909576608,79.94081635732799,93.74207853744,C2,C2: return warming to 1.5°C (>50%) after a high overshoot
POLES EMF30,EMF30_Slower-to-faster+SLCF,1.33701928265925,5.20052392584,17.982295030584,33.338637474768,42.495200559504,51.445331293104,63.07026100387201,71.718801460992,82.679145167808,97.06738498488,failed-vetting,failed-vetting
POLES EMF30,EMF30_Slower-to-faster+SLCF+HFC,1.33701928265925,5.20052392584,17.982295030584,33.338637474768,42.495200559504,51.445331293104,63.07026100387201,71.718801460992,82.679145167808,97.06738498488,failed-vetting,failed-vetting
POLES EMF33,EMF33_1.5C_cost100,1.326531171798709,7.67417573928833,25.8483409881592,36.9147338867188,41.65664291381839,47.5398635864258,51.74176406860349,53.63021087646479,58.1012954711914,63.73614120483401,failed-vetting,failed-vetting
POLES EMF33,EMF33_1.5C_full,1.326531171798709,7.674188613891599,26.04764938354489,36.9017448425293,41.2172088623047,48.21586608886721,51.5198631286621,49.6979064941406,54.4975280761719,60.6137199401855,failed-vetting,failed-vetting
POLES EMF33,EMF33_1.5C_limbio,1.326531171798709,7.726792812347409,21.38287925720211,26.6682281494141,30.22543907165531,40.7913780212402,43.0737609863281,43.0069885253906,47.271800994873,49.84643173217771,failed-vetting,failed-vetting
POLES EMF33,EMF33_1.5C_nofuel,1.326531171798709,7.67414951324463,25.6044540405273,35.8216400146484,38.2377815246582,44.05370712280271,46.1972885131836,47.52538681030271,49.7675476074219,54.7967529296875,failed-vetting,failed-vetting
POLES EMF33,EMF33_Baseline,1.326531171798709,7.674242973327639,17.945182800293,31.3740787506104,44.4125785827637,52.5633544921875,60.2515869140625,68.1316604614258,75.5243148803711,80.7436141967773,C7,C7: limit warming to 4°C (>50%)
POLES EMF33,EMF33_Med2C_cost100,1.326531171798709,7.67417669296265,25.27876663208011,40.91066360473629,48.31420516967771,51.0011901855469,55.8236236572266,61.44768905639651,66.8117218017578,74.5934829711914,C3,C3: limit warming to 2°C (>67%)
POLES EMF33,EMF33_Med2C_full,1.326531171798709,7.674242973327639,24.8984336853027,40.174560546875,47.3785820007324,49.7447395324707,54.0433120727539,58.27301406860349,62.951904296875,69.88816070556639,C3,C3: limit warming to 2°C (>67%)
POLES EMF33,EMF33_Med2C_limbio,1.326531171798709,7.67425537109375,26.3473072052002,40.2529067993164,49.0582466125488,55.8105392456055,58.9874572753906,57.6574592590332,60.8930892944336,66.1274032592773,C3,C3: limit warming to 2°C (>67%)
POLES EMF33,EMF33_Med2C_nobeccs,1.326531171798709,7.674188613891599,26.1545581817627,41.1355018615723,51.95145416259771,61.5748405456543,70.7466278076172,75.8588333129883,79.86619567871091,84.6073303222656,C3,C3: limit warming to 2°C (>67%)
POLES EMF33,EMF33_Med2C_nofuel,1.326531171798709,7.67421674728394,24.9421081542969,40.3566741943359,47.7909965515137,50.7523498535156,55.6709213256836,60.4706726074219,64.2143173217773,69.79901123046879,C3,C3: limit warming to 2°C (>67%)
POLES EMF33,EMF33_Med2C_none,1.326531171798709,7.67414951324463,26.3026103973389,41.1460494995117,52.1827583312988,61.31310653686521,70.08718872070311,74.5452499389648,77.9542694091797,81.26454162597659,C3,C3: limit warming to 2°C (>67%)
POLES EMF33,EMF33_WB2C_cost100,1.326531171798709,7.67417573928833,26.4741439819336,39.3502922058105,45.98652648925779,50.8169822692871,56.904426574707,60.1638870239258,64.2735061645508,69.4617156982422,C1,C1: limit warming to 1.5°C (>50%) with no or limited overshoot
POLES EMF33,EMF33_WB2C_full,1.326531171798709,7.674188613891599,26.3578758239746,39.24666595458979,45.5334129333496,50.1170806884766,55.9623527526855,57.8808898925781,61.1175956726074,65.5231475830078,C1,C1: limit warming to 1.5°C (>50%) with no or limited overshoot
POLES EMF33,EMF33_WB2C_limbio,1.326531171798709,7.674188613891599,26.6993770599365,37.78908157348629,43.61682510375979,51.5292091369629,57.0369644165039,53.9810600280762,51.93623352050779,58.175651550293,failed-vetting,failed-vetting
POLES EMF33,EMF33_WB2C_nobeccs,1.326531171798709,7.674188613891599,26.5039119720459,38.6977424621582,48.7707443237305,58.60892486572271,61.62173080444339,66.5991668701172,70.2641448974609,75.2060546875,failed-vetting,failed-vetting
POLES EMF33,EMF33_WB2C_nofuel,1.326531171798709,7.67414951324463,26.5197677612305,38.8842849731445,45.7918167114258,49.75724792480471,55.77383041381839,57.6319999694824,58.9616851806641,60.943359375,C1,C1: limit warming to 1.5°C (>50%) with no or limited overshoot
POLES EMF33,EMF33_WB2C_none,1.326531171798709,7.67414951324463,26.5360088348389,38.3211631774902,47.82342147827151,55.6686515808105,61.9030151367188,63.49169540405271,66.220458984375,71.60113525390621,failed-vetting,failed-vetting
POLES EMF33,EMF33_tax_hi_full,1.326531171798709,7.59575223922729,23.230447769165,40.800724029541,52.85164642333979,51.99834823608401,55.84460830688479,62.23027038574221,66.37637329101561,70.1755523681641,C4,C4: limit warming to 2°C (>50%)
POLES EMF33,EMF33_tax_hi_none,1.326531171798709,7.595716953277591,23.2943477630615,41.20224380493161,56.0789451599121,64.5235977172852,72.764289855957,79.6813888549805,82.90228271484379,86.6752777099609,C4,C4: limit warming to 2°C (>50%)
POLES EMF33,EMF33_tax_lo_full,1.326531171798709,7.59575223922729,21.45778465271,37.9029083251953,52.93525695800779,63.2462692260742,70.90740966796879,77.3458251953125,79.4910430908203,79.09580993652341,C5,C5: limit warming to 2.5°C (>50%)
POLES EMF33,EMF33_tax_lo_none,1.326531171798709,7.595716953277591,21.6261081695557,38.25563430786129,53.6095848083496,64.01187133789061,72.227668762207,80.3793487548828,85.8984680175781,90.3872222900391,C5,C5: limit warming to 2.5°C (>50%)
POLES ENGAGE,EN_INDCi2030_1000,1.228013277053833,5.434937953948975,14.07796001434326,28.30354118347168,43.91682815551758,60.84733581542969,81.90790557861328,102.7656936645508,119.246452331543,130.2282257080078,C4,C4: limit warming to 2°C (>50%)
POLES ENGAGE,EN_INDCi2030_1000_COV,1.228013277053833,5.415647029876709,12.52030658721924,26.74002647399902,41.98323440551758,55.66263198852539,69.76628875732422,82.67034149169922,96.49162292480467,109.6962432861328,C4,C4: limit warming to 2°C (>50%)
POLES ENGAGE,EN_INDCi2030_1000_COV_NDCp,1.228013277053833,5.415706157684326,13.20583915710449,27.58063888549805,42.4497299194336,55.75966262817383,69.7735366821289,82.53300476074219,95.94930267333984,108.6215362548828,C4,C4: limit warming to 2°C (>50%)
POLES ENGAGE,EN_INDCi2030_1000_NDCp,1.228013277053833,5.43220853805542,14.72200775146484,29.93685340881348,45.9724235534668,62.00181579589844,82.23835754394531,103.0603866577148,119.7797088623047,131.5738983154297,C4,C4: limit warming to 2°C (>50%)
POLES ENGAGE,EN_INDCi2030_1000f,1.228013277053833,5.434937953948975,14.07796001434326,28.6287612915039,45.62784194946289,61.18910980224609,79.62260437011719,97.70299530029295,111.3820266723633,121.710693359375,C4,C4: limit warming to 2°C (>50%)
POLES ENGAGE,EN_INDCi2030_1000f_COV,1.228013277053833,5.415647029876709,12.52030658721924,26.50280380249023,42.02793121337891,56.33797454833984,70.66600799560547,84.92523956298828,98.34712982177734,109.2914657592773,C4,C4: limit warming to 2°C (>50%)
POLES ENGAGE,EN_INDCi2030_1000f_COV_NDCp,1.228013277053833,5.415706157684326,13.2057638168335,27.06670761108398,42.43245315551758,55.70115280151367,69.2464828491211,83.84046936035156,99.54679107666016,110.6158447265625,C4,C4: limit warming to 2°C (>50%)
POLES ENGAGE,EN_INDCi2030_1000f_NDCp,1.228013277053833,5.43220853805542,14.72189903259277,29.24141120910645,45.26117706298828,60.21920776367188,79.10855865478516,99.4146728515625,119.8104400634766,134.7746734619141,C4,C4: limit warming to 2°C (>50%)
POLES ENGAGE,EN_INDCi2030_1200,1.228013277053833,5.434937953948975,14.07796001434326,28.49666404724121,46.28376007080078,61.88418579101562,77.77185821533203,94.31443786621094,109.5363464355469,121.2212982177734,C4,C4: limit warming to 2°C (>50%)
POLES ENGAGE,EN_INDCi2030_1200f,1.228013277053833,5.434937953948975,14.07796001434326,28.38856887817383,46.70749282836914,62.72172927856445,78.223388671875,95.53900909423828,111.1493530273438,122.5979232788086,C4,C4: limit warming to 2°C (>50%)
POLES ENGAGE,EN_INDCi2030_1400,1.228013277053833,5.434937953948975,14.07796001434326,27.71166610717773,45.48716354370117,61.91424560546875,78.86105346679688,99.39370727539062,117.6319885253906,129.4923858642578,C5,C5: limit warming to 2.5°C (>50%)
POLES ENGAGE,EN_INDCi2030_1400f,1.228013277053833,5.434937953948975,14.07796001434326,27.6451587677002,45.36067581176758,61.69534301757812,78.48644256591797,99.20207977294922,117.9655838012695,129.3467407226562,C5,C5: limit warming to 2.5°C (>50%)
POLES ENGAGE,EN_INDCi2030_1600,1.228013277053833,5.434937953948975,14.07796001434326,26.81520462036133,43.97790145874024,60.08276748657227,75.42796325683594,95.60430145263672,115.6609878540039,132.0890197753906,C5,C5: limit warming to 2.5°C (>50%)
POLES ENGAGE,EN_INDCi2030_1600f,1.228013277053833,5.434937953948975,14.07796001434326,26.81520462036133,43.97790145874024,60.08276748657227,75.42796325683594,95.60430145263672,115.6609878540039,132.0890197753906,C5,C5: limit warming to 2.5°C (>50%)
POLES ENGAGE,EN_INDCi2030_1800,1.228013277053833,5.434937953948975,14.07796001434326,25.98258590698243,42.53210830688477,58.38459014892578,73.43229675292969,92.40338134765624,112.736083984375,129.9313659667969,C5,C5: limit warming to 2.5°C (>50%)
POLES ENGAGE,EN_INDCi2030_1800f,1.228013277053833,5.434937953948975,14.07796001434326,25.98258590698243,42.53210830688477,58.38459014892578,73.43229675292969,92.40338134765624,112.736083984375,129.9313659667969,C5,C5: limit warming to 2.5°C (>50%)
POLES ENGAGE,EN_INDCi2030_2000,1.228013277053833,5.434937953948975,14.07796001434326,25.51330184936523,41.43905639648438,57.26276779174805,72.2928237915039,90.00121307373047,109.7953491210938,128.661376953125,C5,C5: limit warming to 2.5°C (>50%)
POLES ENGAGE,EN_INDCi2030_2000f,1.228013277053833,5.434937953948975,14.07796001434326,25.51330184936523,41.43905639648438,57.26276779174805,72.2928237915039,90.00121307373047,109.7953491210938,128.661376953125,C5,C5: limit warming to 2.5°C (>50%)
POLES ENGAGE,EN_INDCi2030_2500,1.228013277053833,5.434937953948975,14.07796001434326,24.13100814819336,37.22254180908203,50.34529876708984,66.2415771484375,83.50165557861328,99.00808715820312,112.0507583618164,C6,C6: limit warming to 3°C (>50%)
POLES ENGAGE,EN_INDCi2030_2500f,1.228013277053833,5.434937953948975,14.07796001434326,24.13100814819336,37.22254180908203,50.34529876708984,66.2415771484375,83.50165557861328,99.00808715820312,112.0507583618164,C6,C6: limit warming to 3°C (>50%)
POLES ENGAGE,EN_INDCi2030_3000,1.228013277053833,5.434937953948975,14.07796001434326,23.21900177001953,34.81551742553711,44.07847595214844,54.98885345458984,70.8056869506836,82.45289611816406,91.13072204589844,C6,C6: limit warming to 3°C (>50%)
POLES ENGAGE,EN_INDCi2030_3000f,1.228013277053833,5.434937953948975,14.07796001434326,23.21900177001953,34.81551742553711,44.07847595214844,54.98885345458984,70.8056869506836,82.45289611816406,91.13072204589844,C6,C6: limit warming to 3°C (>50%)
POLES ENGAGE,EN_INDCi2030_300f,1.228013277053833,5.434937953948975,14.07796001434326,27.51756477355957,41.91279220581055,63.37683486938477,94.90863800048828,129.5288696289062,156.69091796875,179.8652191162109,C2,C2: return warming to 1.5°C (>50%) after a high overshoot
POLES ENGAGE,EN_INDCi2030_400f,1.228013277053833,5.434937953948975,14.07796001434326,28.14693641662598,42.47540664672852,63.64489364624024,92.93836212158205,122.0806503295898,146.5037536621094,166.2322998046875,C2,C2: return warming to 1.5°C (>50%) after a high overshoot
POLES ENGAGE,EN_INDCi2030_500f,1.228013277053833,5.434937953948975,14.07796001434326,28.19015693664551,43.04415893554688,61.85078048706055,86.28842163085938,111.3739700317383,134.9573516845703,157.5695343017578,C3,C3: limit warming to 2°C (>67%)
POLES ENGAGE,EN_INDCi2030_600f,1.228013277053833,5.434937953948975,14.07796001434326,28.20781135559082,43.26370620727539,61.2524528503418,84.50245666503906,105.9630813598633,127.0885009765625,145.4395141601562,C3,C3: limit warming to 2°C (>67%)
POLES ENGAGE,EN_INDCi2030_600f_COV,1.228013277053833,5.415647029876709,12.52030658721924,26.51233100891113,41.59362030029297,58.44607543945312,77.84214782714844,94.18199920654295,108.96142578125,123.0661010742188,C3,C3: limit warming to 2°C (>67%)
POLES ENGAGE,EN_INDCi2030_600f_COV_NDCp,1.228013277053833,5.415706157684326,13.2057638168335,27.92999839782715,43.71863174438477,60.48955154418945,79.03374481201172,94.57855224609376,106.1326217651367,118.7950820922852,C3,C3: limit warming to 2°C (>67%)
POLES ENGAGE,EN_INDCi2030_600f_NDCp,1.228013277053833,5.43220853805542,14.72200775146484,29.95102310180664,45.01284027099609,61.99245834350586,84.86502838134766,106.7472915649414,129.4754638671875,150.5251617431641,C3,C3: limit warming to 2°C (>67%)
POLES ENGAGE,EN_INDCi2030_700f,1.228013277053833,5.434937953948975,14.07796001434326,28.33322143554688,44.00529098510742,61.00854873657227,81.91973114013672,101.0112152099609,118.194709777832,133.2265014648438,C3,C3: limit warming to 2°C (>67%)
POLES ENGAGE,EN_INDCi2030_800f,1.228013277053833,5.434937953948975,14.07796001434326,28.69050598144531,44.86236572265625,62.00955963134766,81.19725799560547,98.2904815673828,113.535774230957,124.3880767822266,C4,C4: limit warming to 2°C (>50%)
POLES ENGAGE,EN_INDCi2030_900,1.228013277053833,5.434937953948975,14.07796001434326,27.29710006713867,42.00019073486328,71.728759765625,123.5937271118164,145.8705139160156,150.2493743896484,147.3273315429688,C3,C3: limit warming to 2°C (>67%)
POLES ENGAGE,EN_INDCi2030_900f,1.228013277053833,5.434937953948975,14.07796001434326,28.84689903259277,45.24716186523438,61.44606399536133,80.71045684814453,97.29483795166016,107.2724227905273,118.1933975219727,C4,C4: limit warming to 2°C (>50%)
POLES ENGAGE,EN_INDCi2100,1.228013277053833,5.432149887084961,14.24882984161377,23.96175956726075,35.82274627685547,47.93289947509766,59.51620864868164,73.08413696289062,88.3606185913086,100.646369934082,C7,C7: limit warming to 4°C (>50%)
POLES ENGAGE,EN_INDCi2100_COV,1.228013277053833,5.409326076507568,13.14117622375488,22.76356315612793,33.41028213500977,42.37215423583984,51.97546005249024,63.11188507080078,77.66322326660156,93.33858489990234,C7,C7: limit warming to 4°C (>50%)
POLES ENGAGE,EN_INDCi2100_COV_NDCp,1.228013277053833,5.409385204315186,13.24735355377197,23.53005790710449,34.58644104003906,43.77521133422852,54.19356536865234,65.83124542236328,81.7533187866211,99.56980895996094,C6,C6: limit warming to 3°C (>50%)
POLES ENGAGE,EN_INDCi2100_NDCp,1.228013277053833,5.43220853805542,14.72200679779053,25.64949989318848,37.82998657226562,49.23866271972656,61.94048309326172,77.74182891845703,94.0644302368164,108.6586303710938,C6,C6: limit warming to 3°C (>50%)
POLES ENGAGE,EN_NPi2020_1000,1.228013277053833,5.445396900177002,17.39581680297852,32.85303115844727,50.05958557128906,64.79596710205078,79.24642944335938,96.17845916748048,112.2498168945312,126.2239685058594,C4,C4: limit warming to 2°C (>50%)
POLES ENGAGE,EN_NPi2020_1000_COV,1.228013277053833,5.395362377166748,15.07198905944824,28.91291046142578,45.36747741699219,57.99398422241211,70.93423461914062,84.38603210449219,100.5687866210938,115.3300323486328,C4,C4: limit warming to 2°C (>50%)
POLES ENGAGE,EN_NPi2020_1000f,1.228013277053833,5.445396900177002,15.17217254638672,28.98327827453613,47.86460494995117,63.70261383056641,79.89250183105469,97.9741439819336,113.9000015258789,123.9927520751953,C4,C4: limit warming to 2°C (>50%)
POLES ENGAGE,EN_NPi2020_1000f_COV,1.228013277053833,5.395362377166748,12.95524024963379,25.34958648681641,42.15872192382812,55.90341949462891,69.13560485839844,82.22235870361328,98.07523345947266,110.4894638061523,C4,C4: limit warming to 2°C (>50%)
POLES ENGAGE,EN_NPi2020_1200,1.228013277053833,5.445396900177002,16.0074634552002,30.22039794921875,47.76536560058594,63.13968276977539,79.39141845703125,99.63610076904295,118.4766082763672,131.2351684570312,C4,C4: limit warming to 2°C (>50%)
POLES ENGAGE,EN_NPi2020_1200f,1.228013277053833,5.445396900177002,14.67905330657959,27.73143768310547,46.01406860351562,62.6848030090332,78.95977020263672,95.94940185546876,110.9126281738281,120.876091003418,C4,C4: limit warming to 2°C (>50%)
POLES ENGAGE,EN_NPi2020_1400,1.228013277053833,5.445396900177002,14.39474487304688,26.8820686340332,44.32980728149414,61.05472183227539,78.12447357177734,98.4894561767578,117.7886428833008,132.22509765625,C5,C5: limit warming to 2.5°C (>50%)
POLES ENGAGE,EN_NPi2020_1400f,1.228013277053833,5.445396900177002,14.34254741668701,26.60139846801757,43.66512298583984,60.64585113525391,77.63892364501953,98.0479736328125,118.2005233764648,132.3612823486328,C5,C5: limit warming to 2.5°C (>50%)
POLES ENGAGE,EN_NPi2020_1600,1.228013277053833,5.445396900177002,14.39474487304688,25.82938766479492,41.71867752075195,58.68274307250977,75.35772705078125,95.01813507080078,114.6386337280273,131.0554351806641,C5,C5: limit warming to 2.5°C (>50%)
POLES ENGAGE,EN_NPi2020_1600f,1.228013277053833,5.445396900177002,14.39474487304688,25.82938766479492,41.71867370605469,58.6827278137207,75.35770416259766,95.0178451538086,114.6787261962891,131.7740173339844,C5,C5: limit warming to 2.5°C (>50%)
POLES ENGAGE,EN_NPi2020_1800,1.228013277053833,5.445396900177002,14.39474487304688,25.21416664123535,40.40356063842773,57.17333984375,73.53303527832031,92.81597137451172,112.6147003173828,129.4905548095703,C5,C5: limit warming to 2.5°C (>50%)
POLES ENGAGE,EN_NPi2020_1800f,1.228013277053833,5.445396900177002,14.39474487304688,25.21416664123535,40.40356063842773,57.17333984375,73.53303527832031,92.81597137451172,112.6147003173828,129.4905548095703,C5,C5: limit warming to 2.5°C (>50%)
POLES ENGAGE,EN_NPi2020_2000,1.228013277053833,5.445396900177002,14.39474487304688,24.87033843994141,39.35337066650391,55.31492233276367,71.7528076171875,89.08280944824219,107.5398635864258,126.9226303100586,C5,C5: limit warming to 2.5°C (>50%)
POLES ENGAGE,EN_NPi2020_2000f,1.228013277053833,5.445396900177002,14.39474487304688,24.87033843994141,39.35337066650391,55.31492233276367,71.7528076171875,89.08280944824219,107.5398635864258,126.9226303100586,C5,C5: limit warming to 2.5°C (>50%)
POLES ENGAGE,EN_NPi2020_2500,1.228013277053833,5.445396900177002,13.23116302490234,23.16372680664062,36.03403854370117,49.08768844604492,65.25975036621094,82.62592315673828,98.67173767089844,110.8378372192383,C6,C6: limit warming to 3°C (>50%)
POLES ENGAGE,EN_NPi2020_2500f,1.228013277053833,5.445396900177002,13.23116302490234,23.16372680664062,36.03403854370117,49.08768844604492,65.25975036621094,82.62592315673828,98.67173767089844,110.8378372192383,C6,C6: limit warming to 3°C (>50%)
POLES ENGAGE,EN_NPi2020_3000,1.228013277053833,5.445396900177002,14.39474487304688,24.44304466247558,36.27295684814453,45.1904296875,54.64226150512695,68.50373077392578,76.79092407226562,84.12191772460938,C6,C6: limit warming to 3°C (>50%)
POLES ENGAGE,EN_NPi2020_3000f,1.228013277053833,5.445396900177002,14.39474487304688,24.44304466247558,36.27295684814453,45.1904296875,54.64226150512695,68.50373077392578,76.79092407226562,84.12191772460938,C6,C6: limit warming to 3°C (>50%)
POLES ENGAGE,EN_NPi2020_300f,1.228013277053833,5.445396900177002,18.79174613952637,33.25801086425781,50.3972282409668,70.31648254394531,93.29701232910156,112.4949645996094,129.5484771728516,140.8398590087891,C2,C2: return warming to 1.5°C (>50%) after a high overshoot
POLES ENGAGE,EN_NPi2020_400f,1.228013277053833,5.445396900177002,18.61930084228516,33.31919479370117,50.5789909362793,69.02233123779297,89.17131042480469,105.8605422973633,120.2304763793945,131.7264556884766,C2,C2: return warming to 1.5°C (>50%) after a high overshoot
POLES ENGAGE,EN_NPi2020_500,1.228013277053833,5.445396900177002,18.20966148376465,32.23269271850586,48.52611541748047,73.62432861328125,107.0693511962891,126.7696685791016,142.4636383056641,144.3741302490234,C3,C3: limit warming to 2°C (>67%)
POLES ENGAGE,EN_NPi2020_500f,1.228013277053833,5.445396900177002,18.1137924194336,33.20224380493164,50.56108474731445,68.21986389160156,85.91426086425781,100.131706237793,113.8879470825195,125.8476257324219,C3,C3: limit warming to 2°C (>67%)
POLES ENGAGE,EN_NPi2020_600,1.228013277053833,5.445396900177002,18.66725540161133,31.8847885131836,47.99678039550781,71.53134155273438,93.34758758544922,105.3846817016602,116.3824234008789,125.9194030761719,C3,C3: limit warming to 2°C (>67%)
POLES ENGAGE,EN_NPi2020_600f,1.228013277053833,5.445396900177002,17.24656295776367,32.4541015625,50.10906600952149,67.3985595703125,85.12336730957031,99.88069152832033,113.1228485107422,124.6632690429688,C3,C3: limit warming to 2°C (>67%)
POLES ENGAGE,EN_NPi2020_600f_COV,1.228013277053833,5.395362377166748,15.63515663146973,29.43452072143555,46.34129333496094,61.67061233520508,77.65694427490234,88.57986450195312,97.04500579833984,107.9259414672852,C3,C3: limit warming to 2°C (>67%)
POLES ENGAGE,EN_NPi2020_700,1.228013277053833,5.445396900177002,19.02059936523437,33.24725723266602,50.24051666259766,69.74208068847656,89.44866180419922,104.0972213745117,114.302131652832,124.6387252807617,C3,C3: limit warming to 2°C (>67%)
POLES ENGAGE,EN_NPi2020_700f,1.228013277053833,5.445396900177002,16.65981483459473,31.91611099243164,49.86122131347656,66.55541229248047,84.29947662353516,101.0244369506836,109.2405014038086,118.8026275634766,C3,C3: limit warming to 2°C (>67%)
POLES ENGAGE,EN_NPi2020_800,1.228013277053833,5.445396900177002,18.2794303894043,33.35972213745117,50.20790100097656,67.35004425048828,85.15461730957031,100.2372436523438,113.042610168457,124.7565841674805,C3,C3: limit warming to 2°C (>67%)
POLES ENGAGE,EN_NPi2020_800f,1.228013277053833,5.445396900177002,16.40940284729004,31.80908203125,50.58369064331055,66.79866790771484,83.37731170654297,100.0725708007812,110.7902221679688,117.217414855957,C4,C4: limit warming to 2°C (>50%)
POLES ENGAGE,EN_NPi2020_900,1.228013277053833,5.445396900177002,17.25429153442383,32.46286773681641,49.67543029785156,64.96382141113281,80.34222412109375,97.55119323730467,111.2327651977539,124.205451965332,C3,C3: limit warming to 2°C (>67%)
POLES ENGAGE,EN_NPi2020_900f,1.228013277053833,5.445396900177002,15.79243659973144,30.55758666992188,49.63754653930664,65.7934341430664,81.8414306640625,99.49783325195312,112.712760925293,122.042594909668,C4,C4: limit warming to 2°C (>50%)
POLES ENGAGE,EN_NPi2100,1.228013277053833,5.179795742034912,12.20240783691406,21.4342098236084,33.68716049194336,46.44900894165039,57.16521835327149,67.71246337890625,80.91822814941406,94.49551391601562,C7,C7: limit warming to 4°C (>50%)
POLES ENGAGE,EN_NPi2100_COV,1.228013277053833,5.162379741668701,10.84954738616943,19.52762222290039,30.90846061706543,41.48994827270508,50.59130859375,59.2402229309082,71.7205810546875,87.11060333251953,C7,C7: limit warming to 4°C (>50%)
POLES GECO2019,CO_2Deg2020,1.228013277053833,5.407261371612549,16.3555850982666,31.07281875610352,49.93243408203125,65.74042510986328,82.70573425292969,99.61255645751952,110.5561447143555,115.9392623901367,C3,C3: limit warming to 2°C (>67%)
POLES GECO2019,CO_2Deg2030,1.228013277053833,5.426246166229248,14.13361549377441,29.11675071716309,46.24050140380859,64.264892578125,86.2216567993164,107.1773071289062,129.7591247558594,146.6875,C3,C3: limit warming to 2°C (>67%)
POLES GECO2019,CO_BAU,1.228013277053833,5.174356460571289,11.78242301940918,20.72573471069336,32.82784271240234,45.4036750793457,55.79817962646485,66.1313705444336,77.98978424072266,90.02803039550781,C7,C7: limit warming to 4°C (>50%)
POLES GECO2019,CO_Bridge,1.228013277053833,5.444624900817871,17.87355613708496,35.48039245605469,61.20652770996094,127.2670364379883,187.7406616210937,190.302734375,208.6220703125,214.0408020019531,C2,C2: return warming to 1.5°C (>50%) after a high overshoot
POLES GECO2019,CO_Bridge_notax,1.228013277053833,5.444624900817871,14.69585037231445,33.86284637451172,52.40282440185547,72.47298431396484,99.06594848632812,121.5251541137695,139.6472320556641,152.0591278076172,C4,C4: limit warming to 2°C (>50%)
POLES GECO2019,CO_CurPol,1.228013277053833,5.404326915740967,12.67044734954834,21.09241485595703,32.14892196655273,45.14213562011719,55.79278564453125,66.52075958251953,79.15406036376953,92.19133758544922,C7,C7: limit warming to 4°C (>50%)
POLES GECO2019,CO_GPP,1.228013277053833,5.444624900817871,17.87355613708496,34.57336044311523,53.11007308959961,64.5955581665039,79.05553436279297,96.05831909179688,113.3245697021484,129.8021087646484,C5,C5: limit warming to 2.5°C (>50%)
POLES GECO2019,CO_GPP_notax,1.228013277053833,5.444716930389404,14.65337181091309,29.75344276428223,45.14845275878906,58.61878204345703,72.82032775878906,89.00102233886719,105.0014419555664,115.3340530395508,C7,C7: limit warming to 4°C (>50%)
POLES GECO2019,CO_NDC_2050convergence,1.228013277053833,5.431588172912598,14.17190265655518,24.88565826416016,38.52269744873047,52.72207641601562,67.63209533691406,88.32129669189453,111.1337814331055,124.7348251342773,C6,C6: limit warming to 3°C (>50%)
POLES GECO2019,CO_NDCplus,1.228013277053833,5.431588172912598,14.17190265655518,23.88364028930664,35.90409851074219,48.37600708007812,60.89706039428711,77.12108612060547,96.987060546875,111.6791076660156,C7,C7: limit warming to 4°C (>50%)
PROMETHEUS 1.0,CO_2Deg2020,1.228247543969856,5.475881743253375,15.46761075672115,26.92957051440998,27.04674545966031,68.79563632970779,85.36490706338382,99.43827606890395,113.41595386425766,126.3087102973665,no-climate-assessment,no-climate-assessment
PROMETHEUS 1.0,CO_2Deg2030,1.228247543969856,5.780948655944133,12.15489004293083,24.11054342498869,27.04674545966031,68.79563632970779,85.36490706338382,99.43827606890395,113.41595386425766,126.3087102973665,no-climate-assessment,no-climate-assessment
PROMETHEUS 1.0,CO_BAU,1.228247543969856,4.532667742534422,7.670640097080603,12.54138277574824,16.74573759160249,68.79563632970779,85.36490706338382,99.43827606890395,113.41595386425766,126.3087102973665,no-climate-assessment,no-climate-assessment
PROMETHEUS 1.0,CO_Bridge,1.228247543969856,5.410852100578778,14.27807572135968,27.28198467583458,27.99573487013724,68.79563632970779,85.36490706338382,99.43827606890395,113.41595386425766,126.3087102973665,no-climate-assessment,no-climate-assessment
PROMETHEUS 1.0,CO_CurPol,1.228247543969856,5.351854603279252,9.90580219445116,14.40507393344926,18.28960137943072,68.79563632970779,85.36490706338382,99.43827606890395,113.41595386425766,126.3087102973665,no-climate-assessment,no-climate-assessment
PROMETHEUS 1.0,CO_GPP,1.228247543969856,5.410850775326796,14.23769016698838,22.73964293277426,28.56356894748308,68.79563632970779,85.36490706338382,99.43827606890395,113.41595386425766,126.3087102973665,no-climate-assessment,no-climate-assessment
PROMETHEUS 1.0,CO_NDCplus,1.228247543969856,5.780948655944133,12.15489004293083,17.25136449491364,20.58317428622556,68.79563632970779,85.36490706338382,99.43827606890395,113.41595386425766,126.3087102973665,no-climate-assessment,no-climate-assessment
REMIND 1.6,EMF30_BCOC-EndU,2.0863883,6.731762700000001,10.8165059,16.76720199999999,28.4808247,44.3013837,61.9319599,76.9238697,86.96342159999998,93.3028824,C7,C7: limit warming to 4°C (>50%)
REMIND 1.6,EMF30_Baseline,2.0863883,6.9488133,11.532129,18.1326529,30.0452236,45.3618767,62.1447917,76.9061122,88.03750140000002,96.8234845,C7,C7: limit warming to 4°C (>50%)
REMIND 1.6,EMF30_CH4-Only,2.0863883,7.2238633,13.1070392,21.9668761,35.9867523,51.9800954,67.5566387,79.2296443,86.6995457,92.713908,C7,C7: limit warming to 4°C (>50%)
REMIND 1.6,EMF30_ClimPolicy,2.0863883,8.2995274,20.84054110000001,35.64283560000001,44.1828062,49.69703010000001,62.8625338,81.6565658,100.3046742,111.1691969,failed-vetting,failed-vetting
REMIND 1.6,EMF30_ClimPolicy+SLCF,2.0863883,8.356282499999999,21.9407996,41.0932598,57.86062809999999,71.6250173,87.6139934,105.8433527,121.8410598,128.4253129,failed-vetting,failed-vetting
REMIND 1.6,EMF30_D_BCOC-Red,2.0863883,6.9488133,11.532129,18.1326529,30.0452236,45.3618767,62.1447917,76.9061122,88.03750140000002,96.8234845,C7,C7: limit warming to 4°C (>50%)
REMIND 1.6,EMF30_D_CH4-ClimPolicy,2.0863883,7.157878,12.5980526,20.9350578,34.9521583,51.58162539999999,67.9034301,79.1435056,85.8187192,94.4380145,C7,C7: limit warming to 4°C (>50%)
REMIND 1.6,EMF30_D_CO2-Only,2.0863883,8.2689227,21.042461,38.1204951,50.087641,56.4058949,65.8917594,81.4229512,99.69301,111.9501701,failed-vetting,failed-vetting
REMIND 1.6,EMF30_D_Frozen-CH4,2.0863883,6.7561873,10.8996761,16.9562484,28.749727,44.55954149999999,62.1123918,77.059882,87.13571540000002,93.5893621,C8,C8: exceed warming of 4°C (>=50%)
REMIND 1.6,EMF30_D_Frozen-EF,2.0863883,6.947081699999999,11.4450092,17.9897448,30.0323166,45.6594617,62.6813933,77.1253418,86.9413012,93.5272955,C8,C8: exceed warming of 4°C (>=50%)
REMIND 1.6,EMF30_D_Frozen-EF-EndU,2.0863883,6.9476497,11.5351609,18.1518716,30.0875835,45.411471,62.16479399999999,76.6478056,86.8046879,93.4314187,C7,C7: limit warming to 4°C (>50%)
REMIND 1.6,EMF30_D_Frozen-EF-SLCF,2.0863883,6.9549784,11.5614744,18.1992432,30.1433523,45.46512910000001,62.22480359999999,76.7371557,86.9124258,93.5423038,C8,C8: exceed warming of 4°C (>=50%)
REMIND 1.6,EMF30_SLCF,2.0863883,6.9336213,11.5967171,18.1610528,29.8340427,45.0086864,61.9946417,76.705277,86.90576479999999,94.007394,C7,C7: limit warming to 4°C (>50%)
REMIND 1.6,EMF30_Slower-Action,2.0863883,7.289055999999999,15.924164,29.5606134,44.5388287,54.9658642,61.6131778,67.0495076,73.37292109999999,81.1699695,C7,C7: limit warming to 4°C (>50%)
REMIND 1.6,EMF30_Slower-Action+SLCF,2.0863883,7.358144900000001,16.4362681,30.9085354,47.4349315,61.89687779999999,74.49390340000002,84.38691949999998,92.6164817,101.2542551,C6,C6: limit warming to 3°C (>50%)
REMIND 1.6,EMF30_Slower-to-faster,2.0863883,7.289055999999999,15.924164,33.6547078,56.5319265,74.3088976,88.3535608,103.6675747,117.7359465,123.5965418,C3,C3: limit warming to 2°C (>67%)
REMIND 1.6,EMF30_Slower-to-faster+SLCF,2.0863883,7.358144900000001,16.4362681,34.6738343,57.04397460000001,73.5723106,85.9606722,99.5162102,112.7206769,119.2149971,C3,C3: limit warming to 2°C (>67%)
REMIND 1.6,EMF30_Slower-to-faster+SLCF+HFC,2.0863883,7.358144900000001,16.4362681,34.7162941,56.932376,72.608777,83.6628892,96.4608936,110.1981458,117.9735474,C3,C3: limit warming to 2°C (>67%)
REMIND 1.7,ADVANCE_2020_1.5C-2100,2.0864,7.5619,21.2384,44.5579,65.5004,82.0038,99.703,116.5222,125.2421,125.3566,C1,C1: limit warming to 1.5°C (>50%) with no or limited overshoot
REMIND 1.7,ADVANCE_2020_Med2C,2.0864,7.5619,18.0227,36.3136,55.4295,69.4321,80.4185,90.4264,99.7385,107.0545,C3,C3: limit warming to 2°C (>67%)
REMIND 1.7,ADVANCE_2020_WB2C,2.0864,7.5619,19.3739,38.8386,55.1896,64.9708,75.3072,88.1926,100.736,109.2642,C2,C2: return warming to 1.5°C (>50%) after a high overshoot
REMIND 1.7,ADVANCE_2030_1.5C-2100,2.0864,7.5619,16.3769,36.5089,62.8922,83.2467,99.1952,113.7671,121.6473,122.1482,C2,C2: return warming to 1.5°C (>50%) after a high overshoot
REMIND 1.7,ADVANCE_2030_Med2C,2.0864,7.5619,16.3769,32.5378,53.3399,68.7728,78.6451,87.6373,98.1172,106.6662,C4,C4: limit warming to 2°C (>50%)
REMIND 1.7,ADVANCE_2030_Price1.5C,2.0864,7.5619,16.3769,36.0304,62.3575,82.6573,97.6012,110.6541,117.9962,118.6344,C2,C2: return warming to 1.5°C (>50%) after a high overshoot
REMIND 1.7,ADVANCE_2030_WB2C,2.0864,7.5619,16.3769,34.75,58.9599,76.6054,88.3364,99.2774,108.3467,112.8787,C2,C2: return warming to 1.5°C (>50%) after a high overshoot
REMIND 1.7,ADVANCE_INDC,2.0864,7.5619,16.3769,29.5265,45.42,60.3778,73.8284,84.5725,93.4456,101.6456,C6,C6: limit warming to 3°C (>50%)
REMIND 1.7,ADVANCE_NoPolicy,2.0864,7.0439,12.0155,19.5315,32.4353,47.889,63.9166,77.595,88.1518,97.2642,C7,C7: limit warming to 4°C (>50%)
REMIND 1.7,ADVANCE_Reference,2.0864,7.5619,13.7575,21.1111,32.9834,48.2849,64.319,77.9487,88.5023,97.3059,C7,C7: limit warming to 4°C (>50%)
REMIND 1.7,CEMICS-1.5-CDR12,2.0864,7.5156,23.7565,51.2687,71.4147,82.0947,96.952,116.2797,130.3909,139.0129,C1,C1: limit warming to 1.5°C (>50%) with no or limited overshoot
REMIND 1.7,CEMICS-1.5-CDR20,2.0864,7.5156,21.5435,46.2489,66.9158,79.1375,93.774,115.8967,138.8139,157.1347,C1,C1: limit warming to 1.5°C (>50%) with no or limited overshoot
REMIND 1.7,CEMICS-1.5-CDR8,2.0864,7.5156,26.0064,57.6929,79.1188,89.0451,103.5356,122.517,134.5722,141.2756,C1,C1: limit warming to 1.5°C (>50%) with no or limited overshoot
REMIND 1.7,CEMICS-2.0-CDR12,2.0864,7.5156,19.679,41.055,60.7729,73.5341,86.22,101.766,117.1038,128.1608,C2,C2: return warming to 1.5°C (>50%) after a high overshoot
REMIND 1.7,CEMICS-2.0-CDR20,2.0864,7.5156,18.9509,39.3106,58.9632,72.5295,86.0288,102.7143,121.4392,140.1885,C2,C2: return warming to 1.5°C (>50%) after a high overshoot
REMIND 1.7,CEMICS-2.0-CDR8,2.0864,7.5156,21.1227,44.5528,64.26899999999999,75.7006,87.6122,103.3998,118.5454,126.7626,C1,C1: limit warming to 1.5°C (>50%) with no or limited overshoot
REMIND 1.7,CEMICS-Ref,2.0864,7.0287,11.8045,19.1602,31.8302,46.7762,62.43,76.1118,86.0231,93.3966,C7,C7: limit warming to 4°C (>50%)
REMIND 2.1,CEMICS_GDPgrowth_1p5,1.6639,5.2153,26.8992,63.7427,98.0146,128.097,157.497,180.7724,207.1006,233.9085,C1,C1: limit warming to 1.5°C (>50%) with no or limited overshoot
REMIND 2.1,CEMICS_GDPgrowth_2C,1.6639,5.2153,19.0059,43.3244,74.3188,105.3233,135.6377,157.1162,170.7108,178.2435,C3,C3: limit warming to 2°C (>67%)
REMIND 2.1,CEMICS_HotellingConst_1p5,1.6639,5.2153,25.4851,62.825,103.1553,145.632,190.024,223.9719,251.7188,265.3,C1,C1: limit warming to 1.5°C (>50%) with no or limited overshoot
REMIND 2.1,CEMICS_HotellingConst_2C,1.6639,5.2153,17.2333,39.631,72.6267,107.1157,138.5715,160.4728,177.5099,190.7797,C3,C3: limit warming to 2°C (>67%)
REMIND 2.1,CEMICS_Linear_1p5,1.6639,5.2153,25.1092,59.1766,93.3714,129.0837,169.7167,204.4867,236.6042,261.0086,C1,C1: limit warming to 1.5°C (>50%) with no or limited overshoot
REMIND 2.1,CEMICS_Linear_2C,1.6639,5.2153,18.4637,43.2093,75.6031,106.323,135.1416,157.4516,175.4795,189.1928,C3,C3: limit warming to 2°C (>67%)
REMIND 2.1,CEMICS_NPI,1.6639,5.2153,12.8357,18.0157,28.2446,47.0883,72.1782,98.1633,126.8894,150.3632,C7,C7: limit warming to 4°C (>50%)
REMIND 2.1,CEMICS_opt_1p5,1.6639,5.2153,25.625,54.7077,77.5117,97.8433,117.7753,139.1162,161.2775,178.3784,C1,C1: limit warming to 1.5°C (>50%) with no or limited overshoot
REMIND 2.1,CEMICS_opt_2C,1.6639,5.2153,18.3653,45.7704,82.9801,117.1977,143.0749,158.9434,172.5943,183.734,C3,C3: limit warming to 2°C (>67%)
REMIND 2.1,LeastTotalCost_Base_brkLR15_SSP1_P50,1.6401,4.4405,8.9761,11.4649,16.9381,25.289,34.0483,39.2744,43.0809,45.8354,C6,C6: limit warming to 3°C (>50%)
REMIND 2.1,LeastTotalCost_Base_brkLR15_SSP2_P50,1.6589,4.1265,9.1321,13.7483,23.9162,40.0401,60.9166,80.7972,99.1652,109.6774,C7,C7: limit warming to 4°C (>50%)
REMIND 2.1,LeastTotalCost_Base_brkLR15_SSP5_P50,1.5916,3.4939,6.5456,7.5141,12.4473,24.2342,41.7371,59.2443,77.267,88.6791,C8,C8: exceed warming of 4°C (>=50%)
REMIND 2.1,LeastTotalCost_Base_brkSR15_SSP1_P50,1.6449,4.3472,8.7994,11.1553,16.8136,25.6792,35.4268,41.8221,46.3168,48.6165,C6,C6: limit warming to 3°C (>50%)
REMIND 2.1,LeastTotalCost_Base_brkSR15_SSP2_P50,1.6607,4.0887,8.7505,12.466,21.8239,38.0701,59.8493,81.285,101.721,114.7967,C7,C7: limit warming to 4°C (>50%)
REMIND 2.1,LeastTotalCost_Base_brkSR15_SSP5_P50,1.6814,3.4639,6.3557,7.3164,11.9948,22.9534,39.567,57.1856,76.0719,88.0364,C8,C8: exceed warming of 4°C (>=50%)
REMIND 2.1,LeastTotalCost_CBA_brkLR15_SSP2_P50,1.6695,5.2718,22.5711,49.7648,76.5975,99.8313,122.8847,141.6589,157.9653,173.2597,C3,C3: limit warming to 2°C (>67%)
REMIND 2.1,LeastTotalCost_CBA_brkSR15_SSP2_P50,1.6695,5.2718,18.7425,40.2556,67.1056,93.8996,120.8837,141.4203,156.191,166.6053,C3,C3: limit warming to 2°C (>67%)
REMIND 2.1,LeastTotalCost_CEA_brkLR15_SSP2_P50,1.6695,5.2718,18.5317,40.7057,70.3041,100.0209,126.6579,144.2878,155.1309,162.7267,C3,C3: limit warming to 2°C (>67%)
REMIND 2.1,LeastTotalCost_CEA_brkSR15_SSP2_P50,1.6695,5.2718,18.5229,40.8921,71.3877,102.8368,132.0319,151.5464,162.4851,168.5374,C3,C3: limit warming to 2°C (>67%)
REMIND 2.1,LeastTotalCost_LTC_brkLR15_SSP1_P50,1.6695,5.2718,19.7024,40.3646,60.9473,76.6146,87.4623,90.3226,90.653,90.8437,C1,C1: limit warming to 1.5°C (>50%) with no or limited overshoot
REMIND 2.1,LeastTotalCost_LTC_brkLR15_SSP2_P50,1.6695,5.2718,22.5602,49.7306,76.5603,99.9122,123.2512,142.3763,158.7168,173.7361,C3,C3: limit warming to 2°C (>67%)
REMIND 2.1,LeastTotalCost_LTC_brkLR15_SSP5_P50,1.6695,5.2718,22.1412,53.5469,89.1909,120.9433,149.6176,173.2984,199.777,227.4742,C3,C3: limit warming to 2°C (>67%)
REMIND 2.1,LeastTotalCost_LTC_brkSR15_SSP1_P50,1.6695,5.2718,17.2912,35.1555,56.0015,72.9475,83.7709,85.9,84.521,82.5801,C2,C2: return warming to 1.5°C (>50%) after a high overshoot
REMIND 2.1,LeastTotalCost_LTC_brkSR15_SSP2_P50,1.6695,5.2718,19.4595,42.8581,71.6138,99.687,127.7651,148.9668,162.0196,169.7659,C3,C3: limit warming to 2°C (>67%)
REMIND 2.1,LeastTotalCost_LTC_brkSR15_SSP5_P50,1.6695,5.2718,21.2366,51.9959,90.9193,127.1442,157.0192,176.2119,193.4052,206.6731,C3,C3: limit warming to 2°C (>67%)
REMIND 2.1,LeastTotalCost_NDC_brkLR15_SSP2_P50,1.6589,5.301,16.8479,32.0173,53.2694,77.7056,103.7265,122.4389,133.7942,139.9611,C5,C5: limit warming to 2.5°C (>50%)
REMIND 2.1,LeastTotalCost_NDC_brkSR15_SSP2_P50,1.6607,5.277,16.7206,31.6597,53.0037,77.9897,106.1237,128.5833,143.8168,150.7516,C5,C5: limit warming to 2.5°C (>50%)
REMIND 2.1,LeastTotalCost_NPi_brkLR15_SSP1_P50,1.6589,5.301,13.3391,18.1076,24.3675,33.3342,42.4259,48.6477,53.923,56.4972,C5,C5: limit warming to 2.5°C (>50%)
REMIND 2.1,LeastTotalCost_NPi_brkLR15_SSP2_P50,1.6589,5.301,14.078,20.9011,30.9317,46.8285,67.5574,86.8615,105.2239,116.6946,C7,C7: limit warming to 4°C (>50%)
REMIND 2.1,LeastTotalCost_NPi_brkLR15_SSP5_P50,1.6589,5.301,12.3789,16.1823,22.9083,36.0409,53.4587,71.1696,91.5263,105.3839,C8,C8: exceed warming of 4°C (>=50%)
REMIND 2.1,LeastTotalCost_NPi_brkSR15_SSP1_P50,1.6607,5.277,13.2159,17.9524,24.4319,34.102,44.506,51.9322,57.5607,59.5886,C5,C5: limit warming to 2.5°C (>50%)
REMIND 2.1,LeastTotalCost_NPi_brkSR15_SSP2_P50,1.6607,5.277,13.8835,20.2876,30.2296,46.5714,67.8319,88.1229,108.4355,122.5248,C7,C7: limit warming to 4°C (>50%)
REMIND 2.1,LeastTotalCost_NPi_brkSR15_SSP5_P50,1.6607,5.277,12.291,15.984,22.6751,35.534,53.887,73.2951,94.906,108.8739,C8,C8: exceed warming of 4°C (>=50%)
REMIND 2.1,R2p1_SSP1-Base,1.9489,5.224,10.5401,19.8419,37.388,57.1673,73.8425,81.8988,83.7413,83.2562,C6,C6: limit warming to 3°C (>50%)
REMIND 2.1,R2p1_SSP1-NDC,1.9571,5.6269,16.9967,39.7302,71.1013,95.3854,111.0913,114.4768,113.0734,111.0336,C5,C5: limit warming to 2.5°C (>50%)
REMIND 2.1,R2p1_SSP1-NPi,1.9571,5.6269,13.8261,25.3749,43.7478,63.9618,81.1244,88.9971,90.4857,89.9017,C5,C5: limit warming to 2.5°C (>50%)
REMIND 2.1,R2p1_SSP1-PkBudg1100,1.9571,5.6269,21.9148,57.4955,96.757,121.742,133.5798,132.8982,129.5575,127.0608,C2,C2: return warming to 1.5°C (>50%) after a high overshoot
REMIND 2.1,R2p1_SSP1-PkBudg1300,1.9571,5.6269,19.3754,49.6211,87.3712,113.1379,126.3593,126.3955,123.9518,123.1172,C2,C2: return warming to 1.5°C (>50%) after a high overshoot
REMIND 2.1,R2p1_SSP1-PkBudg900,1.9571,5.6269,26.0009,68.9502,110.1931,132.0723,139.9299,138.0086,134.3222,133.8496,C1,C1: limit warming to 1.5°C (>50%) with no or limited overshoot
REMIND 2.1,R2p1_SSP2-Base,1.9571,5.1541,10.2207,20.3184,42.444,73.2488,107.1327,136.3066,158.9402,174.505,C7,C7: limit warming to 4°C (>50%)
REMIND 2.1,R2p1_SSP2-NDC,1.9571,5.6269,19.0702,46.9326,86.9885,125.1189,156.3645,176.0561,192.4901,205.6271,C5,C5: limit warming to 2.5°C (>50%)
REMIND 2.1,R2p1_SSP2-NPi,1.9571,5.6269,14.4695,27.7982,50.8373,80.8421,113.6295,141.207,163.3201,180.6089,C7,C7: limit warming to 4°C (>50%)
REMIND 2.1,R2p1_SSP2-PkBudg1100,1.9571,5.6269,23.5785,64.2111,112.68,151.5166,180.7734,198.9981,215.7957,230.2668,C3,C3: limit warming to 2°C (>67%)
REMIND 2.1,R2p1_SSP2-PkBudg1300,1.9571,5.6269,21.5908,58.7199,106.5812,146.1145,175.8502,194.613,210.8469,225.415,C3,C3: limit warming to 2°C (>67%)
REMIND 2.1,R2p1_SSP2-PkBudg900,1.9571,5.6269,27.5523,74.49,122.9396,158.5254,185.4045,205.2132,227.1929,250.3326,C1,C1: limit warming to 1.5°C (>50%) with no or limited overshoot
REMIND 2.1,R2p1_SSP5-Base,2.0491,4.8861,7.1524,10.8215,23.5196,45.5286,75.926,108.0742,141.6069,169.8516,C8,C8: exceed warming of 4°C (>=50%)
REMIND 2.1,R2p1_SSP5-NDC,1.9571,5.6269,17.5697,39.0415,73.6728,115.9017,162.1915,196.8763,220.6092,238.0266,C7,C7: limit warming to 4°C (>50%)
REMIND 2.1,R2p1_SSP5-NPi,1.9571,5.6269,12.9063,21.2482,36.301,59.1387,90.8917,123.6691,157.4212,183.499,C8,C8: exceed warming of 4°C (>=50%)
REMIND 2.1,R2p1_SSP5-PkBudg1100,1.9571,5.6269,25.7775,75.0446,134.38,182.3985,220.1492,244.3828,258.7074,268.9525,C2,C2: return warming to 1.5°C (>50%) after a high overshoot
REMIND 2.1,R2p1_SSP5-PkBudg1300,1.9571,5.6269,23.5032,68.5391,127.316,178.4164,218.327,243.0784,257.4045,266.4336,C3,C3: limit warming to 2°C (>67%)
REMIND 2.1,R2p1_SSP5-PkBudg900,1.9571,5.6269,29.8226,83.5159,140.483,186.9304,226.3404,252.661,271.6408,286.7052,C1,C1: limit warming to 1.5°C (>50%) with no or limited overshoot
REMIND 2.1,TechCost-SSP2-B1100-bioH,1.6141,5.4305,22.8975,54.3562,90.429,122.447,148.8356,164.94,177.311,187.9186,C3,C3: limit warming to 2°C (>67%)
REMIND 2.1,TechCost-SSP2-B1100-ccsH,1.6141,5.4699,23.3801,55.533,91.0207,120.6976,144.7262,160.2297,172.2454,181.2326,C3,C3: limit warming to 2°C (>67%)
REMIND 2.1,TechCost-SSP2-B1100-coalH,1.6141,5.361,23.6807,56.9199,93.9779,125.951,151.4342,166.3459,178.5952,190.0,C3,C3: limit warming to 2°C (>67%)
REMIND 2.1,TechCost-SSP2-B1100-elh2H,1.6141,5.4384,24.2131,59.5697,99.5293,132.3888,157.5073,171.5428,182.7599,193.022,C3,C3: limit warming to 2°C (>67%)
REMIND 2.1,TechCost-SSP2-B1100-gasH,1.6141,5.3776,23.1278,55.8609,92.7862,124.6696,150.2465,165.1944,177.0271,187.9538,C3,C3: limit warming to 2°C (>67%)
REMIND 2.1,TechCost-SSP2-B1100-nucH,1.6141,5.4024,21.8617,48.5613,77.2346,103.1386,130.0989,154.4962,175.5863,189.6958,C3,C3: limit warming to 2°C (>67%)
REMIND 2.1,TechCost-SSP2-B1100-oilH,1.6141,5.4653,24.0835,56.3385,91.2203,121.8372,147.3487,163.1617,176.3559,187.6489,C3,C3: limit warming to 2°C (>67%)
REMIND 2.1,TechCost-SSP2-B1100-spvH,1.6141,5.4552,21.6877,50.5556,81.9459,107.9285,128.8975,144.7261,158.1214,170.7073,C3,C3: limit warming to 2°C (>67%)
REMIND 2.1,TechCost-SSP2-B1100-windH,1.6141,6.3169,36.4804,89.6601,142.2516,181.8275,213.7213,239.3076,258.6049,270.5564,C3,C3: limit warming to 2°C (>67%)
REMIND-Buildings 2.0,BEG-Base,1.6681,4.3138,9.4846,13.2859,19.5084,30.6668,49.0275,71.9588,98.8377,118.0399,C7,C7: limit warming to 4°C (>50%)
REMIND-Buildings 2.0,BEG-Budg600,1.6681,4.3138,22.9921,61.9308,94.8709,115.7178,132.6767,150.3772,175.7373,200.8519,C2,C2: return warming to 1.5°C (>50%) after a high overshoot
REMIND-Buildings 2.0,BEG-Budg600-EG,1.6681,4.3138,20.4238,52.8892,81.729,102.7052,121.7924,139.9583,161.208,180.0205,C2,C2: return warming to 1.5°C (>50%) after a high overshoot
REMIND-Buildings 2.0,BEG-EG,1.6681,4.3138,8.5692,10.7374,14.6453,22.9056,37.9955,57.9851,82.6526,99.9118,C7,C7: limit warming to 4°C (>50%)
REMIND-H13 2.1,START_BAU,1.667,4.3314,8.7481,12.1794,21.3029,37.7889,61.0374,86.8903,115.4822,137.7951,failed-vetting,failed-vetting
REMIND-H13 2.1,START_Current_Policies,1.667,4.8814,12.4892,18.878,29.3959,46.1127,69.3022,94.2803,122.2261,144.2746,failed-vetting,failed-vetting
REMIND-H13 2.1,START_Net-zero,1.667,4.8814,18.0983,41.904,72.7208,103.3102,131.8707,153.03,168.7507,180.389,failed-vetting,failed-vetting
REMIND-H13 2.1,START_Net-zero_noLandUse_CDRlim,1.667,4.8814,20.1107,45.3751,75.6753,106.5921,136.5852,159.0523,176.674,188.7822,failed-vetting,failed-vetting
REMIND-H13 2.1,START_Net-zero_noNuc_lowVRE,1.667,4.8814,18.3442,42.1035,71.6504,101.6288,128.1604,146.2085,159.6686,169.8584,failed-vetting,failed-vetting
REMIND-MAgPIE 1.5,SSP1-19,1.743,8.161,20.83,36.8,48.98,55.92,60.04,60.24,55.31,51.31,C2,C2: return warming to 1.5°C (>50%) after a high overshoot
REMIND-MAgPIE 1.5,SSP1-26,1.743,8.161,17.33,28.46,39.45,47.37,51.8,53.53,53.67,52.38,C4,C4: limit warming to 2°C (>50%)
REMIND-MAgPIE 1.5,SSP1-34,1.743,8.161,15.56,22.74,32.06,42.23,49.61,53.47,55.46,54.8,C5,C5: limit warming to 2.5°C (>50%)
REMIND-MAgPIE 1.5,SSP1-45,1.743,8.161,14.73,19.87,26.3,34.89,42.6,47.68,50.66,49.85,C6,C6: limit warming to 3°C (>50%)
REMIND-MAgPIE 1.5,SSP1-Baseline,1.743,7.385,12.98,17.13,21.9,27.64,33.29,37.81,41.51,41.78,C7,C7: limit warming to 4°C (>50%)
REMIND-MAgPIE 1.5,SSP2-19,1.742,7.8,21.78,41.18,53.93,60.06,65.48,73.11,80.46,83.83,C1,C1: limit warming to 1.5°C (>50%) with no or limited overshoot
REMIND-MAgPIE 1.5,SSP2-26,1.742,7.8,17.63,29.52,40.21,49.4,58.77,68.93,76.97,75.9,C3,C3: limit warming to 2°C (>67%)
REMIND-MAgPIE 1.5,SSP2-34,1.742,7.8,16.15,24.94,33.96,42.51,51.76,63.22,78.25,87.25,C5,C5: limit warming to 2.5°C (>50%)
REMIND-MAgPIE 1.5,SSP2-45,1.742,7.8,14.49,19.67,26.01,34.73,45.36,56.7,69.32,76.66,C6,C6: limit warming to 3°C (>50%)
REMIND-MAgPIE 1.5,SSP2-60,1.742,7.8,13.7,17.53,21.86,29.26,38.82,49.03,59.5,65.04,C7,C7: limit warming to 4°C (>50%)
REMIND-MAgPIE 1.5,SSP2-Baseline,1.742,7.035,12.05,14.72,17.52,23.57,33.23,44.35,56.73,65.04,C7,C7: limit warming to 4°C (>50%)
REMIND-MAgPIE 1.5,SSP5-19,1.742,4.782,10.71,26.22,48.26,69.03,85.77,101.2,116.9,123.7,C2,C2: return warming to 1.5°C (>50%) after a high overshoot
REMIND-MAgPIE 1.5,SSP5-26,1.742,4.782,8.128,16.32,31.67,49.84,69.18,89.07,110.6,119.9,C4,C4: limit warming to 2°C (>50%)
REMIND-MAgPIE 1.5,SSP5-34,1.742,4.782,7.167999999999997,11.88,22.88,37.73,55.14,76.58,100.2,111.7,C5,C5: limit warming to 2.5°C (>50%)
REMIND-MAgPIE 1.5,SSP5-45,1.742,4.782,7.137,11.23,20.19,32.08,46.58,64.3,84.09,94.45,C6,C6: limit warming to 3°C (>50%)
REMIND-MAgPIE 1.5,SSP5-60,1.742,4.782,6.475,8.214,13.2,21.06,34.92,53.12,73.15,83.66,C7,C7: limit warming to 4°C (>50%)
REMIND-MAgPIE 1.5,SSP5-Baseline,1.742,4.513999999999999,5.212999999999999,5.035,8.523,15.09,23.49,34.15,48.87,62.23,C8,C8: exceed warming of 4°C (>=50%)
REMIND-MAgPIE 1.7-3.0,CD-LINKS_INDC2030i_1000,2.0864,7.4035,15.0293,32.6472,58.7252,78.7775,93.1453,106.4709,115.5257,116.2178,C2,C2: return warming to 1.5°C (>50%) after a high overshoot
REMIND-MAgPIE 1.7-3.0,CD-LINKS_INDC2030i_1600,2.0864,7.4035,15.0293,30.4346,53.0986,71.7505,86.6418,102.7164,119.9218,131.4104,C4,C4: limit warming to 2°C (>50%)
REMIND-MAgPIE 1.7-3.0,CD-LINKS_INDC2030i_400,2.0864,7.4035,15.0293,34.6632,62.4734,82.8504,97.5349,112.1827,120.8892,121.2308,C2,C2: return warming to 1.5°C (>50%) after a high overshoot
REMIND-MAgPIE 1.7-3.0,CD-LINKS_INDCi,2.0864,7.4035,15.0293,26.0089,40.8321,56.2004,70.5712,82.4746,92.5903,102.2303,C7,C7: limit warming to 4°C (>50%)
REMIND-MAgPIE 1.7-3.0,CD-LINKS_NDC2030i_1000,2.0864,7.4035,15.0293,32.6472,58.7252,78.7775,93.1453,106.4709,115.5257,116.2178,C3,C3: limit warming to 2°C (>67%)
REMIND-MAgPIE 1.7-3.0,CD-LINKS_NPi,2.0864,7.4035,13.489,21.0435,33.027,48.2864,64.5418,78.3208,88.5853,97.0314,C7,C7: limit warming to 4°C (>50%)
REMIND-MAgPIE 1.7-3.0,CD-LINKS_NPi2020_1000,2.0864,7.4035,18.9495,39.7544,60.0276,75.5811,92.6876,111.7107,127.0239,134.7379,C2,C2: return warming to 1.5°C (>50%) after a high overshoot
REMIND-MAgPIE 1.7-3.0,CD-LINKS_NPi2020_1600,2.0864,7.4035,17.5651,35.9119,55.4014,70.3097,83.853,97.4284,108.8107,114.2022,C4,C4: limit warming to 2°C (>50%)
REMIND-MAgPIE 1.7-3.0,CD-LINKS_NPi2020_400,2.0864,7.4035,20.2358,41.3413,56.3574,64.47800000000001,76.6168,93.4577,107.7009,114.1968,C1,C1: limit warming to 1.5°C (>50%) with no or limited overshoot
REMIND-MAgPIE 1.7-3.0,CD-LINKS_NoPolicy,2.0864,7.077999999999999,12.004,19.419,32.4057,47.962,63.8342,77.3211,87.9282,97.2581,C7,C7: limit warming to 4°C (>50%)
REMIND-MAgPIE 1.7-3.0,CO_2Deg2020,2.0864,7.7117,19.6071,39.6351,58.6756,72.6636,87.3083,102.9493,114.2243,116.8865,C2,C2: return warming to 1.5°C (>50%) after a high overshoot
REMIND-MAgPIE 1.7-3.0,CO_2Deg2030,2.0864,7.3639,14.6918,31.898,57.2351,76.5081,90.3466,104.0344,114.1124,115.2934,C2,C2: return warming to 1.5°C (>50%) after a high overshoot
REMIND-MAgPIE 1.7-3.0,CO_BAU,2.0864,7.0847,12.0123,19.415,32.0017,46.8434,62.3448,75.7663,85.5905,93.2504,C7,C7: limit warming to 4°C (>50%)
REMIND-MAgPIE 1.7-3.0,CO_Bridge,2.0864,7.6376,17.1947,35.7041,57.696,73.7067,87.1133,100.6329,109.3407,110.2842,C2,C2: return warming to 1.5°C (>50%) after a high overshoot
REMIND-MAgPIE 1.7-3.0,CO_CurPol,2.0864,7.3639,13.269,20.8992,32.9959,47.8775,63.3578,76.4423,85.7631,92.2833,C7,C7: limit warming to 4°C (>50%)
REMIND-MAgPIE 1.7-3.0,CO_GPP,2.0864,7.6376,17.1947,32.0766,48.7535,61.3474,71.7161,82.6791,93.6666,101.1674,C5,C5: limit warming to 2.5°C (>50%)
REMIND-MAgPIE 1.7-3.0,CO_NDCplus,2.0864,7.3639,14.6918,25.5619,40.4117,55.2993,68.6883,79.7767,88.41,94.9136,C7,C7: limit warming to 4°C (>50%)
REMIND-MAgPIE 1.7-3.0,EMF33_1.5C_cost100,2.0863,7.4082,15.4467,23.5575,27.5705,31.2738,42.34890000000001,58.2069,79.66059999999999,85.4871,C2,C2: return warming to 1.5°C (>50%) after a high overshoot
REMIND-MAgPIE 1.7-3.0,EMF33_1.5C_full,2.0863,7.4082,14.5627,21.479,22.9341,26.3433,35.6629,46.2062,73.84920000000001,90.3281,C2,C2: return warming to 1.5°C (>50%) after a high overshoot
REMIND-MAgPIE 1.7-3.0,EMF33_1.5C_nofuel,2.0863,7.4082,11.6226,18.7451,20.7074,23.5459,28.5192,53.1344,76.5267,82.5258,C1,C1: limit warming to 1.5°C (>50%) with no or limited overshoot
REMIND-MAgPIE 1.7-3.0,EMF33_Baseline,2.0863,6.894699999999999,10.9347,15.9676,26.93,43.4354,61.3733,78.7498,94.4707,105.9704,C8,C8: exceed warming of 4°C (>=50%)
REMIND-MAgPIE 1.7-3.0,EMF33_Med2C_cost100,2.0863,7.4082,14.9604,24.7421,36.7484,47.7101,59.63529999999999,77.11819999999999,91.6397,87.01350000000001,C4,C4: limit warming to 2°C (>50%)
REMIND-MAgPIE 1.7-3.0,EMF33_Med2C_full,2.0863,7.4082,13.6525,20.1074,23.8354,27.2352,38.7897,49.1427,46.56999999999999,44.469,C5,C5: limit warming to 2.5°C (>50%)
REMIND-MAgPIE 1.7-3.0,EMF33_Med2C_limbio,2.0863,7.4082,16.465,29.1322,41.28700000000001,52.3858,67.6113,81.76459999999999,87.6587,86.82239999999999,C3,C3: limit warming to 2°C (>67%)
REMIND-MAgPIE 1.7-3.0,EMF33_Med2C_nobeccs,2.0863,7.4082,17.2084,31.585,44.8065,56.55690000000001,71.30930000000001,86.1164,93.1381,93.441,C4,C4: limit warming to 2°C (>50%)
REMIND-MAgPIE 1.7-3.0,EMF33_Med2C_nofuel,2.0863,7.4082,13.7712,19.3355,23.8264,30.9603,37.22940000000001,42.3304,45.9739,52.57090000000001,C4,C4: limit warming to 2°C (>50%)
REMIND-MAgPIE 1.7-3.0,EMF33_Med2C_none,2.0863,7.4082,17.9428,33.7006,47.16820000000001,56.3403,67.5506,78.7377,81.41959999999999,78.2088,C4,C4: limit warming to 2°C (>50%)
REMIND-MAgPIE 1.7-3.0,EMF33_WB2C_cost100,2.0863,7.4082,17.9278,33.6723,46.66419999999999,54.81160000000001,64.6238,75.45649999999999,81.05109999999999,84.234,C3,C3: limit warming to 2°C (>67%)
REMIND-MAgPIE 1.7-3.0,EMF33_WB2C_full,2.0863,7.4082,16.5397,29.0274,40.0117,48.0558,55.89850000000001,66.83779999999999,77.9441,85.3707,C3,C3: limit warming to 2°C (>67%)
REMIND-MAgPIE 1.7-3.0,EMF33_WB2C_limbio,2.0863,7.4082,13.0979,23.7584,20.7942,22.1327,32.7084,56.6134,72.59320000000001,87.235,C3,C3: limit warming to 2°C (>67%)
REMIND-MAgPIE 1.7-3.0,EMF33_WB2C_nobeccs,2.0863,7.4082,17.1341,26.4376,23.5005,27.1845,37.2201,53.56050000000001,57.35279999999999,70.40409999999999,C3,C3: limit warming to 2°C (>67%)
REMIND-MAgPIE 1.7-3.0,EMF33_WB2C_nofuel,2.0863,7.4082,17.9754,33.5237,44.43940000000001,49.1837,56.4129,69.15870000000001,76.7464,78.1946,C3,C3: limit warming to 2°C (>67%)
REMIND-MAgPIE 1.7-3.0,EMF33_WB2C_none,2.0863,7.4082,22.6769,50.5382,77.0912,96.8401,112.1263,116.873,110.1776,106.258,C3,C3: limit warming to 2°C (>67%)
REMIND-MAgPIE 1.7-3.0,EMF33_tax_hi_full,2.0863,6.894699999999999,15.6881,34.1775,55.0476,71.7448,84.7674,94.7778,99.66960000000002,102.7593,C3,C3: limit warming to 2°C (>67%)
REMIND-MAgPIE 1.7-3.0,EMF33_tax_hi_none,2.0863,6.894699999999999,15.5164,32.3807,48.5035,58.8686,66.3788,70.85210000000001,75.25119999999998,93.3107,C4,C4: limit warming to 2°C (>50%)
REMIND-MAgPIE 1.7-3.0,EMF33_tax_lo_full,2.0863,6.894699999999999,12.3164,19.9437,26.8772,30.1751,32.7909,36.2503,39.3983,42.1525,C5,C5: limit warming to 2.5°C (>50%)
REMIND-MAgPIE 1.7-3.0,EMF33_tax_lo_none,2.0863,6.894699999999999,11.8868,17.9326,23.2274,27.3879,31.7956,34.258,30.8855,33.3047,C5,C5: limit warming to 2.5°C (>50%)
REMIND-MAgPIE 1.7-3.0,PEP_1p5C_full_NDC,2.0864,7.3639,14.6918,33.38800000000001,60.4124,80.7956,97.7753,115.3923,125.662,125.3753,C2,C2: return warming to 1.5°C (>50%) after a high overshoot
REMIND-MAgPIE 1.7-3.0,PEP_1p5C_full_eff,2.0864,7.7117,21.2219,43.4286,61.9188,73.6604,86.4086,101.3749,112.1106,115.9962,C1,C1: limit warming to 1.5°C (>50%) with no or limited overshoot
REMIND-MAgPIE 1.7-3.0,PEP_1p5C_full_goodpractice,2.0864,7.5903,16.4144,36.376,61.5374,80.0808,96.3305,113.29,121.5817,119.0458,C2,C2: return warming to 1.5°C (>50%) after a high overshoot
REMIND-MAgPIE 1.7-3.0,PEP_1p5C_full_netzero,2.0864,7.7117,17.507,37.9104,60.7926,77.3916,92.3698,108.1836,116.1656,113.947,C2,C2: return warming to 1.5°C (>50%) after a high overshoot
REMIND-MAgPIE 1.7-3.0,PEP_1p5C_red_eff,2.0864,7.7117,24.0446,51.5389,75.3997,92.3234,109.488,125.6007,134.7877,138.4437,C1,C1: limit warming to 1.5°C (>50%) with no or limited overshoot
REMIND-MAgPIE 1.7-3.0,PEP_2C_full_NDC,2.0864,7.3639,14.6918,31.898,57.2351,76.5081,90.3466,104.0344,114.1124,115.2934,C2,C2: return warming to 1.5°C (>50%) after a high overshoot
REMIND-MAgPIE 1.7-3.0,PEP_2C_full_eff,2.0864,7.7117,19.6071,39.6351,58.6756,72.6636,87.3083,102.9493,114.2243,116.8865,C2,C2: return warming to 1.5°C (>50%) after a high overshoot
REMIND-MAgPIE 1.7-3.0,PEP_2C_full_goodpractice,2.0864,7.5903,16.4144,34.2371,56.6003,72.8847,85.7903,99.0344,108.3007,109.8203,C2,C2: return warming to 1.5°C (>50%) after a high overshoot
REMIND-MAgPIE 1.7-3.0,PEP_2C_full_netzero,2.0864,7.7117,17.507,35.7687,56.0613,70.8118,84.1781,99.0989,109.7613,111.591,C2,C2: return warming to 1.5°C (>50%) after a high overshoot
REMIND-MAgPIE 1.7-3.0,PEP_2C_red_NDC,2.0864,7.3639,14.6918,34.7076,65.8259,90.2657,108.482,124.5546,132.9081,131.9477,C2,C2: return warming to 1.5°C (>50%) after a high overshoot
REMIND-MAgPIE 1.7-3.0,PEP_2C_red_eff,2.0864,7.7117,21.5616,44.7356,65.4667,81.5865,100.8779,120.2064,129.5139,128.5758,C1,C1: limit warming to 1.5°C (>50%) with no or limited overshoot
REMIND-MAgPIE 1.7-3.0,PEP_2C_red_goodpractice,2.0864,7.5903,16.4144,37.5695,66.4941,88.4441,105.5834,120.7264,125.9413,121.9001,C2,C2: return warming to 1.5°C (>50%) after a high overshoot
REMIND-MAgPIE 1.7-3.0,PEP_2C_red_netzero,2.0864,7.7117,17.507,39.1838,65.8952,86.0679,103.3767,118.9058,123.3154,118.0415,C2,C2: return warming to 1.5°C (>50%) after a high overshoot
REMIND-MAgPIE 1.7-3.0,PEP_NDC,2.0864,7.3639,14.6918,25.5619,40.4117,55.2993,68.6883,79.7767,88.41,94.9136,C7,C7: limit warming to 4°C (>50%)
REMIND-MAgPIE 1.7-3.0,PEP_NPi,2.0864,7.3639,13.269,20.8992,32.9959,47.8775,63.3578,76.4423,85.7631,92.2833,C7,C7: limit warming to 4°C (>50%)
REMIND-MAgPIE 1.7-3.0,PEP_NoPolicy,2.0864,7.0847,12.0123,19.415,32.0017,46.8434,62.3448,75.7663,85.5905,93.2504,C7,C7: limit warming to 4°C (>50%)
REMIND-MAgPIE 1.7-3.0,PEP_goodpractice,2.0864,7.5903,16.4144,29.6271,44.7171,57.4479,68.6052,78.6526,86.6102,92.093,C6,C6: limit warming to 3°C (>50%)
REMIND-MAgPIE 1.7-3.0,PEP_netzero,2.0864,7.7117,17.507,32.5014,48.0751,60.0489,70.6248,81.189,91.4641,99.2575,C5,C5: limit warming to 2.5°C (>50%)
REMIND-MAgPIE 1.7-3.0,SMP_1p5C_Def,2.0864,8.5562,24.5495,45.9201,63.8398,79.0372,96.9189,114.6886,126.1733,127.6938,failed-vetting,failed-vetting
REMIND-MAgPIE 1.7-3.0,SMP_1p5C_Sust,2.0864,8.8759,26.9936,49.6338,66.9008,78.5219,91.7663,102.7185,104.8946,101.051,failed-vetting,failed-vetting
REMIND-MAgPIE 1.7-3.0,SMP_1p5C_early,2.0864,9.0472,27.8125,49.355,65.0822,77.6218,94.0257,112.1502,128.1324,136.6202,failed-vetting,failed-vetting
REMIND-MAgPIE 1.7-3.0,SMP_1p5C_lifesty,2.0864,8.1949,21.6115,40.2396,55.6842,67.183,79.5822,92.332,103.4323,109.1805,failed-vetting,failed-vetting
REMIND-MAgPIE 1.7-3.0,SMP_1p5C_regul,2.0864,8.859,27.785,53.874,76.2957,94.584,113.9049,128.1756,130.0081,126.1289,failed-vetting,failed-vetting
REMIND-MAgPIE 1.7-3.0,SMP_2C_Def,2.0864,8.1542,21.1556,40.4673,58.0075,71.5971,85.1388,98.4481,108.575,112.7785,failed-vetting,failed-vetting
REMIND-MAgPIE 1.7-3.0,SMP_2C_Sust,2.0864,8.357000000000001,22.6387,42.4428,59.5775,71.1372,81.1032,90.7638,100.1615,107.1182,failed-vetting,failed-vetting
REMIND-MAgPIE 1.7-3.0,SMP_2C_early,2.0864,8.6843,24.7257,44.4685,59.6417,71.3904,86.34200000000001,102.6789,118.7064,130.0828,failed-vetting,failed-vetting
REMIND-MAgPIE 1.7-3.0,SMP_2C_lifesty,2.0864,7.9066,19.0335,35.768,51.3675,62.8424,73.8923,84.2092,93.7788,101.9518,C1,C1: limit warming to 1.5°C (>50%) with no or limited overshoot
REMIND-MAgPIE 1.7-3.0,SMP_2C_regul,2.0864,8.3608,23.3092,45.7463,66.7141,83.6937,101.9817,119.3869,127.3204,123.7551,failed-vetting,failed-vetting
REMIND-MAgPIE 1.7-3.0,SMP_REF_Def,2.0864,7.028,11.7993,19.15,31.8187,46.7696,62.4333,76.1165,86.0189,93.3918,C7,C7: limit warming to 4°C (>50%)
REMIND-MAgPIE 1.7-3.0,SMP_REF_Sust,2.0864,6.7036,10.4074,15.513,25.8866,39.8697,54.8419,66.9878,73.7714,77.6346,C7,C7: limit warming to 4°C (>50%)
REMIND-MAgPIE 2.0-4.1,Diff_1300Gt_hybrid_def,1.6873,6.2843,24.6057,54.4342,83.6203,105.7522,117.9184,120.3699,124.9787,133.7192,C3,C3: limit warming to 2°C (>67%)
REMIND-MAgPIE 2.0-4.1,Diff_1300Gt_no-transfer_def,1.6873,6.2843,27.583,56.2464,83.1581,106.3134,121.5536,124.7103,127.9697,135.5281,C3,C3: limit warming to 2°C (>67%)
REMIND-MAgPIE 2.0-4.1,Diff_1300Gt_uniform-pricing_def,1.6873,6.2843,23.6718,53.7307,84.5018,106.3941,116.2068,117.4777,122.639,130.7482,C3,C3: limit warming to 2°C (>67%)
REMIND-MAgPIE 2.0-4.1,Diff_No-policy_baseline,1.6873,4.4497,10.325,16.9121,28.3157,46.3933,67.1183,81.7468,93.0948,98.6078,C7,C7: limit warming to 4°C (>50%)
REMIND-MAgPIE 2.1-4.2,CEMICS_SSP1-1p5C-fullCDR,1.6428,5.2265,23.2142,55.3786,83.9579,100.4041,108.8502,109.1913,105.2428,102.0351,C1,C1: limit warming to 1.5°C (>50%) with no or limited overshoot
REMIND-MAgPIE 2.1-4.2,CEMICS_SSP1-1p5C-minCDR,1.6428,5.2265,26.8152,66.7099,101.2672,119.6389,128.5737,127.3031,118.5411,111.3253,C1,C1: limit warming to 1.5°C (>50%) with no or limited overshoot
REMIND-MAgPIE 2.1-4.2,CEMICS_SSP1-Npi,1.6428,5.2265,12.388,16.3328,22.6026,33.162,45.4406,55.6705,65.2308,71.0978,C6,C6: limit warming to 3°C (>50%)
REMIND-MAgPIE 2.1-4.2,CEMICS_SSP2-1p5C-fullCDR,1.6012,5.2472,24.8722,60.9366,95.1736,121.4336,144.4474,161.108,174.0514,184.9,C1,C1: limit warming to 1.5°C (>50%) with no or limited overshoot
REMIND-MAgPIE 2.1-4.2,CEMICS_SSP2-1p5C-minCDR,1.6012,5.2472,31.4027,77.3639,117.3267,149.198,176.0536,190.9698,203.2642,213.072,C1,C1: limit warming to 1.5°C (>50%) with no or limited overshoot
REMIND-MAgPIE 2.1-4.2,CEMICS_SSP2-2C-fullCDR,1.6012,5.2472,19.1571,45.2509,80.5744,114.0304,141.7594,159.4138,172.5703,182.7009,C3,C3: limit warming to 2°C (>67%)
REMIND-MAgPIE 2.1-4.2,CEMICS_SSP2-2C-minCDR,1.6012,5.2472,22.3165,55.0546,94.5835,130.5254,161.3695,180.7121,194.0484,203.3721,C3,C3: limit warming to 2°C (>67%)
REMIND-MAgPIE 2.1-4.2,CEMICS_SSP2-Npi,1.6012,5.2472,13.1162,18.5489,28.7818,47.3855,72.2255,98.0971,126.8821,150.3028,C7,C7: limit warming to 4°C (>50%)
REMIND-MAgPIE 2.1-4.2,EN_INDCi2030_1000,2.0322,5.5483,20.901,62.877,114.5536,155.8658,189.2396,213.2372,232.3778,248.263,C3,C3: limit warming to 2°C (>67%)
REMIND-MAgPIE 2.1-4.2,EN_INDCi2030_1000_COV,2.0455,5.4841,19.2224,54.1677,97.69,134.5041,162.8963,181.2994,195.4109,208.4146,C3,C3: limit warming to 2°C (>67%)
REMIND-MAgPIE 2.1-4.2,EN_INDCi2030_1000_COV_NDCp,2.0455,5.4841,20.744,54.8878,97.7287,134.4085,162.7985,180.5044,195.3158,209.1955,C3,C3: limit warming to 2°C (>67%)
REMIND-MAgPIE 2.1-4.2,EN_INDCi2030_1000_NDCp,2.0322,5.5483,22.5488,63.4954,114.5356,155.8499,189.1741,212.2074,231.027,246.7486,C3,C3: limit warming to 2°C (>67%)
REMIND-MAgPIE 2.1-4.2,EN_INDCi2030_1000f,2.0322,5.5483,20.901,62.6595,113.7172,153.9336,186.7045,212.6752,237.9822,264.8076,C3,C3: limit warming to 2°C (>67%)
REMIND-MAgPIE 2.1-4.2,EN_INDCi2030_1000f_COV,2.0455,5.4841,19.2224,53.8215,96.8073,133.3861,161.4407,180.6381,197.8483,214.0954,C3,C3: limit warming to 2°C (>67%)
REMIND-MAgPIE 2.1-4.2,EN_INDCi2030_1000f_COV_NDCp,2.0455,5.4841,20.744,54.4361,96.6865,133.1528,161.6559,180.5838,198.0548,214.6433,C3,C3: limit warming to 2°C (>67%)
REMIND-MAgPIE 2.1-4.2,EN_INDCi2030_1000f_NDCp,2.0322,5.5483,22.5488,63.1221,113.3938,153.7648,186.9635,212.3942,237.5736,264.2772,C3,C3: limit warming to 2°C (>67%)
REMIND-MAgPIE 2.1-4.2,EN_INDCi2030_1200,2.0322,5.5483,20.901,58.9988,106.751,146.3839,178.1983,202.3872,224.3014,244.3399,C3,C3: limit warming to 2°C (>67%)
REMIND-MAgPIE 2.1-4.2,EN_INDCi2030_1200f,2.0322,5.5483,20.901,58.9453,106.5049,145.9282,177.5841,201.7577,223.8146,244.1292,C3,C3: limit warming to 2°C (>67%)
REMIND-MAgPIE 2.1-4.2,EN_INDCi2030_1400,2.0322,5.5483,20.901,55.2086,100.2809,140.1519,172.2105,194.984,214.1158,232.6287,C4,C4: limit warming to 2°C (>50%)
REMIND-MAgPIE 2.1-4.2,EN_INDCi2030_1400f,2.0322,5.5483,20.901,55.2086,100.2809,140.1519,172.2105,194.984,214.1158,232.6287,C4,C4: limit warming to 2°C (>50%)
REMIND-MAgPIE 2.1-4.2,EN_INDCi2030_1600,2.0322,5.5483,20.901,51.8844,94.203,134.2341,167.3334,188.9621,206.3759,222.8104,C5,C5: limit warming to 2.5°C (>50%)
REMIND-MAgPIE 2.1-4.2,EN_INDCi2030_1600f,2.0322,5.5483,20.901,51.8844,94.203,134.2341,167.3334,188.9621,206.3759,222.8104,C5,C5: limit warming to 2.5°C (>50%)
REMIND-MAgPIE 2.1-4.2,EN_INDCi2030_1800,2.0322,5.5483,20.901,48.5068,87.6587,127.623,162.2056,184.2287,201.4024,216.3647,C5,C5: limit warming to 2.5°C (>50%)
REMIND-MAgPIE 2.1-4.2,EN_INDCi2030_1800f,2.0322,5.5483,20.901,48.5068,87.6587,127.623,162.2056,184.2287,201.4024,216.3647,C5,C5: limit warming to 2.5°C (>50%)
REMIND-MAgPIE 2.1-4.2,EN_INDCi2030_2000,2.0322,5.5483,20.901,46.5654,82.632,120.4979,155.0828,178.8003,200.2416,228.1788,C5,C5: limit warming to 2.5°C (>50%)
REMIND-MAgPIE 2.1-4.2,EN_INDCi2030_2000f,2.0322,5.5483,20.901,46.8244,83.4405,121.9532,156.9259,179.4542,197.8932,213.4559,C5,C5: limit warming to 2.5°C (>50%)
REMIND-MAgPIE 2.1-4.2,EN_INDCi2030_2500,2.0322,5.5483,20.901,44.8556,77.8323,114.0247,149.3175,171.06,189.0432,206.3647,C6,C6: limit warming to 3°C (>50%)
REMIND-MAgPIE 2.1-4.2,EN_INDCi2030_2500f,2.0322,5.5483,20.901,44.8563,77.8345,114.0337,149.3181,171.0438,189.0461,206.3941,C6,C6: limit warming to 3°C (>50%)
REMIND-MAgPIE 2.1-4.2,EN_INDCi2030_3000,2.0322,5.5483,20.901,42.8369,72.0911,105.1379,139.7177,161.7734,179.8278,197.6986,C6,C6: limit warming to 3°C (>50%)
REMIND-MAgPIE 2.1-4.2,EN_INDCi2030_3000f,2.0322,5.5483,20.901,42.9381,72.3096,105.42,139.9423,161.9358,180.0063,198.0706,C6,C6: limit warming to 3°C (>50%)
REMIND-MAgPIE 2.1-4.2,EN_INDCi2030_300f,2.0322,5.5483,20.901,69.3572,129.7215,183.0179,245.7006,309.6831,358.0421,381.98,C2,C2: return warming to 1.5°C (>50%) after a high overshoot
REMIND-MAgPIE 2.1-4.2,EN_INDCi2030_400f,2.0322,5.5483,20.901,68.7688,127.6431,177.1145,232.5192,293.4385,349.7654,380.0153,C2,C2: return warming to 1.5°C (>50%) after a high overshoot
REMIND-MAgPIE 2.1-4.2,EN_INDCi2030_500f,2.0322,5.5483,20.901,67.6702,124.8283,170.6005,217.6606,271.1129,330.8723,371.0869,C2,C2: return warming to 1.5°C (>50%) after a high overshoot
REMIND-MAgPIE 2.1-4.2,EN_INDCi2030_600_COV,2.0455,5.4841,19.2224,71.8139,114.3505,136.4269,154.8074,178.4852,196.7653,209.9173,C2,C2: return warming to 1.5°C (>50%) after a high overshoot
REMIND-MAgPIE 2.1-4.2,EN_INDCi2030_600_COV_NDCp,2.0455,5.4841,20.744,72.0442,113.7772,136.8588,156.0284,178.877,196.7236,209.9657,C2,C2: return warming to 1.5°C (>50%) after a high overshoot
REMIND-MAgPIE 2.1-4.2,EN_INDCi2030_600f,2.0322,5.5483,20.901,66.4819,122.3398,166.364,206.1554,251.3586,312.0666,362.2987,C2,C2: return warming to 1.5°C (>50%) after a high overshoot
REMIND-MAgPIE 2.1-4.2,EN_INDCi2030_600f_COV,2.0455,5.4841,19.2224,59.3154,106.8814,142.1357,170.2841,197.6379,233.4077,275.1203,C2,C2: return warming to 1.5°C (>50%) after a high overshoot
REMIND-MAgPIE 2.1-4.2,EN_INDCi2030_600f_COV_NDCp,2.0455,5.4841,20.744,59.8721,106.5595,141.7877,170.275,196.7645,231.5375,273.2223,C2,C2: return warming to 1.5°C (>50%) after a high overshoot
REMIND-MAgPIE 2.1-4.2,EN_INDCi2030_600f_NDCp,2.0322,5.5483,22.5488,66.9788,122.0844,166.0767,206.1852,250.7977,311.3144,361.7963,C2,C2: return warming to 1.5°C (>50%) after a high overshoot
REMIND-MAgPIE 2.1-4.2,EN_INDCi2030_700,2.0322,5.5483,20.901,80.1203,133.8185,161.9139,184.0046,208.6167,229.3233,241.4715,C3,C3: limit warming to 2°C (>67%)
REMIND-MAgPIE 2.1-4.2,EN_INDCi2030_700f,2.0322,5.5483,20.901,65.4037,120.1016,163.202,198.3547,234.196,287.5988,344.5686,C3,C3: limit warming to 2°C (>67%)
REMIND-MAgPIE 2.1-4.2,EN_INDCi2030_800,2.0322,5.5483,20.901,72.5247,129.7228,162.2932,185.2118,208.1321,229.2043,242.5513,C3,C3: limit warming to 2°C (>67%)
REMIND-MAgPIE 2.1-4.2,EN_INDCi2030_800f,2.0322,5.5483,20.901,64.6141,118.5806,160.8404,194.2772,225.5988,269.488,323.5681,C3,C3: limit warming to 2°C (>67%)
REMIND-MAgPIE 2.1-4.2,EN_INDCi2030_900,2.0322,5.5483,20.901,65.4875,120.8227,162.6842,190.7215,209.8611,230.2301,247.0243,C3,C3: limit warming to 2°C (>67%)
REMIND-MAgPIE 2.1-4.2,EN_INDCi2030_900f,2.0322,5.5483,20.901,63.5789,116.1578,157.4636,190.354,217.911,250.1424,290.1159,C3,C3: limit warming to 2°C (>67%)
REMIND-MAgPIE 2.1-4.2,EN_INDCi2100,2.0322,5.5483,20.901,52.2637,92.0906,127.1768,156.5657,177.0762,195.2147,211.2623,C5,C5: limit warming to 2.5°C (>50%)
REMIND-MAgPIE 2.1-4.2,EN_INDCi2100_COV,2.0455,5.4841,19.2224,46.1366,81.2226,114.0124,143.1921,160.2661,175.7397,189.6151,C5,C5: limit warming to 2.5°C (>50%)
REMIND-MAgPIE 2.1-4.2,EN_INDCi2100_COV_NDCp,2.0455,5.4841,20.744,47.2221,80.6458,113.1265,143.7212,161.1217,176.0121,189.528,C5,C5: limit warming to 2.5°C (>50%)
REMIND-MAgPIE 2.1-4.2,EN_INDCi2100_NDCp,2.0322,5.5483,22.5488,52.8929,91.5328,126.8906,157.6312,178.2209,195.7015,211.2065,C5,C5: limit warming to 2.5°C (>50%)
REMIND-MAgPIE 2.1-4.2,EN_NPi2020_1000,2.0322,5.5483,25.3627,67.9758,112.5161,148.0807,180.3288,204.6973,225.7825,247.0694,C3,C3: limit warming to 2°C (>67%)
REMIND-MAgPIE 2.1-4.2,EN_NPi2020_1000_COV,2.0455,5.4841,21.9274,57.6974,97.4973,131.631,159.8099,177.2426,192.2843,207.7646,C3,C3: limit warming to 2°C (>67%)
REMIND-MAgPIE 2.1-4.2,EN_NPi2020_1000f,2.0322,5.5483,25.4052,67.5921,111.5313,147.0128,179.4133,204.197,226.2422,249.211,C3,C3: limit warming to 2°C (>67%)
REMIND-MAgPIE 2.1-4.2,EN_NPi2020_1000f_COV,2.0455,5.4841,21.9041,57.6783,97.0969,130.9597,159.2564,177.3313,193.5278,210.9335,C3,C3: limit warming to 2°C (>67%)
REMIND-MAgPIE 2.1-4.2,EN_NPi2020_1200,2.0322,5.5483,22.5624,61.9197,106.7481,143.6087,174.4838,198.2189,218.7479,241.3858,C3,C3: limit warming to 2°C (>67%)
REMIND-MAgPIE 2.1-4.2,EN_NPi2020_1200f,2.0322,5.5483,22.6862,62.1058,106.4045,142.782,174.4967,198.3171,218.1431,238.1421,C3,C3: limit warming to 2°C (>67%)
REMIND-MAgPIE 2.1-4.2,EN_NPi2020_1400,2.0322,5.5483,20.6087,55.8737,100.4252,139.4923,170.7377,192.4374,210.9276,229.1046,C4,C4: limit warming to 2°C (>50%)
REMIND-MAgPIE 2.1-4.2,EN_NPi2020_1400f,2.0322,5.5483,20.6087,55.8737,100.4252,139.4923,170.7377,192.4374,210.9276,229.1046,C4,C4: limit warming to 2°C (>50%)
REMIND-MAgPIE 2.1-4.2,EN_NPi2020_1600,2.0322,5.5483,19.2637,51.3163,95.1504,134.6981,166.3015,187.463,204.3068,219.8791,C4,C4: limit warming to 2°C (>50%)
REMIND-MAgPIE 2.1-4.2,EN_NPi2020_1600f,2.0322,5.5483,19.2637,51.3163,95.1504,134.6981,166.3015,187.463,204.3068,219.8791,C4,C4: limit warming to 2°C (>50%)
REMIND-MAgPIE 2.1-4.2,EN_NPi2020_1800,2.0322,5.5483,18.2065,46.2867,87.7404,128.1051,160.3293,182.8032,203.6403,230.0188,C5,C5: limit warming to 2.5°C (>50%)
REMIND-MAgPIE 2.1-4.2,EN_NPi2020_1800f,2.0322,5.5483,18.3165,46.8181,88.7405,129.2534,162.0718,183.6353,200.8558,215.6633,C5,C5: limit warming to 2.5°C (>50%)
REMIND-MAgPIE 2.1-4.2,EN_NPi2020_2000,2.0322,5.5483,17.6489,43.6573,83.4377,123.0526,155.6639,178.6637,200.285,227.9734,C5,C5: limit warming to 2.5°C (>50%)
REMIND-MAgPIE 2.1-4.2,EN_NPi2020_2000f,2.0322,5.5483,17.7343,44.0947,84.4414,124.4147,157.3785,179.315,197.9178,213.0679,C5,C5: limit warming to 2.5°C (>50%)
REMIND-MAgPIE 2.1-4.2,EN_NPi2020_200f,2.0322,5.5483,34.467,81.6618,130.1424,176.62,235.7447,296.1159,352.4764,382.5758,C1,C1: limit warming to 1.5°C (>50%) with no or limited overshoot
REMIND-MAgPIE 2.1-4.2,EN_NPi2020_2500,2.0322,5.5483,17.0883,40.8034,78.1942,116.7071,150.221,171.492,189.9119,206.6991,C6,C6: limit warming to 3°C (>50%)
REMIND-MAgPIE 2.1-4.2,EN_NPi2020_2500f,2.0322,5.5483,17.0809,40.7728,78.1523,116.691,150.221,171.4832,189.9048,206.7004,C6,C6: limit warming to 3°C (>50%)
REMIND-MAgPIE 2.1-4.2,EN_NPi2020_3000,2.0322,5.5483,16.3159,37.3694,71.6056,107.9417,140.9413,162.7566,181.8717,199.0851,C6,C6: limit warming to 3°C (>50%)
REMIND-MAgPIE 2.1-4.2,EN_NPi2020_3000f,2.0322,5.5483,16.3082,37.3724,71.6593,108.0191,141.01,162.8048,181.9091,199.1409,C6,C6: limit warming to 3°C (>50%)
REMIND-MAgPIE 2.1-4.2,EN_NPi2020_300f,2.0322,5.5483,33.7897,80.4961,127.1786,169.4881,220.9376,274.2049,333.7381,374.2331,C1,C1: limit warming to 1.5°C (>50%) with no or limited overshoot
REMIND-MAgPIE 2.1-4.2,EN_NPi2020_400,2.0322,5.5483,44.9469,103.9828,142.9618,163.9108,189.7951,210.3387,228.2687,248.3705,C1,C1: limit warming to 1.5°C (>50%) with no or limited overshoot
REMIND-MAgPIE 2.1-4.2,EN_NPi2020_400f,2.0322,5.5483,32.6263,78.5339,124.3387,165.0138,210.3459,255.7058,315.9022,365.083,C1,C1: limit warming to 1.5°C (>50%) with no or limited overshoot
REMIND-MAgPIE 2.1-4.2,EN_NPi2020_500,2.0322,5.5483,38.8213,89.21,133.1582,161.3612,190.454,210.9824,231.8284,250.6848,C1,C1: limit warming to 1.5°C (>50%) with no or limited overshoot
REMIND-MAgPIE 2.1-4.2,EN_NPi2020_500f,2.0322,5.5483,31.8292,77.2484,122.1895,160.9055,200.3869,238.1588,293.8337,351.1627,C2,C2: return warming to 1.5°C (>50%) after a high overshoot
REMIND-MAgPIE 2.1-4.2,EN_NPi2020_600,2.0322,5.5483,34.934,81.8623,128.147,163.2779,192.3341,210.9538,232.4388,252.2786,C1,C1: limit warming to 1.5°C (>50%) with no or limited overshoot
REMIND-MAgPIE 2.1-4.2,EN_NPi2020_600_COV,2.0455,5.4841,31.0244,71.6658,108.7442,136.5195,160.9436,177.7331,194.8451,211.6241,C1,C1: limit warming to 1.5°C (>50%) with no or limited overshoot
REMIND-MAgPIE 2.1-4.2,EN_NPi2020_600f,2.0322,5.5483,30.6797,75.742,120.4427,158.4955,195.2029,227.5116,275.3186,334.3597,C2,C2: return warming to 1.5°C (>50%) after a high overshoot
REMIND-MAgPIE 2.1-4.2,EN_NPi2020_600f_COV,2.0455,5.4841,27.3719,66.7301,105.3425,136.7226,165.7169,185.9688,207.3035,234.8821,C1,C1: limit warming to 1.5°C (>50%) with no or limited overshoot
REMIND-MAgPIE 2.1-4.2,EN_NPi2020_700,2.0322,5.5483,31.7271,77.1329,122.0409,159.6462,192.4087,212.4663,232.7464,253.033,C3,C3: limit warming to 2°C (>67%)
REMIND-MAgPIE 2.1-4.2,EN_NPi2020_700f,2.0322,5.5483,29.4693,73.9159,118.4675,155.7045,191.3262,220.2668,256.8331,305.6007,C3,C3: limit warming to 2°C (>67%)
REMIND-MAgPIE 2.1-4.2,EN_NPi2020_800,2.0322,5.5483,29.1256,73.7416,118.2416,155.0522,190.0148,213.774,233.6867,253.3018,C3,C3: limit warming to 2°C (>67%)
REMIND-MAgPIE 2.1-4.2,EN_NPi2020_800f,2.0322,5.5483,28.5953,72.9768,117.1024,153.2305,188.2507,214.5915,241.8558,276.7406,C3,C3: limit warming to 2°C (>67%)
REMIND-MAgPIE 2.1-4.2,EN_NPi2020_900,2.0322,5.5483,26.8843,70.4885,114.5146,150.0697,184.6057,210.9066,232.9915,252.6042,C3,C3: limit warming to 2°C (>67%)
REMIND-MAgPIE 2.1-4.2,EN_NPi2020_900f,2.0322,5.5483,26.8404,70.1103,114.0186,149.7369,183.9464,210.1421,233.5159,258.058,C3,C3: limit warming to 2°C (>67%)
REMIND-MAgPIE 2.1-4.2,EN_NPi2100,2.0322,5.5483,15.3229,30.1365,54.448,85.1223,118.4709,144.7136,165.2565,182.9627,C7,C7: limit warming to 4°C (>50%)
REMIND-MAgPIE 2.1-4.2,EN_NPi2100_COV,2.0455,5.4841,14.6948,27.056,46.9664,73.7345,103.7533,127.8498,147.801,164.9273,C7,C7: limit warming to 4°C (>50%)
REMIND-MAgPIE 2.1-4.2,EN_NoPolicy,2.0322,5.0677,10.8372,22.8904,47.2382,78.6334,112.9076,140.723,162.4944,178.9825,C7,C7: limit warming to 4°C (>50%)
REMIND-MAgPIE 2.1-4.2,NGFS2_Below 2°C,2.005,5.2004,20.6251,52.9787,81.1293,99.5113,116.5797,128.8103,139.2355,151.2194,C3,C3: limit warming to 2°C (>67%)
REMIND-MAgPIE 2.1-4.2,NGFS2_Below 2°C - IPD-95th,2.005,5.3149,22.4009,53.4199,77.8622,93.6295,110.2333,121.7492,130.7416,142.2863,C3,C3: limit warming to 2°C (>67%)
REMIND-MAgPIE 2.1-4.2,NGFS2_Below 2°C - IPD-median,2.005,5.3026,21.9926,53.3875,78.9328,95.6274,112.4898,124.5369,134.4602,146.6486,C3,C3: limit warming to 2°C (>67%)
REMIND-MAgPIE 2.1-4.2,NGFS2_Current Policies,2.005,5.2004,11.8516,22.0688,37.5719,56.814,78.7777,97.425,115.1894,129.0071,C7,C7: limit warming to 4°C (>50%)
REMIND-MAgPIE 2.1-4.2,NGFS2_Current Policies - IPD-95th,2.005,5.3149,12.4645,22.8918,38.003,56.0676,76.1416,91.1998,104.2872,114.808,C7,C7: limit warming to 4°C (>50%)
REMIND-MAgPIE 2.1-4.2,NGFS2_Current Policies - IPD-median,2.005,5.3026,12.3989,22.7549,37.8259,56.1784,76.7244,92.819,107.5812,119.8459,C7,C7: limit warming to 4°C (>50%)
REMIND-MAgPIE 2.1-4.2,NGFS2_Delayed Transition,2.005,5.2004,11.8516,47.0999,89.1168,114.1605,132.8044,151.5273,164.9761,171.5304,C3,C3: limit warming to 2°C (>67%)
REMIND-MAgPIE 2.1-4.2,NGFS2_Divergent Net Zero Policies,2.005,5.2004,27.5237,62.8528,86.8236,102.6787,121.9397,134.7198,146.2095,161.8772,C1,C1: limit warming to 1.5°C (>50%) with no or limited overshoot
REMIND-MAgPIE 2.1-4.2,NGFS2_Nationally Determined Contributions (NDCs),2.005,5.2004,15.4274,35.2323,61.7081,85.8706,108.3497,123.4428,133.9883,142.6636,C5,C5: limit warming to 2.5°C (>50%)
REMIND-MAgPIE 2.1-4.2,NGFS2_Net-Zero 2050,2.005,5.2004,28.2965,63.6016,86.8599,102.5192,120.9043,133.1891,143.7548,155.9078,C1,C1: limit warming to 1.5°C (>50%) with no or limited overshoot
REMIND-MAgPIE 2.1-4.2,NGFS2_Net-Zero 2050 - IPD-95th,2.005,5.3149,29.5301,63.333,84.4278,97.9389,115.7019,127.9795,138.4525,150.1765,C1,C1: limit warming to 1.5°C (>50%) with no or limited overshoot
REMIND-MAgPIE 2.1-4.2,NGFS2_Net-Zero 2050 - IPD-median,2.005,5.3026,29.4524,63.7471,85.5258,99.9881,118.066,130.4404,141.4332,153.8043,C1,C1: limit warming to 1.5°C (>50%) with no or limited overshoot
REMIND-MAgPIE 2.1-4.2,SusDev_SDP-NPi,2.0322,5.5474,14.7373,27.0356,45.0742,61.7252,75.5825,79.0,77.5267,76.2206,C5,C5: limit warming to 2.5°C (>50%)
REMIND-MAgPIE 2.1-4.2,SusDev_SDP-PkBudg1000,2.0322,5.5474,29.6316,66.8182,96.078,109.8035,121.0317,119.6334,110.3642,106.74,C1,C1: limit warming to 1.5°C (>50%) with no or limited overshoot
REMIND-MAgPIE 2.1-4.2,SusDev_SSP1-NDC,2.0322,5.5474,18.8389,45.2418,75.4484,93.9874,108.888,114.8076,114.3965,112.8938,C5,C5: limit warming to 2.5°C (>50%)
REMIND-MAgPIE 2.1-4.2,SusDev_SSP1-NPi,2.0322,5.5474,14.6465,28.8816,48.6464,67.1178,83.9427,91.5987,92.302,92.1609,C5,C5: limit warming to 2.5°C (>50%)
REMIND-MAgPIE 2.1-4.2,SusDev_SSP1-PkBudg900,2.0322,5.5474,32.7529,76.3182,112.9746,129.2687,138.5003,138.6462,134.8894,133.8509,C1,C1: limit warming to 1.5°C (>50%) with no or limited overshoot
REMIND-MAgPIE 2.1-4.2,SusDev_SSP2-NDC,2.0322,5.5474,20.8499,52.1223,91.8963,126.9872,156.0624,176.1242,194.0511,210.4714,C5,C5: limit warming to 2.5°C (>50%)
REMIND-MAgPIE 2.1-4.2,SusDev_SSP2-NPi,2.0322,5.5474,15.311,30.1553,54.4666,85.0968,118.2396,144.2677,164.7275,182.3875,C7,C7: limit warming to 4°C (>50%)
REMIND-MAgPIE 2.1-4.2,SusDev_SSP2-PkBudg900,2.0322,5.5474,34.3111,81.6439,125.1791,155.7525,184.1096,205.5257,227.8001,251.7971,C1,C1: limit warming to 1.5°C (>50%) with no or limited overshoot
REMIND-MAgPIE 2.1-4.3,DeepElec_SSP2_ HighRE_Budg1100,2.1409,5.3381,24.7234,54.0725,77.1279,91.8421,111.3246,123.7182,132.1655,139.8422,C3,C3: limit warming to 2°C (>67%)
REMIND-MAgPIE 2.1-4.3,DeepElec_SSP2_ HighRE_Budg1300,2.1409,5.3381,22.2023,49.3532,71.0657,84.9019,104.3575,118.5859,128.4473,134.9132,C3,C3: limit warming to 2°C (>67%)
REMIND-MAgPIE 2.1-4.3,DeepElec_SSP2_ HighRE_Budg900,2.1409,5.3381,29.3091,62.1906,85.2368,99.7803,118.0829,128.5483,138.2687,148.4413,C1,C1: limit warming to 1.5°C (>50%) with no or limited overshoot
REMIND-MAgPIE 2.1-4.3,DeepElec_SSP2_Base,2.1409,5.0067,11.7848,26.0778,47.1902,68.2444,90.8705,111.4941,128.7219,137.935,C7,C7: limit warming to 4°C (>50%)
REMIND-MAgPIE 2.1-4.3,DeepElec_SSP2_Npi,2.1409,5.3381,14.8259,29.952,49.5173,70.0434,93.4906,113.3679,130.2867,140.8132,C7,C7: limit warming to 4°C (>50%)
REMIND-MAgPIE 2.1-4.3,DeepElec_SSP2_def_Budg1100,2.1409,5.3381,27.6761,66.3899,94.6357,109.7255,127.4126,139.5425,149.9245,162.3742,C2,C2: return warming to 1.5°C (>50%) after a high overshoot
REMIND-MAgPIE 2.1-4.3,DeepElec_SSP2_def_Budg1300,2.1409,5.3381,23.6683,61.03,91.9427,108.9395,125.9818,138.9123,150.121,160.9206,C3,C3: limit warming to 2°C (>67%)
REMIND-MAgPIE 2.1-4.3,DeepElec_SSP2_def_Budg900,2.1409,5.3381,32.6944,70.5362,93.4363,107.8936,128.4459,142.2919,156.5286,171.0559,C1,C1: limit warming to 1.5°C (>50%) with no or limited overshoot
REMIND-Transport 2.1,Transport_Budg1100_Conv,1.687,5.0254,24.673,61.5751,98.9467,129.2233,155.6966,174.3546,190.215,202.8831,C3,C3: limit warming to 2°C (>67%)
REMIND-Transport 2.1,Transport_Budg1100_Conv-LowD,1.687,5.0254,23.5951,59.2696,96.737,127.3449,152.7084,169.7853,185.0852,197.3499,C3,C3: limit warming to 2°C (>67%)
REMIND-Transport 2.1,Transport_Budg1100_ConvSyn,1.687,5.0254,29.8354,80.3464,126.1461,160.1439,185.9166,199.6971,211.2724,224.3284,C3,C3: limit warming to 2°C (>67%)
REMIND-Transport 2.1,Transport_Budg1100_ElecPush,1.687,5.0254,24.1683,62.1955,100.8573,130.6701,153.8906,171.6395,188.9065,203.6235,C3,C3: limit warming to 2°C (>67%)
REMIND-Transport 2.1,Transport_Budg1100_ElecPush-LowD,1.687,5.0254,23.4409,59.8862,97.5612,127.928,151.7442,167.9015,182.9542,197.1678,C3,C3: limit warming to 2°C (>67%)
REMIND-Transport 2.1,Transport_Budg1100_H2Push,1.687,5.0254,25.0266,65.2332,106.564,138.5732,163.5953,181.3507,197.6975,212.0305,C3,C3: limit warming to 2°C (>67%)
REMIND-Transport 2.1,Transport_NDC_Conv,1.687,5.0254,16.3798,33.75,57.8708,84.4034,113.2951,136.3857,154.965,168.7269,C6,C6: limit warming to 3°C (>50%)
REMIND-Transport 2.1,Transport_NPi_Conv,1.687,5.0254,12.9333,18.6795,27.7282,41.9492,62.8285,87.0934,116.5739,141.3916,C7,C7: limit warming to 4°C (>50%)
REMIND_EU 2.0,Eff_1p5,1.7880414,4.6979771,29.4594041,72.44922199999999,98.3674221,113.9761058,136.3350883,161.7497456,194.1183282,226.2711826,failed-vetting,failed-vetting
REMIND_EU 2.0,Eff_Weak,1.7880414,4.6979771,20.9673837,56.1072732,82.2968838,97.9345203,116.9887077,135.19823620000005,152.3476019,169.6076724,failed-vetting,failed-vetting
REMIND_EU 2.0,Eff_min80,1.7880414,4.6979771,24.8469077,65.29877450000001,92.000177,107.5156152,126.6136446,145.0039679,165.189775,193.4474356,failed-vetting,failed-vetting
REMIND_EU 2.0,Incumb_1p5,1.8833154,4.7635753,19.136705600000003,58.7647086,108.673357,151.9260859,195.535892,244.3272283,302.0191558,350.9893983,failed-vetting,failed-vetting
REMIND_EU 2.0,Incumb_Weak,1.8833154,4.7635753,16.8296144,50.2242729,95.0060024,132.0807899,164.0499658,195.2064732,229.6832703,271.5776414,failed-vetting,failed-vetting
REMIND_EU 2.0,Incumb_min80,1.8833154,4.7635753,18.1748791,55.2998781,102.3458131,140.64000430000002,175.8136877,213.5453453,261.5395401,316.0099966,failed-vetting,failed-vetting
REMIND_EU 2.0,NewPl_1p5,1.7664032,4.8259303000000005,24.6747031,65.8733131,96.6003355,113.5756952,132.9485234,150.9180885,177.3909913,199.6224116,failed-vetting,failed-vetting
REMIND_EU 2.0,NewPl_Weak,1.7664032,4.8259303000000005,19.0736045,51.2020866,80.7821685,99.7118524,118.8972081,134.1494825,153.2795839,165.3910488,failed-vetting,failed-vetting
REMIND_EU 2.0,NewPl_min80,1.7664032,4.8259303000000005,21.734492300000003,59.2136148,89.25182640000001,106.9270087,126.2478352,141.1063236,161.1021645,180.484,failed-vetting,failed-vetting
Reference,IEA Energy Statistics (r2017),1.2288024,5.449413242576187,15.798869258200574,32.91215644720066,51.68243060144813,68.79563632970779,85.36490706338382,99.43827606890395,113.41595386425766,126.3087102973665,failed-vetting,failed-vetting
TIAM-ECN 1.1,EN_INDCi2030_1000,1.378320424742255,3.979999794479927,12.7784008188887,40.07301228789239,59.96702666882494,74.10567108847175,86.9447623034624,96.14532556191055,112.989759302313,116.0491889290486,C3,C3: limit warming to 2°C (>67%)
TIAM-ECN 1.1,EN_INDCi2030_1000_COV,1.37832027864356,3.865172311727682,12.36338039210137,40.4578216754392,59.45197062097049,73.46228693779906,85.56671180207158,96.64654573382144,108.7223361337117,117.5154936036573,C3,C3: limit warming to 2°C (>67%)
TIAM-ECN 1.1,EN_INDCi2030_1000_NDCp,1.378320450891152,3.979999884009039,18.53398557542437,39.54903749067534,59.90184572994902,73.91906271539642,87.77546303909082,96.13751117340584,113.1010624113106,115.7933220560173,C3,C3: limit warming to 2°C (>67%)
TIAM-ECN 1.1,EN_INDCi2030_1000f,1.378320424742255,3.979999794479927,12.7784008188887,39.06375295695373,56.11306999256198,69.78653524654334,86.02238254812939,98.71538552644854,115.0411696639964,118.7866563906961,C3,C3: limit warming to 2°C (>67%)
TIAM-ECN 1.1,EN_INDCi2030_1000f_COV,1.37832027864356,3.865172311727682,12.36338039210137,39.30914710527764,55.95880359186279,69.31171698877947,85.00045052808467,99.89155836978574,111.5356572616538,122.6616884803227,C3,C3: limit warming to 2°C (>67%)
TIAM-ECN 1.1,EN_INDCi2030_1000f_NDCp,1.378320450891152,3.979999884009039,18.53398557542437,39.10633537333743,56.24662498316913,70.58341598981521,87.49860867533249,100.4007391027082,112.1907667402264,122.9974292134651,C3,C3: limit warming to 2°C (>67%)
TIAM-ECN 1.1,EN_INDCi2030_1200,1.378320424742255,3.979999794479927,12.7784008188887,39.15702861021917,54.73477556248032,68.94332610745722,85.26657182098502,99.00032615790136,110.4676829891254,120.9575313361145,C3,C3: limit warming to 2°C (>67%)
TIAM-ECN 1.1,EN_INDCi2030_1200f,1.378320424742255,3.979999794479927,12.7784008188887,39.24437391737702,55.01281108911913,68.16653537890117,83.2394153987045,99.9492267705502,112.7196959088932,123.236192689903,C3,C3: limit warming to 2°C (>67%)
TIAM-ECN 1.1,EN_INDCi2030_1400,1.378320424742255,3.979999794479927,12.7784008188887,37.99449774294003,53.01023721415657,64.84799520022571,79.98936741315728,95.3695016704393,109.1863181539167,119.8903797244338,C4,C4: limit warming to 2°C (>50%)
TIAM-ECN 1.1,EN_INDCi2030_1400f,1.378320424742255,3.979999794479927,12.7784008188887,37.71258747032135,52.32609005380199,64.07313834696723,78.79365695299533,96.04669072082925,111.0934151584274,122.563088176787,C4,C4: limit warming to 2°C (>50%)
TIAM-ECN 1.1,EN_INDCi2030_1600,1.378320424742255,3.979999794479927,12.7784008188887,36.23302100645248,52.04311943779445,63.40281011413638,75.756459809809,93.03123972054084,109.2962189800606,120.6692662704406,C4,C4: limit warming to 2°C (>50%)
TIAM-ECN 1.1,EN_INDCi2030_1600f,1.378320424742255,3.979999794479927,12.7784008188887,35.91737248019552,52.19210492659241,63.72679465073492,75.33924248505076,92.51697674016448,110.4052676078491,120.6920153284216,C5,C5: limit warming to 2.5°C (>50%)
TIAM-ECN 1.1,EN_INDCi2030_2000,1.378320309498683,3.97999988881321,12.78557805079104,33.67722110826823,49.63415502131877,58.78300948296521,69.4275190998951,83.13318115109638,100.0046489248161,112.8704744707876,C5,C5: limit warming to 2.5°C (>50%)
TIAM-ECN 1.1,EN_INDCi2030_2000f,1.378320398319388,3.979999903960331,12.78556894873992,33.67721572466617,49.63429886611539,58.78274437120277,69.42757236028677,83.13438822840729,100.0047692717561,112.8707560195392,C5,C5: limit warming to 2.5°C (>50%)
TIAM-ECN 1.1,EN_INDCi2030_2500,1.378320424742255,3.979999794479927,12.7784008188887,31.10418795734601,46.72965644280121,53.95874877775655,63.09023280200295,76.42604908510194,90.61040529538874,99.4987699856613,C5,C5: limit warming to 2.5°C (>50%)
TIAM-ECN 1.1,EN_INDCi2030_2500f,1.378320424742255,3.979999794479927,12.7784008188887,31.10419118343894,46.72960744790804,53.95874421245866,63.09016837682226,76.42597000980327,90.62821499145424,99.48444139244508,C5,C5: limit warming to 2.5°C (>50%)
TIAM-ECN 1.1,EN_INDCi2030_3000,1.378320424742255,3.979999794479927,12.7784008188887,28.10881977431038,43.08023709854388,45.80467581476335,47.68243209824286,58.49310284263882,74.1686657954959,80.88223328863207,C6,C6: limit warming to 3°C (>50%)
TIAM-ECN 1.1,EN_INDCi2030_3000f,1.38,3.98,12.78,28.11,43.2,45.91,47.69,58.57,74.31,81.14,C6,C6: limit warming to 3°C (>50%)
TIAM-ECN 1.1,EN_INDCi2030_900,1.378320424742255,3.979999794479927,12.7784008188887,41.44329530552715,60.93199071947953,76.87203855830633,88.51294284002581,99.47724668419056,112.4599590754864,122.0139886795525,C3,C3: limit warming to 2°C (>67%)
TIAM-ECN 1.1,EN_INDCi2030_900f,1.378320424742255,3.979999794479927,12.7784008188887,39.23602189589163,57.09287459693908,72.51946537446932,88.32143310867208,101.1373891315974,113.530995057033,124.3320077531103,C3,C3: limit warming to 2°C (>67%)
TIAM-ECN 1.1,EN_INDCi2100,1.378320424742255,3.979999794479927,12.7784008188887,26.51443170681644,36.75931889221732,36.40264434395044,31.7183610169018,28.04683366271865,24.59830029128918,16.84196784932371,C7,C7: limit warming to 4°C (>50%)
TIAM-ECN 1.1,EN_INDCi2100_COV,1.38,3.87,12.36,25.91,36.45,36.08,30.91,27.07,24.35,17.72,C7,C7: limit warming to 4°C (>50%)
TIAM-ECN 1.1,EN_INDCi2100_NDCp,1.378320450891152,3.979999884009039,18.53398557542437,26.77393778301395,36.49756450510271,35.92843370743084,32.31812915195091,27.20146913163996,24.02824796476052,16.82421660912441,C7,C7: limit warming to 4°C (>50%)
TIAM-ECN 1.1,EN_NPi2020_1000,1.37832050641865,4.34640539254474,24.61850015838847,38.47224448246989,55.20859030673105,70.27755459477191,85.78793369842293,95.7024844387714,110.6688030001038,112.332110263055,C3,C3: limit warming to 2°C (>67%)
TIAM-ECN 1.1,EN_NPi2020_1000_COV,1.37832055000728,4.326379795296139,23.49852318682126,37.53345480500072,54.45711177668154,68.97301619097409,84.36016248167005,97.75505010127412,109.2378519873799,119.8259572086932,C3,C3: limit warming to 2°C (>67%)
TIAM-ECN 1.1,EN_NPi2020_1000f,1.378320422094849,4.325735032576602,19.85557500796185,38.17746669190777,55.57941647992173,69.07836104362376,85.39394710757483,98.13204060601964,113.2727907696616,116.8871507850553,C3,C3: limit warming to 2°C (>67%)
TIAM-ECN 1.1,EN_NPi2020_1000f_COV,1.378320406033456,4.318619087639973,13.90477456437298,37.99382272637594,55.1599207609923,68.25519930417965,84.25773825236519,97.35315610539584,112.8412845120735,115.0806157221484,C3,C3: limit warming to 2°C (>67%)
TIAM-ECN 1.1,EN_NPi2020_1200,1.378320573769301,4.317572936893475,14.41802136808208,38.28973185637738,54.06888561928304,68.04859195043392,84.20249504596711,95.83786576761666,110.8229900232999,108.9878682050702,C3,C3: limit warming to 2°C (>67%)
TIAM-ECN 1.1,EN_NPi2020_1200f,1.378320624109136,4.307228098095473,13.32076843390133,38.78215898010608,54.4934652246074,67.00390232694912,82.83954965675066,96.0443412320801,113.6382725220763,113.9117683908471,C3,C3: limit warming to 2°C (>67%)
TIAM-ECN 1.1,EN_NPi2020_1400,1.378320450459158,4.217631880127125,12.68662728818953,37.46012322128205,52.31210494440901,63.64537298067061,78.871772991473,94.86409162931488,108.3530824315514,120.0834636957983,C4,C4: limit warming to 2°C (>50%)
TIAM-ECN 1.1,EN_NPi2020_1400f,1.378320515218419,4.21534138422801,11.67840787248156,36.92110660512925,51.40688877707683,62.81767045512916,77.87822745283759,95.07869619583364,110.8836718057928,121.9261552052523,C4,C4: limit warming to 2°C (>50%)
TIAM-ECN 1.1,EN_NPi2020_1600,1.378320546355641,4.214397251182343,9.106315915650953,35.33777818042968,52.07827496288763,62.40462001461118,74.15500655991696,89.97723052908762,108.6397285458767,103.8139958257321,C4,C4: limit warming to 2°C (>50%)
TIAM-ECN 1.1,EN_NPi2020_1600f,1.37832057805388,4.20139178229141,8.896270885184478,35.30425397185486,52.24030486624325,62.88180707911845,73.57902941831004,89.15735000321384,111.7577983089306,105.9897510341006,C5,C5: limit warming to 2.5°C (>50%)
TIAM-ECN 1.1,EN_NPi2020_2000,1.378320596053755,4.023071876103487,8.52606719110447,33.61182261177937,50.29681704395941,59.98148553826739,69.10950786511957,83.7497937266179,100.3191309618103,114.0268187324929,C5,C5: limit warming to 2.5°C (>50%)
TIAM-ECN 1.1,EN_NPi2020_2000f,1.378320318764878,4.023186542937757,8.632779394437858,33.59089491856449,50.35620748146761,60.0322219340511,68.58123465819924,83.83885526979881,101.641242071319,115.1769658400078,C5,C5: limit warming to 2.5°C (>50%)
TIAM-ECN 1.1,EN_NPi2020_2500,1.37832032126136,4.006400930201222,7.878679704332227,29.20012860264426,46.88997259285448,52.5994966235748,61.17988376071799,74.50336060768812,88.11110908624083,98.64455295083953,C5,C5: limit warming to 2.5°C (>50%)
TIAM-ECN 1.1,EN_NPi2020_2500f,1.378320420255745,4.006395792635143,7.87873937395077,29.1999557846711,46.88994586886918,52.59916061342867,61.18046437469544,74.50483847062212,88.11117307491548,98.64247341910232,C5,C5: limit warming to 2.5°C (>50%)
TIAM-ECN 1.1,EN_NPi2020_3000,1.378320368077198,3.939748070206465,6.83793349060823,27.82787858751466,42.82658408045483,45.55576564858237,46.13003297911524,57.51526237292983,74.24461763136183,80.78447793752714,C6,C6: limit warming to 3°C (>50%)
TIAM-ECN 1.1,EN_NPi2020_3000f,1.378320292072135,3.939763942624722,6.837952466598114,27.82811723992721,42.82646741273592,45.55530985099983,46.13055241705129,57.51594174301568,74.24358839881458,80.78281958663499,C6,C6: limit warming to 3°C (>50%)
TIAM-ECN 1.1,EN_NPi2020_800,1.38,4.49,26.38,39.32,60.08,74.32,88.23,97.66,112.85,116.05,C3,C3: limit warming to 2°C (>67%)
TIAM-ECN 1.1,EN_NPi2020_800f,1.38,4.35,24.65,38.52,56.09,71.25,87.11,99.15,114.7,120.77,C3,C3: limit warming to 2°C (>67%)
TIAM-ECN 1.1,EN_NPi2020_900,1.378320484301287,4.358354367457046,25.5246182848475,38.75894274036915,58.50231031150641,72.94316943540511,87.34894242014005,96.82204966914824,112.7191043260051,116.1201961029862,C3,C3: limit warming to 2°C (>67%)
TIAM-ECN 1.1,EN_NPi2020_900f,1.378320416588399,4.329043354587822,23.44664430485372,38.08847693380791,55.86652152805702,70.1319407933388,86.47339405639079,99.12015313733386,114.4746451104328,119.3945500426212,C3,C3: limit warming to 2°C (>67%)
TIAM-ECN 1.1,EN_NPi2100,1.37831996910285,3.798811577075858,6.409709538897423,24.44361679843778,36.53970730031392,35.70774874777732,30.30471056815161,27.85970785086439,25.67327136948162,16.47882546263918,C7,C7: limit warming to 4°C (>50%)
TIAM-ECN 1.1,EN_NPi2100_COV,1.37832029814073,3.779909492167446,6.371956109514609,24.16535264993548,36.19272397494054,35.16485313239892,29.67258791096588,27.52677640993596,25.96313547823021,17.20033038482201,C7,C7: limit warming to 4°C (>50%)
TIAM-ECN AFR 1.1,2DC,1.275116222564461,2.953887118490731,11.67911371079593,19.69946951206082,28.15646739736762,68.79563632970779,85.36490706338382,99.43827606890395,113.41595386425766,126.3087102973665,failed-vetting,failed-vetting
TIAM-ECN AFR 1.1,CAP,1.274223300321329,2.402212476466079,7.366223148947671,13.36233444040609,21.3201944015769,68.79563632970779,85.36490706338382,99.43827606890395,113.41595386425766,126.3087102973665,failed-vetting,failed-vetting
TIAM-ECN AFR 1.1,REF,1.274020150121608,1.156940134601447,1.22670227047885,1.616191398692503,2.259735496510837,68.79563632970779,85.36490706338382,99.43827606890395,113.41595386425766,126.3087102973665,failed-vetting,failed-vetting
TIAM-ECN AFR 1.1,TAX,1.274220702337389,2.382954016460991,7.719016934633138,15.58406755557132,24.79545608131061,68.79563632970779,85.36490706338382,99.43827606890395,113.41595386425766,126.3087102973665,failed-vetting,failed-vetting
TIAM-ECN ETH 1.1,RCP2.6,1.275115355782835,2.952001111572113,11.6905240700621,19.49652547308358,28.04667847530589,68.79563632970779,85.36490706338382,99.43827606890395,113.41595386425766,126.3087102973665,failed-vetting,failed-vetting
TIAM-ECN ETH 1.1,baseline,1.274022714293062,1.443565098623092,1.591085994935705,1.890881969679781,2.560182261107463,68.79563632970779,85.36490706338382,99.43827606890395,113.41595386425766,126.3087102973665,failed-vetting,failed-vetting
TIAM-ECN KEN 1.1,CAP,1.27422072661169,2.410510903266945,7.949425527463046,15.88019702258789,27.10075069155998,68.79563632970779,85.36490706338382,99.43827606890395,113.41595386425766,126.3087102973665,failed-vetting,failed-vetting
TIAM-ECN KEN 1.1,NDC,1.274221149301202,2.401975796196421,7.362426215144668,13.27546456659511,21.27364985739725,68.79563632970779,85.36490706338382,99.43827606890395,113.41595386425766,126.3087102973665,failed-vetting,failed-vetting
TIAM-ECN KEN 1.1,REF,1.274019933098423,1.153748325180362,1.223527260336642,1.580854641505572,2.206754355805652,68.79563632970779,85.36490706338382,99.43827606890395,113.41595386425766,126.3087102973665,failed-vetting,failed-vetting
TIAM-ECN KEN 1.1,TAX,1.274220613991115,2.379915165225202,7.707681834264617,15.57759062386036,24.77324371650653,68.79563632970779,85.36490706338382,99.43827606890395,113.41595386425766,126.3087102973665,failed-vetting,failed-vetting
TIAM-ECN MDG 1.1,NDC,1.274178426784864,2.023262467073175,8.842242861426302,12.51276937007945,20.15628507439744,68.79563632970779,85.36490706338382,99.43827606890395,113.41595386425766,126.3087102973665,failed-vetting,failed-vetting
TIAM-ECN MDG 1.1,NDC+,1.274180632214323,2.391369870563317,8.537390294586325,12.51311534910826,20.07232569552591,68.79563632970779,85.36490706338382,99.43827606890395,113.41595386425766,126.3087102973665,failed-vetting,failed-vetting
TIAM-ECN MDG 1.1,REF,1.273995624159636,1.165915305969707,1.264381649412562,1.54769817436059,2.146029030660675,68.79563632970779,85.36490706338382,99.43827606890395,113.41595386425766,126.3087102973665,failed-vetting,failed-vetting
TIAM-Grantham 1.0,Baseline,1.62995053742263,2.731509335470029,4.51758211261309,7.42434809521471,10.6101956043665,16.9877009788026,26.9133121929133,41.8022689864866,66.18846089817929,86.6948975785035,failed-vetting,failed-vetting
TIAM-Grantham 3.2,CO_2Deg2020,1.6138060088375,4.220347409732,10.090642259344,24.119769819763,34.47790577516,49.21665307792,70.25561977906,100.28774693847,135.75415677511,170.32419667924,no-climate-assessment,no-climate-assessment
TIAM-Grantham 3.2,CO_2Deg2030,1.6138060088375,4.220347409732,9.150025032832,21.892192654122,31.304129457885,44.695264475169,63.81441163189,91.11154822679,123.44836140809,155.90005666587,no-climate-assessment,no-climate-assessment
TIAM-Grantham 3.2,CO_BAU,1.6138060088375,2.700354190315,5.168447231831001,12.022252974448,17.07442037221,24.35941570345,34.77383679149,49.64049602394,61.21674862969999,70.402444601,failed-vetting,failed-vetting
TIAM-Grantham 3.2,CO_Bridge,1.6138060088375,4.220347409732,10.027308544239,23.877947327642,34.06878510407,48.58285169309001,69.371965397406,98.978655096382,133.945047628905,169.43077178158,no-climate-assessment,no-climate-assessment
TIAM-Grantham 3.2,CO_CurPol,1.6138060088375,4.220347409732,8.805043005681,20.92510554003099,29.847909121065,42.58957330100001,57.082442667425,72.269925874751,86.465655375176,99.054453391302,no-climate-assessment,no-climate-assessment
TIAM-Grantham 3.2,CO_GPP,1.6138060088375,4.220347409732,10.027308544239,23.784013415413,33.91099055449001,47.16123816960901,63.513250226965,81.26851579996,103.001015473208,123.821915655292,no-climate-assessment,no-climate-assessment
TIAM-Grantham 3.2,CO_NDCplus,1.6138060088375,4.220347409732,9.150025032832,21.725777372071,30.99854498169,44.26002331973,60.29159745711,78.54565679804999,97.85443671678,117.60320150396,no-climate-assessment,no-climate-assessment
TIAM-UCL 4.1.1,SSP2_1_5D-50_CCC2020,1.355336817437231,5.467147482594005,29.45032820459262,98.44921142451872,164.8352151995328,164.0572546248697,202.0360346629208,238.5535743699845,274.9658918354653,302.8312344260922,failed-vetting,failed-vetting
TIAM-UCL 4.1.1,SSP2_1_75D-66,2.2991408543979,8.825429510669071,120.180744638146,204.57485401535,284.632596293152,334.985896588182,370.203118834263,397.656045015212,429.599963224225,448.414106285086,failed-vetting,failed-vetting
TIAM-UCL 4.1.1,SSP2_1_75D-66_CCC2020,1.355336817437231,5.467147482594005,24.25774921182037,76.54139634363206,116.6030179832946,148.3226453662733,197.6647001685334,235.0733307878501,273.0390090562904,300.6218074280115,failed-vetting,failed-vetting
TIAM-UCL 4.1.1,SSP2_2D-66,2.2991408543979,8.825429510669071,118.748478910132,192.164136041887,279.471304740279,327.592959755568,357.778327589101,389.936095226261,423.283034673819,445.757365813034,failed-vetting,failed-vetting
TIAM-UCL 4.1.1,SSP2_2D-66_CCC2020,1.355336817437231,5.467147482594005,19.91704153747281,56.50939857779514,84.76018564046491,130.2136265009126,179.2077637626515,220.3876052822528,260.8084754203365,294.7494110425051,failed-vetting,failed-vetting
TIAM-UCL 4.1.1,SSP2_BASE,2.2991408543979,8.825429510669071,7.367286266987669,3.8210103220733,0.5158410259666341,0.4950910504125341,0.570338562899228,0.8953645733252951,3.11124140054967,12.247381250987,failed-vetting,failed-vetting
TIAM-UCL 4.1.1,SSP2_BASE_CCC2020,1.355336817437231,5.467147482594005,5.090841710704652,6.286395229963893,17.32352301517645,32.03060765017681,44.81761412596016,63.6432016910684,81.30000405374734,95.86719566743795,failed-vetting,failed-vetting
TIAM-WORLD 1.0,20% abatement (FF&I),1.37329692580658,6.795506671390872,11.44344366756374,16.76429473699164,26.47350078865866,32.01098850419692,35.992339043745986,39.45567790675977,43.41184836850904,49.409948576220025,failed-vetting,failed-vetting
TIAM-WORLD 1.0,20% abatement (GHG),1.37329692580658,6.84744851556249,11.25519731030859,16.22107550776916,25.99330566599909,32.31917168195636,36.479520227893865,38.85203280908643,42.97443724980305,49.87486274175876,failed-vetting,failed-vetting
TIAM-WORLD 1.0,450 concentration,1.37329692580658,6.786438663120014,12.11270850420687,17.39943665571265,27.78532279712279,36.92552358793602,48.3514562376596,62.970162751915616,70.1104153760609,73.17862859651181,failed-vetting,failed-vetting
TIAM-WORLD 1.0,50% abatement (FF&I),1.37329692580658,6.998936900320149,12.003650288013333,16.72543641267747,25.64863106958814,31.06721545964272,35.265316489461625,40.086151188571,44.357688242938295,51.61986542600325,failed-vetting,failed-vetting
TIAM-WORLD 1.0,50% abatement (GHG),1.37329692580658,6.937833888512986,12.02787028468317,16.80340157333083,25.5751657753625,30.80585727577084,35.35379175247366,40.5013917625857,44.642646188040416,51.362074390223846,failed-vetting,failed-vetting
TIAM-WORLD 1.0,550 concentration,1.37329692580658,5.499713200052051,11.02892152082328,16.97501278420605,28.01367859606897,34.364518381182975,39.18407574344664,44.62105294466091,53.86394152922825,59.36243373356999,failed-vetting,failed-vetting
TIAM-WORLD 1.0,650 concentration,1.37329692580658,2.6039927631733693,8.788244905923221,16.50440028319216,28.21722092188508,35.29452252837351,39.71393192961056,42.201703051669455,48.544168139226535,58.770037000502086,failed-vetting,failed-vetting
TIAM-WORLD 1.0,Core baseline,1.37329692580658,2.405260465510511,7.455270185792175,13.83248799015182,23.05375907543177,27.41611290824717,33.06573914384681,36.5993267908705,38.87086636459647,41.07615906497533,failed-vetting,failed-vetting
TIAM-WORLD 1.0,High CO2 price,1.37329692580658,6.490044953339621,11.51482880051447,18.11844361971864,28.25418168395605,34.26426781733081,38.941233311371626,49.147663918373325,63.08002213470432,73.00954390486837,failed-vetting,failed-vetting
TIAM-WORLD 1.0,Low CO2 price,1.37329692580658,3.301314599642489,9.63444077805832,16.5503978593405,28.22044884482644,34.83994776630204,39.31279560687026,41.84132954518795,47.53603885615061,54.53473418023252,failed-vetting,failed-vetting
TIAM-WORLD 1.0,Policy baseline,1.385582529950637,5.965658431181244,11.735851253359767,15.96375103419798,24.79142740366215,28.904912169896832,31.72730786941397,33.954736885345014,36.12026841285904,38.67549639322457,failed-vetting,failed-vetting
WEM 2020,SDS,1.232,5.829,17.174,31.249,42.606,68.79563632970779,85.36490706338382,99.43827606890395,113.41595386425766,126.3087102973665,no-climate-assessment,no-climate-assessment
WEM 2021,NZE,1.231927185058594,5.866559912109375,28.82793515625,67.63355859375,89.226,68.79563632970779,85.36490706338382,99.43827606890395,113.41595386425766,126.3087102973665,no-climate-assessment,no-climate-assessment
WITCH 4.6,DISCRATE_Ref_dr2p,1.355483971622936,5.398206072028588,11.88981427494358,21.67042993181544,37.29098485273757,50.16403735790464,66.92392098443202,89.94400964321422,111.2247336330522,133.9986491408842,C8,C8: exceed warming of 4°C (>=50%)
WITCH 4.6,DISCRATE_Ref_dr3p,1.317870894799371,5.169950224350665,10.648944006903,18.14266292119619,29.03978693017552,40.28832260177178,55.15105082981353,71.5759136695932,91.25307586653727,112.2704536463828,C8,C8: exceed warming of 4°C (>=50%)
WITCH 4.6,DISCRATE_Ref_dr4p,1.299492320655556,5.083378136037102,9.547208610126663,15.64292371371053,24.07298468813514,33.26581207046905,46.18589715414955,60.81687049078364,76.20677265586946,95.1621358356864,C8,C8: exceed warming of 4°C (>=50%)
WITCH 4.6,DISCRATE_Ref_dr5p,1.294165580989721,4.862260000449119,8.543496071242433,14.27671683449172,21.36509778947443,28.41282926289854,38.72897403139265,52.00606689752967,66.24743791686812,82.03196263488141,C8,C8: exceed warming of 4°C (>=50%)
WITCH 4.6,DISCRATE_cb1000_cdrall_dr2p,1.355483971622936,6.192701270034661,14.86577589601918,33.37520879355408,76.90748798551171,108.8087378672248,129.4261069451235,152.5315474382029,181.4886652311136,211.941655359049,failed-vetting,failed-vetting
WITCH 4.6,DISCRATE_cb1000_cdrall_dr3p,1.317870894799371,5.874646958712439,13.84742489812568,30.83129040381836,68.86114867593815,95.59756332553016,117.6861981610046,140.7297370117046,171.4692656361867,199.5934999763466,failed-vetting,failed-vetting
WITCH 4.6,DISCRATE_cb1000_cdrall_dr4p,1.299492320655556,5.653059393186114,13.36662266060673,29.33208940475566,62.44140218318213,85.59378214149044,108.0854977447591,134.8232756260977,164.0229190015164,195.4163956139921,failed-vetting,failed-vetting
WITCH 4.6,DISCRATE_cb1000_cdrall_dr5p,1.294165580989721,5.530964206502099,12.95017648706701,28.09974407690525,55.68980229992249,78.28173550770856,100.6299847350748,129.9070811346756,157.388294306827,190.2246443482569,failed-vetting,failed-vetting
WITCH 4.6,DISCRATE_cb1000_cdrno_dr2p,1.355483971622936,6.320593648115324,15.21113486105634,33.98605537126696,74.37619448169053,108.6778627061736,130.3837202173734,160.4899142468517,189.4369436315562,213.1490423703721,failed-vetting,failed-vetting
WITCH 4.6,DISCRATE_cb1000_cdrno_dr3p,1.317870894799371,6.222483530813166,14.87943400861523,31.66869930364528,64.36248508239804,95.14137132976587,119.2250423336499,147.3993372417667,175.790520611137,200.2162928927002,failed-vetting,failed-vetting
WITCH 4.6,DISCRATE_cb1000_cdrno_dr4p,1.299492320655556,6.09970051902643,14.36954835917844,29.75002252719485,56.57307446316901,83.85267845622403,110.5533145548387,137.2529332017536,163.2769193550769,189.4826813100158,failed-vetting,failed-vetting
WITCH 4.6,DISCRATE_cb1000_cdrno_dr5p,1.294165580989721,5.851834041343023,13.81007116899615,28.27973134962956,51.88194149843595,76.27930522694035,103.4761910681943,130.9572336091484,154.4681979070326,181.594051077564,failed-vetting,failed-vetting
WITCH 4.6,DISCRATE_cb400_cdrall_dr2p,1.355483971622936,6.291544032188051,15.29023225909788,34.57068349205538,79.8166784098191,114.629553799164,137.0749789181973,167.1692520202469,197.968341715132,225.102529117949,failed-vetting,failed-vetting
WITCH 4.6,DISCRATE_cb400_cdrall_dr3p,1.317870894799371,6.051237125483618,14.57691855338757,32.36093478772707,72.37012951430472,101.994466062711,129.1187123655367,155.6310154239467,184.4684218628024,216.5860405936217,failed-vetting,failed-vetting
WITCH 4.6,DISCRATE_cb400_cdrall_dr4p,1.299492320655556,5.734925532953302,13.62300244356125,30.34948291402548,66.67798278474197,93.87035881300466,119.7910754251499,146.1478269596077,175.365660620161,210.0043659426815,failed-vetting,failed-vetting
WITCH 4.6,DISCRATE_cb400_cdrall_dr5p,1.294165580989721,5.609108011897487,13.3047018694647,29.24786770771368,62.34717992196016,87.08679752908593,112.1044067635203,140.5387468856123,169.5277096057302,203.9974170903791,failed-vetting,failed-vetting
WITCH 4.6,DISCRATE_cb400_cdrno_dr2p,1.355483971622936,6.332566546933261,15.53406378793419,35.46461368919184,82.60534617675887,123.6661809846713,153.9185228194916,183.8664342718507,209.6959049174709,232.0818712305159,failed-vetting,failed-vetting
WITCH 4.6,DISCRATE_cb400_cdrno_dr3p,1.317870894799371,6.261464457444103,15.34063584074685,33.72905343891299,74.73470786725426,113.4443147645309,138.849607255757,167.970326211774,194.7142762928021,222.1331056388031,failed-vetting,failed-vetting
WITCH 4.6,DISCRATE_cb400_cdrno_dr4p,1.299492320655556,6.18146003144102,15.14556894967672,32.35653737691725,68.26571535621653,102.7295690545918,127.9255099033546,155.0458294603713,181.0122226699928,217.3991649593923,failed-vetting,failed-vetting
WITCH 4.6,DISCRATE_cb400_cdrno_dr5p,1.294165580989721,6.135006203794411,15.03518691500389,31.35940833368436,63.39908613699959,94.39346164995786,119.8295847644546,144.5763663190886,173.6417988258951,212.5900540598677,failed-vetting,failed-vetting
WITCH 4.6,DISCRATE_cb600_cdrall_dr2p,1.355483971622936,6.268746465877264,15.0929293257386,34.24505750501999,79.59866734746616,112.5907030826752,133.1446094927518,162.3141242693089,192.1847585197567,218.7846948266768,failed-vetting,failed-vetting
WITCH 4.6,DISCRATE_cb600_cdrall_dr3p,1.317870894799371,5.962562067166751,14.34050619708298,31.77220005934905,71.26715750333088,99.85177514156948,124.3408660511628,150.4870796213437,181.530981184149,211.6176260159882,failed-vetting,failed-vetting
WITCH 4.6,DISCRATE_cb600_cdrall_dr4p,1.299492320655556,5.690737205813518,13.54541747121298,29.95326498989499,65.13467318281344,89.89505430082964,115.419041513737,142.6743670742743,171.0558426026784,204.0768638983383,failed-vetting,failed-vetting
WITCH 4.6,DISCRATE_cb600_cdrall_dr5p,1.294165580989721,5.609063277760065,13.26413999263414,29.00201551818327,60.63130461864005,84.4548575079989,109.5656058029105,138.0737922142582,166.3273034671764,200.2732573965492,failed-vetting,failed-vetting
WITCH 4.6,DISCRATE_cb600_cdrno_dr2p,1.355483971622936,6.326993628677984,15.45573734797206,35.06631077347797,79.11192360108689,117.1831644075186,146.4534670746307,176.5190510382483,203.4343720688107,225.2217671325835,failed-vetting,failed-vetting
WITCH 4.6,DISCRATE_cb600_cdrno_dr3p,1.317870894799371,6.252125225621196,15.21707519480205,32.74368194346701,70.7324810676111,106.1456364656057,133.168708026745,161.9781028030392,187.0259066554282,211.7455938815856,failed-vetting,failed-vetting
WITCH 4.6,DISCRATE_cb600_cdrno_dr4p,1.299492320655556,6.14579418815735,14.99403738217473,31.4073452654795,64.09479604753412,96.32806686923696,124.690608034049,148.1623250617918,174.2365585169801,202.690300299703,failed-vetting,failed-vetting
WITCH 4.6,DISCRATE_cb600_cdrno_dr5p,1.294165580989721,6.105932754178369,14.68425886746775,30.42378747080744,59.20583128320297,89.06480588358865,115.2366640999996,139.3492615836345,165.6300879725257,197.3877824053816,failed-vetting,failed-vetting
WITCH 5.0,CO_2Deg2020,1.354655225417002,6.27828528038649,22.36329873249876,48.2643803067893,73.90203784877424,101.4661032107713,131.1149877015186,161.9041160925157,182.8436749114608,199.0752435954137,C3,C3: limit warming to 2°C (>67%)
WITCH 5.0,CO_2Deg2030,1.354655225417002,6.27828528038649,21.61131576316201,51.09974575770057,77.88311122011362,106.826790883993,137.1074895458206,168.2071886261366,188.9190455654709,208.1749076600438,C3,C3: limit warming to 2°C (>67%)
WITCH 5.0,CO_BAU,1.354655225417002,6.271220761695941,20.0835386038626,34.20432452270431,53.65742870436855,79.74486543115319,105.4929580179968,130.9170008291696,150.820651882665,165.8589598732161,C7,C7: limit warming to 4°C (>50%)
WITCH 5.0,CO_Bridge,1.36244490059328,6.33779701408998,14.4146458652953,40.701572160248,101.569105589282,186.202752414704,262.582482755725,337.900365177702,392.3954866253,448.394841494779,C3,C3: limit warming to 2°C (>67%)
WITCH 5.0,CO_CurPol,1.354655225417002,6.27828528038649,20.29533959369815,34.92187864461001,53.55967311655526,78.45113589197382,102.5421186440873,125.615845119951,143.1627544292096,158.5503310533002,C7,C7: limit warming to 4°C (>50%)
WITCH 5.0,CO_GPP,1.354655225417002,6.27828528038649,21.55423335542921,46.02880748436935,71.66864291037624,98.9617978526028,125.1015880890154,146.1277454337764,162.0941942553948,174.9629305131596,C5,C5: limit warming to 2.5°C (>50%)
WITCH 5.0,CO_NDC_2050convergence,1.354655225417002,6.27828528038649,21.61131576316201,42.43018857888461,70.75328300563748,95.30647418115385,118.2864249360005,138.7681008885226,154.8862498865898,168.0390367165508,C5,C5: limit warming to 2.5°C (>50%)
WITCH 5.0,CO_NDCplus,1.354655225417002,6.27828528038649,21.61131576316201,40.62362038121085,64.75599202778506,88.89105431040227,112.1082251385319,134.024209983452,151.6387733685617,166.440437356669,C6,C6: limit warming to 3°C (>50%)
WITCH 5.0,EN_INDCi2030_1000,1.362444900593276,6.381679747115157,22.97394120516428,57.76665275648649,105.7821939996552,145.8325831659969,180.1415396830397,202.6146311032354,215.2388685087784,225.5349154539305,C3,C3: limit warming to 2°C (>67%)
WITCH 5.0,EN_INDCi2030_1000_NDCp,1.362444900593276,6.381692632665968,22.95218772219076,57.69714262621036,105.636360812629,146.3656591244851,180.4440641808173,202.7441803516073,215.4953023560505,225.8230606901177,C3,C3: limit warming to 2°C (>67%)
WITCH 5.0,EN_INDCi2030_1000f,1.362444900593276,6.381679747115157,22.97394120516428,57.18260391843803,104.9780413688001,144.01630493156,176.0244759950232,202.9823708158666,224.2732872670735,237.4249419921692,C3,C3: limit warming to 2°C (>67%)
WITCH 5.0,EN_INDCi2030_1000f_NDCp,1.362444900593276,6.381692632665968,22.95218772219076,57.08610294711561,104.9411980366846,143.8761662570299,174.5781211724488,201.9156916238147,223.5181206075388,238.50940299964,C3,C3: limit warming to 2°C (>67%)
WITCH 5.0,EN_INDCi2030_1200,1.362444900593276,6.381679747115157,22.97394120516428,57.00738548712003,104.5710665683673,144.2900224912371,174.235445681398,199.58945686356,216.4257732099668,226.6563538739513,C4,C4: limit warming to 2°C (>50%)
WITCH 5.0,EN_INDCi2030_1200_NDCp,1.362444900593276,6.381692632665968,22.95218772219076,56.93801463423509,104.3055928012924,142.9845955637061,173.2560793189968,197.9657543078301,215.6728941570777,225.4791584934232,C4,C4: limit warming to 2°C (>50%)
WITCH 5.0,EN_INDCi2030_1200f,1.362444900593276,6.381679747115157,22.97394120516428,56.82339733652493,104.2524101687069,142.503855889816,171.0218904779474,196.3166982672491,218.6490436486902,234.8172171290266,C4,C4: limit warming to 2°C (>50%)
WITCH 5.0,EN_INDCi2030_1200f_NDCp,1.362444900593276,6.381692632665968,22.95218772219076,56.82503604027113,104.4102982288412,142.3256802771967,170.2141279888363,194.9090382091366,217.045876744189,234.0055034810594,C4,C4: limit warming to 2°C (>50%)
WITCH 5.0,EN_INDCi2030_1400,1.362444900593276,6.381679747115157,22.97394120516428,56.85735407306474,103.7499412191009,142.495623563219,169.4627430987476,192.4966613523637,214.5506154969623,227.4022551466296,C4,C4: limit warming to 2°C (>50%)
WITCH 5.0,EN_INDCi2030_1400_NDCp,1.362444900593276,6.381692632665968,22.95218772219076,56.76946586430358,104.1652032252707,142.3376407670304,169.3065826253101,190.7888973253013,212.9887710387999,226.5622473040112,C4,C4: limit warming to 2°C (>50%)
WITCH 5.0,EN_INDCi2030_1400f,1.362444900593276,6.381679747115157,22.97394120516428,56.66827158041426,103.605334941174,142.0528779087979,168.9614595434026,189.9263015061255,211.3021615884672,227.2936008112077,C4,C4: limit warming to 2°C (>50%)
WITCH 5.0,EN_INDCi2030_1400f_NDCp,1.362444900593276,6.381692632665968,22.95218772219076,56.56767691120377,103.7469671563998,142.0639622450128,168.6433635964169,189.0327541382125,210.2541843686062,226.7155635442198,C4,C4: limit warming to 2°C (>50%)
WITCH 5.0,EN_INDCi2030_1600,1.362444900593276,6.381679747115157,22.97394120516428,56.45105447309767,102.7134088293202,141.7506039555076,168.3863471714527,187.0957990187021,207.0822423819984,221.5423924758776,C5,C5: limit warming to 2.5°C (>50%)
WITCH 5.0,EN_INDCi2030_1600_NDCp,1.362444900593276,6.381692632665968,22.95218772219076,56.48431496019803,102.7489838381034,141.4296204740637,168.4904383800933,187.8459225670926,207.8599623056581,222.3911447880637,C5,C5: limit warming to 2.5°C (>50%)
WITCH 5.0,EN_INDCi2030_1600f,1.362444900593276,6.381679747115157,22.97394120516428,56.39009503029031,102.4636465324631,141.3001198533521,168.1364204566485,187.6515055547496,206.5719882377456,222.2561145762229,C5,C5: limit warming to 2.5°C (>50%)
WITCH 5.0,EN_INDCi2030_1600f_NDCp,1.362444900593276,6.381692632665968,22.95218772219076,56.48526003469791,102.6234124822348,141.210446223961,168.197638574912,187.3019677357266,205.8836158336559,221.1181662800468,C5,C5: limit warming to 2.5°C (>50%)
WITCH 5.0,EN_INDCi2030_1800,1.362444900593276,6.381679747115157,22.97394120516428,56.46059043002121,101.601329597538,140.0587308341789,167.0657500109218,185.3873838421502,200.8254400375191,216.6316605860077,C5,C5: limit warming to 2.5°C (>50%)
WITCH 5.0,EN_INDCi2030_1800_NDCp,1.362444900593276,6.381692632665968,22.95218772219076,56.53768385797551,101.5064452344409,139.3205423337641,166.8351809331592,185.0004826264099,200.2759629221101,216.4431412471208,C5,C5: limit warming to 2.5°C (>50%)
WITCH 5.0,EN_INDCi2030_1800f,1.362444900593276,6.381679747115157,22.97394120516428,56.46059043002121,101.601329597538,140.0587308341789,167.0657500109218,185.3873838421502,200.8254400375191,216.6316605860077,C5,C5: limit warming to 2.5°C (>50%)
WITCH 5.0,EN_INDCi2030_1800f_NDCp,1.362444900593276,6.381692632665968,22.95218772219076,56.53768385797551,101.5064452344409,139.3205423337641,166.8351809331592,185.0004826264099,200.2759629221101,216.4431412471208,C5,C5: limit warming to 2.5°C (>50%)
WITCH 5.0,EN_INDCi2030_2000,1.362444900593276,6.381679747115157,22.97394120516428,56.52735208916464,100.9756213826143,137.5075121732074,164.6690829019581,182.607159342894,196.8221889206394,212.820067965715,C5,C5: limit warming to 2.5°C (>50%)
WITCH 5.0,EN_INDCi2030_2000_NDCp,1.362444900593276,6.381692632665968,22.95218772219076,56.60792154060751,100.8257280869495,137.0694746914717,164.1413779909874,182.1960281052925,196.6021328534082,212.5891328661093,C5,C5: limit warming to 2.5°C (>50%)
WITCH 5.0,EN_INDCi2030_2000f,1.362444900593276,6.381679747115157,22.97394120516428,56.52735208916464,100.9756213826143,137.5075121732074,164.6690829019581,182.607159342894,196.8221889206394,212.820067965715,C5,C5: limit warming to 2.5°C (>50%)
WITCH 5.0,EN_INDCi2030_2000f_NDCp,1.362444900593276,6.381692632665968,22.95218772219076,56.60792154060751,100.8257280869495,137.0694746914717,164.1413779909874,182.1960281052925,196.6021328534082,212.5891328661093,C5,C5: limit warming to 2.5°C (>50%)
WITCH 5.0,EN_INDCi2030_2500,1.362444900593276,6.381679747115157,22.97394120516428,55.65612024738482,98.3086679683246,132.387586719136,159.706960884513,177.325493974618,191.0332407378266,205.4044731193944,C5,C5: limit warming to 2.5°C (>50%)
WITCH 5.0,EN_INDCi2030_2500_NDCp,1.362444900593276,6.381692632665968,22.95218772219076,55.49274782792379,98.16958814988968,132.2495515428427,159.7233726204817,177.193246745455,190.7352251331556,205.1012443684857,C5,C5: limit warming to 2.5°C (>50%)
WITCH 5.0,EN_INDCi2030_2500f,1.362444900593276,6.381679747115157,22.97394120516428,55.65612024738482,98.3086679683246,132.387586719136,159.706960884513,177.325493974618,191.0332407378266,205.4044731193944,C5,C5: limit warming to 2.5°C (>50%)
WITCH 5.0,EN_INDCi2030_2500f_NDCp,1.362444900593276,6.381692632665968,22.95218772219076,55.49274782792379,98.16958814988968,132.2495515428427,159.7233726204817,177.193246745455,190.7352251331556,205.1012443684857,C5,C5: limit warming to 2.5°C (>50%)
WITCH 5.0,EN_INDCi2030_3000,1.362444900593276,6.381679747115157,22.97394120516428,52.5135001826378,94.73479427490612,127.0698959540185,155.1277935940375,172.1557527487745,185.7866670111947,200.094603108203,C6,C6: limit warming to 3°C (>50%)
WITCH 5.0,EN_INDCi2030_3000_NDCp,1.362444900593276,6.381692632665968,22.95218772219076,52.38924315042862,94.4518576180824,126.8135615144405,154.8749035889842,171.9482119369798,185.5580969947658,199.8566739492187,C6,C6: limit warming to 3°C (>50%)
WITCH 5.0,EN_INDCi2030_3000f,1.362444900593276,6.381679747115157,22.97394120516428,52.5135001826378,94.73479427490612,127.0698959540185,155.1277935940375,172.1557527487745,185.7866670111947,200.094603108203,C6,C6: limit warming to 3°C (>50%)
WITCH 5.0,EN_INDCi2030_3000f_NDCp,1.362444900593276,6.381692632665968,22.95218772219076,52.38924315042862,94.4518576180824,126.8135615144405,154.8749035889842,171.9482119369798,185.5580969947658,199.8566739492187,C6,C6: limit warming to 3°C (>50%)
WITCH 5.0,EN_INDCi2030_500f,1.362444900593276,6.381679747115157,22.97394120516428,58.73278898863974,107.5474036045263,150.9860525872876,186.0119347622116,217.0648930072076,234.251325030133,249.3480034241132,C2,C2: return warming to 1.5°C (>50%) after a high overshoot
WITCH 5.0,EN_INDCi2030_600f,1.362444900593276,6.381679747115157,22.97394120516428,58.25454317974862,106.7196036295524,150.7810428257436,185.3126269091306,214.6571014191797,232.3894871822626,245.9413597005432,C3,C3: limit warming to 2°C (>67%)
WITCH 5.0,EN_INDCi2030_600f_NDCp,1.362444900593276,6.381692632665968,22.95218772219076,58.3095939943771,107.6215526706456,150.5139777952334,184.9353034082013,213.7972431063082,231.3693199222555,244.7422523236642,C3,C3: limit warming to 2°C (>67%)
WITCH 5.0,EN_INDCi2030_700f,1.362444900593276,6.381679747115157,22.97394120516428,58.13025125579016,106.5547277562651,150.057110892854,184.2399949024464,211.1133935973669,230.1258592779559,243.3151354329116,C3,C3: limit warming to 2°C (>67%)
WITCH 5.0,EN_INDCi2030_700f_NDCp,1.362444900593276,6.381692632665968,22.95218772219076,58.26382732542479,106.8011871631688,149.8751040746224,183.9348926326892,209.2495026893483,228.9578730239232,242.4324130914884,C3,C3: limit warming to 2°C (>67%)
WITCH 5.0,EN_INDCi2030_800,1.362444900593276,6.381679747115157,22.97394120516428,58.49109560858786,108.8052384675794,152.4256773519797,182.5257084252029,199.9792564047499,216.3911809509772,225.928015760292,C3,C3: limit warming to 2°C (>67%)
WITCH 5.0,EN_INDCi2030_800_NDCp,1.362444900593276,6.381692632665968,22.95218772219076,58.1852718256531,110.0139775858749,152.0882845935257,182.7331189095133,200.8514626421116,216.6088179211312,227.833607398564,C3,C3: limit warming to 2°C (>67%)
WITCH 5.0,EN_INDCi2030_800f,1.362444900593276,6.381679747115157,22.97394120516428,58.02628879832335,106.0857000639515,148.4787676676633,183.0718783178507,208.4547182782515,227.9535469932379,240.7668705447688,C3,C3: limit warming to 2°C (>67%)
WITCH 5.0,EN_INDCi2030_800f_NDCp,1.362444900593276,6.381692632665968,22.95218772219076,57.97718880869766,106.5231075322224,147.2990732318665,181.2589686449133,207.6331947444308,227.3699824097264,240.0906977487142,C3,C3: limit warming to 2°C (>67%)
WITCH 5.0,EN_INDCi2030_900,1.362444900593276,6.381679747115157,22.97394120516428,58.05992176771947,106.8157845229855,150.9545443276815,185.3901965647684,201.8873342679211,217.3089810962184,227.4946076613365,C3,C3: limit warming to 2°C (>67%)
WITCH 5.0,EN_INDCi2030_900_NDCp,1.362444900593276,6.381692632665968,22.95218772219076,58.10207820531492,106.766878700055,148.8785599966086,183.7164494430201,199.6159721478052,214.8392167437655,226.2390611998217,C3,C3: limit warming to 2°C (>67%)
WITCH 5.0,EN_INDCi2030_900f,1.362444900593276,6.381679747115157,22.97394120516428,57.75985259997204,105.9352123418472,145.8811873893636,179.6257958442086,205.5618498898305,226.0666902306185,238.8830534447372,C3,C3: limit warming to 2°C (>67%)
WITCH 5.0,EN_INDCi2030_900f_NDCp,1.362444900593276,6.381692632665968,22.95218772219076,57.5652451762312,105.7357225532717,145.3624708639028,178.2714192266772,205.804741522875,225.5375231707268,238.1745064200015,C3,C3: limit warming to 2°C (>67%)
WITCH 5.0,EN_INDCi2100,1.362444900593276,6.381679747115157,22.97394120516428,54.36040933746659,96.82562189147208,139.0468720453409,174.7674380644267,196.9803342047676,213.8541279511076,229.126979130635,C6,C6: limit warming to 3°C (>50%)
WITCH 5.0,EN_INDCi2100_NDCp,1.362444900593276,6.381692632665968,22.95218772219076,55.69174726837655,99.28032636290408,134.2732612798376,160.4504594365036,176.133789095421,187.4900018383134,199.6340030320198,C6,C6: limit warming to 3°C (>50%)
WITCH 5.0,EN_NPi2020_1000,1.362444900593276,6.378294967502884,23.09689637718878,56.88611023135756,104.9825967536017,143.3070966304571,173.6929089604488,198.6121206593089,215.0191094871517,223.5623855074808,C3,C3: limit warming to 2°C (>67%)
WITCH 5.0,EN_NPi2020_1000f,1.362444900593276,6.378294967502884,23.00267187853724,56.70567817455564,104.0383374461517,142.4526712001836,170.8415090956836,196.2959864891035,217.8607129796488,233.6533598918064,C3,C3: limit warming to 2°C (>67%)
WITCH 5.0,EN_NPi2020_1200,1.362444900593276,6.378294967502884,22.99584670922172,56.63532167673583,104.0643609528047,142.1056062348908,169.7534187859152,192.8952408716057,213.0792327540344,224.0640265006892,C4,C4: limit warming to 2°C (>50%)
WITCH 5.0,EN_NPi2020_1200f,1.362444900593276,6.378294967502884,22.96768815934212,56.59244580948737,103.9401455087161,141.3027325476655,168.8144453004415,191.0501285329801,212.0563334001107,228.0387305535421,C4,C4: limit warming to 2°C (>50%)
WITCH 5.0,EN_NPi2020_1400,1.362444900593276,6.378294967502884,22.88875016473943,56.42735997650819,103.5161936217072,141.6843058990832,168.2520582735596,188.5868570961032,208.3677564162445,221.9461607235656,C4,C4: limit warming to 2°C (>50%)
WITCH 5.0,EN_NPi2020_1400f,1.362444900593276,6.378294967502884,22.88512681407733,56.49470613519949,103.1983576141779,141.251707374012,167.5187295619631,186.5827966095214,207.3273954127056,222.0141421206973,C4,C4: limit warming to 2°C (>50%)
WITCH 5.0,EN_NPi2020_1600,1.362444900593276,6.378294967502884,22.80845092361109,56.52670836955296,102.3369659944241,140.6573453493752,167.0413124018359,185.5081645057058,203.7093121108458,218.592907503044,C4,C4: limit warming to 2°C (>50%)
WITCH 5.0,EN_NPi2020_1600f,1.362444900593276,6.378294967502884,22.80918060700819,56.53692193251595,102.2323925853374,139.9988908248927,167.2336985910443,186.473482802709,203.1101308827691,217.8557093988039,C4,C4: limit warming to 2°C (>50%)
WITCH 5.0,EN_NPi2020_1800,1.362444900593276,6.378294967502884,22.76838715533987,56.587704341414,101.6452983745968,138.259036998354,165.5677293347714,184.4324224884541,198.9682758519597,214.7551112445541,C5,C5: limit warming to 2.5°C (>50%)
WITCH 5.0,EN_NPi2020_1800f,1.362444900593276,6.378294967502884,22.76838715533987,56.587704341414,101.6452983745968,138.259036998354,165.5677293347714,184.4324224884541,198.9682758519597,214.7551112445541,C5,C5: limit warming to 2.5°C (>50%)
WITCH 5.0,EN_NPi2020_2000,1.362444900593276,6.378294967502884,22.73231429814808,56.57437307347622,101.163093182861,136.7298862241805,163.5236948398523,181.6677559486897,196.299270745612,211.4721506645458,C5,C5: limit warming to 2.5°C (>50%)
WITCH 5.0,EN_NPi2020_2000f,1.362444900593276,6.378294967502884,22.73231429814808,56.57437307347622,101.163093182861,136.7298862241805,163.5236948398523,181.6677559486897,196.299270745612,211.4721506645458,C5,C5: limit warming to 2.5°C (>50%)
WITCH 5.0,EN_NPi2020_2500,1.362444900593276,6.378294967502884,22.62339046131069,56.1406261589785,98.249054519821,132.1356966117565,159.4991023368632,177.1230897765594,191.0121580128446,205.4155176724195,C5,C5: limit warming to 2.5°C (>50%)
WITCH 5.0,EN_NPi2020_2500f,1.362444900593276,6.378294967502884,22.62339046131069,56.1406261589785,98.249054519821,132.1356966117565,159.4991023368632,177.1230897765594,191.0121580128446,205.4155176724195,C5,C5: limit warming to 2.5°C (>50%)
WITCH 5.0,EN_NPi2020_3000,1.362444900593276,6.378294967502884,22.63300743740175,53.36300366962672,93.18896724874064,127.1225830586141,155.0645995429323,172.4293279725473,186.5048734642916,200.5776635568238,C6,C6: limit warming to 3°C (>50%)
WITCH 5.0,EN_NPi2020_3000f,1.362444900593276,6.378294967502884,22.63300743740175,53.36300366962672,93.18896724874064,127.1225830586141,155.0645995429323,172.4293279725473,186.5048734642916,200.5776635568238,C6,C6: limit warming to 3°C (>50%)
WITCH 5.0,EN_NPi2020_400f,1.362444900593276,6.378294967502884,23.25612945553544,58.0376607986994,107.1396257567189,152.2428804834355,184.8803061386561,211.8117377628311,228.5468400178556,241.0275686323322,C1,C1: limit warming to 1.5°C (>50%) with no or limited overshoot
WITCH 5.0,EN_NPi2020_450,1.362444900593276,6.378294967502884,23.7550280537459,59.29436854087911,111.7519008151009,149.9484504356973,178.9737363427014,198.2877593431313,212.3195538586551,222.9719436856642,C1,C1: limit warming to 1.5°C (>50%) with no or limited overshoot
WITCH 5.0,EN_NPi2020_450f,1.362444900593276,6.378294967502884,23.21168408019738,57.74351783035289,106.3868615330741,151.3433493351838,184.5333511410214,210.5396140290504,227.4110235149738,240.4995093864767,C1,C1: limit warming to 1.5°C (>50%) with no or limited overshoot
WITCH 5.0,EN_NPi2020_500,1.362444900593276,6.378294967502884,23.52777341789072,59.03455022677528,111.0833380757018,152.1503732280513,181.5125389263801,199.3578674395704,215.2477958141455,225.3565973821037,C1,C1: limit warming to 1.5°C (>50%) with no or limited overshoot
WITCH 5.0,EN_NPi2020_500f,1.362444900593276,6.378294967502884,23.1813098460976,57.47326138707158,105.8044349360614,150.1352107817028,184.1322711696414,209.2071155553345,226.2308976504911,239.5238600787757,C1,C1: limit warming to 1.5°C (>50%) with no or limited overshoot
WITCH 5.0,EN_NPi2020_600,1.362444900593276,6.378294967502884,23.2987081149032,58.34230955399742,109.8715476748323,153.63466071302,183.1499527291489,200.550680426382,216.4415471879747,226.5778428923767,C3,C3: limit warming to 2°C (>67%)
WITCH 5.0,EN_NPi2020_600f,1.362444900593276,6.378294967502884,23.15005800978928,57.42452820322568,105.2947219907118,147.9657396016761,181.8194114352933,207.0554175183569,224.6060558197873,237.6708067876333,C3,C3: limit warming to 2°C (>67%)
WITCH 5.0,EN_NPi2020_700,1.362444900593276,6.378294967502884,23.24487798623951,57.40385276851767,105.8604522386776,150.2722364800813,183.3591246178935,198.9638783192697,215.2478801522949,224.4612132964347,C3,C3: limit warming to 2°C (>67%)
WITCH 5.0,EN_NPi2020_700f,1.362444900593276,6.378294967502884,23.09117822720988,57.1715111728717,105.5136297012172,145.6718562603911,179.2359642240997,205.7048555653634,224.718295369674,235.9265979238311,C3,C3: limit warming to 2°C (>67%)
WITCH 5.0,EN_NPi2020_800,1.362444900593276,6.424222297847888,23.1779501307232,57.83404646450042,106.7060879142742,147.7865150266178,180.7983454400345,199.5925364840933,213.2575593319381,221.2543432097868,C3,C3: limit warming to 2°C (>67%)
WITCH 5.0,EN_NPi2020_800f,1.362444900593276,6.378294967502884,23.04841612363786,56.95446256600758,104.8834555135767,143.7705070054823,175.3957494441924,202.1342465574429,222.4836069679761,235.043837657584,C3,C3: limit warming to 2°C (>67%)
WITCH 5.0,EN_NPi2020_900,1.362444900593276,6.424222297847888,23.09553364157371,57.60273147530052,106.6895692510527,145.0934853870896,177.3691946566588,202.2792352274126,213.8683964071864,223.1032441259474,C3,C3: limit warming to 2°C (>67%)
WITCH 5.0,EN_NPi2020_900f,1.362444900593276,6.378294967502884,23.03098990065909,56.78566802039794,104.3558556618423,142.6516294449106,172.5337020143085,199.3445569658783,220.0172885555597,234.9296089497126,C3,C3: limit warming to 2°C (>67%)
WITCH 5.0,EN_NPi2100,1.362444900593276,6.378294967502884,22.4855221895182,52.97311294233879,89.6096219697499,122.3878612467123,150.2810696389309,167.4052213367469,180.4953805228639,194.7187060935281,C7,C7: limit warming to 4°C (>50%)
WITCH 5.0,EN_NoPolicy,1.362444900593276,6.371473927154892,22.25766282594907,53.47074341503266,92.12135808129584,126.5377485710323,157.3643126554689,174.50582162558,187.5789240176154,201.8326680430532,C7,C7: limit warming to 4°C (>50%)
WITCH-GLOBIOM 3.1,SSP1-19,1.34381930309042,5.75060779167935,14.5590658347527,35.9721199656437,105.481631959088,186.842763849691,234.8332371079209,259.095964310708,261.529057693642,260.56561195982,C1,C1: limit warming to 1.5°C (>50%) with no or limited overshoot
WITCH-GLOBIOM 3.1,SSP1-26,1.34381930309042,23.6004085801928,61.714518482206,100.765118843382,139.543544092402,172.21644506559,201.450771362584,225.529154182377,247.2850729342369,251.31366930503,failed-vetting,failed-vetting
WITCH-GLOBIOM 3.1,SSP1-34,1.34381930309042,19.2876781039613,49.352445412813,78.65084642939681,114.834580860204,148.491616471123,164.406937078803,172.683269516641,182.948914799461,188.252031670013,failed-vetting,failed-vetting
WITCH-GLOBIOM 3.1,SSP1-45,1.34381930309042,17.2461310962533,43.7523402481262,68.4925812430414,95.8280855803973,128.587280570865,154.44256297663,168.442655635933,177.261284361646,178.136238882069,failed-vetting,failed-vetting
WITCH-GLOBIOM 3.1,SSP1-Baseline,1.34381930309042,5.562156138101799,14.2034050866748,30.3141650791651,54.5934711448036,69.5474108774323,86.2056214101033,101.076287330364,117.653370789361,135.260018322863,C7,C7: limit warming to 4°C (>50%)
WITCH-GLOBIOM 3.1,SSP2-26,1.34381930309042,21.5479479340068,50.94976892272861,77.9746627375339,110.207733429059,142.517101885453,179.935189710718,219.362194682039,276.425425235958,307.217906945051,failed-vetting,failed-vetting
WITCH-GLOBIOM 3.1,SSP2-34,1.34381930309042,16.1380607902081,36.4818895827874,58.1234528518958,85.45325292219509,115.434532608442,144.405712007995,177.093595783157,216.525168913419,261.334759111021,failed-vetting,failed-vetting
WITCH-GLOBIOM 3.1,SSP2-45,1.34381930309042,13.933347948549,29.3607936447312,46.4274054237545,68.0199977367552,95.1726096912501,125.661781828358,153.103430023089,186.829443127434,223.295932447862,failed-vetting,failed-vetting
WITCH-GLOBIOM 3.1,SSP2-60,1.34381930309042,12.5914223516639,23.8804886920735,36.3041802744871,52.33517640268129,73.87256096720341,101.704580390807,136.633110668418,169.1920403984,204.295537215711,failed-vetting,failed-vetting
WITCH-GLOBIOM 3.1,SSP2-Baseline,1.34381930309042,5.143661191557889,11.2064719144692,18.9417854378404,29.6591317205501,42.3355916993149,59.7026563244969,80.1092925439827,105.788741538422,135.677573658784,C8,C8: exceed warming of 4°C (>=50%)
WITCH-GLOBIOM 3.1,SSP3-34,1.34381930309042,20.5481493950123,44.50131570155301,67.4393028902181,90.6304850819169,116.599900490796,141.371928058252,164.290117837901,185.490706255179,206.245863650885,failed-vetting,failed-vetting
WITCH-GLOBIOM 3.1,SSP3-45,1.34381930309042,13.9651680887851,26.0377296523786,40.1304120229164,56.0029500202071,75.5239629549889,96.9845234117549,114.040136251945,126.125988763507,138.187443051467,failed-vetting,failed-vetting
WITCH-GLOBIOM 3.1,SSP3-60,1.34381930309042,11.8730291817877,18.2793758737523,26.2664900244846,35.9746499149149,48.585933088483,63.3718574947905,83.26243256079829,104.055242617284,115.925721163202,failed-vetting,failed-vetting
WITCH-GLOBIOM 3.1,SSP3-Baseline,1.34381930309042,5.25808089708477,9.87033952620491,15.9918104033496,20.6773133570866,23.7783269317116,28.6182354022331,35.3854627979234,43.368126398798,52.03603865551639,C8,C8: exceed warming of 4°C (>=50%)
WITCH-GLOBIOM 3.1,SSP4-19,1.34381930309042,5.74967923855232,14.5672304581991,36.1387386136469,104.757267337304,179.9937014984,217.959636604177,226.560143780096,233.666160149811,241.065207127655,C1,C1: limit warming to 1.5°C (>50%) with no or limited overshoot
WITCH-GLOBIOM 3.1,SSP4-26,1.34381930309042,23.0508409243599,59.737541709759,96.6504984961254,136.842776775245,158.32380519291,175.978325233122,194.278524825962,216.465391967917,231.598156203661,failed-vetting,failed-vetting
WITCH-GLOBIOM 3.1,SSP4-34,1.34381930309042,19.3835869255899,49.57535591679729,78.6906075210977,113.324036627609,142.195185277813,156.188720510076,168.727055073724,182.5367225271631,200.387773242408,failed-vetting,failed-vetting
WITCH-GLOBIOM 3.1,SSP4-45,1.34381930309042,18.0757904026469,46.0501195037576,71.5329054993679,98.90479861507627,129.252254244049,147.051473792169,155.99241790707,166.179603093411,178.68699666042,failed-vetting,failed-vetting
WITCH-GLOBIOM 3.1,SSP4-60,1.34381930309042,17.097899028893,43.9882042213448,67.3688844369551,89.1838903278603,104.847102264298,117.910354417617,134.465980888963,144.662568549887,153.01518400597,failed-vetting,failed-vetting
WITCH-GLOBIOM 3.1,SSP4-Baseline,1.34381930309042,5.63974424581316,14.7759522970183,31.7492976499789,54.8757012095803,66.75084454589229,79.7612862709948,97.327295364768,113.600670584468,135.179306624069,C7,C7: limit warming to 4°C (>50%)
WITCH-GLOBIOM 3.1,SSP5-34,1.34381930309042,18.7385448195398,44.8977638445547,72.8298545290703,109.82662663393,154.024017128654,202.928498849613,255.541387608559,328.003525489546,388.534659832305,failed-vetting,failed-vetting
WITCH-GLOBIOM 3.1,SSP5-45,1.34381930309042,14.2121575803582,32.0409866959505,53.2081492700924,82.952587941503,119.472575315834,157.118835387303,203.199876012341,251.361964027943,315.341939565277,failed-vetting,failed-vetting
WITCH-GLOBIOM 3.1,SSP5-60,1.34381930309042,12.1915807995383,24.93111131090449,40.0064163354277,61.6535033817999,96.95278123489972,130.705512699332,169.562405637202,214.721057088879,263.200304430528,failed-vetting,failed-vetting
WITCH-GLOBIOM 3.1,SSP5-Baseline,1.34381930309042,5.08780654273143,11.0019783899065,18.5140021569339,28.5234981744446,42.2491630222293,61.3541007428449,86.3970812923712,119.720273575285,162.229353042113,C8,C8: exceed warming of 4°C (>=50%)
WITCH-GLOBIOM 4.2,ADVANCE_2020_1.5C-2100,1.29181996779907,13.8085036982872,29.4178913181829,52.8906302750441,97.23455805195393,135.232535158378,170.952823878106,205.94795303387,240.890452886637,272.174834624551,failed-vetting,failed-vetting
WITCH-GLOBIOM 4.2,ADVANCE_2020_Med2C,1.29181996779907,13.8085036982872,26.7540473804921,46.7798715973038,78.82364437929719,111.520249018412,137.581764798401,169.935721905605,204.153422234911,237.661647293104,failed-vetting,failed-vetting
WITCH-GLOBIOM 4.2,ADVANCE_2020_WB2C,1.29181996779907,13.8085036982872,27.5571885263783,49.54397884588411,86.07767270390958,121.30325654643,150.574409028269,185.592533287449,221.852022840835,254.381556040918,failed-vetting,failed-vetting
WITCH-GLOBIOM 4.2,ADVANCE_2030_Med2C,1.29181996779907,13.8085036982872,28.3468413844387,46.31448209930621,81.14487392593121,115.385168532027,144.904921873776,175.271210642997,208.984826875184,239.987520859306,failed-vetting,failed-vetting
WITCH-GLOBIOM 4.2,ADVANCE_2030_Price1.5C,1.29181996779907,13.8085036982872,28.3468413844387,50.1027076869509,94.2897365403692,134.549529702988,165.90577316774,203.8473713027,240.7680906279729,266.415197923442,failed-vetting,failed-vetting
WITCH-GLOBIOM 4.2,ADVANCE_2030_WB2C,1.29181996779907,13.8085036982872,28.3468413844387,49.1683367186605,92.371077208625,131.848433334582,162.354395026421,197.875875744032,231.835703960581,262.538293581916,failed-vetting,failed-vetting
WITCH-GLOBIOM 4.2,ADVANCE_INDC,1.29181996779907,13.8085036982872,28.3468413844387,48.6049307041003,77.4736545484341,96.3557541920763,120.908173419375,146.898378114899,177.473541884833,206.278407816526,failed-vetting,failed-vetting
WITCH-GLOBIOM 4.2,ADVANCE_NoPolicy,1.29181996779907,5.32792592756822,11.3528839020798,22.6220314322331,36.7016849060009,54.630755832081,73.2467346397401,102.864664144461,132.800512503662,167.652133216921,C8,C8: exceed warming of 4°C (>=50%)
WITCH-GLOBIOM 4.2,ADVANCE_Reference,1.29181996779907,13.4702875684908,22.6694490420929,32.8285061221214,51.58239223849521,76.6071465363282,108.317714054776,135.944817111548,165.450575751319,199.047939805198,failed-vetting,failed-vetting
WITCH-GLOBIOM 4.2,EMF30_BCOC-EndU,1.29206688663019,5.33545374374506,11.3788787727115,22.73879843601049,37.26388540364589,55.3815163794715,74.13051192197621,103.520148306627,134.148568110787,169.078337412571,C8,C8: exceed warming of 4°C (>=50%)
WITCH-GLOBIOM 4.2,EMF30_Baseline,1.29206688663019,5.33461538021062,11.3774501162204,22.7397163108297,37.304089840099,55.4495224843397,74.2252625199655,103.667646469026,134.431913167897,169.492598014922,C8,C8: exceed warming of 4°C (>=50%)
WITCH-GLOBIOM 4.2,EMF30_CH4-Only,1.29206688663019,5.33470480211386,11.3868739678454,22.7645648297185,37.3088418249859,55.428548996049,74.1185581752035,103.539821458837,133.937263195648,168.837470058706,C7,C7: limit warming to 4°C (>50%)
WITCH-GLOBIOM 4.2,EMF30_ClimPolicy,1.29206688663019,11.3948146418455,22.1572497661602,45.1416198517048,81.5508285089703,116.936866444987,152.488244370654,189.0108454867509,224.837303013429,256.483552144966,failed-vetting,failed-vetting
WITCH-GLOBIOM 4.2,EMF30_ClimPolicy+SLCF,1.29206688663019,11.3711306871509,22.1127811456135,45.0424962761459,80.7260026099004,116.306886364539,152.167733795053,188.773478064702,224.090962607612,256.124383725932,failed-vetting,failed-vetting
WITCH-GLOBIOM 4.2,EMF30_D_BCOC-Red,1.29206688663019,5.33465237143507,11.3775284675144,22.7399890598321,37.3035151958495,55.4552397557925,74.23638211646279,103.67735124778,134.433509515673,169.51050623078,C8,C8: exceed warming of 4°C (>=50%)
WITCH-GLOBIOM 4.2,EMF30_D_CH4-ClimPolicy,1.29206688663019,5.33185262883897,11.3776135809793,22.7479651505322,37.3406390713326,55.34811412708009,73.9828936980816,102.94464643935,132.6961378809,167.397074697715,failed-vetting,failed-vetting
WITCH-GLOBIOM 4.2,EMF30_D_CO2-Only,1.29206688663019,11.7363251250777,22.6083133038034,45.8962972414672,82.18687539346409,117.007887304271,152.736671035523,189.642770495051,224.9768442657,256.63782142708,failed-vetting,failed-vetting
WITCH-GLOBIOM 4.2,EMF30_D_Frozen-CH4,1.29206688663019,5.33465238128254,11.3775286490901,22.7399817979356,37.3035097775343,55.4552939970058,74.2363062641556,103.677030255834,134.43218468003,169.502105085786,C8,C8: exceed warming of 4°C (>=50%)
WITCH-GLOBIOM 4.2,EMF30_D_Frozen-EF,1.29206688663019,5.33465238128254,11.3775286490901,22.7399817979356,37.3035097775343,55.4552939970058,74.2363062641556,103.677030255834,134.43218468003,169.502105085786,C7,C7: limit warming to 4°C (>50%)
WITCH-GLOBIOM 4.2,EMF30_D_Frozen-EF-EndU,1.29206688663019,5.33465237143507,11.3775284675144,22.7399890598321,37.3035151958495,55.4552397557925,74.23638211646279,103.67735124778,134.433509515673,169.51050623078,C8,C8: exceed warming of 4°C (>=50%)
WITCH-GLOBIOM 4.2,EMF30_D_Frozen-EF-SLCF,1.29206688663019,5.33465237143507,11.3775284675144,22.7399890598321,37.3035151958495,55.4552397557925,74.23638211646279,103.67735124778,134.433509515673,169.51050623078,C8,C8: exceed warming of 4°C (>=50%)
WITCH-GLOBIOM 4.2,EMF30_SLCF,1.29206688663019,5.33555976746411,11.3882372299113,22.7636592691644,37.2751065367584,55.3548115416429,74.0281901207036,103.390270477063,133.677874417422,168.526605585812,C7,C7: limit warming to 4°C (>50%)
WITCH-GLOBIOM 4.2,EMF30_Slower-Action,1.28958605132085,21.390229044554,35.0430572723232,45.5713146800395,62.779360141204,76.23193491628909,92.3840891834177,110.13096760034,121.869625039821,134.769412018878,failed-vetting,failed-vetting
WITCH-GLOBIOM 4.2,EMF30_Slower-Action+SLCF,1.28958605132085,21.2449481630515,34.4059439878955,44.4930243952044,61.3982903142756,74.5708969426768,90.87566583425578,108.034930095055,119.915251996165,132.312310020001,failed-vetting,failed-vetting
WITCH-GLOBIOM 4.2,EMF30_Slower-to-faster,1.28958605132085,21.390229044554,35.0430572723232,76.8725191668203,100.374509484613,122.457089544269,149.103873330372,169.277318809502,186.6220085059,211.060464137162,failed-vetting,failed-vetting
WITCH-GLOBIOM 4.2,EMF30_Slower-to-faster+SLCF,1.28958605132085,21.2449481630515,34.4059439878955,76.285671162122,99.7103023884623,122.086717586611,149.212043269252,169.165327516244,186.514464242537,210.891990996552,failed-vetting,failed-vetting
WITCH-GLOBIOM 4.2,EMF30_Slower-to-faster+SLCF+HFC,1.28958605132085,21.2449481630515,34.4059439878955,76.30295168469671,99.7658479925216,122.251156876608,149.08787498328,169.010936371524,186.389187272614,210.588106993703,failed-vetting,failed-vetting
WITCH-GLOBIOM 4.4,CD-LINKS_INDC2030i_1600,1.31783151562966,7.383174966713099,15.9400993492083,30.56076421334111,61.9075086410528,95.31374230526848,119.816192039117,140.469062148943,169.532353092262,198.581754013699,C3,C3: limit warming to 2°C (>67%)
WITCH-GLOBIOM 4.4,CD-LINKS_INDCi,1.31783151562966,7.383174966713099,15.9400993492083,27.73861522768311,42.7014367675442,55.398774139475,71.8171215698693,92.304924218605,111.830040249971,132.4536924123,C7,C7: limit warming to 4°C (>50%)
WITCH-GLOBIOM 4.4,CD-LINKS_NDC2030i_1000,1.31783151562966,7.383174966713099,15.9400993492083,32.8775737465387,70.18641080125,107.417635161222,130.709402779684,156.126941996172,182.049925949835,206.436505877012,C2,C2: return warming to 1.5°C (>50%) after a high overshoot
WITCH-GLOBIOM 4.4,CD-LINKS_NPi,1.31783151562966,5.98835968448738,10.6750115605692,17.5364499718254,28.2274043008097,40.269741696861,53.8952567101908,71.34051442311491,92.2309692633935,114.831030022537,C7,C7: limit warming to 4°C (>50%)
WITCH-GLOBIOM 4.4,CD-LINKS_NPi2020_1000,1.31783151562966,5.98835968448738,13.0655112275947,27.7353758195874,63.6255973081394,96.5821592906667,122.973870463167,151.242646073006,179.768286747671,206.608221215389,C1,C1: limit warming to 1.5°C (>50%) with no or limited overshoot
WITCH-GLOBIOM 4.4,CD-LINKS_NPi2020_1600,1.31783151562966,5.98835968448738,12.967509131527,26.6894172756577,57.8591558501223,85.9689330759054,112.14763142833,136.109426134136,165.406332227181,195.230734185217,C3,C3: limit warming to 2°C (>67%)
WITCH-GLOBIOM 4.4,CD-LINKS_NPi2020_400,1.31783151562966,5.98835968448738,13.5766262108344,29.3702676228669,69.7326508209847,106.990031458277,131.535111992993,158.885309893511,183.7287361953469,211.202303355192,C1,C1: limit warming to 1.5°C (>50%) with no or limited overshoot
WITCH-GLOBIOM 4.4,CD-LINKS_NoPolicy,1.31783151562966,4.709521516351139,9.89556622057522,16.9329678716435,27.2746957248486,38.9329149752576,52.73359151590689,70.3433253167267,91.3173047320124,113.919559879709,C7,C7: limit warming to 4°C (>50%)
