Model,Scenario,2010,2020,2030,2040,2050,2060,2070,2080,2090,2100,Category,Category_name
AIM/CGE 2.0,ADVANCE_2020_1.5C-2100,28.7001,35.7534,10.8985,2.9378,2.9095,4.3168,4.621,4.5828,3.964,9.0924,failed-vetting,failed-vetting
AIM/CGE 2.0,ADVANCE_2020_Med2C,28.7001,35.7511,13.7011,14.6458,19.9502,20.5646,22.9594,27.0791,31.0204,33.68,failed-vetting,failed-vetting
AIM/CGE 2.0,ADVANCE_2020_WB2C,28.7001,35.7511,13.4327,7.4758,13.3889,14.4928,13.369,17.4496,20.6313,19.0288,failed-vetting,failed-vetting
AIM/CGE 2.0,ADVANCE_2030_Med2C,28.7002,35.5586,34.5542,9.4695,12.6063,20.3256,21.5023,26.2099,30.6598,32.0547,failed-vetting,failed-vetting
AIM/CGE 2.0,ADVANCE_2030_Price1.5C,28.8083,36.2031,34.9422,3.1777,2.2769,6.3093,7.0282,7.3172,6.785,12.6731,failed-vetting,failed-vetting
AIM/CGE 2.0,ADVANCE_2030_WB2C,28.7002,35.5586,34.5542,9.0852,3.9582,5.1991,3.1856,6.4946,8.6719,6.5866,failed-vetting,failed-vetting
AIM/CGE 2.0,ADVANCE_INDC,28.8083,36.1644,35.8832,37.7977,34.3599,25.8626,21.16800000000001,20.9543,23.7762,24.3722,failed-vetting,failed-vetting
AIM/CGE 2.0,ADVANCE_NoPolicy,28.768,37.3205,46.1464,55.0325,61.2348,66.3038,88.0604,109.5012,117.8192,131.4916,failed-vetting,failed-vetting
AIM/CGE 2.0,ADVANCE_Reference,28.8083,36.1644,40.6913,46.2031,49.5289,51.2189,63.9749,90.47,108.3145,121.1637,failed-vetting,failed-vetting
AIM/CGE 2.0,EMF30_BCOC-EndU,30.6259,43.0377,57.0927,70.5291,82.4745,86.1254,92.082,101.6751,116.9857,132.5198,failed-vetting,failed-vetting
AIM/CGE 2.0,EMF30_Baseline,30.6419,42.872,56.27,69.8845,81.9345,85.7235,91.7128,101.3384,116.6387,132.5922,failed-vetting,failed-vetting
AIM/CGE 2.0,EMF30_CH4-Only,30.5794,42.0237,51.5342,62.7328,74.2357,77.45,82.4533,90.3614,104.403,118.2092,failed-vetting,failed-vetting
AIM/CGE 2.0,EMF30_ClimPolicy,30.4862,37.4123,19.6075,19.31,23.2279,23.7915,23.04300000000001,21.4479,17.2372,8.7996,failed-vetting,failed-vetting
AIM/CGE 2.0,EMF30_ClimPolicy+SLCF,30.4696,37.3012,18.0177,18.5649,23.5491,23.9548,23.05,21.4164,17.2015,8.7462,failed-vetting,failed-vetting
AIM/CGE 2.0,EMF30_D_BCOC-Red,30.6419,42.872,56.27,69.8845,81.9345,85.7235,91.7128,101.3384,116.6387,132.5922,failed-vetting,failed-vetting
AIM/CGE 2.0,EMF30_D_CH4-ClimPolicy,30.5794,42.0346,51.7858,63.195,74.9846,79.2204,86.4481,93.4742,106.2775,118.3385,failed-vetting,failed-vetting
AIM/CGE 2.0,EMF30_D_CO2-Only,30.5189,37.3955,22.6162,17.4542,16.4194,16.7812,6.2201,7.2246,8.3924,7.2537,failed-vetting,failed-vetting
AIM/CGE 2.0,EMF30_D_Frozen-CH4,30.6419,42.872,56.27,69.8845,81.9345,85.7235,91.7128,101.3384,116.6387,132.5922,failed-vetting,failed-vetting
AIM/CGE 2.0,EMF30_D_Frozen-EF,30.6419,42.872,56.27,69.8845,81.9345,85.7235,91.7128,101.3384,116.6387,132.5922,failed-vetting,failed-vetting
AIM/CGE 2.0,EMF30_D_Frozen-EF-EndU,30.6419,42.872,56.27,69.8845,81.9345,85.7235,91.7128,101.3384,116.6387,132.5922,failed-vetting,failed-vetting
AIM/CGE 2.0,EMF30_D_Frozen-EF-SLCF,30.6419,42.872,56.27,69.8845,81.9345,85.7235,91.7128,101.3384,116.6387,132.5922,failed-vetting,failed-vetting
AIM/CGE 2.0,EMF30_SLCF,30.5633,42.1912,52.3613,63.4086,74.8613,77.9763,83.0071,90.9547,105.1017,119.0882,failed-vetting,failed-vetting
AIM/CGE 2.0,EMF30_Slower-Action,30.4862,37.9536,35.8787,36.3285,34.2287,26.6832,21.7341,21.5978,24.0991,24.6252,failed-vetting,failed-vetting
AIM/CGE 2.0,EMF30_Slower-Action+SLCF,30.4695,37.6581,36.8151,35.6476,32.9873,24.9189,20.4954,19.9502,20.81900000000001,18.6625,failed-vetting,failed-vetting
AIM/CGE 2.0,EMF30_Slower-to-faster,30.4862,37.9536,35.8614,13.1897,14.3062,18.775,20.8077,18.5102,13.5658,7.1702,failed-vetting,failed-vetting
AIM/CGE 2.0,EMF30_Slower-to-faster+SLCF,30.5025,38.0945,36.629,13.9156,9.2238,4.7355,6.2879,7.3826,8.2254,6.5206,failed-vetting,failed-vetting
AIM/CGE 2.0,EMF30_Slower-to-faster+SLCF+HFC,30.5025,38.0945,36.6313,14.1155,9.5859,5.1247,6.2883,7.3845,8.2276,6.5223,failed-vetting,failed-vetting
AIM/CGE 2.0,SFCM_SSP2_Bio_1p5Degree,30.4458,36.1761,9.9706,5.9664,14.0326,10.8951,8.5728,8.5231,9.4939,10.7765,failed-vetting,failed-vetting
AIM/CGE 2.0,SFCM_SSP2_Bio_2Degree,30.4458,36.1761,23.8674,15.063,19.1929,21.5414,21.4113,22.0112,22.863,24.4826,failed-vetting,failed-vetting
AIM/CGE 2.0,SFCM_SSP2_Bio_Baseline,30.5829,42.1419,54.6306,67.2275,78.5961,81.3123,85.7139,92.9863,105.5387,118.496,failed-vetting,failed-vetting
AIM/CGE 2.0,SFCM_SSP2_EEEI_1p5Degree,29.4969,33.7167,9.1034,4.9824,7.755,5.9526,2.9189,2.6289,2.5702,2.3266,failed-vetting,failed-vetting
AIM/CGE 2.0,SFCM_SSP2_EEEI_2Degree,29.4969,33.7167,22.6464,12.5043,13.3746,15.5618,14.136,13.6829,13.1209,12.9115,failed-vetting,failed-vetting
AIM/CGE 2.0,SFCM_SSP2_EEEI_Baseline,29.6318,37.7013,45.4707,52.5656,58.8368,62.4562,62.6796,64.0931,67.4052,73.4161,failed-vetting,failed-vetting
AIM/CGE 2.0,SFCM_SSP2_LifeStyle_1p5Degree,30.0766,35.8582,9.8216,5.7932,10.3781,9.4572,6.8978,6.8869,7.7072,8.705,failed-vetting,failed-vetting
AIM/CGE 2.0,SFCM_SSP2_LifeStyle_2Degree,30.0766,35.8582,24.334,14.8422,17.4949,20.3866,20.078,20.6182,21.2036,22.3115,failed-vetting,failed-vetting
AIM/CGE 2.0,SFCM_SSP2_LifeStyle_Baseline,30.2126,40.671,51.9772,63.3115,73.6662,77.3695,80.5665,85.2695,93.3273,102.3116,failed-vetting,failed-vetting
AIM/CGE 2.0,SFCM_SSP2_Ref_1p5Degree,30.4405,36.1753,9.8548,5.7882,12.2369,8.7636,6.0183,5.9544,6.4866,7.1421,failed-vetting,failed-vetting
AIM/CGE 2.0,SFCM_SSP2_Ref_2Degree,30.4405,36.1753,23.7795,15.0863,18.792,21.0858,20.0017,20.3128,20.8065,21.9004,failed-vetting,failed-vetting
AIM/CGE 2.0,SFCM_SSP2_Ref_Baseline,30.5776,42.118,54.553,67.09899999999999,78.5948,81.5553,86.2176,93.8132,106.5688,119.7462,failed-vetting,failed-vetting
AIM/CGE 2.0,SFCM_SSP2_ST_CCS_1p5Degree,30.4405,36.1753,10.3729,6.5569,15.4662,10.7325,7.659,7.6204,8.4666,9.5651,failed-vetting,failed-vetting
AIM/CGE 2.0,SFCM_SSP2_ST_CCS_2Degree,30.4405,36.1753,24.7654,17.4119,25.1932,24.951,23.6788,23.9377,24.7273,25.6822,failed-vetting,failed-vetting
AIM/CGE 2.0,SFCM_SSP2_ST_CCS_Baseline,30.5776,42.118,54.553,67.09899999999999,78.5948,81.5553,86.2176,93.8132,106.5688,119.7462,failed-vetting,failed-vetting
AIM/CGE 2.0,SFCM_SSP2_ST_bio_1p5Degree,30.4398,36.1653,9.8836,5.8534,13.0074,9.7423,6.9351,6.9998,7.8036,8.8124,failed-vetting,failed-vetting
AIM/CGE 2.0,SFCM_SSP2_ST_bio_2Degree,30.4398,36.1653,23.7708,15.0082,18.8127,21.0894,20.5666,21.0217,21.8068,23.1879,failed-vetting,failed-vetting
AIM/CGE 2.0,SFCM_SSP2_ST_bio_Baseline,30.5769,42.1171,54.5502,67.075,78.4384,81.2215,85.6959,93.0538,105.625,118.5992,failed-vetting,failed-vetting
AIM/CGE 2.0,SFCM_SSP2_ST_nuclear_1p5Degree,30.5228,36.7373,10.0041,5.8551,12.1473,8.5435,5.5387,5.4543,5.848100000000001,6.1684,failed-vetting,failed-vetting
AIM/CGE 2.0,SFCM_SSP2_ST_nuclear_2Degree,30.5228,36.7373,24.3268,15.5053,19.0142,21.0603,19.8711,19.987,20.2034,20.8328,failed-vetting,failed-vetting
AIM/CGE 2.0,SFCM_SSP2_ST_nuclear_Baseline,30.6604,42.9112,56.1639,69.1443,80.4476,83.4073,87.91799999999998,95.1274,106.8801,118.414,failed-vetting,failed-vetting
AIM/CGE 2.0,SFCM_SSP2_ST_solar_1p5Degree,30.4391,36.1626,9.8391,5.6412,11.1946,7.8077,4.9016,4.819,5.2532,5.7572,failed-vetting,failed-vetting
AIM/CGE 2.0,SFCM_SSP2_ST_solar_2Degree,30.4391,36.1626,23.7245,14.7496,18.0034,20.1207,18.9141,18.9733,19.2838,20.2488,failed-vetting,failed-vetting
AIM/CGE 2.0,SFCM_SSP2_ST_solar_Baseline,30.5762,42.1041,54.4861,66.8936,78.1061,80.9274,85.5125,93.0278,105.6604,118.6757,failed-vetting,failed-vetting
AIM/CGE 2.0,SFCM_SSP2_ST_wind_1p5Degree,30.4333,36.1139,9.7343,5.5276,10.8431,7.5264,4.7177,4.5825,4.8929,5.2502,failed-vetting,failed-vetting
AIM/CGE 2.0,SFCM_SSP2_ST_wind_2Degree,30.4333,36.1139,23.611,14.4857,17.4562,19.5247,18.5548,19.0571,19.8285,21.0796,failed-vetting,failed-vetting
AIM/CGE 2.0,SFCM_SSP2_ST_wind_Baseline,30.5703,42.0632,54.36600000000001,66.6439,77.8629,80.7029,85.2642,92.7233,105.2764,117.7969,failed-vetting,failed-vetting
AIM/CGE 2.0,SFCM_SSP2_SupTech_1p5Degree,30.5133,36.652,10.4069,6.3499,13.7186,9.3054,6.5679,6.4797,7.0026,7.5252,failed-vetting,failed-vetting
AIM/CGE 2.0,SFCM_SSP2_SupTech_2Degree,30.5133,36.652,25.3168,17.1577,22.7289,22.3919,21.666,21.912,22.2122,23.0462,failed-vetting,failed-vetting
AIM/CGE 2.0,SFCM_SSP2_SupTech_Baseline,30.6509,42.84,55.9003,68.4446,79.0275,81.5015,85.594,92.346,103.5337,114.692,failed-vetting,failed-vetting
AIM/CGE 2.0,SFCM_SSP2_combined_1p5Degree,29.1985,33.7197,9.6398,5.4255,9.2533,7.5879,4.7731,4.306,4.1462,3.7768,failed-vetting,failed-vetting
AIM/CGE 2.0,SFCM_SSP2_combined_2Degree,29.1985,33.7197,24.368,14.0701,14.6447,15.5023,14.7172,14.3766,13.8084,13.1069,failed-vetting,failed-vetting
AIM/CGE 2.0,SFCM_SSP2_combined_Baseline,29.333,37.0262,44.5158,50.7784,55.51,58.021,57.6467,56.4727,55.8824,56.5196,failed-vetting,failed-vetting
AIM/CGE 2.0,SSP1-19,30.6008,36.7594,13.8433,7.8919,8.4518,4.1205,2.7531,1.8812,1.7077,1.3168,failed-vetting,failed-vetting
AIM/CGE 2.0,SSP1-26,30.6083,36.8162,31.3432,17.5054,16.1753,15.0642,12.0889,11.1519,9.5759,8.9381,C3,C3: limit warming to 2°C (>67%)
AIM/CGE 2.0,SSP1-34,30.6083,36.8162,40.4872,36.2424,31.214,22.614,18.5255,17.3479,16.7435,15.9422,C5,C5: limit warming to 2.5°C (>50%)
AIM/CGE 2.0,SSP1-45,30.6083,35.5781,43.8621,47.1292,48.8927,45.5766,40.0477,32.57,26.5343,21.8646,C6,C6: limit warming to 3°C (>50%)
AIM/CGE 2.0,SSP1-Baseline,30.7704,41.261,51.7649,57.7048,61.9006,60.2078,54.4707,50.0026,47.1686,45.7179,C7,C7: limit warming to 4°C (>50%)
AIM/CGE 2.0,SSP2-19,30.4959,38.0016,11.9147,6.8713,14.3592,8.624600000000001,7.3893,6.7984,6.6072,6.8063,failed-vetting,failed-vetting
AIM/CGE 2.0,SSP2-26,30.5421,38.0016,22.4282,15.9452,21.7507,21.8075,19.2777,18.6116,17.6722,17.8413,failed-vetting,failed-vetting
AIM/CGE 2.0,SSP2-34,30.5421,38.0016,32.7654,24.387,21.5336,22.7495,24.9507,26.7246,26.8568,27.2674,failed-vetting,failed-vetting
AIM/CGE 2.0,SSP2-45,30.5421,38.0016,43.2362,45.2614,37.6363,25.2269,20.8815,22.8723,24.9726,27.9374,failed-vetting,failed-vetting
AIM/CGE 2.0,SSP2-60,30.5421,38.0016,44.9035,50.1209,51.3405,47.5877,46.7664,48.6308,52.3185,55.724,failed-vetting,failed-vetting
AIM/CGE 2.0,SSP2-Baseline,30.7185,42.9423,56.3611,69.949,81.92,85.5497,91.2933,100.682,115.7193,131.051,failed-vetting,failed-vetting
AIM/CGE 2.0,SSP3-34,29.4958,36.0765,35.3095,20.5579,21.2059,24.4818,19.7808,16.1523,12.9538,10.2665,failed-vetting,failed-vetting
AIM/CGE 2.0,SSP3-45,29.4958,36.0765,40.3785,31.3249,27.0853,26.4649,26.9635,27.6467,26.7772,23.4364,failed-vetting,failed-vetting
AIM/CGE 2.0,SSP3-60,29.4958,36.0765,40.9153,39.1337,38.3946,40.366,35.3299,35.0901,39.6206,44.1311,failed-vetting,failed-vetting
AIM/CGE 2.0,SSP3-Baseline,29.7267,39.9268,52.8156,66.1619,81.53960000000002,95.5206,111.0475,127.0624,144.0058,162.4704,failed-vetting,failed-vetting
AIM/CGE 2.0,SSP4-26,31.7876,46.7476,35.75199999999999,25.4327,29.179,32.2623,31.9289,28.9736,25.6456,23.1541,C3,C3: limit warming to 2°C (>67%)
AIM/CGE 2.0,SSP4-34,31.7876,46.7476,48.106,41.2889,37.0878,32.6491,31.0466,30.6758,30.1648,30.4764,C5,C5: limit warming to 2.5°C (>50%)
AIM/CGE 2.0,SSP4-45,31.7876,46.7476,56.2878,60.3918,58.3266,49.7763,42.592,36.8312,34.7322,33.7104,C6,C6: limit warming to 3°C (>50%)
AIM/CGE 2.0,SSP4-Baseline,31.929,47.5658,63.1639,71.7723,72.0133,66.4246,63.828,65.6783,68.829,71.2598,C7,C7: limit warming to 4°C (>50%)
AIM/CGE 2.0,SSP5-26,30.6205,38.0694,19.5182,14.5389,23.1662,31.16,31.1663,32.9898,36.1868,42.1724,failed-vetting,failed-vetting
AIM/CGE 2.0,SSP5-34,30.6205,38.0694,32.9869,31.3618,42.9643,49.8511,51.1115,53.6771,58.515,66.3063,failed-vetting,failed-vetting
AIM/CGE 2.0,SSP5-45,30.6205,38.0694,42.9676,45.4591,48.5749,53.5283,60.3579,70.3345,79.5007,91.4088,failed-vetting,failed-vetting
AIM/CGE 2.0,SSP5-60,30.6205,38.0694,44.8981,48.66,52.3601,56.2459,65.1326,78.5708,95.4109,116.3887,failed-vetting,failed-vetting
AIM/CGE 2.0,SSP5-Baseline,30.8467,43.4691,61.4804,84.5224,109.9076,132.6499,161.929,197.8315,245.6071,300.6090000000001,failed-vetting,failed-vetting
AIM/CGE 2.1,CD-LINKS_INDC2030i_1600,27.4616,34.4269,29.0372,7.8788,10.8436,11.9503,13.4466,16.3509,19.3722,21.6754,C5,C5: limit warming to 2.5°C (>50%)
AIM/CGE 2.1,CD-LINKS_INDCi,27.4619,34.6591,29.2778,31.1879,33.5849,37.4195,43.9898,52.59399999999999,63.6771,75.1347,C7,C7: limit warming to 4°C (>50%)
AIM/CGE 2.1,CD-LINKS_NDC2030i_1000,27.4616,34.4269,29.0372,7.92,8.0844,10.738,10.5964,13.3583,16.001,16.9339,C4,C4: limit warming to 2°C (>50%)
AIM/CGE 2.1,CD-LINKS_NPi,27.1093,34.7594,37.4563,41.2387,47.3336,56.9613,68.3628,80.9546,92.807,107.1766,failed-vetting,failed-vetting
AIM/CGE 2.1,CD-LINKS_NPi2020_1000,27.0776,33.5864,11.9287,6.9639,12.1909,13.0848,14.4688,17.4866,20.2942,22.4578,C3,C3: limit warming to 2°C (>67%)
AIM/CGE 2.1,CD-LINKS_NPi2020_1600,27.4616,33.8703,12.063,9.7423,11.6026,12.8402,14.6309,17.88,21.1272,23.0025,C5,C5: limit warming to 2.5°C (>50%)
AIM/CGE 2.1,CD-LINKS_NPi2020_400,27.0808,33.5896,10.6955,6.2498,5.785,5.4167,6.2407,5.4174,5.2078,4.0133,C1,C1: limit warming to 1.5°C (>50%) with no or limited overshoot
AIM/CGE 2.1,CD-LINKS_NoPolicy,29.5711,39.019,47.7899,57.6734,66.918,73.0109,81.9977,98.3161,110.5484,123.1249,failed-vetting,failed-vetting
AIM/CGE 2.1,CO_2Deg2020,29.3922,33.2178,21.532,25.6628,31.9119,19.3354475166722,19.940468432204902,20.264259472069746,20.19728779899998,20.345196223089918,no-climate-assessment,no-climate-assessment
AIM/CGE 2.1,CO_2Deg2030,29.3922,33.0779,35.94439999999999,23.2881,18.8445,19.3354475166722,19.940468432204902,20.264259472069746,20.19728779899998,20.345196223089918,no-climate-assessment,no-climate-assessment
AIM/CGE 2.1,CO_BAU,29.396,36.7805,44.2025,51.60810000000001,54.4483,19.3354475166722,19.940468432204902,20.264259472069746,20.19728779899998,20.345196223089918,no-climate-assessment,no-climate-assessment
AIM/CGE 2.1,CO_Bridge,29.3922,33.0707,26.1848,15.5039,9.2826,7.182700000000001,5.557700000000001,4.3006,3.3276,2.575,C3,C3: limit warming to 2°C (>67%)
AIM/CGE 2.1,CO_CurPol,29.3922,33.1078,38.7971,45.3361,49.5153,50.8599,51.0715,52.6843,56.4305,61.4269,C7,C7: limit warming to 4°C (>50%)
AIM/CGE 2.1,CO_GPP,29.3922,33.0707,26.1848,15.6752,9.3852,19.3354475166722,19.940468432204902,20.264259472069746,20.19728779899998,20.345196223089918,no-climate-assessment,no-climate-assessment
AIM/CGE 2.1,CO_NDCplus,29.3922,33.0779,35.94439999999999,41.5046,41.6994,19.3354475166722,19.940468432204902,20.264259472069746,20.19728779899998,20.345196223089918,no-climate-assessment,no-climate-assessment
AIM/CGE 2.1,EMF33_Baseline,29.9265,40.8149,51.2987,61.0051,64.9892,68.7805,93.0355,112.2021,122.4259,136.0246,failed-vetting,failed-vetting
AIM/CGE 2.1,EMF33_Med2C_cost100,29.8568,38.9212,17.755,15.9171,21.6659,24.8689,27.1181,32.1262,36.7912,40.3055,failed-vetting,failed-vetting
AIM/CGE 2.1,EMF33_Med2C_full,29.8577,38.9274,17.872,16.4123,21.5568,24.0963,26.7094,31.1385,35.626,39.1542,failed-vetting,failed-vetting
AIM/CGE 2.1,EMF33_Med2C_nobeccs,29.8577,38.9274,17.8631,15.5655,20.7792,23.1055,18.3341,22.8824,27.6137,31.7614,failed-vetting,failed-vetting
AIM/CGE 2.1,EMF33_Med2C_nofuel,29.8577,38.936,17.9315,16.1117,24.2232,26.2706,20.6683,25.8094,31.4261,36.4927,failed-vetting,failed-vetting
AIM/CGE 2.1,EMF33_Med2C_none,29.8646,38.8968,17.7097,15.6026,23.7613,25.5029,18.4385,22.864,27.938,32.6892,failed-vetting,failed-vetting
AIM/CGE 2.1,EMF33_WB2C_cost100,29.8568,38.9212,17.755,8.6928,15.2222,19.332,9.8124,13.5489,18.2908,23.0278,failed-vetting,failed-vetting
AIM/CGE 2.1,EMF33_WB2C_full,29.8577,38.9274,17.872,9.0438,16.4127,21.2869,13.9385,18.4338,24.1134,29.4334,failed-vetting,failed-vetting
AIM/CGE 2.1,EMF33_tax_hi_full,29.8577,39.993,28.9019,26.6343,28.9029,43.4131,45.0463,45.519,38.7362,28.1639,failed-vetting,failed-vetting
AIM/CGE 2.1,EMF33_tax_hi_none,29.8646,40.0366,29.0148,27.0712,29.9603,46.2449,49.154,51.3622,45.411,35.0016,failed-vetting,failed-vetting
AIM/CGE 2.1,EMF33_tax_lo_full,29.8577,39.993,34.8145,35.2699,33.6872,32.7245,38.4445,57.3608,61.5504,63.7773,failed-vetting,failed-vetting
AIM/CGE 2.1,EMF33_tax_lo_none,29.8646,40.0366,34.9443,35.7611,34.7445,34.492,41.1221,61.8543,68.2732,70.9404,failed-vetting,failed-vetting
AIM/CGE 2.1,TERL_15D_LowCarbonTransportPolicy,29.6048,39.671,13.8175,6.7139,17.385,25.3485,25.6712,24.0442,16.2626,7.967000000000001,failed-vetting,failed-vetting
AIM/CGE 2.1,TERL_15D_NoTransportPolicy,29.8057,39.5221,12.987,6.1421,17.1919,23.2329,21.1763,16.2572,7.5436,1.6539,failed-vetting,failed-vetting
AIM/CGE 2.1,TERL_2D_LowCarbonTransportPolicy,29.6048,39.671,18.3098,20.6099,24.3378,24.2713,25.4552,27.9923,27.8918,23.0558,failed-vetting,failed-vetting
AIM/CGE 2.1,TERL_2D_NoTransportPolicy,29.8057,39.5221,17.0185,19.1974,23.5153,23.6596,25.1157,25.3834,21.8426,14.0712,failed-vetting,failed-vetting
AIM/CGE 2.1,TERL_Baseline_LowCarbonTransportPolicy,29.6731,40.6477,51.9834,62.0746,65.3673,65.4699,76.954,96.0037,110.0325,118.8364,failed-vetting,failed-vetting
AIM/CGE 2.1,TERL_Baseline_NoTransportPolicy,29.8739,41.2421,52.8006,62.6041,65.7315,67.0036,79.2271,98.112,110.6671,124.4291,failed-vetting,failed-vetting
AIM/CGE 2.2,EN_INDCi2030_1000f,30.9123,40.0747,45.3524,25.9108,23.7739,18.6359,13.0112,9.6891,7.3687,5.4706,C3,C3: limit warming to 2°C (>67%)
AIM/CGE 2.2,EN_INDCi2030_1200,30.9123,40.0747,45.3524,26.3743,25.0983,20.8829,15.1691,11.7381,8.9825,6.7361,C4,C4: limit warming to 2°C (>50%)
AIM/CGE 2.2,EN_INDCi2030_1200f,30.9123,40.0747,45.3524,29.4827,29.2067,26.6372,19.9037,14.8992,11.6078,8.7707,C4,C4: limit warming to 2°C (>50%)
AIM/CGE 2.2,EN_INDCi2030_1400,30.9123,40.0747,45.3524,31.7392,31.9588,30.9619,23.7919,19.0438,14.9503,11.4604,C4,C4: limit warming to 2°C (>50%)
AIM/CGE 2.2,EN_INDCi2030_1400f,30.9123,40.0747,45.3524,34.3886,32.4193,32.0387,26.0013,20.6432,15.5953,12.0387,C4,C4: limit warming to 2°C (>50%)
AIM/CGE 2.2,EN_INDCi2030_1600,30.9123,40.0747,45.3524,35.8479,32.4197,31.8827,26.905,21.5346,17.0922,13.1464,C5,C5: limit warming to 2.5°C (>50%)
AIM/CGE 2.2,EN_INDCi2030_1600f,30.9123,40.0747,45.3524,36.8042,32.5836,31.6733,27.7789,22.4335,17.2726,13.2915,C5,C5: limit warming to 2.5°C (>50%)
AIM/CGE 2.2,EN_INDCi2030_1800,30.9123,40.0747,45.3524,38.2197,33.0945,30.9666,29.7455,24.866,19.6013,15.1436,C5,C5: limit warming to 2.5°C (>50%)
AIM/CGE 2.2,EN_INDCi2030_1800f,30.9123,40.0747,45.3524,38.2197,33.0945,30.9666,29.7455,24.866,19.6013,15.1436,C5,C5: limit warming to 2.5°C (>50%)
AIM/CGE 2.2,EN_INDCi2030_800f,30.9123,40.0747,45.3524,24.9176,21.1062,16.7268,11.5404,8.7341,6.6046,4.8955,C3,C3: limit warming to 2°C (>67%)
AIM/CGE 2.2,EN_INDCi2030_900f,30.9123,40.0747,45.3524,24.9352,22.7284,17.0381,11.568,8.7196,6.6016,4.8949,C3,C3: limit warming to 2°C (>67%)
AIM/CGE 2.2,EN_INDCi2100,30.9123,40.0747,45.3524,47.3095,41.991,38.7814,34.9355,34.4318,31.0826,27.9216,C6,C6: limit warming to 3°C (>50%)
AIM/CGE 2.2,EN_NPi2020_1000,30.9123,40.0747,27.3659,31.2983,30.3004,23.2195,16.9953,12.8204,9.8891,7.4386,C3,C3: limit warming to 2°C (>67%)
AIM/CGE 2.2,EN_NPi2020_1000f,30.9123,40.0747,31.3357,34.2899,32.6639,29.2997,22.1469,16.48,11.6897,8.9495,C3,C3: limit warming to 2°C (>67%)
AIM/CGE 2.2,EN_NPi2020_1200,30.9123,40.0747,30.9228,34.3189,33.024,28.7292,21.5593,16.6464,13.004,9.9091,C3,C3: limit warming to 2°C (>67%)
AIM/CGE 2.2,EN_NPi2020_1200f,30.9123,40.0747,33.2154,34.4444,32.2903,31.4534,24.4725,18.6742,13.8602,10.6529,C4,C4: limit warming to 2°C (>50%)
AIM/CGE 2.2,EN_NPi2020_1400,30.9123,40.0747,33.5192,34.6867,32.211,32.1785,25.2408,19.5427,15.4186,11.8567,C4,C4: limit warming to 2°C (>50%)
AIM/CGE 2.2,EN_NPi2020_1400f,30.9123,40.0747,34.1229,35.1078,32.1926,32.8643,26.0675,20.2206,15.4166,11.8413,C4,C4: limit warming to 2°C (>50%)
AIM/CGE 2.2,EN_NPi2020_1600,30.9123,40.0747,35.1448,35.9694,32.3574,32.2054,28.8867,23.3076,18.246,14.0592,C5,C5: limit warming to 2.5°C (>50%)
AIM/CGE 2.2,EN_NPi2020_1600f,30.9123,40.0747,35.1448,35.9694,32.3574,32.2054,28.8867,23.3076,18.1571,13.9881,C5,C5: limit warming to 2.5°C (>50%)
AIM/CGE 2.2,EN_NPi2020_1800,30.9123,40.0747,36.7297,36.9165,33.045,31.8476,30.2727,24.9606,19.8284,15.3284,C5,C5: limit warming to 2.5°C (>50%)
AIM/CGE 2.2,EN_NPi2020_1800f,30.9123,40.0747,36.7297,36.9165,33.045,31.8476,30.2727,24.9606,19.8284,15.3284,C5,C5: limit warming to 2.5°C (>50%)
AIM/CGE 2.2,EN_NPi2020_300f,30.9123,40.0747,22.8456,23.953,19.1942,13.6571,8.7406,6.0386,4.3395,3.2164,C1,C1: limit warming to 1.5°C (>50%) with no or limited overshoot
AIM/CGE 2.2,EN_NPi2020_400f,30.9123,40.0747,23.1992,25.2983,19.3779,13.8372,8.9197,5.9597,4.368,3.2339,C2,C2: return warming to 1.5°C (>50%) after a high overshoot
AIM/CGE 2.2,EN_NPi2020_500f,30.9123,40.0747,24.141,25.9724,22.8471,16.3362,10.8728,7.0969,5.4284,4.0356,C2,C2: return warming to 1.5°C (>50%) after a high overshoot
AIM/CGE 2.2,EN_NPi2020_600,30.9123,40.0747,22.8456,21.8064,18.7974,14.3842,10.32,7.1166,5.0011,3.7215,C1,C1: limit warming to 1.5°C (>50%) with no or limited overshoot
AIM/CGE 2.2,EN_NPi2020_600f,30.9123,40.0747,25.3329,28.7005,26.6993,19.2132,13.2456,8.7387,6.7181,5.0248,C2,C2: return warming to 1.5°C (>50%) after a high overshoot
AIM/CGE 2.2,EN_NPi2020_700,30.9123,40.0747,22.8456,24.4207,19.2795,14.181,10.0759,6.9647,5.0113,3.7317,C3,C3: limit warming to 2°C (>67%)
AIM/CGE 2.2,EN_NPi2020_700f,30.9123,40.0747,26.9937,30.6797,29.6458,22.5271,16.0695,10.938,8.267,6.2419,C3,C3: limit warming to 2°C (>67%)
AIM/CGE 2.2,EN_NPi2020_800,30.9123,40.0747,23.731,25.8122,21.0602,15.1296,10.83,7.5744,5.5877,4.167,C3,C3: limit warming to 2°C (>67%)
AIM/CGE 2.2,EN_NPi2020_800f,30.9123,40.0747,28.6087,33.7395,32.8696,26.458,19.4811,13.751,10.0913,7.7397,C3,C3: limit warming to 2°C (>67%)
AIM/CGE 2.2,EN_NPi2020_900,30.9123,40.0747,25.3329,28.7005,26.6993,19.2132,13.8778,10.1339,7.7249,5.7846,C3,C3: limit warming to 2°C (>67%)
AIM/CGE 2.2,EN_NPi2020_900f,30.9123,40.0747,30.2012,34.3568,33.1941,27.8477,20.7675,15.1141,10.7518,8.3333,C3,C3: limit warming to 2°C (>67%)
AIM/CGE 2.2,EN_NPi2100,30.9123,40.0747,51.6445,63.7631,70.3742,74.2111,80.8876,93.6634,105.9474,116.7048,C7,C7: limit warming to 4°C (>50%)
AIM/Hub-Global 2.0,1.5C,29.3521,36.1406,16.1341,10.7571,17.4788,15.1301,12.3431,11.3485,11.3336,11.4967,C1,C1: limit warming to 1.5°C (>50%) with no or limited overshoot
AIM/Hub-Global 2.0,2.5C,29.3521,37.0661,37.3281,37.69830000000001,33.3317,28.0652,24.356,21.99750000000001,21.6752,22.6299,C6,C6: limit warming to 3°C (>50%)
AIM/Hub-Global 2.0,2C,29.3521,37.0661,31.4468,26.1992,20.0222,17.3874,17.9952,20.3303,22.0657,22.7183,C5,C5: limit warming to 2.5°C (>50%)
AIM/Hub-Global 2.0,450ppmCancunP,30.6922,39.624,25.9682,16.558,19.9905,22.2199,19.0479,18.1382,16.3795,16.3238,failed-vetting,failed-vetting
AIM/Hub-Global 2.0,450ppmRCP,30.7896,34.82100000000001,22.3685,15.4937,21.4285,21.768,19.72190000000001,19.9998,19.7802,21.1302,failed-vetting,failed-vetting
AIM/Hub-Global 2.0,450ppmeINDC,30.7362,39.7747,41.74489999999999,24.9571,19.62739999999999,22.876,14.4595,4.636400000000001,2.7519,4.4108,failed-vetting,failed-vetting
AIM/Hub-Global 2.0,Baseline,29.3521,37.2517,44.43599999999999,51.0174,53.11149999999999,54.2494,61.5491,72.4187,80.0029,83.95170000000002,C7,C7: limit warming to 4°C (>50%)
AIM/Hub-Global 2.0,INDCSamePrice,30.6922,39.78340000000001,41.7748,50.628,57.59239999999999,58.3708,60.4707,65.5978,73.8461,78.6788,failed-vetting,failed-vetting
AIM/Hub-Global 2.0,WB2C,29.3521,36.1407,17.593,16.2641,17.6363,19.0194,20.0582,18.254,12.0727,12.5649,C3,C3: limit warming to 2°C (>67%)
BET EMF33,EMF33_1.5C_cost100,30.5538264,29.85809934010711,8.60840219204305,7.16586666727911,4.872108319535362,2.436054225350549,1.21802708829558,0.6090135208932891,0.304506786526503,0.15225364560998,failed-vetting,failed-vetting
BET EMF33,EMF33_1.5C_full,30.5538264,29.8999169888665,8.73442097119897,7.26945553437098,4.91873965635347,2.459369807067049,1.22968489881227,0.6148424453711151,0.30742121913281,0.153710608109017,failed-vetting,failed-vetting
BET EMF33,EMF33_1.5C_nofuel,30.5538264,29.9116216309854,8.70817644093003,7.048668891270371,4.73516614885121,2.36758308090571,1.18379154061915,0.591895745452243,0.29594787492092,0.1479739488829331,failed-vetting,failed-vetting
BET EMF33,EMF33_Baseline,30.5538264,55.29533099167111,76.5448757764983,91.27463624956042,96.5147107094545,101.913218873572,98.183267250407,95.33541957075892,92.9173819514265,78.44940686807371,failed-vetting,failed-vetting
BET EMF33,EMF33_Med2C_cost100,30.5538264,30.2659711184303,20.8649974663254,16.7667756100227,12.2590321522703,10.9235550462175,7.96808137411033,3.9840413408249,1.99202137949219,0.9960125925634492,failed-vetting,failed-vetting
BET EMF33,EMF33_Med2C_full,30.5538264,30.11219482445469,21.3238787208234,16.5263672793509,12.0121521522668,10.4659357414611,7.551081171393268,3.77554059849591,1.88777030647066,0.9438851726027232,failed-vetting,failed-vetting
BET EMF33,EMF33_Med2C_limbio,30.5538264,29.8831427548468,20.3348645243025,15.3939742333488,13.7220846716389,12.5592963977349,10.0555215054689,5.28975814721745,2.64487931097868,1.32243973825881,failed-vetting,failed-vetting
BET EMF33,EMF33_Med2C_nofuel,30.5538264,30.01734767194931,21.2162172761065,16.4935292597324,11.3817496334887,9.66867041349867,6.83791050737618,3.41895526280084,1.709477640719729,0.85473884160806,failed-vetting,failed-vetting
BET EMF33,EMF33_WB2C_cost100,30.5538264,29.3742799369624,14.031018892736,8.5462626012276,7.802130769009151,5.85755332541307,2.9287767390116,1.46438833101042,0.732194184462928,0.36609719873793,failed-vetting,failed-vetting
BET EMF33,EMF33_WB2C_full,30.5538264,28.9901881794553,13.9397666809401,8.867116558192071,8.35923342194774,6.553069950642493,3.276534974517759,1.6382674832648,0.8191337385427451,0.409566869082595,failed-vetting,failed-vetting
BET EMF33,EMF33_WB2C_limbio,30.5538264,29.753354321331,9.003192929635212,9.85387596153905,8.21920649478635,4.109603799033491,2.05480204172842,1.02740121008947,0.5137007837774651,0.25685078151991,failed-vetting,failed-vetting
BET EMF33,EMF33_WB2C_nofuel,30.5538264,28.8410619015349,13.480396307183,8.58971242226761,7.88364889815764,6.13691693393113,3.06845846870929,1.534229231411139,0.767114614278502,0.3835573106084421,failed-vetting,failed-vetting
BET EMF33,EMF33_tax_hi_full,30.5538264,47.6827634650673,37.8539316005293,27.0103104171193,19.3778114716375,1.16110779484838,0.6381011192742,0.31905472105467,0.159532667426608,0.0797676414322969,failed-vetting,failed-vetting
BET EMF33,EMF33_tax_hi_none,30.5538264,47.36500775738621,39.8920475613691,32.9625555248968,32.7219234355588,29.25764667097711,26.92083802817369,21.73318435292769,14.0949857622044,7.047502711885952,failed-vetting,failed-vetting
BET EMF33,EMF33_tax_lo_full,30.5538264,54.3841972325092,49.99656332134089,46.6113103485031,43.3498272955001,25.5303652694658,26.6900219610198,25.5182364199396,27.3933740437818,24.7924530291961,failed-vetting,failed-vetting
BET EMF33,EMF33_tax_lo_none,30.5538264,54.29131518029701,49.15915785544379,45.9897751658325,43.56244116392771,29.4959407107446,33.6885527199984,33.76568606946419,37.1379438957087,35.7989437787231,failed-vetting,failed-vetting
COFFEE 1.1,CO_2Deg2020,30.5679084633946,33.36303987921657,15.21434119057013,0.4484970260379359,1.492525481631408,9.85605032508624,16.00462588558896,17.84896189321536,19.11349109764944,19.68420398845824,C4,C4: limit warming to 2°C (>50%)
COFFEE 1.1,CO_2Deg2030,30.5679084633946,33.36303987921657,25.48532705871312,0.5712534240298559,1.604265368377248,9.774906885504,15.31079616947904,17.1224157880944,18.41610162214224,18.99689061184704,C4,C4: limit warming to 2°C (>50%)
COFFEE 1.1,CO_BAU,30.5679084633946,33.36303987921657,36.62036361946325,40.3866012809448,47.41762901824914,49.0342509845568,57.48171605361648,56.33574885330798,57.90191808101616,56.36133374653008,C7,C7: limit warming to 4°C (>50%)
COFFEE 1.1,CO_Bridge,30.5679084633946,33.36303987921657,0.126245869037856,0.6460682571014399,3.123447579937152,8.44039799116416,14.31327679088472,17.56869669596808,20.2066434156384,20.66977728253728,C3,C3: limit warming to 2°C (>67%)
COFFEE 1.1,CO_CurPol,30.5679084633946,33.36303987921657,34.99264072807919,21.58107621697354,21.43428755142873,35.57448091553443,46.14024601006862,41.62744599935688,41.98687432228109,40.21943204960092,C6,C6: limit warming to 3°C (>50%)
COFFEE 1.1,CO_GPP,30.5679084633946,33.36303987921657,0.126245869037856,0.7529756600177279,4.117912572238128,6.234221478406896,5.679265089288672,4.241352489314975,3.906978468904223,4.301805525020208,C5,C5: limit warming to 2.5°C (>50%)
COFFEE 1.1,CO_NDCplus,30.5679084633946,33.36303987921657,25.48532705871312,9.274738428482255,6.660292640901982,8.68829951962656,13.14383541202022,9.31234429135296,8.94904377093648,7.223729820217055,C6,C6: limit warming to 3°C (>50%)
COFFEE 1.1,EN_INDCi2030_1000,30.5679084633946,33.36303987921657,25.48532705871312,0.549927448938432,2.5911359491752,10.37458559515104,13.097838026268,5.716907670785615,2.110260705944112,3.898480869609407,C4,C4: limit warming to 2°C (>50%)
COFFEE 1.1,EN_INDCi2030_1000_COV_NDCp,30.69509247516816,32.94786772574611,17.07393301483032,0.5356728009347039,1.17474376870944,8.42007461375664,12.50280740293056,5.540110483851359,1.990471729878144,2.246869866994992,failed-vetting,failed-vetting
COFFEE 1.1,EN_INDCi2030_1000_NDCp,30.69509247516816,33.39584266939358,18.67375712594318,0.70111044220608,3.29386801539024,10.39279345347744,13.11698319159456,6.350087313820799,2.45856785610312,3.015012298123872,C4,C4: limit warming to 2°C (>50%)
COFFEE 1.1,EN_INDCi2030_1000f,30.5679084633946,33.36303987921657,25.48532705871312,2.603881208515183,0.981978492539239,3.48688203723036,11.32324010029418,16.01437877807587,17.68080438819514,19.24926068248948,C5,C5: limit warming to 2.5°C (>50%)
COFFEE 1.1,EN_INDCi2030_1000f_COV_NDCp,30.69509247516816,32.94786772574611,17.07393301483032,1.3604729643792,0.70493505764544,2.40251008486608,7.730624818526399,13.649546478312,17.15245676346528,17.01373441510512,failed-vetting,failed-vetting
COFFEE 1.1,EN_INDCi2030_1000f_NDCp,30.69509247516816,33.39584266939358,18.67375712594318,0.9999970424352,1.017653318240688,4.94331146102304,11.5543315385856,15.74686924138944,16.84442577448872,18.0153787792896,failed-vetting,failed-vetting
COFFEE 1.1,EN_INDCi2030_1200,30.5679084633946,33.36303987921657,25.48532705871312,2.088324885104412,2.871312417334902,5.633493833464821,9.812502656170372,9.40774406899038,4.239328603433199,2.673103424653146,C4,C4: limit warming to 2°C (>50%)
COFFEE 1.1,EN_INDCi2030_1200f,30.5679084633946,33.36303987921657,25.48532705871312,3.372287462300304,1.367097471695664,0.60221872630944,6.23526474318192,13.74773396284656,17.2900271304432,19.05798378902688,C5,C5: limit warming to 2.5°C (>50%)
COFFEE 1.1,EN_INDCi2030_1400,30.5679084633946,33.36303987921657,25.48532705871312,3.29407116178752,1.47922468094448,2.18171138667264,9.01887513126624,12.1238647922016,5.68465557491808,2.22901078635864,C5,C5: limit warming to 2.5°C (>50%)
COFFEE 1.1,EN_INDCi2030_1400f,30.5679084633946,33.36303987921657,25.48532705871312,4.198715873795952,2.030489041018176,0.4127842636968959,2.822222378084976,9.48518794711728,13.37325177551212,16.41046631603357,C5,C5: limit warming to 2.5°C (>50%)
COFFEE 1.1,EN_INDCi2030_1600,30.5679084633946,33.36303987921657,25.48532705871312,3.517715427339024,1.378533969708192,0.4780572365079359,4.490060734926864,10.51451058574296,6.472964641366655,3.492104381185968,C5,C5: limit warming to 2.5°C (>50%)
COFFEE 1.1,EN_INDCi2030_1600f,30.5679084633946,33.36303987921657,25.48532705871312,5.173310775390479,2.865965683550688,0.0,0.00039201865488,5.72072393167632,12.10020856729214,14.20042518047894,C5,C5: limit warming to 2.5°C (>50%)
COFFEE 1.1,EN_INDCi2030_1800,30.5679084633946,33.36303987921657,25.48532705871312,5.289922856380895,2.989959533558064,0.0,0.15324999490656,5.150194736806079,6.587075193900478,6.838160286608639,C5,C5: limit warming to 2.5°C (>50%)
COFFEE 1.1,EN_INDCi2030_1800f,30.5679084633946,33.36303987921657,25.48532705871312,6.737459910061392,4.40566917252336,0.0,0.0,4.13478805165704,11.92694104911312,14.17652079364512,C5,C5: limit warming to 2.5°C (>50%)
COFFEE 1.1,EN_INDCi2030_2000,30.5679084633946,33.36303987921657,25.48532705871312,7.36223188460299,5.068137261899518,1.206900054330048,0.0,0.70576093155888,7.032233155366368,10.81496324285525,C5,C5: limit warming to 2.5°C (>50%)
COFFEE 1.1,EN_INDCi2030_2000f,30.5679084633946,33.36303987921657,25.48532705871312,7.640099182014191,5.324999622528384,1.49238898836768,0.0,1.32336321952176,7.859874599701199,12.1175483931504,C5,C5: limit warming to 2.5°C (>50%)
COFFEE 1.1,EN_INDCi2030_2500,30.5679084633946,33.36303987921657,25.48532705871312,8.772924390183073,6.753146412428064,10.55112262525411,6.893078305556592,0.501902778553344,0.143400762557136,0.0573603155117279,C6,C6: limit warming to 3°C (>50%)
COFFEE 1.1,EN_INDCi2030_2500f,30.5679084633946,33.36303987921657,25.48532705871312,8.772924390183073,6.753146412428064,10.55112262525411,6.893078305556592,0.501902778553344,0.143400762557136,0.0573603155117279,C6,C6: limit warming to 3°C (>50%)
COFFEE 1.1,EN_INDCi2030_400f,30.5679084633946,33.36303987921657,25.48532705871312,0.5876472010141439,4.107228450337439,11.8787754124296,15.21193779312624,16.87400867006496,17.67783131333712,14.32156139379648,C2,C2: return warming to 1.5°C (>50%) after a high overshoot
COFFEE 1.1,EN_INDCi2030_500,30.5679084633946,33.36303987921657,25.48532705871312,3.41332137042768,5.808313174186079,6.467223462361344,8.411584890420144,8.503014724633006,3.661777005205536,2.25707779024992,C3,C3: limit warming to 2°C (>67%)
COFFEE 1.1,EN_INDCi2030_500f,30.5679084633946,33.36303987921657,25.48532705871312,0.5414218437585527,2.810800364713351,11.09584783748016,15.23595618168552,16.93486630377281,18.30198685605192,16.69237476313334,C2,C2: return warming to 1.5°C (>50%) after a high overshoot
COFFEE 1.1,EN_INDCi2030_600,30.5679084633946,33.36303987921657,25.48532705871312,4.218012436536361,8.40022623688705,8.416211172116508,8.359515753366347,5.731081630606296,2.366222098970772,3.372403158841355,C3,C3: limit warming to 2°C (>67%)
COFFEE 1.1,EN_INDCi2030_600_COV_NDCp,30.69509247516816,32.94786772574611,17.07393301483032,3.48284429385552,8.09916669782928,9.63559922709168,9.147497658089758,5.014164997531584,1.87338262090824,3.385236821924304,failed-vetting,failed-vetting
COFFEE 1.1,EN_INDCi2030_600_NDCp,30.69509247516816,33.39584266939358,18.67375712594318,4.171603166104895,9.087337615760353,8.70159955931827,7.869956903872848,6.132686086164384,3.32564038212528,4.406406439611455,C3,C3: limit warming to 2°C (>67%)
COFFEE 1.1,EN_INDCi2030_600f,30.5679084633946,33.36303987921657,25.48532705871312,0.5655550745912183,1.750928403796437,9.95232347484588,15.30020595218364,17.09589430280902,18.41550617159467,18.71397005902243,C4,C4: limit warming to 2°C (>50%)
COFFEE 1.1,EN_INDCi2030_600f_COV_NDCp,30.69509247516816,32.94786772574611,17.07393301483032,0.2334324224135519,0.7542399250756799,7.931083918770719,13.73487492611088,15.7947355711584,16.70112106355505,17.98890962047488,failed-vetting,failed-vetting
COFFEE 1.1,EN_INDCi2030_600f_NDCp,30.69509247516816,33.39584266939358,18.67375712594318,0.716998727038032,1.623756523863744,9.33789077082576,14.964461907948,16.8312181004928,17.63106755623776,18.34972143203952,failed-vetting,failed-vetting
COFFEE 1.1,EN_INDCi2030_700,30.5679084633946,33.36303987921657,25.48532705871312,3.75173098039908,8.803545582171564,10.8177815289164,10.10303137687018,5.366581687397341,2.249551168477308,3.883902614586899,C3,C3: limit warming to 2°C (>67%)
COFFEE 1.1,EN_INDCi2030_700f,30.5679084633946,33.36303987921657,25.48532705871312,0.6089856076488024,0.76278112159752,8.615009820574294,14.95609491461875,17.18018882849902,18.80209473539782,19.1240046906169,C4,C4: limit warming to 2°C (>50%)
COFFEE 1.1,EN_INDCi2030_800,30.5679084633946,33.36303987921657,25.48532705871312,2.245426859742739,7.139821263523833,11.08132766041196,10.79581403513698,5.531516603975405,2.276553977905651,3.683151860403168,C3,C3: limit warming to 2°C (>67%)
COFFEE 1.1,EN_INDCi2030_800f,30.5679084633946,33.36303987921657,25.48532705871312,1.237346318285179,0.8955641476531871,6.809469578862407,14.21920139423666,16.88439811207608,18.55165893253711,19.63134302515207,C4,C4: limit warming to 2°C (>50%)
COFFEE 1.1,EN_INDCi2030_900,30.5679084633946,33.36303987921657,25.48532705871312,0.5424466120347572,5.101086687376512,10.64875643383429,10.93867822266239,5.502413751695815,2.171176453420759,3.349262392458351,C3,C3: limit warming to 2°C (>67%)
COFFEE 1.1,EN_INDCi2030_900f,30.5679084633946,33.36303987921657,25.48532705871312,1.346943648227594,0.8343206920955377,5.529470805824688,13.32023853298248,16.65270071260207,18.24996545069724,19.5331993991203,C4,C4: limit warming to 2°C (>50%)
COFFEE 1.1,EN_INDCi2100,30.5679084633946,33.36303987921657,25.48532705871312,7.79969237394024,7.790337161545537,20.85459565476125,29.07339366868186,26.93530385927179,29.341133843652,32.83581105240624,C6,C6: limit warming to 3°C (>50%)
COFFEE 1.1,EN_INDCi2100_COV_NDCp,30.56790735534571,32.94786805636954,17.07393301483032,3.349426982346,2.18648424611232,10.05745516512019,14.57672152238208,12.112723979604,13.09820030600184,17.08377856475256,C6,C6: limit warming to 3°C (>50%)
COFFEE 1.1,EN_INDCi2100_NDCp,30.69509247516816,33.39584266939358,18.67375712594318,4.156468711446671,5.005449901729584,13.1414477999842,18.46481528941545,15.9889316909927,15.93899429295456,20.34925402328021,failed-vetting,failed-vetting
COFFEE 1.1,EN_NPi2020_1000,30.5679084633946,33.36303987921657,12.71162246095397,0.621915354004752,2.183794873187904,9.875001829161311,13.57555111936416,6.717985610093855,2.385724671916271,1.75498761655368,C4,C4: limit warming to 2°C (>50%)
COFFEE 1.1,EN_NPi2020_1000_COV,30.56790735534571,32.94786805636954,12.20287269242001,0.121639228979328,1.128819963477744,8.978087858500079,12.70552073792472,6.259319902496447,2.198257913097936,1.589874263565408,failed-vetting,failed-vetting
COFFEE 1.1,EN_NPi2020_1000f,30.5679084633946,33.36303987921657,25.87993985517696,9.439722206984449,2.476008428822208,6.033917117714399,13.06284106632048,16.6888191373488,18.39947663159453,19.34458473029616,C5,C5: limit warming to 2.5°C (>50%)
COFFEE 1.1,EN_NPi2020_1000f_COV,30.56790735534571,32.94786805636954,23.32890557193672,8.711250436377215,3.247426372860576,1.66756010846976,8.457125695031518,14.96898241568496,17.7860156537376,19.03131488970288,failed-vetting,failed-vetting
COFFEE 1.1,EN_NPi2020_1200,30.5679084633946,33.36303987921657,19.07546416702128,4.016158778909808,1.663727828867856,9.00184987057464,13.09158604078978,6.904460080283615,2.06962934741424,0.978181388035632,C4,C4: limit warming to 2°C (>50%)
COFFEE 1.1,EN_NPi2020_1200f,30.5679084633946,33.36303987921657,27.3621910518756,12.01246069999536,5.371642968746399,1.61048879368704,8.21019101838624,14.64558310782288,17.61506432952912,19.8344074606992,C5,C5: limit warming to 2.5°C (>50%)
COFFEE 1.1,EN_NPi2020_1400,30.5679084633946,33.36303987921657,26.13035383194052,10.38035621014257,2.74092615033552,5.234575315883039,11.43948874633819,12.80823815867184,6.783238650166127,2.763639825479424,C5,C5: limit warming to 2.5°C (>50%)
COFFEE 1.1,EN_NPi2020_1400f,30.5679084633946,33.36303987921657,30.10530880047312,12.99654091710864,9.22993725628512,0.9092013144949438,5.8254356980512,12.79297943511264,15.67341588915072,17.81371132359408,C5,C5: limit warming to 2.5°C (>50%)
COFFEE 1.1,EN_NPi2020_1600,30.5679084633946,33.36303987921657,29.97661354056446,12.43341036017712,8.176049782752958,1.8489933544824,7.039358803245598,12.72204621451152,7.017156352647359,3.11116114985904,C5,C5: limit warming to 2.5°C (>50%)
COFFEE 1.1,EN_NPi2020_1600f,30.5679084633946,33.36303987921657,30.69079246348502,14.53721745030739,11.70513056749277,1.07672291566848,1.10314725930432,7.20397591340112,12.70818093815698,14.96920128656256,C5,C5: limit warming to 2.5°C (>50%)
COFFEE 1.1,EN_NPi2020_1800,30.5679084633946,33.36303987921657,30.76661654940873,14.57404375372805,11.85301255162565,0.69337817010144,1.251486875736,5.91914825509104,7.76478539928816,8.064223878445056,C5,C5: limit warming to 2.5°C (>50%)
COFFEE 1.1,EN_NPi2020_1800f,30.5679084633946,33.36303987921657,32.05759008808598,15.86576678959569,12.96060997976338,0.4276007974742399,0.0,4.713144378762239,12.10573876951138,14.3893279549931,C5,C5: limit warming to 2.5°C (>50%)
COFFEE 1.1,EN_NPi2020_2000,30.5679084633946,33.36303987921657,32.48356423865486,16.71695212505357,14.92590496873421,4.406258326498559,0.0378706031125919,1.28427111350496,8.011903187825279,11.62511425741104,C5,C5: limit warming to 2.5°C (>50%)
COFFEE 1.1,EN_NPi2020_2000f,30.5679084633946,33.36303987921657,32.55347683471146,16.91858616400512,15.33400147528416,6.641021149738847,0.025541536898592,1.62503117006832,9.46872626013216,12.99692475027936,C5,C5: limit warming to 2.5°C (>50%)
COFFEE 1.1,EN_NPi2020_2500,30.5679084633946,33.36303987921657,33.02293900587998,18.84967681573037,18.37790513959767,23.59654846159507,12.89012005342944,0.0,0.5813725668537599,4.13013545964144,C6,C6: limit warming to 3°C (>50%)
COFFEE 1.1,EN_NPi2020_2500f,30.5679084633946,33.36303987921657,33.02293900587998,18.84967681573037,18.37790513959767,23.59654846159507,12.89012005342944,0.0,0.5813725668537599,4.130134258119839,C6,C6: limit warming to 3°C (>50%)
COFFEE 1.1,EN_NPi2020_400,30.5679084633946,33.36303987921657,0.537842208259584,4.320653470547759,7.761329114268815,7.693240807631375,8.898593531344272,6.89031328325544,2.877859798188624,2.7330594306444,C1,C1: limit warming to 1.5°C (>50%) with no or limited overshoot
COFFEE 1.1,EN_NPi2020_400_lowBECCS,30.5679084633946,33.36303987921657,0.6076176314516639,2.514013788511008,5.0439558364776,7.135593113819519,8.947707997620096,10.0994750447423,11.47700086195248,16.13197652273813,C3,C3: limit warming to 2°C (>67%)
COFFEE 1.1,EN_NPi2020_400f,30.5679084633946,33.36303987921657,10.06747757268322,0.6392649318033599,4.2293175833088,12.045815751348,15.81804856515024,17.51831035802496,18.29615988862512,15.051150201312,C2,C2: return warming to 1.5°C (>50%) after a high overshoot
COFFEE 1.1,EN_NPi2020_400f_lowBECCS,30.5679084633946,33.36303987921657,3.456280427670864,1.059738038117856,6.46157361943296,10.1457120710448,10.45200237130829,10.51687164538152,6.929649225056591,6.006951889798752,C3,C3: limit warming to 2°C (>67%)
COFFEE 1.1,EN_NPi2020_500,30.5679084633946,33.36303987921657,0.4424364910114559,4.1347229892624,9.289141266735935,10.40078553059765,9.72704355165504,5.523163420582223,2.3071783729284,4.374354559311503,C3,C3: limit warming to 2°C (>67%)
COFFEE 1.1,EN_NPi2020_500f,30.5679084633946,33.36303987921657,11.86004334596558,0.454388438479104,3.049610165450208,11.1998249935488,15.95515924131696,17.61468981240816,18.9160672957776,17.73590054825808,C2,C2: return warming to 1.5°C (>50%) after a high overshoot
COFFEE 1.1,EN_NPi2020_600,30.5679084633946,33.36303987921657,0.071111319120432,3.85196674839552,9.080261326388449,11.94532381293883,11.57215424556802,6.19465861903392,2.770766125554672,4.265243864458272,C3,C3: limit warming to 2°C (>67%)
COFFEE 1.1,EN_NPi2020_600_COV,30.56790735534571,32.94786805636954,0.040382756489088,2.21550069726,7.639444756623743,10.78444587984336,8.857817600942017,4.17315214974456,1.877019587150688,2.955546207461232,failed-vetting,failed-vetting
COFFEE 1.1,EN_NPi2020_600f,30.5679084633946,33.36303987921657,15.21434119057013,0.4484970260379359,1.492525481631408,9.85605032508624,16.00462588558896,17.84896189321536,19.11349109764944,19.68420398845824,C4,C4: limit warming to 2°C (>50%)
COFFEE 1.1,EN_NPi2020_600f_COV,30.56790735534571,32.94786805636954,12.96998775380088,2.306418379169616,1.032785103029616,8.8297785804888,14.29401934336464,16.245822607848,17.92201331087165,19.19415007930752,failed-vetting,failed-vetting
COFFEE 1.1,EN_NPi2020_700,30.5679084633946,33.36303987921657,0.2154463459898399,2.189307550410432,8.427618535335263,12.28685497001942,11.21060895751095,6.138123855736897,2.233398226587552,4.132287857015568,C3,C3: limit warming to 2°C (>67%)
COFFEE 1.1,EN_NPi2020_700f,30.5679084633946,33.36303987921657,16.92379068458616,1.647839218426704,1.231638996906576,9.591607195837918,15.56694593022672,17.76564528705936,19.4971423311936,19.82236564502928,C4,C4: limit warming to 2°C (>50%)
COFFEE 1.1,EN_NPi2020_800,30.5679084633946,33.36303987921657,5.48624547067579,0.707422599886032,6.411990307413599,12.07072005000768,11.30524390344614,5.948622505110672,2.387495207718864,3.809144769692687,C3,C3: limit warming to 2°C (>67%)
COFFEE 1.1,EN_NPi2020_800f,30.5679084633946,33.36303987921657,20.25627230219198,5.003795625283152,1.561830831288864,8.52669667932336,14.50787504899248,16.82495950882176,19.1426881926816,20.07077300084016,C4,C4: limit warming to 2°C (>50%)
COFFEE 1.1,EN_NPi2020_900,30.5679084633946,33.36303987921657,9.974712490953694,0.4754860968409919,4.751611969897008,12.21300736183584,13.45697475494256,6.748223475151151,2.872485474979968,3.415774985671824,C3,C3: limit warming to 2°C (>67%)
COFFEE 1.1,EN_NPi2020_900f,30.5679084633946,33.36303987921657,23.93443927193169,7.777603919958622,1.19609192956608,6.98143320660528,13.51327287133872,16.39632015455039,18.75910389902784,19.80687740498496,C4,C4: limit warming to 2°C (>50%)
COFFEE 1.1,EN_NPi2100,30.5679084633946,33.36303987921657,34.99264072807919,21.58107621697354,21.43428755142873,35.57448091553443,46.14024601006862,41.62744599935688,41.98687432228109,40.21943204960092,C6,C6: limit warming to 3°C (>50%)
COFFEE 1.1,EN_NPi2100_COV,30.56790735534571,32.94786805636954,30.75188285480616,16.19645603802624,16.69462479454435,28.85471640957052,35.99238401072927,31.69774417664505,33.05499258981773,36.24738204471638,failed-vetting,failed-vetting
COPPE-COFFEE 1.0,CD-LINKS_INDC2030i_1600,13.2560696585527,12.6642678691998,12.9292270887779,2.38199687335296,2.12956839024912,0.79475114825424,0.2424664581192,0.075434001182496,0.021552570049968,0.008621029212048,failed-vetting,failed-vetting
COPPE-COFFEE 1.0,CD-LINKS_INDCi,13.4254432655682,14.0877128075681,14.9066654657973,9.98685903276,12.8987383522231,18.1055630310016,23.4255153303536,21.7772895675747,23.6101636763597,24.7746980630534,failed-vetting,failed-vetting
COPPE-COFFEE 1.0,CD-LINKS_NDC2030i_1000,12.892298835461,11.4050249718499,12.654197415374,0.37332862120512,0.37332862120512,0.0,0.0,0.0,0.0,0.0,failed-vetting,failed-vetting
COPPE-COFFEE 1.0,CD-LINKS_NPi,13.4427139616447,17.2804395365493,30.0540990014359,12.1888260928325,12.4000050394944,17.7501825684691,23.30582038205669,21.5360920839735,22.9178544372691,24.9900426841565,failed-vetting,failed-vetting
COPPE-COFFEE 1.0,CD-LINKS_NPi2020_1000,12.9065682276485,13.7277589394745,13.2422773018503,2.47265011319357,1.04536182567744,0.0,0.0,0.0,0.0,0.0,failed-vetting,failed-vetting
COPPE-COFFEE 1.0,CD-LINKS_NPi2020_1600,13.2650930537281,13.7721164366703,23.4875135406227,6.96492612544032,1.73798403843888,0.216270884196,0.06628560370488,0.020222725943088,0.006291515538864,0.001797576030432,failed-vetting,failed-vetting
COPPE-COFFEE 1.0,CD-LINKS_NPi2020_400,13.5741230720902,11.797900948311,2.03468790766694,0.5351813906155201,0.15290900307648,0.0,0.0,0.0,0.0,0.0,failed-vetting,failed-vetting
DNE21+ V.14C,CD-LINKS_INDC2030i_1600,31.11071492088,31.8552929208,41.61103263792,48.23453265335999,51.50050042175999,19.3354475166722,19.940468432204902,20.264259472069746,20.19728779899998,20.345196223089918,no-climate-assessment,no-climate-assessment
DNE21+ V.14C,CD-LINKS_INDCi,31.11071492088,35.74924970688,45.99330930576,62.92031561856,83.9363258196,19.3354475166722,19.940468432204902,20.264259472069746,20.19728779899998,20.345196223089918,no-climate-assessment,no-climate-assessment
DNE21+ V.14C,CD-LINKS_NDC2030i_1000,31.11071492088,31.43704164912,32.74818161184,24.74091656352,30.23640557352,19.3354475166722,19.940468432204902,20.264259472069746,20.19728779899998,20.345196223089918,no-climate-assessment,no-climate-assessment
DNE21+ V.14C,CD-LINKS_NPi,31.11071492088,33.31755208008,56.3697647316,78.34412340431999,98.2924694604,19.3354475166722,19.940468432204902,20.264259472069746,20.19728779899998,20.345196223089918,no-climate-assessment,no-climate-assessment
DNE21+ V.14C,CD-LINKS_NPi2020_1000,31.11071492088,26.68415028264,8.28300267216,12.5893056672,25.4879069976,19.3354475166722,19.940468432204902,20.264259472069746,20.19728779899998,20.345196223089918,no-climate-assessment,no-climate-assessment
DNE21+ V.14C,CD-LINKS_NPi2020_1600,31.11071492088,30.29127944904,35.88481410408,38.2718276892,44.58347558136,19.3354475166722,19.940468432204902,20.264259472069746,20.19728779899998,20.345196223089918,no-climate-assessment,no-climate-assessment
DNE21+ V.14C,CD-LINKS_NPi2020_400,31.11071492088,27.84863585232,0.2729291184,0.40860153504,4.55582790144,19.3354475166722,19.940468432204902,20.264259472069746,20.19728779899998,20.345196223089918,no-climate-assessment,no-climate-assessment
DNE21+ V.14C,CD-LINKS_NoPolicy,31.11071492088,44.72523309312,60.57503354375999,81.19328016024001,102.10101887592,19.3354475166722,19.940468432204902,20.264259472069746,20.19728779899998,20.345196223089918,failed-vetting,failed-vetting
DNE21+ V.14E1,EMF30_BCOC-EndU,31.10974274592,43.7331105432,59.89685149296,81.50423212151999,99.22309294248,90.25504898508,81.28700502768001,87.08506849128,92.88313195488,98.68119541848,failed-vetting,failed-vetting
DNE21+ V.14E1,EMF30_Baseline,31.10974274592,43.91879596056,59.78847198816,81.28700502768001,98.68119541848,89.98410022308,81.28700502768001,87.08506849128,92.88313195488,98.68119541848,failed-vetting,failed-vetting
DNE21+ V.14E1,EMF30_CH4-Only,31.10974274592,43.91879596056,59.78847198816,81.28700502768001,98.68119541848,89.98410022308,81.28700502768001,87.08506849128,92.88313195488,98.68119541848,failed-vetting,failed-vetting
DNE21+ V.14E1,EMF30_ClimPolicy,31.10974274592,0.07406532936,0.7425256305600001,5.20768921536,13.82681237832,19.88353439208,25.94025640584,24.82656397728,23.71287154872,22.59917912016,failed-vetting,failed-vetting
DNE21+ V.14E1,EMF30_ClimPolicy+SLCF,31.10974274592,0.07388529696,0.75167127648,5.14863858816,13.81835085552,19.93806620604,26.05778155656,24.95305474152,23.84832792648,22.74360111144,failed-vetting,failed-vetting
DNE21+ V.14E1,EMF30_D_BCOC-Red,31.10974274592,43.91879596056,59.78847198816,81.28700502768001,98.68119541848,89.98410022308,81.28700502768001,87.08506849128,92.88313195488,98.68119541848,failed-vetting,failed-vetting
DNE21+ V.14E1,EMF30_D_CH4-ClimPolicy,31.10974274592,43.91879596056,59.78847198816,81.28700502768001,98.68119541848,89.98410022308,81.28700502768001,87.08506849128,92.88313195488,98.68119541848,failed-vetting,failed-vetting
DNE21+ V.14E1,EMF30_D_CO2-Only,31.10974274592,0.07406532936,0.7425256305600001,5.20768921536,13.82681237832,19.88353439208,25.94025640584,24.82656397728,23.71287154872,22.59917912016,failed-vetting,failed-vetting
DNE21+ V.14E1,EMF30_D_Frozen-EF-EndU,31.10974274592,43.91879596056,59.78847198816,81.28700502768001,98.68119541848,89.98410022308,81.28700502768001,87.08506849128,92.88313195488,98.68119541848,failed-vetting,failed-vetting
DNE21+ V.14E1,EMF30_SLCF,31.10974274592,43.7331105432,59.89685149296,81.50423212151999,99.22309294248,90.25504898508,81.28700502768001,87.08506849128,92.88313195488,98.68119541848,failed-vetting,failed-vetting
DNE21+ V.14E1,EMF30_Slower-Action,31.10974274592,36.7880006484,39.389288796,56.44973512368,61.51786322256,66.40945155,71.30103987744,82.02345756528001,92.74587525312,103.46829294096,failed-vetting,failed-vetting
DNE21+ V.14E1,EMF30_Slower-Action+SLCF,31.10974274592,37.32176070792001,43.04070593279999,58.53821898312,62.87833206288,67.05722612843999,71.236120194,81.7746767928,92.3132333916,102.8517899904,failed-vetting,failed-vetting
DNE21+ V.14E1,EMF30_Slower-to-faster,31.10974274592,32.03194071168,30.38637256272,6.18623732232,7.35633990288,7.6411151532,7.92589040352,6.411361837439999,4.896833271359999,3.38230470528,failed-vetting,failed-vetting
DNE21+ V.14E1,EMF30_Slower-to-faster+SLCF,31.10974274592,31.77118178352,29.88166973256,6.504354573119999,7.645615963200001,7.770054358080001,7.89449275296,6.405072705599999,4.91565265824,3.42623261088,failed-vetting,failed-vetting
DNE21+ V.14E1,EMF30_Slower-to-faster+SLCF+HFC,31.10974274592,32.21809421328,30.36901743936,6.2257004244,7.427236662,7.69255040988,7.95786415776,6.4269766476,4.89608913744,3.36520162728,failed-vetting,failed-vetting
DNE21+ V.14E2,EMF33_1.5C_cost100,31.11060690144,35.05436064936,2.121033717359999,3.47127671736,6.932471620319999,11.58836152968,16.24425143904,15.6495564132,15.05486138736,14.46016636152,failed-vetting,failed-vetting
DNE21+ V.14E2,EMF33_1.5C_full,31.11046287552,35.05425262992,2.47483338984,3.09652127352,6.43803063696,11.49956955,16.56110846304,16.17544305576,15.78977764848,15.4041122412,failed-vetting,failed-vetting
DNE21+ V.14E2,EMF33_1.5C_limbio,31.11060690144,35.0544686688,0.0,0.0,0.0,0.0,0.0,0.0,0.0,0.0,failed-vetting,failed-vetting
DNE21+ V.14E2,EMF33_1.5C_nofuel,31.11046287552,35.05425262992,2.439655058879999,3.048848693999998,6.427588757760001,11.47539119868,16.5231936396,16.04057478383999,15.55795592808,15.07533707232,failed-vetting,failed-vetting
DNE21+ V.14E2,EMF33_Baseline,31.11039086256,45.95467435272001,60.84155350872,77.40676671048,98.07585447672,119.9670201774,141.85818587808,169.23230433264,196.6064227872,223.98054124176,failed-vetting,failed-vetting
DNE21+ V.14E2,EMF33_Med2C_cost100,31.11039086256,35.0542886364,18.69506850672,18.67033205496,19.62788838408,28.50145133796,37.37501429184,41.2089362736,45.04285825536,48.87678023712,failed-vetting,failed-vetting
DNE21+ V.14E2,EMF33_Med2C_full,31.11039086256,35.05425262992,21.93579573264,18.88950349872,19.00587644208,26.61141719304,34.216957944,38.84232636048,43.46769477696,48.09306319344,failed-vetting,failed-vetting
DNE21+ V.14E2,EMF33_Med2C_limbio,31.11028284312,35.054108604,13.2896317032,14.48331852816,16.13212726032,28.70407780416,41.276028348,48.59048071248,55.90493307696,63.21938544144,failed-vetting,failed-vetting
DNE21+ V.14E2,EMF33_Med2C_nobeccs,31.11028284312,35.05421662344001,7.93319971896,9.59083003872,16.11646444152,28.14154856712,40.16663269272,44.2070758416,48.24751899048,52.28796213936,failed-vetting,failed-vetting
DNE21+ V.14E2,EMF33_Med2C_nofuel,31.11039086256,35.05418061696,21.87613299528,18.85108458456,18.8731565568,26.49673655424,34.12031655168,38.71018257888,43.30004860608,47.88991463328,failed-vetting,failed-vetting
DNE21+ V.14E2,EMF33_Med2C_none,31.11028284312,35.05425262992,5.81771099952,8.17163462952,15.50964723408,26.68586059044,37.8620739468,41.33543904,44.8088041332,48.2821692264,failed-vetting,failed-vetting
DNE21+ V.14E2,EMF33_WB2C_cost100,31.11028284312,35.05403659104,12.57929586576,12.5790438204,14.63144918688,24.25232663316,33.87320407944,36.57110961504,39.26901515064,41.96692068624,failed-vetting,failed-vetting
DNE21+ V.14E2,EMF33_WB2C_full,31.1103188496,35.05418061696,13.04539974936,13.18550096304,12.15762397848,21.98865324528,31.81968251208,35.804843712,39.79000491192,43.77516611184,failed-vetting,failed-vetting
DNE21+ V.14E2,EMF33_WB2C_limbio,31.11039086256,35.05425262992,2.169606458879999,4.18978602576,9.5213735388,16.6166304552,23.7118873716,25.44851590848,27.18514444536,28.92177298224,failed-vetting,failed-vetting
DNE21+ V.14E2,EMF33_WB2C_nobeccs,31.11046287552,35.05418061696,0.01018983384,0.00028805184,0.0,0.0,0.0,0.0,0.0,0.0,failed-vetting,failed-vetting
DNE21+ V.14E2,EMF33_WB2C_nofuel,31.11028284312,35.05418061696,13.0437074448,13.23925863768,11.8682759052,21.58979146308,31.31130702096,35.32318502904,39.33506303712,43.3469410452,failed-vetting,failed-vetting
DNE21+ V.14E2,EMF33_WB2C_none,31.11060690144,35.0542886364,0.00187233696,0.00010801944,0.0,0.0,0.0,0.0,0.0,0.0,failed-vetting,failed-vetting
DNE21+ V.14E2,EMF33_tax_hi_full,31.30705825632,45.89911635408,34.63614538416,23.80831272504,23.04727976376,26.11870452072,29.19012927768,30.18636856848,31.18260785928,32.17884715008,failed-vetting,failed-vetting
DNE21+ V.14E2,EMF33_tax_hi_none,31.27011560784,45.90206888544001,34.46392639032,23.95597529952,24.41930668416,32.2435327914,40.06775889864,49.61412093455999,59.16048297048,68.7068450064,failed-vetting,failed-vetting
DNE21+ V.14E2,EMF33_tax_lo_full,31.27803703344,45.89587577088,43.89841629288,43.10123282568,42.87738053952,49.30221480156,55.7270490636,60.87520756535999,66.02336606712,71.17152456888,failed-vetting,failed-vetting
DNE21+ V.14E2,EMF33_tax_lo_none,31.27803703344,45.89652388752,43.95105776664001,43.04218219848,42.6489554304,49.26599228268,55.88302913495999,64.16431549824,72.44560186151999,80.72688822479999,failed-vetting,failed-vetting
E3ME 6.1,PR_Baseline,31.146,32.817,40.84,43.588,47.968,19.3354475166722,19.940468432204902,20.264259472069746,20.19728779899998,20.345196223089918,no-climate-assessment,no-climate-assessment
E3ME 6.1,PR_CP_Intensity,31.146,32.817,40.848,42.416,43.295,19.3354475166722,19.940468432204902,20.264259472069746,20.19728779899998,20.345196223089918,no-climate-assessment,no-climate-assessment
E3ME 6.1,PR_CP_Price,31.146,32.817,40.84,42.848,47.099,19.3354475166722,19.940468432204902,20.264259472069746,20.19728779899998,20.345196223089918,no-climate-assessment,no-climate-assessment
E3ME 6.1,PR_NDC_Intensity,31.146,32.692,37.678,37.823,37.724,19.3354475166722,19.940468432204902,20.264259472069746,20.19728779899998,20.345196223089918,no-climate-assessment,no-climate-assessment
E3ME 6.1,PR_NDC_Price,31.146,32.691,37.661,34.557,29.987,19.3354475166722,19.940468432204902,20.264259472069746,20.19728779899998,20.345196223089918,no-climate-assessment,no-climate-assessment
EPPA 6,1.5CNow_Gradual,37.19628938583684,32.4776780150507,7.070390466398608,7.047554929804423,10.98277592095222,12.5370552669125,8.01999547250662,5.149150709328516,1.329501133963103,0.2311820956356921,failed-vetting,failed-vetting
EPPA 6,1.5CNow_OptTax,37.19576521354863,5.192379979165318,6.745459889267492,20.13349751626112,21.74985375048296,18.30508589225928,12.80007491234299,4.660377740825257,0.89007352636103,0.02229855597167,failed-vetting,failed-vetting
EPPA 6,2CNow_Gradual,37.19576521354863,36.56450686754125,27.59132635469548,5.381012467470868,12.79189621225082,26.50889384436956,37.33849787067153,38.78345528533511,29.915098593313,21.05052289254016,C4,C4: limit warming to 2°C (>50%)
EPPA 6,2CNow_OptTax,37.19576521354863,21.50053381681312,18.45230082688536,17.06486823933754,25.87650336659265,35.18827020590285,39.50883412281747,41.67725313024764,33.19557628190795,24.19677369315911,failed-vetting,failed-vetting
EPPA 6,Paris1.5C_OptTax,37.19628938583684,38.31904475023983,34.48140438659107,1.844341738472298,7.297328731942232,6.2283095086558,4.994108267368788,2.517231290393442,0.05384885554564,0.0,C3,C3: limit warming to 2°C (>67%)
EPPA 6,Paris2C_Gradual,37.19576521354863,38.32054081342329,34.65577578369108,21.54723597399374,5.169228971810047,13.43075221420956,17.55890878878207,17.39112715470529,9.627191605109315,5.723277653170625,C4,C4: limit warming to 2°C (>50%)
EPPA 6,Paris2C_OptTax,37.19576521354863,38.32054081342329,34.65577578369108,2.42420128019959,11.18995937916603,28.73375066532815,33.51270514686106,30.35619251593581,21.49908420136413,7.434815418052688,C4,C4: limit warming to 2°C (>50%)
EPPA 6,ParisFlat,37.19576521354863,38.32054081342329,34.65577578369108,34.32527694599892,33.22730713174442,31.96074648273923,36.3374993668393,40.23095790684992,47.34699045562501,52.47843697663641,C6,C6: limit warming to 3°C (>50%)
EPPA 6,ParisForever,37.19576521354863,38.32054081342329,34.65577578369108,37.52808464423951,44.62210547746309,50.66237427922575,55.62816029840666,59.84419072320186,63.74892862761861,68.52117750421098,C7,C7: limit warming to 4°C (>50%)
EPPA 6,Ref,37.19575867251331,39.30737780785245,40.77292716807251,43.18702574752484,50.44655573470541,57.20171458995232,63.13818359311025,68.17699354462893,71.69939239819959,74.48707504181587,C7,C7: limit warming to 4°C (>50%)
En-ROADS-96,Ratchet-1.5-allCDR,28.2117,30.8796,24.4748,13.5343,11.0525,9.26135,9.41178,10.5927,11.3627,12.8573,failed-vetting,failed-vetting
En-ROADS-96,Ratchet-1.5-limCDR,28.2117,31.0411,26.8916,16.6903,12.0206,9.82363,10.851,12.2552,12.4604,15.4889,failed-vetting,failed-vetting
En-ROADS-96,Reference,28.2117,33.7321,39.4399,46.7131,56.5748,68.8507,86.2757,108.1,127.844,149.832,failed-vetting,failed-vetting
GCAM 4.0,20% abatement (FF&I),31.854039112,40.12903600799999,42.64423593200001,43.08062013599999,43.183151911,45.639312241,47.468541388,46.42120857900002,45.06209778500001,43.563848159,no-climate-assessment,no-climate-assessment
GCAM 4.0,20% abatement (GHG),31.854039112,41.81503986999999,43.833555211,43.217879444,42.440190579,44.785385706,46.590114246,45.528963363,44.50370216099999,42.724366393,no-climate-assessment,no-climate-assessment
GCAM 4.0,450 concentration,31.854039112,40.249890488,45.118273682,44.88049126199999,39.579684135,36.28127916699999,37.384484081,40.16541058400001,37.3633681539,27.21911247281,no-climate-assessment,no-climate-assessment
GCAM 4.0,50% abatement (FF&I),31.854039112,38.407013203,38.200335491,36.63249329200001,36.037989092,38.739804017,41.15097876299999,42.335095549,39.097771462,36.60670867300001,no-climate-assessment,no-climate-assessment
GCAM 4.0,50% abatement (GHG),31.854039112,39.205089068,37.36010300199999,34.346655748,34.351895076,36.891032096,39.720684375,41.96111838700001,38.578689424,35.667329864,no-climate-assessment,no-climate-assessment
GCAM 4.0,550 concentration,31.854039112,41.05679118,47.07025419,49.20832650800001,47.92535917999999,42.526827676,37.80148292100001,38.311520163,6.603269890439001,37.17805048067,no-climate-assessment,no-climate-assessment
GCAM 4.0,650 concentration,31.854039112,42.52661000600001,50.552375324,55.83715274799999,59.254403861,61.67662878900001,60.949485914,48.50867224300001,40.606055083,40.57163678400001,no-climate-assessment,no-climate-assessment
GCAM 4.0,Core baseline,31.854039112,44.207231369,54.17510449899999,63.11360514999999,72.25535959599999,80.656950276,89.44344529199999,92.49721169100002,96.05590166000002,99.18155181699996,no-climate-assessment,no-climate-assessment
GCAM 4.0,High CO2 price,31.854039112,35.80106229299999,32.817627323,31.94165141000001,34.629602566,37.469102804,37.77596192640001,32.30755334602,21.73626215685,12.41769488762,failed-vetting,failed-vetting
GCAM 4.0,Low CO2 price,31.854039112,41.268584727,47.85488198100001,51.22934623800003,52.86705154500001,53.38289615500001,50.083074509,42.76738276,40.20597569699999,41.77065908100001,no-climate-assessment,no-climate-assessment
GCAM 4.0,Policy baseline,31.854039112,41.837272874,46.69283597400001,48.394099967,49.46029725000002,50.102883158,49.64886062100003,46.27282603800001,44.397834525,42.62724347,no-climate-assessment,no-climate-assessment
GCAM 4.2,ADVANCE_2020_1.5C-2100,31.865714966,40.219771605,25.757088037,19.647783424,22.2905181194,24.096902980712,19.7126840292321,10.5436948623249,4.28982606784706,1.59930569129951,failed-vetting,failed-vetting
GCAM 4.2,ADVANCE_2020_Med2C,31.865714966,40.219771605,44.2184541225,42.45026379999999,33.846138704,23.649925618,22.95602197,26.55778680253,27.8306799696614,23.0767484592302,failed-vetting,failed-vetting
GCAM 4.2,ADVANCE_2020_WB2C,31.865714966,40.219771605,39.405800779,28.863017287,21.274546775,23.0544189154,25.84738333698,24.6087594487141,16.3228927643013,8.19359669362819,failed-vetting,failed-vetting
GCAM 4.2,ADVANCE_2030_1.5C-2100,31.865714966,40.219771505,44.3472353816,18.7157647778,21.80388465657,20.700273762251,13.3141996135497,5.2408219137729,1.52177496018284,0.726250994,failed-vetting,failed-vetting
GCAM 4.2,ADVANCE_2030_Med2C,31.865714966,40.219772205,44.3471643136,44.388561657,36.298441305,25.021448478,22.8462625938,26.30728979627,27.9967040222706,24.0486777764107,failed-vetting,failed-vetting
GCAM 4.2,ADVANCE_2030_Price1.5C,31.865714966,40.219771605,44.3472220675,19.744895294,22.0490643693,23.42678249478,20.5344148226084,10.9709339125352,3.9719542782074,1.57946299511961,failed-vetting,failed-vetting
GCAM 4.2,ADVANCE_2030_WB2C,31.865714966,40.219772205,44.3471643136,29.48558611,21.629826735,23.0971965797,25.78753993755,23.62170319928689,14.5627926207894,6.95274119737013,failed-vetting,failed-vetting
GCAM 4.2,ADVANCE_NoPolicy,31.86571557,45.608074912,56.079864155,64.314918805,70.393365733,77.508590465,85.232370766,84.989843185,85.783404964,85.883047272,failed-vetting,failed-vetting
GCAM 4.2,EMF30_BCOC-EndU,31.86571557,44.11146782,54.3382632,64.640153042,73.765588292,84.32223519899999,95.004156123,98.4165545,101.867262411,103.126922051,failed-vetting,failed-vetting
GCAM 4.2,EMF30_Baseline,31.86571557,43.66436099,53.31040051,63.44904538,72.53562912,83.08293251,93.79495801,97.46986897,101.2796591,102.7562995,failed-vetting,failed-vetting
GCAM 4.2,EMF30_CH4-Only,31.86571557,43.216084831,51.968485573,61.262895976,69.609849126,79.48436900899999,89.56379656600002,92.709772151,96.428965106,97.772731813,failed-vetting,failed-vetting
GCAM 4.2,EMF30_ClimPolicy,31.86571557,37.18010249,35.12321514,22.0183101,10.61100944,9.518250091,11.05539962,10.89176371,7.826477762000001,4.328595955,failed-vetting,failed-vetting
GCAM 4.2,EMF30_ClimPolicy+SLCF,31.86571557,37.419226493,35.067337883,21.782084679,10.551675776,9.477227745,11.185971754,11.5447752757,8.85895001027,5.001888085422,failed-vetting,failed-vetting
GCAM 4.2,EMF30_D_CH4-ClimPolicy,31.86571557,43.624507708,53.228873221,63.27736262,72.212862374,82.502972145,92.776419648,95.647374223,98.266161894,97.69496555,failed-vetting,failed-vetting
GCAM 4.2,EMF30_D_CO2-Only,31.86571557,37.235561647,35.364583024,22.629959061,10.951545903,9.809824243,11.659936057,12.2494706766,9.606685105436,5.503776115646,failed-vetting,failed-vetting
GCAM 4.2,EMF30_D_Frozen-CH4,31.86571557,43.664360992,53.31040051399999,63.449045382,72.535629117,83.08293251100001,93.794958007,97.469868973,101.27965913,102.756299522,failed-vetting,failed-vetting
GCAM 4.2,EMF30_D_Frozen-EF,31.86571557,43.66436099,53.31040051,63.44904538,72.53562912,83.08293251,93.79495801,97.46986897,101.2796591,102.7562995,failed-vetting,failed-vetting
GCAM 4.2,EMF30_D_Frozen-EF-EndU,31.86571557,43.66436099,53.31040051,63.44904538,72.53562912,83.08293251,93.79495801,97.46986897,101.2796591,102.7562995,failed-vetting,failed-vetting
GCAM 4.2,EMF30_D_Frozen-EF-SLCF,31.86571557,43.66436099,53.31040051,63.44904538,72.53562912,83.08293251,93.79495801,97.46986897,101.2796591,102.7562995,failed-vetting,failed-vetting
GCAM 4.2,EMF30_SLCF,31.86571557,43.630512291,52.81602370100001,62.23347804100001,70.611909481,80.499333551,90.548255699,93.452554569,96.901664669,98.115572068,failed-vetting,failed-vetting
GCAM 4.2,EMF33_Baseline,31.297221735,43.753729313,55.258957299,65.029440164,72.7981679402,81.35449681520001,90.086384428,91.627930969,92.264866985,92.068122788,failed-vetting,failed-vetting
GCAM 4.2,EMF33_Med2C_cost100,31.297221735,35.556843997,35.529452119,28.2899554579,21.9288131601059,24.1754972291201,27.5794603583584,26.73348743924469,18.5061197687221,9.46796459942349,failed-vetting,failed-vetting
GCAM 4.2,EMF33_Med2C_full,31.297221735,35.716212705,37.7373011824,33.25406620816,24.251816277553,22.54141257270451,25.7730712786005,27.4529540743344,23.3704114276547,14.2167698613785,failed-vetting,failed-vetting
GCAM 4.2,EMF33_Med2C_limbio,31.297221735,35.716240925,36.1287352182,29.28731100246,22.0439109658936,23.1761495238471,26.56515383637389,26.2994065366215,19.3245233005743,10.21407698136,failed-vetting,failed-vetting
GCAM 4.2,EMF33_Med2C_nobeccs,31.297221735,35.680024255,32.25121684062,23.25993791251,22.1251768944072,25.7684836269465,27.681903759548,22.391049139947,12.395142878213,5.417975178929209,failed-vetting,failed-vetting
GCAM 4.2,EMF33_Med2C_nofuel,31.297221735,35.615852389,36.6735023686,30.54932978292,22.0563629381627,21.9814297737988,24.66649380998469,24.5146215704947,17.3829881040724,7.93579197996897,failed-vetting,failed-vetting
GCAM 4.2,EMF33_Med2C_none,31.297221735,35.577524819,30.99957546021,21.907675148481,21.6225046648557,25.3314616402754,26.9592054824795,20.7966845384531,10.3947073805983,3.84559074653447,failed-vetting,failed-vetting
GCAM 4.2,EMF33_WB2C_full,31.297221735,35.716212705,30.43628397776,21.577987120116,21.6650582829076,24.83802712882411,24.9910166031642,18.2887493644213,9.47153224893653,3.862445477250641,failed-vetting,failed-vetting
GCAM 4.2,EMF33_WB2C_limbio,31.297221735,35.716240925,22.511768224195,19.77081887183,22.8599416554876,24.1854554317355,18.7857096043804,9.74306929377215,3.98199697778443,1.479743021762879,failed-vetting,failed-vetting
GCAM 4.2,EMF33_WB2C_nobeccs,31.297221735,35.680024255,17.879530182207,21.6071834807815,24.0936126707666,20.4594921246274,11.034934057084,3.84136369542845,1.52545535805677,0.96168285360076,failed-vetting,failed-vetting
GCAM 4.2,EMF33_WB2C_nofuel,31.297221735,35.615852389,28.01743531246,19.894433121835,21.0268605703185,23.2992512415625,21.3179290811323,12.9359258958245,4.79814301381212,2.720730593119359,failed-vetting,failed-vetting
GCAM 4.2,EMF33_WB2C_none,31.297221735,35.577526323,17.259698739372,21.1171827015425,23.2712776098774,18.8724657065048,9.42080960952764,2.90413655455618,0.99428063554154,0.426223318364219,failed-vetting,failed-vetting
GCAM 4.2,EMF33_tax_hi_full,31.297221735,43.753729313,43.0802338932,39.11004682388,28.001257142449,22.9404042374399,25.474347401545,28.0059053640023,25.5415414258436,16.6794810865915,failed-vetting,failed-vetting
GCAM 4.2,EMF33_tax_hi_none,31.297221735,43.634908075,42.7163054485,38.42359256515,27.397010774907,22.9376615588704,25.9084741005169,29.5298229900288,26.800039406264,16.918858469281,failed-vetting,failed-vetting
GCAM 4.2,EMF33_tax_lo_full,31.297221735,43.753729313,46.57973796344,49.10032035411999,49.21583074341,49.20177880001,47.16114014367,36.35003404873,29.79416904218,26.611465934456,failed-vetting,failed-vetting
GCAM 4.2,EMF33_tax_lo_none,31.297221735,43.634908075,46.18262132367001,48.29950125367001,47.87838766501,47.5595881569,45.40482083681,34.75776945283,28.81536019352,26.028931778484,failed-vetting,failed-vetting
GCAM 4.2,SSP1-19,31.865609681,41.5074022918,34.1078229451,20.728679087,8.8782461381,5.09243128705,2.41400341776,0.7589983713961801,0.217671235864749,0.05439235079986,C1,C1: limit warming to 1.5°C (>50%) with no or limited overshoot
GCAM 4.2,SSP1-26,31.865609681,41.4975419189,42.38143854929,38.46568147793,27.381444802229,11.5686592874252,4.1661011148824,1.97508047689208,0.720342372398405,0.215840496805416,no-climate-assessment,no-climate-assessment
GCAM 4.2,SSP1-34,31.865609681,41.4975419189,46.10187773967999,47.057546084485,44.738810233827,39.391143924457,24.4999121072825,5.3764714211358,1.481575107111669,0.640642743699263,no-climate-assessment,no-climate-assessment
GCAM 4.2,SSP1-45,31.865609681,41.4975419189,47.82577332563,50.536292965348,50.783182102353,50.07024299934628,47.173925801621,30.5354486164866,14.2741551093031,7.18360168488418,no-climate-assessment,no-climate-assessment
GCAM 4.2,SSP1-Baseline,31.86561027,42.814227786,49.967279791,53.94793751100001,55.80910943399999,57.117383735,58.752878625,51.213044039,44.51261824199999,37.085003799,no-climate-assessment,no-climate-assessment
GCAM 4.2,SSP2-19,31.865609681,44.778525775,38.354110751,21.463555675,18.82011859158,15.652947700421,8.9528336172996,2.55935797271321,0.4877766910363071,0.097702613701803,failed-vetting,failed-vetting
GCAM 4.2,SSP2-26,31.865609681,44.77212479399999,54.0322229007,27.316555130995,20.7123244800392,17.6525448025495,15.097550785355,8.363806888762161,2.05525103034725,0.527014203348921,failed-vetting,failed-vetting
GCAM 4.2,SSP2-34,31.865609681,44.77212479399999,54.0322229007,51.09107634447,38.230509101351,25.2347411280518,19.1458517510571,17.2853038478032,13.8784992920537,6.62539241274535,failed-vetting,failed-vetting
GCAM 4.2,SSP2-45,31.865609681,44.77212479399999,54.0322229007,54.31130591669,46.57882665558,32.7405969115441,21.288066632506,17.9797643226335,17.1089115688171,15.679058715363,failed-vetting,failed-vetting
GCAM 4.2,SSP2-60,31.865609681,44.77212479399999,54.0322229007,59.07637694624,62.713986947908,65.353031230563,66.684253337559,56.443509262605,43.524706089773,26.61106276449049,failed-vetting,failed-vetting
GCAM 4.2,SSP2-Baseline,31.86561027,46.295968881,56.757741043,63.64889474899999,69.65592365100001,74.793782267,80.16522897600001,77.39861422199999,76.212833052,75.590661785,no-climate-assessment,no-climate-assessment
GCAM 4.2,SSP3-Baseline,31.86561027,46.38068463699999,56.712094152,63.213015038,69.63324804199999,74.263664659,81.043268518,84.25146308800001,89.01067002,95.359669905,C8,C8: exceed warming of 4°C (>=50%)
GCAM 4.2,SSP4-26,31.86561027,43.552935955,31.501862411,27.272214292,27.064778845,23.509554815,15.862194179,5.898273826319,1.27648829171,0.216181688999999,failed-vetting,failed-vetting
GCAM 4.2,SSP4-34,31.865609681,43.55293604569999,43.95055116882,34.322011826547,25.5371297512033,23.25051147817189,20.3059966235315,15.9946411876534,7.62804914796719,1.87499227485234,failed-vetting,failed-vetting
GCAM 4.2,SSP4-45,31.865609681,43.55293604569999,47.25638031391,44.289343013766,33.655156146102,23.6238236642994,19.7300180768538,17.3903248429571,16.0860160916566,13.431088161409,failed-vetting,failed-vetting
GCAM 4.2,SSP4-60,31.865609681,43.55293604569999,51.5042335998007,54.4431881378155,54.74612009054051,54.3767056643215,53.03111084625129,40.1777988767625,26.1326845384475,12.6581189368728,failed-vetting,failed-vetting
GCAM 4.2,SSP4-Baseline,31.86561027,44.947342646,53.307559427,56.97175655100001,58.20977725199999,58.807606722,59.28545515899999,49.506779228,42.419364616,36.667360893,C7,C7: limit warming to 4°C (>50%)
GCAM 4.2,SSP5-19,31.865609681,46.2044363551,43.124077132,42.1171403739,46.71781297064999,47.468118895246,38.2503294801454,19.81257533373989,6.10245401529797,1.16542802914524,failed-vetting,failed-vetting
GCAM 4.2,SSP5-26,31.86561027,46.191420985,62.71085486899999,40.294568682,44.778398471,46.965194191,46.46318283,33.85287682913,15.561981855615,4.482982273780999,failed-vetting,failed-vetting
GCAM 4.2,SSP5-34,31.865609681,46.1914205434,62.71085490811,60.209418955645,52.4003195014575,50.04381937912289,52.9732651881802,52.42076175085821,42.727086311865,21.9714512858998,failed-vetting,failed-vetting
GCAM 4.2,SSP5-45,31.865609681,46.1914205434,62.71085490811,70.39066387729,64.87379655705999,54.9820618543904,51.8830857228705,54.5537139970396,55.7708687994621,53.8821122167241,failed-vetting,failed-vetting
GCAM 4.2,SSP5-60,31.865609681,46.1914205434,62.71085490811,75.00222600788,81.82970857481999,85.15191153894,82.02994421518001,62.77021399281,50.138620626417,50.7170104902489,no-climate-assessment,no-climate-assessment
GCAM 4.2,SSP5-Baseline,31.86561027,47.990453024,66.569324164,85.263692408,100.809715448,111.88800869,121.919691593,124.554859255,125.30431158,123.87336117,no-climate-assessment,no-climate-assessment
GCAM 5.2,"NGFS1_Current policies (Hot house world, Rep)",30.79545538,40.12594716,48.06239281,51.95246117,55.07205284,57.10818586,61.04466924,60.06211746,58.51141434,56.7831594,C7,C7: limit warming to 4°C (>50%)
GCAM 5.2,"NGFS1_Immediate 2C with CDR (Orderly, Rep)",30.79545538,40.12594716,20.10812264,3.0839375,0.7312369679999999,0.601882448,0.443378596,0.2143216,0.101021153,0.06551569,C4,C4: limit warming to 2°C (>50%)
GCAM 5.3,NGFS2_Below 2°C,30.79544,34.15283,22.00275,6.887359,2.003259,4.635872,4.158167,5.391528,6.088001,6.220137,C3,C3: limit warming to 2°C (>67%)
GCAM 5.3,NGFS2_Current Policies,30.79544,34.15288,37.43071,42.86866,47.33487,54.01038,58.07266,62.12963,63.7718,59.36967,C7,C7: limit warming to 4°C (>50%)
GCAM 5.3,NGFS2_Delayed Transition,30.79544,34.15288,37.43071,9.802268,2.505333,2.08396,0.4000697,0.2140568,0.1528566,0.07151767,C4,C4: limit warming to 2°C (>50%)
GCAM 5.3,NGFS2_Divergent Net Zero Policies,30.79544,34.15288,8.082328,2.400536,1.292469,2.359557,2.683082,2.517564,3.491909,4.453471,C2,C2: return warming to 1.5°C (>50%) after a high overshoot
GCAM 5.3,NGFS2_Nationally Determined Contributions (NDCs),30.79544,34.15286,31.97728,27.90651,29.61318,33.15588,33.95474,35.39535,34.02944,29.08342,C5,C5: limit warming to 2.5°C (>50%)
GCAM 5.3,NGFS2_Net-Zero 2050,30.79544,34.15285,16.01085,5.048163,2.286795,4.908594,4.783132,1.818972,1.537821,0.6857287,C2,C2: return warming to 1.5°C (>50%) after a high overshoot
GCAM 5.3,R_BAU,30.795455382,40.56868316,53.436969795,64.0230376071,73.776397725,81.233910926,89.67197989,92.78375868,93.1845097,92.60189362,C7,C7: limit warming to 4°C (>50%)
GCAM 5.3,R_MAC_30_n0,30.795455382,40.56868316,21.2081266429709,24.1036178064625,26.5264895957173,26.8768162832178,24.6704791514432,24.7840199149214,24.1743472602139,24.4789854746479,C1,C1: limit warming to 1.5°C (>50%) with no or limited overshoot
GCAM 5.3,R_MAC_30_n8,30.795455382,40.56868316,13.7413707552268,17.008250003885,14.0545796499195,11.5095096367833,9.29404712583425,8.98543631476235,12.5544750836791,12.7603358641366,failed-vetting,failed-vetting
GCAM 5.3,R_MAC_35_n0,30.795455382,40.56868316,23.1878335931168,26.5090936263863,28.6482998506083,27.6847616992191,26.0006144869555,26.1509421585435,24.4234720181332,24.2852842667597,C3,C3: limit warming to 2°C (>67%)
GCAM 5.3,R_MAC_35_n8,30.795455382,40.56868316,22.1217422817799,20.3128077274171,16.161155119373,12.2412578618141,9.79729016201538,9.84315849298773,11.3778246623508,12.7691029375907,C1,C1: limit warming to 1.5°C (>50%) with no or limited overshoot
GCAM 5.3,R_MAC_40_n0,30.795455382,40.56868316,28.0956914981,27.9982994373197,29.8531717538649,28.881816678511,27.5953915068938,27.1488577479019,25.9911258762241,24.1103072158181,C3,C3: limit warming to 2°C (>67%)
GCAM 5.3,R_MAC_40_n8,30.795455382,40.56868316,24.5924622388495,21.7067211964969,17.6713091865313,13.2237094236107,10.6124404251233,10.2084909759507,11.4352454557442,12.6973923618672,C1,C1: limit warming to 1.5°C (>50%) with no or limited overshoot
GCAM 5.3,R_MAC_45_n0,30.795455382,40.56868316,32.2049385998,27.7938235989711,30.3065163817537,29.7094560632493,28.5525725711193,28.0715238236297,26.9327587872068,24.1822815347248,C3,C3: limit warming to 2°C (>67%)
GCAM 5.3,R_MAC_45_n8,30.795455382,40.56868316,28.7693550286,28.1468560826058,19.1484731356891,14.2718905592944,11.1213813932756,10.5569286739611,11.1818555475336,11.3352742823784,C1,C1: limit warming to 1.5°C (>50%) with no or limited overshoot
GCAM 5.3,R_MAC_50_n0,30.795455382,40.56868316,34.977105222,27.959690942068,30.3738262890632,30.3020415934784,29.4378304995341,29.1725603825913,27.788540296475,24.9751961012215,C3,C3: limit warming to 2°C (>67%)
GCAM 5.3,R_MAC_50_n8,30.795455382,40.56868316,32.1038086325,27.8135202446003,20.1882773964859,15.3980433224758,11.8753572545119,10.4658584360646,11.2877962497469,11.0814931260694,C1,C1: limit warming to 1.5°C (>50%) with no or limited overshoot
GCAM 5.3,R_MAC_55_n0,30.795455382,40.56868316,36.786239095,29.44073380342,30.6825405908445,30.2399989244984,29.7946751916848,29.6796986513649,28.39376671921,25.7662077001718,C3,C3: limit warming to 2°C (>67%)
GCAM 5.3,R_MAC_55_n8,30.795455382,40.56868316,34.5083609512,27.784907814635,29.726852130171,15.8163936374779,11.5774138058497,10.7390668158025,11.6953701395001,11.3486320099607,C2,C2: return warming to 1.5°C (>50%) after a high overshoot
GCAM 5.3,R_MAC_60_n0,30.795455382,40.56868316,37.974567455,31.09286093505,29.657840952984,29.8756186575502,30.0451822280718,30.1075500391528,29.1263943776624,26.5133952648767,C3,C3: limit warming to 2°C (>67%)
GCAM 5.3,R_MAC_60_n8,30.795455382,40.56868316,36.201967421,28.81541438376,30.7958482368761,15.9249746322916,12.0940335172095,11.5325267908025,12.415356477442,11.4448207604666,C2,C2: return warming to 1.5°C (>50%) after a high overshoot
GCAM 5.3,R_MAC_65_n0,30.795455382,40.56868316,38.756195076,32.30099288138,28.91653408073,31.898291803749,30.2874040669409,30.5723790173836,29.6493385366626,27.4933314952522,C3,C3: limit warming to 2°C (>67%)
GCAM 5.3,R_MAC_65_n8,30.795455382,40.56868316,37.388172965,30.22711598876,30.28059689328,26.1984241633587,14.0118538363115,13.6840192363344,13.0904259535119,12.0262718310795,C3,C3: limit warming to 2°C (>67%)
GCAM 5.3,R_MAC_70_n0,30.795455382,40.56868316,39.263040871,33.37609675734,29.09425442686,31.6007212102709,30.9704258464192,31.051655704388,30.4190911872397,28.6199194948647,C4,C4: limit warming to 2°C (>50%)
GCAM 5.3,R_MAC_70_n8,30.795455382,40.56868316,38.231055792,31.4940767774,29.322732265565,30.8442304283031,15.1616344673036,15.1102948565468,14.548459730164,13.4877166154498,C3,C3: limit warming to 2°C (>67%)
GCAM 5.3,R_MAC_75_n0,30.795455382,40.56868316,39.593224309,34.72356464497,29.99411036996,30.962683832488,33.5749283347653,31.5022378476542,31.2046203970386,29.3683856521564,C4,C4: limit warming to 2°C (>50%)
GCAM 5.3,R_MAC_75_n8,30.795455382,40.56868316,38.824904908,32.39230242612,28.87950343685,31.9137154077026,25.0161446788728,16.1436740018471,15.3629763018509,14.0405982028801,C3,C3: limit warming to 2°C (>67%)
GCAM 5.3,R_MAC_80_n0,30.795455382,40.56868316,40.076567186,35.94827589488,31.14329502079,30.473204688363,34.3273278668974,31.8037716582063,31.6839598060991,30.0344750331683,C4,C4: limit warming to 2°C (>50%)
GCAM 5.3,R_MAC_80_n8,30.795455382,40.56868316,39.239259335,33.28812456213,29.05135802979,31.6271004365383,30.7215960128952,16.9460838761948,16.0579769182853,14.3558347579817,C4,C4: limit warming to 2°C (>50%)
GCAM 5.3,R_MAC_85_n0,30.795455382,40.56868316,40.473111885,36.98348047923,32.3021179769,30.29846543031,34.2160791851233,34.976655731851,31.9874561427639,30.6908281364848,C5,C5: limit warming to 2.5°C (>50%)
GCAM 5.3,R_MAC_85_n8,30.795455382,40.56868316,39.513181426,34.42705193203,29.7580152231,31.120935396814,33.1674703542699,24.8121212270097,16.6658027549626,14.365553137325,C4,C4: limit warming to 2°C (>50%)
GCAM 5.3,R_MAC_90_n0,30.795455382,40.56868316,40.804362784,37.8624323939,33.4048314522,30.47255391544,33.815141989879,36.4267367533329,32.0448581154078,31.2536399762304,C5,C5: limit warming to 2.5°C (>50%)
GCAM 5.3,R_MAC_90_n8,30.795455382,40.56868316,39.891215069,35.47921683279,30.67403298132,30.636225330072,34.1784608160508,30.0874867683519,17.153599930126,14.9257644758389,C4,C4: limit warming to 2°C (>50%)
GCAM 5.3,R_MAC_95_n0,30.795455382,40.56868316,41.085196723,38.61829598215,34.4277211733,30.92429171467,33.373520274875,36.8951667587248,35.2429055223451,31.6368264095473,C5,C5: limit warming to 2.5°C (>50%)
GCAM 5.3,R_MAC_95_n8,30.795455382,40.56868316,40.255099476,36.41017060622,31.6410754615,30.3557918936,34.3411232703452,33.3702302882649,23.3095079805834,15.4026388408227,C4,C4: limit warming to 2°C (>50%)
GCAM 5.3,R_MAC_99_n0,30.795455382,40.56868316,41.323979044,39.27071546168,35.3551992683,31.499389004,32.96079268869,36.8219248159788,36.976719617637,31.8616014180935,C5,C5: limit warming to 2.5°C (>50%)
GCAM 5.3,R_MAC_99_n8,30.795455382,40.56868316,40.562703027,37.21923389787,32.589108435,30.31073568897,34.128344488912,35.4763752381516,28.4483643329346,16.600492916307,C5,C5: limit warming to 2.5°C (>50%)
GCAM 5.3,SSP1-DACCS-1p9-3pctHR,30.7944801,38.672907247,24.191643241,11.1798219583,4.4272120319,2.26432455866,1.13595832744,0.660487605786,0.4585522862082,0.25701447833543,failed-vetting,failed-vetting
GCAM 5.3,SSP1-DACCS-2p6-3pctHR,30.7944801,38.672940246,39.83667131024,32.71263072879,19.38925498653,7.49806908702,2.847812192027,1.608323460456,1.083325519434,0.634104003081,failed-vetting,failed-vetting
GCAM 5.3,SSP1-highcostDACCS-2p6-3pctHR,30.7944801,38.64606814,39.16240611,31.31917611,17.16306997,6.127319733,2.428277194,1.437756648,0.84061364,0.533659967,failed-vetting,failed-vetting
GCAM 5.3,SSP1-lowcostDACCS-2p6-3pctHR,30.7944801,38.64604914,41.07595526,35.29587103,22.85446597,9.694464025,3.454926317,1.710230259,0.977199866,0.52234257,failed-vetting,failed-vetting
GCAM 5.3,SSP1-noDACCS-1p9-3pctHR,30.7944801,38.672916237,27.5778724391,14.1128305147,5.2271793665,2.49586805146,1.11709097904,0.563701744409,0.3857939344753,0.19764053396322,failed-vetting,failed-vetting
GCAM 5.3,SSP1-noDACCS-2p6-3pctHR,30.7944801,38.672903257,39.45701514948,31.92524307489,18.32587592398,6.87662577544,2.674250631412,1.542303450233,0.88716613613,0.326250832392,failed-vetting,failed-vetting
GCAM 5.3,SSP2-DACCS-2p6-3pctHR,30.7944801,39.913768562,49.45497687864,40.137225683,28.149676153,18.499099362716,15.1427822841391,13.4250182830718,10.331775670457,6.5773280104635,failed-vetting,failed-vetting
GCAM 5.3,SSP2-noDACCS-2p6-3pctHR,30.7944801,39.948086984,49.56059202448,34.176229835,22.527267198,15.575497013822,13.385967604936,11.324260305861,7.8502056097553,4.36548547252637,failed-vetting,failed-vetting
GCAM 5.3,SSP4-DACCS-1p9-3pctHR,30.7944801,39.332239781,40.3609243851,33.680138348,22.991073946,16.476385894,15.1851146826,14.5517537591,13.336675631548,11.1755558182547,failed-vetting,failed-vetting
GCAM 5.3,SSP4-DACCS-2p6-3pctHR,30.7944801,39.323176924,43.7588462265,40.9314197151,34.170891239,25.274920775,17.098868264,13.2262523765,11.9421589943,11.50833517068,failed-vetting,failed-vetting
GCAM 5.3,SSP4-highcostDACCS-2p6-3pctHR,30.7944801,39.33218332,40.67861819,34.2624505,23.31537203,15.39549359,13.01391823,12.03827308,10.97773216,9.351184386,failed-vetting,failed-vetting
GCAM 5.3,SSP4-medcostDACCS-2p6-3pctHR,30.7944801,39.33225192,42.02145567,37.05576766,27.27395701,17.65082012,13.18537457,12.46080042,11.96736377,10.94999169,failed-vetting,failed-vetting
GCAM 5.3,SSP4-noDACCS-1p9-3pctHR,30.7944801,39.364590742,31.6131922312,21.2916614466,16.81093593465,16.03834871109,14.730358093049,12.2223518131199,8.94747218712395,5.87437320029196,failed-vetting,failed-vetting
GCAM 5.3,SSP4-noDACCS-2p6-3pctHR,30.7944801,39.35008425,40.7429242856,34.390446067,23.655452803,15.6096276073,13.0409207717,12.11793104652,11.153064028124,9.5944451698928,failed-vetting,failed-vetting
GCAM 5.3,SSP5-DACCS-1p9-3pctHR,30.7944801,40.620742972,57.4473611712,56.629968506,47.644224891,39.22785074,37.2245616988,39.07596187853,39.10950779035,33.5504041942505,failed-vetting,failed-vetting
GCAM 5.3,SSP5-DACCS-2p6-3pctHR,30.7944801,40.620742972,57.3806622356,63.325161966,57.514306779,47.399327129,38.754815708,35.5508031989,36.84152152272,35.29530967952,failed-vetting,failed-vetting
GCAM 5.3,SSP5-noDACCS-2p6-3pctHR,30.7944801,40.657123035,57.5056372167,43.186095389,34.260823047,31.3698633579,35.02261019905,36.067479915008,34.4796067134403,26.5919862647242,failed-vetting,failed-vetting
GCAM 5.3,SSP_SSP1,30.795455382,40.53227459,30.2343620774,11.37860368045,5.16663282659,1.41082403535106,0.77973203611639,0.5377589002746,0.552662687021789,0.347977023974724,no-climate-assessment,no-climate-assessment
GCAM 5.3,SSP_SSP2,30.795455382,37.710963585,32.0336665014,22.2735539444,20.14142091225,6.88086240806656,4.22236998804197,3.26340692591363,3.2524525668813,2.4565204679718,C3,C3: limit warming to 2°C (>67%)
GCAM 5.3,SSP_SSP3,30.795455382,37.494761674,32.7981456494,23.1386475845,20.795696375836,9.70651547912162,6.96462957517421,5.14413621309682,4.92897817691612,4.10924864607502,C2,C2: return warming to 1.5°C (>50%) after a high overshoot
GCAM 5.3,SSP_SSP4,30.795454382,37.769090425,33.1157912161,24.0523709654,24.709128750396,11.029237831336,8.38247268759905,7.23215411895217,7.63505795157429,6.72103715493504,C2,C2: return warming to 1.5°C (>50%) after a high overshoot
GCAM 5.3,SSP_SSP5,30.795455382,38.132488758,35.1615418496,36.10700768822,41.7820812945009,16.0275684847258,12.8430381199607,12.1869147054925,11.6073640654404,10.7133123315544,C3,C3: limit warming to 2°C (>67%)
GCAM-PR 5.3,CSH,30.795455392,40.18559161,48.75828571,20.516851033782142,19.725647607617248,19.3354475166722,19.940468432204902,20.264259472069746,20.19728779899998,20.345196223089918,no-climate-assessment,no-climate-assessment
GCAM-PR 5.3,PCSH,30.795455392,36.83846505,43.63899522883,20.516851033782142,19.725647607617248,19.3354475166722,19.940468432204902,20.264259472069746,20.19728779899998,20.345196223089918,failed-vetting,failed-vetting
GCAM-PR 5.3,PR_CP_Intensity,30.795455392,36.49790305,42.0964094656,42.09805287289,38.19245062935,37.34427495286,37.915187925143,32.338589169719,28.077603163123,24.3543035945871,failed-vetting,failed-vetting
GCAM-PR 5.3,PR_CP_Price,30.795455392,36.48852559,42.0889659907,42.44003908618,40.077309694872,41.31139793254,44.94314301791,41.56644587871,40.00093412282,40.06582354641,failed-vetting,failed-vetting
GCAM-PR 5.3,PR_CP_PriceOnly,30.795455392,36.54514205,42.92428512899,44.33290863571,41.352495627161,41.85485293306,44.63968911754,41.58568004672,40.26950399248,40.3642634948,C7,C7: limit warming to 4°C (>50%)
GCAM-PR 5.3,PR_NDC_Intensity,30.795455392,36.48852559,39.30376093823,38.2378235095,33.88801641359,32.98469251875,32.21568593926,27.131908650993,22.7042357438347,18.3090523338517,failed-vetting,failed-vetting
GCAM-PR 5.3,PR_NDC_Price,30.795455392,36.48852559,39.29689123973,39.0805219036,35.622118448687,36.24759007011,39.04224000667,35.16659381849,32.5965553823,30.93977369595,failed-vetting,failed-vetting
GCAM-PR 5.3,PR_NDC_PriceOnly,30.79545539,36.54638634,40.21905282,41.40536798,37.57721069,37.2991406,39.18661348,35.6524592,33.28770506,31.59885108,C6,C6: limit warming to 3°C (>50%)
GCAM-PR 5.3,PR_baseline,30.79545539,40.20734623,49.09369939,52.59376048,51.47155193,54.08693768,58.13674137,55.05741968,54.52484844,55.61370434,C7,C7: limit warming to 4°C (>50%)
GCAM-PR 5.3,R,30.795455382,41.66915788,54.854763064,20.516851033782142,19.725647607617248,19.3354475166722,19.940468432204902,20.264259472069746,20.19728779899998,20.345196223089918,no-climate-assessment,no-climate-assessment
GCAM-PR 5.3,SH,30.795455382,41.55543973,53.468780253,20.516851033782142,19.725647607617248,19.3354475166722,19.940468432204902,20.264259472069746,20.19728779899998,20.345196223089918,no-climate-assessment,no-climate-assessment
GCAM5.2_NET,GCAM_1.5C_high_os_high-cost-DAC,30.92955,44.59155,49.89664,31.26848,33.28542,36.97431,41.28483,45.05621,48.28745,39.44298,failed-vetting,failed-vetting
GCAM5.2_NET,GCAM_1.5C_high_os_low-cost-DAC,30.92955,44.59155,49.89664,31.26848,34.90784,37.79701,44.42992,48.4983,52.50387,42.07668,failed-vetting,failed-vetting
GCAM5.2_NET,GCAM_1.5C_low_os_high-cost-DAC,30.92955,44.59155,25.37377,29.03351,31.75949,34.83719,37.6219,41.29685,36.70547,35.03334,failed-vetting,failed-vetting
GCAM5.2_NET,GCAM_1.5C_low_os_low-cost-DAC,30.92955,44.59155,25.37377,30.49501,33.68201,38.14125,42.48285,46.4006,39.87885,37.57226,failed-vetting,failed-vetting
GCAM5.2_NET,GCAM_1.5C_low_os_noDAC,30.92955,44.59155,25.37379,28.55901,26.5582,23.03067,20.45023,21.51482,21.30524,21.7133,failed-vetting,failed-vetting
GEM-E3 V1,CD-LINKS_INDCi,27.1663660793142,28.78783877515419,28.40320406058981,29.06370228225085,31.82427220945,19.3354475166722,19.940468432204902,20.264259472069746,20.19728779899998,20.345196223089918,failed-vetting,failed-vetting
GEM-E3 V1,CD-LINKS_INDCi_recGenTaxation,33.61294845226418,30.09418961806588,34.35247742255895,41.39421050565502,49.21441393113078,19.3354475166722,19.940468432204902,20.264259472069746,20.19728779899998,20.345196223089918,no-climate-assessment,no-climate-assessment
GEM-E3 V1,CD-LINKS_INDCi_recSocialSecurity,33.61294845226418,30.0941895616059,34.3414785154128,41.38113649416951,49.20353498023471,19.3354475166722,19.940468432204902,20.264259472069746,20.19728779899998,20.345196223089918,no-climate-assessment,no-climate-assessment
GEM-E3 V1,CD-LINKS_NPi,27.1663660793142,28.78123447620239,34.64336358595288,39.69204307636645,44.06316964666183,19.3354475166722,19.940468432204902,20.264259472069746,20.19728779899998,20.345196223089918,failed-vetting,failed-vetting
GEM-E3 V1,CD-LINKS_NPi2020_1000,27.1663660793142,28.78436243683884,21.77803340206605,13.75020377335835,12.61379469683997,19.3354475166722,19.940468432204902,20.264259472069746,20.19728779899998,20.345196223089918,failed-vetting,failed-vetting
GEM-E3 V1,CD-LINKS_NPi2020_1000_recGenTaxation,33.61294845226418,30.09985815153512,15.76987017985568,7.535622221264958,11.54112123254099,19.3354475166722,19.940468432204902,20.264259472069746,20.19728779899998,20.345196223089918,no-climate-assessment,no-climate-assessment
GEM-E3 V1,CD-LINKS_NPi2020_1000_recSocialSecurity,33.61294845226418,30.09985835389905,15.77180605224544,7.513218593609158,11.47945570223646,19.3354475166722,19.940468432204902,20.264259472069746,20.19728779899998,20.345196223089918,no-climate-assessment,no-climate-assessment
GEM-E3 V1,CD-LINKS_NPi2020_1600,27.1663660793142,28.78436243683884,26.34699319253425,20.55557386802915,19.81093065661359,19.3354475166722,19.940468432204902,20.264259472069746,20.19728779899998,20.345196223089918,failed-vetting,failed-vetting
GEM-E3 V1,CD-LINKS_NPi2020_400,27.1663660793142,28.78512785328004,11.72462064028602,5.72103831268092,3.220579575681792,19.3354475166722,19.940468432204902,20.264259472069746,20.19728779899998,20.345196223089918,failed-vetting,failed-vetting
GEM-E3 V1,CD-LINKS_NPi2020_400_recGenTaxation,33.61294845226418,30.09985808455597,14.97838297467807,5.650810634170544,8.160670626575515,19.3354475166722,19.940468432204902,20.264259472069746,20.19728779899998,20.345196223089918,failed-vetting,failed-vetting
GEM-E3 V1,CD-LINKS_NPi2020_400_recSocialSecurity,33.61294845226418,30.09985813728897,15.02204133396897,5.646275067405702,8.126621969170216,19.3354475166722,19.940468432204902,20.264259472069746,20.19728779899998,20.345196223089918,failed-vetting,failed-vetting
GEM-E3_V2021,EN_INDCi2030_1000,30.78014575621749,33.73291289646421,27.97895113344352,5.71749831701949,5.640329756521465,6.890143418262598,6.617732507118118,8.05511748942104,11.17270510302024,14.3010927393509,C3,C3: limit warming to 2°C (>67%)
GEM-E3_V2021,EN_INDCi2030_1000_COV,30.78014575621749,31.32567552991425,28.07583029602552,5.910805412169614,5.759458214745458,6.70642008753056,6.426336009188288,8.013743081195749,10.95196358828502,13.91645007878617,C3,C3: limit warming to 2°C (>67%)
GEM-E3_V2021,EN_INDCi2030_1000_COV_NDCp,30.78014575621749,31.32567555021484,25.10917846480132,6.138298958250621,5.82665078135326,6.819736921700243,6.499336933286572,8.293349573212707,11.29704000899857,14.17084278493248,C3,C3: limit warming to 2°C (>67%)
GEM-E3_V2021,EN_INDCi2030_1000_NDCp,30.78014575621749,33.73291289646421,24.92501201771526,5.785258346839439,5.873489223274917,7.245306978015454,6.791543722557395,8.648438014724093,11.55400104468781,15.05553708126484,C3,C3: limit warming to 2°C (>67%)
GEM-E3_V2021,EN_INDCi2030_1000f,30.78014575621749,33.73291289646421,27.97895113344352,7.476376676928655,6.484516788345643,6.465614608705936,5.010239357770378,4.387358331513099,9.121675645104952,12.52258156193883,C4,C4: limit warming to 2°C (>50%)
GEM-E3_V2021,EN_INDCi2030_1000f_COV,30.78014575621749,31.32567552991425,28.07583029602552,7.299284791104371,6.176007759428742,6.338044528712683,4.960642143654352,5.744125740906316,8.914714877510814,12.3146892741318,C3,C3: limit warming to 2°C (>67%)
GEM-E3_V2021,EN_INDCi2030_1000f_COV_NDCp,30.78014575621749,31.32567555021484,25.10917846480132,7.269062293905104,6.634662317081196,6.439423075849275,5.167903706294697,5.878379510639718,9.052881492354468,12.20386849603086,C3,C3: limit warming to 2°C (>67%)
GEM-E3_V2021,EN_INDCi2030_1000f_NDCp,30.78014575621749,33.73291289646421,24.92501201771526,7.501656809794705,6.637035626401271,6.641718298226781,5.267040935468514,4.724734982110688,9.212778849251835,12.72096888590683,C4,C4: limit warming to 2°C (>50%)
GEM-E3_V2021,EN_INDCi2030_1400,30.78014575621749,33.73291289646421,27.97895113344352,11.36264992805319,8.774766313026934,9.402557414815035,7.908829914775944,8.764070159009458,11.88037373332449,14.77834085755131,C4,C4: limit warming to 2°C (>50%)
GEM-E3_V2021,EN_INDCi2030_1400f,30.78014575621749,33.73291289646421,27.97895113344352,11.36264992805319,8.774766313026934,9.324249282271284,7.853968103542255,8.733565685827099,11.88031179820668,15.01066857512332,C4,C4: limit warming to 2°C (>50%)
GEM-E3_V2021,EN_INDCi2030_1800,30.78014575621749,33.73291289646421,27.97895113344352,13.59690108207094,10.97421194669228,10.78115210233148,10.70568097122946,11.2428417607282,12.20566091561359,15.65698450055798,C5,C5: limit warming to 2.5°C (>50%)
GEM-E3_V2021,EN_INDCi2030_1800f,30.78014575621749,33.73291289646421,27.97895113344352,13.59690108207094,10.97421194669228,10.78115210233148,10.70568097122946,11.2428417607282,12.20566091561359,15.65698450055798,C5,C5: limit warming to 2.5°C (>50%)
GEM-E3_V2021,EN_INDCi2030_600f,30.78014575621749,33.73291289646421,27.97895113344352,4.324933197419409,3.757147263431361,3.675082960038285,1.797194752272183,1.484970920107511,1.754032372492003,7.043952347513852,C2,C2: return warming to 1.5°C (>50%) after a high overshoot
GEM-E3_V2021,EN_INDCi2030_600f_COV,30.78014575621749,31.32567552991425,28.07583029602552,4.394398207066472,3.792668877006823,3.649366047528247,1.805278355619838,1.430388179246934,1.683727088972019,6.592652888706055,C2,C2: return warming to 1.5°C (>50%) after a high overshoot
GEM-E3_V2021,EN_INDCi2030_600f_COV_NDCp,30.78014575621749,31.32567555021484,25.10917846480132,4.53364870814097,3.862408792246054,3.744285389124763,1.8422802006867,1.354967759168813,1.655011685884862,6.609679528278633,C2,C2: return warming to 1.5°C (>50%) after a high overshoot
GEM-E3_V2021,EN_INDCi2030_600f_NDCp,30.78014575621749,33.73291289646421,24.92501201771526,4.527020031265868,3.89495187209466,3.79479906859597,1.861117310432763,1.415044713964004,1.685468936925092,7.055584531413951,C2,C2: return warming to 1.5°C (>50%) after a high overshoot
GEM-E3_V2021,EN_INDCi2030_800,30.78014575621749,33.73291289646421,27.97895113344352,4.171418577761496,4.39327530431916,4.528039995987362,2.003507144074955,2.319421624419753,6.209351938419819,9.434750067596257,C3,C3: limit warming to 2°C (>67%)
GEM-E3_V2021,EN_INDCi2030_800f,30.78014575621749,33.73291289646421,27.97895113344352,5.615559103912647,4.731439418150758,4.351508658764502,2.144227105987033,1.450314902369794,5.294702994348197,8.970473991326742,C2,C2: return warming to 1.5°C (>50%) after a high overshoot
GEM-E3_V2021,EN_INDCi2100,30.78014575621749,33.73291289646421,27.97895113344352,21.61061102898172,16.26837091548227,10.37153500129737,8.838452012774855,8.577160691046132,10.43615431480624,12.9234276619917,C7,C7: limit warming to 4°C (>50%)
GEM-E3_V2021,EN_INDCi2100_COV,30.78014575621749,31.32567552991425,28.07583029602552,21.12159223153116,15.98393854059457,8.844219711496557,7.416137723756723,7.737776208183844,9.38352271241625,11.15660070113283,C6,C6: limit warming to 3°C (>50%)
GEM-E3_V2021,EN_INDCi2100_COV_NDCp,30.78014575621749,31.32567555021484,25.10917846480132,20.26743153573277,13.97163610485058,9.447408475942314,7.018730976249011,7.670999992326128,8.65780158534525,10.29982681995626,C6,C6: limit warming to 3°C (>50%)
GEM-E3_V2021,EN_INDCi2100_NDCp,30.78014575621749,33.73291289646421,24.92501201771526,20.78361409766516,15.58966261242661,10.5630473433211,8.150096435353294,8.483897272329587,10.33351004798189,12.48217632103642,C6,C6: limit warming to 3°C (>50%)
GEM-E3_V2021,EN_NPi2020_1000,30.78014575621749,33.73291282442187,18.7312181250226,7.514510943027298,6.748480122305527,7.606776288927206,7.7426872368984,10.2806350885065,12.34948897515039,15.32642683652816,C3,C3: limit warming to 2°C (>67%)
GEM-E3_V2021,EN_NPi2020_1000_COV,30.78014575621749,31.32567552991425,19.73908272300984,7.87808537210648,6.998463302169228,6.813711766939119,6.875229931906053,8.253009490942567,11.25246687886762,14.12109325630801,C3,C3: limit warming to 2°C (>67%)
GEM-E3_V2021,EN_NPi2020_1000f,30.78014575621749,33.73291287293766,22.13725318229579,8.585775780210167,7.735117296619077,6.817536790227729,5.356223691383313,5.989379938979642,9.713202846559456,13.26385351275475,C4,C4: limit warming to 2°C (>50%)
GEM-E3_V2021,EN_NPi2020_1000f_COV,30.78014575621749,31.32567552991425,21.84402650909436,10.29597969125331,7.591748957149611,6.545446996507808,5.444889249929433,6.796087969493316,9.97132859109612,12.52225179741411,C3,C3: limit warming to 2°C (>67%)
GEM-E3_V2021,EN_NPi2020_1400,30.78014575621749,33.73291287350067,23.21391292640297,12.64148163341769,9.515736647897644,10.02705120124737,8.828312232646056,8.164530095184587,11.77246757640028,14.54911357971932,C5,C5: limit warming to 2.5°C (>50%)
GEM-E3_V2021,EN_NPi2020_1400f,30.78014575621749,33.73291287350067,23.21391292640297,12.64148163341769,9.515736647897644,9.979043743044553,8.810658405277346,8.146983518739997,11.76257005553217,14.80843230153853,C4,C4: limit warming to 2°C (>50%)
GEM-E3_V2021,EN_NPi2020_1800,30.78014575621749,33.73291287350067,25.06335909097187,14.35796011319427,12.2639446058891,12.1909464935878,11.60247677586467,11.31594410172575,12.27836294781938,15.71564420332395,C5,C5: limit warming to 2.5°C (>50%)
GEM-E3_V2021,EN_NPi2020_1800f,30.78014575621749,33.73291287350067,25.06335909097187,14.35796011319427,12.2639446058891,12.1909464935878,11.60247677586467,11.31594410172575,12.27836294781938,15.71564420332395,C5,C5: limit warming to 2.5°C (>50%)
GEM-E3_V2021,EN_NPi2020_400f,30.78014575621749,33.73291287293766,12.62467146805528,4.954285696817405,4.915597917552589,4.79998205201347,3.029361060676708,2.470258058342786,4.530595051033961,10.07617972268485,C2,C2: return warming to 1.5°C (>50%) after a high overshoot
GEM-E3_V2021,EN_NPi2020_500,30.78014575621749,33.73291282442187,2.772081963116904,3.918206819651711,3.878801112246958,3.878651081542388,3.338239798222119,3.302627119834698,7.572966514372435,11.35958120354715,C1,C1: limit warming to 1.5°C (>50%) with no or limited overshoot
GEM-E3_V2021,EN_NPi2020_500f,30.78014575621749,33.73291287293766,14.14426301528971,5.103939608911508,5.393984121786252,4.973400766969335,3.600923174101271,2.786260578605637,5.391050317609143,10.85904132954248,C2,C2: return warming to 1.5°C (>50%) after a high overshoot
GEM-E3_V2021,EN_NPi2020_600,30.78014575621749,33.73291282442187,4.022129749692425,4.248927786551636,5.156966807277152,6.489131395987746,5.433953784321361,7.862279963109389,10.51741690613306,13.25512303904944,C2,C2: return warming to 1.5°C (>50%) after a high overshoot
GEM-E3_V2021,EN_NPi2020_600_COV,30.78014575621749,31.32567552991425,4.266793477243009,3.981854246646622,4.392016773873841,4.33055684920626,2.026578736831113,2.199142248013396,5.718739229307928,8.562954816536399,C1,C1: limit warming to 1.5°C (>50%) with no or limited overshoot
GEM-E3_V2021,EN_NPi2020_600f,30.78014575621749,33.73291287293766,15.49249896450435,5.867781294807185,5.91064705385443,5.422546000486693,3.981023435335809,3.18234142348728,6.377236747762758,11.76971144824992,C2,C2: return warming to 1.5°C (>50%) after a high overshoot
GEM-E3_V2021,EN_NPi2020_600f_COV,30.78014575621749,31.32567552991425,13.70546169626895,5.58252965784644,4.757607425382957,3.948431868725489,2.123771216122775,1.498145796328035,4.407111533926098,7.717590039548202,C2,C2: return warming to 1.5°C (>50%) after a high overshoot
GEM-E3_V2021,EN_NPi2020_800,30.78014575621749,33.73291282442187,13.13570723868518,5.190676632480693,5.712677629765386,6.96679197344914,6.69896842966188,8.167728148851866,11.10900310932674,14.51408588372014,C3,C3: limit warming to 2°C (>67%)
GEM-E3_V2021,EN_NPi2020_800f,30.78014575621749,33.73291287293766,17.26792426191933,7.233908846283975,6.678594009960293,6.012355219745665,4.692438037722878,3.863317875494745,8.135122435721629,12.26239996875579,C3,C3: limit warming to 2°C (>67%)
GEM-E3_V2021,EN_NPi2100,30.78014575621749,33.73291289646421,30.8038304122,25.9274284579719,21.70426282554702,17.86213647066344,16.04181470662391,18.34395924765369,17.22934159118475,12.91149542882273,C7,C7: limit warming to 4°C (>50%)
GEM-E3_V2021,EN_NPi2100_COV,30.78014575621749,31.32567552991425,29.20073257232833,24.52512543491208,20.50246223641573,17.13853439464977,15.45084068195006,17.68801956633427,16.58573113112078,12.36400830147821,C7,C7: limit warming to 4°C (>50%)
GEMINI-E3 7.0,PR_Baseline,30.78014575621749,41.1133670804,49.305461202,53.0251253239,57.30253556579999,19.3354475166722,19.940468432204902,20.264259472069746,20.19728779899998,20.345196223089918,no-climate-assessment,no-climate-assessment
GEMINI-E3 7.0,PR_CP_Intensity,30.78014575621749,39.9185118427,38.9578911015,35.78674504880001,33.0318508799,19.3354475166722,19.940468432204902,20.264259472069746,20.19728779899998,20.345196223089918,no-climate-assessment,no-climate-assessment
GEMINI-E3 7.0,PR_CP_Price,30.78014575621749,39.9185118427,38.9578911015,40.62274656809999,43.3385834139,19.3354475166722,19.940468432204902,20.264259472069746,20.19728779899998,20.345196223089918,no-climate-assessment,no-climate-assessment
GEMINI-E3 7.0,PR_CP_PriceOnly,30.78014575621749,39.67158944160001,39.2907709415,41.18872897270001,44.2803190323,19.3354475166722,19.940468432204902,20.264259472069746,20.19728779899998,20.345196223089918,no-climate-assessment,no-climate-assessment
GEMINI-E3 7.0,PR_NDC_Intensity,30.78014575621749,39.58164133460001,36.27160273249999,31.0537264949,27.6250389168,19.3354475166722,19.940468432204902,20.264259472069746,20.19728779899998,20.345196223089918,no-climate-assessment,no-climate-assessment
GEMINI-E3 7.0,PR_NDC_Price,30.78014575621749,39.58164133460001,36.27160273249999,37.5400102093,39.6706959086,19.3354475166722,19.940468432204902,20.264259472069746,20.19728779899998,20.345196223089918,no-climate-assessment,no-climate-assessment
GENeSYS-MOD 1.0,1,30.78014575621749,33.861,10.839,4.883,0.0,19.3354475166722,19.940468432204902,20.264259472069746,20.19728779899998,20.345196223089918,no-climate-assessment,no-climate-assessment
GMM-17,Hard_Rock,31.39686,39.42405000000002,37.67393,37.97233000000003,31.33434000000001,29.29345,19.940468432204902,20.264259472069746,20.19728779899998,20.345196223089918,no-climate-assessment,no-climate-assessment
GMM-17,Modern_Jazz,31.39686,39.10689,36.18046,27.99100000000001,10.7645,8.652360000000002,19.940468432204902,20.264259472069746,20.19728779899998,20.345196223089918,no-climate-assessment,no-climate-assessment
GMM-17,Symphony_1.5C,31.22081,32.04232,25.55256,11.76416,2.88822,2.74101,19.940468432204902,20.264259472069746,20.19728779899998,20.345196223089918,no-climate-assessment,no-climate-assessment
GMM-17,Unfinished_Symphony,31.39686,38.1932,30.22957000000001,19.93782,5.84409,4.388190000000001,19.940468432204902,20.264259472069746,20.19728779899998,20.345196223089918,no-climate-assessment,no-climate-assessment
GRAPE-15 1.0,EMF33_1.5C_cost100,31.4928,43.6182,24.9262,16.6804,13.9878,10.4615,11.3645,12.091,11.1618,11.6837,failed-vetting,failed-vetting
GRAPE-15 1.0,EMF33_1.5C_full,31.4928,43.6747,24.9469,16.7124,14.0382,10.5165,11.436,12.1618,11.1973,11.7008,failed-vetting,failed-vetting
GRAPE-15 1.0,EMF33_1.5C_nofuel,31.4928,43.681,24.9208,16.655,14.068,10.2369,11.3612,12.0027,11.0665,11.3698,failed-vetting,failed-vetting
GRAPE-15 1.0,EMF33_Baseline,31.4928,49.8633,64.3599,74.4995,89.3224,103.2321,115.0537,127.6492,141.1594,132.7301,failed-vetting,failed-vetting
GRAPE-15 1.0,EMF33_Med2C_cost100,31.4928,46.5249,53.8289,49.0913,33.4492,30.5675,29.2245,29.1601,27.7022,29.2383,failed-vetting,failed-vetting
GRAPE-15 1.0,EMF33_Med2C_full,31.4928,46.5344,53.8734,50.4229,34.5857,32.6842,30.1544,28.4696,27.0525,29.8733,failed-vetting,failed-vetting
GRAPE-15 1.0,EMF33_Med2C_limbio,31.4928,44.4871,40.8148,31.4551,27.7552,28.3242,33.9423,40.5605,36.5059,34.8924,failed-vetting,failed-vetting
GRAPE-15 1.0,EMF33_Med2C_nobeccs,31.4928,44.0763,43.1717,39.311,35.8755,25.0511,20.3405,17.1437,16.5341,18.6137,failed-vetting,failed-vetting
GRAPE-15 1.0,EMF33_Med2C_nofuel,31.4928,46.5518,53.9165,49.9736,34.5322,31.7726,29.1093,28.5364,27.0759,29.7068,failed-vetting,failed-vetting
GRAPE-15 1.0,EMF33_Med2C_none,31.4928,43.8934,43.0952,37.5963,33.0012,24.4539,20.387,17.1079,16.6936,18.763,failed-vetting,failed-vetting
GRAPE-15 1.0,EMF33_WB2C_cost100,31.4928,44.4761,45.0294,31.3635,24.1606,21.5629,20.6089,24.3742,26.9668,21.2011,failed-vetting,failed-vetting
GRAPE-15 1.0,EMF33_WB2C_full,31.4928,44.6142,45.4929,31.9349,24.5621,21.0996,20.1365,23.6008,26.2267,20.2603,failed-vetting,failed-vetting
GRAPE-15 1.0,EMF33_WB2C_limbio,31.4928,40.355,23.3114,14.1451,9.7986,15.2798,17.2707,18.308,17.0887,18.0778,failed-vetting,failed-vetting
GRAPE-15 1.0,EMF33_WB2C_nofuel,31.4928,44.5994,45.4091,31.5977,24.3106,21.59800000000001,20.7479,24.5305,26.839,20.6173,failed-vetting,failed-vetting
GRAPE-15 1.0,EMF33_tax_hi_full,31.4928,49.5776,55.272,49.6696,39.9896,33.7884,28.1895,27.4748,29.6484,29.917,failed-vetting,failed-vetting
GRAPE-15 1.0,EMF33_tax_hi_none,31.4928,49.4597,57.668,59.5874,61.2655,58.5629,61.8505,55.306,56.1733,47.8839,failed-vetting,failed-vetting
GRAPE-15 1.0,EMF33_tax_lo_full,31.4928,49.9424,58.6424,62.8219,61.5531,61.4653,62.7889,52.4396,57.8597,57.5501,failed-vetting,failed-vetting
GRAPE-15 1.0,EMF33_tax_lo_none,31.4928,49.9505,58.4912,62.3874,62.0332,68.8383,77.2799,83.6526,84.27799999999998,80.87,failed-vetting,failed-vetting
IEA Energy Technology Perspectives Model 2020,B2DS,31.15836097892669,35.45748,18.65923152269365,6.573406904175926,4.54953426587,4.181805051666323,4.294593337813225,20.264259472069746,20.19728779899998,20.345196223089918,no-climate-assessment,no-climate-assessment
IMACLIM 1.1,ADVANCE_2020_1.5C-2100_WP6,31.04,25.61,8.622,4.786,19.66,19.3354475166722,19.940468432204902,20.264259472069746,20.19728779899998,20.345196223089918,no-climate-assessment,no-climate-assessment
IMACLIM 1.1,ADVANCE_2020_Med2C_WP6,31.04,28.81,14.67,16.28,70.53,19.3354475166722,19.940468432204902,20.264259472069746,20.19728779899998,20.345196223089918,failed-vetting,failed-vetting
IMACLIM 1.1,ADVANCE_2020_WB2C_WP6,31.04,27.04,11.53,12.56,49.6,19.3354475166722,19.940468432204902,20.264259472069746,20.19728779899998,20.345196223089918,no-climate-assessment,no-climate-assessment
IMACLIM 1.1,ADVANCE_2030_Med2C_WP6,30.1,30.82,26.37,17.17,43.13,19.3354475166722,19.940468432204902,20.264259472069746,20.19728779899998,20.345196223089918,failed-vetting,failed-vetting
IMACLIM 1.1,ADVANCE_2030_Price1.5C_WP6,30.1,30.82,24.76,15.52,51.98,19.3354475166722,19.940468432204902,20.264259472069746,20.19728779899998,20.345196223089918,failed-vetting,failed-vetting
IMACLIM 1.1,ADVANCE_2030_WB2C_WP6,30.1,30.82,25.36,13.74,32.72,19.3354475166722,19.940468432204902,20.264259472069746,20.19728779899998,20.345196223089918,failed-vetting,failed-vetting
IMACLIM 1.1,ADVANCE_INDC_WP6,30.1,30.74,32.82,38.47,47.04,19.3354475166722,19.940468432204902,20.264259472069746,20.19728779899998,20.345196223089918,failed-vetting,failed-vetting
IMACLIM 1.1,ADVANCE_NoPolicy_WP6,34.02,46.4,52.35,50.73,46.75,19.3354475166722,19.940468432204902,20.264259472069746,20.19728779899998,20.345196223089918,no-climate-assessment,no-climate-assessment
IMACLIM 1.1,ADVANCE_Reference_WP6,31.04,34.22,44.12,49.57,49.66,19.3354475166722,19.940468432204902,20.264259472069746,20.19728779899998,20.345196223089918,failed-vetting,failed-vetting
IMACLIM 1.1,SSP1_NoPolicy_TranspBase,39.23,39.42,41.2,42.03,48.25,44.82,39.95,28.8,20.19728779899998,20.345196223089918,no-climate-assessment,no-climate-assessment
IMACLIM 1.1,SSP1_NoPolicy_TranspOpt,38.88,36.7,36.5,30.4,32.19,34.22,36.45,45.94,20.19728779899998,20.345196223089918,no-climate-assessment,no-climate-assessment
IMACLIM 1.1,SSP1_RCP34_TranspBase,28.92,19.96,25.6,40.18,34.7,29.91,31.6,20.264259472069746,20.19728779899998,20.345196223089918,failed-vetting,failed-vetting
IMACLIM 1.1,SSP1_RCP34_TranspOpt,29.25,19.66,24.73,36.2,30.3,23.89,23.59,12.36,20.19728779899998,20.345196223089918,failed-vetting,failed-vetting
IMACLIM 1.1,SSP1_RCP45_TranspBase,28.7,24.39,37.43,40.57,45.52,39.83,37.76,30.24,20.19728779899998,20.345196223089918,failed-vetting,failed-vetting
IMACLIM 1.1,SSP1_RCP45_TranspOpt,28.93,23.06,33.49,31.14,34.5,34.82,40.29,31.48,20.19728779899998,20.345196223089918,failed-vetting,failed-vetting
IMACLIM 1.1,SSP3_NoPolicy_TranspBase,35.6,51.62,67.04,77.97,86.4,96.27,105.8,111.0,20.19728779899998,20.345196223089918,no-climate-assessment,no-climate-assessment
IMACLIM 1.1,SSP3_NoPolicy_TranspOpt,35.58,49.41,62.61,69.07,77.57,87.66,100.5,109.6,20.19728779899998,20.345196223089918,no-climate-assessment,no-climate-assessment
IMACLIM 1.1,SSP3_NoPolicy_Transp_111,34.52,33.42,33.94,32.91,34.23,36.39,34.78,32.62,20.19728779899998,20.345196223089918,no-climate-assessment,no-climate-assessment
IMACLIM 1.1,SSP3_NoPolicy_Transp_112,34.52,33.25,33.51,32.39,33.47,36.87,35.85,37.17,20.19728779899998,20.345196223089918,no-climate-assessment,no-climate-assessment
IMACLIM 1.1,SSP3_NoPolicy_Transp_121,34.43,32.01,32.44,30.2,32.35,34.05,34.31,33.27,20.19728779899998,20.345196223089918,no-climate-assessment,no-climate-assessment
IMACLIM 1.1,SSP3_NoPolicy_Transp_211,34.51,32.81,33.31,31.65,32.93,35.39,35.82,35.1,20.19728779899998,20.345196223089918,no-climate-assessment,no-climate-assessment
IMACLIM 1.1,SSP3_NoPolicy_Transp_222,34.39,31.19,31.59,29.14,31.37,32.04,34.88,35.94,20.19728779899998,20.345196223089918,no-climate-assessment,no-climate-assessment
IMACLIM 1.1,SSP3_RCP26_Transp_111,32.66,23.79,16.41,19.05,18.66,19.3354475166722,19.940468432204902,20.264259472069746,20.19728779899998,20.345196223089918,no-climate-assessment,no-climate-assessment
IMACLIM 1.1,SSP3_RCP26_Transp_112,32.67,23.76,16.22,18.64,18.18,19.3354475166722,19.940468432204902,20.264259472069746,20.19728779899998,20.345196223089918,no-climate-assessment,no-climate-assessment
IMACLIM 1.1,SSP3_RCP26_Transp_121,32.81,23.61,15.74,17.99,17.8,14.27,19.940468432204902,20.264259472069746,20.19728779899998,20.345196223089918,no-climate-assessment,no-climate-assessment
IMACLIM 1.1,SSP3_RCP26_Transp_211,32.87,23.83,15.98,18.19,17.7,14.29,19.940468432204902,20.264259472069746,20.19728779899998,20.345196223089918,no-climate-assessment,no-climate-assessment
IMACLIM 1.1,SSP3_RCP26_Transp_222,32.93,23.15,15.07,16.87,16.34,13.03,19.940468432204902,20.264259472069746,20.19728779899998,20.345196223089918,no-climate-assessment,no-climate-assessment
IMACLIM 1.1,SSP3_RCP34_TranspBase,31.52,25.44,30.82,53.51,78.4,65.14,49.13,41.26,20.19728779899998,20.345196223089918,failed-vetting,failed-vetting
IMACLIM 1.1,SSP3_RCP34_TranspOpt,31.84,25.17,28.73,47.46,62.25,46.59,34.35,32.13,20.19728779899998,20.345196223089918,failed-vetting,failed-vetting
IMACLIM 1.1,SSP3_RCP34_Transp_111,32.64,26.43,24.21,29.55,35.65,28.72,26.49,18.98,20.19728779899998,20.345196223089918,no-climate-assessment,no-climate-assessment
IMACLIM 1.1,SSP3_RCP34_Transp_112,32.65,26.41,24.03,28.83,34.68,28.23,25.06,18.55,20.19728779899998,20.345196223089918,no-climate-assessment,no-climate-assessment
IMACLIM 1.1,SSP3_RCP34_Transp_121,32.82,26.82,23.47,27.51,33.58,28.01,24.94,18.41,20.19728779899998,20.345196223089918,no-climate-assessment,no-climate-assessment
IMACLIM 1.1,SSP3_RCP34_Transp_211,32.85,26.8,23.82,28.24,34.03,27.08,23.0,17.4,20.19728779899998,20.345196223089918,no-climate-assessment,no-climate-assessment
IMACLIM 1.1,SSP3_RCP34_Transp_222,32.95,26.86,22.69,25.51,31.1,25.18,20.34,16.68,20.19728779899998,20.345196223089918,no-climate-assessment,no-climate-assessment
IMACLIM 1.1,SSP3_RCP45_TranspBase,31.24,29.5,43.96,57.25,64.83,67.05,74.87,67.5,20.19728779899998,20.345196223089918,failed-vetting,failed-vetting
IMACLIM 1.1,SSP3_RCP45_TranspOpt,31.65,29.34,40.04,50.06,54.79,61.22,72.1,58.34,20.19728779899998,20.345196223089918,failed-vetting,failed-vetting
IMACLIM 1.1,SSP3_RCP45_Transp_111,32.65,31.27,31.47,28.25,29.81,28.34,33.51,29.93,20.19728779899998,20.345196223089918,no-climate-assessment,no-climate-assessment
IMACLIM 1.1,SSP3_RCP45_Transp_112,32.65,31.21,31.26,27.28,28.39,27.29,33.21,29.63,20.19728779899998,20.345196223089918,no-climate-assessment,no-climate-assessment
IMACLIM 1.1,SSP3_RCP45_Transp_121,32.81,31.74,32.62,27.89,26.94,26.37,32.77,31.4,20.19728779899998,20.345196223089918,no-climate-assessment,no-climate-assessment
IMACLIM 1.1,SSP3_RCP45_Transp_211,32.84,31.56,32.08,28.26,28.25,26.69,32.74,27.48,20.19728779899998,20.345196223089918,no-climate-assessment,no-climate-assessment
IMACLIM 1.1,SSP3_RCP45_Transp_222,32.93,31.46,32.49,27.84,25.27,24.69,31.6,29.02,20.19728779899998,20.345196223089918,no-climate-assessment,no-climate-assessment
IMACLIM 1.1,base_DemandHigh_FossilHigh_TechHigh,41.66,65.6,79.18,85.28,90.89,19.3354475166722,19.940468432204902,20.264259472069746,20.19728779899998,20.345196223089918,failed-vetting,failed-vetting
IMACLIM 1.1,base_DemandHigh_FossilLow_TechHigh,38.03,37.89,34.37,30.48,28.84,19.3354475166722,19.940468432204902,20.264259472069746,20.19728779899998,20.345196223089918,failed-vetting,failed-vetting
IMACLIM 1.1,base_DemandHigh_FossilLow_TechLow,41.02,43.98,45.35,47.74,56.49,19.3354475166722,19.940468432204902,20.264259472069746,20.19728779899998,20.345196223089918,no-climate-assessment,no-climate-assessment
IMACLIM 1.1,base_DemandLow_FossilHigh_TechHigh,36.2,47.01,47.16,40.2,33.17,19.3354475166722,19.940468432204902,20.264259472069746,20.19728779899998,20.345196223089918,failed-vetting,failed-vetting
IMACLIM 1.1,base_DemandLow_FossilHigh_TechLow,38.98,57.79,69.07,73.0,75.45,19.3354475166722,19.940468432204902,20.264259472069746,20.19728779899998,20.345196223089918,no-climate-assessment,no-climate-assessment
IMACLIM 1.1,base_DemandLow_FossilLow_TechHigh,35.78,36.25,33.68,26.46,23.9,19.3354475166722,19.940468432204902,20.264259472069746,20.19728779899998,20.345196223089918,failed-vetting,failed-vetting
IMACLIM 1.1,base_DemandLow_FossilLow_TechLow,38.45,41.7,43.49,45.86,51.42,19.3354475166722,19.940468432204902,20.264259472069746,20.19728779899998,20.345196223089918,no-climate-assessment,no-climate-assessment
IMACLIM 1.1,peak2016_DemandHigh_FossilHigh_TechHigh,35.36,24.64,26.1,41.39,30.69,19.3354475166722,19.940468432204902,20.264259472069746,20.19728779899998,20.345196223089918,failed-vetting,failed-vetting
IMACLIM 1.1,peak2016_DemandHigh_FossilLow_TechHigh,35.11,23.07,23.64,31.32,16.5,19.3354475166722,19.940468432204902,20.264259472069746,20.19728779899998,20.345196223089918,failed-vetting,failed-vetting
IMACLIM 1.1,peak2016_DemandHigh_FossilLow_TechLow,34.1,21.77,19.63,24.46,15.23,19.3354475166722,19.940468432204902,20.264259472069746,20.19728779899998,20.345196223089918,failed-vetting,failed-vetting
IMACLIM 1.1,peak2016_DemandLow_FossilHigh_TechHigh,35.87,27.63,22.4,24.73,24.46,19.3354475166722,19.940468432204902,20.264259472069746,20.19728779899998,20.345196223089918,failed-vetting,failed-vetting
IMACLIM 1.1,peak2016_DemandLow_FossilHigh_TechLow,37.37,28.7,27.16,38.58,31.85,19.3354475166722,19.940468432204902,20.264259472069746,20.19728779899998,20.345196223089918,failed-vetting,failed-vetting
IMACLIM 1.1,peak2016_DemandLow_FossilLow_TechHigh,35.48,25.62,19.08,20.13,15.53,19.3354475166722,19.940468432204902,20.264259472069746,20.19728779899998,20.345196223089918,failed-vetting,failed-vetting
IMACLIM 1.1,peak2016_DemandLow_FossilLow_TechLow,37.05,26.51,23.65,30.91,19.29,19.3354475166722,19.940468432204902,20.264259472069746,20.19728779899998,20.345196223089918,failed-vetting,failed-vetting
IMACLIM 1.1,peak2020_DemandHigh_FossilHigh_TechHigh,35.36,29.66,30.02,44.69,31.57,19.3354475166722,19.940468432204902,20.264259472069746,20.19728779899998,20.345196223089918,failed-vetting,failed-vetting
IMACLIM 1.1,peak2020_DemandHigh_FossilLow_TechHigh,34.1,26.13,21.75,25.12,17.75,19.3354475166722,19.940468432204902,20.264259472069746,20.19728779899998,20.345196223089918,failed-vetting,failed-vetting
IMACLIM 1.1,peak2020_DemandHigh_FossilLow_TechLow,35.11,27.66,26.98,35.08,18.62,19.3354475166722,19.940468432204902,20.264259472069746,20.19728779899998,20.345196223089918,failed-vetting,failed-vetting
IMACLIM 1.1,peak2020_DemandLow_FossilHigh_TechHigh,35.87,33.44,25.78,25.16,24.21,19.3354475166722,19.940468432204902,20.264259472069746,20.19728779899998,20.345196223089918,failed-vetting,failed-vetting
IMACLIM 1.1,peak2020_DemandLow_FossilHigh_TechLow,37.37,35.25,32.07,40.77,31.54,19.3354475166722,19.940468432204902,20.264259472069746,20.19728779899998,20.345196223089918,failed-vetting,failed-vetting
IMACLIM 1.1,peak2020_DemandLow_FossilLow_TechHigh,35.48,30.27,20.6,19.17,15.31,19.3354475166722,19.940468432204902,20.264259472069746,20.19728779899998,20.345196223089918,failed-vetting,failed-vetting
IMACLIM 1.1,peak2020_DemandLow_FossilLow_TechLow,37.05,32.79,28.13,33.2,20.12,19.3354475166722,19.940468432204902,20.264259472069746,20.19728779899998,20.345196223089918,failed-vetting,failed-vetting
IMACLIM 1.1,peak2025_DemandHigh_FossilHigh_TechHigh,35.36,32.25,38.26,48.1,33.37,19.3354475166722,19.940468432204902,20.264259472069746,20.19728779899998,20.345196223089918,failed-vetting,failed-vetting
IMACLIM 1.1,peak2025_DemandHigh_FossilLow_TechHigh,34.1,28.52,26.48,24.1,17.49,19.3354475166722,19.940468432204902,20.264259472069746,20.19728779899998,20.345196223089918,failed-vetting,failed-vetting
IMACLIM 1.1,peak2025_DemandHigh_FossilLow_TechLow,35.11,30.26,33.61,38.75,23.7,19.3354475166722,19.940468432204902,20.264259472069746,20.19728779899998,20.345196223089918,failed-vetting,failed-vetting
IMACLIM 1.1,peak2025_DemandLow_FossilHigh_TechHigh,35.87,36.79,30.53,24.23,22.33,19.3354475166722,19.940468432204902,20.264259472069746,20.19728779899998,20.345196223089918,failed-vetting,failed-vetting
IMACLIM 1.1,peak2025_DemandLow_FossilHigh_TechLow,37.37,38.28,41.2,41.72,31.66,19.3354475166722,19.940468432204902,20.264259472069746,20.19728779899998,20.345196223089918,failed-vetting,failed-vetting
IMACLIM 1.1,peak2025_DemandLow_FossilLow_TechHigh,35.48,31.81,23.57,17.79,15.06,19.3354475166722,19.940468432204902,20.264259472069746,20.19728779899998,20.345196223089918,failed-vetting,failed-vetting
IMACLIM-NLU 1.0,EMF33_Baseline,37.08,46.82,50.54,45.32,41.4,40.7,28.54,22.82,16.83,16.17,no-climate-assessment,no-climate-assessment
IMACLIM-NLU 1.0,EMF33_tax_hi_none,37.08,46.86,38.48,38.55,39.51,43.51,48.89,56.51,56.43,59.45,failed-vetting,failed-vetting
IMACLIM-NLU 1.0,EMF33_tax_lo_none,37.08,46.86,43.38,38.35,34.94,37.65,26.49,24.55,26.52,29.97,failed-vetting,failed-vetting
IMAGE 3.0,CO_2Deg2020,31.057389056,37.204118272,25.517486257,7.276621182,10.566256787,16.96735613526022,23.53930213585662,26.66515757496006,30.70453040994337,34.02310917760518,C3,C3: limit warming to 2°C (>67%)
IMAGE 3.0,CO_2Deg2030,31.057389056,36.960582144,34.4646138058125,7.292517320000001,10.35515986956055,14.75482822621867,19.35905784,22.97065377070313,22.5521460608523,20.37121252448804,C3,C3: limit warming to 2°C (>67%)
IMAGE 3.0,CO_BAU,31.057037056,39.928770304,53.33250380800001,68.36626201600001,84.39429120000001,99.539007488,119.521619456,142.604322304,169.263710976,198.7335936,C7,C7: limit warming to 4°C (>50%)
IMAGE 3.0,CO_Bridge,31.057031168,37.016799003,27.806706066,6.358210720000002,9.619433975703128,14.281210368,16.98782910200001,20.50405884015039,19.85843379651294,20.42355422090699,C3,C3: limit warming to 2°C (>67%)
IMAGE 3.0,CO_CurPol,31.057389056,37.210256896,38.504254733,45.26612307200001,62.162894592,82.88405606399999,117.0112749267541,152.1248894885767,181.6608651249381,205.1885081921757,C7,C7: limit warming to 4°C (>50%)
IMAGE 3.0,CO_GPP,31.057031168,37.016799003,27.806706066,23.336002468,21.405678656,24.813541496,31.691608888,35.5307891767525,41.04805003602752,43.3496020663143,C5,C5: limit warming to 2.5°C (>50%)
IMAGE 3.0,CO_NDCplus,31.057389056,36.96457984,34.471578233125,34.471528736,46.56354425600001,63.810052416,91.406597376,114.736471936,135.402422272,154.818833344,C7,C7: limit warming to 4°C (>50%)
IMAGE 3.0,EN_INDCi2030_1000,31.060820224,37.292250112,31.520661166,7.259909677,11.69960966177128,19.28732070400175,25.39475774000293,29.6208891367109,31.79246697865715,31.52962846501168,C4,C4: limit warming to 2°C (>50%)
IMAGE 3.0,EN_INDCi2030_1000f,31.060820224,37.292250112,31.667565358,16.678755092,13.306439673,16.66203045711264,21.49374336001746,27.1946671575,25.29903999740974,19.43259994588908,C4,C4: limit warming to 2°C (>50%)
IMAGE 3.0,EN_INDCi2030_1200,31.060820224,37.292250112,31.51782402900001,15.284471972,14.320598048,21.25763264329195,27.18054906024927,33.37085769635518,35.29116354722932,36.67932306621336,C4,C4: limit warming to 2°C (>50%)
IMAGE 3.0,EN_INDCi2030_1200f,31.060820224,37.292250112,31.667565358,23.105525597,12.962034746,19.7529956923125,25.64101413976172,33.47206722048423,34.83786554766597,29.92228161816457,C4,C4: limit warming to 2°C (>50%)
IMAGE 3.0,EN_INDCi2030_1400,31.060820224,37.292250112,31.523373131,16.622614642,16.221693576,21.147206288,26.3503557095,32.38119948109912,36.88320126319056,40.29784009704964,C5,C5: limit warming to 2.5°C (>50%)
IMAGE 3.0,EN_INDCi2030_1400f,31.060820224,37.292250112,31.667565358,23.320261802,14.699347233,22.617577663,25.02737495900001,30.6831264878794,34.73383311943413,32.2820755859025,C4,C4: limit warming to 2°C (>50%)
IMAGE 3.0,EN_INDCi2030_3000,31.060820224,37.292250112,31.667565358,34.36943984000001,42.676404448,52.426752128,69.68402566399999,75.85482470400001,75.09158406830747,74.63559506879156,C6,C6: limit warming to 3°C (>50%)
IMAGE 3.0,EN_INDCi2030_3000f,31.060820224,37.292250112,31.667565358,34.36943984000001,42.676404448,52.426752128,69.68402566399999,75.85482470400001,75.09158406830747,74.63559506879156,C6,C6: limit warming to 3°C (>50%)
IMAGE 3.0,EN_INDCi2030_800f,31.060820224,37.292250112,31.667565358,7.575585500000001,10.6095220635688,16.25030679287748,22.57695167289144,26.70485089864957,23.37430989153232,19.41894996699156,C3,C3: limit warming to 2°C (>67%)
IMAGE 3.0,EN_INDCi2100,31.060820224,37.292250112,31.521695515,34.682420768,46.122819456,63.28943590399999,90.381606528,114.58940352,134.684217344,152.990905152,C7,C7: limit warming to 4°C (>50%)
IMAGE 3.0,EN_NPi2020_1000,31.060820224,37.181748992,29.083517081,8.175008258006898,11.02960462511719,20.01606647232877,23.27734767386075,29.10251056654689,33.54447344231618,35.00333263865419,C3,C3: limit warming to 2°C (>67%)
IMAGE 3.0,EN_NPi2020_1000f,31.060820224,37.077743872,27.611473618,8.845491792999999,13.867906474,19.49197577460157,24.78284601613905,31.4961348295302,32.63924152939683,34.22444495791579,C3,C3: limit warming to 2°C (>67%)
IMAGE 3.0,EN_NPi2020_1200,31.060820224,37.32697216,29.080097184,14.12741055,12.2448424961957,19.39839527767146,24.63210502830622,28.8827927190482,32.35205083216236,39.67773494357174,C4,C4: limit warming to 2°C (>50%)
IMAGE 3.0,EN_NPi2020_1200f,31.060820224,37.115465216,28.451538014,12.74253437,15.812276275,19.91789567,24.33325542940576,30.97082662601806,32.97537337875399,36.84067100132386,C4,C4: limit warming to 2°C (>50%)
IMAGE 3.0,EN_NPi2020_1400,31.060820224,37.343794688,30.00683714,18.739294768,14.883927366,20.110361442,25.52416741479688,30.42797227557172,34.26005227395272,41.18190232101999,C4,C4: limit warming to 2°C (>50%)
IMAGE 3.0,EN_NPi2020_1400f,31.060820224,37.179411456,29.55353262,19.397698464,11.889434896,20.25676348,23.616962673125,28.27931172515209,35.93427278775646,38.33343155155443,C4,C4: limit warming to 2°C (>50%)
IMAGE 3.0,EN_NPi2020_3000,31.0608192,36.599068928,35.41626009700001,37.58797408,44.22665990399999,53.61998764800001,68.854725632,73.168205216,69.7665564005004,69.65645784364231,C6,C6: limit warming to 3°C (>50%)
IMAGE 3.0,EN_NPi2020_3000f,31.0608192,36.599068928,35.41626009700001,37.58797408,44.22665990399999,53.61998764800001,68.854725632,73.168205216,69.7665564005004,69.65645784364231,C6,C6: limit warming to 3°C (>50%)
IMAGE 3.0,EN_NPi2020_600f,31.060820224,37.068850432,18.709236334,3.26090942,7.842366096,13.127027592,17.36078263746055,19.8877512813436,19.6584245935061,17.79394440204199,C3,C3: limit warming to 2°C (>67%)
IMAGE 3.0,EN_NPi2020_800,31.060820224,37.057405696,26.244125036,3.8689833535,8.846768704,12.669196784,19.81546655803959,23.13304495107358,27.30257971074699,30.5119860836648,C3,C3: limit warming to 2°C (>67%)
IMAGE 3.0,EN_NPi2020_800f,31.060820224,37.077743872,27.429665279,7.641912753375,11.865560686625,18.52376948389844,23.93840995034174,29.13670122162445,28.5876612501563,27.50755042543924,C3,C3: limit warming to 2°C (>67%)
IMAGE 3.0,EN_NPi2100,31.060820224,37.581923072,39.055332774,45.35065030400001,60.21414117152764,79.55700642004639,113.0215526379229,146.470781861171,174.4882533310267,197.1047668800616,C7,C7: limit warming to 4°C (>50%)
IMAGE 3.0,EN_NoPolicy,31.057037056,39.928770304,53.33250380800001,68.36626201600001,84.39429120000001,99.539007488,119.521619456,142.604322304,169.263710976,198.7335936,C7,C7: limit warming to 4°C (>50%)
IMAGE 3.0.1,ADVANCE_2020_1.5C-2100,30.96104512,31.301707448,18.585499616,1.842435216,1.53558302974194,1.536626031999999,2.441961470536009,3.86908254927405,4.071870685804931,3.23993972702783,C2,C2: return warming to 1.5°C (>50%) after a high overshoot
IMAGE 3.0.1,ADVANCE_2020_Med2C,30.957091072,32.594765945,27.978161788,21.150013151,8.69558479309375,9.7598252609528,12.5344851551176,17.4522986335091,18.9876692798759,20.3094411210946,C4,C4: limit warming to 2°C (>50%)
IMAGE 3.0.1,ADVANCE_2020_WB2C,30.957091072,31.457591128,20.655447696,5.761239392,4.5051865015,6.1633034628131,9.73574514394834,13.5727630207671,13.7263478187292,10.2940101120391,C3,C3: limit warming to 2°C (>67%)
IMAGE 3.0.1,ADVANCE_2030_Med2C,30.957091072,33.0484370502969,36.71840995199999,30.173537728,20.642188512,8.093749246,11.7418201998125,14.2330240251104,19.2314221210955,18.7305901124368,C4,C4: limit warming to 2°C (>50%)
IMAGE 3.0.1,ADVANCE_2030_WB2C,30.957091072,33.0542215877031,32.27433172,2.682028644,3.997973983999998,3.190186471999999,4.849102075707,7.717028390621281,8.121263143514039,5.985024330802982,C3,C3: limit warming to 2°C (>67%)
IMAGE 3.0.1,ADVANCE_INDC,30.957091072,33.0484370502969,38.717055197,40.563446304,38.105852288,37.311495744,43.176039648,56.10953616,76.577166544,101.215295408,C6,C6: limit warming to 3°C (>50%)
IMAGE 3.0.1,ADVANCE_NoPolicy,30.955067136,39.731812352,55.596319488,73.126077344,87.787675136,101.53078272,120.10524032,142.462477312,170.62921728,201.03024,C7,C7: limit warming to 4°C (>50%)
IMAGE 3.0.1,ADVANCE_Reference,30.957091072,33.278194432,43.084883747,53.058124348,61.264805918,70.9368434,85.281710018,104.080545748,128.677081472,157.708994464,C7,C7: limit warming to 4°C (>50%)
IMAGE 3.0.1,CD-LINKS_INDC2030i_1600,31.05132416,39.028179456,39.391113504,20.582057524,7.182637778999998,8.78261393071875,10.5679022162725,17.14389565389499,18.5351055005546,15.0621270791444,C4,C4: limit warming to 2°C (>50%)
IMAGE 3.0.1,CD-LINKS_INDCi,31.051323136,38.084463208,43.064014526,54.17360190399999,63.34157728,72.005817392,87.01543857600002,106.962230848,131.580341696,159.54307756,C7,C7: limit warming to 4°C (>50%)
IMAGE 3.0.1,CD-LINKS_NDC2030i_1000,31.05132416,39.038808832,38.35972412,14.148026222,2.47237878370313,4.142936964369951,5.96316840292387,9.13334742697659,10.1687085181863,7.73503064236591,C3,C3: limit warming to 2°C (>67%)
IMAGE 3.0.1,CD-LINKS_NPi,31.05132416,39.508337152,51.415787776,64.962693056,78.3619712,88.31526886399998,103.284981629778,123.536899468434,146.909065025552,173.885725888166,C7,C7: limit warming to 4°C (>50%)
IMAGE 3.0.1,CD-LINKS_NPi2020_1000,31.05132416,38.283992832,26.069135443,11.7523260890938,4.86039722077399,6.419255567781218,8.889895747772538,12.7590846607341,11.9066391632318,8.28374053388904,C3,C3: limit warming to 2°C (>67%)
IMAGE 3.0.1,CD-LINKS_NPi2020_1600,31.05132416,38.550263808,29.62451867,20.495781254,8.04794767089844,9.26682744894812,12.0063302297881,17.9109091652901,15.9854413959224,13.4211761195627,C4,C4: limit warming to 2°C (>50%)
IMAGE 3.0.1,CD-LINKS_NPi2020_400,31.055154176,36.098683904,18.0976745758125,1.614092455999999,1.365919059,1.1355592809156,1.84600201803203,3.16767110266256,3.8146515355661,2.94875089861108,C2,C2: return warming to 1.5°C (>50%) after a high overshoot
IMAGE 3.0.1,CD-LINKS_NoPolicy,31.051331072,40.39659520000001,55.983897088,73.434107072,88.21599232,101.85382528,120.791899392,143.79121408,172.054864384,202.074393344,C7,C7: limit warming to 4°C (>50%)
IMAGE 3.0.1,EMF30_BCOC-EndU,30.959604096,39.040705536,55.139324928,73.739719424,89.784888576,103.511497472,120.550647296,141.202044416,166.996649984,194.756408832,C7,C7: limit warming to 4°C (>50%)
IMAGE 3.0.1,EMF30_Baseline,30.959604096,39.040705536,55.014807296,73.078888704,89.166738688,102.996043264,120.186094848,141.150074368,167.155536128,194.8753408,C7,C7: limit warming to 4°C (>50%)
IMAGE 3.0.1,EMF30_CH4-Only,30.959604096,39.040705536,55.014807296,73.078888704,89.166738688,102.996043264,120.186094848,141.150074368,167.155536128,194.8753408,C7,C7: limit warming to 4°C (>50%)
IMAGE 3.0.1,EMF30_ClimPolicy,30.95959808,31.7139302612402,24.38833414221089,8.94841276901953,7.82723025455157,8.48978218739224,13.2595548277637,12.5481916351529,12.6370033332031,11.5915718063672,C3,C3: limit warming to 2°C (>67%)
IMAGE 3.0.1,EMF30_ClimPolicy+SLCF,30.95959808,31.7139302612402,24.4059480801094,8.99620892142969,7.830687789600401,8.43972278119613,13.2138215049205,12.7554016120875,12.549955552021,11.382243954833,C3,C3: limit warming to 2°C (>67%)
IMAGE 3.0.1,EMF30_D_BCOC-Red,30.959604096,39.040705536,55.014807296,73.078888704,89.166738688,102.996043264,120.186094848,141.150074368,167.155536128,194.8753408,C7,C7: limit warming to 4°C (>50%)
IMAGE 3.0.1,EMF30_D_CH4-ClimPolicy,30.959604096,39.040705536,55.014807296,73.078888704,89.166738688,102.996043264,120.186094848,141.150074368,167.155536128,194.8753408,C7,C7: limit warming to 4°C (>50%)
IMAGE 3.0.1,EMF30_D_CO2-Only,30.95959808,31.7139302612402,24.38833414221089,8.94841276901953,7.82723025455157,8.48978218739224,13.2595548277637,12.5481916351529,12.6370033332031,11.5915718063672,C5,C5: limit warming to 2.5°C (>50%)
IMAGE 3.0.1,EMF30_D_Frozen-CH4,30.959604096,39.040705536,55.014807296,73.078888704,89.166738688,102.996043264,120.186094848,141.150074368,167.155536128,194.8753408,C7,C7: limit warming to 4°C (>50%)
IMAGE 3.0.1,EMF30_D_Frozen-EF,30.959604096,39.040705536,55.014807296,73.078888704,89.166738688,102.996043264,120.186094848,141.150074368,167.155536128,194.8753408,C7,C7: limit warming to 4°C (>50%)
IMAGE 3.0.1,EMF30_D_Frozen-EF-EndU,30.959604096,39.040705536,55.014807296,73.078888704,89.166738688,102.996043264,120.186094848,141.150074368,167.155536128,194.8753408,C7,C7: limit warming to 4°C (>50%)
IMAGE 3.0.1,EMF30_D_Frozen-EF-SLCF,30.959604096,39.040705536,55.014807296,73.078888704,89.166738688,102.996043264,120.186094848,141.150074368,167.155536128,194.8753408,C7,C7: limit warming to 4°C (>50%)
IMAGE 3.0.1,EMF30_SLCF,30.959604096,39.040705536,55.139324928,73.739719424,89.784888576,103.511497472,120.550647296,141.202044416,166.996649984,194.756408832,C7,C7: limit warming to 4°C (>50%)
IMAGE 3.0.1,EMF30_Slower-Action,30.962246144,32.8970668606328,37.413284788,39.624709504,42.652581728,45.404568128,50.327659584,58.751862564,68.5946676926634,81.6984161716849,C6,C6: limit warming to 3°C (>50%)
IMAGE 3.0.1,EMF30_Slower-Action+SLCF,30.962246144,32.8970668606328,37.488279104,39.839730048,42.825312928,45.59360672,50.533938112,58.78427093600001,68.49117796893461,81.74232766447699,C6,C6: limit warming to 3°C (>50%)
IMAGE 3.0.1,EMF30_Slower-to-faster,30.962593152,33.5769637328984,33.25782020800001,17.529098328,2.796613178,3.85393789975537,5.99354017126733,8.947039473286882,10.4057901412219,8.23185897380457,C4,C4: limit warming to 2°C (>50%)
IMAGE 3.0.1,EMF30_Slower-to-faster+SLCF,30.962593152,33.5769637328984,33.263649296,17.468180736,2.802898392,3.874044890892941,6.120329110983911,9.06843134013113,10.50073782306,8.350953867210409,C3,C3: limit warming to 2°C (>67%)
IMAGE 3.0.1,EMF30_Slower-to-faster+SLCF+HFC,30.962593152,33.5769637328984,33.263649296,17.468180736,2.802898392,3.874044890892941,6.120329110983911,9.06843134013113,10.50073782306,8.350953867210409,C3,C3: limit warming to 2°C (>67%)
IMAGE 3.0.1,IMA15-AGInt,30.958849152,28.1267776388125,13.526284576,2.684657971999999,2.23361757488943,2.104343603,3.6304151307942,3.5160302120379,3.17201945293871,3.66042104004649,failed-vetting,failed-vetting
IMAGE 3.0.1,IMA15-Def,30.958849152,28.1267734050938,13.163387026,1.840713571999999,1.63930477485007,1.551753416,2.35930867379999,3.07914296698297,2.80343445921704,2.47598486575391,failed-vetting,failed-vetting
IMAGE 3.0.1,IMA15-Eff,30.958719104,27.7799954496875,12.940364198,1.970961552,1.58891291169508,1.37133570762407,1.87206689612522,2.29914630873639,2.21789529231104,2.10793636376489,failed-vetting,failed-vetting
IMAGE 3.0.1,IMA15-LiStCh,30.960004096,27.92964372942189,13.369027896,2.706542728,2.32365045497225,1.912183099,3.70775630329897,3.60329120603984,3.387506475108,4.5817542675742,failed-vetting,failed-vetting
IMAGE 3.0.1,IMA15-LoNCO2,30.958849152,28.1267776388125,13.526295504,2.78113636,2.93347863425364,3.580995501,5.676052498697599,5.501500398807499,4.41684520909461,5.4859551070824,failed-vetting,failed-vetting
IMAGE 3.0.1,IMA15-Pop,30.958632064,28.1426562828125,13.535337328,2.47490295,2.08706714244834,2.411901379,3.608305506479609,3.48959416153699,2.65270817519092,1.77574792915381,failed-vetting,failed-vetting
IMAGE 3.0.1,IMA15-RenElec,31.025947136,26.0019922941875,6.799997192,0.967057888476074,0.934424368,1.71608952812729,2.16242132508441,2.39488546263196,2.88540574176807,3.75002083594092,failed-vetting,failed-vetting
IMAGE 3.0.1,IMA15-TOT,31.03715712,26.267740778,12.455663072,1.67882540671094,1.978421316698129,4.92234371815184,7.68575231248589,8.04873523234823,8.96692662183804,12.6161724547763,failed-vetting,failed-vetting
IMAGE 3.0.1,SSP1-19,30.953423104,27.57403211443631,8.602269328,2.523759328,3.037120145,4.382227423,6.250104817283809,5.88320010757617,3.990307775437009,2.04210157705103,failed-vetting,failed-vetting
IMAGE 3.0.1,SSP1-26,30.953427072,35.271734528,32.381318904,25.883048704,17.237677184,13.778093432,14.953829009,14.3090099997738,13.6796169584108,9.9913956105878,C3,C3: limit warming to 2°C (>67%)
IMAGE 3.0.1,SSP1-34,30.953428096,36.946136064,42.058407936,45.017164955,38.545359824,31.968156224,27.746122304,23.145400116,18.42270262840631,16.4172028411559,C5,C5: limit warming to 2.5°C (>50%)
IMAGE 3.0.1,SSP1-45,30.953428096,37.02930944,44.43881344,54.735893888,57.749675264,57.744439808,50.602838986,39.513328864,30.941796224,23.517640368,C6,C6: limit warming to 3°C (>50%)
IMAGE 3.0.1,SSP1-Baseline,30.953428096,37.061391104,44.997476864,57.371316096,62.650011904,67.487911936,70.564270592,64.350456576,57.54236454399999,50.07262528,C7,C7: limit warming to 4°C (>50%)
IMAGE 3.0.1,SSP2-26,30.955223168,33.703194578868,23.469923312,5.75742616878491,5.579969774209959,5.547740915,8.25704460983301,9.21659851808203,7.83511267504395,5.68765078541895,C3,C3: limit warming to 2°C (>67%)
IMAGE 3.0.1,SSP2-34,30.955223168,36.399537174,35.381945952,31.73129008,21.898728448,12.454424384,13.969885512,14.7777473917821,19.25676501440011,23.973535785617,C5,C5: limit warming to 2.5°C (>50%)
IMAGE 3.0.1,SSP2-45,30.955223168,38.09383552,48.576080896,52.605079685,50.12110208,44.73323136,40.177181888,36.195388108,37.3401971693024,45.84386062080621,C6,C6: limit warming to 3°C (>50%)
IMAGE 3.0.1,SSP2-60,30.955223168,38.989692928,53.844843776,69.851672448,81.328980992,89.020512256,96.5406848,96.722401392,100.879252256,112.885536032,C7,C7: limit warming to 4°C (>50%)
IMAGE 3.0.1,SSP2-Baseline,30.955223168,39.856096512,55.72701056,73.275363904,87.903147776,101.646957824,120.367865344,142.78911616,171.16817792,201.800101632,C7,C7: limit warming to 4°C (>50%)
IMAGE 3.0.1,SSP3-34,30.954675072,35.87787944,31.636210583,23.890916404,13.6605978897891,13.3992543735525,15.100804549289,19.2867404096158,14.24199790312,8.67721678225,C5,C5: limit warming to 2.5°C (>50%)
IMAGE 3.0.1,SSP3-45,30.954675072,38.044536832,44.632197478,47.154157184,47.49503340800001,43.50102150399999,35.834962728,32.8957628169832,30.0105649614838,25.40177798312951,C6,C6: limit warming to 3°C (>50%)
IMAGE 3.0.1,SSP3-60,30.954675072,39.913274368,56.78844544,73.479558144,88.57315020799999,94.282693248,89.324333632,82.785910016,75.9990768,68.92704419813779,C7,C7: limit warming to 4°C (>50%)
IMAGE 3.0.1,SSP3-Baseline,30.954675072,40.153816832,58.31747430399999,79.059840768,101.006180864,117.72511488,136.135332096,155.247872512,173.123118592,191.526566656,C7,C7: limit warming to 4°C (>50%)
IMAGE 3.0.1,SSP4-26,30.95470208,30.050518106,20.661802304,2.58212856,2.34135143786579,2.50327826385034,3.39455773661473,3.49189253558635,2.41512320669352,1.65274592029199,C3,C3: limit warming to 2°C (>67%)
IMAGE 3.0.1,SSP4-34,30.954704128,33.818910087,31.217503712,26.860689312,13.057728512,9.438094632,10.146373344,9.79771216797961,8.313014271826429,6.97327642629088,C5,C5: limit warming to 2.5°C (>50%)
IMAGE 3.0.1,SSP4-45,30.954002176,34.87381248,38.94374542425,45.5588122242695,40.571417792,32.887058624,27.399490432,19.62218104,15.1240628834706,15.9202288570444,C6,C6: limit warming to 3°C (>50%)
IMAGE 3.0.1,SSP4-60,30.954002176,34.905715712,39.390568704,48.288022512,52.671730944,57.130005504,66.271587328,68.208424704,63.35703948800001,60.290134912,C7,C7: limit warming to 4°C (>50%)
IMAGE 3.0.1,SSP4-Baseline,30.954002176,35.678075136,42.996738304,52.268627536,56.359990784,60.207443968,68.558145024,69.820821504,68.468739328,67.65074944,C7,C7: limit warming to 4°C (>50%)
IMAGE 3.0.1,SSP5-34,30.957972096,37.434786787,37.1408232,39.495239744,31.164730176,42.815962688,54.679730157625,54.10946580685929,52.4110188175408,38.4585319474327,C5,C5: limit warming to 2.5°C (>50%)
IMAGE 3.0.1,SSP5-45,30.957972096,38.540976384,46.691522832,61.599833872,54.63545536,55.54316479999999,86.006766848,86.7056802954787,85.6389483094982,81.78121489238059,C6,C6: limit warming to 3°C (>50%)
IMAGE 3.0.1,SSP5-60,30.957425152,39.240200192,55.236059136,83.923401728,102.378561344,113.673744256,132.092333824,142.538088352,135.265288195923,124.392363315845,C7,C7: limit warming to 4°C (>50%)
IMAGE 3.0.1,SSP5-Baseline,30.957425152,40.852294144,61.87272857600001,105.333284096,150.888291328,200.290557952,262.868662784,306.921520384,329.14681088,337.246547968,C8,C8: exceed warming of 4°C (>=50%)
IMAGE 3.0.2,EMF33_Baseline,30.955067136,38.191741952,55.132331776,73.464995488,88.793974784,103.544404736,122.59682432,144.832741376,172.734147072,203.298710528,C7,C7: limit warming to 4°C (>50%)
IMAGE 3.0.2,EMF33_Med2C_cost100,30.95506112,32.3942090188125,29.347369728,21.422794056,9.733021006,11.24383132,14.3407638331699,19.40666940642111,22.0971360649889,22.1793051800418,C5,C5: limit warming to 2.5°C (>50%)
IMAGE 3.0.2,EMF33_Med2C_full,30.955060096,32.456978944,30.572078048,23.400908352,13.9719724,12.437702296,14.137202780875,17.596143527394,22.0193924373052,23.7451961046247,C5,C5: limit warming to 2.5°C (>50%)
IMAGE 3.0.2,EMF33_Med2C_limbio,30.955060096,31.927770128,27.192190518,19.109082762,10.0999633711875,13.6233902034551,16.5797410658908,21.1590113697103,20.07301773776361,16.5062583288443,C5,C5: limit warming to 2.5°C (>50%)
IMAGE 3.0.2,EMF33_Med2C_nobeccs,30.955060096,32.240721906,27.686405501,19.342910267,9.38697557059375,13.2089699310082,17.9725479778835,22.7856040774455,23.13830034060611,19.96621358421089,C4,C4: limit warming to 2°C (>50%)
IMAGE 3.0.2,EMF33_Med2C_nofuel,30.955060096,32.38529996800001,29.793400064,22.020239856,10.73965384,11.088083598,13.629530333,18.4775084334592,22.8749856865908,25.4130373066811,C4,C4: limit warming to 2°C (>50%)
IMAGE 3.0.2,EMF33_Med2C_none,30.955060096,32.195980598,27.515282126,18.976814052,8.9601647903125,13.2964999402056,18.1861644644845,23.5867461920275,24.64525677796249,21.2046124577193,C4,C4: limit warming to 2°C (>50%)
IMAGE 3.0.2,EMF33_WB2C_cost100,30.95506112,32.079560426,25.8772176904063,14.0412359208125,6.642099204773929,8.135347863594719,11.2217450223814,15.0551739759123,15.623415695636,12.8092144500051,C3,C3: limit warming to 2°C (>67%)
IMAGE 3.0.2,EMF33_WB2C_full,30.955060096,32.064200292,25.92859200940629,14.3303653971875,7.254043939164059,8.819711883243631,12.4709401115528,15.8530579350898,15.4137975117891,11.92802771975,C3,C3: limit warming to 2°C (>67%)
IMAGE 3.0.2,EMF33_WB2C_limbio,30.955060096,31.71079378965,23.98431082796,8.05228365666992,5.28751358306622,6.536104324759611,10.0939778784508,13.6367363394611,13.131018948282,9.96958276644385,C3,C3: limit warming to 2°C (>67%)
IMAGE 3.0.2,EMF33_WB2C_nobeccs,30.955060096,31.9660229838838,23.69837120075,5.436926264759768,3.14828650448872,5.50811978800058,8.637528882667969,11.4300849289661,11.676342669322,11.0217730962339,C3,C3: limit warming to 2°C (>67%)
IMAGE 3.0.2,EMF33_WB2C_nofuel,30.955060096,32.008286614,25.713434473,13.459077376,6.582517027466801,8.20485628576017,10.7831627530229,13.8169508528786,13.1624207021968,9.318229178650393,C3,C3: limit warming to 2°C (>67%)
IMAGE 3.0.2,EMF33_tax_hi_full,30.955067136,35.94465024,30.633363816,24.865550688,12.269322064,10.188923182,14.1944165719902,15.7613660146517,15.0419681698497,12.45261811692,C4,C4: limit warming to 2°C (>50%)
IMAGE 3.0.2,EMF33_tax_hi_none,30.955067136,35.969813504,30.688758464,25.286946816,13.849416624,13.057455036,18.5855183390156,22.1313578363094,20.49409381387889,18.059836887423,C5,C5: limit warming to 2.5°C (>50%)
IMAGE 3.0.2,EMF33_tax_lo_full,30.955067136,36.811854848,35.976066688,35.47949408,30.145112704,24.080616256,23.389726048,23.8111557989537,27.8889449940869,32.0587173868483,C5,C5: limit warming to 2.5°C (>50%)
IMAGE 3.0.2,EMF33_tax_lo_none,30.955067136,36.83698432,36.02686949,35.550839648,30.41999776,24.688675072,25.202767088,27.8059873080456,33.8860493716439,40.8113355035026,C5,C5: limit warming to 2.5°C (>50%)
IMAGE 3.2,SSP1-baseline,31.161783296,40.35233510400001,44.44268928,44.21400864,40.07357792000001,35.16025504,38.115335744,43.165630208,38.24821952,24.457670656,C7,C7: limit warming to 4°C (>50%)
IMAGE 3.2,SSP1_SPA1_19I_D,31.161783296,40.35233510400001,23.597918824,1.880379468,2.77795922,4.147947326000001,4.2212441043125,3.348958724,1.37285791,1.098572521,C2,C2: return warming to 1.5°C (>50%) after a high overshoot
IMAGE 3.2,SSP1_SPA1_19I_D_LB,31.161783296,40.35233510400001,8.972826113,1.056872864,1.72590866,1.640493863,1.567688544,1.435048494,1.4544225,1.371620098,C1,C1: limit warming to 1.5°C (>50%) with no or limited overshoot
IMAGE 3.2,SSP1_SPA1_19I_LI,31.166748416,40.52148019200001,24.408160528,2.854766292,2.79234853,3.73334066,3.739105646,3.085087014,2.32695617,2.025326598,C2,C2: return warming to 1.5°C (>50%) after a high overshoot
IMAGE 3.2,SSP1_SPA1_19I_LIRE,31.165114368,40.538739712,26.183022528,6.746747464,10.368550408,10.390040828,11.242732767,7.747529934,3.811216428,2.872932644,C2,C2: return warming to 1.5°C (>50%) after a high overshoot
IMAGE 3.2,SSP1_SPA1_19I_LIRE_LB,31.165114368,40.538739712,10.5934883988125,2.377143475,2.981572598,3.16160008,2.676068215,2.917797234,3.296299968,2.911531814,C1,C1: limit warming to 1.5°C (>50%) with no or limited overshoot
IMAGE 3.2,SSP1_SPA1_19I_RE,31.163839488,40.545410816,24.490177248,2.960325548,4.585625256,6.054880712,6.272086573,2.944600837,1.966490766,1.447946754,C2,C2: return warming to 1.5°C (>50%) after a high overshoot
IMAGE 3.2,SSP1_SPA1_19I_RE_LB,31.163839488,40.545410816,9.500048872,1.737759248,2.230701118,2.17681974,2.470761677,1.984800896,1.474578983,1.7434512648125,C1,C1: limit warming to 1.5°C (>50%) with no or limited overshoot
IMAGE 3.2,SSP1_SPA1_26I_D,31.161783296,40.35233510400001,35.608152248,8.701126016,3.024229472,3.793605328,6.122692216000001,5.748219206,2.659450704,2.212775114,C3,C3: limit warming to 2°C (>67%)
IMAGE 3.2,SSP1_SPA1_26I_LI,31.166748416,40.52148019200001,39.737746624,12.167522992,5.264307392,3.677752,3.70911344,4.618037288,3.59311013,2.488120406,C3,C3: limit warming to 2°C (>67%)
IMAGE 3.2,SSP1_SPA1_26I_LIRE,31.165114368,40.538739712,42.040327798,17.505736908,12.937297104,8.667190528,10.805466384,12.267210252,10.82495094,8.602491992000001,C3,C3: limit warming to 2°C (>67%)
IMAGE 3.2,SSP1_SPA1_26I_RE,31.163839488,40.545410816,30.867055944,8.879148272,3.743019648,4.215525824,5.894176368,5.024857502000001,3.442685276,2.940018564,C3,C3: limit warming to 2°C (>67%)
IMAGE 3.2,SSP1_SPA1_34I_D,31.161783296,40.35233510400001,40.0880410365,31.653904696,17.607726388,10.07189748,7.623796704,6.979301344,6.602437584,4.344466832,C5,C5: limit warming to 2.5°C (>50%)
IMAGE 3.2,SSP1_SPA1_34I_LI,31.166748416,40.52148019200001,42.48074349700001,40.5610301808125,32.9776317398125,24.51402810245899,14.600982928,7.330051936,5.707158672,3.016676512,C5,C5: limit warming to 2.5°C (>50%)
IMAGE 3.2,SSP1_SPA1_34I_LIRE,31.163839488,40.54541184,43.766134517,44.1031279823125,36.4388090688125,33.86011686668751,24.598142858,17.183059812,8.282319776000001,4.316074528000001,C5,C5: limit warming to 2.5°C (>50%)
IMAGE 3.2,SSP1_SPA1_34I_RE,31.163839488,40.545410816,36.545301835,22.36077728,13.942717216,11.636055454,10.732160464,11.907187432,9.517276016,5.712338688,C5,C5: limit warming to 2.5°C (>50%)
IMAGE 3.2,SSP2-baseline,31.163687424,40.51340774400001,47.725091072,51.651914112,60.385984896,53.3438864,56.450337408,66.713327744,68.12860070400001,76.11154918400001,C7,C7: limit warming to 4°C (>50%)
IMAGE 3.2,SSP2_SPA0_26I_D,31.195991552,39.872426496,38.012497876,11.257436,4.179257696000001,8.864148856,10.038991518,4.278464059,3.228456954,2.860929779,C3,C3: limit warming to 2°C (>67%)
IMAGE 3.2,SSP2_SPA1_19I_D_LB,31.163943424,40.483035904,10.8615066193125,1.94386648559375,2.270586332882813,2.308132718689453,2.00006134832131,2.376517705309571,2.006024435219727,2.251593313330078,C1,C1: limit warming to 1.5°C (>50%) with no or limited overshoot
IMAGE 3.2,SSP2_SPA1_19I_LIRE_LB,31.165114368,40.538737664,10.59507213,2.568693939,2.930925576,3.027284496,2.831293164,3.251402696,4.00760696,3.578313794,C1,C1: limit warming to 1.5°C (>50%) with no or limited overshoot
IMAGE 3.2,SSP2_SPA1_19I_RE_LB,31.162778368,40.630502144,10.6336492643125,2.645916376,3.047932769,3.173117214,2.758943313,3.19508368,3.461138188,2.22191341,C1,C1: limit warming to 1.5°C (>50%) with no or limited overshoot
IMAGE 3.2,SSP2_SPA2_19I_D,31.163943424,40.483035904,16.395657872,2.04211507909375,2.999301683703125,3.4021788375,2.645110479550782,2.357674260175169,2.098611003,2.357715788,C2,C2: return warming to 1.5°C (>50%) after a high overshoot
IMAGE 3.2,SSP2_SPA2_19I_LI,31.165114368,40.538737664,31.122827602,0.723569724875,1.739330078354004,2.03169054515625,2.02417585038501,2.00436416800031,1.699478030256836,1.8914881233125,C1,C1: limit warming to 1.5°C (>50%) with no or limited overshoot
IMAGE 3.2,SSP2_SPA2_19I_LIRE,31.162778368,40.630502144,13.186526836,2.31165613159375,4.439458917875,4.0743072015,4.250691568000001,4.828765998000001,3.60158632,2.54387674,C2,C2: return warming to 1.5°C (>50%) after a high overshoot
IMAGE 3.2,SSP2_SPA2_19I_RE,31.162778368,40.630502144,12.724704544,3.28311706,3.338828928,4.436892424,3.44224638,5.676031304,5.498243776000001,3.08477082,C2,C2: return warming to 1.5°C (>50%) after a high overshoot
IMAGE 3.2,SSP2_SPA2_26I_D,31.163943424,40.483035904,37.681036374,16.401664416,7.477750538,10.565832622,9.703854188,4.8250850538125,3.869322859125,3.062440248875,C3,C3: limit warming to 2°C (>67%)
IMAGE 3.2,SSP2_SPA2_26I_LI,31.165114368,40.538737664,34.87107046488769,7.564772232,4.81492112,6.531339584,8.589256522000001,9.536573732,7.777846569,7.072533643625,C3,C3: limit warming to 2°C (>67%)
IMAGE 3.2,SSP2_SPA2_26I_LIRE,31.165114368,40.538737664,32.04667298272656,8.602074448,8.500079040000001,10.659169248,10.5146008,10.127479232,9.447922398,6.693509102,C3,C3: limit warming to 2°C (>67%)
IMAGE 3.2,SSP2_SPA2_26I_RE,31.162778368,40.630502144,31.671795696,5.383168736,7.23925512,13.960012624,14.389619304,10.578669152,7.717472016,4.935612352000001,C3,C3: limit warming to 2°C (>67%)
IMAGE 3.2,SSP2_SPA2_34I_D,31.163943424,40.483035904,38.722848306,31.645917628,12.680494208,7.319705568000001,8.878697664,10.202046152,9.060258218,8.496488836000001,C5,C5: limit warming to 2.5°C (>50%)
IMAGE 3.2,SSP2_SPA2_34I_LI,31.165114368,40.538737664,36.8240129455839,33.1330938622113,27.68187477096807,16.2094593,11.535785536,10.398881024,8.610202768,9.139686976,C5,C5: limit warming to 2.5°C (>50%)
IMAGE 3.2,SSP2_SPA2_34I_LIRE,31.162778368,40.630502144,38.3148534465311,38.04238975302539,42.67483681388965,23.494785858,18.469261296,15.938681952,17.509942592,19.95322928,C5,C5: limit warming to 2.5°C (>50%)
IMAGE 3.2,SSP2_SPA2_34I_RE,31.162778368,40.630502144,34.260580944,15.447796288,14.96326984,13.893059776,15.88943552,15.500230592,15.722801248,14.23561976,C5,C5: limit warming to 2.5°C (>50%)
IMAGE 3.2,SSP2_SPA2_45I_D,31.163943424,40.483035904,38.95278244120313,42.41999159568751,35.27739284539844,29.6740618222207,30.637142104,26.782386756,19.838280944,16.111242224,C6,C6: limit warming to 3°C (>50%)
IMAGE 3.2,SSP2_SPA2_45I_LI,31.165114368,40.538737664,36.9418848004329,35.9191535566243,44.06764536457989,43.23603678798682,50.39833326416763,58.464909927,48.678355082,47.59271634,C6,C6: limit warming to 3°C (>50%)
IMAGE 3.2,SSP2_SPA2_45I_LIRE,31.165114368,40.538737664,37.99678880151019,41.08100730257819,54.90715385690049,56.99922312947868,67.39314131212852,74.786583393,64.7730226675,52.1992445265,C6,C6: limit warming to 3°C (>50%)
IMAGE 3.2,SSP2_SPA2_45I_RE,31.162778368,40.630502144,34.83804348939844,34.8839056838125,39.36714653290625,45.25226021244141,47.155474824,41.442252272,36.695671808,26.284607392,C6,C6: limit warming to 3°C (>50%)
IMAGE 3.2,SSP3-baseline,31.16375552,40.47901952,57.13293056000001,70.03615296000001,82.752046848,86.802259456,90.568647424,99.199795456,101.62751104,104.034165888,C7,C7: limit warming to 4°C (>50%)
IMAGE 3.2,SSP4-baseline,31.163913472,40.55189504000001,47.031331776,49.255394176,49.65666828800001,44.18787878400001,42.332994816,46.181415168,43.10463936,38.011899008,C7,C7: limit warming to 4°C (>50%)
IMAGE 3.2,SSP5-baseline,31.163913472,40.510736128,58.048608384,88.0497936,122.669513152,132.629067008,145.825472736,131.842475872,146.389011776,142.606596224,C8,C8: exceed warming of 4°C (>=50%)
MERGE-ETL 6.0,BAU,34.6,44.3,74.9,96.4,116.1,125.3,137.4,140.7,128.1,115.4,failed-vetting,failed-vetting
MERGE-ETL 6.0,DAC15_50,36.3,29.8,6.5,3.1,0.0,0.0,0.0,0.0,0.0,0.0,failed-vetting,failed-vetting
MERGE-ETL 6.0,DAC2_66,34.6,32.2,18.4,3.1,0.0,0.0,0.0,0.0,0.0,0.1,C4,C4: limit warming to 2°C (>50%)
MESSAGE V.3,GEA_Eff_1p5C,30.362,14.71,5.999,8.376,9.921,5.362999999999999,0.363,0.142,0.052,0.018,failed-vetting,failed-vetting
MESSAGE V.3,GEA_Eff_1p5C_Delay2020,29.938,31.404,14.359,13.13,18.584,5.99,0.242,0.063,0.021,0.006999999999999,failed-vetting,failed-vetting
MESSAGE V.3,GEA_Eff_2C_Delay2020,29.939,31.409,27.893,20.893,12.606,9.334,6.015,0.8370000000000001,0.6729999999999989,0.402999999999999,failed-vetting,failed-vetting
MESSAGE V.3,GEA_Eff_AdvNCO2_1p5C,30.363,20.62,13.046,8.747,8.589,6.821000000000002,1.849,0.579,0.38,0.149,failed-vetting,failed-vetting
MESSAGE V.3,GEA_Eff_base,30.366,34.44,38.547,38.364,32.428,30.361,29.773,28.122,25.796,25.876,failed-vetting,failed-vetting
MESSAGE V.3,GEA_Mix_1p5C_AdvNCO2_PartialDelay2020,30.172,21.004,13.149,11.861,18.142,0.8150000000000001,0.069,0.006999999999999,0.0,0.0,failed-vetting,failed-vetting
MESSAGE V.3,GEA_Mix_1p5C_AdvTrans_PartialDelay2020,30.173,20.956,11.167,9.356,17.499,5.381,0.948,0.31,0.067,0.015,failed-vetting,failed-vetting
MESSAGE V.3,GEA_Mix_2C_AdvNCO2_PartialDelay2020,30.174,21.009,22.191,16.187,15.441,15.035,8.334,2.437,1.615999999999999,0.375,failed-vetting,failed-vetting
MESSAGE V.3,GEA_Mix_2C_AdvTrans_PartialDelay2020,30.174,20.962,23.56,17.554,16.679,15.792,11.188,2.241,1.998,1.258,failed-vetting,failed-vetting
MESSAGE V.3,GEA_Mix_base,30.511,37.706,45.437,49.684,55.733,62.188,59.214,47.348,39.687,33.556,failed-vetting,failed-vetting
MESSAGE-GLOBIOM 1.0,ADVANCE_2020_1.5C-2100,30.942,29.195,5.377000000000002,5.587000000000002,1.908,0.284,0.072,0.003,0.002,0.001,C1,C1: limit warming to 1.5°C (>50%) with no or limited overshoot
MESSAGE-GLOBIOM 1.0,ADVANCE_2020_Med2C,30.943,29.206,18.455,9.79,2.679,3.042,3.28,2.934,3.125,2.971,C4,C4: limit warming to 2°C (>50%)
MESSAGE-GLOBIOM 1.0,ADVANCE_2020_WB2C,30.943,29.201,9.049,2.631999999999999,3.106999999999999,2.58,2.224,1.928,0.973,0.348,C3,C3: limit warming to 2°C (>67%)
MESSAGE-GLOBIOM 1.0,ADVANCE_2030_Med2C,30.943,29.208,24.179,8.259,2.067,1.740999999999999,2.186,2.755,2.465,1.726,C4,C4: limit warming to 2°C (>50%)
MESSAGE-GLOBIOM 1.0,ADVANCE_2030_Price1.5C,30.94400000000001,29.207,24.176,4.479,1.486,0.433,0.061,0.004,0.003,0.001,C2,C2: return warming to 1.5°C (>50%) after a high overshoot
MESSAGE-GLOBIOM 1.0,ADVANCE_2030_WB2C,30.942,29.2,24.177,2.63,2.631999999999999,0.984,0.6910000000000001,0.158,0.031,0.001,C3,C3: limit warming to 2°C (>67%)
MESSAGE-GLOBIOM 1.0,ADVANCE_INDC,30.94400000000001,29.213,24.185,15.344,7.382000000000001,3.279,1.806,2.324,3.613,4.572,C5,C5: limit warming to 2.5°C (>50%)
MESSAGE-GLOBIOM 1.0,ADVANCE_NoPolicy,30.94400000000001,34.068,33.79,35.14,39.861,49.24100000000001,58.837,70.336,71.385,62.049,failed-vetting,failed-vetting
MESSAGE-GLOBIOM 1.0,ADVANCE_Reference,30.94400000000001,29.214,28.844,22.708,14.903,12.068,3.945,2.59,2.189,2.833999999999999,C6,C6: limit warming to 3°C (>50%)
MESSAGE-GLOBIOM 1.0,EMF30_BCOC-EndU,30.934,31.928,32.528,33.52,37.954,48.00899999999999,56.953,69.52,70.21600000000001,61.887,C7,C7: limit warming to 4°C (>50%)
MESSAGE-GLOBIOM 1.0,EMF30_Baseline,30.934,31.957,32.276,32.537,37.03,47.691,58.06100000000001,69.204,70.33800000000001,62.75,C7,C7: limit warming to 4°C (>50%)
MESSAGE-GLOBIOM 1.0,EMF30_CH4-Only,30.934,26.5,21.513,12.688,8.844,8.885,7.197999999999999,6.825,16.118,22.311,failed-vetting,failed-vetting
MESSAGE-GLOBIOM 1.0,EMF30_ClimPolicy,30.933,19.689,8.902999999999997,1.847,1.889,2.25,2.36,2.226,1.455,0.753,failed-vetting,failed-vetting
MESSAGE-GLOBIOM 1.0,EMF30_ClimPolicy+SLCF,30.933,18.591,8.31,0.8170000000000001,0.5770000000000001,1.153,1.801999999999999,1.993,1.51,1.022,failed-vetting,failed-vetting
MESSAGE-GLOBIOM 1.0,EMF30_D_BCOC-Red,30.934,31.956,32.269,32.546,37.062,47.652,58.026,69.207,70.453,62.703,C7,C7: limit warming to 4°C (>50%)
MESSAGE-GLOBIOM 1.0,EMF30_D_CH4-ClimPolicy,30.934,29.844,27.72300000000001,18.385,15.256,11.699,6.747999999999998,0.488,0.49,0.49,C7,C7: limit warming to 4°C (>50%)
MESSAGE-GLOBIOM 1.0,EMF30_D_Frozen-CH4,30.934,31.917,33.148,32.738,35.722,43.39,49.652,52.428,52.669,43.70399999999999,C7,C7: limit warming to 4°C (>50%)
MESSAGE-GLOBIOM 1.0,EMF30_D_Frozen-EF,30.934,31.914,33.157,32.733,35.73699999999999,43.387,49.673,52.512,52.745,43.773,C7,C7: limit warming to 4°C (>50%)
MESSAGE-GLOBIOM 1.0,EMF30_D_Frozen-EF-EndU,30.934,31.956,32.269,32.546,37.062,47.652,58.026,69.207,70.453,62.703,C7,C7: limit warming to 4°C (>50%)
MESSAGE-GLOBIOM 1.0,EMF30_D_Frozen-EF-SLCF,30.934,31.917,33.148,32.738,35.722,43.39,49.652,52.428,52.669,43.70399999999999,C7,C7: limit warming to 4°C (>50%)
MESSAGE-GLOBIOM 1.0,EMF30_SLCF,30.934,26.524,21.791,13.192,9.221,8.57,6.254,6.755,17.502,23.317,failed-vetting,failed-vetting
MESSAGE-GLOBIOM 1.0,EMF30_Slower-Action,30.94400000000001,28.462,24.347,13.809,8.442,10.04,10.138,6.717000000000001,4.173,3.426,C5,C5: limit warming to 2.5°C (>50%)
MESSAGE-GLOBIOM 1.0,EMF30_Slower-Action+SLCF,30.943,26.765,19.12,12.861,9.078,10.253,9.377,4.681999999999999,3.33,2.378,failed-vetting,failed-vetting
MESSAGE-GLOBIOM 1.0,EMF30_Slower-to-faster,30.943,28.45,24.333,3.332,3.083,0.799,0.29,0.071,0.017,0.001,C2,C2: return warming to 1.5°C (>50%) after a high overshoot
MESSAGE-GLOBIOM 1.0,EMF30_Slower-to-faster+SLCF,30.942,26.753,19.099,2.249,2.263,0.8180000000000001,0.8280000000000001,0.245,0.051,0.017,failed-vetting,failed-vetting
MESSAGE-GLOBIOM 1.0,EMF30_Slower-to-faster+SLCF+HFC,30.942,26.751,19.08,2.339,2.447,0.8170000000000001,0.856,0.253,0.051,0.017,failed-vetting,failed-vetting
MESSAGE-GLOBIOM 1.0,EMF33_1.5C_cost100,31.0607368372811,26.3173826580904,2.59505987161997,1.30222106672451,0.6993229294046871,0.136696256074162,0.057054146328352,0.008687058198482,0.0009116315941916,0.0005458281252778,C1,C1: limit warming to 1.5°C (>50%) with no or limited overshoot
MESSAGE-GLOBIOM 1.0,EMF33_1.5C_full,31.0607368372811,26.3173826580904,2.39978253886665,1.30371930900856,0.756424754262464,0.155838715144019,0.067696091525757,0.011636294818704,0.0009116315941916,0.0005458281252778,C1,C1: limit warming to 1.5°C (>50%) with no or limited overshoot
MESSAGE-GLOBIOM 1.0,EMF33_Baseline,31.0607368372811,29.11242007313761,30.5402464983052,25.3236069042965,26.01294041871711,35.1564934573811,47.58144170365171,56.3964205857972,66.2130900738757,70.8095959717533,C7,C7: limit warming to 4°C (>50%)
MESSAGE-GLOBIOM 1.0,EMF33_Med2C_cost100,31.0607368372811,26.3173826580904,14.1711689063727,3.773695669555549,0.7589421409669851,1.36390689638434,2.275913592026589,2.90237929426387,2.78460372549646,2.0627298034178,C4,C4: limit warming to 2°C (>50%)
MESSAGE-GLOBIOM 1.0,EMF33_Med2C_full,31.0607368372811,26.3173826580904,14.3098664341739,3.81103535996073,0.6843291098898691,1.32430824239191,2.24904778824349,2.953113347672349,2.87399420630436,2.15968914180429,C4,C4: limit warming to 2°C (>50%)
MESSAGE-GLOBIOM 1.0,EMF33_Med2C_limbio,31.0607368372811,26.3173826580904,11.4968359311119,3.738887166056121,0.981737284917512,1.71127729298157,2.62414775681725,3.20980395106202,2.87402276157278,1.807158963771129,C4,C4: limit warming to 2°C (>50%)
MESSAGE-GLOBIOM 1.0,EMF33_Med2C_nobeccs,31.0607368372811,26.3173826580904,6.916219468251739,0.7047791818268151,1.12994366672354,1.673626064593629,2.3510423356593,2.13302310900246,1.26965067155077,0.531026028325404,C3,C3: limit warming to 2°C (>67%)
MESSAGE-GLOBIOM 1.0,EMF33_Med2C_nofuel,31.0607368372811,26.3173826580904,13.2943385140801,3.59761444505309,0.7225311317839841,1.2639614319634,1.893216696180139,2.0959413582164,1.70250891558491,0.9685135065427593,C4,C4: limit warming to 2°C (>50%)
MESSAGE-GLOBIOM 1.0,EMF33_Med2C_none,31.0607368372811,26.3173826580904,6.4325805353409,0.7559341472469331,1.19701121166193,1.70951157611409,2.166672958883929,1.61115441137807,0.6618408415962471,0.263781615620253,C3,C3: limit warming to 2°C (>67%)
MESSAGE-GLOBIOM 1.0,EMF33_WB2C_cost100,31.0607368372811,26.3173826580904,5.94600022101225,0.7493566047307321,1.178471179245179,1.69441902955779,2.01315268256508,1.55672214346511,0.693036075594437,0.254550217309918,C2,C2: return warming to 1.5°C (>50%) after a high overshoot
MESSAGE-GLOBIOM 1.0,EMF33_WB2C_full,31.0607368372811,26.3173826580904,6.52394128555725,0.6687270102702819,1.09513947609859,1.6519148200688,2.11200320660806,1.66583770491933,0.789757748279134,0.281876442414574,C2,C2: return warming to 1.5°C (>50%) after a high overshoot
MESSAGE-GLOBIOM 1.0,EMF33_WB2C_limbio,31.0607368372811,26.3173826580904,1.32433308420581,1.31215288388192,1.844438843787669,1.73558004562972,1.468318418800189,0.588055309845747,0.170785833476071,0.0941860883160519,C2,C2: return warming to 1.5°C (>50%) after a high overshoot
MESSAGE-GLOBIOM 1.0,EMF33_WB2C_nofuel,31.0607368372811,26.3173826580904,5.427014097001782,0.8279756703797211,1.19910960066152,1.347210572784749,1.37096643656275,0.80146822647504,0.287361921802133,0.137414136122671,C2,C2: return warming to 1.5°C (>50%) after a high overshoot
MESSAGE-GLOBIOM 1.0,EMF33_tax_hi_full,31.0607368372811,29.11242007313761,10.0101898537349,1.068703134349019,1.4769713262408,1.98770379323229,2.47280392602821,2.58105939166325,1.7726936064523,0.86111694825046,C3,C3: limit warming to 2°C (>67%)
MESSAGE-GLOBIOM 1.0,EMF33_tax_hi_none,31.0607368372811,29.11242007313761,10.1147626682919,1.08721807503212,1.48279154155336,1.82177036823366,2.3074072627507,2.52552541574192,1.776366986713311,0.8353542041771641,C4,C4: limit warming to 2°C (>50%)
MESSAGE-GLOBIOM 1.0,EMF33_tax_lo_full,31.0607368372811,29.11242007313761,16.1192595259339,4.87810670782544,0.7092732418466651,1.126111104783929,1.6412217477036,2.2670072877442,3.1914629238214,4.00785857800746,C5,C5: limit warming to 2.5°C (>50%)
MESSAGE-GLOBIOM 1.0,EMF33_tax_lo_none,31.0607368372811,29.11242007313761,16.2968029813264,4.68922516653004,0.7271184326136081,1.143125082818419,1.507824097007811,2.05651080435671,2.84988560212035,3.72536769509827,C5,C5: limit warming to 2.5°C (>50%)
MESSAGE-GLOBIOM 1.0,SSP1-19,31.17,28.538,5.431,0.26,0.5760000000000001,0.954,0.972,0.7010000000000001,0.285,0.074,failed-vetting,failed-vetting
MESSAGE-GLOBIOM 1.0,SSP1-26,31.205,28.826,20.456,9.014,0.541,0.5650000000000001,0.942,1.308,1.288,0.878,C4,C4: limit warming to 2°C (>50%)
MESSAGE-GLOBIOM 1.0,SSP1-34,31.205,28.88,26.413,11.047,2.163,0.8029999999999989,0.6920000000000001,0.903,1.184,1.577,C5,C5: limit warming to 2.5°C (>50%)
MESSAGE-GLOBIOM 1.0,SSP1-45,31.205,28.911,27.492,13.069,4.778,6.98,5.08,4.565,0.812,0.804,C6,C6: limit warming to 3°C (>50%)
MESSAGE-GLOBIOM 1.0,SSP1-Baseline,31.201,29.397,27.395,15.003,7.537999999999998,10.641,15.233,16.95,18.862,12.837,C7,C7: limit warming to 4°C (>50%)
MESSAGE-GLOBIOM 1.0,SSP2-19,31.026,30.846,4.633,1.9,1.001,0.642,0.31,0.078,0.015,0.001,C1,C1: limit warming to 1.5°C (>50%) with no or limited overshoot
MESSAGE-GLOBIOM 1.0,SSP2-26,30.934,30.679,14.94,5.192,3.623,3.997,3.836,2.648,2.235,1.733,C3,C3: limit warming to 2°C (>67%)
MESSAGE-GLOBIOM 1.0,SSP2-34,30.934,31.024,25.653,12.096,3.23,3.171,3.3,3.828,3.483,3.73,C5,C5: limit warming to 2.5°C (>50%)
MESSAGE-GLOBIOM 1.0,SSP2-45,30.934,31.097,26.93,17.015,11.545,9.438,5.512,1.899,3.03,4.603,C6,C6: limit warming to 3°C (>50%)
MESSAGE-GLOBIOM 1.0,SSP2-60,30.934,31.174,29.683,25.958,26.427,30.937,32.081,24.317,15.874,4.803,C7,C7: limit warming to 4°C (>50%)
MESSAGE-GLOBIOM 1.0,SSP2-Baseline,30.935,31.957,32.298,32.575,37.037,47.526,57.93,69.101,70.582,62.622,C7,C7: limit warming to 4°C (>50%)
MESSAGE-GLOBIOM 1.0,SSP3-34,31.478,37.03,24.673,2.873,4.008,3.697,2.131999999999999,0.02,0.004,0.002,C4,C4: limit warming to 2°C (>50%)
MESSAGE-GLOBIOM 1.0,SSP3-45,31.593,36.964,31.743,16.021,4.786,6.05,5.78,3.763,0.877,1.171,C5,C5: limit warming to 2.5°C (>50%)
MESSAGE-GLOBIOM 1.0,SSP3-60,31.551,38.26,47.113,52.632,54.118,41.074,19.142,5.86,4.098,4.508999999999999,C6,C6: limit warming to 3°C (>50%)
MESSAGE-GLOBIOM 1.0,SSP3-Baseline,31.594,46.73,61.543,80.2,95.166,109.404,113.77,125.572,133.508,145.651,failed-vetting,failed-vetting
MESSAGEix-GLOBIOM 1.0,CD-LINKS_INDC2030i_1600,31.0607368372811,27.4223457279023,21.6356354944535,6.6631273713878,1.664478434014259,1.715015110812399,2.32989551206145,2.545895106917669,2.63126034788931,1.92107072580461,C4,C4: limit warming to 2°C (>50%)
MESSAGEix-GLOBIOM 1.0,CD-LINKS_INDCi,31.0607368372811,27.4223457279023,21.6356354944535,20.297677781693,19.6159786059382,25.8806152927947,30.7113450681872,33.9726806522411,44.1768826101686,51.75699366885471,C7,C7: limit warming to 4°C (>50%)
MESSAGEix-GLOBIOM 1.0,CD-LINKS_NDC2030i_1000,31.0607368372811,27.4223457279023,21.6356354944535,2.63703338091896,1.54333501688108,1.45287125262231,1.48721638274842,0.7773971053615271,0.263616223692895,0.12986617798447,C2,C2: return warming to 1.5°C (>50%) after a high overshoot
MESSAGEix-GLOBIOM 1.0,CD-LINKS_NPi,31.0607368372811,27.4223457279023,28.4952627777842,23.2320161387819,22.80660112897061,30.4256170426309,40.7688449875488,46.9776769447044,57.1372614539304,61.7526597788276,C7,C7: limit warming to 4°C (>50%)
MESSAGEix-GLOBIOM 1.0,CD-LINKS_NPi2020_1000,31.0607368372811,27.4223457279023,8.88991162359195,1.74138078634505,1.619065753440719,2.12744723420977,2.22840656440454,2.21059138733924,1.37525431742915,0.591732224203944,C2,C2: return warming to 1.5°C (>50%) after a high overshoot
MESSAGEix-GLOBIOM 1.0,CD-LINKS_NPi2020_1600,31.0607368372811,27.4223457279023,17.1176274140184,5.886093636625239,0.9915158808063,1.62558090511829,2.174797828914009,2.75851594543393,2.94027159918349,2.35809504267023,C4,C4: limit warming to 2°C (>50%)
MESSAGEix-GLOBIOM 1.0,CD-LINKS_NPi2020_400,31.0607368372811,27.4223457279023,4.554660766157332,2.03151491410184,0.984011294936296,0.8327650500448031,0.2008605376477811,0.057874423024303,0.0009120117757623,0.000735077285788,C1,C1: limit warming to 1.5°C (>50%) with no or limited overshoot
MESSAGEix-GLOBIOM 1.0,CD-LINKS_NoPolicy,31.0607368372811,30.387187640752,29.52809875209011,25.4099562388179,26.83894916420861,34.64993715561989,48.0574297273597,53.2556403688889,63.28726585846999,65.5969353742734,C7,C7: limit warming to 4°C (>50%)
MESSAGEix-GLOBIOM 1.0,LowEnergyDemand_1.3_IPCC,30.81563904225935,32.58933483544065,5.487756365468194,1.834242785928242,0.045890139468891,0.0210066687133356,0.0056319788237003,0.0015225935,0.0009116315292,0.0005458280859999,C1,C1: limit warming to 1.5°C (>50%) with no or limited overshoot
MESSAGEix-GLOBIOM_1.0,CO_2Deg2020,27.94710948966735,24.71021538322809,7.287843730061772,2.425781247246183,2.264446298738519,2.511737206377352,2.122762969378336,2.11758403435411,1.251291960109464,0.4583378461272977,failed-vetting,failed-vetting
MESSAGEix-GLOBIOM_1.0,CO_2Deg2030,27.94710948966735,24.71021538322809,19.48919938502848,4.151928431795088,3.609461032640283,2.868772736677994,1.622370010636686,0.9706425089811408,0.2855437310852315,0.1271603060646339,failed-vetting,failed-vetting
MESSAGEix-GLOBIOM_1.0,CO_BAU,27.94710948966735,28.2949018684937,24.32551157389227,19.16263454312488,16.22214722217098,24.50883077875983,30.54385917526709,38.26575648755745,50.36016230060824,64.87193059609372,failed-vetting,failed-vetting
MESSAGEix-GLOBIOM_1.0,CO_Bridge,27.94710948966735,24.71021538322809,9.793631702055146,3.088905975163283,3.637445306018162,4.312478768652027,4.113490040473347,2.881838475623172,2.436657906290089,1.692848142510547,failed-vetting,failed-vetting
MESSAGEix-GLOBIOM_1.0,CO_CurPol,27.94710948966735,24.71021538322809,24.81120222745845,18.46313342379081,14.62857512463704,23.41836930731137,28.65992817709497,36.21756285978878,49.81352720734063,64.10768842801788,failed-vetting,failed-vetting
MESSAGEix-GLOBIOM_1.0,CO_GPP,27.94710948966735,24.71021538322809,9.51099976371458,3.088306854608307,3.138901847534022,5.792379086415245,6.480524286651441,6.74876377887621,5.836685224401816,6.267873765962008,failed-vetting,failed-vetting
MESSAGEix-GLOBIOM_1.0,CO_NDC_2050convergence,27.94710948966735,24.71021538322809,19.48919938502848,9.53273497874641,5.209013061136949,6.592300302322638,9.158794442367622,12.74277716642986,17.09028391251126,22.96059069163422,failed-vetting,failed-vetting
MESSAGEix-GLOBIOM_1.0,CO_NDCplus,27.94710948966735,24.71021538322809,19.48919938502848,16.62621861505155,12.83933052819553,18.27171591783787,19.18406418498271,25.7742102329167,30.90668960139842,36.21844423218903,failed-vetting,failed-vetting
MESSAGEix-GLOBIOM_1.1,EN_INDCi2030_1000,30.82228128472837,34.96309573290058,26.79190496227184,1.182400744853988,0.1790428003261881,0.2147966795452912,0.3484506696392336,0.5413025996458876,0.6995711572127185,0.5316377693962544,C3,C3: limit warming to 2°C (>67%)
MESSAGEix-GLOBIOM_1.1,EN_INDCi2030_1000_COV,30.82228128472837,33.66434531852709,23.87287836692776,0.930785359794714,0.1270119757800996,0.1838532914479528,0.28115539873035,0.4144475247827306,0.5692746346227578,0.4289720653262784,C3,C3: limit warming to 2°C (>67%)
MESSAGEix-GLOBIOM_1.1,EN_INDCi2030_1000_COV_NDCp,30.82228128472837,33.66434531852709,20.22294089023489,0.8483737098975581,0.1416901830706592,0.1967178274403136,0.2833201080966102,0.4570083545295575,0.5862132878332669,0.4212150424048616,C3,C3: limit warming to 2°C (>67%)
MESSAGEix-GLOBIOM_1.1,EN_INDCi2030_1000_NDCp,30.82228128472837,34.96309573290058,25.63888666078893,0.9482863173371614,0.1660970689109967,0.2132093351000106,0.3262127774111549,0.4884597601536885,0.6619209216435467,0.5340072758312766,C3,C3: limit warming to 2°C (>67%)
MESSAGEix-GLOBIOM_1.1,EN_INDCi2030_1000f,30.82228128472837,34.96309573290058,26.79190496227184,1.032963229961191,0.1079946608529498,0.1811495894388418,0.188521008570272,0.0477122319780402,0.0157929716613125,0.0031628690285455,C4,C4: limit warming to 2°C (>50%)
MESSAGEix-GLOBIOM_1.1,EN_INDCi2030_1000f_COV,30.82228128472837,33.66434531852709,23.87287836692776,0.9787576907310194,0.0750480095531068,0.1300626787114627,0.2281639137214208,0.1306189964265375,0.0340189430663962,0.0102437289130551,C3,C3: limit warming to 2°C (>67%)
MESSAGEix-GLOBIOM_1.1,EN_INDCi2030_1000f_COV_NDCp,30.82228128472837,33.66434531852709,20.22294089023489,1.036460886535044,0.0726552816530086,0.1330570287501905,0.2525362422100245,0.1391674773599941,0.0365450289200663,0.0117561898253349,C3,C3: limit warming to 2°C (>67%)
MESSAGEix-GLOBIOM_1.1,EN_INDCi2030_1000f_NDCp,30.82228128472837,34.96309573290058,25.63888666078893,1.126555449213671,0.1080793673902405,0.1768743783160248,0.1818576097963176,0.0541202434639277,0.0162853449798347,0.0031628690285455,C4,C4: limit warming to 2°C (>50%)
MESSAGEix-GLOBIOM_1.1,EN_INDCi2030_1200,30.82228128472837,34.96309573290058,26.79190496227184,0.7242686641267435,0.1211518814721399,0.2064111096061026,0.3396612514382583,0.560374935690996,0.8119697173785138,0.6696784371152393,C4,C4: limit warming to 2°C (>50%)
MESSAGEix-GLOBIOM_1.1,EN_INDCi2030_1200_COV,30.82228128472837,33.66434531852709,23.87287836692776,0.9302659017271128,0.0980092408296155,0.184302688379182,0.3789251909640737,0.5371900104285164,0.6015668398969276,0.4812509617965011,C3,C3: limit warming to 2°C (>67%)
MESSAGEix-GLOBIOM_1.1,EN_INDCi2030_1200_COV_NDCp,30.82228128472837,33.66434531852709,20.22294089023489,1.000860107037959,0.0876828113243575,0.1795900183291586,0.3670199666690017,0.5071535170245742,0.5325602932696927,0.4167751715143074,C3,C3: limit warming to 2°C (>67%)
MESSAGEix-GLOBIOM_1.1,EN_INDCi2030_1200_NDCp,30.82228128472837,34.96309573290058,25.63888666078893,0.7545021175991223,0.1181025898366188,0.2104732024448797,0.3455859821496181,0.5684706020077324,0.8486459602241831,0.7100154452182765,C4,C4: limit warming to 2°C (>50%)
MESSAGEix-GLOBIOM_1.1,EN_INDCi2030_1200f,30.82228128472837,34.96309573290058,26.79190496227184,4.691648764239236,0.0687379089002452,0.1155311571443928,0.2535431360928111,0.2018791681288463,0.0508677813514988,0.0141163713753382,C4,C4: limit warming to 2°C (>50%)
MESSAGEix-GLOBIOM_1.1,EN_INDCi2030_1200f_COV,30.82228128472837,33.66434531852709,23.87287836692776,2.55014540269345,0.0691693629047339,0.1335383226113358,0.298908809869555,0.2789680291527319,0.096165820000791,0.0180554411614762,C4,C4: limit warming to 2°C (>50%)
MESSAGEix-GLOBIOM_1.1,EN_INDCi2030_1200f_COV_NDCp,30.82228128472837,33.66434531852709,20.22294089023489,2.905882692515702,0.0703422186416299,0.1384031656082916,0.307317447323677,0.2846124654623059,0.0983261743771268,0.0203311839484236,C4,C4: limit warming to 2°C (>50%)
MESSAGEix-GLOBIOM_1.1,EN_INDCi2030_1200f_NDCp,30.82228128472837,34.96309573290058,25.63888666078893,4.715289712190506,0.0686136747338945,0.1174171580546145,0.2576467542802074,0.2059201844574844,0.0508677813514988,0.0130184528642863,C4,C4: limit warming to 2°C (>50%)
MESSAGEix-GLOBIOM_1.1,EN_INDCi2030_1400,30.82228128472837,34.96309573290058,26.79190496227184,4.224142253611666,0.078371289251451,0.152635333555058,0.3420023422180348,0.4658287517669557,0.5905432315550398,0.573820930583774,C4,C4: limit warming to 2°C (>50%)
MESSAGEix-GLOBIOM_1.1,EN_INDCi2030_1400_COV,30.82228128472837,33.66434531852709,23.87287836692776,2.977643355756986,0.071527610749185,0.126098400413014,0.2977140457625829,0.5217549388400438,0.6321669320166049,0.5729823101399382,C4,C4: limit warming to 2°C (>50%)
MESSAGEix-GLOBIOM_1.1,EN_INDCi2030_1400_COV_NDCp,30.82228128472837,33.66434531852709,20.22294089023489,3.28672880849774,0.0716521888022627,0.1264261025136554,0.3026301769491531,0.5331864620272632,0.636489317757862,0.5592982055738438,C4,C4: limit warming to 2°C (>50%)
MESSAGEix-GLOBIOM_1.1,EN_INDCi2030_1400_NDCp,30.82228128472837,34.96309573290058,25.63888666078893,4.434646719588968,0.078691140374862,0.1523857173193005,0.3358597135877369,0.4648389933495856,0.5877074594017043,0.5789406144263458,C4,C4: limit warming to 2°C (>50%)
MESSAGEix-GLOBIOM_1.1,EN_INDCi2030_1400f,30.82228128472837,34.96309573290058,26.79190496227184,5.52849723346875,0.0590487390657572,0.0858989661632439,0.2029548381724867,0.2278933972915862,0.1021100826067459,0.0287932540347649,C4,C4: limit warming to 2°C (>50%)
MESSAGEix-GLOBIOM_1.1,EN_INDCi2030_1400f_COV,30.82228128472837,33.66434531852709,23.87287836692776,4.555486830525571,0.0827959718116723,0.0751949953430382,0.1872107076962548,0.3673223991141868,0.2124047888215219,0.0759955344299403,C4,C4: limit warming to 2°C (>50%)
MESSAGEix-GLOBIOM_1.1,EN_INDCi2030_1400f_COV_NDCp,30.82228128472837,33.66434531852709,20.22294089023489,4.858962738612242,0.5445201118553424,0.0762832983531646,0.1895602722694238,0.3756501391967003,0.2204027296551561,0.0819325601914088,C4,C4: limit warming to 2°C (>50%)
MESSAGEix-GLOBIOM_1.1,EN_INDCi2030_1400f_NDCp,30.82228128472837,34.96309573290058,25.63888666078893,5.995871858982313,0.1156136126108213,0.0883440565850816,0.2078579633273314,0.234608111761892,0.109020060345163,0.0284275292015535,C4,C4: limit warming to 2°C (>50%)
MESSAGEix-GLOBIOM_1.1,EN_INDCi2030_1600,30.82228128472837,34.96309573290058,26.79190496227184,7.586758803444981,0.5734500205469345,0.112182316880584,0.2734682644011804,0.5258179714749467,0.7461768460596419,0.777865981272258,C5,C5: limit warming to 2.5°C (>50%)
MESSAGEix-GLOBIOM_1.1,EN_INDCi2030_1600_COV,30.82228128472837,33.66434531852709,23.87287836692776,5.308379959322708,1.108923542334786,0.0675798311943789,0.188841288409551,0.4103557993700033,0.546558114205005,0.4996585016656214,C4,C4: limit warming to 2°C (>50%)
MESSAGEix-GLOBIOM_1.1,EN_INDCi2030_1600_COV_NDCp,30.82228128472837,33.66434531852709,20.22294089023489,6.005660450229504,1.031265512344523,0.0682749437119682,0.1869337733342341,0.4014403675681432,0.5407988331181269,0.510508626499156,C4,C4: limit warming to 2°C (>50%)
MESSAGEix-GLOBIOM_1.1,EN_INDCi2030_1600_NDCp,30.82228128472837,34.96309573290058,25.63888666078893,7.153984317463231,1.478855869092959,0.1102038613215202,0.2681608418357014,0.5186898246942775,0.7433944461678322,0.7709475709334535,C5,C5: limit warming to 2.5°C (>50%)
MESSAGEix-GLOBIOM_1.1,EN_INDCi2030_1600f,30.82228128472837,34.96309573290058,26.79190496227184,8.100520205285829,2.289844788007638,0.0600279681191101,0.1731166998032072,0.3702749637761765,0.2571055546940263,0.1136213911034879,C5,C5: limit warming to 2.5°C (>50%)
MESSAGEix-GLOBIOM_1.1,EN_INDCi2030_1600f_COV,30.82228128472837,33.66434531852709,23.87287836692776,7.37736834789007,1.543187683410741,0.0484840010704326,0.1429590720834898,0.3278662696792998,0.3332696112021965,0.1838827461974543,C5,C5: limit warming to 2.5°C (>50%)
MESSAGEix-GLOBIOM_1.1,EN_INDCi2030_1600f_COV_NDCp,30.82228128472837,33.66434531852709,20.22294089023489,9.180935779942931,1.457857547759808,0.0487123055107619,0.1434355717392502,0.3170483245183072,0.3290417592511381,0.1846825479666096,C5,C5: limit warming to 2.5°C (>50%)
MESSAGEix-GLOBIOM_1.1,EN_INDCi2030_1600f_NDCp,30.82228128472837,34.96309573290058,25.63888666078893,7.750617546258741,2.65505564375124,0.0537178471023952,0.1580225781392967,0.3453260276542889,0.2405039438249306,0.1074864711324132,C5,C5: limit warming to 2.5°C (>50%)
MESSAGEix-GLOBIOM_1.1,EN_INDCi2030_1800,30.82228128472837,34.96309573290058,26.79190496227184,11.25813503054536,3.170648683419154,0.0589688282021236,0.1449492557512981,0.3249718658119202,0.5514392904748671,0.6694859396107992,C5,C5: limit warming to 2.5°C (>50%)
MESSAGEix-GLOBIOM_1.1,EN_INDCi2030_1800_COV,30.82228128472837,33.66434531852709,23.87287836692776,10.36759146948942,2.053067360337397,0.0554156757944658,0.1017358348914547,0.26403709832109,0.5081288243448502,0.6358835431341295,C5,C5: limit warming to 2.5°C (>50%)
MESSAGEix-GLOBIOM_1.1,EN_INDCi2030_1800_COV_NDCp,30.82228128472837,33.66434531852709,20.22294089023489,10.62623800442174,2.763324277911765,0.05832707927278,0.1090838934561811,0.2820745228385015,0.5524110122225439,0.6869529222387478,C5,C5: limit warming to 2.5°C (>50%)
MESSAGEix-GLOBIOM_1.1,EN_INDCi2030_1800_NDCp,30.82228128472837,34.96309573290058,25.63888666078893,11.76217585698403,3.642452832180906,0.0611822771432985,0.1465782748067166,0.3277866496007503,0.5290033878859671,0.6433536072768286,C5,C5: limit warming to 2.5°C (>50%)
MESSAGEix-GLOBIOM_1.1,EN_INDCi2030_1800f,30.82228128472837,34.96309573290058,26.79190496227184,11.75652382411387,4.108776932087573,0.0521378427911211,0.0947444063497885,0.225575569372944,0.3552359247686112,0.2367435996862235,C5,C5: limit warming to 2.5°C (>50%)
MESSAGEix-GLOBIOM_1.1,EN_INDCi2030_1800f_COV,30.82228128472837,33.66434531852709,23.87287836692776,10.37005501477537,2.230780010850152,0.0429038339451397,0.0647212033256017,0.1805556803956434,0.3643506711923868,0.2704389290420962,C5,C5: limit warming to 2.5°C (>50%)
MESSAGEix-GLOBIOM_1.1,EN_INDCi2030_1800f_COV_NDCp,30.82228128472837,33.66434531852709,20.22294089023489,10.61208010730856,2.769824715701062,0.3704837985986194,0.0607457057481108,0.170827538781306,0.3466044632399684,0.2584082008066626,C5,C5: limit warming to 2.5°C (>50%)
MESSAGEix-GLOBIOM_1.1,EN_INDCi2030_1800f_NDCp,30.82228128472837,34.96309573290058,25.63888666078893,12.37895254431076,4.182552457476255,0.2867039284838045,0.0934355404557076,0.222670051631901,0.3522541245200367,0.2462783575430129,C5,C5: limit warming to 2.5°C (>50%)
MESSAGEix-GLOBIOM_1.1,EN_INDCi2030_2000,30.82228128472837,34.96309573290058,26.79190496227184,14.76836052772221,5.11283626485775,0.5044795715391621,0.1124522588147273,0.2930767068207722,0.5696974774442978,0.726893854680061,C5,C5: limit warming to 2.5°C (>50%)
MESSAGEix-GLOBIOM_1.1,EN_INDCi2030_2000_COV,30.82228128472837,33.66434531852709,23.87287836692776,13.8027404889951,2.798046838648168,0.3262100305647888,0.0789617088178949,0.2130673310640072,0.4930016536202247,0.6628731145034971,C5,C5: limit warming to 2.5°C (>50%)
MESSAGEix-GLOBIOM_1.1,EN_INDCi2030_2000_COV_NDCp,30.82228128472837,33.66434531852709,20.22294089023489,13.59980591292624,3.183119286469018,0.5722456504824993,0.0762277086283359,0.1959888095736798,0.4749213204696701,0.6802825156095186,C5,C5: limit warming to 2.5°C (>50%)
MESSAGEix-GLOBIOM_1.1,EN_INDCi2030_2000_NDCp,30.82228128472837,34.96309573290058,25.63888666078893,14.4638755774455,5.1047483728456,0.6800298437898038,0.1130915650279262,0.2922266070175224,0.5686125217627791,0.7114341395360042,C5,C5: limit warming to 2.5°C (>50%)
MESSAGEix-GLOBIOM_1.1,EN_INDCi2030_2000f,30.82228128472837,34.96309573290058,26.79190496227184,14.44707434077285,5.238920262551329,0.4932833271261498,0.0776870427548335,0.2132828369050947,0.4380807063943212,0.3312110728783593,C5,C5: limit warming to 2.5°C (>50%)
MESSAGEix-GLOBIOM_1.1,EN_INDCi2030_2000f_COV,30.82228128472837,33.66434531852709,23.87287836692776,13.25951156184735,2.854436487932015,0.3527115810914828,0.0710489611449797,0.2081182207720176,0.4783977111908813,0.5206274924284697,C5,C5: limit warming to 2.5°C (>50%)
MESSAGEix-GLOBIOM_1.1,EN_INDCi2030_2000f_COV_NDCp,30.82228128472837,33.66434531852709,20.22294089023489,13.27457274676032,3.26900736675533,0.6529580238071312,0.062832621169391,0.1782884001599618,0.4192126579477259,0.4528511032280415,C5,C5: limit warming to 2.5°C (>50%)
MESSAGEix-GLOBIOM_1.1,EN_INDCi2030_2000f_NDCp,30.82228128472837,34.96309573290058,25.63888666078893,14.69054292695057,5.091178679602703,0.5001840622571798,0.076734860821799,0.1989674025686073,0.4103134741210867,0.3103731156346843,C5,C5: limit warming to 2.5°C (>50%)
MESSAGEix-GLOBIOM_1.1,EN_INDCi2030_2500,30.82228128472837,34.96309573290058,26.79190496227184,19.49428174781286,8.410163756029382,3.080809445027332,0.7018763945272037,0.0813585823840359,0.2084627362261769,0.4731894226175335,C5,C5: limit warming to 2.5°C (>50%)
MESSAGEix-GLOBIOM_1.1,EN_INDCi2030_2500_COV,30.82228128472837,33.66434531852709,23.87287836692776,17.05735569343321,6.457320888726752,3.443196781248174,1.573915425851755,0.0579459887911856,0.1699372917598069,0.4269842296489709,C5,C5: limit warming to 2.5°C (>50%)
MESSAGEix-GLOBIOM_1.1,EN_INDCi2030_2500_COV_NDCp,30.82228128472837,33.66434531852709,20.22294089023489,17.47467715916359,7.143165914204568,4.39785561976757,1.995148449865745,0.291157153710136,0.1621066697261339,0.4100785039962793,C5,C5: limit warming to 2.5°C (>50%)
MESSAGEix-GLOBIOM_1.1,EN_INDCi2030_2500_NDCp,30.82228128472837,34.96309573290058,25.63888666078893,19.3202447572926,8.586090042412785,3.50631350164501,0.6664431259522852,0.081746242534243,0.2077586124750539,0.4737848106017098,C5,C5: limit warming to 2.5°C (>50%)
MESSAGEix-GLOBIOM_1.1,EN_INDCi2030_2500f,30.82228128472837,34.96309573290058,26.79190496227184,18.96381533225674,7.872926603437821,2.558566378564214,0.6097597193660599,0.0852827814394163,0.2240133023377333,0.4899541818084741,C5,C5: limit warming to 2.5°C (>50%)
MESSAGEix-GLOBIOM_1.1,EN_INDCi2030_2500f_COV,30.82228128472837,33.66434531852709,23.87287836692776,16.99020036817829,6.460335744329919,3.44592766966879,1.571084228002145,0.0515844885278458,0.1450583079407465,0.3337298825122795,C5,C5: limit warming to 2.5°C (>50%)
MESSAGEix-GLOBIOM_1.1,EN_INDCi2030_2500f_COV_NDCp,30.82228128472837,33.66434531852709,20.22294089023489,17.37084188379584,6.560059908518236,3.826152575722908,1.569485855303258,0.0466442342850955,0.1374723973913155,0.3232567573443323,C5,C5: limit warming to 2.5°C (>50%)
MESSAGEix-GLOBIOM_1.1,EN_INDCi2030_2500f_NDCp,30.82228128472837,34.96309573290058,25.63888666078893,19.00310227909004,8.23539800854643,3.172381561270513,0.4542536379511707,0.0873785886531621,0.2199184253044806,0.4833780756321024,C5,C5: limit warming to 2.5°C (>50%)
MESSAGEix-GLOBIOM_1.1,EN_INDCi2030_3000,30.82228128472837,34.96309573290058,26.79190496227184,24.37254689230531,16.06344055034218,12.42686301763801,7.198861875887864,2.85608398794934,0.0411421791957804,0.1266507591019802,C6,C6: limit warming to 3°C (>50%)
MESSAGEix-GLOBIOM_1.1,EN_INDCi2030_3000_COV,30.82228128472837,33.66434531852709,23.87287836692776,20.06836816556805,11.93000851837322,12.13453783227058,8.682514771507222,4.054122931754701,0.0477020196749289,0.1399758398161136,C6,C6: limit warming to 3°C (>50%)
MESSAGEix-GLOBIOM_1.1,EN_INDCi2030_3000_COV_NDCp,30.82228128472837,33.66434531852709,20.22294089023489,20.27710237757219,12.56731153984544,12.97463156590755,9.15552900910424,4.107851297544618,0.0461474978139851,0.1563624753924445,C6,C6: limit warming to 3°C (>50%)
MESSAGEix-GLOBIOM_1.1,EN_INDCi2030_3000_NDCp,30.82228128472837,34.96309573290058,25.63888666078893,23.83141920061941,15.5003721906998,12.58536923521772,7.662061088595562,3.004529826547865,0.0401973767677363,0.1239192399342788,C6,C6: limit warming to 3°C (>50%)
MESSAGEix-GLOBIOM_1.1,EN_INDCi2030_3000f,30.82228128472837,34.96309573290058,26.79190496227184,23.16378047561793,14.89280759306502,11.09805193709897,6.723850625291937,2.69231678432355,0.0504439280427978,0.1497028563882004,C6,C6: limit warming to 3°C (>50%)
MESSAGEix-GLOBIOM_1.1,EN_INDCi2030_3000f_COV,30.82228128472837,33.66434531852709,23.87287836692776,19.84184173480643,11.72019883379925,12.09400013200514,8.77704920314272,4.192804650914947,0.0427311422537332,0.1489868199738449,C6,C6: limit warming to 3°C (>50%)
MESSAGEix-GLOBIOM_1.1,EN_INDCi2030_3000f_COV_NDCp,30.82228128472837,33.66434531852709,20.22294089023489,20.13984057365252,12.3777764244253,12.92258274470996,9.20062785207149,4.212737360671786,0.042240783990862,0.1497111518492907,C6,C6: limit warming to 3°C (>50%)
MESSAGEix-GLOBIOM_1.1,EN_INDCi2030_3000f_NDCp,30.82228128472837,34.96309573290058,25.63888666078893,23.16044566223594,14.79567539240263,11.55953508718334,7.034941653532138,2.973290017915394,0.0411335845263168,0.1296025230372729,C6,C6: limit warming to 3°C (>50%)
MESSAGEix-GLOBIOM_1.1,EN_INDCi2030_600f_COV,30.82228128472837,33.66434531852709,23.87287836692776,1.074438341613391,0.1277653984846166,0.0969715921717286,0.0440384415660515,0.0100264380569177,0.0051194004413902,0.0026308350221438,C2,C2: return warming to 1.5°C (>50%) after a high overshoot
MESSAGEix-GLOBIOM_1.1,EN_INDCi2030_600f_COV_NDCp,30.82228128472837,33.66434531852709,20.22294089023489,1.011257979495936,0.1422892905874088,0.1190427679446805,0.0478244793769923,0.0094051192711091,0.0045561908476826,0.0026002997027131,C2,C2: return warming to 1.5°C (>50%) after a high overshoot
MESSAGEix-GLOBIOM_1.1,EN_INDCi2030_700f,30.82228128472837,34.96309573290058,26.79190496227184,1.061588545864661,0.1515810320383363,0.1842153926390379,0.0660785510923599,0.0228974959298143,0.0048450844850722,0.0029553776919531,C2,C2: return warming to 1.5°C (>50%) after a high overshoot
MESSAGEix-GLOBIOM_1.1,EN_INDCi2030_700f_COV,30.82228128472837,33.66434531852709,23.87287836692776,0.8465999312644836,0.157761934521984,0.1609450827464344,0.0960300462685658,0.0247882021653714,0.0052688531066988,0.0030140561381106,C2,C2: return warming to 1.5°C (>50%) after a high overshoot
MESSAGEix-GLOBIOM_1.1,EN_INDCi2030_700f_COV_NDCp,30.82228128472837,33.66434531852709,20.22294089023489,0.8025332992444658,0.1556551420177374,0.173415667506457,0.0936494525704435,0.0248703563541858,0.0053165500182623,0.0030144710106399,C2,C2: return warming to 1.5°C (>50%) after a high overshoot
MESSAGEix-GLOBIOM_1.1,EN_INDCi2030_700f_NDCp,30.82228128472837,34.96309573290058,25.63888666078893,0.923775475435654,0.1551537849931929,0.1859150850358749,0.0772110022086086,0.0229547754278767,0.0048793798364231,0.0029546620676077,C2,C2: return warming to 1.5°C (>50%) after a high overshoot
MESSAGEix-GLOBIOM_1.1,EN_INDCi2030_800f,30.82228128472837,34.96309573290058,26.79190496227184,0.8374636902144715,0.1224080936996466,0.190012738341285,0.1224713088271024,0.0309586730920668,0.0100419724241573,0.0029553776919531,C3,C3: limit warming to 2°C (>67%)
MESSAGEix-GLOBIOM_1.1,EN_INDCi2030_800f_COV,30.82228128472837,33.66434531852709,23.87287836692776,0.763912883314647,0.1002426635994231,0.1463450377157043,0.1308095676775414,0.0357600277250562,0.0144842941824825,0.0030140561381106,C3,C3: limit warming to 2°C (>67%)
MESSAGEix-GLOBIOM_1.1,EN_INDCi2030_800f_COV_NDCp,30.82228128472837,33.66434531852709,20.22294089023489,0.9783381962254896,0.0950234201385504,0.1425842928736964,0.1278995616866597,0.0356340886106743,0.0144885449543555,0.0030144710106399,C3,C3: limit warming to 2°C (>67%)
MESSAGEix-GLOBIOM_1.1,EN_INDCi2030_800f_NDCp,30.82228128472837,34.96309573290058,25.63888666078893,0.8579400680601845,0.1306159263987826,0.1918860091720873,0.1355088337975956,0.0335353640471716,0.0133031927651298,0.0029546620676077,C3,C3: limit warming to 2°C (>67%)
MESSAGEix-GLOBIOM_1.1,EN_INDCi2030_900f,30.82228128472837,34.96309573290058,26.79190496227184,0.863253081747206,0.1311649702771176,0.1950591568233218,0.1926620628455474,0.0370095160862832,0.0151126019415366,0.0029764237959859,C3,C3: limit warming to 2°C (>67%)
MESSAGEix-GLOBIOM_1.1,EN_INDCi2030_900f_COV,30.82228128472837,33.66434531852709,23.87287836692776,1.074949255832902,0.1016042713220192,0.1646861165192043,0.1735627121280261,0.0586322918842794,0.0183791878733588,0.0030536225627279,C3,C3: limit warming to 2°C (>67%)
MESSAGEix-GLOBIOM_1.1,EN_INDCi2030_900f_COV_NDCp,30.82228128472837,33.66434531852709,20.22294089023489,1.127903427926694,0.0989474748837462,0.1651887430072114,0.1894549098785625,0.0914964899329656,0.0193232568827075,0.0039821243443104,C3,C3: limit warming to 2°C (>67%)
MESSAGEix-GLOBIOM_1.1,EN_INDCi2030_900f_NDCp,30.82228128472837,34.96309573290058,25.63888666078893,1.022455644561903,0.1220256159403295,0.1859327069994732,0.1942484574131286,0.0370095160862832,0.0151126019415366,0.0029764237959859,C3,C3: limit warming to 2°C (>67%)
MESSAGEix-GLOBIOM_1.1,EN_INDCi2030_950_COV,30.82228128472837,33.66434531852709,23.87287836692776,0.9579854114620336,0.1464249294980781,0.1673601901190979,0.2855581770152163,0.3899296741567844,0.4432026683397175,0.3042231496270139,C3,C3: limit warming to 2°C (>67%)
MESSAGEix-GLOBIOM_1.1,EN_INDCi2030_950_COV_NDCp,30.82228128472837,33.66434531852709,20.22294089023489,1.101484388581109,0.1645308173640302,0.1822200854551446,0.3136183741252628,0.4924999307447538,0.5322808701592039,0.3438662161083491,C3,C3: limit warming to 2°C (>67%)
MESSAGEix-GLOBIOM_1.1,EN_INDCi2030_950f_COV,30.82228128472837,33.66434531852709,23.87287836692776,1.101371796249951,0.0956133567242482,0.1588150150175831,0.1924464823707391,0.0968054401370228,0.0212941330003871,0.0051327095584711,C3,C3: limit warming to 2°C (>67%)
MESSAGEix-GLOBIOM_1.1,EN_INDCi2030_950f_COV_NDCp,30.82228128472837,33.66434531852709,20.22294089023489,1.219091171462896,0.0928930054413105,0.1560802569116632,0.2027189807550839,0.1092757982219772,0.0244532844726505,0.0069249293157103,C3,C3: limit warming to 2°C (>67%)
MESSAGEix-GLOBIOM_1.1,EN_INDCi2100,30.82228128472837,34.96309573290058,26.79190496227184,26.65403573936062,31.45057500368781,44.25143540300647,50.67065518826607,58.90515835983976,58.10285071665177,49.95762185233136,C6,C6: limit warming to 3°C (>50%)
MESSAGEix-GLOBIOM_1.1,EN_INDCi2100_COV,30.82228128472837,33.66434531852709,23.87287836692776,21.35881768488363,23.05167246581768,33.39613177710907,44.84283259839461,51.33270155063315,49.70988062027151,44.97418337058614,C6,C6: limit warming to 3°C (>50%)
MESSAGEix-GLOBIOM_1.1,EN_INDCi2100_COV_NDCp,30.82228128472837,33.66434531852709,20.22294089023489,20.91173610485685,23.1865150468872,32.01054176225436,38.6997607106589,50.26449525027688,47.56400999090306,38.38929164875076,C6,C6: limit warming to 3°C (>50%)
MESSAGEix-GLOBIOM_1.1,EN_INDCi2100_NDCp,30.82228128472837,34.96309573290058,25.63888666078893,26.17879763852418,31.57325069682071,44.9864697046883,50.2318558044034,59.67510849916305,59.74679677961676,49.94144040940073,C6,C6: limit warming to 3°C (>50%)
MESSAGEix-GLOBIOM_1.1,EN_NPi2020_1000,30.82228128472837,34.96309573290058,5.238281588293249,0.779958908936105,0.0869538121381585,0.1895415418460299,0.3435711990998394,0.5462015620443131,0.7371409272060069,0.7189410895134751,C3,C3: limit warming to 2°C (>67%)
MESSAGEix-GLOBIOM_1.1,EN_NPi2020_1000_COV,30.82228128472837,33.66434531445606,5.578310887807175,0.4924236121699996,0.0721602614696534,0.1596576103317172,0.3426685034460079,0.5594165129562879,0.689735043329613,0.5991845630063628,C3,C3: limit warming to 2°C (>67%)
MESSAGEix-GLOBIOM_1.1,EN_NPi2020_1000_DR10p,30.82228128472837,33.69150738406661,13.09796305106485,1.001825980663093,0.1192819627900408,0.2959249917338113,0.5011360243353684,0.8074991005922565,1.157886050379902,1.441829620442845,C3,C3: limit warming to 2°C (>67%)
MESSAGEix-GLOBIOM_1.1,EN_NPi2020_1000_DR1p,30.82228128472837,36.16708744545416,3.571536918147491,0.821162919423371,0.1839616142444964,0.0842774138008956,0.1065766165289894,0.1497571311829335,0.2644191088678683,0.2659305514950911,C3,C3: limit warming to 2°C (>67%)
MESSAGEix-GLOBIOM_1.1,EN_NPi2020_1000_DR2p,30.82228128472837,35.50554612098522,5.848979293351181,0.9626163530039972,0.1908878500627286,0.1206716695955362,0.178337547380138,0.2505614733595186,0.4290023462141483,0.4146354744111648,C3,C3: limit warming to 2°C (>67%)
MESSAGEix-GLOBIOM_1.1,EN_NPi2020_1000_DR3p,30.82228128472837,34.97538067493206,5.123283542779586,0.6994343195057038,0.0885887837351944,0.1324634474044767,0.1976851983785737,0.2614111004879147,0.4124289603432362,0.4836139605117041,C3,C3: limit warming to 2°C (>67%)
MESSAGEix-GLOBIOM_1.1,EN_NPi2020_1000_DR4p,30.82228128472837,34.94892286679727,5.581398037328821,0.7219418692884325,0.0986220329296171,0.1724996388942939,0.2785551705233332,0.3534548484025187,0.4804308227344525,0.4502576700753276,C3,C3: limit warming to 2°C (>67%)
MESSAGEix-GLOBIOM_1.1,EN_NPi2020_1000f,30.82228128472837,34.96309573290058,8.953259720663159,1.184188985534058,0.0461294743112158,0.0927002530157767,0.2142369986653138,0.1805136716115577,0.0392369314715595,0.0093727393088574,C3,C3: limit warming to 2°C (>67%)
MESSAGEix-GLOBIOM_1.1,EN_NPi2020_1000f_COV,30.82228128472837,33.66434531445606,6.952694177153408,2.280361749984993,0.0333391096040912,0.0697406849656946,0.1675763349994015,0.1496012416999692,0.0478263783132107,0.0005458280859999,C3,C3: limit warming to 2°C (>67%)
MESSAGEix-GLOBIOM_1.1,EN_NPi2020_1000f_DR10p,30.82228128472837,33.69150738406661,23.71104847757616,6.312220275256857,0.0532630695378917,0.1205670476169989,0.2765058143037872,0.0452624688338593,0.0009116315292,0.0005458280859999,C4,C4: limit warming to 2°C (>50%)
MESSAGEix-GLOBIOM_1.1,EN_NPi2020_1000f_DR1p,30.82228128472837,36.16708744545416,3.536869844705444,0.8245284244497902,0.1708949369694128,0.0902375259651849,0.115799807914526,0.1837835734044009,0.2843579611804838,0.2903636360140091,C3,C3: limit warming to 2°C (>67%)
MESSAGEix-GLOBIOM_1.1,EN_NPi2020_1000f_DR2p,30.82228128472837,35.50554612098522,5.412970656952631,0.8868639079912646,0.2430879748969815,0.0795927598326391,0.1718472539107086,0.2307140013755506,0.2459368034256336,0.257718731185649,C3,C3: limit warming to 2°C (>67%)
MESSAGEix-GLOBIOM_1.1,EN_NPi2020_1000f_DR3p,30.82228128472837,34.97538067493206,4.965896907800246,0.7244383500960325,0.0838475530166791,0.0655551631620055,0.1479450466815637,0.164477865337002,0.1358176277420341,0.0663360579786246,C3,C3: limit warming to 2°C (>67%)
MESSAGEix-GLOBIOM_1.1,EN_NPi2020_1000f_DR4p,30.82228128472837,34.94892286679727,5.915733793121456,0.939196493448596,0.0558025236120718,0.0790030856715526,0.1852686472824379,0.1556278460197579,0.0503098576538498,0.0049593929084694,C3,C3: limit warming to 2°C (>67%)
MESSAGEix-GLOBIOM_1.1,EN_NPi2020_1200,30.82228128472837,34.96309573290058,9.852067804299743,1.242731563695564,0.0695067767743024,0.1422873346040706,0.3195602593940015,0.5285886672378887,0.8158127043162693,0.89733086078176,C3,C3: limit warming to 2°C (>67%)
MESSAGEix-GLOBIOM_1.1,EN_NPi2020_1200_COV,30.82228128472837,33.66434531445606,9.27912122878326,3.147991948211998,0.0590679065377603,0.118204759411319,0.278030441033965,0.5450814360802504,0.7362342491958939,0.5804714764994375,C3,C3: limit warming to 2°C (>67%)
MESSAGEix-GLOBIOM_1.1,EN_NPi2020_1200f,30.82228128472837,34.96309573290058,11.39044508204302,2.841905678452886,0.0382878450879558,0.0617556791515204,0.1571396640904481,0.1630142595980675,0.05351055713993,0.005608087768785,C4,C4: limit warming to 2°C (>50%)
MESSAGEix-GLOBIOM_1.1,EN_NPi2020_1200f_COV,30.82228128472837,33.66434531445606,11.43789027870922,3.199672497253561,0.061406396637866,0.0528850705502861,0.139200253337546,0.2851397827709117,0.1880299493681374,0.0568907177251043,C4,C4: limit warming to 2°C (>50%)
MESSAGEix-GLOBIOM_1.1,EN_NPi2020_1400,30.82228128472837,34.96309573290058,13.7013957539461,2.968764145896212,0.0916584222710095,0.1153327629557143,0.2774331634306312,0.5643022957519538,0.7677978829306759,0.7738584156800951,C4,C4: limit warming to 2°C (>50%)
MESSAGEix-GLOBIOM_1.1,EN_NPi2020_1400_COV,30.82228128472837,33.66434531445606,13.53949476757408,3.406300949373156,0.0738072609542701,0.07532837401687,0.20136814058948,0.4259670900442648,0.6355346728139379,0.5264156625354648,C4,C4: limit warming to 2°C (>50%)
MESSAGEix-GLOBIOM_1.1,EN_NPi2020_1400f,30.82228128472837,34.96309573290058,13.77697872996011,3.362750777916819,0.0975395578673405,0.0512605407361156,0.1361636948775124,0.2897190954576376,0.2127697889529208,0.0612773854992749,C4,C4: limit warming to 2°C (>50%)
MESSAGEix-GLOBIOM_1.1,EN_NPi2020_1400f_COV,30.82228128472837,33.66434531445606,13.80554919133688,4.461295419789622,0.2859620600180686,0.0380630431676611,0.1096109090004117,0.2480270284139247,0.189320962501936,0.0615246741549758,C4,C4: limit warming to 2°C (>50%)
MESSAGEix-GLOBIOM_1.1,EN_NPi2020_1600,30.82228128472837,34.96309573290058,16.63575497497627,4.473196430631577,0.3077805569072591,0.0580050433542246,0.1609805022247726,0.3569380269633947,0.6495213728929103,0.7441336847019808,C4,C4: limit warming to 2°C (>50%)
MESSAGEix-GLOBIOM_1.1,EN_NPi2020_1600_COV,30.82228128472837,33.66434531445606,16.55221551271417,9.482255146808322,1.00191196182536,0.0647115133012113,0.1308414925977097,0.3174688384877997,0.6076240692949334,0.610399900508584,C4,C4: limit warming to 2°C (>50%)
MESSAGEix-GLOBIOM_1.1,EN_NPi2020_1600f,30.82228128472837,34.96309573290058,17.51000724513981,6.948217854513614,0.3609592030993327,0.0389669190827177,0.0770580607588458,0.180817699667877,0.2573895618310028,0.1626608874015575,C5,C5: limit warming to 2.5°C (>50%)
MESSAGEix-GLOBIOM_1.1,EN_NPi2020_1600f_COV,30.82228128472837,33.66434531445606,16.41020608389753,9.647304795017046,1.031322059662522,0.0417589559180035,0.0721849019067721,0.1958534851793708,0.3977831415350381,0.2784108086736132,C4,C4: limit warming to 2°C (>50%)
MESSAGEix-GLOBIOM_1.1,EN_NPi2020_1800,30.82228128472837,34.96309573290058,20.95219612368813,10.7666286110672,0.6408284900863432,0.0624001189294501,0.1168874387072511,0.3063699350115028,0.6206324303653163,0.7403289711536033,C5,C5: limit warming to 2.5°C (>50%)
MESSAGEix-GLOBIOM_1.1,EN_NPi2020_1800_COV,30.82228128472837,33.66434531445606,20.42467856415198,12.45651581631772,2.236464004596571,0.0457262318882871,0.0905633066935096,0.2468398983313167,0.5218496458221994,0.6858958889854443,C5,C5: limit warming to 2.5°C (>50%)
MESSAGEix-GLOBIOM_1.1,EN_NPi2020_1800f,30.82228128472837,34.96309573290058,21.06865784383997,10.75314682202987,0.635864676837612,0.0432428085861119,0.0768276110417068,0.2060013633616219,0.4237388195055373,0.3201902161396416,C5,C5: limit warming to 2.5°C (>50%)
MESSAGEix-GLOBIOM_1.1,EN_NPi2020_1800f_COV,30.82228128472837,33.66434531445606,19.28018654036416,11.64659826530792,1.932730929842594,0.0440259358065379,0.0785894431861791,0.2210950993701767,0.4554861310942498,0.3445589111999346,C5,C5: limit warming to 2.5°C (>50%)
MESSAGEix-GLOBIOM_1.1,EN_NPi2020_2000,30.82228128472837,34.96309573290058,23.96487236047771,14.58430679566509,2.295629207328528,0.3395884212711728,0.0884022699014092,0.2342577541286341,0.5275276768383055,0.7279755503922969,C5,C5: limit warming to 2.5°C (>50%)
MESSAGEix-GLOBIOM_1.1,EN_NPi2020_2000_COV,30.82228128472837,33.66434531445606,21.23789539528296,14.19458145681615,3.02492294254002,0.4550890606896213,0.063383264829052,0.1893343559762748,0.4801887160271893,0.6928072284112101,C5,C5: limit warming to 2.5°C (>50%)
MESSAGEix-GLOBIOM_1.1,EN_NPi2020_2000f,30.82228128472837,34.96309573290058,23.57536314355518,13.73289837713087,2.340337110912575,0.369551917548183,0.0785572303277837,0.2159864298532561,0.4713763681626372,0.5263934880975821,C5,C5: limit warming to 2.5°C (>50%)
MESSAGEix-GLOBIOM_1.1,EN_NPi2020_2000f_COV,30.82228128472837,33.66434531445606,20.90933353529647,14.11778221200293,3.088371139144006,0.4561940554942199,0.0747928573569974,0.173871262957653,0.415825634404348,0.6579569783415631,C5,C5: limit warming to 2.5°C (>50%)
MESSAGEix-GLOBIOM_1.1,EN_NPi2020_200f,30.82228128472837,34.96309573290058,2.975106509507397,0.5878333991007447,0.1214528793283285,0.0510946455621348,0.0157115310453109,0.0043076012817549,0.0020732652682965,0.0007351076413957,C2,C2: return warming to 1.5°C (>50%) after a high overshoot
MESSAGEix-GLOBIOM_1.1,EN_NPi2020_2500,30.82228128472837,34.96309573290058,27.83699924441207,16.76173045119511,4.659291744383599,1.961996640687192,1.19346976842824,0.0725033939816394,0.1866855421967976,0.4356069424153747,C5,C5: limit warming to 2.5°C (>50%)
MESSAGEix-GLOBIOM_1.1,EN_NPi2020_2500_COV,30.82228128472837,33.66434531445606,25.44089623932991,17.40249757071826,6.140941730220966,3.250646305234199,1.634022960642147,0.2214156194891121,0.1234489242797777,0.3171556904990901,C5,C5: limit warming to 2.5°C (>50%)
MESSAGEix-GLOBIOM_1.1,EN_NPi2020_2500f,30.82228128472837,34.96309573290058,27.69283389871041,16.51249327995504,4.618556085466631,1.935489190399185,1.176488231305897,0.0664303067001972,0.1729138429431695,0.4097283059082863,C5,C5: limit warming to 2.5°C (>50%)
MESSAGEix-GLOBIOM_1.1,EN_NPi2020_2500f_COV,30.82228128472837,33.66434531445606,25.02225763510507,17.14263664895899,6.034405831427065,3.301421908184953,1.703634093167766,0.2589662865379496,0.1173675806297555,0.2888800216736604,C5,C5: limit warming to 2.5°C (>50%)
MESSAGEix-GLOBIOM_1.1,EN_NPi2020_3000,30.82228128472837,34.96309573290058,30.57364016094589,20.1865452386781,10.56612407142518,9.031083743625071,6.784753652445842,3.035156440275826,0.0439919742536562,0.1360381096523725,C6,C6: limit warming to 3°C (>50%)
MESSAGEix-GLOBIOM_1.1,EN_NPi2020_3000_COV,30.82228128472837,33.66434531445606,26.44309744464471,19.82687666142961,11.5829841838513,12.00580742532962,8.985761539867609,4.419201909624156,0.2913082252744682,0.1462530810096888,C6,C6: limit warming to 3°C (>50%)
MESSAGEix-GLOBIOM_1.1,EN_NPi2020_3000f,30.82228128472837,34.96309573290058,30.37130609888019,19.95774489926666,10.35647790895786,8.84189123516752,6.572692582862777,2.895254377460456,0.043429091964693,0.134558351427409,C6,C6: limit warming to 3°C (>50%)
MESSAGEix-GLOBIOM_1.1,EN_NPi2020_3000f_COV,30.82228128472837,33.66434531445606,26.38124801655682,19.76504310263246,11.26813028792732,11.38400350784356,8.726855874309429,4.382210046603443,0.3165202835355572,0.1458744162953951,C6,C6: limit warming to 3°C (>50%)
MESSAGEix-GLOBIOM_1.1,EN_NPi2020_300f,30.82228128472837,34.96309573290058,2.901660084827347,0.5439859657224335,0.1465100031857475,0.0980588568834654,0.0253105363398705,0.0046717084035011,0.0020732652682965,0.0007351076413957,C2,C2: return warming to 1.5°C (>50%) after a high overshoot
MESSAGEix-GLOBIOM_1.1,EN_NPi2020_400f,30.82228128472837,34.96309573290058,2.875713222628908,0.5088111689114374,0.1258097698673438,0.1028606201654131,0.0411852858771542,0.0119153962695944,0.0020732652682965,0.0007351076413957,C2,C2: return warming to 1.5°C (>50%) after a high overshoot
MESSAGEix-GLOBIOM_1.1,EN_NPi2020_450,30.82228128472837,34.96309573290058,1.838325203714714,0.4575269107788663,0.0997143349288416,0.2117870904405523,0.3648767960304649,0.4622283241288255,0.3977849999210183,0.2892847155794647,C1,C1: limit warming to 1.5°C (>50%) with no or limited overshoot
MESSAGEix-GLOBIOM_1.1,EN_NPi2020_450f,30.82228128472837,34.96309573290058,2.858298369171917,0.5990326708015274,0.1231402437500559,0.1115635491556112,0.0518614049352682,0.0162091929500194,0.0020732652682965,0.0007351076413957,C2,C2: return warming to 1.5°C (>50%) after a high overshoot
MESSAGEix-GLOBIOM_1.1,EN_NPi2020_500,30.82228128472837,34.96309573290058,2.248506309021208,0.4857423485750783,0.1130520429734879,0.202092223411496,0.3025258002178088,0.3030838199135782,0.2718153213297972,0.3027274341324633,C1,C1: limit warming to 1.5°C (>50%) with no or limited overshoot
MESSAGEix-GLOBIOM_1.1,EN_NPi2020_500f,30.82228128472837,34.96309573290058,3.446926961140929,0.6609454046390717,0.1195631970033219,0.1209219277341427,0.0798234664289915,0.0164744261833807,0.0020513723295514,0.0007351076413957,C2,C2: return warming to 1.5°C (>50%) after a high overshoot
MESSAGEix-GLOBIOM_1.1,EN_NPi2020_600,30.82228128472837,34.96309573290058,3.035108239036098,0.5100836363642305,0.1634776322575492,0.1834163581440691,0.30931857319258,0.3923414141192906,0.4844511549596697,0.4176418058339336,C2,C2: return warming to 1.5°C (>50%) after a high overshoot
MESSAGEix-GLOBIOM_1.1,EN_NPi2020_600_COV,30.82228128472837,33.66434531445606,2.886319899420329,0.4809690992065025,0.1522099402640667,0.1814056546296818,0.2593422063522508,0.3941555162736046,0.4866223365625293,0.4617124925089638,C1,C1: limit warming to 1.5°C (>50%) with no or limited overshoot
MESSAGEix-GLOBIOM_1.1,EN_NPi2020_600_DR10p,30.82228128472837,33.69150738406661,3.982532185111315,0.8025951939931509,0.1700105557348221,0.3136135609571039,0.5123587539799316,0.9387885750860648,1.240663051196352,1.477126108871771,C2,C2: return warming to 1.5°C (>50%) after a high overshoot
MESSAGEix-GLOBIOM_1.1,EN_NPi2020_600_DR1p,30.82228128472837,36.16708744545416,3.382209628782384,0.5842554314231825,0.172105394635088,0.117642184233715,0.0839078407810172,0.0962002887740516,0.1828787652344222,0.2209418845681884,C1,C1: limit warming to 1.5°C (>50%) with no or limited overshoot
MESSAGEix-GLOBIOM_1.1,EN_NPi2020_600_DR2p,30.82228128472837,35.50554612098522,3.754807558783629,0.6286122167535073,0.1609957069562565,0.1191620208488229,0.089259244602069,0.1022413072361287,0.180350046983313,0.2018282093977668,C1,C1: limit warming to 1.5°C (>50%) with no or limited overshoot
MESSAGEix-GLOBIOM_1.1,EN_NPi2020_600_DR3p,30.82228128472837,34.97538067493206,3.873656659443601,0.673203835022651,0.15484199668134,0.1216904784232399,0.0919122546887532,0.1174702532782694,0.2001661713092207,0.2254644221650107,C1,C1: limit warming to 1.5°C (>50%) with no or limited overshoot
MESSAGEix-GLOBIOM_1.1,EN_NPi2020_600_DR4p,30.82228128472837,34.94892286679727,4.072153409846111,0.7145268961526172,0.151685315938132,0.1162383323581366,0.1390214706965688,0.1790348874767771,0.200137342107113,0.1978937151115558,C1,C1: limit warming to 1.5°C (>50%) with no or limited overshoot
MESSAGEix-GLOBIOM_1.1,EN_NPi2020_600f,30.82228128472837,34.96309573290058,3.642534255430804,0.980307562536255,0.1011525550141997,0.1373915154067649,0.1023431100962787,0.0181555438638992,0.0015095970479917,0.0007351076413957,C2,C2: return warming to 1.5°C (>50%) after a high overshoot
MESSAGEix-GLOBIOM_1.1,EN_NPi2020_600f_COV,30.82228128472837,33.66434531445606,3.838089327588548,0.8431194283659807,0.0631914395957254,0.1099730222021769,0.0904865161362058,0.0385764492973487,0.0088409015937533,0.0008793634546291,C2,C2: return warming to 1.5°C (>50%) after a high overshoot
MESSAGEix-GLOBIOM_1.1,EN_NPi2020_600f_DR10p,30.82228128472837,33.69150738406661,13.68359401307786,2.200289372295358,0.0926487316181414,0.1663854357364702,0.1090724549862276,0.0015225935,0.0009116315292,0.0005458280859999,C2,C2: return warming to 1.5°C (>50%) after a high overshoot
MESSAGEix-GLOBIOM_1.1,EN_NPi2020_600f_DR1p,30.82228128472837,36.16708744545416,3.627162021349747,0.8056060732908817,0.1475629344701774,0.1203887557933364,0.0629859789503869,0.0301141124555079,0.0236641261550359,0.0120244479761386,C2,C2: return warming to 1.5°C (>50%) after a high overshoot
MESSAGEix-GLOBIOM_1.1,EN_NPi2020_600f_DR2p,30.82228128472837,35.50554612098522,4.329217686459087,1.011132285365721,0.2482658614604141,0.1101847230643366,0.0694849648071421,0.0248916478080662,0.0137553277942273,0.0069473950523136,C2,C2: return warming to 1.5°C (>50%) after a high overshoot
MESSAGEix-GLOBIOM_1.1,EN_NPi2020_600f_DR3p,30.82228128472837,34.97538067493206,4.271456602814538,1.009987707143785,0.1588846805151757,0.1070138869902605,0.0695483034366498,0.0209192009058963,0.010753024383365,0.005489692985359,C2,C2: return warming to 1.5°C (>50%) after a high overshoot
MESSAGEix-GLOBIOM_1.1,EN_NPi2020_600f_DR4p,30.82228128472837,34.94892286679727,3.938912053302857,0.9259451098606788,0.1116270049836125,0.1338463667725448,0.0986715837811497,0.0200630202046646,0.0076513021334144,0.0045025013468285,C2,C2: return warming to 1.5°C (>50%) after a high overshoot
MESSAGEix-GLOBIOM_1.1,EN_NPi2020_700,30.82228128472837,34.96309573290058,2.983680178826304,0.5255637412723491,0.160048513739619,0.2227779832672056,0.2540821614171533,0.365772421625052,0.6063589108563086,0.608222019667687,C2,C2: return warming to 1.5°C (>50%) after a high overshoot
MESSAGEix-GLOBIOM_1.1,EN_NPi2020_700_COV,30.82228128472837,33.66434531445606,2.60625120947138,0.3503975304191684,0.1413358702310056,0.2105135284590058,0.3219489629075051,0.4627881595172113,0.6398781618117986,0.589877524421834,C2,C2: return warming to 1.5°C (>50%) after a high overshoot
MESSAGEix-GLOBIOM_1.1,EN_NPi2020_700f,30.82228128472837,34.96309573290058,4.604496017119565,0.881929868888951,0.0705546525655581,0.1346171147230301,0.1088298746009964,0.0363356817259899,0.0072583377316331,0.0007351076413957,C2,C2: return warming to 1.5°C (>50%) after a high overshoot
MESSAGEix-GLOBIOM_1.1,EN_NPi2020_700f_COV,30.82228128472837,33.66434531445606,4.714231777885641,0.6331773069605597,0.0578200565664079,0.1249350172855033,0.120059961021695,0.0616117278509053,0.0131857316233383,0.0008793634546291,C2,C2: return warming to 1.5°C (>50%) after a high overshoot
MESSAGEix-GLOBIOM_1.1,EN_NPi2020_800,30.82228128472837,34.96309573290058,3.399252800957229,0.6216712161780354,0.1335853458777753,0.2374922032584864,0.2900696359922769,0.398045820971597,0.6161841533011094,0.605287498945096,C3,C3: limit warming to 2°C (>67%)
MESSAGEix-GLOBIOM_1.1,EN_NPi2020_800_COV,30.82228128472837,33.66434531445606,2.757817105409324,0.7864956950242825,0.1100512052455843,0.2299493084622108,0.3283806536340923,0.4682117850468502,0.6857334153778031,0.6372974165530922,C3,C3: limit warming to 2°C (>67%)
MESSAGEix-GLOBIOM_1.1,EN_NPi2020_800f,30.82228128472837,34.96309573290058,5.286901314776552,0.7957341837412522,0.066321808612803,0.1457139237634964,0.1242276257638042,0.0505741827346892,0.0096174652873574,0.0007351076413957,C3,C3: limit warming to 2°C (>67%)
MESSAGEix-GLOBIOM_1.1,EN_NPi2020_800f_COV,30.82228128472837,33.66434531445606,5.737971787460425,1.58998810052371,0.0390444232771351,0.0905489630118004,0.1862642741596606,0.1538189379255236,0.034894109894892,0.005705388846703,C3,C3: limit warming to 2°C (>67%)
MESSAGEix-GLOBIOM_1.1,EN_NPi2020_900,30.82228128472837,34.96309573290058,4.798120579644495,0.9070486993630672,0.1141383931011069,0.2384404358454468,0.2911794954808845,0.4089865361203602,0.6372847559568129,0.6009179514649354,C3,C3: limit warming to 2°C (>67%)
MESSAGEix-GLOBIOM_1.1,EN_NPi2020_900_COV,30.82228128472837,33.66434531445606,4.793709217891812,0.7010356380795884,0.07984299009654,0.1674935477777346,0.3042248581550982,0.529003274760894,0.7453909636278498,0.6580504282129104,C3,C3: limit warming to 2°C (>67%)
MESSAGEix-GLOBIOM_1.1,EN_NPi2020_900f,30.82228128472837,34.96309573290058,5.540452643213596,1.019410003233079,0.045978444555987,0.1072330528036331,0.1777484808133851,0.1383610377593388,0.0178005901411693,0.0007351076413957,C3,C3: limit warming to 2°C (>67%)
MESSAGEix-GLOBIOM_1.1,EN_NPi2020_900f_COV,30.82228128472837,33.66434531445606,6.209878763656263,1.303361923341311,0.0515865811596851,0.0945346584483729,0.2186952878106365,0.1843180397117485,0.0431557936462122,0.007193491939816,C3,C3: limit warming to 2°C (>67%)
MESSAGEix-GLOBIOM_1.1,EN_NPi2100,30.82228128472837,34.96309573290058,35.10770444544253,31.19593900352071,35.02908253241684,46.71438846791626,53.58587071506608,60.36314535682759,67.27293839361144,62.73780215893928,C7,C7: limit warming to 4°C (>50%)
MESSAGEix-GLOBIOM_1.1,EN_NPi2100_COV,30.82228128472837,33.66434531852709,31.16761428982207,24.99321050142198,26.20150243118971,39.20086793575695,53.80844810176273,63.85455867158801,65.7092744857137,61.98271765032567,C7,C7: limit warming to 4°C (>50%)
MESSAGEix-GLOBIOM_1.1,EN_NoPolicy,30.82228128472837,36.0001006337835,35.79207633749296,35.80705838380696,45.76481808687477,65.19518069342485,81.23671164864629,93.20570083703096,107.8069308595026,108.9490234500847,C7,C7: limit warming to 4°C (>50%)
MESSAGEix-GLOBIOM_1.1,NGFS2_Below 2°C,30.82228128,33.66434532,6.338491454,0.687052009,0.098202151,0.157871449,0.34977121,0.574206684,0.761657486,0.669415492,C3,C3: limit warming to 2°C (>67%)
MESSAGEix-GLOBIOM_1.1,NGFS2_Current Policies,30.82228128,33.66434532,31.16745164,25.76461243,25.4491593,35.55412691,44.33985786,63.01832693,72.12424578,69.06352347,C7,C7: limit warming to 4°C (>50%)
MESSAGEix-GLOBIOM_1.1,NGFS2_Delayed Transition,30.82228128,33.66434532,31.16745164,3.822688283,0.322313299,0.147315636,0.118821516,0.274223879,0.468926053,0.394986396,C3,C3: limit warming to 2°C (>67%)
MESSAGEix-GLOBIOM_1.1,NGFS2_Divergent Net Zero Policies,30.82228128,33.66434532,3.108398115,0.239027811,0.065257871,0.013556368,0.012257244,0.013879329,0.012121293,0.001017846,C1,C1: limit warming to 1.5°C (>50%) with no or limited overshoot
MESSAGEix-GLOBIOM_1.1,NGFS2_Nationally Determined Contributions (NDCs),30.82228128,33.66434532,20.22294231,14.0711865,5.952848653,3.452694823,1.571254373,0.017353513,0.000911632,0.000911632,C5,C5: limit warming to 2.5°C (>50%)
MESSAGEix-GLOBIOM_1.1,NGFS2_Net-Zero 2050,30.82228128,33.66434532,3.674502137,0.620737672,0.149770323,0.178008781,0.149835428,0.156040919,0.224326767,0.304827868,C1,C1: limit warming to 1.5°C (>50%) with no or limited overshoot
MESSAGEix-GLOBIOM_1.2,COV_GreenPush,30.8222812847284,34.4284813735246,33.9670722140357,31.8785926126199,35.0221778576668,53.2318854745535,69.5938147323269,88.574883520133,97.7845632163393,98.3724883033475,C7,C7: limit warming to 4°C (>50%)
MESSAGEix-GLOBIOM_1.2,COV_GreenPush_1000,30.8222812847284,34.4284813735246,7.37752659956734,1.39893191605447,0.0416257954846529,0.0961340350171432,0.212702273636656,0.317769624657395,0.44804715676943,0.415717471017651,C3,C3: limit warming to 2°C (>67%)
MESSAGEix-GLOBIOM_1.2,COV_GreenPush_550,30.8222812847284,34.4284813735246,2.18818376736977,0.38837825775667,0.118774768761389,0.127309265885156,0.141516709535297,0.219455853546013,0.256915692024106,0.218273649735163,C1,C1: limit warming to 1.5°C (>50%) with no or limited overshoot
MESSAGEix-GLOBIOM_1.2,COV_GreenPush_max_GDP,30.8222812847284,34.8140180305071,37.0325798959281,38.7783731161639,48.4820173782155,67.5052478687946,88.2761108084922,105.674155771644,116.632192323035,116.776129590181,C7,C7: limit warming to 4°C (>50%)
MESSAGEix-GLOBIOM_1.2,COV_GreenPush_min_GDP,30.8222812847284,34.0398341978574,30.2208203176851,24.537362891564,23.1182428471017,30.6544044630132,50.2621696165009,71.7487731701489,76.7060318980257,71.9826429084443,C7,C7: limit warming to 4°C (>50%)
MESSAGEix-GLOBIOM_1.2,COV_NoPolicyNoCOVID,30.8222812847284,36.379278876446,36.9067785895899,36.892973935507,46.4156764960606,64.3382325799173,79.2227001108934,94.2398524502256,105.040295828605,105.857851942315,C7,C7: limit warming to 4°C (>50%)
MESSAGEix-GLOBIOM_1.2,COV_NoPolicyNoCOVID_1000,30.8222812847284,36.379278876446,6.68689614665847,0.935604529433525,0.0860714264332181,0.190507719649399,0.403176922002157,0.582219989570922,0.841644939949265,0.912821377223427,C3,C3: limit warming to 2°C (>67%)
MESSAGEix-GLOBIOM_1.2,COV_NoPolicyNoCOVID_550,30.8222812847284,36.379278876446,2.67924599466146,0.447354550391359,0.120555565185595,0.221912554838704,0.256379449659307,0.314668999561274,0.389845575327607,0.382944062261505,C1,C1: limit warming to 1.5°C (>50%) with no or limited overshoot
MESSAGEix-GLOBIOM_1.2,COV_Restore,30.8222812847284,34.4696460363684,34.4753333615806,32.8325152936033,38.2968900086534,57.8494366009356,75.3690967566449,92.2889995471114,101.144758988034,102.52952901483,C7,C7: limit warming to 4°C (>50%)
MESSAGEix-GLOBIOM_1.2,COV_Restore_1000,30.8222812847284,34.4696460363684,6.71385077494396,0.827071410107798,0.0502868920386045,0.114543350749451,0.244785069482809,0.391690374909395,0.611232687641465,0.636834565356094,C3,C3: limit warming to 2°C (>67%)
MESSAGEix-GLOBIOM_1.2,COV_Restore_550,30.8222812847284,34.4696460363684,2.03300600296772,0.540932361132766,0.128741596113012,0.147793125373278,0.158620417714645,0.254192839222323,0.319942673327005,0.333959461675012,C1,C1: limit warming to 1.5°C (>50%) with no or limited overshoot
MESSAGEix-GLOBIOM_1.2,COV_SelfReliance,30.8222812847284,34.2637129420539,37.0298373951264,38.6632243368461,47.3860640134349,67.0103154055791,81.0032072301678,96.9112417458671,107.755695694003,110.183330724068,C7,C7: limit warming to 4°C (>50%)
MESSAGEix-GLOBIOM_1.2,COV_SelfReliance_1000,30.8222812847284,34.2637129420539,6.80269933979468,0.881796866302066,0.0636283661271353,0.140749926250732,0.291935347419959,0.434108362469521,0.659012527531757,0.757233511560066,C3,C3: limit warming to 2°C (>67%)
MESSAGEix-GLOBIOM_1.2,COV_SelfReliance_550,30.8222812847284,34.2637129420539,1.94084598177032,0.402630615827831,0.137890938935073,0.183508513157848,0.191054290542274,0.291929636645072,0.341986446065236,0.363916330245395,C1,C1: limit warming to 1.5°C (>50%) with no or limited overshoot
MESSAGEix-GLOBIOM_1.2,COV_SelfReliance_max_GDP,30.8222812847284,35.5970844093739,39.5560136368383,44.8893491524308,58.2514914551932,79.8703272100359,99.5155878660201,117.086447072927,124.532238999379,129.028286709662,C7,C7: limit warming to 4°C (>50%)
MESSAGEix-GLOBIOM_1.2,COV_SelfReliance_min_GDP,30.8222812847284,34.3325943866822,32.633139559349,28.029383119053,29.1219344814338,42.4712811424211,64.7936399208248,86.0238760474252,95.2811701369716,88.2905115929535,C7,C7: limit warming to 4°C (>50%)
MESSAGEix-GLOBIOM_1.2,COV_SmartUse,30.8222812847284,34.6447362104579,36.1651123547919,36.1520493665983,42.0649824991345,60.656741199119,76.5677649321102,92.8239460950178,102.228840132541,104.055632525744,C7,C7: limit warming to 4°C (>50%)
MESSAGEix-GLOBIOM_1.2,COV_SmartUse_1000,30.8222812847284,34.6447362104579,7.00468566749023,0.89860790271587,0.049569577821057,0.113780729305404,0.246095530681001,0.368743188799223,0.557146552735556,0.602680570693693,C3,C3: limit warming to 2°C (>67%)
MESSAGEix-GLOBIOM_1.2,COV_SmartUse_550,30.8222812847284,34.6447362104579,2.19359009924703,0.495686648816943,0.137381266075825,0.140809097972091,0.134092932478271,0.213201707786779,0.310635428177949,0.302661965912825,C1,C1: limit warming to 1.5°C (>50%) with no or limited overshoot
MESSAGEix-GLOBIOM_GEI 1.0,SSP2_int_lc_15,31.0607368372811,30.3872236028277,16.7980238125487,7.54722789557744,1.70868423644421,1.82911705959116,3.18950954678998,3.19031732516318,3.00899838822894,2.28364052333229,C5,C5: limit warming to 2.5°C (>50%)
MESSAGEix-GLOBIOM_GEI 1.0,SSP2_int_lc_50,31.0607368372811,30.3872236028277,6.20273608488389,5.92469132637505,7.51340162102016,5.94752105261477,3.09521334919501,1.50618400909143,0.975802674670376,0.515359684894142,C3,C3: limit warming to 2°C (>67%)
MESSAGEix-GLOBIOM_GEI 1.0,SSP2_int_mc_15,31.0607368372811,30.3872236028277,20.0394497823137,9.48466860332638,2.49288459895535,1.87663774460182,2.24057435821098,2.25846477154298,2.53472269994987,2.55397718120507,C5,C5: limit warming to 2.5°C (>50%)
MESSAGEix-GLOBIOM_GEI 1.0,SSP2_int_mc_50,31.0607368372811,30.3872236028277,7.89462057115564,4.22561342993203,3.89634988371128,2.47767733620312,1.7347670334215,1.59132331561775,0.880931424453027,0.422464673165642,C2,C2: return warming to 1.5°C (>50%) after a high overshoot
MESSAGEix-GLOBIOM_GEI 1.0,SSP2_noint_lc_15,31.0607368372811,30.3872236028277,16.94530040898045,8.078579149199612,2.482825766621054,2.246360928783039,3.353784087210015,2.946316048121064,2.810612138323909,2.109611984271669,C5,C5: limit warming to 2.5°C (>50%)
MESSAGEix-GLOBIOM_GEI 1.0,SSP2_noint_lc_50,31.0607368372811,30.3872236028277,6.19075713262107,6.62314139395405,8.73193461048271,6.86848457731358,3.78018137189793,1.48057242516141,0.968430425704712,0.512463265299951,C3,C3: limit warming to 2°C (>67%)
MESSAGEix-GLOBIOM_GEI 1.0,SSP2_noint_mc_15,31.0607368372811,30.3872236028277,19.9888346929846,9.15459530654288,2.54124311134379,1.79025865150906,2.08385610487637,2.26544265230311,2.54625228621085,2.55682052960661,C5,C5: limit warming to 2.5°C (>50%)
MESSAGEix-GLOBIOM_GEI 1.0,SSP2_noint_mc_50,31.0607368372811,30.3872236028277,7.82144272440667,4.62311799112251,4.10969681932666,2.59932581215512,1.77273227595099,1.6028667743879,0.901054340335548,0.437182123431051,C2,C2: return warming to 1.5°C (>50%) after a high overshoot
MESSAGEix-GLOBIOM_GEI 1.0,SSP2_openres_lc_100,31.0607368372811,30.3872236028277,5.44359477364582,2.70945032944546,2.45277225579065,1.26707000040418,1.11474414100856,0.442173750075996,0.180844069382927,0.0901339355664737,C2,C2: return warming to 1.5°C (>50%) after a high overshoot
MESSAGEix-GLOBIOM_GEI 1.0,SSP2_openres_lc_120,31.0607368372811,30.3872236028277,6.00837258722021,3.0841419475111,2.88752861469072,1.0923477992329,0.701887154609569,0.192472291849021,0.0894006153117125,0.028215777519413,C2,C2: return warming to 1.5°C (>50%) after a high overshoot
MESSAGEix-GLOBIOM_GEI 1.0,SSP2_openres_lc_15,31.0607368372811,30.3872236028277,16.9762751389204,5.47606553178596,0.67198057196852,1.34564214526191,2.64654992769255,2.84773849086488,2.88926704850512,2.22389574350894,C5,C5: limit warming to 2.5°C (>50%)
MESSAGEix-GLOBIOM_GEI 1.0,SSP2_openres_lc_50,31.0607368372811,30.3872236028277,6.90853002428633,0.774914135489544,0.223802380912193,0.340564154594616,0.486942204890555,0.482024043598836,0.241005228599664,0.0853018190275503,C3,C3: limit warming to 2°C (>67%)
MESSAGEix-GLOBIOM_GEI 1.0,SSP2_openres_lc_80,31.0607368372811,30.3872236028277,5.62010992930168,3.16592439094102,3.03344573522406,1.89082462632047,1.36378649974494,0.762095016211718,0.295191571823791,0.151430424944393,C2,C2: return warming to 1.5°C (>50%) after a high overshoot
MESSAGEix-GLOBIOM_GEI 1.0,SSP2_openres_lc_CB400,31.0607368372811,30.3872236028277,8.97616299448194,6.78486223760687,1.06894021173569,0.367896269925143,0.0561662639735074,0.0096782807285817,0.0017215009565306,0.000545828086,C2,C2: return warming to 1.5°C (>50%) after a high overshoot
MESSAGEix-GLOBIOM_GEI 1.0,SSP2_openres_lc_CB450,31.0607368372811,30.3872236028277,8.31169218436219,7.02806893910167,1.44075048787505,0.494997674012571,0.0903171184744794,0.0199271722534213,0.001417741520294,0.0012914169491637,C2,C2: return warming to 1.5°C (>50%) after a high overshoot
MESSAGEix-GLOBIOM_GEI 1.0,SSP2_openres_lc_CB500,31.0607368372811,30.3872236028277,8.07849709338872,6.79866335666244,1.6251020957801,0.572274251457406,0.0999036792515384,0.0268109783685307,0.0009116315292,0.0010520616572508,C2,C2: return warming to 1.5°C (>50%) after a high overshoot
MESSAGEix-GLOBIOM_GEI 1.0,SSP2_openres_lc_CB550,31.0607368372811,30.3872236028277,7.46371747283326,6.15744723094165,2.05621623729793,0.612059876996332,0.110819069834398,0.0333464276072475,0.0009817616288532,0.000545828086,C2,C2: return warming to 1.5°C (>50%) after a high overshoot
MESSAGEix-GLOBIOM_GEI 1.0,SSP2_openres_lc_CB600,31.0607368372811,30.3872236028277,7.37125748770345,5.62770150778021,2.08329262499456,0.721577437494324,0.156257463626144,0.0605520724300258,0.010943087195757,0.0007292691416,C2,C2: return warming to 1.5°C (>50%) after a high overshoot
MESSAGEix-GLOBIOM_GEI 1.0,SSP2_openres_mc_15,31.0607368372811,30.3872236028277,19.9171721112205,8.49295835571319,0.582971982318862,1.06311940060622,1.79601726722317,2.2532450896047,2.5488146982857,2.55463314513667,C5,C5: limit warming to 2.5°C (>50%)
MESSAGEix-GLOBIOM_GEI 1.0,SSP2_openres_mc_50,31.0607368372811,30.3872236028277,6.17737420858161,1.62445098366505,1.44382622914027,1.57026347580759,1.71940131574651,1.30014846411334,0.627207741266375,0.29419242121265,C2,C2: return warming to 1.5°C (>50%) after a high overshoot
MUSE 1.0,PR_Baseline,30.78014575621749,25.7169,32.6798,31.4343,29.6825,23.0365,26.969,31.9922,30.9566,34.84269999999999,failed-vetting,failed-vetting
MUSE 1.0,PR_CP_Intensity,30.78014575621749,22.3185,23.7407,28.4104,28.7464,25.6509,27.6071,30.6253,32.1394,38.3525,no-climate-assessment,no-climate-assessment
MUSE 1.0,PR_CP_Price,30.78014575621749,22.3217,24.0206,28.3021,29.531,23.3627,27.2811,30.6312,35.2902,41.0296,no-climate-assessment,no-climate-assessment
MUSE 1.0,PR_CP_PriceOnly,30.78014575621749,25.7237,28.1439,29.4236,28.8014,22.8301,27.3698,30.5868,30.0164,31.1657,failed-vetting,failed-vetting
MUSE 1.0,PR_NDC_Intensity,30.78014575621749,22.3494,22.4245,26.1497,27.5056,25.437,27.7159,30.4717,31.1159,36.4545,no-climate-assessment,no-climate-assessment
MUSE 1.0,PR_NDC_Price,30.78014575621749,22.35,22.4566,25.4735,28.0059,21.2776,25.9237,30.1651,33.4901,37.8946,no-climate-assessment,no-climate-assessment
MUSE 1.0,PR_NDC_PriceOnly,30.78014575621749,25.7453,23.2058,26.1704,25.7713,19.8115,22.6316,28.4433,28.7575,31.1245,failed-vetting,failed-vetting
McKinsey 1.0,1.5C A,30.78014575621749,35.040139725477175,7.493857458991555,20.516851033782142,0.0,19.3354475166722,19.940468432204902,20.264259472069746,20.19728779899998,20.345196223089918,failed-vetting,failed-vetting
McKinsey 1.0,1.5C B,30.78014575621749,35.040139725477175,7.493857458991555,20.516851033782142,0.0,19.3354475166722,19.940468432204902,20.264259472069746,20.19728779899998,20.345196223089918,failed-vetting,failed-vetting
McKinsey 1.0,1.5C C,30.78014575621749,35.040139725477175,11.42709756177718,20.516851033782142,0.0,19.3354475166722,19.940468432204902,20.264259472069746,20.19728779899998,20.345196223089918,failed-vetting,failed-vetting
POLES ADVANCE,ADVANCE_2020_1.5C-2100,31.17869515512,42.004749094128,16.106726489004,7.530432133842,4.192580578689,2.5574189775705,1.670341957443,1.9753922316105,2.7287369092485,2.426594158341,C1,C1: limit warming to 1.5°C (>50%) with no or limited overshoot
POLES ADVANCE,ADVANCE_2020_Med2C,31.17869515512,42.004687883112,37.91741590656,30.979208453976,27.150819467976,20.388818726892,12.918824369892,13.328497097712,17.00337605688,18.885238531164,C3,C3: limit warming to 2°C (>67%)
POLES ADVANCE,ADVANCE_2020_WB2C,31.17869515512,42.004687883112,30.884489807688,19.330716102696,13.664568979764,8.782947245988,6.730841183372999,7.546179567869999,8.914611241242,11.505928294368,C2,C2: return warming to 1.5°C (>50%) after a high overshoot
POLES ADVANCE,ADVANCE_2030_1.5C-2100,31.17869515512,42.004687883112,41.030197706448,4.950706016709,2.7859404040245,1.9728420726645,0.98205322526775,1.0931218515225,1.60283037004425,1.47448212151725,C2,C2: return warming to 1.5°C (>50%) after a high overshoot
POLES ADVANCE,ADVANCE_2030_Med2C,31.17869515512,42.004687883112,41.00628580308,28.828276755948,22.7196838071,16.334228031912,12.30621822063,13.592784660912,17.736257351772,19.694070094644,C3,C3: limit warming to 2°C (>67%)
POLES ADVANCE,ADVANCE_2030_Price1.5C,31.17869515512,42.004687883112,41.00628580308,6.014084940468,4.612464744237,2.445908034213,1.65146454762075,1.8758190116565,2.450403443241,2.243465201061,C2,C2: return warming to 1.5°C (>50%) after a high overshoot
POLES ADVANCE,ADVANCE_2030_WB2C,31.17869515512,42.004687883112,41.00628580308,18.063206992116,12.284081436726,7.488412571682,5.289363614106,6.114056032026,7.374447111591,10.24327195713,C2,C2: return warming to 1.5°C (>50%) after a high overshoot
POLES ADVANCE,ADVANCE_INDC,31.17869515512,42.004687883112,41.00628580308,40.701962634768,42.538437140688,38.443873851936,34.09513001892,32.362667431776,39.2226688098,42.337308544056,C5,C5: limit warming to 2.5°C (>50%)
POLES ADVANCE,ADVANCE_NoPolicy,31.17869515512,43.764331762008,61.393813697664,76.393839616416,87.632988699168,90.960995632608,93.191669081568,99.173447207856,107.676852745392,115.50443105592,C7,C7: limit warming to 4°C (>50%)
POLES ADVANCE,ADVANCE_Reference,31.17869515512,42.073042584744,57.657982969152,71.698212955728,82.587285436032,85.70395593576,88.062250752432,94.131647047152,102.772165260528,110.48890842432,C7,C7: limit warming to 4°C (>50%)
POLES CD-LINKS,CD-LINKS_INDC2030i_1600,30.9357929229736,34.9404945373535,36.59511947631839,19.6917285919189,12.530158996582,15.0021457672119,17.0193614959717,19.6703948974609,23.1491622924805,32.0425720214844,failed-vetting,failed-vetting
POLES CD-LINKS,CD-LINKS_INDC2030i_400,30.9357929229736,34.9201965332031,36.56802368164061,2.755150079727169,2.39208555221558,2.939620733261109,1.48837006092072,1.392181515693659,1.49258768558502,2.06865572929382,failed-vetting,failed-vetting
POLES CD-LINKS,CD-LINKS_INDCi,30.9357929229736,34.3394393920898,35.671215057373,33.3239250183105,36.2426452636719,44.90069198608401,51.7773513793945,62.0869750976562,80.1821060180664,102.510620117188,failed-vetting,failed-vetting
POLES CD-LINKS,CD-LINKS_NDC2030i_1000,30.9357929229736,34.9404945373535,36.59511947631839,8.24934673309326,6.620112419128422,10.3200407028198,9.89807224273682,9.98554992675781,12.9724016189575,18.9271602630615,failed-vetting,failed-vetting
POLES CD-LINKS,CD-LINKS_NPi,30.9357929229736,35.7306709289551,46.967945098877,55.0678176879883,60.3911437988281,70.3592910766602,85.145637512207,103.598747253418,116.187889099121,119.300598144531,failed-vetting,failed-vetting
POLES CD-LINKS,CD-LINKS_NPi2020_1000,30.9357929229736,35.7593193054199,29.5105514526367,9.86345672607422,6.86746597290039,10.8232612609863,10.7234115600586,11.2361850738525,14.9082899093628,21.0187740325928,failed-vetting,failed-vetting
POLES CD-LINKS,CD-LINKS_NPi2020_1600,30.9357929229736,35.7593193054199,34.9904899597168,23.4291515350342,12.3496208190918,14.9916734695435,16.9685688018799,19.5402221679688,23.3506412506104,32.1052360534668,failed-vetting,failed-vetting
POLES CD-LINKS,CD-LINKS_NPi2020_400,30.9357929229736,35.7593193054199,14.7277774810791,3.76894879341125,4.18177843093872,4.61171007156372,3.21852707862854,3.36931347846985,4.628057956695558,5.75335931777954,failed-vetting,failed-vetting
POLES CD-LINKS,CD-LINKS_NoPolicy,30.9357929229736,37.2505760192871,50.3202705383301,57.5988349914551,63.9676513671875,76.04417419433591,92.8450775146484,112.097885131836,118.571708679199,121.544357299805,C7,C7: limit warming to 4°C (>50%)
POLES EMF30,EMF30_BCOC-EndU,31.3025034366,39.597885136584,53.070786222336,63.57617365175999,72.341058247056,76.17533789318401,78.195546265248,79.173755911296,78.894784905552,78.13114507511999,C7,C7: limit warming to 4°C (>50%)
POLES EMF30,EMF30_Baseline,31.3025034366,39.072320151912,52.05310987356,62.474613006528,71.17609739184,74.980088386992,77.209984095984,78.360355125504,78.30058436870401,77.323606144272,C7,C7: limit warming to 4°C (>50%)
POLES EMF30,EMF30_CH4-Only,31.3025034366,39.067019998056,51.98937840396,62.414417373264,71.11449030456,74.932516625616,77.18395861224,78.383953772496,78.315944733072,77.381101291536,failed-vetting,failed-vetting
POLES EMF30,EMF30_ClimPolicy,31.3025034366,32.156807583672,16.958236533228,10.2681029259,10.539661997736,9.964625909868,9.164957995548,8.553185396298,7.916995902798001,6.805537076214,failed-vetting,failed-vetting
POLES EMF30,EMF30_ClimPolicy+SLCF,31.3025034366,32.582072917656,17.175033349632,10.780348213458,11.297701020204,10.176095567556,9.591214407894,8.681818546098,8.06821501734,6.928162094745,failed-vetting,failed-vetting
POLES EMF30,EMF30_D_BCOC-Red,31.3025034366,39.072320151912,52.05310987356,62.474613006528,71.17609739184,74.980088386992,77.209984095984,78.360355125504,78.30058436870401,77.323606144272,C7,C7: limit warming to 4°C (>50%)
POLES EMF30,EMF30_D_CH4-ClimPolicy,31.3025034366,39.067019998056,51.989374803312,62.41374045144,71.11355413608001,74.93168127528001,77.184253865376,78.38473871376,78.33814632864001,77.350186127808,failed-vetting,failed-vetting
POLES EMF30,EMF30_D_CO2-Only,31.3025034366,32.161488426072,16.95717974304,10.263704734368,10.497907983366,9.963254963142,9.161507674602,8.548413637536001,7.897986281682,6.782757576641999,C4,C4: limit warming to 2°C (>50%)
POLES EMF30,EMF30_D_Frozen-CH4,31.3025034366,39.072352557744,52.05282182172,62.473734448416,71.17513961947199,74.98031162716799,77.210012901168,78.360945631776,78.30136930996801,77.31268177824,C7,C7: limit warming to 4°C (>50%)
POLES EMF30,EMF30_D_Frozen-EF,31.3025034366,39.072352557744,52.05282182172,62.473734448416,71.17513961947199,74.98031162716799,77.210012901168,78.360945631776,78.30136930996801,77.31268177824,C7,C7: limit warming to 4°C (>50%)
POLES EMF30,EMF30_D_Frozen-EF-EndU,31.3025034366,39.072320151912,52.05310987356,62.474613006528,71.17609739184,74.980088386992,77.209984095984,78.360355125504,78.30058436870401,77.323606144272,C7,C7: limit warming to 4°C (>50%)
POLES EMF30,EMF30_D_Frozen-EF-SLCF,31.3025034366,39.072352557744,52.05282182172,62.473734448416,71.17513961947199,74.98031162716799,77.210012901168,78.360945631776,78.30136930996801,77.31268177824,C7,C7: limit warming to 4°C (>50%)
POLES EMF30,EMF30_SLCF,31.3025034366,39.589564039056,53.01669728808,63.524029067424,72.269167709088,76.125562535232,78.18360651648001,79.189209892512,78.90917309496,78.150963041712,failed-vetting,failed-vetting
POLES EMF30,EMF30_Slower-Action,31.3025034366,35.654653482624,34.70002087968,34.749810640224,31.098181065192,29.800945004724,30.077021089476,31.05348262092,29.38685068116,24.798890596968,failed-vetting,failed-vetting
POLES EMF30,EMF30_Slower-Action+SLCF,31.3025034366,36.1512260496,35.31998045232,35.264055187584,31.390330442616,29.930607939852,30.202013984148,31.318385894928,29.631962993436,24.779313873792,failed-vetting,failed-vetting
POLES EMF30,EMF30_Slower-to-faster,31.3025034366,35.654653482624,34.70002087968,14.0714224002,8.755902778860001,8.516061815256,7.532018219286,6.720731914032,6.182364825396,5.058617887350001,C2,C2: return warming to 1.5°C (>50%) after a high overshoot
POLES EMF30,EMF30_Slower-to-faster+SLCF,31.3025034366,36.1512260496,35.31998045232,14.46911847261,8.79306146622,8.561763940158,7.430118980724,6.785141205618,6.279867222668999,5.151758549652,failed-vetting,failed-vetting
POLES EMF30,EMF30_Slower-to-faster+SLCF+HFC,31.3025034366,36.1512260496,35.31998045232,14.46911847261,8.79306146622,8.561763940158,7.430118980724,6.785141205618,6.279867222668999,5.151758549652,failed-vetting,failed-vetting
POLES EMF33,EMF33_1.5C_cost100,31.2011642456055,35.65635299682621,3.5254819393158,1.53629851341248,1.28807997703552,1.08880400657654,1.267916321754459,1.21452641487122,1.06761205196381,0.904184520244598,failed-vetting,failed-vetting
POLES EMF33,EMF33_1.5C_full,31.2011642456055,35.65628814697271,4.17856168746948,2.12815308570862,1.89265143871307,1.583571076393129,1.58947789669037,1.56644427776337,1.37440848350525,1.16395282745361,failed-vetting,failed-vetting
POLES EMF33,EMF33_1.5C_limbio,31.2011642456055,35.3752479553223,0.372065573930739,0.17229688167572,0.125714749097824,0.109615951776505,0.068174429237842,0.094078674912452,0.053656265139579,0.092684052884578,failed-vetting,failed-vetting
POLES EMF33,EMF33_1.5C_nofuel,31.2011642456055,35.6565284729004,3.061953783035279,1.18605482578278,0.7705104947090151,0.72404682636261,0.7959376573562621,0.7014524340629581,0.6066875457763671,0.52229642868042,failed-vetting,failed-vetting
POLES EMF33,EMF33_Baseline,31.2011642456055,35.6564712524414,43.337230682373,50.2951812744141,58.2150344848633,66.254753112793,74.9491271972656,80.2169876098633,82.8038558959961,83.57537841796879,C7,C7: limit warming to 4°C (>50%)
POLES EMF33,EMF33_Med2C_cost100,31.2011642456055,35.65635299682621,19.5219669342041,15.0588855743408,9.2490758895874,10.4411334991455,11.7765207290649,12.9597768783569,13.3919467926025,12.8486070632935,C3,C3: limit warming to 2°C (>67%)
POLES EMF33,EMF33_Med2C_full,31.2011642456055,35.6564712524414,20.5445461273193,15.3591365814209,10.8505754470825,10.7830848693848,12.0235681533813,13.2220001220703,13.8263568878174,13.48655128479,C3,C3: limit warming to 2°C (>67%)
POLES EMF33,EMF33_Med2C_limbio,31.2011642456055,35.6564712524414,15.0085945129395,10.6299409866333,5.389493942260739,8.70068454742432,9.13842391967773,9.22122192382812,8.33947277069092,7.55920648574829,C3,C3: limit warming to 2°C (>67%)
POLES EMF33,EMF33_Med2C_nobeccs,31.2011642456055,35.65628814697271,14.81292247772219,8.18045139312744,4.25244665145874,7.12459325790405,8.76138401031494,8.99486255645752,8.16829109191895,7.38850545883179,C3,C3: limit warming to 2°C (>67%)
POLES EMF33,EMF33_Med2C_nofuel,31.2011642456055,35.65671157836911,20.5566463470459,15.353569984436,9.81633472442627,10.3454399108887,11.4127721786499,12.0117235183716,11.913914680481,10.9471054077148,C3,C3: limit warming to 2°C (>67%)
POLES EMF33,EMF33_Med2C_none,31.2011642456055,35.6565284729004,14.3408222198486,7.93735218048096,4.32406902313232,6.82596874237061,8.29745197296143,8.46844863891602,7.56371736526489,6.78405046463013,C3,C3: limit warming to 2°C (>67%)
POLES EMF33,EMF33_WB2C_cost100,31.2011642456055,35.65635299682621,12.3741178512573,7.27451229095459,4.17372417449951,5.62395191192627,6.281790256500241,6.611419677734379,6.361989021301269,5.839115142822268,C1,C1: limit warming to 1.5°C (>50%) with no or limited overshoot
POLES EMF33,EMF33_WB2C_full,31.2011642456055,35.65628814697271,13.2696485519409,7.95575714111328,4.22750520706177,6.04774522781372,6.84709692001343,7.217097282409671,6.831970691680911,6.39151811599731,C1,C1: limit warming to 1.5°C (>50%) with no or limited overshoot
POLES EMF33,EMF33_WB2C_limbio,31.2011642456055,35.65628814697271,9.58783149719238,4.35793161392212,2.89532136917114,3.13398623466492,3.396258592605589,2.94186544418335,2.29438757896423,1.95852935314178,failed-vetting,failed-vetting
POLES EMF33,EMF33_WB2C_nobeccs,31.2011642456055,35.65628814697271,6.41681146621704,1.825827479362489,1.487883090972899,1.71193075180054,1.970373630523679,1.92429113388062,1.74077999591827,1.55939400196075,failed-vetting,failed-vetting
POLES EMF33,EMF33_WB2C_nofuel,31.2011642456055,35.6565284729004,12.4811401367188,7.405871391296389,4.12298536300659,5.26034307479858,5.625779628753659,5.64864540100098,5.228829383850099,4.39641618728638,C1,C1: limit warming to 1.5°C (>50%) with no or limited overshoot
POLES EMF33,EMF33_WB2C_none,31.2011642456055,35.6565284729004,6.40844583511353,1.77145218849182,1.35657560825348,1.4319783449173,1.66425025463104,1.49537432193756,1.31438076496124,1.05823409557343,failed-vetting,failed-vetting
POLES EMF33,EMF33_tax_hi_full,31.2011642456055,36.0228042602539,25.3176097869873,22.3799877166748,19.4827060699463,13.2539672851562,13.109787940979,11.4730777740479,11.2135419845581,8.759547233581541,C4,C4: limit warming to 2°C (>50%)
POLES EMF33,EMF33_tax_hi_none,31.2011642456055,36.0230598449707,25.4201469421387,22.4915599822998,19.6870651245117,16.9189033508301,18.8860492706299,17.6685848236084,15.5677938461304,11.9047985076904,C4,C4: limit warming to 2°C (>50%)
POLES EMF33,EMF33_tax_lo_full,31.2011642456055,36.0228042602539,30.94416618347169,30.7129421234131,32.2811393737793,28.8253154754639,28.4051933288574,26.3375644683838,24.3634567260742,21.3005466461182,C5,C5: limit warming to 2.5°C (>50%)
POLES EMF33,EMF33_tax_lo_none,31.2011642456055,36.0230598449707,31.1032695770264,30.8652458190918,32.4015693664551,28.8448371887207,28.7238216400146,27.5141487121582,26.337329864502,25.399206161499,C5,C5: limit warming to 2.5°C (>50%)
POLES ENGAGE,EN_INDCi2030_1000,31.1794376373291,36.9774169921875,32.00045776367188,3.503309011459351,4.395070552825928,6.17833137512207,6.687110900878906,8.652097702026367,10.69077014923096,10.29817962646484,C4,C4: limit warming to 2°C (>50%)
POLES ENGAGE,EN_INDCi2030_1000_COV,31.1794376373291,34.09278869628906,31.32643699645996,4.081304550170898,4.51744270324707,6.439393997192383,6.888514995574951,7.918698310852051,9.322121620178224,9.631226539611816,C4,C4: limit warming to 2°C (>50%)
POLES ENGAGE,EN_INDCi2030_1000_COV_NDCp,31.1794376373291,34.09272384643555,29.51699829101562,3.811368227005005,4.371058464050293,6.394097328186035,6.885928630828857,7.830141544342041,9.310361862182615,9.515399932861328,C4,C4: limit warming to 2°C (>50%)
POLES ENGAGE,EN_INDCi2030_1000_NDCp,31.1794376373291,36.69443893432617,33.654541015625,4.046006202697754,5.336780071258545,8.33242416381836,9.034621238708496,10.58016204833984,12.86109828948975,13.76656532287598,C4,C4: limit warming to 2°C (>50%)
POLES ENGAGE,EN_INDCi2030_1000f,31.1794376373291,36.9774169921875,32.00045776367188,5.498426914215088,5.312525749206543,6.756065368652344,7.327488422393799,6.464356422424316,5.581172466278076,4.421453952789307,C4,C4: limit warming to 2°C (>50%)
POLES ENGAGE,EN_INDCi2030_1000f_COV,31.1794376373291,34.09278869628906,31.32643699645996,5.839559078216553,5.24282169342041,6.621233940124512,7.175380229949951,6.667255401611328,5.86762285232544,5.178794384002686,C4,C4: limit warming to 2°C (>50%)
POLES ENGAGE,EN_INDCi2030_1000f_COV_NDCp,31.1794376373291,34.09272384643555,29.5174331665039,6.006600379943848,5.33760404586792,6.72648811340332,7.335219860076904,7.080353736877441,6.022634983062744,5.399590492248535,C4,C4: limit warming to 2°C (>50%)
POLES ENGAGE,EN_INDCi2030_1000f_NDCp,31.1794376373291,36.69443893432617,33.65515518188477,6.155327796936035,6.466047286987305,8.987527847290039,9.2865629196167,8.924154281616211,7.260875701904297,6.275433540344238,C4,C4: limit warming to 2°C (>50%)
POLES ENGAGE,EN_INDCi2030_1200,31.1794376373291,36.9774169921875,32.00045776367188,6.264768600463867,5.680194854736328,7.012479782104492,7.954070091247559,7.712028980255127,9.072622299194336,8.771039962768555,C4,C4: limit warming to 2°C (>50%)
POLES ENGAGE,EN_INDCi2030_1200f,31.1794376373291,36.9774169921875,32.00045776367188,7.914123058319092,6.562411308288574,7.691624164581299,8.527393341064453,7.764632225036621,6.789764404296875,5.862357616424561,C4,C4: limit warming to 2°C (>50%)
POLES ENGAGE,EN_INDCi2030_1400,31.1794376373291,36.9774169921875,32.00045776367188,10.48812484741211,7.82197380065918,9.902321815490724,12.72715473175049,12.4160566329956,10.55019378662109,11.00742435455322,C5,C5: limit warming to 2.5°C (>50%)
POLES ENGAGE,EN_INDCi2030_1400f,31.1794376373291,36.9774169921875,32.00045776367188,10.82784366607666,7.99724817276001,10.06706809997559,12.87989044189453,12.73649024963379,10.66238975524902,9.258301734924316,C5,C5: limit warming to 2.5°C (>50%)
POLES ENGAGE,EN_INDCi2030_1600,31.1794376373291,36.9774169921875,32.00045776367188,13.07178592681885,9.629300117492676,11.71483993530273,14.80808925628662,15.15357208251953,13.82949066162109,13.66152667999268,C5,C5: limit warming to 2.5°C (>50%)
POLES ENGAGE,EN_INDCi2030_1600f,31.1794376373291,36.9774169921875,32.00045776367188,13.07178592681885,9.629300117492676,11.71483993530273,14.80808925628662,15.15357208251953,13.82949066162109,13.66152667999268,C5,C5: limit warming to 2.5°C (>50%)
POLES ENGAGE,EN_INDCi2030_1800,31.1794376373291,36.9774169921875,32.00045776367188,16.15602874755859,11.87072849273682,12.63129615783691,15.45621013641357,17.06684875488281,15.85391044616699,15.59554481506348,C5,C5: limit warming to 2.5°C (>50%)
POLES ENGAGE,EN_INDCi2030_1800f,31.1794376373291,36.9774169921875,32.00045776367188,16.15602874755859,11.87072849273682,12.63129615783691,15.45621013641357,17.06684875488281,15.85391044616699,15.59554481506348,C5,C5: limit warming to 2.5°C (>50%)
POLES ENGAGE,EN_INDCi2030_2000,31.1794376373291,36.9774169921875,32.00045776367188,17.42801475524902,13.16046333312988,13.29952144622803,15.40841865539551,17.4451732635498,16.46561431884766,15.88480281829834,C5,C5: limit warming to 2.5°C (>50%)
POLES ENGAGE,EN_INDCi2030_2000f,31.1794376373291,36.9774169921875,32.00045776367188,17.42801475524902,13.16046333312988,13.29952144622803,15.40841865539551,17.4451732635498,16.46561431884766,15.88480281829834,C5,C5: limit warming to 2.5°C (>50%)
POLES ENGAGE,EN_INDCi2030_2500,31.1794376373291,36.9774169921875,32.00045776367188,23.63322257995605,19.89414596557617,19.86361503601075,19.2338981628418,19.98444366455078,18.95807838439941,17.27274322509766,C6,C6: limit warming to 3°C (>50%)
POLES ENGAGE,EN_INDCi2030_2500f,31.1794376373291,36.9774169921875,32.00045776367188,23.63322257995605,19.89414596557617,19.86361503601075,19.2338981628418,19.98444366455078,18.95807838439941,17.27274322509766,C6,C6: limit warming to 3°C (>50%)
POLES ENGAGE,EN_INDCi2030_3000,31.1794376373291,36.9774169921875,32.00045776367188,27.49521064758301,29.82882308959961,30.53707695007324,25.48664283752441,25.1815185546875,18.23318862915039,17.85104560852051,C6,C6: limit warming to 3°C (>50%)
POLES ENGAGE,EN_INDCi2030_3000f,31.1794376373291,36.9774169921875,32.00045776367188,27.49521064758301,29.82882308959961,30.53707695007324,25.48664283752441,25.1815185546875,18.23318862915039,17.85104560852051,C6,C6: limit warming to 3°C (>50%)
POLES ENGAGE,EN_INDCi2030_300f,31.1794376373291,36.9774169921875,32.00045776367188,2.197069406509399,2.388579845428467,3.92684268951416,5.777726650238037,6.905967712402344,6.933104038238525,5.987635612487793,C2,C2: return warming to 1.5°C (>50%) after a high overshoot
POLES ENGAGE,EN_INDCi2030_400f,31.1794376373291,36.9774169921875,32.00045776367188,2.412418365478516,2.562768459320068,4.077124118804932,5.852323055267334,7.013417720794678,7.003186702728272,5.868057250976562,C2,C2: return warming to 1.5°C (>50%) after a high overshoot
POLES ENGAGE,EN_INDCi2030_500f,31.1794376373291,36.9774169921875,32.00045776367188,2.902316570281982,3.098692893981934,4.653847694396973,5.80963659286499,6.720083713531494,6.928224086761475,5.73478364944458,C3,C3: limit warming to 2°C (>67%)
POLES ENGAGE,EN_INDCi2030_600f,31.1794376373291,36.9774169921875,32.00045776367188,3.19095778465271,3.493710517883301,4.861944198608398,5.80061674118042,6.588716506958008,6.310723304748535,5.466673851013184,C3,C3: limit warming to 2°C (>67%)
POLES ENGAGE,EN_INDCi2030_600f_COV,31.1794376373291,34.09278869628906,31.32643699645996,2.934410095214844,3.174231767654419,4.375580310821533,5.504504680633545,6.528831005096436,6.566006183624268,4.902347564697266,C3,C3: limit warming to 2°C (>67%)
POLES ENGAGE,EN_INDCi2030_600f_COV_NDCp,31.1794376373291,34.09272384643555,29.5174331665039,2.731472969055176,2.901762962341309,4.238234519958496,5.637344360351562,6.533542633056641,6.462562084197998,5.129765510559082,C3,C3: limit warming to 2°C (>67%)
POLES ENGAGE,EN_INDCi2030_600f_NDCp,31.1794376373291,36.69443893432617,33.654541015625,3.31080436706543,3.862119674682617,5.883355140686035,7.493161678314209,8.114151000976562,8.448453903198242,8.377662658691406,C3,C3: limit warming to 2°C (>67%)
POLES ENGAGE,EN_INDCi2030_700f,31.1794376373291,36.9774169921875,32.00045776367188,3.640083551406861,4.074564933776856,5.057111263275146,5.971168041229248,6.144352912902832,6.193296909332275,5.25742769241333,C3,C3: limit warming to 2°C (>67%)
POLES ENGAGE,EN_INDCi2030_800f,31.1794376373291,36.9774169921875,32.00045776367188,4.023265361785889,4.452735424041748,5.769760131835938,5.968067646026611,6.031384468078613,5.725352764129639,4.784839630126953,C4,C4: limit warming to 2°C (>50%)
POLES ENGAGE,EN_INDCi2030_900,31.1794376373291,36.9774169921875,32.00045776367188,2.16621732711792,3.658269166946411,10.99356937408447,12.20368003845215,8.313892364501953,8.070775985717773,9.886350631713867,C3,C3: limit warming to 2°C (>67%)
POLES ENGAGE,EN_INDCi2030_900f,31.1794376373291,36.9774169921875,32.00045776367188,4.763661861419678,5.033487796783447,6.377896308898926,6.929676532745361,5.897915840148926,5.496178150177002,4.938439846038818,C4,C4: limit warming to 2°C (>50%)
POLES ENGAGE,EN_INDCi2100,31.1794376373291,36.69449996948242,34.17411804199219,29.00192451477051,33.96972274780273,40.16968154907227,41.79345703125,41.32683944702149,42.99420928955078,44.09539413452149,C7,C7: limit warming to 4°C (>50%)
POLES ENGAGE,EN_INDCi2100_COV,31.1794376373291,34.07281494140625,33.64650726318359,27.81780433654785,30.54395484924316,36.10369873046875,37.27503967285156,37.99564361572266,39.10391235351562,38.88351440429688,C7,C7: limit warming to 4°C (>50%)
POLES ENGAGE,EN_INDCi2100_COV_NDCp,31.1794376373291,34.07276153564453,32.29766082763672,25.73423957824707,28.08677864074707,33.77609634399414,35.19857788085938,36.37703704833984,34.11388397216797,33.9512939453125,C6,C6: limit warming to 3°C (>50%)
POLES ENGAGE,EN_INDCi2100_NDCp,31.1794376373291,36.69443893432617,33.654541015625,27.02680587768555,30.69184494018555,36.74176788330078,38.59506607055664,37.48770523071289,37.53920364379883,39.02149963378906,C6,C6: limit warming to 3°C (>50%)
POLES ENGAGE,EN_NPi2020_1000,31.1794376373291,36.57699203491211,16.6810417175293,4.106030941009521,3.987557649612425,6.101617336273193,8.088949203491211,9.670517921447754,10.48779010772705,10.88794136047363,C4,C4: limit warming to 2°C (>50%)
POLES ENGAGE,EN_NPi2020_1000_COV,31.1794376373291,34.75036239624023,20.0061264038086,4.925788402557373,4.290394306182861,6.526341438293457,9.439116477966309,11.10693645477295,11.70786952972412,12.0730504989624,C4,C4: limit warming to 2°C (>50%)
POLES ENGAGE,EN_NPi2020_1000f,31.1794376373291,36.57699203491211,27.05275917053223,9.043421745300291,5.547002792358398,6.931563854217529,8.166648864746094,7.502254486083984,6.116121768951416,5.437121391296387,C4,C4: limit warming to 2°C (>50%)
POLES ENGAGE,EN_NPi2020_1000f_COV,31.1794376373291,34.75036239624023,28.80754089355469,9.717629432678224,5.926345825195312,7.630814552307129,8.563941955566406,8.031966209411621,6.568625450134277,5.935067653656006,C4,C4: limit warming to 2°C (>50%)
POLES ENGAGE,EN_NPi2020_1200,31.1794376373291,36.57699203491211,21.98053741455078,7.58330488204956,5.944314002990723,8.729823112487793,11.931565284729,12.90846729278564,12.64067268371582,12.87423896789551,C4,C4: limit warming to 2°C (>50%)
POLES ENGAGE,EN_NPi2020_1200f,31.1794376373291,36.57699203491211,30.68602180480957,12.34347724914551,7.392456531524658,9.457216262817385,11.48298645019531,9.505598068237305,7.643399238586426,7.062840461730957,C4,C4: limit warming to 2°C (>50%)
POLES ENGAGE,EN_NPi2020_1400,31.1794376373291,36.57699203491211,32.52104949951172,14.60121631622314,8.919191360473633,10.82011890411377,14.09925746917725,13.77830982208252,12.69544315338135,13.24752902984619,C5,C5: limit warming to 2.5°C (>50%)
POLES ENGAGE,EN_NPi2020_1400f,31.1794376373291,36.57699203491211,32.83490753173828,15.4364824295044,9.565193176269531,11.2274751663208,14.45493698120117,14.38771438598633,12.40238761901856,10.42763519287109,C5,C5: limit warming to 2.5°C (>50%)
POLES ENGAGE,EN_NPi2020_1600,31.1794376373291,36.57699203491211,32.52104949951172,18.3340835571289,11.75612163543701,12.31376647949219,15.41126155853272,16.38638687133789,14.42944622039795,14.35489368438721,C5,C5: limit warming to 2.5°C (>50%)
POLES ENGAGE,EN_NPi2020_1600f,31.1794376373291,36.57699203491211,32.52104949951172,18.3340835571289,11.7561206817627,12.31376266479492,15.41123962402344,16.3863410949707,14.41507816314697,14.13519191741943,C5,C5: limit warming to 2.5°C (>50%)
POLES ENGAGE,EN_NPi2020_1800,31.1794376373291,36.57699203491211,32.52104949951172,20.93977165222168,14.05738925933838,13.35085105895996,16.13702011108398,17.63253021240234,16.56951522827148,14.38370895385742,C5,C5: limit warming to 2.5°C (>50%)
POLES ENGAGE,EN_NPi2020_1800f,31.1794376373291,36.57699203491211,32.52104949951172,20.93977165222168,14.05738925933838,13.35085105895996,16.13702011108398,17.63253021240234,16.56951522827148,14.38370895385742,C5,C5: limit warming to 2.5°C (>50%)
POLES ENGAGE,EN_NPi2020_2000,31.1794376373291,36.57699203491211,32.52104949951172,22.98326683044434,16.24419212341309,14.96520233154297,16.7197208404541,18.41164588928223,17.40557098388672,16.40778541564941,C5,C5: limit warming to 2.5°C (>50%)
POLES ENGAGE,EN_NPi2020_2000f,31.1794376373291,36.57699203491211,32.52104949951172,22.98326683044434,16.24419212341309,14.96520233154297,16.7197208404541,18.41164588928223,17.40557098388672,16.40778541564941,C5,C5: limit warming to 2.5°C (>50%)
POLES ENGAGE,EN_NPi2020_2500,31.1794376373291,36.57699203491211,37.32786178588867,27.98512458801269,23.91314506530762,21.0507926940918,20.18246269226075,20.640625,19.48518753051757,17.281494140625,C6,C6: limit warming to 3°C (>50%)
POLES ENGAGE,EN_NPi2020_2500f,31.1794376373291,36.57699203491211,37.32786178588867,27.98512458801269,23.91314506530762,21.0507926940918,20.18246269226075,20.640625,19.48518753051757,17.281494140625,C6,C6: limit warming to 3°C (>50%)
POLES ENGAGE,EN_NPi2020_3000,31.1794376373291,36.57699203491211,32.52104949951172,25.0189323425293,28.25584602355957,30.16330909729004,27.21813201904297,28.23442459106445,23.14874458312988,23.58858108520508,C6,C6: limit warming to 3°C (>50%)
POLES ENGAGE,EN_NPi2020_3000f,31.1794376373291,36.57699203491211,32.52104949951172,25.0189323425293,28.25584602355957,30.16330909729004,27.21813201904297,28.23442459106445,23.14874458312988,23.58858108520508,C6,C6: limit warming to 3°C (>50%)
POLES ENGAGE,EN_NPi2020_300f,31.1794376373291,36.57699203491211,8.775677680969238,2.262684106826782,2.49148964881897,4.090700626373291,5.621439933776856,7.10312032699585,6.961368560791016,5.637728691101074,C2,C2: return warming to 1.5°C (>50%) after a high overshoot
POLES ENGAGE,EN_NPi2020_400f,31.1794376373291,36.57699203491211,10.15728664398193,2.574856281280518,2.799678564071656,3.95366907119751,5.4752516746521,6.966001510620117,7.013570308685303,5.761942863464356,C2,C2: return warming to 1.5°C (>50%) after a high overshoot
POLES ENGAGE,EN_NPi2020_500,31.1794376373291,36.57699203491211,3.392583847045898,1.458120942115784,2.204526424407959,4.488586902618408,8.51668643951416,10.70983600616455,11.33605670928955,12.60476112365723,C3,C3: limit warming to 2°C (>67%)
POLES ENGAGE,EN_NPi2020_500f,31.1794376373291,36.57699203491211,12.5101203918457,2.976548671722412,3.02595043182373,4.207643508911133,5.325497150421143,6.453917503356934,6.73450756072998,5.677554607391357,C3,C3: limit warming to 2°C (>67%)
POLES ENGAGE,EN_NPi2020_600,31.1794376373291,36.57699203491211,5.071442604064941,1.98870837688446,2.535363912582397,5.281235694885254,7.088433742523193,7.534690856933594,10.2555627822876,11.37490558624268,C3,C3: limit warming to 2°C (>67%)
POLES ENGAGE,EN_NPi2020_600f,31.1794376373291,36.57699203491211,15.3186559677124,3.648936748504639,3.337721824645996,4.671802520751953,5.369619369506836,6.539721965789795,6.638099193572998,5.692474365234375,C3,C3: limit warming to 2°C (>67%)
POLES ENGAGE,EN_NPi2020_600f_COV,31.1794376373291,34.75036239624023,16.92772483825684,3.794378280639648,3.292956590652466,4.508806705474854,5.003302574157715,5.603172302246094,5.78876256942749,4.808531761169434,C3,C3: limit warming to 2°C (>67%)
POLES ENGAGE,EN_NPi2020_700,31.1794376373291,36.57699203491211,7.697285175323486,2.11443829536438,2.658739805221558,4.58152961730957,6.862205505371094,8.278657913208008,10.32246017456055,11.52519798278809,C3,C3: limit warming to 2°C (>67%)
POLES ENGAGE,EN_NPi2020_700f,31.1794376373291,36.57699203491211,18.27967071533203,4.633547306060791,3.619637727737425,4.955661773681641,5.92133378982544,6.348634719848633,5.727414608001709,4.898575305938721,C3,C3: limit warming to 2°C (>67%)
POLES ENGAGE,EN_NPi2020_800,31.1794376373291,36.57699203491211,11.98777961730957,2.903463840484619,3.181594848632812,5.09799337387085,6.747085571289063,8.539863586425781,10.18638038635254,11.4116382598877,C3,C3: limit warming to 2°C (>67%)
POLES ENGAGE,EN_NPi2020_800f,31.1794376373291,36.57699203491211,21.57582473754883,5.767918586730957,4.056729316711426,5.27204179763794,6.483783721923828,6.243824005126953,5.553308963775635,4.078336715698242,C4,C4: limit warming to 2°C (>50%)
POLES ENGAGE,EN_NPi2020_900,31.1794376373291,36.57699203491211,15.28285884857178,3.63898515701294,3.629387855529785,5.745663166046143,6.94181489944458,7.937962055206299,9.371294021606444,10.99337387084961,C3,C3: limit warming to 2°C (>67%)
POLES ENGAGE,EN_NPi2020_900f,31.1794376373291,36.57699203491211,24.23548889160156,7.134988784790039,4.608227729797363,5.738279342651367,7.057880401611328,6.66398811340332,5.704755783081055,4.818920135498047,C4,C4: limit warming to 2°C (>50%)
POLES ENGAGE,EN_NPi2100,31.1794376373291,37.95774078369141,49.81166458129883,49.06782531738281,54.80825042724609,58.43875503540039,57.50641632080078,55.85046005249024,60.36446380615234,59.19445419311523,C7,C7: limit warming to 4°C (>50%)
POLES ENGAGE,EN_NPi2100_COV,31.1794376373291,35.32268905639648,48.29356002807617,49.38469314575195,53.78705978393555,55.35121536254883,52.2785758972168,51.45651626586914,56.2777099609375,56.00286483764648,C7,C7: limit warming to 4°C (>50%)
POLES GECO2019,CO_2Deg2020,31.1794376373291,37.46928787231445,20.91201019287109,5.366182804107666,3.862382173538208,5.100819110870361,6.108407020568848,6.282508373260498,5.359858512878418,4.685471057891846,C3,C3: limit warming to 2°C (>67%)
POLES GECO2019,CO_2Deg2030,31.1794376373291,36.78864288330078,34.16938018798828,4.432194709777832,4.31337308883667,5.794273853302002,7.103504180908203,8.043768882751465,8.392826080322266,7.114394664764404,C3,C3: limit warming to 2°C (>67%)
POLES GECO2019,CO_BAU,31.1794376373291,38.13844680786133,50.4042854309082,50.6440315246582,56.55657196044922,59.47992706298828,58.94918823242188,56.54433059692383,60.83024215698242,59.53442764282227,C7,C7: limit warming to 4°C (>50%)
POLES GECO2019,CO_Bridge,31.1794376373291,36.95671844482422,25.05979347229004,5.429391384124756,2.63852858543396,0.0830276235938072,0.0051271081902086,0.0005522499559447,0.0012766352156177,0.0002904683642555,C2,C2: return warming to 1.5°C (>50%) after a high overshoot
POLES GECO2019,CO_Bridge_notax,31.1794376373291,36.95659637451172,45.64493942260742,1.461196899414062,0.171770766377449,0.0553615279495716,0.0130713898688554,0.0033191638067364,0.0006835868116468,0.0002079838886857,C4,C4: limit warming to 2°C (>50%)
POLES GECO2019,CO_CurPol,31.1794376373291,37.1889877319336,46.42226028442383,46.72322463989258,52.82765579223633,57.49892044067383,56.00794219970703,53.84395217895508,59.08988189697266,58.26292037963867,C7,C7: limit warming to 4°C (>50%)
POLES GECO2019,CO_GPP,31.1794376373291,36.95671844482422,25.05979347229004,4.820991516113281,1.919787406921387,0.0852818638086319,0.0348977893590927,0.0120713151991367,0.0032307030633091,0.0008444935083389,C5,C5: limit warming to 2.5°C (>50%)
POLES GECO2019,CO_GPP_notax,31.1794376373291,36.95575714111328,45.66205596923828,25.00632858276367,20.34790229797364,11.0703592300415,0.3186050355434418,0.2352356910705566,0.1692229360342025,0.1280218958854675,C7,C7: limit warming to 4°C (>50%)
POLES GECO2019,CO_NDC_2050convergence,31.1794376373291,36.71364593505859,34.70834732055664,24.96395874023437,23.69978713989257,24.73758125305176,27.42279052734375,27.92548370361328,28.85932350158692,29.23727035522461,C6,C6: limit warming to 3°C (>50%)
POLES GECO2019,CO_NDCplus,31.1794376373291,36.71364593505859,34.70834732055664,30.42549133300781,33.9371223449707,37.64225387573242,39.3892822265625,41.0171127319336,41.67682647705078,39.37393569946289,C7,C7: limit warming to 4°C (>50%)
PROMETHEUS 1.0,CO_2Deg2020,30.88856188529005,35.86692788862384,25.35067209968728,5.744112752953176,0.1639484885169169,19.3354475166722,19.940468432204902,20.264259472069746,20.19728779899998,20.345196223089918,no-climate-assessment,no-climate-assessment
PROMETHEUS 1.0,CO_2Deg2030,30.88856188529005,35.56938150471314,33.55680980913304,8.540521162653182,0.1639484885169169,19.3354475166722,19.940468432204902,20.264259472069746,20.19728779899998,20.345196223089918,no-climate-assessment,no-climate-assessment
PROMETHEUS 1.0,CO_BAU,30.88856188529005,37.56269964940961,46.60644036503152,54.2612577881141,58.86563653355326,19.3354475166722,19.940468432204902,20.264259472069746,20.19728779899998,20.345196223089918,no-climate-assessment,no-climate-assessment
PROMETHEUS 1.0,CO_Bridge,30.88856188529005,36.18357956330204,33.29210523722064,11.16946640579049,0.0003081524676645,19.3354475166722,19.940468432204902,20.264259472069746,20.19728779899998,20.345196223089918,no-climate-assessment,no-climate-assessment
PROMETHEUS 1.0,CO_CurPol,30.88856188529005,36.21513623447612,40.93069689817104,46.32840774092382,50.18972050593649,19.3354475166722,19.940468432204902,20.264259472069746,20.19728779899998,20.345196223089918,no-climate-assessment,no-climate-assessment
PROMETHEUS 1.0,CO_GPP,30.88856188529005,36.18357479877446,33.38701476966072,21.71875308032955,11.08110219172519,19.3354475166722,19.940468432204902,20.264259472069746,20.19728779899998,20.345196223089918,no-climate-assessment,no-climate-assessment
PROMETHEUS 1.0,CO_NDCplus,30.88856188529005,35.56938150471314,33.55680980913304,31.41937090677946,31.29483291846413,19.3354475166722,19.940468432204902,20.264259472069746,20.19728779899998,20.345196223089918,no-climate-assessment,no-climate-assessment
REMIND 1.6,EMF30_BCOC-EndU,27.950867,42.8259582,62.8427111,74.8509571,65.30392420000001,45.318884,17.4076606,4.7165016,0.2175333,0.0196985,C7,C7: limit warming to 4°C (>50%)
REMIND 1.6,EMF30_Baseline,27.950867,42.338086,60.5971831,70.0428163,59.7149526,39.9218858,14.2164961,3.3916875,0.247896999999999,0.0096823,C7,C7: limit warming to 4°C (>50%)
REMIND 1.6,EMF30_CH4-Only,27.950867,40.907951,54.0852956,58.1227774,46.8010665,29.9091453,8.5168368,1.8664551,0.1228412,0.0179562,C7,C7: limit warming to 4°C (>50%)
REMIND 1.6,EMF30_ClimPolicy,27.950867,28.4962163,13.2048901,1.4770729,1.2112441,1.116351,0.8502972,0.4182036,0.0752523,0.0018346,failed-vetting,failed-vetting
REMIND 1.6,EMF30_ClimPolicy+SLCF,27.950867,28.776368,13.6088939,2.762167299999999,3.1269383,2.9884993,2.3352684,1.207921699999999,0.2600694,0.002135,failed-vetting,failed-vetting
REMIND 1.6,EMF30_D_BCOC-Red,27.950867,42.338086,60.5971831,70.0428163,59.7149526,39.9218858,14.2164961,3.3916875,0.247896999999999,0.0096823,C7,C7: limit warming to 4°C (>50%)
REMIND 1.6,EMF30_D_CH4-ClimPolicy,27.950867,41.3858945,54.95706920000001,59.2584689,48.13773070000001,31.3278011,10.8416681,2.3843027,0.1830003,0.0393769,C7,C7: limit warming to 4°C (>50%)
REMIND 1.6,EMF30_D_CO2-Only,27.950867,28.6315189,13.0575031,1.9938869,1.930413,1.804416899999999,1.3743937,0.6671028,0.1293576,0.0035718,failed-vetting,failed-vetting
REMIND 1.6,EMF30_D_Frozen-CH4,27.950867,42.344656,61.2905904,72.492726,62.8559672,43.2997901,16.0153049,3.983618100000001,0.211259299999999,0.0182112,C8,C8: exceed warming of 4°C (>=50%)
REMIND 1.6,EMF30_D_Frozen-EF,28.3976431,43.3862882,62.86256450000001,72.2403465,61.13156239999999,39.7591218,12.5466617,2.679662,0.2503645,0.0172392,C8,C8: exceed warming of 4°C (>=50%)
REMIND 1.6,EMF30_D_Frozen-EF-EndU,27.945176,42.2284525,60.188752,69.3625182,59.0115369,39.3348708,14.0320641,3.2688297,0.245052,0.0094396,C7,C7: limit warming to 4°C (>50%)
REMIND 1.6,EMF30_D_Frozen-EF-SLCF,27.96129280000001,42.3936602,60.67571089999999,70.09272759999999,59.72537510000001,39.88468320000001,14.1374178,3.3001446,0.243893399999999,0.0093008,C8,C8: exceed warming of 4°C (>=50%)
REMIND 1.6,EMF30_SLCF,27.950867,42.1035924,61.8354756,73.9561257,64.1599461,44.33820789999999,16.1034519,4.1719243,0.1878674,0.0160464999999999,C7,C7: limit warming to 4°C (>50%)
REMIND 1.6,EMF30_Slower-Action,27.950867,39.2879031,31.65131210000001,26.3186148,17.4043872,6.947562400000002,1.266791,0.0205141,0.0026245,0.0017373,C7,C7: limit warming to 4°C (>50%)
REMIND 1.6,EMF30_Slower-Action+SLCF,27.950867,39.35825,32.3806486,27.0087455,17.63082510000001,6.8017784,1.3871536,0.0843551999999999,0.0040856,0.001847599999999,C6,C6: limit warming to 3°C (>50%)
REMIND 1.6,EMF30_Slower-to-faster,27.950867,39.2879031,31.65131210000001,10.0562672,1.0836039,1.220285,1.0842569,0.758150599999999,0.2725015,0.0167747,C3,C3: limit warming to 2°C (>67%)
REMIND 1.6,EMF30_Slower-to-faster+SLCF,27.950867,39.35825,32.3806486,10.6792209,1.276084,1.3853795,1.234311600000001,0.8600850999999999,0.3069651,0.0197491,C3,C3: limit warming to 2°C (>67%)
REMIND 1.6,EMF30_Slower-to-faster+SLCF+HFC,27.950867,39.35825,32.3806486,10.6675734,1.2240163,1.3300622,1.186176,0.8263316999999991,0.2976219,0.0216739,C3,C3: limit warming to 2°C (>67%)
REMIND 1.7,ADVANCE_2020_1.5C-2100,27.6321,32.3693,9.3879,0.5851000000000001,0.6993,0.6392,0.4837,0.1972,0.0108,0.0017,C1,C1: limit warming to 1.5°C (>50%) with no or limited overshoot
REMIND 1.7,ADVANCE_2020_Med2C,27.6321,32.3693,18.2607,3.9268,1.9082,1.8924,1.5721,0.9205,0.2566,0.0123,C3,C3: limit warming to 2°C (>67%)
REMIND 1.7,ADVANCE_2020_WB2C,27.6321,32.3693,10.7258,0.9456,1.2346,1.1663,0.9063,0.45,0.0836,0.0024,C2,C2: return warming to 1.5°C (>50%) after a high overshoot
REMIND 1.7,ADVANCE_2030_1.5C-2100,27.6321,32.3693,26.8276,8.6752,0.0217,0.0132,0.0077,0.0027,0.0018,0.0017,C2,C2: return warming to 1.5°C (>50%) after a high overshoot
REMIND 1.7,ADVANCE_2030_Med2C,27.6321,32.3693,26.8276,9.1235,0.7375,0.8499,0.7949,0.5957,0.2568,0.0382,C4,C4: limit warming to 2°C (>50%)
REMIND 1.7,ADVANCE_2030_Price1.5C,27.6321,32.3693,26.8276,8.82,0.377,0.3614,0.3137,0.201,0.0394,0.0017,C2,C2: return warming to 1.5°C (>50%) after a high overshoot
REMIND 1.7,ADVANCE_2030_WB2C,27.6321,32.3693,26.8276,8.8405,0.4805,0.4834,0.426,0.2869,0.0759,0.0017,C2,C2: return warming to 1.5°C (>50%) after a high overshoot
REMIND 1.7,ADVANCE_INDC,27.6321,32.3693,26.8276,20.0548,12.5236,5.7974,1.1077,0.0963,0.0069,0.0017,C6,C6: limit warming to 3°C (>50%)
REMIND 1.7,ADVANCE_NoPolicy,27.6321,39.336,52.652,56.5103,45.1427,27.9091,6.3216,0.8446,0.0511,0.0049,C7,C7: limit warming to 4°C (>50%)
REMIND 1.7,ADVANCE_Reference,27.6321,32.3693,34.3791,36.9792,30.449,20.4179,8.5962,3.3276,0.1204,0.0066,C7,C7: limit warming to 4°C (>50%)
REMIND 1.7,CEMICS-1.5-CDR12,27.5454,34.0913,10.0502,1.6768,2.0403,1.8761,1.3933,0.5577,0.0592,0.0017,C1,C1: limit warming to 1.5°C (>50%) with no or limited overshoot
REMIND 1.7,CEMICS-1.5-CDR20,27.5454,34.0913,10.1128,2.1437,2.9047,2.773999999999999,2.1694,1.0342,0.1838,0.0115,C1,C1: limit warming to 1.5°C (>50%) with no or limited overshoot
REMIND 1.7,CEMICS-1.5-CDR8,27.5454,34.0913,9.8182,0.8147000000000001,0.8483,0.7594000000000001,0.5284,0.1485,0.0019,0.0017,C1,C1: limit warming to 1.5°C (>50%) with no or limited overshoot
REMIND 1.7,CEMICS-2.0-CDR12,27.5454,34.0913,10.8271,2.3951,3.5567,3.5855,2.972,1.6428,0.4489,0.0738,C2,C2: return warming to 1.5°C (>50%) after a high overshoot
REMIND 1.7,CEMICS-2.0-CDR20,27.5454,34.0913,12.6055,2.1244,3.1827,3.3229,2.8345,1.6731,0.539,0.1008,C2,C2: return warming to 1.5°C (>50%) after a high overshoot
REMIND 1.7,CEMICS-2.0-CDR8,27.5454,34.0913,10.1504,2.4119,3.4906,3.4541,2.788,1.4595,0.3479,0.0391,C1,C1: limit warming to 1.5°C (>50%) with no or limited overshoot
REMIND 1.7,CEMICS-Ref,27.5454,37.9832,49.07100000000001,52.7685,42.111,26.5829,6.9988,1.5262,0.1235,0.0138,C7,C7: limit warming to 4°C (>50%)
REMIND 2.1,CEMICS_GDPgrowth_1p5,29.6619,31.104,1.9703,0.0375,0.0824,0.1907,0.3632,0.5437,0.6596,0.7064,C1,C1: limit warming to 1.5°C (>50%) with no or limited overshoot
REMIND 2.1,CEMICS_GDPgrowth_2C,29.6619,31.104,10.2519,0.2502,0.2702,0.416,0.5724,0.6807,0.6872,0.6347,C3,C3: limit warming to 2°C (>67%)
REMIND 2.1,CEMICS_HotellingConst_1p5,29.6619,31.104,3.2683,0.0199,0.0079,0.0032,0.0016,0.0018,0.0019,0.0017,C1,C1: limit warming to 1.5°C (>50%) with no or limited overshoot
REMIND 2.1,CEMICS_HotellingConst_2C,29.6619,31.104,20.2622,1.7864,0.131,0.2145,0.3248,0.4165,0.4453,0.4294,C3,C3: limit warming to 2°C (>67%)
REMIND 2.1,CEMICS_Linear_1p5,29.6619,31.104,2.8846,0.0158,0.0086,0.004,0.0022,0.0019,0.0019,0.0017,C1,C1: limit warming to 1.5°C (>50%) with no or limited overshoot
REMIND 2.1,CEMICS_Linear_2C,29.6619,31.104,18.1856,0.7018,0.2084,0.35,0.4748,0.5342,0.5208,0.4578,C3,C3: limit warming to 2°C (>67%)
REMIND 2.1,CEMICS_NPI,29.6619,31.104,35.0799,38.8285,44.4329,49.7989,51.7472,43.4305,28.7919,14.5039,C7,C7: limit warming to 4°C (>50%)
REMIND 2.1,CEMICS_opt_1p5,29.6619,31.104,3.0222,0.1298,0.2352,0.5353,0.7698,0.9529,1.0348,1.0409,C1,C1: limit warming to 1.5°C (>50%) with no or limited overshoot
REMIND 2.1,CEMICS_opt_2C,29.6619,31.104,18.9,1.2217,0.1366,0.2701,0.4654,0.6655,0.8813,1.3088,C3,C3: limit warming to 2°C (>67%)
REMIND 2.1,LeastTotalCost_Base_brkLR15_SSP1_P50,30.0955,36.0552,46.9313,50.2576,48.7428,46.9357,38.8801,27.2464,17.7132,10.0633,C6,C6: limit warming to 3°C (>50%)
REMIND 2.1,LeastTotalCost_Base_brkLR15_SSP2_P50,29.6485,35.5993,44.7921,47.2562,47.1044,47.5769,42.7968,31.7658,19.9622,10.7349,C7,C7: limit warming to 4°C (>50%)
REMIND 2.1,LeastTotalCost_Base_brkLR15_SSP5_P50,29.601,37.1675,63.0326,93.2154,118.8792,144.113,151.273,132.1077,105.232,77.3239,C8,C8: exceed warming of 4°C (>=50%)
REMIND 2.1,LeastTotalCost_Base_brkSR15_SSP1_P50,30.1044,36.0887,47.0372,51.1517,49.9834,48.0906,39.6,27.0818,16.7483,9.0142,C6,C6: limit warming to 3°C (>50%)
REMIND 2.1,LeastTotalCost_Base_brkSR15_SSP2_P50,29.7158,35.7874,45.444,49.0293,50.1229,50.4336,44.8234,32.364,19.3408,9.8874,C7,C7: limit warming to 4°C (>50%)
REMIND 2.1,LeastTotalCost_Base_brkSR15_SSP5_P50,29.5731,37.3118,63.0755,94.7463,122.0163,145.3465,150.7453,131.6327,104.1473,76.1114,C8,C8: exceed warming of 4°C (>=50%)
REMIND 2.1,LeastTotalCost_CBA_brkLR15_SSP2_P50,29.6596,31.0872,4.3236,0.0341,0.0122,0.0043,0.0017,0.0018,0.0019,0.0017,C3,C3: limit warming to 2°C (>67%)
REMIND 2.1,LeastTotalCost_CBA_brkSR15_SSP2_P50,29.6596,31.0872,15.3484,0.9794,0.0439,0.0133,0.0039,0.0018,0.0019,0.0017,C3,C3: limit warming to 2°C (>67%)
REMIND 2.1,LeastTotalCost_CEA_brkLR15_SSP2_P50,29.6596,31.0872,19.4367,1.2041,0.0231,0.0074,0.0024,0.0017,0.0018,0.0017,C3,C3: limit warming to 2°C (>67%)
REMIND 2.1,LeastTotalCost_CEA_brkSR15_SSP2_P50,29.6596,31.0872,19.1992,1.1724,0.0225,0.0073,0.0024,0.0017,0.0018,0.0017,C3,C3: limit warming to 2°C (>67%)
REMIND 2.1,LeastTotalCost_LTC_brkLR15_SSP1_P50,29.6596,31.0872,4.2759,0.0255,0.011,0.0039,0.0017,0.0018,0.0019,0.0017,C1,C1: limit warming to 1.5°C (>50%) with no or limited overshoot
REMIND 2.1,LeastTotalCost_LTC_brkLR15_SSP2_P50,29.6596,31.0872,4.3228,0.0341,0.0122,0.0043,0.0017,0.0018,0.0019,0.0017,C3,C3: limit warming to 2°C (>67%)
REMIND 2.1,LeastTotalCost_LTC_brkLR15_SSP5_P50,29.6596,31.0872,5.8328,0.1291,0.0908,0.0815,0.068,0.041,0.007,0.0017,C3,C3: limit warming to 2°C (>67%)
REMIND 2.1,LeastTotalCost_LTC_brkSR15_SSP1_P50,29.6596,31.0872,17.0814,1.0452,0.0193,0.0061,0.0017,0.0018,0.0019,0.0017,C2,C2: return warming to 1.5°C (>50%) after a high overshoot
REMIND 2.1,LeastTotalCost_LTC_brkSR15_SSP2_P50,29.6596,31.0872,12.9055,0.4628,0.0195,0.0056,0.0017,0.0018,0.0019,0.0017,C3,C3: limit warming to 2°C (>67%)
REMIND 2.1,LeastTotalCost_LTC_brkSR15_SSP5_P50,29.6596,31.0872,11.6178,0.6719,0.0412,0.0337,0.0404,0.071,0.1264,0.1927,C3,C3: limit warming to 2°C (>67%)
REMIND 2.1,LeastTotalCost_NDC_brkLR15_SSP2_P50,29.6485,31.1263,27.9932,15.3934,10.6075,6.6963,1.9603,0.3926,0.002,0.0017,C5,C5: limit warming to 2.5°C (>50%)
REMIND 2.1,LeastTotalCost_NDC_brkSR15_SSP2_P50,29.7158,31.1587,28.2361,16.1039,11.3787,7.5244,2.5553,0.6974,0.0035,0.0017,C5,C5: limit warming to 2.5°C (>50%)
REMIND 2.1,LeastTotalCost_NPi_brkLR15_SSP1_P50,29.6485,31.1263,34.7864,36.7873,34.5801,33.6997,29.5578,20.6952,12.2381,5.1426,C5,C5: limit warming to 2.5°C (>50%)
REMIND 2.1,LeastTotalCost_NPi_brkLR15_SSP2_P50,29.6485,31.1263,35.0026,37.3264,40.9973,42.1978,40.3561,30.3991,18.4841,8.2737,C7,C7: limit warming to 4°C (>50%)
REMIND 2.1,LeastTotalCost_NPi_brkLR15_SSP5_P50,29.6485,31.1263,42.9494,70.4322,99.1505,129.7331,147.044,135.4357,106.8584,75.6172,C8,C8: exceed warming of 4°C (>=50%)
REMIND 2.1,LeastTotalCost_NPi_brkSR15_SSP1_P50,29.7158,31.1587,34.9701,37.3391,35.6473,34.4509,29.8796,20.6268,11.9806,4.7094,C5,C5: limit warming to 2.5°C (>50%)
REMIND 2.1,LeastTotalCost_NPi_brkSR15_SSP2_P50,29.7158,31.1587,34.9523,38.2368,42.555,43.4824,41.6342,31.4304,18.9451,8.2687,C7,C7: limit warming to 4°C (>50%)
REMIND 2.1,LeastTotalCost_NPi_brkSR15_SSP5_P50,29.7158,31.1587,43.1239,70.9922,100.4861,130.7184,146.2424,133.1251,103.39,71.4404,C8,C8: exceed warming of 4°C (>=50%)
REMIND 2.1,R2p1_SSP1-Base,30.7492,36.5894,46.2902,45.6602,35.7036,25.3427,15.2792,6.1454,3.6483,2.4314,C6,C6: limit warming to 3°C (>50%)
REMIND 2.1,R2p1_SSP1-NDC,30.321,31.2411,24.972,12.1972,2.6423,0.2781,0.1715,0.1094,0.0213,0.0082,C5,C5: limit warming to 2.5°C (>50%)
REMIND 2.1,R2p1_SSP1-NPi,30.321,31.2411,32.4066,31.4821,22.1528,13.3555,8.4279,3.7247,1.9551,1.41,C5,C5: limit warming to 2.5°C (>50%)
REMIND 2.1,R2p1_SSP1-PkBudg1100,30.321,31.2411,12.1571,0.5075,0.0114,0.0038,0.0017,0.0018,0.0019,0.0017,C2,C2: return warming to 1.5°C (>50%) after a high overshoot
REMIND 2.1,R2p1_SSP1-PkBudg1300,30.321,31.2411,18.0679,2.2663,0.0157,0.0048,0.0018,0.0018,0.0018,0.0017,C2,C2: return warming to 1.5°C (>50%) after a high overshoot
REMIND 2.1,R2p1_SSP1-PkBudg900,30.321,31.2411,4.671,0.0199,0.0078,0.0029,0.0017,0.0018,0.0019,0.0017,C1,C1: limit warming to 1.5°C (>50%) with no or limited overshoot
REMIND 2.1,R2p1_SSP2-Base,30.321,35.8271,43.4942,40.3765,32.3007,23.5267,14.3715,5.7384,2.715,1.9676,C7,C7: limit warming to 4°C (>50%)
REMIND 2.1,R2p1_SSP2-NDC,30.321,31.2411,24.7831,9.4598,4.2533,0.9697,0.4548,0.6185,0.7326,0.6942,C5,C5: limit warming to 2.5°C (>50%)
REMIND 2.1,R2p1_SSP2-NPi,30.321,31.2411,32.6911,30.8762,25.5673,18.0022,12.3447,6.6917,2.91,1.7262,C7,C7: limit warming to 4°C (>50%)
REMIND 2.1,R2p1_SSP2-PkBudg1100,30.321,31.2411,11.9701,0.4854,0.0118,0.0039,0.0017,0.0018,0.0019,0.0017,C3,C3: limit warming to 2°C (>67%)
REMIND 2.1,R2p1_SSP2-PkBudg1300,30.321,31.2411,15.8195,1.4424,0.0153,0.006,0.0068,0.0115,0.013,0.0104,C3,C3: limit warming to 2°C (>67%)
REMIND 2.1,R2p1_SSP2-PkBudg900,30.321,31.2411,4.8013,0.021,0.0084,0.003,0.0017,0.0019,0.0019,0.0017,C1,C1: limit warming to 1.5°C (>50%) with no or limited overshoot
REMIND 2.1,R2p1_SSP5-Base,30.1318,37.0106,63.7786,95.0136,121.3468,147.8969,158.0294,146.5324,124.721,96.2852,C8,C8: exceed warming of 4°C (>=50%)
REMIND 2.1,R2p1_SSP5-NDC,30.321,31.2411,32.4004,40.4171,46.277,53.7045,53.6541,41.9747,27.4482,14.2147,C7,C7: limit warming to 4°C (>50%)
REMIND 2.1,R2p1_SSP5-NPi,30.321,31.2411,40.189,66.8971,98.0722,129.3733,151.5879,146.2553,120.9832,90.4366,C8,C8: exceed warming of 4°C (>=50%)
REMIND 2.1,R2p1_SSP5-PkBudg1100,30.321,31.2411,7.9154,0.5653,0.0086,0.0032,0.0172,0.0687,0.1659,0.3025,C2,C2: return warming to 1.5°C (>50%) after a high overshoot
REMIND 2.1,R2p1_SSP5-PkBudg1300,30.321,31.2411,15.1503,2.5951,0.0105,0.0038,0.0168,0.0711,0.1789,0.3306,C3,C3: limit warming to 2°C (>67%)
REMIND 2.1,R2p1_SSP5-PkBudg900,30.321,31.2411,5.432,0.0178,0.0069,0.0027,0.0017,0.0019,0.0019,0.0017,C1,C1: limit warming to 1.5°C (>50%) with no or limited overshoot
REMIND 2.1,TechCost-SSP2-B1100-bioH,29.6391,31.5647,12.7458,0.4563,0.0111,0.0037,0.0017,0.0018,0.0019,0.0017,C3,C3: limit warming to 2°C (>67%)
REMIND 2.1,TechCost-SSP2-B1100-ccsH,29.6391,31.408,13.3184,0.4745,0.0745,0.1558,0.2643,0.3694,0.448,0.505,C3,C3: limit warming to 2°C (>67%)
REMIND 2.1,TechCost-SSP2-B1100-coalH,29.6391,32.1326,13.0712,0.4747,0.0108,0.0037,0.0017,0.0018,0.0019,0.0017,C3,C3: limit warming to 2°C (>67%)
REMIND 2.1,TechCost-SSP2-B1100-elh2H,29.6391,31.8687,13.336,0.4642,0.0111,0.0038,0.0017,0.0018,0.0019,0.0017,C3,C3: limit warming to 2°C (>67%)
REMIND 2.1,TechCost-SSP2-B1100-gasH,29.6391,30.9519,11.8765,0.4385,0.0106,0.0037,0.0016,0.0018,0.0019,0.0017,C3,C3: limit warming to 2°C (>67%)
REMIND 2.1,TechCost-SSP2-B1100-nucH,29.6391,31.3983,12.1519,0.4525,0.01,0.0032,0.0016,0.0018,0.0019,0.0017,C3,C3: limit warming to 2°C (>67%)
REMIND 2.1,TechCost-SSP2-B1100-oilH,29.6391,31.2432,10.5706,0.275,0.0102,0.0035,0.0016,0.0018,0.0019,0.0017,C3,C3: limit warming to 2°C (>67%)
REMIND 2.1,TechCost-SSP2-B1100-spvH,29.6391,31.353,11.5975,0.3642,0.0109,0.0036,0.0016,0.0018,0.0019,0.0017,C3,C3: limit warming to 2°C (>67%)
REMIND 2.1,TechCost-SSP2-B1100-windH,29.6391,31.1327,11.0597,0.0245,0.0101,0.0032,0.0016,0.0018,0.0019,0.0017,C3,C3: limit warming to 2°C (>67%)
REMIND-Buildings 2.0,BEG-Base,30.4984,40.0508,57.0242,71.8734,82.888,90.5171,85.9122,71.1618,49.5309,29.2293,C7,C7: limit warming to 4°C (>50%)
REMIND-Buildings 2.0,BEG-Budg600,30.4984,40.0508,13.6147,0.0212,0.0119,0.0053,0.0018,0.0019,0.0019,0.0017,C2,C2: return warming to 1.5°C (>50%) after a high overshoot
REMIND-Buildings 2.0,BEG-Budg600-EG,30.4984,40.0508,12.003,0.0212,0.0118,0.0052,0.0017,0.0019,0.0019,0.0017,C2,C2: return warming to 1.5°C (>50%) after a high overshoot
REMIND-Buildings 2.0,BEG-EG,30.4984,40.0508,51.2941,63.5328,75.4804,83.9383,81.6912,69.0868,47.0635,26.1416,C7,C7: limit warming to 4°C (>50%)
REMIND-H13 2.1,START_BAU,30.5512,36.8855,47.2263,52.0976,55.6863,59.2653,57.588,48.2678,33.855,20.4802,failed-vetting,failed-vetting
REMIND-H13 2.1,START_Current_Policies,30.5512,32.8128,37.0965,39.6594,44.9969,51.1546,52.3996,43.5343,29.0515,15.0236,failed-vetting,failed-vetting
REMIND-H13 2.1,START_Net-zero,30.5512,32.8128,19.6181,2.7033,0.0536,0.0814,0.1241,0.1611,0.1762,0.1666,failed-vetting,failed-vetting
REMIND-H13 2.1,START_Net-zero_noLandUse_CDRlim,30.5512,32.8128,18.043,2.5681,0.0616,0.0818,0.1089,0.133,0.1729,0.1866,failed-vetting,failed-vetting
REMIND-H13 2.1,START_Net-zero_noNuc_lowVRE,30.5512,32.8128,19.2196,3.4575,0.092,0.1711,0.2578,0.3153,0.333,0.3191,failed-vetting,failed-vetting
REMIND-MAgPIE 1.5,SSP1-19,31.02,32.49,16.74,3.272,0.0254,0.0098,0.0016,0.0021,0.0022,0.0386,C2,C2: return warming to 1.5°C (>50%) after a high overshoot
REMIND-MAgPIE 1.5,SSP1-26,31.02,32.49,21.55,9.688,3.089,0.4905000000000001,0.1032,0.0626,0.0199,0.0031,C4,C4: limit warming to 2°C (>50%)
REMIND-MAgPIE 1.5,SSP1-34,31.02,32.49,37.89,38.18,31.98,22.34,9.832,2.269,0.4629,0.1974,C5,C5: limit warming to 2.5°C (>50%)
REMIND-MAgPIE 1.5,SSP1-45,31.02,32.49,41.98,51.69,55.73,52.64,43.71,31.34,20.16,13.12,C6,C6: limit warming to 3°C (>50%)
REMIND-MAgPIE 1.5,SSP1-Baseline,31.02,37.55,50.11,60.28,69.55,74.87,76.3,72.39,64.38,56.35,C7,C7: limit warming to 4°C (>50%)
REMIND-MAgPIE 1.5,SSP2-19,32.37,38.71,20.77,5.242999999999999,0.0098,0.0035,0.0016,0.002,0.0021,0.0019,C1,C1: limit warming to 1.5°C (>50%) with no or limited overshoot
REMIND-MAgPIE 1.5,SSP2-26,32.37,38.71,22.26,6.614,0.076,0.0282,0.0098,0.0041,0.0021,0.0019,C3,C3: limit warming to 2°C (>67%)
REMIND-MAgPIE 1.5,SSP2-34,32.37,38.71,31.11,14.52,2.987,0.1845,0.0379,0.0157,0.0038,0.0019,C5,C5: limit warming to 2.5°C (>50%)
REMIND-MAgPIE 1.5,SSP2-45,32.37,38.71,38.13,25.9,11.4,3.367,0.5206000000000001,0.168999999999999,0.1607,0.2755,C6,C6: limit warming to 3°C (>50%)
REMIND-MAgPIE 1.5,SSP2-60,32.37,38.71,43.3,43.53,35.04,22.44,12.74,4.931,1.732,2.723,C7,C7: limit warming to 4°C (>50%)
REMIND-MAgPIE 1.5,SSP2-Baseline,32.37,42.78,52.15,54.67,48.74,37.71,26.21,16.18,9.519,5.972,C7,C7: limit warming to 4°C (>50%)
REMIND-MAgPIE 1.5,SSP5-19,30.62,30.56,15.32,3.161,0.0142,0.0057,0.0016,0.002,0.0021,0.0019,C2,C2: return warming to 1.5°C (>50%) after a high overshoot
REMIND-MAgPIE 1.5,SSP5-26,30.62,30.56,16.6,4.39,0.0511,0.0259,0.0142,0.0073,0.0025,0.0019,C4,C4: limit warming to 2°C (>50%)
REMIND-MAgPIE 1.5,SSP5-34,30.62,30.56,19.46,7.726,2.457,1.02,0.8029999999999989,0.4732,0.1762,0.1573,C5,C5: limit warming to 2.5°C (>50%)
REMIND-MAgPIE 1.5,SSP5-45,30.62,30.56,20.75,11.39,8.499,6.919,6.695,6.638,7.093999999999999,8.796,C6,C6: limit warming to 3°C (>50%)
REMIND-MAgPIE 1.5,SSP5-60,30.62,30.56,29.48,27.88,25.65,23.25,18.82,15.4,15.6,15.77,C7,C7: limit warming to 4°C (>50%)
REMIND-MAgPIE 1.5,SSP5-Baseline,30.62,37.19,52.54,76.91,103.5,128.9,147.1,153.6,147.3,131.3,C8,C8: exceed warming of 4°C (>=50%)
REMIND-MAgPIE 1.7-3.0,CD-LINKS_INDC2030i_1000,26.8647,31.7173,27.8895,9.5486,0.9425,0.9647,0.8369000000000001,0.5442,0.1485,0.0035,C2,C2: return warming to 1.5°C (>50%) after a high overshoot
REMIND-MAgPIE 1.7-3.0,CD-LINKS_INDC2030i_1600,26.8647,31.7173,27.8895,9.7075,1.4497,1.8209,1.705,1.2715,0.5735,0.0961,C4,C4: limit warming to 2°C (>50%)
REMIND-MAgPIE 1.7-3.0,CD-LINKS_INDC2030i_400,26.8647,31.7173,27.8895,9.2222,0.0899,0.073,0.0438,0.0074,0.0018,0.0017,C2,C2: return warming to 1.5°C (>50%) after a high overshoot
REMIND-MAgPIE 1.7-3.0,CD-LINKS_INDCi,26.8647,31.7173,27.8895,24.634,15.9807,7.086,1.5143,0.076,0.0057,0.0016,C7,C7: limit warming to 4°C (>50%)
REMIND-MAgPIE 1.7-3.0,CD-LINKS_NDC2030i_1000,26.8647,31.7173,27.8895,9.5486,0.9425,0.9647,0.8369000000000001,0.5442,0.1485,0.0035,C3,C3: limit warming to 2°C (>67%)
REMIND-MAgPIE 1.7-3.0,CD-LINKS_NPi,26.8647,31.7173,35.3662,38.5802,32.4084,22.2308,9.2461,3.7401,0.1856,0.0096,C7,C7: limit warming to 4°C (>50%)
REMIND-MAgPIE 1.7-3.0,CD-LINKS_NPi2020_1000,26.8647,31.7173,10.6541,1.4173,1.9177,1.8398,1.4458,0.7236,0.1479,0.0141,C2,C2: return warming to 1.5°C (>50%) after a high overshoot
REMIND-MAgPIE 1.7-3.0,CD-LINKS_NPi2020_1600,26.8647,31.7173,18.1562,3.717,2.3954,2.4249,2.0175,1.1839,0.3347,0.0191,C4,C4: limit warming to 2°C (>50%)
REMIND-MAgPIE 1.7-3.0,CD-LINKS_NPi2020_400,26.8647,31.7173,9.7385,0.484,0.5642,0.5141,0.387,0.154,0.0068,0.0017,C1,C1: limit warming to 1.5°C (>50%) with no or limited overshoot
REMIND-MAgPIE 1.7-3.0,CD-LINKS_NoPolicy,26.8647,36.1251,45.456,47.3604,37.4514,23.4058,6.5352,1.6086,0.1046,0.0035,C7,C7: limit warming to 4°C (>50%)
REMIND-MAgPIE 1.7-3.0,CO_2Deg2020,27.3056,31.1901,12.3832,1.6538,1.9976,1.8412,1.3626,0.625,0.0973,0.0045,C2,C2: return warming to 1.5°C (>50%) after a high overshoot
REMIND-MAgPIE 1.7-3.0,CO_2Deg2030,27.3056,32.6564,29.6882,10.3762,0.7408,0.7404,0.6341,0.4025,0.1046,0.0022,C2,C2: return warming to 1.5°C (>50%) after a high overshoot
REMIND-MAgPIE 1.7-3.0,CO_BAU,27.3056,36.976,46.8853,49.9052,40.0513,25.0751,7.4458,2.1339,0.1734,0.0137,C7,C7: limit warming to 4°C (>50%)
REMIND-MAgPIE 1.7-3.0,CO_Bridge,27.3056,31.2979,22.8423,8.0916,2.7995,2.5469,1.9182,0.8474,0.1019,0.0017,C2,C2: return warming to 1.5°C (>50%) after a high overshoot
REMIND-MAgPIE 1.7-3.0,CO_CurPol,27.3056,32.6564,37.0958,41.3875,35.1702,24.4257,10.0114,4.1018,0.2625,0.028,C7,C7: limit warming to 4°C (>50%)
REMIND-MAgPIE 1.7-3.0,CO_GPP,27.3056,31.2979,22.8423,12.2949,6.2818,5.5644,4.914,3.2059,1.2928,0.2757,C5,C5: limit warming to 2.5°C (>50%)
REMIND-MAgPIE 1.7-3.0,CO_NDCplus,27.3056,32.6564,29.6882,27.7818,18.5746,8.5306,1.9105,0.1686,0.0136,0.002,C7,C7: limit warming to 4°C (>50%)
REMIND-MAgPIE 1.7-3.0,EMF33_1.5C_cost100,29.0616,41.9931,16.1375,0.2015,0.2022,0.1599,0.0939,0.0361,0.0048,0.0021,C2,C2: return warming to 1.5°C (>50%) after a high overshoot
REMIND-MAgPIE 1.7-3.0,EMF33_1.5C_full,29.0616,41.9931,16.2158,0.2892,0.3163,0.2686999999999999,0.1793,0.0807,0.0159,0.0021,C2,C2: return warming to 1.5°C (>50%) after a high overshoot
REMIND-MAgPIE 1.7-3.0,EMF33_1.5C_nofuel,29.0616,41.9931,16.0715,0.0664,0.0456,0.0218,0.0012,0.0022,0.0022,0.0021,C1,C1: limit warming to 1.5°C (>50%) with no or limited overshoot
REMIND-MAgPIE 1.7-3.0,EMF33_Baseline,29.0616,48.47840000000001,69.0639,78.713,71.0671,50.47640000000001,26.559,10.4754,2.6074,0.4921,C8,C8: exceed warming of 4°C (>=50%)
REMIND-MAgPIE 1.7-3.0,EMF33_Med2C_cost100,29.0616,41.9931,35.4618,14.7037,7.5133,7.9144,7.066899999999999,4.5612,1.6409,0.3471,C4,C4: limit warming to 2°C (>50%)
REMIND-MAgPIE 1.7-3.0,EMF33_Med2C_full,29.0616,41.9931,39.0057,20.784,8.773299999999999,8.0896,6.8476,4.3196,1.2596,0.026,C5,C5: limit warming to 2.5°C (>50%)
REMIND-MAgPIE 1.7-3.0,EMF33_Med2C_limbio,29.0616,41.9931,25.1846,5.8318,9.1169,11.8393,11.6516,8.602599999999999,4.465199999999999,1.4538,C3,C3: limit warming to 2°C (>67%)
REMIND-MAgPIE 1.7-3.0,EMF33_Med2C_nobeccs,29.0616,41.9931,21.8146,5.1957,10.666,13.7972,13.4785,10.1653,5.7624,2.5398,C4,C4: limit warming to 2°C (>50%)
REMIND-MAgPIE 1.7-3.0,EMF33_Med2C_nofuel,29.0616,41.9931,36.1822,13.4444,3.6055,3.2992,2.6679,1.4564,0.3239,0.002,C4,C4: limit warming to 2°C (>50%)
REMIND-MAgPIE 1.7-3.0,EMF33_Med2C_none,29.0616,41.9931,18.1833,4.9953,10.8882,14.3053,14.0035,10.6833,6.1361,2.6026,C4,C4: limit warming to 2°C (>50%)
REMIND-MAgPIE 1.7-3.0,EMF33_WB2C_cost100,29.0616,41.9931,21.715,1.1907,1.2265,1.3279,1.1063,0.6345000000000001,0.2926,0.0886,C3,C3: limit warming to 2°C (>67%)
REMIND-MAgPIE 1.7-3.0,EMF33_WB2C_full,29.0616,41.9931,23.9921,2.115,1.3606,1.5593,1.382,0.9017,0.4287,0.1164,C3,C3: limit warming to 2°C (>67%)
REMIND-MAgPIE 1.7-3.0,EMF33_WB2C_limbio,29.0616,41.9931,17.2716,6.7015,13.1111,16.4469,16.2002,12.1111,6.671799999999999,2.9262,C3,C3: limit warming to 2°C (>67%)
REMIND-MAgPIE 1.7-3.0,EMF33_WB2C_nobeccs,29.0616,41.9931,17.4252,9.1488,20.5156,29.8075,34.707,32.0903,23.1532,13.5598,C3,C3: limit warming to 2°C (>67%)
REMIND-MAgPIE 1.7-3.0,EMF33_WB2C_nofuel,29.0616,41.9931,21.2316,0.4162999999999999,0.1966,0.1464,0.0729,0.0125,0.0022,0.0021,C3,C3: limit warming to 2°C (>67%)
REMIND-MAgPIE 1.7-3.0,EMF33_WB2C_none,29.0616,41.9931,16.3773,1.1574,1.2819,1.3058,1.8738,2.0557,1.6809,1.6957,C3,C3: limit warming to 2°C (>67%)
REMIND-MAgPIE 1.7-3.0,EMF33_tax_hi_full,29.0616,48.47840000000001,33.2318,4.594999999999999,0.4391,0.3542999999999999,0.226,0.0688,0.0079,0.0021,C3,C3: limit warming to 2°C (>67%)
REMIND-MAgPIE 1.7-3.0,EMF33_tax_hi_none,29.0616,48.47840000000001,33.6595,8.927100000000001,10.6208,14.7054,15.0405,11.8044,7.204200000000002,3.6051,C4,C4: limit warming to 2°C (>50%)
REMIND-MAgPIE 1.7-3.0,EMF33_tax_lo_full,29.0616,48.47840000000001,51.09370000000001,39.5719,20.301,12.2211,10.763,8.3673,4.8512,2.789,C5,C5: limit warming to 2.5°C (>50%)
REMIND-MAgPIE 1.7-3.0,EMF33_tax_lo_none,29.0616,48.47840000000001,50.6434,40.1542,23.6104,19.5289,19.5078,15.9465,9.6465,4.5144,C5,C5: limit warming to 2.5°C (>50%)
REMIND-MAgPIE 1.7-3.0,PEP_1p5C_full_NDC,27.3056,32.6564,29.6882,10.1094,0.0778,0.0595,0.0321,0.0026,0.0018,0.0017,C2,C2: return warming to 1.5°C (>50%) after a high overshoot
REMIND-MAgPIE 1.7-3.0,PEP_1p5C_full_eff,27.3056,31.1901,9.2921,0.6902,0.7213,0.6183000000000001,0.3955,0.1336,0.0032,0.0017,C1,C1: limit warming to 1.5°C (>50%) with no or limited overshoot
REMIND-MAgPIE 1.7-3.0,PEP_1p5C_full_goodpractice,27.3056,31.7366,24.2124,7.3871,0.9486,0.7715000000000001,0.4379,0.026,0.0017,0.0017,C2,C2: return warming to 1.5°C (>50%) after a high overshoot
REMIND-MAgPIE 1.7-3.0,PEP_1p5C_full_netzero,27.3056,31.1901,18.8822,4.5532,1.513,1.2544,0.7279,0.0729,0.0042,0.0017,C2,C2: return warming to 1.5°C (>50%) after a high overshoot
REMIND-MAgPIE 1.7-3.0,PEP_1p5C_red_eff,27.3056,31.1901,9.0666,0.1188,0.0954,0.0576,0.0015,0.0018,0.0019,0.0018,C1,C1: limit warming to 1.5°C (>50%) with no or limited overshoot
REMIND-MAgPIE 1.7-3.0,PEP_2C_full_NDC,27.3056,32.6564,29.6882,10.3762,0.7408,0.7404000000000001,0.6341,0.4025,0.1046,0.0022,C2,C2: return warming to 1.5°C (>50%) after a high overshoot
REMIND-MAgPIE 1.7-3.0,PEP_2C_full_eff,27.3056,31.1901,12.3832,1.6538,1.9976,1.8412,1.3626,0.625,0.0973,0.0045,C2,C2: return warming to 1.5°C (>50%) after a high overshoot
REMIND-MAgPIE 1.7-3.0,PEP_2C_full_goodpractice,27.3056,31.7366,24.2124,8.3399,2.7376,2.5646,1.9877,0.9693,0.1839,0.0033,C2,C2: return warming to 1.5°C (>50%) after a high overshoot
REMIND-MAgPIE 1.7-3.0,PEP_2C_full_netzero,27.3056,31.1901,18.8822,5.4841,3.0215,2.7362,1.9907,0.7996000000000001,0.1098,0.0027,C2,C2: return warming to 1.5°C (>50%) after a high overshoot
REMIND-MAgPIE 1.7-3.0,PEP_2C_red_NDC,27.3056,32.6564,29.6882,10.109,0.0761,0.0597,0.0327,0.0033,0.0022,0.0084,C2,C2: return warming to 1.5°C (>50%) after a high overshoot
REMIND-MAgPIE 1.7-3.0,PEP_2C_red_eff,27.3056,31.1901,9.2074,0.3936,0.4141,0.344,0.2056,0.0798,0.0104,0.0031,C1,C1: limit warming to 1.5°C (>50%) with no or limited overshoot
REMIND-MAgPIE 1.7-3.0,PEP_2C_red_goodpractice,27.3056,31.7366,24.2124,7.3415,0.9004000000000001,0.7264,0.4023000000000001,0.0121,0.0017,0.0017,C2,C2: return warming to 1.5°C (>50%) after a high overshoot
REMIND-MAgPIE 1.7-3.0,PEP_2C_red_netzero,27.3056,31.1901,18.8822,4.4309,1.3775,1.1361,0.6533,0.0571,0.0257,0.0159,C2,C2: return warming to 1.5°C (>50%) after a high overshoot
REMIND-MAgPIE 1.7-3.0,PEP_NDC,27.3056,32.6564,29.6882,27.7818,18.5746,8.5306,1.9105,0.1686,0.0136,0.002,C7,C7: limit warming to 4°C (>50%)
REMIND-MAgPIE 1.7-3.0,PEP_NPi,27.3056,32.6564,37.0958,41.3875,35.1702,24.4257,10.0114,4.1018,0.2625,0.028,C7,C7: limit warming to 4°C (>50%)
REMIND-MAgPIE 1.7-3.0,PEP_NoPolicy,27.3056,36.976,46.8853,49.9052,40.0513,25.0751,7.4458,2.1339,0.1734,0.0137,C7,C7: limit warming to 4°C (>50%)
REMIND-MAgPIE 1.7-3.0,PEP_goodpractice,27.3056,31.7366,24.2124,15.437,10.5491,6.1864,4.3863,2.9466,1.3972,0.3701,C6,C6: limit warming to 3°C (>50%)
REMIND-MAgPIE 1.7-3.0,PEP_netzero,27.3056,31.1901,18.8822,9.5599,5.4952,4.6922,3.997,2.45,1.035,0.2432,C5,C5: limit warming to 2.5°C (>50%)
REMIND-MAgPIE 1.7-3.0,SMP_1p5C_Def,27.5485,21.4863,2.8385,0.4454,0.4639,0.4076,0.2784,0.0866,0.0019,0.0017,failed-vetting,failed-vetting
REMIND-MAgPIE 1.7-3.0,SMP_1p5C_Sust,27.5485,15.152,0.0638,0.0274,0.0214,0.0153,0.0109,0.0046,0.0023,0.0017,failed-vetting,failed-vetting
REMIND-MAgPIE 1.7-3.0,SMP_1p5C_early,27.5485,14.3956,0.0836,0.2199,0.2358,0.2106,0.1515,0.0514,0.0026,0.0017,failed-vetting,failed-vetting
REMIND-MAgPIE 1.7-3.0,SMP_1p5C_lifesty,27.5485,23.8837,3.9797,0.6852,0.8486,0.7862,0.5958,0.278999999999999,0.0442,0.0018,failed-vetting,failed-vetting
REMIND-MAgPIE 1.7-3.0,SMP_1p5C_regul,27.5485,20.972,2.283,0.0165,0.0077,0.0024,0.0015,0.0018,0.0019,0.0017,failed-vetting,failed-vetting
REMIND-MAgPIE 1.7-3.0,SMP_2C_Def,27.5485,28.7004,9.4066,1.0079,1.0388,0.939,0.6884,0.2859,0.032,0.0017,failed-vetting,failed-vetting
REMIND-MAgPIE 1.7-3.0,SMP_2C_Sust,27.5485,22.5068,3.4535,0.7674000000000001,0.7422000000000001,0.6758000000000001,0.509,0.3252,0.2809,0.2925,failed-vetting,failed-vetting
REMIND-MAgPIE 1.7-3.0,SMP_2C_early,27.5485,17.482,0.4292,0.8357,1.1414,1.1207,0.9245,0.5690000000000001,0.2753,0.1603,failed-vetting,failed-vetting
REMIND-MAgPIE 1.7-3.0,SMP_2C_lifesty,27.5485,30.2614,15.0479,3.0721,1.9358,2.0336,1.7536,1.0726,0.3955,0.0885,C1,C1: limit warming to 1.5°C (>50%) with no or limited overshoot
REMIND-MAgPIE 1.7-3.0,SMP_2C_regul,27.5485,27.048,6.7511,0.1063,0.0219,0.011,0.0061,0.0022,0.0019,0.0017,failed-vetting,failed-vetting
REMIND-MAgPIE 1.7-3.0,SMP_REF_Def,27.5485,37.9808,49.0646,52.7638,42.1157,26.5867,6.9884,1.5226,0.1234,0.0136,C7,C7: limit warming to 4°C (>50%)
REMIND-MAgPIE 1.7-3.0,SMP_REF_Sust,27.7484,39.0689,54.0424,66.657,63.775,50.0348,32.5957,16.578,5.276,3.0053,C7,C7: limit warming to 4°C (>50%)
REMIND-MAgPIE 2.0-4.1,Diff_1300Gt_hybrid_def,30.4872,30.7962,19.9484,3.2425,0.0255,0.0113,0.0035,0.0018,0.0019,0.0017,C3,C3: limit warming to 2°C (>67%)
REMIND-MAgPIE 2.0-4.1,Diff_1300Gt_no-transfer_def,30.4872,30.7962,22.1045,8.5093,4.488,0.0856,0.005,0.0018,0.0019,0.0017,C3,C3: limit warming to 2°C (>67%)
REMIND-MAgPIE 2.0-4.1,Diff_1300Gt_uniform-pricing_def,30.4872,30.7962,18.9907,1.6188,0.0508,0.0161,0.0054,0.0018,0.0019,0.0017,C3,C3: limit warming to 2°C (>67%)
REMIND-MAgPIE 2.0-4.1,Diff_No-policy_baseline,30.4872,38.6086,54.4967,65.0394,67.2191,54.9642,32.262,13.6659,4.025,0.396,C7,C7: limit warming to 4°C (>50%)
REMIND-MAgPIE 2.1-4.2,CEMICS_SSP1-1p5C-fullCDR,30.0226,32.1689,6.4129,0.0135,0.0071,0.003,0.0016,0.0018,0.0019,0.0017,C1,C1: limit warming to 1.5°C (>50%) with no or limited overshoot
REMIND-MAgPIE 2.1-4.2,CEMICS_SSP1-1p5C-minCDR,30.0226,32.1689,3.3472,0.0106,0.0083,0.0056,0.0047,0.004,0.0135,0.0237,C1,C1: limit warming to 1.5°C (>50%) with no or limited overshoot
REMIND-MAgPIE 2.1-4.2,CEMICS_SSP1-Npi,30.0226,32.1689,35.733,38.8336,38.4168,39.388,37.9745,29.7574,19.2537,9.188,C6,C6: limit warming to 3°C (>50%)
REMIND-MAgPIE 2.1-4.2,CEMICS_SSP2-1p5C-fullCDR,29.6431,31.096,6.0931,0.0147,0.0078,0.0032,0.0016,0.0018,0.0019,0.0017,C1,C1: limit warming to 1.5°C (>50%) with no or limited overshoot
REMIND-MAgPIE 2.1-4.2,CEMICS_SSP2-1p5C-minCDR,29.6431,31.096,2.779,0.009,0.0461,0.058,0.0545,0.0456,0.1414,0.2357,C1,C1: limit warming to 1.5°C (>50%) with no or limited overshoot
REMIND-MAgPIE 2.1-4.2,CEMICS_SSP2-2C-fullCDR,29.6431,31.096,17.6474,2.5186,0.0167,0.0069,0.0025,0.0018,0.0019,0.0017,C3,C3: limit warming to 2°C (>67%)
REMIND-MAgPIE 2.1-4.2,CEMICS_SSP2-2C-minCDR,29.6431,31.096,10.4128,0.4846,0.0094,0.0036,0.0017,0.0018,0.0434,0.0844,C3,C3: limit warming to 2°C (>67%)
REMIND-MAgPIE 2.1-4.2,CEMICS_SSP2-Npi,29.6431,31.096,34.9918,38.7297,44.3472,49.6955,51.6599,43.5478,29.1057,14.787,C7,C7: limit warming to 4°C (>50%)
REMIND-MAgPIE 2.1-4.2,EN_INDCi2030_1000,30.0269,32.8913,24.9346,0.9843,0.0144,0.0054,0.0042,0.0071,0.0088,0.0076,C3,C3: limit warming to 2°C (>67%)
REMIND-MAgPIE 2.1-4.2,EN_INDCi2030_1000_COV,30.1672,30.6301,24.5788,0.9694,0.0179,0.0067,0.0064,0.0114,0.0158,0.0167,C3,C3: limit warming to 2°C (>67%)
REMIND-MAgPIE 2.1-4.2,EN_INDCi2030_1000_COV_NDCp,30.1672,30.6301,24.3556,0.9744,0.0174,0.0067,0.0064,0.0114,0.0153,0.0156,C3,C3: limit warming to 2°C (>67%)
REMIND-MAgPIE 2.1-4.2,EN_INDCi2030_1000_NDCp,30.0269,32.8913,24.6893,0.9576,0.0141,0.0059,0.0069,0.0142,0.021,0.024,C3,C3: limit warming to 2°C (>67%)
REMIND-MAgPIE 2.1-4.2,EN_INDCi2030_1000f,30.0269,32.8913,24.9346,0.9868,0.0147,0.0055,0.0038,0.0056,0.0066,0.0057,C3,C3: limit warming to 2°C (>67%)
REMIND-MAgPIE 2.1-4.2,EN_INDCi2030_1000f_COV,30.1672,30.6301,24.5788,1.0045,0.018,0.0065,0.0046,0.0058,0.006,0.0049,C3,C3: limit warming to 2°C (>67%)
REMIND-MAgPIE 2.1-4.2,EN_INDCi2030_1000f_COV_NDCp,30.1672,30.6301,24.3556,1.1108,0.018,0.0067,0.0051,0.0066,0.0071,0.0058,C3,C3: limit warming to 2°C (>67%)
REMIND-MAgPIE 2.1-4.2,EN_INDCi2030_1000f_NDCp,30.0269,32.8913,24.6893,0.9625,0.0145,0.0055,0.004,0.0062,0.0074,0.0063,C3,C3: limit warming to 2°C (>67%)
REMIND-MAgPIE 2.1-4.2,EN_INDCi2030_1200,30.0269,32.8913,24.9346,1.1904,0.0252,0.0138,0.0138,0.0186,0.0207,0.0171,C3,C3: limit warming to 2°C (>67%)
REMIND-MAgPIE 2.1-4.2,EN_INDCi2030_1200f,30.0269,32.8913,24.9346,1.1418,0.0251,0.0139,0.0142,0.0196,0.022,0.0181,C3,C3: limit warming to 2°C (>67%)
REMIND-MAgPIE 2.1-4.2,EN_INDCi2030_1400,30.0269,32.8913,24.9346,3.0639,0.2098,0.1708,0.1577,0.1204,0.1064,0.1071,C4,C4: limit warming to 2°C (>50%)
REMIND-MAgPIE 2.1-4.2,EN_INDCi2030_1400f,30.0269,32.8913,24.9346,3.0639,0.2098,0.1708,0.1577,0.1204,0.1064,0.1071,C4,C4: limit warming to 2°C (>50%)
REMIND-MAgPIE 2.1-4.2,EN_INDCi2030_1600,30.0269,32.8913,24.9346,5.2018,0.6275,0.5099,0.4756,0.3919,0.4003,0.4671,C5,C5: limit warming to 2.5°C (>50%)
REMIND-MAgPIE 2.1-4.2,EN_INDCi2030_1600f,30.0269,32.8913,24.9346,5.2018,0.6275,0.5099,0.4756,0.3919,0.4003,0.4671,C5,C5: limit warming to 2.5°C (>50%)
REMIND-MAgPIE 2.1-4.2,EN_INDCi2030_1800,30.0269,32.8913,24.9346,9.6112,1.4095,0.6588,0.6108,0.56,0.5621,0.5898,C5,C5: limit warming to 2.5°C (>50%)
REMIND-MAgPIE 2.1-4.2,EN_INDCi2030_1800f,30.0269,32.8913,24.9346,9.6112,1.4095,0.6588,0.6108,0.56,0.5621,0.5898,C5,C5: limit warming to 2.5°C (>50%)
REMIND-MAgPIE 2.1-4.2,EN_INDCi2030_2000,30.0269,32.8913,24.9346,11.1512,3.6256,0.8892,0.7761,0.6761,0.5369,0.3772,C5,C5: limit warming to 2.5°C (>50%)
REMIND-MAgPIE 2.1-4.2,EN_INDCi2030_2000f,30.0269,32.8913,24.9346,11.0383,3.2405,0.8399,0.7722,0.726,0.7183,0.7176,C5,C5: limit warming to 2.5°C (>50%)
REMIND-MAgPIE 2.1-4.2,EN_INDCi2030_2500,30.0269,32.8913,24.9346,11.5533,6.3645,2.9064,0.8207,0.7844,0.8049,0.7852,C6,C6: limit warming to 3°C (>50%)
REMIND-MAgPIE 2.1-4.2,EN_INDCi2030_2500f,30.0269,32.8913,24.9346,11.5534,6.3598,2.9092,0.8209,0.7845,0.8049,0.785,C6,C6: limit warming to 3°C (>50%)
REMIND-MAgPIE 2.1-4.2,EN_INDCi2030_3000,30.0269,32.8913,24.9346,13.4818,9.3236,4.0633,1.0888,0.7927,0.8117,0.9147,C6,C6: limit warming to 3°C (>50%)
REMIND-MAgPIE 2.1-4.2,EN_INDCi2030_3000f,30.0269,32.8913,24.9346,13.4435,9.3,4.0475,1.062,0.7938,0.8134,0.9061,C6,C6: limit warming to 3°C (>50%)
REMIND-MAgPIE 2.1-4.2,EN_INDCi2030_300f,30.0269,32.8913,24.9346,0.9511,0.0106,0.0041,0.0021,0.0018,0.0019,0.0018,C2,C2: return warming to 1.5°C (>50%) after a high overshoot
REMIND-MAgPIE 2.1-4.2,EN_INDCi2030_400f,30.0269,32.8913,24.9346,0.9515,0.0109,0.0042,0.0021,0.0018,0.0019,0.0017,C2,C2: return warming to 1.5°C (>50%) after a high overshoot
REMIND-MAgPIE 2.1-4.2,EN_INDCi2030_500f,30.0269,32.8913,24.9346,0.9519,0.0113,0.0043,0.0021,0.0018,0.0019,0.0017,C2,C2: return warming to 1.5°C (>50%) after a high overshoot
REMIND-MAgPIE 2.1-4.2,EN_INDCi2030_600_COV,30.1672,30.6301,24.5788,0.8195,0.0086,0.0195,0.0195,0.0236,0.032,0.0932,C2,C2: return warming to 1.5°C (>50%) after a high overshoot
REMIND-MAgPIE 2.1-4.2,EN_INDCi2030_600_COV_NDCp,30.1672,30.6301,24.3556,0.8239,0.008,0.0036,0.0035,0.0075,0.017,0.0704,C2,C2: return warming to 1.5°C (>50%) after a high overshoot
REMIND-MAgPIE 2.1-4.2,EN_INDCi2030_600f,30.0269,32.8913,24.9346,0.9531,0.0118,0.0045,0.0021,0.0018,0.0019,0.0018,C2,C2: return warming to 1.5°C (>50%) after a high overshoot
REMIND-MAgPIE 2.1-4.2,EN_INDCi2030_600f_COV,30.1672,30.6301,24.5788,0.8301,0.0127,0.0046,0.0022,0.0018,0.0019,0.0017,C2,C2: return warming to 1.5°C (>50%) after a high overshoot
REMIND-MAgPIE 2.1-4.2,EN_INDCi2030_600f_COV_NDCp,30.1672,30.6301,24.3556,0.8337,0.0126,0.0046,0.0022,0.0018,0.0019,0.0017,C2,C2: return warming to 1.5°C (>50%) after a high overshoot
REMIND-MAgPIE 2.1-4.2,EN_INDCi2030_600f_NDCp,30.0269,32.8913,24.6893,0.9275,0.0116,0.0044,0.0021,0.0018,0.0019,0.0018,C2,C2: return warming to 1.5°C (>50%) after a high overshoot
REMIND-MAgPIE 2.1-4.2,EN_INDCi2030_700,30.0269,32.8913,24.9346,0.9477,0.0081,0.0045,0.0084,0.0208,0.045,0.1398,C3,C3: limit warming to 2°C (>67%)
REMIND-MAgPIE 2.1-4.2,EN_INDCi2030_700f,30.0269,32.8913,24.9346,0.9556,0.0123,0.0046,0.0022,0.0019,0.0019,0.0018,C3,C3: limit warming to 2°C (>67%)
REMIND-MAgPIE 2.1-4.2,EN_INDCi2030_800,30.0269,32.8913,24.9346,0.9497,0.0095,0.0056,0.0105,0.0239,0.0414,0.0707,C3,C3: limit warming to 2°C (>67%)
REMIND-MAgPIE 2.1-4.2,EN_INDCi2030_800f,30.0269,32.8913,24.9346,0.9569,0.0129,0.0049,0.0024,0.0021,0.0021,0.0018,C3,C3: limit warming to 2°C (>67%)
REMIND-MAgPIE 2.1-4.2,EN_INDCi2030_900,30.0269,32.8913,24.9346,0.9556,0.0122,0.0057,0.0082,0.0175,0.0277,0.0347,C3,C3: limit warming to 2°C (>67%)
REMIND-MAgPIE 2.1-4.2,EN_INDCi2030_900f,30.0269,32.8913,24.9346,0.9711,0.0137,0.0052,0.0033,0.0035,0.0034,0.0028,C3,C3: limit warming to 2°C (>67%)
REMIND-MAgPIE 2.1-4.2,EN_INDCi2100,30.0269,32.8913,24.9346,8.7074,3.2268,0.4081,0.4082,0.5752,0.6999,0.7075,C5,C5: limit warming to 2.5°C (>50%)
REMIND-MAgPIE 2.1-4.2,EN_INDCi2100_COV,30.1672,30.6301,24.5788,8.9759,3.8427,0.7598,0.4187,0.5703,0.7109,0.7177,C5,C5: limit warming to 2.5°C (>50%)
REMIND-MAgPIE 2.1-4.2,EN_INDCi2100_COV_NDCp,30.1672,30.6301,24.3556,8.9948,4.0305,0.9099,0.3922,0.553,0.7041,0.7246,C5,C5: limit warming to 2.5°C (>50%)
REMIND-MAgPIE 2.1-4.2,EN_INDCi2100_NDCp,30.0269,32.8913,24.6893,8.6555,3.1257,0.3969,0.4032,0.5712,0.6948,0.7012,C5,C5: limit warming to 2.5°C (>50%)
REMIND-MAgPIE 2.1-4.2,EN_NPi2020_1000,30.0269,32.8913,13.5539,0.0662,0.0154,0.0055,0.0055,0.0105,0.0123,0.0102,C3,C3: limit warming to 2°C (>67%)
REMIND-MAgPIE 2.1-4.2,EN_NPi2020_1000_COV,30.1672,30.6301,18.3798,0.506,0.0186,0.0081,0.0126,0.025,0.0323,0.0303,C3,C3: limit warming to 2°C (>67%)
REMIND-MAgPIE 2.1-4.2,EN_NPi2020_1000f,30.0269,32.8913,13.3645,0.0597,0.0151,0.0053,0.0053,0.0101,0.0118,0.0098,C3,C3: limit warming to 2°C (>67%)
REMIND-MAgPIE 2.1-4.2,EN_NPi2020_1000f_COV,30.1672,30.6301,19.2309,0.5156,0.0185,0.0073,0.0102,0.0194,0.0228,0.0183,C3,C3: limit warming to 2°C (>67%)
REMIND-MAgPIE 2.1-4.2,EN_NPi2020_1200,30.0269,32.8913,19.9921,0.5409,0.0227,0.0102,0.0164,0.0304,0.0355,0.0286,C3,C3: limit warming to 2°C (>67%)
REMIND-MAgPIE 2.1-4.2,EN_NPi2020_1200f,30.0269,32.8913,20.5902,0.5457,0.0216,0.0107,0.0173,0.0336,0.0409,0.034,C3,C3: limit warming to 2°C (>67%)
REMIND-MAgPIE 2.1-4.2,EN_NPi2020_1400,30.0269,32.8913,24.2214,2.1479,0.0607,0.0412,0.0823,0.1501,0.2079,0.2338,C4,C4: limit warming to 2°C (>50%)
REMIND-MAgPIE 2.1-4.2,EN_NPi2020_1400f,30.0269,32.8913,24.2214,2.1479,0.0607,0.0412,0.0823,0.1501,0.2079,0.2338,C4,C4: limit warming to 2°C (>50%)
REMIND-MAgPIE 2.1-4.2,EN_NPi2020_1600,30.0269,32.8913,26.3607,4.7011,0.1501,0.1192,0.1843,0.3231,0.4452,0.5065,C4,C4: limit warming to 2°C (>50%)
REMIND-MAgPIE 2.1-4.2,EN_NPi2020_1600f,30.0269,32.8913,26.3607,4.7011,0.1501,0.1192,0.1843,0.3231,0.4452,0.5065,C4,C4: limit warming to 2°C (>50%)
REMIND-MAgPIE 2.1-4.2,EN_NPi2020_1800,30.0269,32.8913,27.9189,9.4004,1.3144,0.238,0.2877,0.3892,0.3873,0.2782,C5,C5: limit warming to 2.5°C (>50%)
REMIND-MAgPIE 2.1-4.2,EN_NPi2020_1800f,30.0269,32.8913,27.7328,8.9981,0.9983,0.2368,0.3074,0.4743,0.5834,0.5887,C5,C5: limit warming to 2.5°C (>50%)
REMIND-MAgPIE 2.1-4.2,EN_NPi2020_2000,30.0269,32.8913,28.8659,12.0006,3.1907,0.4769,0.4574,0.561,0.5374,0.3843,C5,C5: limit warming to 2.5°C (>50%)
REMIND-MAgPIE 2.1-4.2,EN_NPi2020_2000f,30.0269,32.8913,28.7173,11.6816,2.6319,0.4215,0.4542,0.6106,0.716,0.7164,C5,C5: limit warming to 2.5°C (>50%)
REMIND-MAgPIE 2.1-4.2,EN_NPi2020_200f,30.0269,32.8913,2.0839,0.0212,0.0087,0.0032,0.0017,0.0019,0.002,0.0018,C1,C1: limit warming to 1.5°C (>50%) with no or limited overshoot
REMIND-MAgPIE 2.1-4.2,EN_NPi2020_2500,30.0269,32.8913,30.082,13.996,5.8497,2.0252,0.5431,0.6734,0.7995,0.7821,C6,C6: limit warming to 3°C (>50%)
REMIND-MAgPIE 2.1-4.2,EN_NPi2020_2500f,30.0269,32.8913,30.0829,13.9998,5.8544,2.0271,0.5432,0.6734,0.7996,0.7824,C6,C6: limit warming to 3°C (>50%)
REMIND-MAgPIE 2.1-4.2,EN_NPi2020_3000,30.0269,32.8913,31.161,17.169,10.6302,4.4136,1.0441,0.8713,0.9029,0.9638,C6,C6: limit warming to 3°C (>50%)
REMIND-MAgPIE 2.1-4.2,EN_NPi2020_3000f,30.0269,32.8913,31.1297,17.0981,10.5766,4.391,1.0269,0.8697,0.9032,0.9623,C6,C6: limit warming to 3°C (>50%)
REMIND-MAgPIE 2.1-4.2,EN_NPi2020_300f,30.0269,32.8913,2.8682,0.0219,0.009,0.0032,0.0017,0.0019,0.002,0.0018,C1,C1: limit warming to 1.5°C (>50%) with no or limited overshoot
REMIND-MAgPIE 2.1-4.2,EN_NPi2020_400,30.0269,32.8913,1.0441,0.0153,0.0059,0.0025,0.0017,0.0019,0.0086,0.0153,C1,C1: limit warming to 1.5°C (>50%) with no or limited overshoot
REMIND-MAgPIE 2.1-4.2,EN_NPi2020_400f,30.0269,32.8913,4.0322,0.0265,0.0095,0.0034,0.0017,0.0019,0.002,0.0018,C1,C1: limit warming to 1.5°C (>50%) with no or limited overshoot
REMIND-MAgPIE 2.1-4.2,EN_NPi2020_500,30.0269,32.8913,1.0639,0.0175,0.0069,0.0027,0.0017,0.0019,0.0077,0.0132,C1,C1: limit warming to 1.5°C (>50%) with no or limited overshoot
REMIND-MAgPIE 2.1-4.2,EN_NPi2020_500f,30.0269,32.8913,4.9747,0.0271,0.0099,0.0034,0.0017,0.0019,0.002,0.0018,C2,C2: return warming to 1.5°C (>50%) after a high overshoot
REMIND-MAgPIE 2.1-4.2,EN_NPi2020_600,30.0269,32.8913,1.9158,0.0205,0.0083,0.0031,0.0017,0.0019,0.0074,0.0126,C1,C1: limit warming to 1.5°C (>50%) with no or limited overshoot
REMIND-MAgPIE 2.1-4.2,EN_NPi2020_600_COV,30.1672,30.6301,3.0561,0.0232,0.0095,0.0037,0.0053,0.0127,0.0197,0.0227,C1,C1: limit warming to 1.5°C (>50%) with no or limited overshoot
REMIND-MAgPIE 2.1-4.2,EN_NPi2020_600f,30.0269,32.8913,6.7095,0.0284,0.0105,0.0036,0.0017,0.0019,0.002,0.0018,C2,C2: return warming to 1.5°C (>50%) after a high overshoot
REMIND-MAgPIE 2.1-4.2,EN_NPi2020_600f_COV,30.1672,30.6301,8.0173,0.0335,0.0119,0.0039,0.0017,0.0019,0.0019,0.0018,C1,C1: limit warming to 1.5°C (>50%) with no or limited overshoot
REMIND-MAgPIE 2.1-4.2,EN_NPi2020_700,30.0269,32.8913,5.2607,0.0273,0.01,0.0035,0.0018,0.002,0.0066,0.0109,C3,C3: limit warming to 2°C (>67%)
REMIND-MAgPIE 2.1-4.2,EN_NPi2020_700f,30.0269,32.8913,7.5826,0.0331,0.0112,0.0038,0.0017,0.0019,0.002,0.0018,C3,C3: limit warming to 2°C (>67%)
REMIND-MAgPIE 2.1-4.2,EN_NPi2020_800,30.0269,32.8913,8.0682,0.0396,0.0116,0.0039,0.0018,0.0022,0.0022,0.002,C3,C3: limit warming to 2°C (>67%)
REMIND-MAgPIE 2.1-4.2,EN_NPi2020_800f,30.0269,32.8913,8.5795,0.0426,0.0121,0.004,0.0018,0.0021,0.0021,0.0019,C3,C3: limit warming to 2°C (>67%)
REMIND-MAgPIE 2.1-4.2,EN_NPi2020_900,30.0269,32.8913,11.3817,0.0485,0.0134,0.0044,0.0027,0.004,0.0044,0.0038,C3,C3: limit warming to 2°C (>67%)
REMIND-MAgPIE 2.1-4.2,EN_NPi2020_900f,30.0269,32.8913,11.2125,0.0482,0.0133,0.0044,0.0026,0.0034,0.0035,0.003,C3,C3: limit warming to 2°C (>67%)
REMIND-MAgPIE 2.1-4.2,EN_NPi2100,30.0269,32.8913,33.306,30.062,23.0388,14.1727,8.0636,4.9145,2.7855,1.3761,C7,C7: limit warming to 4°C (>50%)
REMIND-MAgPIE 2.1-4.2,EN_NPi2100_COV,30.1672,30.6301,30.4554,28.3221,22.7719,15.4066,10.6131,6.9139,3.9636,2.1454,C7,C7: limit warming to 4°C (>50%)
REMIND-MAgPIE 2.1-4.2,EN_NoPolicy,30.0269,36.2581,41.1046,38.307,29.0688,17.0302,7.8885,3.7461,2.0124,1.4609,C7,C7: limit warming to 4°C (>50%)
REMIND-MAgPIE 2.1-4.2,NGFS2_Below 2°C,29.5222,37.8705,17.3907,0.7616,0.018,0.0069,0.0026,0.0021,0.0019,0.0017,C3,C3: limit warming to 2°C (>67%)
REMIND-MAgPIE 2.1-4.2,NGFS2_Below 2°C - IPD-95th,29.5222,37.7796,12.0644,0.0632,0.0176,0.0057,0.0017,0.0018,0.0019,0.0018,C3,C3: limit warming to 2°C (>67%)
REMIND-MAgPIE 2.1-4.2,NGFS2_Below 2°C - IPD-median,29.5222,37.779,13.3613,0.0718,0.0173,0.0057,0.0017,0.0018,0.0019,0.0018,C3,C3: limit warming to 2°C (>67%)
REMIND-MAgPIE 2.1-4.2,NGFS2_Current Policies,29.5222,37.8705,35.3018,29.2224,21.5389,13.2143,7.2183,4.1699,1.9703,0.7893,C7,C7: limit warming to 4°C (>50%)
REMIND-MAgPIE 2.1-4.2,NGFS2_Current Policies - IPD-95th,29.5222,37.7796,34.7311,28.2084,20.1648,11.977,6.5065,3.6184,1.5771,0.4952,C7,C7: limit warming to 4°C (>50%)
REMIND-MAgPIE 2.1-4.2,NGFS2_Current Policies - IPD-median,29.5222,37.779,34.8155,28.4214,20.5892,12.3882,6.773,3.8367,1.7345,0.6909,C7,C7: limit warming to 4°C (>50%)
REMIND-MAgPIE 2.1-4.2,NGFS2_Delayed Transition,29.5222,37.8705,35.3018,1.1533,0.0124,0.0058,0.0029,0.0017,0.0018,0.0017,C3,C3: limit warming to 2°C (>67%)
REMIND-MAgPIE 2.1-4.2,NGFS2_Divergent Net Zero Policies,29.5222,37.8705,6.4159,0.0202,0.0098,0.0037,0.0016,0.0018,0.0019,0.0017,C1,C1: limit warming to 1.5°C (>50%) with no or limited overshoot
REMIND-MAgPIE 2.1-4.2,NGFS2_Nationally Determined Contributions (NDCs),29.5222,37.8705,29.9903,14.5183,2.605,0.4053,0.0796,0.0666,0.0805,0.0968,C5,C5: limit warming to 2.5°C (>50%)
REMIND-MAgPIE 2.1-4.2,NGFS2_Net-Zero 2050,29.5222,37.8705,4.6014,0.019,0.0092,0.0036,0.0017,0.0018,0.0019,0.0017,C1,C1: limit warming to 1.5°C (>50%) with no or limited overshoot
REMIND-MAgPIE 2.1-4.2,NGFS2_Net-Zero 2050 - IPD-95th,29.5222,37.7796,2.7868,0.0189,0.0091,0.0035,0.0017,0.0018,0.0019,0.0017,C1,C1: limit warming to 1.5°C (>50%) with no or limited overshoot
REMIND-MAgPIE 2.1-4.2,NGFS2_Net-Zero 2050 - IPD-median,29.5222,37.779,3.1378,0.0185,0.009,0.0035,0.0017,0.0018,0.0019,0.0017,C1,C1: limit warming to 1.5°C (>50%) with no or limited overshoot
REMIND-MAgPIE 2.1-4.2,SusDev_SDP-NPi,30.0275,32.8221,34.5195,30.8183,21.9843,12.117,5.9046,2.4383,1.5161,0.9859,C5,C5: limit warming to 2.5°C (>50%)
REMIND-MAgPIE 2.1-4.2,SusDev_SDP-PkBudg1000,30.0275,32.8221,6.5614,0.0244,0.0099,0.0037,0.0019,0.0019,0.002,0.0018,C1,C1: limit warming to 1.5°C (>50%) with no or limited overshoot
REMIND-MAgPIE 2.1-4.2,SusDev_SSP1-NDC,30.0275,32.8221,25.9327,10.2716,1.38,0.217,0.1417,0.1,0.0195,0.0092,C5,C5: limit warming to 2.5°C (>50%)
REMIND-MAgPIE 2.1-4.2,SusDev_SSP1-NPi,30.0275,32.8221,32.6923,29.1377,20.6606,10.9335,5.1374,2.8594,1.5166,1.2743,C5,C5: limit warming to 2.5°C (>50%)
REMIND-MAgPIE 2.1-4.2,SusDev_SSP1-PkBudg900,30.0275,32.8221,3.5142,0.0194,0.0079,0.003,0.0017,0.0019,0.002,0.0018,C1,C1: limit warming to 1.5°C (>50%) with no or limited overshoot
REMIND-MAgPIE 2.1-4.2,SusDev_SSP2-NDC,30.0275,32.8221,24.8891,8.6944,3.2317,0.4225,0.4456,0.611,0.7124,0.6569,C5,C5: limit warming to 2.5°C (>50%)
REMIND-MAgPIE 2.1-4.2,SusDev_SSP2-NPi,30.0275,32.8221,33.2653,30.0789,23.1174,14.2861,8.1842,5.0238,2.8884,1.4716,C7,C7: limit warming to 4°C (>50%)
REMIND-MAgPIE 2.1-4.2,SusDev_SSP2-PkBudg900,30.0275,32.8221,4.586,0.0205,0.0085,0.0031,0.0017,0.0019,0.002,0.0018,C1,C1: limit warming to 1.5°C (>50%) with no or limited overshoot
REMIND-MAgPIE 2.1-4.3,DeepElec_SSP2_ HighRE_Budg1100,29.7096,38.7269,7.5112,0.0239,0.012,0.0044,0.0016,0.0018,0.0019,0.0018,C3,C3: limit warming to 2°C (>67%)
REMIND-MAgPIE 2.1-4.3,DeepElec_SSP2_ HighRE_Budg1300,29.7096,38.7269,12.7251,0.0346,0.0152,0.0054,0.0017,0.0018,0.0019,0.0018,C3,C3: limit warming to 2°C (>67%)
REMIND-MAgPIE 2.1-4.3,DeepElec_SSP2_ HighRE_Budg900,29.7096,38.7269,3.1441,0.0181,0.0087,0.0034,0.0016,0.0019,0.002,0.0018,C1,C1: limit warming to 1.5°C (>50%) with no or limited overshoot
REMIND-MAgPIE 2.1-4.3,DeepElec_SSP2_Base,29.7096,40.2966,42.473,38.2548,28.4756,18.9291,12.5332,6.4572,2.7443,1.2439,C7,C7: limit warming to 4°C (>50%)
REMIND-MAgPIE 2.1-4.3,DeepElec_SSP2_Npi,29.7096,38.7269,37.0935,31.3941,23.1481,13.7365,7.0566,3.9472,1.9241,0.7627,C7,C7: limit warming to 4°C (>50%)
REMIND-MAgPIE 2.1-4.3,DeepElec_SSP2_def_Budg1100,29.7096,38.7269,13.7932,0.0378,0.0144,0.0052,0.0017,0.0019,0.0019,0.0018,C2,C2: return warming to 1.5°C (>50%) after a high overshoot
REMIND-MAgPIE 2.1-4.3,DeepElec_SSP2_def_Budg1300,29.7096,38.7269,20.9655,1.5339,0.0225,0.0092,0.0035,0.0025,0.0019,0.0017,C3,C3: limit warming to 2°C (>67%)
REMIND-MAgPIE 2.1-4.3,DeepElec_SSP2_def_Budg900,29.7096,38.7269,4.709,0.0208,0.0103,0.004,0.0017,0.0018,0.0019,0.0018,C1,C1: limit warming to 1.5°C (>50%) with no or limited overshoot
REMIND-Transport 2.1,Transport_Budg1100_Conv,29.831,31.5415,6.23,0.0189,0.0075,0.0029,0.0017,0.0018,0.0019,0.0018,C3,C3: limit warming to 2°C (>67%)
REMIND-Transport 2.1,Transport_Budg1100_Conv-LowD,29.831,31.5415,8.1226,0.0201,0.008,0.003,0.0017,0.0018,0.0019,0.0018,C3,C3: limit warming to 2°C (>67%)
REMIND-Transport 2.1,Transport_Budg1100_ConvSyn,29.831,31.5415,13.4643,0.2559,0.1901,0.1456,0.0559,0.0018,0.002,0.0017,C3,C3: limit warming to 2°C (>67%)
REMIND-Transport 2.1,Transport_Budg1100_ElecPush,29.831,31.5415,9.7635,0.021,0.0084,0.0032,0.0017,0.0019,0.0019,0.0018,C3,C3: limit warming to 2°C (>67%)
REMIND-Transport 2.1,Transport_Budg1100_ElecPush-LowD,29.831,31.5415,11.0719,0.022,0.0089,0.0033,0.0017,0.0019,0.0019,0.0018,C3,C3: limit warming to 2°C (>67%)
REMIND-Transport 2.1,Transport_Budg1100_H2Push,29.831,31.5415,7.3808,0.0197,0.0078,0.003,0.0017,0.0019,0.0019,0.0018,C3,C3: limit warming to 2°C (>67%)
REMIND-Transport 2.1,Transport_NDC_Conv,29.831,31.5415,26.4963,14.6115,10.5061,7.2447,3.4434,0.3753,0.2314,0.1761,C6,C6: limit warming to 3°C (>50%)
REMIND-Transport 2.1,Transport_NPi_Conv,29.831,31.5415,35.7211,36.5373,39.6181,44.341,45.94,38.6957,27.2048,13.6746,C7,C7: limit warming to 4°C (>50%)
REMIND_EU 2.0,Eff_1p5,29.6160086,35.5959698,7.287140000000001,0.006001,0.0036027,0.0015325,0.0004868,0.0002848,0.0002621,0.0001361,failed-vetting,failed-vetting
REMIND_EU 2.0,Eff_Weak,29.6160086,35.5959698,20.0797025,0.6996141,0.4170336,0.236412,0.1402236,0.0516342,0.0056266,0.003128,failed-vetting,failed-vetting
REMIND_EU 2.0,Eff_min80,29.6160086,35.5959698,13.0766683,0.0220418,0.0063438999999999,0.0035638,0.0017994,0.0006732,0.0002647,0.0001398,failed-vetting,failed-vetting
REMIND_EU 2.0,Incumb_1p5,29.6325573,35.3596805,11.5388395,0.0067098,0.0040617,0.0018537999999999,0.0007011,0.0002732,0.0002621,0.0001364,failed-vetting,failed-vetting
REMIND_EU 2.0,Incumb_Weak,29.6325573,35.3596805,18.2502722,0.2632233,0.1245375,0.1109903,0.0808473,0.0396858999999999,0.0108311,0.0091138,failed-vetting,failed-vetting
REMIND_EU 2.0,Incumb_min80,29.6325573,35.3596805,14.5823607,0.0270409,0.0097428,0.006754,0.0041036,0.001099,0.0002643,0.0001393,failed-vetting,failed-vetting
REMIND_EU 2.0,NewPl_1p5,29.6166053,35.790364600000004,7.4002934,0.0056453,0.0032428,0.0012438,0.0003553,0.0002741,0.0002621,0.0001359,failed-vetting,failed-vetting
REMIND_EU 2.0,NewPl_Weak,29.6166053,35.790364600000004,18.4861079,0.3945973,0.0811208,0.0126442,0.003253,0.0004666,0.0002896,0.0001571,failed-vetting,failed-vetting
REMIND_EU 2.0,NewPl_min80,29.6166053,35.790364600000004,12.5200951,0.0199769,0.0040691,0.0015607,0.0004287,0.0002849,0.0002621,0.0001392,failed-vetting,failed-vetting
Reference,IEA Energy Statistics (r2017),31.292442,35.040139725477175,27.22497680455302,20.516851033782142,19.725647607617248,19.3354475166722,19.940468432204902,20.264259472069746,20.19728779899998,20.345196223089918,failed-vetting,failed-vetting
TIAM-ECN 1.1,EN_INDCi2030_1000,31.15,35.67912957351922,20.6841357586785,1.88690636547183,0.7194182494470502,0.5214119238577247,0.4697195453058108,0.5225549006064255,0.5802960118455811,1.037975343676086,C3,C3: limit warming to 2°C (>67%)
TIAM-ECN 1.1,EN_INDCi2030_1000_COV,31.15,35.80165805940123,21.04906630511875,2.217251731929368,1.077190482465278,0.9084161060937518,1.034760949162082,1.557068325676522,2.332013910410788,3.630319115719143,C3,C3: limit warming to 2°C (>67%)
TIAM-ECN 1.1,EN_INDCi2030_1000_NDCp,31.15,35.5213110349964,16.98308525532956,2.126672069200277,0.7125491272462934,0.5206442379316663,0.4674647540842538,0.5200934035777418,0.5802559656797989,1.036461232969311,C3,C3: limit warming to 2°C (>67%)
TIAM-ECN 1.1,EN_INDCi2030_1000f,31.15,35.67912957351922,20.6841357586785,2.783225851522896,0.980442805546708,0.3895120990304842,0.4613588156613396,0.5268496311040779,0.5895696687876196,0.9923425826935456,C3,C3: limit warming to 2°C (>67%)
TIAM-ECN 1.1,EN_INDCi2030_1000f_COV,31.15,35.80165805940123,21.04906630511875,2.855189956633164,0.947153277706705,0.3937019849384316,0.4690231068717758,0.5403442906463848,0.5938163195611418,0.6477329006379933,C3,C3: limit warming to 2°C (>67%)
TIAM-ECN 1.1,EN_INDCi2030_1000f_NDCp,31.15,35.5213110349964,16.98308525532956,2.813227995882519,1.063950614072786,0.3981413823867835,0.468393680024601,0.5434914795301621,0.5868314890635083,0.6416770916164607,C3,C3: limit warming to 2°C (>67%)
TIAM-ECN 1.1,EN_INDCi2030_1200,31.15,35.67912957351922,20.6841357586785,3.167100264889632,1.048349246529122,0.3932244630581712,0.4641449089862148,0.5285455266598132,0.5801157354559222,0.6340508988271367,C3,C3: limit warming to 2°C (>67%)
TIAM-ECN 1.1,EN_INDCi2030_1200f,31.15,35.67912957351922,20.6841357586785,4.128952963286705,1.511510511920573,0.4707327580108805,0.5537423613430456,0.6246286337223885,0.6779617478857893,0.6441615681821876,C3,C3: limit warming to 2°C (>67%)
TIAM-ECN 1.1,EN_INDCi2030_1400,31.15,35.67912957351922,20.6841357586785,4.754646865924953,1.934522182040057,0.6879905018532747,0.5909282717134817,0.6006006431061155,0.6200766463139614,0.6463100481415684,C4,C4: limit warming to 2°C (>50%)
TIAM-ECN 1.1,EN_INDCi2030_1400f,31.15,35.67912957351922,20.6841357586785,5.176072484151312,2.670834687423054,0.5708487287171147,0.5973031291385201,0.6500121064234895,0.7097315661865974,0.6543643783742275,C4,C4: limit warming to 2°C (>50%)
TIAM-ECN 1.1,EN_INDCi2030_1600,31.15,35.67912957351922,20.6841357586785,5.767834525819744,2.784905498148297,0.5859937240371451,0.6249352903844492,0.6640358947471995,0.6692251870295914,0.6441813358054433,C4,C4: limit warming to 2°C (>50%)
TIAM-ECN 1.1,EN_INDCi2030_1600f,31.15,35.67912957351922,20.6841357586785,5.729218029382609,2.673472384161192,0.5910002819650129,0.5638540483878307,0.6402695160187598,0.6990773941615825,0.6708075673523931,C5,C5: limit warming to 2.5°C (>50%)
TIAM-ECN 1.1,EN_INDCi2030_2000,31.15,35.50682519822627,21.08994063415386,9.08207957157629,3.233283605301597,1.13989889463035,0.4448651885223333,0.5245202436031469,1.221773172219046,1.277225708026537,C5,C5: limit warming to 2.5°C (>50%)
TIAM-ECN 1.1,EN_INDCi2030_2000f,31.15,35.50681652221532,21.08988242799522,9.08206348588465,3.233326523714824,1.139875108268655,0.4448082382698298,0.5244459397047757,1.222012460874483,1.277413933838646,C5,C5: limit warming to 2.5°C (>50%)
TIAM-ECN 1.1,EN_INDCi2030_2500,31.15,35.67912957351922,20.6841357586785,12.23732629093794,4.859741586534085,1.798677505470512,0.1933598703006751,0.3720399041661045,0.5873597813560547,0.6313910295428591,C5,C5: limit warming to 2.5°C (>50%)
TIAM-ECN 1.1,EN_INDCi2030_2500f,31.15,35.67912957351922,20.6841357586785,12.23727932568476,4.859738889488155,1.798684971877596,0.1933621425386695,0.3720353326303637,0.5873522107026972,0.6313855125784392,C5,C5: limit warming to 2.5°C (>50%)
TIAM-ECN 1.1,EN_INDCi2030_3000,31.15,35.67912957351922,20.6841357586785,14.90639927350043,5.955736108354847,2.202311513970668,0.6541504819033371,0.4168135742613127,0.3508255382537735,0.629034614145273,C6,C6: limit warming to 3°C (>50%)
TIAM-ECN 1.1,EN_INDCi2030_3000f,31.2,35.7,20.7,14.9,5.9,2.2,0.6,0.4,0.3,0.6,C6,C6: limit warming to 3°C (>50%)
TIAM-ECN 1.1,EN_INDCi2030_900,31.15,35.67912957351922,20.6841357586785,1.529292909313992,0.5912229873275241,0.5336495418944882,0.4612507237954784,0.5262064713679855,0.5807784826302402,0.6350136655306649,C3,C3: limit warming to 2°C (>67%)
TIAM-ECN 1.1,EN_INDCi2030_900f,31.15,35.67912957351922,20.6841357586785,2.51329812887153,0.8967469785177479,0.3968885029641186,0.464411606337215,0.5356511717168828,0.5908552404566252,0.6433701948667683,C3,C3: limit warming to 2°C (>67%)
TIAM-ECN 1.1,EN_INDCi2100,31.15,35.67912957351922,20.6841357586785,15.75391256059464,8.172415000983905,5.510559837307867,4.6306636985251,7.552887123497816,8.680099328977628,8.15814886379343,C7,C7: limit warming to 4°C (>50%)
TIAM-ECN 1.1,EN_INDCi2100_COV,31.2,35.8,21.0,15.8,7.8,4.7,4.2,7.1,8.3,8.1,C7,C7: limit warming to 4°C (>50%)
TIAM-ECN 1.1,EN_INDCi2100_NDCp,31.15,35.5213110349964,16.98308525532956,15.51294722983818,7.986534652559373,4.499705848961537,4.409884448042426,7.65279367687659,8.874631284691027,9.125364159637236,C7,C7: limit warming to 4°C (>50%)
TIAM-ECN 1.1,EN_NPi2020_1000,31.15,32.41137859113503,7.498563645963804,2.533213609077814,0.9013597877568628,0.3905246811987243,0.4584717022463339,0.522661180984599,0.5859649461781626,1.030437579929895,C3,C3: limit warming to 2°C (>67%)
TIAM-ECN 1.1,EN_NPi2020_1000_COV,31.15,32.70590031466022,8.313182642498276,2.98457085619868,1.197333195939078,0.4000706116984071,0.4688730248635399,0.5248702724827995,0.5937661313717971,0.6640917833629943,C3,C3: limit warming to 2°C (>67%)
TIAM-ECN 1.1,EN_NPi2020_1000f,31.15,33.14125487168829,12.45657738531383,2.789370714173749,1.023858714104372,0.3877469601067783,0.45762382022134,0.5515711736805234,0.6173780283667524,1.01279605574224,C3,C3: limit warming to 2°C (>67%)
TIAM-ECN 1.1,EN_NPi2020_1000f_COV,31.15,33.20969621750768,16.47505433950046,2.623589797336831,1.01489930830465,0.3894228823641283,0.4555802958632871,0.5405750692522242,0.619671256296562,1.028194061808183,C3,C3: limit warming to 2°C (>67%)
TIAM-ECN 1.1,EN_NPi2020_1200,31.15,33.29208556660672,16.2614870869947,3.084825894377325,1.165761688569632,0.3925728109989988,0.4652589180691605,0.553039997328349,0.6201032809964272,0.9801086633796856,C3,C3: limit warming to 2°C (>67%)
TIAM-ECN 1.1,EN_NPi2020_1200f,31.15,33.44339075333492,19.676206716258,3.579336682954191,1.395948015939632,0.4160176150805057,0.4581842151062782,0.5445834481077826,0.6239021513417758,1.011343406154518,C3,C3: limit warming to 2°C (>67%)
TIAM-ECN 1.1,EN_NPi2020_1400,31.15,33.67257961659591,21.46042133635419,5.113024101390764,1.858469286534797,0.5596496121819734,0.5954598476822545,0.6578992258959995,0.67181656419778,0.6421847900318662,C4,C4: limit warming to 2°C (>50%)
TIAM-ECN 1.1,EN_NPi2020_1400f,31.15,34.03892963510368,22.42806892497476,5.250086053169968,2.34513710776143,0.5595706072308745,0.6023127766980637,0.6537191706719581,0.7044710086448037,0.6434435543250107,C4,C4: limit warming to 2°C (>50%)
TIAM-ECN 1.1,EN_NPi2020_1600,31.15,34.11590609415859,25.88302617457229,6.248370765598143,3.085180499034395,0.5598284577872861,0.6355134470639376,0.7025437588848265,0.6809939186057717,1.006295831354456,C4,C4: limit warming to 2°C (>50%)
TIAM-ECN 1.1,EN_NPi2020_1600f,31.15,34.20338632853771,26.48674868995491,6.53869952345237,3.222455201209973,0.6652347581230607,0.6024801090137497,0.6729450767689463,0.7388920879829792,1.023523015631939,C5,C5: limit warming to 2.5°C (>50%)
TIAM-ECN 1.1,EN_NPi2020_2000,31.15,34.83308522995826,28.26363343379542,9.9437477172386,3.889246469096984,1.378314515463496,0.4909469853547959,0.7537625685991702,0.99793709019679,0.9574345646464076,C5,C5: limit warming to 2.5°C (>50%)
TIAM-ECN 1.1,EN_NPi2020_2000f,31.15,34.87788276965271,28.35886405779655,10.13528363344536,3.932235800884592,1.354788976417148,0.4700162766343879,0.748372669910094,1.074812592749643,1.031267488277628,C5,C5: limit warming to 2.5°C (>50%)
TIAM-ECN 1.1,EN_NPi2020_2500,31.15,35.23566490613844,30.27721997748814,13.29954476785193,4.89378126766213,1.823009127464552,0.0111566083856243,0.237719961769719,0.5921048475133617,0.6350837938204903,C5,C5: limit warming to 2.5°C (>50%)
TIAM-ECN 1.1,EN_NPi2020_2500f,31.15,35.23566979455318,30.27727605049758,13.29964743005248,4.893784773874841,1.822962850332288,0.0110771655657615,0.237683773845135,0.5920677041246957,0.6349634015076511,C5,C5: limit warming to 2.5°C (>50%)
TIAM-ECN 1.1,EN_NPi2020_3000,31.15,35.41564408202326,31.04679799492557,14.53609811778896,5.708133654432409,2.477951481448473,0.3165733933493514,0.1631900291870207,0.1029133646552839,0.2218810740870277,C6,C6: limit warming to 3°C (>50%)
TIAM-ECN 1.1,EN_NPi2020_3000f,31.15,35.41567426891228,31.04676999372536,14.53606659647491,5.708147750689297,2.477996573454238,0.3166892277732777,0.1633582812852159,0.1031230140302766,0.2222663209876103,C6,C6: limit warming to 3°C (>50%)
TIAM-ECN 1.1,EN_NPi2020_800,31.2,30.9,4.7,1.4,0.5,0.4,0.5,0.5,0.6,0.7,C3,C3: limit warming to 2°C (>67%)
TIAM-ECN 1.1,EN_NPi2020_800f,31.2,32.3,7.5,2.5,0.8,0.4,0.5,0.5,0.6,1.1,C3,C3: limit warming to 2°C (>67%)
TIAM-ECN 1.1,EN_NPi2020_900,31.15,32.13210243744827,6.380317486504547,2.083768971934373,0.8038740126463683,0.3947949173107233,0.4630607345608475,0.5198365989625154,0.5837502027914055,0.639052216332965,C3,C3: limit warming to 2°C (>67%)
TIAM-ECN 1.1,EN_NPi2020_900f,31.15,32.89643841380973,8.598098172874188,2.431405355219342,0.832142203989684,0.3942450966259569,0.4593754026474035,0.5305446459513713,0.5874542977075613,0.9648026262406428,C3,C3: limit warming to 2°C (>67%)
TIAM-ECN 1.1,EN_NPi2100,31.15,35.60077045751895,32.26878336788639,17.08669068703823,8.496881391826038,5.482655364756154,4.828793976003459,7.991828132917092,9.417483848390257,10.04437047873762,C7,C7: limit warming to 4°C (>50%)
TIAM-ECN 1.1,EN_NPi2100_COV,31.15,35.34568679983152,31.92887442854477,16.60789842711771,7.903985810508974,4.63301800264134,4.144533320995256,7.372214509820366,8.721061360734488,9.626225013516086,C7,C7: limit warming to 4°C (>50%)
TIAM-ECN AFR 1.1,2DC,31.15,26.18823126949696,16.9215142874309,17.62789256118042,12.5472312409831,19.3354475166722,19.940468432204902,20.264259472069746,20.19728779899998,20.345196223089918,failed-vetting,failed-vetting
TIAM-ECN AFR 1.1,CAP,31.15,27.77840560368535,19.50439531051113,30.38649926328971,22.2348996165853,19.3354475166722,19.940468432204902,20.264259472069746,20.19728779899998,20.345196223089918,failed-vetting,failed-vetting
TIAM-ECN AFR 1.1,REF,31.15,40.71710047193861,54.18930283787265,60.54102358572892,65.67495642866439,19.3354475166722,19.940468432204902,20.264259472069746,20.19728779899998,20.345196223089918,failed-vetting,failed-vetting
TIAM-ECN AFR 1.1,TAX,31.15,28.61565104751421,19.84635906354549,23.41825056626043,18.28367492751005,19.3354475166722,19.940468432204902,20.264259472069746,20.19728779899998,20.345196223089918,failed-vetting,failed-vetting
TIAM-ECN ETH 1.1,RCP2.6,31.15,26.1797115925636,16.92167785453394,17.53638259390021,12.54510329612992,19.3354475166722,19.940468432204902,20.264259472069746,20.19728779899998,20.345196223089918,failed-vetting,failed-vetting
TIAM-ECN ETH 1.1,baseline,31.15,40.61149789692411,53.9308689126397,60.27531021232448,65.35635213270287,19.3354475166722,19.940468432204902,20.264259472069746,20.19728779899998,20.345196223089918,failed-vetting,failed-vetting
TIAM-ECN KEN 1.1,CAP,31.15,28.05612176835529,19.66764469028801,24.74634727023616,18.76273846215823,19.3354475166722,19.940468432204902,20.264259472069746,20.19728779899998,20.345196223089918,failed-vetting,failed-vetting
TIAM-ECN KEN 1.1,NDC,31.15,27.99248289780768,19.56625119374868,30.44437118656856,22.24448727887966,19.3354475166722,19.940468432204902,20.264259472069746,20.19728779899998,20.345196223089918,failed-vetting,failed-vetting
TIAM-ECN KEN 1.1,REF,31.15,40.72270698357713,54.16979610137804,60.49832200691613,65.67357951796494,19.3354475166722,19.940468432204902,20.264259472069746,20.19728779899998,20.345196223089918,failed-vetting,failed-vetting
TIAM-ECN KEN 1.1,TAX,31.15,28.61574061845117,19.84426808809726,23.40569674083901,18.23163243639001,19.3354475166722,19.940468432204902,20.264259472069746,20.19728779899998,20.345196223089918,failed-vetting,failed-vetting
TIAM-ECN MDG 1.1,NDC,31.15,31.58509145763577,19.65320507826074,26.65037382840293,18.43513901490026,19.3354475166722,19.940468432204902,20.264259472069746,20.19728779899998,20.345196223089918,failed-vetting,failed-vetting
TIAM-ECN MDG 1.1,NDC+,31.15,29.94686290704884,19.62578468973457,26.43966841887558,18.62819663551035,19.3354475166722,19.940468432204902,20.264259472069746,20.19728779899998,20.345196223089918,failed-vetting,failed-vetting
TIAM-ECN MDG 1.1,REF,31.15,38.57577242165306,52.93554192028046,58.39942253597706,61.88751138577666,19.3354475166722,19.940468432204902,20.264259472069746,20.19728779899998,20.345196223089918,failed-vetting,failed-vetting
TIAM-Grantham 1.0,Baseline,34.58042023412639,42.08237565208179,46.1124545757675,49.0014994092578,62.219594119979,72.4853528458697,74.471429645343,71.6474866830971,63.6184637324992,58.9629055462325,failed-vetting,failed-vetting
TIAM-Grantham 3.2,CO_2Deg2020,35.136224823,37.33143037532,3.4210303153,0.1395267757,0.0,0.0,0.0,0.0,0.0,0.0,no-climate-assessment,no-climate-assessment
TIAM-Grantham 3.2,CO_2Deg2030,35.136224823,37.33143037532,27.564110493,0.0,0.0,0.0,0.0,0.0,0.0,0.0,no-climate-assessment,no-climate-assessment
TIAM-Grantham 3.2,CO_BAU,35.136224823,45.7579269578,48.8388724858,48.16750321359999,61.3144778874,71.91160027090001,80.3834529865,86.6128107198,93.43022479246,103.6472155396,failed-vetting,failed-vetting
TIAM-Grantham 3.2,CO_Bridge,35.136224823,37.33143037532,30.83170586147,0.15123969388,0.0,0.0,0.0,0.0,0.0,4.55992785847,no-climate-assessment,no-climate-assessment
TIAM-Grantham 3.2,CO_CurPol,35.136224823,37.33143037532,42.6135874715,30.14099308253,35.246315723,36.90841548989,37.05906815896,37.72746424370001,43.427734486,56.43421402999999,no-climate-assessment,no-climate-assessment
TIAM-Grantham 3.2,CO_GPP,35.136224823,37.33143037532,30.83170586147,12.77892939723,0.3014810469,0.5711356346,0.7918571646,0.9875241339,1.149889068,1.403697056,no-climate-assessment,no-climate-assessment
TIAM-Grantham 3.2,CO_NDCplus,35.136224823,37.33143037532,27.564110493,13.62112149653,10.618157124,10.69383113589,10.01434395655,12.4462113432,16.225194762,28.1912557265,no-climate-assessment,no-climate-assessment
TIAM-Grantham 3.2,CSH,29.60377345857233,37.47407243275051,37.10697629948996,20.516851033782142,19.725647607617248,19.3354475166722,19.940468432204902,20.264259472069746,20.19728779899998,20.345196223089918,no-climate-assessment,no-climate-assessment
TIAM-Grantham 3.2,PCSH,29.60377345857233,31.82228951294243,34.49968976522922,20.516851033782142,19.725647607617248,19.3354475166722,19.940468432204902,20.264259472069746,20.19728779899998,20.345196223089918,no-climate-assessment,no-climate-assessment
TIAM-Grantham 3.2,R,29.23139175291029,37.43699799547721,36.30886693418324,20.516851033782142,19.725647607617248,19.3354475166722,19.940468432204902,20.264259472069746,20.19728779899998,20.345196223089918,no-climate-assessment,no-climate-assessment
TIAM-Grantham 3.2,SH,29.23033553737458,37.76986655543827,36.7485301344737,20.516851033782142,19.725647607617248,19.3354475166722,19.940468432204902,20.264259472069746,20.19728779899998,20.345196223089918,no-climate-assessment,no-climate-assessment
TIAM-UCL 4.1.1,SSP2_1_5D-50_CCC2020,35.43601591686677,35.9978887396033,3.085358620011213,1.864770697767469,0.5607296331893179,0.01138073569337,0.00070484630019,2.12593465e-07,1.66228679e-07,1.35761161e-07,failed-vetting,failed-vetting
TIAM-UCL 4.1.1,SSP2_1_75D-66,34.24979469614539,31.724187150807,3.78710501758826,2.1615991065899,0.4245289179197171,0.00243765164313,0.0,0.001223354705641,0.0,0.0,failed-vetting,failed-vetting
TIAM-UCL 4.1.1,SSP2_1_75D-66_CCC2020,35.43601591686677,35.9978887396033,4.689969655000537,1.892562012817614,0.62924508681024,0.1809531332204099,0.0079391285619269,2.574746390000001e-07,1.925422630000001e-07,1.505517350000001e-07,failed-vetting,failed-vetting
TIAM-UCL 4.1.1,SSP2_2D-66,34.24979469614539,31.724187150807,3.78676931929611,2.17616302522696,0.4816760002703641,0.1508484419922581,0.104645344892528,0.03727770612846,0.014313292187198,0.0,failed-vetting,failed-vetting
TIAM-UCL 4.1.1,SSP2_2D-66_CCC2020,35.43601591686677,35.9978887396033,7.162216636526967,1.925710345462053,0.687562258961333,0.202171420639906,0.008303164600339,0.010879877197101,6.112919810000001e-07,4.72004926e-07,failed-vetting,failed-vetting
TIAM-UCL 4.1.1,SSP2_BASE,34.24979469614539,31.724187150807,53.681223489171,75.1820516437055,87.61155585553671,81.8341624978757,88.0740527561495,81.7708346013279,88.0791473751987,91.2480763181081,failed-vetting,failed-vetting
TIAM-UCL 4.1.1,SSP2_BASE_CCC2020,35.43601591686677,35.9978887396033,50.35211135189417,50.03635351785984,43.31237530173526,34.30421508543044,35.87871183431656,29.08350212270325,28.95828095203838,24.03597152011008,failed-vetting,failed-vetting
TIAM-WORLD 1.0,20% abatement (FF&I),31.98786621060232,23.52821902220312,23.80954585283926,32.14122499724369,32.86314071742882,34.261531524240034,34.35604735646067,33.716442604086026,28.76378884066398,27.21174697635069,failed-vetting,failed-vetting
TIAM-WORLD 1.0,20% abatement (GHG),31.98786621060232,23.176936449935848,24.42607702199476,32.67880733918959,34.536524340008,39.648630253397904,40.96273395239065,45.04847700530172,44.619877878208825,46.24733393749743,failed-vetting,failed-vetting
TIAM-WORLD 1.0,450 concentration,31.98786621060232,24.76300932983899,20.875837618834808,18.92818612209844,14.42814100622924,3.618560065811608,0.0327681885835386,0.0006959168552171,0.0001949176099351,20.345196223089918,failed-vetting,failed-vetting
TIAM-WORLD 1.0,50% abatement (FF&I),31.98786621060232,18.57269858692788,18.54879671856249,20.34327702255053,17.81696096653939,20.21566451460664,19.99196610914338,18.22281083870887,16.43378848573721,14.16973893102217,failed-vetting,failed-vetting
TIAM-WORLD 1.0,50% abatement (GHG),31.98786621060232,17.87507450005725,20.04055707989269,26.056140629672992,23.30395093369286,26.64797778416582,23.81976594888361,22.14257876778536,20.67320988623159,17.380647872108142,failed-vetting,failed-vetting
TIAM-WORLD 1.0,550 concentration,31.98786621060232,31.78527579661392,30.57743962128745,30.28642684704652,32.03582983193928,34.67063006716975,32.00111016808976,26.4198320660559,14.926319596070613,11.79830973969616,failed-vetting,failed-vetting
TIAM-WORLD 1.0,650 concentration,31.98786621060232,35.19551369592924,39.81985055481768,37.50014208549523,34.20362575042998,45.13806570525124,38.59977343346212,37.420186019636205,32.27161073626805,18.47788351961524,failed-vetting,failed-vetting
TIAM-WORLD 1.0,Core baseline,31.98786621060232,35.42015859540459,41.39180445074516,45.796164874103326,48.2084593811426,57.58978081802575,67.45765237278441,77.45687729667,88.63993590493922,99.15046884232444,failed-vetting,failed-vetting
TIAM-WORLD 1.0,High CO2 price,31.98786621060232,25.22408211095157,23.19934653046318,31.956764778249592,32.18815796114814,31.8166723554516,23.10372937274931,7.924576666456811,2.169006026359176,0.0003611058197881,failed-vetting,failed-vetting
TIAM-WORLD 1.0,Low CO2 price,31.98786621060232,33.96809316214752,36.34083224093647,33.08087144217296,33.61366052109614,43.561040925394806,47.66326640206983,48.65213169619807,41.133597476161256,22.416224221127543,failed-vetting,failed-vetting
TIAM-WORLD 1.0,Policy baseline,31.47540149448797,26.88848743021346,28.8805363896575,31.77256163896831,42.77410212851812,59.85015221601536,69.49724830998171,74.34985510343485,76.99347270702022,81.10706255806329,failed-vetting,failed-vetting
WEM 2020,SDS,31.185,32.527,17.512,7.025,3.929,19.3354475166722,19.940468432204902,20.264259472069746,20.19728779899998,20.345196223089918,no-climate-assessment,no-climate-assessment
WEM 2021,NZE,31.184785546875,31.940746875,11.650967578125,3.475972705078125,2.387098828125,19.3354475166722,19.940468432204902,20.264259472069746,20.19728779899998,20.345196223089918,no-climate-assessment,no-climate-assessment
WITCH 4.6,DISCRATE_Ref_dr2p,30.49384209334159,44.92442637974885,65.02751107135302,80.08600433930197,88.34654969795292,102.8408707580706,106.8824882087909,103.4453110239546,99.82892265794804,93.6029102729569,C8,C8: exceed warming of 4°C (>=50%)
WITCH 4.6,DISCRATE_Ref_dr3p,30.49806702708233,42.86705188918959,61.36564584207368,75.34015566431432,86.07467459310135,100.5109958514085,107.0065670435485,109.6286548697059,105.4284711494074,101.4680274471473,C8,C8: exceed warming of 4°C (>=50%)
WITCH 4.6,DISCRATE_Ref_dr4p,30.4978545783205,41.43954176937308,59.66004070754469,73.5872441934389,83.62896046524492,99.4157207872321,106.6583270834144,110.4908383157449,111.0270093925232,107.5318641257767,C8,C8: exceed warming of 4°C (>=50%)
WITCH 4.6,DISCRATE_Ref_dr5p,30.50330421872575,40.54681969941367,58.36308468593303,72.0071218869694,82.23370672435206,98.199669856708,107.1880516703825,112.0965458247436,113.0604401122655,113.5796472985166,C8,C8: exceed warming of 4°C (>=50%)
WITCH 4.6,DISCRATE_cb1000_cdrall_dr2p,30.49384209334159,22.9114621179682,17.49527415137447,11.92825091511966,8.51116936347017,7.321302601850319,6.244919997352788,5.374686948623187,4.211749501743995,3.166961764300768,failed-vetting,failed-vetting
WITCH 4.6,DISCRATE_cb1000_cdrall_dr3p,30.49806702708233,24.69330855283264,19.46068802061128,11.61818334585066,7.532732301976436,6.664696634782054,5.613075386354832,4.507268313852281,3.375951899903481,2.378608307409628,failed-vetting,failed-vetting
WITCH 4.6,DISCRATE_cb1000_cdrall_dr4p,30.4978545783205,28.73700575187349,22.76722890383481,14.07681190369327,7.328910040198491,6.43289118080047,5.159859642115599,4.032336872291426,2.887696025374385,1.34014834703566,failed-vetting,failed-vetting
WITCH 4.6,DISCRATE_cb1000_cdrall_dr5p,30.50330421872575,29.46291734657002,26.13397474471953,17.28366367269729,7.798794791970423,5.771196392771081,4.606067825997632,3.455485721522956,2.156835387028424,1.088658745487166,failed-vetting,failed-vetting
WITCH 4.6,DISCRATE_cb1000_cdrno_dr2p,30.49384209334159,1.611877521119842,5.699016456403021,11.94564771442356,11.67569791683551,12.98951373086128,12.30992752172284,11.28415777390533,9.339366787068537,7.331351014570746,failed-vetting,failed-vetting
WITCH 4.6,DISCRATE_cb1000_cdrno_dr3p,30.49806702708233,5.434175703419273,5.89304619226426,11.62750454732105,13.2670857656549,13.54421412475758,11.92762489737316,10.04754157774013,7.713224648237051,5.822414193392367,failed-vetting,failed-vetting
WITCH 4.6,DISCRATE_cb1000_cdrno_dr4p,30.4978545783205,10.31402647435275,6.139227851911803,12.2955853814854,14.88649073572696,14.00333427252098,11.56459416282196,8.884460046021928,6.284526407127354,4.008887019758558,failed-vetting,failed-vetting
WITCH 4.6,DISCRATE_cb1000_cdrno_dr5p,30.50330421872575,15.12074514850429,8.261526639165996,12.77941923159686,15.85199538196726,13.29264895334653,10.47620049929788,7.471867175909556,4.406568415953148,2.237238349106237,failed-vetting,failed-vetting
WITCH 4.6,DISCRATE_cb400_cdrall_dr2p,30.49384209334159,14.46845877004432,10.48153025056249,7.044852694355143,5.925849974823743,5.115867540114902,4.26489394665453,3.37207128338382,2.279685620987687,1.337128861729221,failed-vetting,failed-vetting
WITCH 4.6,DISCRATE_cb400_cdrall_dr3p,30.49806702708233,20.87991710422473,14.3434881785216,7.831511086853921,6.187708394828542,5.29702525436953,4.286766167106865,3.234813723528068,2.006595115722984,1.057661550712726,failed-vetting,failed-vetting
WITCH 4.6,DISCRATE_cb400_cdrall_dr4p,30.4978545783205,24.76006758403519,17.51293211548795,8.888914112305521,6.479277978739663,5.247661667543765,4.166394711409653,2.920212125381542,1.306154518223864,0.933247044011036,failed-vetting,failed-vetting
WITCH 4.6,DISCRATE_cb400_cdrall_dr5p,30.50330421872575,28.44297837944676,20.53258793472254,10.70335726484755,5.825534085253193,4.530795051990022,3.529341987770506,2.451292907386667,1.105159624425812,0.3125331208942719,failed-vetting,failed-vetting
WITCH 4.6,DISCRATE_cb400_cdrno_dr2p,30.49384209334159,1.119539943428336,5.190846074307234,6.214986427656663,4.773226696605431,4.111610443766127,3.944021698675653,3.660249774491904,2.948035556291606,2.434280694468159,failed-vetting,failed-vetting
WITCH 4.6,DISCRATE_cb400_cdrno_dr3p,30.49806702708233,1.114712678485822,5.202083027266007,6.754707377579376,4.914914455365176,3.901992745408782,3.341807980271137,2.61238712914964,1.815527113779117,1.489511874937144,failed-vetting,failed-vetting
WITCH 4.6,DISCRATE_cb400_cdrno_dr4p,30.4978545783205,1.125775868044043,5.499314679128203,7.521065103001991,4.966492258168008,3.652362917768849,2.645598743473546,1.700018786338369,1.0992653517148,0.7806239350063134,failed-vetting,failed-vetting
WITCH 4.6,DISCRATE_cb400_cdrno_dr5p,30.50330421872575,1.125529077998502,5.64564824938227,7.687248409376816,4.880222165223401,3.11851607627901,1.768518385971616,0.9973022030622004,0.6873874856613218,0.288056162975954,failed-vetting,failed-vetting
WITCH 4.6,DISCRATE_cb600_cdrall_dr2p,30.49384209334159,17.24027175232011,12.80289416571268,7.638145905391582,6.139808291142065,5.274578647495168,4.571127136575143,3.657682111791819,2.758712146638376,1.83604540226877,failed-vetting,failed-vetting
WITCH 4.6,DISCRATE_cb600_cdrall_dr3p,30.49806702708233,22.8925605696376,14.96096308951866,9.1942920543509,6.98896942142318,5.825186866124621,4.864692780297382,3.769148758321058,2.358958292886357,1.234388452759595,failed-vetting,failed-vetting
WITCH 4.6,DISCRATE_cb600_cdrall_dr4p,30.4978545783205,27.13524377870241,19.65834152123816,10.6694347146549,6.906343927461847,5.550961077701485,4.574776394861579,3.426356084447601,2.473976347148215,1.092952155224846,failed-vetting,failed-vetting
WITCH 4.6,DISCRATE_cb600_cdrall_dr5p,30.50330421872575,28.63533514035468,22.07944326582829,12.44582553700475,6.314958670727624,4.946009554600833,3.933353443037698,2.699447541133266,1.224301769749768,0.399626106416342,failed-vetting,failed-vetting
WITCH 4.6,DISCRATE_cb600_cdrno_dr2p,30.49384209334159,1.136623056583094,5.434301593665054,9.107532837117922,7.690979902523679,7.752105661292284,6.925635713412412,6.212296364825096,5.098374514669286,4.099361602106502,failed-vetting,failed-vetting
WITCH 4.6,DISCRATE_cb600_cdrno_dr3p,30.49806702708233,1.136489914919607,5.609561528460809,9.752545830851156,7.819357953034403,7.208547775837755,6.125758950931114,5.193561356011171,3.828036122707338,2.621509015473789,failed-vetting,failed-vetting
WITCH 4.6,DISCRATE_cb600_cdrno_dr4p,30.4978545783205,1.382106225209968,5.635380054088147,9.925896325968475,8.02247107131027,6.924205422631768,5.292098831729207,3.95923009627656,2.216304192885366,1.514320847244167,failed-vetting,failed-vetting
WITCH 4.6,DISCRATE_cb600_cdrno_dr5p,30.50330421872575,2.309885365140984,5.816502552595819,10.10454013371808,8.23121902342015,6.729092017544125,4.542634371646161,2.503866973512805,1.317329186499716,0.9062763533621102,failed-vetting,failed-vetting
WITCH 5.0,CO_2Deg2020,30.80221404030779,36.84886083081524,3.168547121026099,1.28579382925469,0.8981054873740497,0.7924932731695156,0.8915238073039351,0.6042572526359608,0.419099075532666,0.3008173977747937,C3,C3: limit warming to 2°C (>67%)
WITCH 5.0,CO_2Deg2030,30.80221404030779,36.84886083081524,31.52913344951316,0.9372710806521224,0.4566887082709354,0.2791537826932634,0.1494947339756979,0.1045251617129179,3.672e-09,6.219019886445141e-05,C3,C3: limit warming to 2°C (>67%)
WITCH 5.0,CO_BAU,30.80221404030779,45.47881371863099,40.61889816265754,39.86494534594868,39.64359688019224,34.84409967062767,29.98372798214827,24.50882095931795,20.8216591275756,19.01925103671157,C7,C7: limit warming to 4°C (>50%)
WITCH 5.0,CO_Bridge,31.0596612929413,39.2388156165262,25.4094960459815,1.7071374799968,0.236944358296984,0.216709857639579,0.202187030568061,0.200787087918557,0.215135364382938,0.26242000841754,C3,C3: limit warming to 2°C (>67%)
WITCH 5.0,CO_CurPol,30.80221404030779,36.84886083081524,35.4403952333908,33.31024537852867,33.72427605622761,29.31392081452514,25.20290314869198,20.38275126481603,17.62818961478576,15.86982343968715,C7,C7: limit warming to 4°C (>50%)
WITCH 5.0,CO_GPP,30.80221404030779,36.84886083081524,24.92872256002136,6.632344242700634,1.71616695219974,0.7422701249290282,0.2977554087537775,0.218117135791103,0.1498054179917722,0.0677333432193028,C5,C5: limit warming to 2.5°C (>50%)
WITCH 5.0,CO_NDC_2050convergence,30.80221404030779,36.84886083081524,31.52913344951316,13.40209719548116,3.998262389546014,1.661460143568544,0.8498181459200133,0.5437461601887092,0.3982340936661365,0.2692947114653564,C5,C5: limit warming to 2.5°C (>50%)
WITCH 5.0,CO_NDCplus,30.80221404030779,36.84886083081524,31.52913344951316,22.46761104517603,19.58286508097934,15.91311229276875,12.78500775275294,9.940367169511278,6.444669224919333,5.724475274031733,C6,C6: limit warming to 3°C (>50%)
WITCH 5.0,EN_INDCi2030_1000,31.06216954930023,36.42107140686102,30.25861711129433,1.005420645477199,0.5606720806106471,0.3448704923167047,0.2687542125694808,0.1937503582623098,0.1439012106350707,0.100873206714845,C3,C3: limit warming to 2°C (>67%)
WITCH 5.0,EN_INDCi2030_1000_NDCp,31.06216954930023,36.69888634782619,19.76428369603751,1.120412021891357,0.6127233088447063,0.4117789459615491,0.2681603140577062,0.2099739990542877,0.1557057502547948,0.1101845313262932,C3,C3: limit warming to 2°C (>67%)
WITCH 5.0,EN_INDCi2030_1000f,31.06216954930023,36.42107140686102,30.25861711129433,1.369754375720825,0.4837052264049349,0.3763307102711,0.2822923653999509,0.2014396156962467,0.1390919176674276,0.0455245039558903,C3,C3: limit warming to 2°C (>67%)
WITCH 5.0,EN_INDCi2030_1000f_NDCp,31.06216954930023,36.69888634782619,19.76428369603751,1.471175552783971,0.507460622411257,0.4271501936343269,0.3398226040669362,0.2428911323519657,0.1679766838392838,0.0351514383589831,C3,C3: limit warming to 2°C (>67%)
WITCH 5.0,EN_INDCi2030_1200,31.06216954930023,36.42107140686102,30.25861711129433,1.789494119152459,0.4528016096759252,0.3302784422056082,0.3049980050884487,0.2177836894643454,0.1537283568773055,0.1113473948992955,C4,C4: limit warming to 2°C (>50%)
WITCH 5.0,EN_INDCi2030_1200_NDCp,31.06216954930023,36.69888634782619,19.76428369603751,1.982182976225917,0.4595662328994432,0.356535376595354,0.3453884042951634,0.2490116322950531,0.1737715452627055,0.127306910457949,C4,C4: limit warming to 2°C (>50%)
WITCH 5.0,EN_INDCi2030_1200f,31.06216954930023,36.42107140686102,30.25861711129433,2.148584291690826,0.4261510749251086,0.3603836796319468,0.3274512387249504,0.2396640022289932,0.1639338461244494,0.0286318189979113,C4,C4: limit warming to 2°C (>50%)
WITCH 5.0,EN_INDCi2030_1200f_NDCp,31.06216954930023,36.69888634782619,19.76428369603751,2.270529047876444,0.450167681029148,0.3599672770951919,0.3643471673500043,0.2666579928864181,0.1846600837734159,0.0178985460193268,C4,C4: limit warming to 2°C (>50%)
WITCH 5.0,EN_INDCi2030_1400,31.06216954930023,36.42107140686102,30.25861711129433,3.454223054102449,0.4003975505228832,0.3204636176734884,0.3555756853807744,0.267960992775959,0.1700829517973345,0.0201377028939276,C4,C4: limit warming to 2°C (>50%)
WITCH 5.0,EN_INDCi2030_1400_NDCp,31.06216954930023,36.69888634782619,19.76428369603751,3.592958818133376,0.3956465093824062,0.3149593185430798,0.4052174587723983,0.3085426558331385,0.1988457395117736,0.1011407083279335,C4,C4: limit warming to 2°C (>50%)
WITCH 5.0,EN_INDCi2030_1400f,31.06216954930023,36.42107140686102,30.25861711129433,3.527741478754978,0.4108565181426192,0.3203108051469617,0.4409092248237131,0.3330712400871066,0.2190021388336076,0.1513850892221472,C4,C4: limit warming to 2°C (>50%)
WITCH 5.0,EN_INDCi2030_1400f_NDCp,31.06216954930023,36.69888634782619,19.76428369603751,3.771820904408518,0.4007843506654343,0.343557121468857,0.4444826948218046,0.3377954640609381,0.2227383455553265,0.1536644535932158,C4,C4: limit warming to 2°C (>50%)
WITCH 5.0,EN_INDCi2030_1600,31.06216954930023,36.42107140686102,30.25861711129433,5.062522222257928,0.4443705293617914,0.3085900705449795,0.4306848401602112,0.3114964482827154,0.2163256649328912,0.1452152971421368,C5,C5: limit warming to 2.5°C (>50%)
WITCH 5.0,EN_INDCi2030_1600_NDCp,31.06216954930023,36.69888634782619,19.76428369603751,5.347715634353204,0.4376932983071699,0.2816703582402128,0.4036454019944623,0.2953329494912969,0.2043735245158374,0.1363259910612816,C5,C5: limit warming to 2.5°C (>50%)
WITCH 5.0,EN_INDCi2030_1600f,31.06216954930023,36.42107140686102,30.25861711129433,5.079536673094266,0.4194612031023487,0.2851124353397968,0.4167041858793627,0.3048867750098595,0.2125551468387649,0.1425265782679369,C5,C5: limit warming to 2.5°C (>50%)
WITCH 5.0,EN_INDCi2030_1600f_NDCp,31.06216954930023,36.69888634782619,19.76428369603751,5.455877447616117,0.4328042496937391,0.2640938828805549,0.3852577432221047,0.2740570509193156,0.200413911875143,0.1335378975856561,C5,C5: limit warming to 2.5°C (>50%)
WITCH 5.0,EN_INDCi2030_1800,31.06216954930023,36.42107140686102,30.25861711129433,8.086478730651399,0.6455282669038785,0.2147046174749594,0.3284242100098471,0.2523973868134951,0.1744999595631382,0.1276985517657254,C5,C5: limit warming to 2.5°C (>50%)
WITCH 5.0,EN_INDCi2030_1800_NDCp,31.06216954930023,36.69888634782619,19.76428369603751,8.102706208327634,0.6891643505827889,0.2303801002049735,0.3523466505564619,0.266811230012239,0.1838309824162509,0.134484232622144,C5,C5: limit warming to 2.5°C (>50%)
WITCH 5.0,EN_INDCi2030_1800f,31.06216954930023,36.42107140686102,30.25861711129433,8.086478730651399,0.6455282669038785,0.2147046174749594,0.3284242100098471,0.2523973868134951,0.1744999595631382,0.1276985517657254,C5,C5: limit warming to 2.5°C (>50%)
WITCH 5.0,EN_INDCi2030_1800f_NDCp,31.06216954930023,36.69888634782619,19.76428369603751,8.102706208327634,0.6891643505827889,0.2303801002049735,0.3523466505564619,0.266811230012239,0.1838309824162509,0.134484232622144,C5,C5: limit warming to 2.5°C (>50%)
WITCH 5.0,EN_INDCi2030_2000,31.06216954930023,36.42107140686102,30.25861711129433,10.95638608956941,1.61311715029043,0.3044142492319895,0.278419894199772,0.2233272092479316,0.1567722330195413,0.1121371840796433,C5,C5: limit warming to 2.5°C (>50%)
WITCH 5.0,EN_INDCi2030_2000_NDCp,31.06216954930023,36.69888634782619,19.76428369603751,11.02064743922063,1.760397822217047,0.3202158522370466,0.2787197025363095,0.23962778142445,0.1696625900109169,0.1176976156043549,C5,C5: limit warming to 2.5°C (>50%)
WITCH 5.0,EN_INDCi2030_2000f,31.06216954930023,36.42107140686102,30.25861711129433,10.95638608956941,1.61311715029043,0.3044142492319895,0.278419894199772,0.2233272092479316,0.1567722330195413,0.1121371840796433,C5,C5: limit warming to 2.5°C (>50%)
WITCH 5.0,EN_INDCi2030_2000f_NDCp,31.06216954930023,36.69888634782619,19.76428369603751,11.02064743922063,1.760397822217047,0.3202158522370466,0.2787197025363095,0.23962778142445,0.1696625900109169,0.1176976156043549,C5,C5: limit warming to 2.5°C (>50%)
WITCH 5.0,EN_INDCi2030_2500,31.06216954930023,36.42107140686102,30.25861711129433,18.35167158410912,6.704044384035194,1.93799117005079,0.4037615035139474,0.2445584308906237,0.2967582949054204,0.4548102993037786,C5,C5: limit warming to 2.5°C (>50%)
WITCH 5.0,EN_INDCi2030_2500_NDCp,31.06216954930023,36.69888634782619,19.76428369603751,18.56978390214148,6.851126279222696,2.168262383575592,0.4670000599852101,0.2625671183691023,0.2776593542275429,0.3910308103975727,C5,C5: limit warming to 2.5°C (>50%)
WITCH 5.0,EN_INDCi2030_2500f,31.06216954930023,36.42107140686102,30.25861711129433,18.35167158410912,6.704044384035194,1.93799117005079,0.4037615035139474,0.2445584308906237,0.2967582949054204,0.4548102993037786,C5,C5: limit warming to 2.5°C (>50%)
WITCH 5.0,EN_INDCi2030_2500f_NDCp,31.06216954930023,36.69888634782619,19.76428369603751,18.56978390214148,6.851126279222696,2.168262383575592,0.4670000599852101,0.2625671183691023,0.2776593542275429,0.3910308103975727,C5,C5: limit warming to 2.5°C (>50%)
WITCH 5.0,EN_INDCi2030_3000,31.06216954930023,36.42107140686102,30.25861711129433,26.74701789308772,15.29786498649603,10.11104990859245,6.246656139253616,4.576075087922144,3.760601992517145,2.519603653172448,C6,C6: limit warming to 3°C (>50%)
WITCH 5.0,EN_INDCi2030_3000_NDCp,31.06216954930023,36.69888634782619,19.76428369603751,26.72515279701798,15.40959983414609,10.10758083730048,6.405704493561744,4.68073033483039,3.790355399035555,2.847881793912863,C6,C6: limit warming to 3°C (>50%)
WITCH 5.0,EN_INDCi2030_3000f,31.06216954930023,36.42107140686102,30.25861711129433,26.74701789308772,15.29786498649603,10.11104990859245,6.246656139253616,4.576075087922144,3.760601992517145,2.519603653172448,C6,C6: limit warming to 3°C (>50%)
WITCH 5.0,EN_INDCi2030_3000f_NDCp,31.06216954930023,36.69888634782619,19.76428369603751,26.72515279701798,15.40959983414609,10.10758083730048,6.405704493561744,4.68073033483039,3.790355399035555,2.847881793912863,C6,C6: limit warming to 3°C (>50%)
WITCH 5.0,EN_INDCi2030_500f,31.06216954930023,36.42107140686102,30.25861711129433,0.6642870386657442,0.2939238616470043,0.1395858189905185,0.1021191395426819,0.0671137536527453,3.672e-09,3.672e-09,C2,C2: return warming to 1.5°C (>50%) after a high overshoot
WITCH 5.0,EN_INDCi2030_600f,31.06216954930023,36.42107140686102,30.25861711129433,0.6974522541759773,0.3841396617079448,0.1835908145832732,0.1021575182902364,0.0671137251592944,3.672e-09,7.56895158130371e-05,C3,C3: limit warming to 2°C (>67%)
WITCH 5.0,EN_INDCi2030_600f_NDCp,31.06216954930023,36.69888634782619,19.76428369603751,0.78667728756135,0.5005110603146348,0.2345762466136053,0.1394593281954494,0.0702158503471612,3.672e-09,0.0001936520412297,C3,C3: limit warming to 2°C (>67%)
WITCH 5.0,EN_INDCi2030_700f,31.06216954930023,36.42107140686102,30.25861711129433,0.8080394781055656,0.5259674871173318,0.2541423507048014,0.1454860266865429,0.0951982480951898,0.0572181338026444,3.672e-09,C3,C3: limit warming to 2°C (>67%)
WITCH 5.0,EN_INDCi2030_700f_NDCp,31.06216954930023,36.69888634782619,19.76428369603751,0.935234210773794,0.6239939070864656,0.3259897362464318,0.2111799273798242,0.1430327784768646,0.0636740336741367,3.672e-09,C3,C3: limit warming to 2°C (>67%)
WITCH 5.0,EN_INDCi2030_800,31.06216954930023,36.42107140686102,30.25861711129433,0.8707232596494238,0.4847578670638801,0.2357231864027759,0.2125093364749871,0.1606404787857193,0.1169310610594322,0.0818307295692934,C3,C3: limit warming to 2°C (>67%)
WITCH 5.0,EN_INDCi2030_800_NDCp,31.06216954930023,36.69888634782619,19.76428369603751,0.8858945656731251,0.5816196005754783,0.280117743581638,0.2440622213502216,0.1844033671996812,0.1349617490089961,0.0942080409419154,C3,C3: limit warming to 2°C (>67%)
WITCH 5.0,EN_INDCi2030_800f,31.06216954930023,36.42107140686102,30.25861711129433,0.9365420881299916,0.5716881567908869,0.2834918998169643,0.1986256532835144,0.1334875517800491,0.0506677033624009,3.672e-09,C3,C3: limit warming to 2°C (>67%)
WITCH 5.0,EN_INDCi2030_800f_NDCp,31.06216954930023,36.69888634782619,19.76428369603751,1.055212689513364,0.6506512371429464,0.3445830917623913,0.2207427387153053,0.1678550164181615,0.0780420752730695,3.672e-09,C3,C3: limit warming to 2°C (>67%)
WITCH 5.0,EN_INDCi2030_900,31.06216954930023,36.42107140686102,30.25861711129433,0.8483839953727655,0.613319195774649,0.3303530423571388,0.2146764428122133,0.1819300784066261,0.1326949599904757,0.0925602012633471,C3,C3: limit warming to 2°C (>67%)
WITCH 5.0,EN_INDCi2030_900_NDCp,31.06216954930023,36.69888634782619,19.76428369603751,0.9734546446479496,0.7081888726623282,0.4007845802876854,0.2883158862460169,0.214805790707819,0.1572044972225503,0.1108464533320685,C3,C3: limit warming to 2°C (>67%)
WITCH 5.0,EN_INDCi2030_900f,31.06216954930023,36.42107140686102,30.25861711129433,1.024447715757976,0.4916382076140525,0.3514339766726328,0.2314067138508586,0.1620596628632773,0.0585363981543317,0.0339745779396326,C3,C3: limit warming to 2°C (>67%)
WITCH 5.0,EN_INDCi2030_900f_NDCp,31.06216954930023,36.69888634782619,19.76428369603751,1.236696002977964,0.5269051816336427,0.4345166094351579,0.2759021511247937,0.1970538140071021,0.0739351414582332,0.0452224812699863,C3,C3: limit warming to 2°C (>67%)
WITCH 5.0,EN_INDCi2100,31.06216954930023,36.42107140686102,30.25861711129433,24.48242277404772,14.90632915530514,10.38598175441382,7.719138744518615,6.263286759455758,5.874982479588253,6.673421604786246,C6,C6: limit warming to 3°C (>50%)
WITCH 5.0,EN_INDCi2100_NDCp,31.06216954930023,36.69888634782619,19.76428369603751,16.79912614299377,10.36461315150622,6.4292909609202,5.067917836885465,4.686175356358111,3.968727078782922,4.530857182231584,C6,C6: limit warming to 3°C (>50%)
WITCH 5.0,EN_NPi2020_1000,31.06216954930023,38.46114766157834,5.725242499290975,1.519294250620219,0.8989120528204095,0.6155285637078748,0.574834621608254,0.3935473373403956,0.2841335537128627,0.2078477096389421,C3,C3: limit warming to 2°C (>67%)
WITCH 5.0,EN_NPi2020_1000f,31.06216954930023,38.46114766157834,6.735385666700548,1.375057567296066,0.8177289943769637,0.6701661600895831,0.6102720010724852,0.4360185801279725,0.3151146651971364,0.2236167780962581,C3,C3: limit warming to 2°C (>67%)
WITCH 5.0,EN_NPi2020_1200,31.06216954930023,38.46114766157834,7.746474602251647,1.48578511935972,0.8063020508090397,0.6114643103590535,0.6568806127437085,0.4787059030802343,0.3445276918382928,0.2481807028702815,C4,C4: limit warming to 2°C (>50%)
WITCH 5.0,EN_NPi2020_1200f,31.06216954930023,38.46114766157834,8.179268982372854,1.605169070591108,0.8165334437867705,0.6335342013875204,0.7767767004982176,0.5814930569626799,0.4029380766530184,0.2853041830255846,C4,C4: limit warming to 2°C (>50%)
WITCH 5.0,EN_NPi2020_1400,31.06216954930023,38.46114766157834,10.83196391682614,2.26253163105513,0.7075062069248903,0.6183255396688483,0.7393509722104894,0.5540560279126074,0.3838063478462652,0.2706760020236278,C4,C4: limit warming to 2°C (>50%)
WITCH 5.0,EN_NPi2020_1400f,31.06216954930023,38.46114766157834,11.09894018118467,2.232735982992924,0.7050526420891052,0.6529011569308014,0.7836093831293314,0.5961107213033783,0.430829446118941,0.2971705710031632,C4,C4: limit warming to 2°C (>50%)
WITCH 5.0,EN_NPi2020_1600,31.06216954930023,38.46114766157834,15.44704261896316,3.831902517942209,0.6092691749292256,0.5387186077895625,0.7138200906532052,0.5546532162834298,0.4058051503961744,0.2870397530847082,C4,C4: limit warming to 2°C (>50%)
WITCH 5.0,EN_NPi2020_1600f,31.06216954930023,38.46114766157834,15.81892467500974,3.80449109985363,0.6146243190247251,0.5344614129282068,0.717506182083918,0.5937073866636381,0.4324468359020937,0.3125575782067135,C4,C4: limit warming to 2°C (>50%)
WITCH 5.0,EN_NPi2020_1800,31.06216954930023,38.46114766157834,19.65641626478146,4.927230304818597,0.6654972439890511,0.4181256092950671,0.5662853343876306,0.6089385651228476,0.4143606847297712,0.3000826597956694,C5,C5: limit warming to 2.5°C (>50%)
WITCH 5.0,EN_NPi2020_1800f,31.06216954930023,38.46114766157834,19.65641626478146,4.927230304818597,0.6654972439890511,0.4181256092950671,0.5662853343876306,0.6089385651228476,0.4143606847297712,0.3000826597956694,C5,C5: limit warming to 2.5°C (>50%)
WITCH 5.0,EN_NPi2020_2000,31.06216954930023,38.46114766157834,22.40135251150968,7.099884653760071,1.415767268196894,0.5030005902057946,0.5172432102996961,0.5613081555445583,0.3970041103235944,0.2801636718330318,C5,C5: limit warming to 2.5°C (>50%)
WITCH 5.0,EN_NPi2020_2000f,31.06216954930023,38.46114766157834,22.40135251150968,7.099884653760071,1.415767268196894,0.5030005902057946,0.5172432102996961,0.5613081555445583,0.3970041103235944,0.2801636718330318,C5,C5: limit warming to 2.5°C (>50%)
WITCH 5.0,EN_NPi2020_2500,31.06216954930023,38.46114766157834,31.50982486224817,16.69829699011915,5.766211832329264,2.596324721970365,0.6690794104317179,0.6147986005063939,0.5686257252081351,0.6488618204528733,C5,C5: limit warming to 2.5°C (>50%)
WITCH 5.0,EN_NPi2020_2500f,31.06216954930023,38.46114766157834,31.50982486224817,16.69829699011915,5.766211832329264,2.596324721970365,0.6690794104317179,0.6147986005063939,0.5686257252081351,0.6488618204528733,C5,C5: limit warming to 2.5°C (>50%)
WITCH 5.0,EN_NPi2020_3000,31.06216954930023,38.46114766157834,37.26066300220339,27.14186916574704,14.69205869460289,9.814202085392289,5.650648373331572,4.413596780498899,3.175066951456541,2.421947830309374,C6,C6: limit warming to 3°C (>50%)
WITCH 5.0,EN_NPi2020_3000f,31.06216954930023,38.46114766157834,37.26066300220339,27.14186916574704,14.69205869460289,9.814202085392289,5.650648373331572,4.413596780498899,3.175066951456541,2.421947830309374,C6,C6: limit warming to 3°C (>50%)
WITCH 5.0,EN_NPi2020_400f,31.06216954930023,38.46114766157834,2.00619624650141,0.7585311112788811,0.5490813170592609,0.5122711102565709,0.3223528581091779,0.2358614421124019,0.138630751975139,0.0002796420918252,C1,C1: limit warming to 1.5°C (>50%) with no or limited overshoot
WITCH 5.0,EN_NPi2020_450,31.06216954930023,38.46114766157834,0.7361231745913094,1.06150614253582,0.3296841070587045,0.5187383395010193,0.5029943172387639,0.3680839232813268,0.2693179735744301,0.197048131990813,C1,C1: limit warming to 1.5°C (>50%) with no or limited overshoot
WITCH 5.0,EN_NPi2020_450f,31.06216954930023,38.46114766157834,2.254811872064762,0.8768689114617273,0.6652239785015058,0.5491346271217622,0.3494799946057624,0.2511126939345347,0.1453952063408009,0.0732539317956858,C1,C1: limit warming to 1.5°C (>50%) with no or limited overshoot
WITCH 5.0,EN_NPi2020_500,31.06216954930023,38.46114766157834,1.342043404184598,0.8674600365817161,0.4516823449276665,0.452222901025323,0.4495026026375261,0.3673897734287235,0.2407252225915674,0.1761293146564698,C1,C1: limit warming to 1.5°C (>50%) with no or limited overshoot
WITCH 5.0,EN_NPi2020_500f,31.06216954930023,38.46114766157834,2.545239182525309,0.9975119290222072,0.8187601563693514,0.5703037726883491,0.3653586987407204,0.267326830327077,0.1500948248586329,0.1098180734493539,C1,C1: limit warming to 1.5°C (>50%) with no or limited overshoot
WITCH 5.0,EN_NPi2020_600,31.06216954930023,38.46114766157834,2.019054160552934,0.9217305272648492,0.557353148301728,0.5617127825756492,0.446877131381526,0.3271614918614132,0.2393786282332695,0.1751985246707486,C3,C3: limit warming to 2°C (>67%)
WITCH 5.0,EN_NPi2020_600f,31.06216954930023,38.46114766157834,3.143083766398416,1.112819145550927,0.8604382116626975,0.6018023289655636,0.3699178952217006,0.2842039370219009,0.1382503170197289,0.1011339426726708,C3,C3: limit warming to 2°C (>67%)
WITCH 5.0,EN_NPi2020_700,31.06216954930023,38.46114766157834,2.504419190780214,1.130466439349314,0.896741417473026,0.6201587210535521,0.4957785315354276,0.3628806013976355,0.265511320110646,0.1942631966187226,C3,C3: limit warming to 2°C (>67%)
WITCH 5.0,EN_NPi2020_700f,31.06216954930023,38.46114766157834,3.75295891803145,1.25758792187322,0.8529196794583852,0.591784211673377,0.4301029802027446,0.3278764486196118,0.2394030451948748,0.0900657572996864,C3,C3: limit warming to 2°C (>67%)
WITCH 5.0,EN_NPi2020_800,31.06335430734465,38.34800664671109,3.319175249418448,1.200681507948359,0.906237125707104,0.6062072606696329,0.4505708984650104,0.3445564667351823,0.2521697554039382,0.1844551675906063,C3,C3: limit warming to 2°C (>67%)
WITCH 5.0,EN_NPi2020_800f,31.06216954930023,38.46114766157834,4.765972558353456,1.334287317273814,0.8429423519092838,0.6746809575543221,0.4950196750923208,0.3622643082441426,0.2650504485684312,0.0365709066647763,C3,C3: limit warming to 2°C (>67%)
WITCH 5.0,EN_NPi2020_900,31.06335430734465,38.34800664671109,4.215141554318299,1.33631867924617,0.8729721615577956,0.6789286921426672,0.488294824847814,0.3572930460817566,0.2615140058035092,0.191332225636543,C3,C3: limit warming to 2°C (>67%)
WITCH 5.0,EN_NPi2020_900f,31.06216954930023,38.46114766157834,5.750613578129427,1.427616157114084,0.8710867590250891,0.6219663469696539,0.599819922491572,0.4111443756266353,0.2943470312448029,0.0269467451960978,C3,C3: limit warming to 2°C (>67%)
WITCH 5.0,EN_NPi2100,31.06216954930023,38.46114766157834,38.94439580548453,31.92865748059089,23.76684612910761,17.98108143675227,13.92722756870892,11.27202764654445,9.94204759919104,10.08016557902651,C7,C7: limit warming to 4°C (>50%)
WITCH 5.0,EN_NoPolicy,31.06216954930023,47.43305794896504,44.46529620885278,36.22725463901239,26.85925009522725,20.69556339204337,16.37253219077724,13.53213329567839,12.53647398776005,12.7875246328113,C7,C7: limit warming to 4°C (>50%)
WITCH-GLOBIOM 3.1,SSP1-19,32.1479548581045,38.5457410183919,0.0001132603688408,2.76139590966091e-05,1.404e-09,1.404e-09,1.404e-09,1.404e-09,1.404e-09,1.404e-09,C1,C1: limit warming to 1.5°C (>50%) with no or limited overshoot
WITCH-GLOBIOM 3.1,SSP1-26,32.1479548581045,43.27586353025929,0.0001698898512612,2.76139590966091e-05,2.64888656625199e-05,1.404e-09,1.404e-09,1.404e-09,1.404e-09,1.404e-09,failed-vetting,failed-vetting
WITCH-GLOBIOM 3.1,SSP1-34,32.1479548581045,41.47157855604571,20.1143421611613,5.65504885913926,0.285495382680125,0.21725702960336,0.170800389124255,0.275187858668501,0.929748683475566,3.86003997853512,failed-vetting,failed-vetting
WITCH-GLOBIOM 3.1,SSP1-45,32.1479548581045,41.08701669518221,36.5301106010158,22.6322161240818,14.2103233574618,4.457990529749901,1.19696840007438,0.117940987156525,0.088800433960902,0.0674251973119525,failed-vetting,failed-vetting
WITCH-GLOBIOM 3.1,SSP1-Baseline,32.1479548581045,44.3907030445916,44.3939275773383,51.2977110696218,42.1861981847171,37.3509981942747,31.96757297252,26.2804962823164,22.0782537455551,18.0850452045839,C7,C7: limit warming to 4°C (>50%)
WITCH-GLOBIOM 3.1,SSP2-26,32.1479548581045,32.6862600639448,0.334175116060697,0.230139789239182,0.173250357511058,1.404e-09,1.404e-09,1.404e-09,1.404e-09,1.404e-09,failed-vetting,failed-vetting
WITCH-GLOBIOM 3.1,SSP2-34,32.1479548581045,35.6631901556299,12.6544101066543,4.8690112144498,3.10790099559329,1.47947334269825,0.942886752679967,0.625955205653935,0.460098314679333,0.346356374760395,failed-vetting,failed-vetting
WITCH-GLOBIOM 3.1,SSP2-45,32.1479548581045,38.8886241485032,27.7014224842621,21.8631636374463,11.7899567447666,7.14651866551558,6.57043734587453,5.56720698492557,3.97086955700035,4.58220709937779,failed-vetting,failed-vetting
WITCH-GLOBIOM 3.1,SSP2-60,32.1479548581045,40.048699639516,48.28416712936249,52.8392077022505,43.213052628179,33.2786509421385,21.8712298952514,13.7726326297688,12.2744084123161,12.4080574498346,failed-vetting,failed-vetting
WITCH-GLOBIOM 3.1,SSP2-Baseline,32.1479548581045,48.1027718286828,67.28869514737279,80.2578444399308,89.4972076015497,94.36102253615208,97.09989634926028,97.3153077685918,95.18494362301207,86.9959695031459,C8,C8: exceed warming of 4°C (>=50%)
WITCH-GLOBIOM 3.1,SSP3-34,32.1479548581045,34.5305945493931,5.754418587789201,1.98347748193302,1.11355591046309,0.8382600414365591,0.6310254048377889,1.404e-09,1.404e-09,1.404e-09,failed-vetting,failed-vetting
WITCH-GLOBIOM 3.1,SSP3-45,32.1479548581045,43.72283815304439,31.3430584277264,22.0364331472411,10.4934655366383,6.51072298210552,5.62920014997622,4.19401855966724,2.932020242446379,3.39086894256993,failed-vetting,failed-vetting
WITCH-GLOBIOM 3.1,SSP3-60,32.1479548581045,48.1100156481534,62.4657227005863,65.1029446504502,49.6979948528889,34.477647968488,27.1132611494888,17.9682596760827,15.030533939522,14.8633497598667,failed-vetting,failed-vetting
WITCH-GLOBIOM 3.1,SSP3-Baseline,32.1479548581045,55.32461789610971,82.5296921969725,98.1851076181296,109.284419933866,116.157255056944,129.957691647946,139.777059296263,151.735836101611,163.344173363354,C8,C8: exceed warming of 4°C (>=50%)
WITCH-GLOBIOM 3.1,SSP4-19,32.1479548581045,41.4112379960062,0.2016527276600319,0.303556514116214,0.202830798927792,1.404e-09,1.404e-09,1.404e-09,1.404e-09,1.404e-09,C1,C1: limit warming to 1.5°C (>50%) with no or limited overshoot
WITCH-GLOBIOM 3.1,SSP4-26,32.1479548581045,46.2117598457783,2.44202355308452,0.571248940196667,0.2502317047715739,0.188379190428638,0.141819717433022,1.404e-09,1.404e-09,1.404e-09,failed-vetting,failed-vetting
WITCH-GLOBIOM 3.1,SSP4-34,32.1479548581045,44.4238234371937,26.8497874968079,10.6464034188978,2.14697107712555,1.75570220536198,1.30737186001513,0.7958550693998371,0.8239230969756479,1.19075930454256,failed-vetting,failed-vetting
WITCH-GLOBIOM 3.1,SSP4-45,32.1479548581045,44.5429304090425,40.9699292848148,28.1709933233172,17.3470794496267,9.80230397197437,5.4357111822639,4.785946897022749,4.83766032802055,4.35911572933185,failed-vetting,failed-vetting
WITCH-GLOBIOM 3.1,SSP4-60,32.1479548581045,45.1462110823189,50.1852418878964,49.7884963165828,53.8263184063166,55.213348052506,54.13226947202029,46.2126623446224,41.12974163221629,36.2841706599704,failed-vetting,failed-vetting
WITCH-GLOBIOM 3.1,SSP4-Baseline,32.1479548581045,47.5094033018237,54.5695568939453,64.6492228742686,61.3787249297783,61.3570407566405,63.1334443096516,60.3795701635532,52.64099972800511,43.4234726446632,C7,C7: limit warming to 4°C (>50%)
WITCH-GLOBIOM 3.1,SSP5-34,32.1479548581045,34.382030336188,1.54508858320204,1.08441761429231,0.8852273042740799,0.6190818807227672,1.404e-09,1.404e-09,1.404e-09,1.404e-09,failed-vetting,failed-vetting
WITCH-GLOBIOM 3.1,SSP5-45,32.1479548581045,37.7399479666587,18.0395426337919,14.364990368872,11.4769057235669,12.6705804004098,11.7864624827621,10.5265619914898,9.493067736801027,7.452457249523059,failed-vetting,failed-vetting
WITCH-GLOBIOM 3.1,SSP5-60,32.1479548581045,40.0750635845835,40.008048922379,42.4335661608965,36.8083534044546,25.6916394845899,24.4039372272875,23.4660493618396,22.6919271746621,18.8686777860034,failed-vetting,failed-vetting
WITCH-GLOBIOM 3.1,SSP5-Baseline,32.1479548581045,48.47761276416161,71.5190548938426,111.3051588276,151.181793938955,181.729124760354,203.709050255856,226.588461559038,244.256805781237,247.981368991842,C8,C8: exceed warming of 4°C (>=50%)
WITCH-GLOBIOM 4.2,ADVANCE_2020_1.5C-2100,32.955578649987,27.9534980022944,1.65681604737226,1.07537602883429,0.9074938929759108,0.1046734808508459,1.404e-09,1.404e-09,1.404e-09,1.404e-09,failed-vetting,failed-vetting
WITCH-GLOBIOM 4.2,ADVANCE_2020_Med2C,32.955578649987,27.9534980022944,7.582733669212461,3.72191846657137,4.29803941777886,3.092344802987141,1.1596760794473,0.771129609283613,0.336815385347614,0.1041442494790059,failed-vetting,failed-vetting
WITCH-GLOBIOM 4.2,ADVANCE_2020_WB2C,32.955578649987,27.9534980022944,2.06710108086712,2.43153997109753,2.56705097651908,1.13115320953184,0.3234201278705469,0.166107556193286,1.404e-09,1.404e-09,failed-vetting,failed-vetting
WITCH-GLOBIOM 4.2,ADVANCE_2030_Med2C,32.955578649987,27.9534980022944,24.3105613185266,2.71390904056257,2.97800709543787,2.62522128284328,1.26336509828252,0.61390791868239,0.189105269523948,0.0062489953521489,failed-vetting,failed-vetting
WITCH-GLOBIOM 4.2,ADVANCE_2030_Price1.5C,32.955578649987,27.9534980022944,24.3105613185266,2.30774679460662,1.4999393714717,0.65958125893451,0.0228674734417939,1.404e-09,1.404e-09,1.404e-09,failed-vetting,failed-vetting
WITCH-GLOBIOM 4.2,ADVANCE_2030_WB2C,32.955578649987,27.9534980022944,24.3105613185266,2.60230758799753,1.46572127816439,0.8185825486945909,0.0574798042516134,1.404e-09,1.404e-09,1.404e-09,failed-vetting,failed-vetting
WITCH-GLOBIOM 4.2,ADVANCE_INDC,32.955578649987,27.9534980022944,24.3105613185266,22.9344310360522,22.4978701737428,27.5760053033458,32.91002148428939,38.31965819009171,43.1404430088414,42.3911317294663,failed-vetting,failed-vetting
WITCH-GLOBIOM 4.2,ADVANCE_NoPolicy,32.955578649987,43.8804547802841,60.78325627951421,72.85872978915309,80.8028789909225,85.98502170008291,91.7251409863155,91.070729693486,84.97574366299409,76.2839586761917,C8,C8: exceed warming of 4°C (>=50%)
WITCH-GLOBIOM 4.2,ADVANCE_Reference,32.955578649987,27.803146187578,41.9213768631506,48.7371555209406,45.3642043740016,38.5878454478316,32.36694289818639,32.8150961211342,31.2997029431509,27.5024229432255,failed-vetting,failed-vetting
WITCH-GLOBIOM 4.2,EMF30_BCOC-EndU,32.9882056394183,44.6234820549061,62.3266528702185,74.3808185025934,82.65901579989409,87.28840650866091,92.3141288574638,91.4699568689369,85.31803045269159,77.3728792225795,C8,C8: exceed warming of 4°C (>=50%)
WITCH-GLOBIOM 4.2,EMF30_Baseline,32.9882056394183,44.6119242494204,62.2853694551264,74.282664850687,82.44855844967279,86.9829989621299,91.8742731296259,90.9046128520957,84.5219941160489,76.3978087302949,C8,C8: exceed warming of 4°C (>=50%)
WITCH-GLOBIOM 4.2,EMF30_CH4-Only,32.9882056394183,44.5165162020945,62.1050951007428,73.6115455037852,82.2452715905929,86.56741350739559,91.15673665403229,90.0372109620068,84.2097451595537,76.20171395278929,C7,C7: limit warming to 4°C (>50%)
WITCH-GLOBIOM 4.2,EMF30_ClimPolicy,32.9882056394183,20.2149523356347,8.65782465360816,4.37836004785246,2.65271469692517,1.02047833171747,0.289836403788903,1.404e-09,1.404e-09,1.404e-09,failed-vetting,failed-vetting
WITCH-GLOBIOM 4.2,EMF30_ClimPolicy+SLCF,32.9882056394183,20.236984124086,8.376038571818759,4.37586980377201,2.65613412303952,1.01626630324473,0.2879962175288439,1.404e-09,1.404e-09,1.404e-09,failed-vetting,failed-vetting
WITCH-GLOBIOM 4.2,EMF30_D_BCOC-Red,32.9882056394183,44.6123480967936,62.28611363359529,74.2831260223312,82.4483638732693,86.96765830456629,91.84533679741448,90.8692792006398,84.4846189977827,76.34878721125709,C8,C8: exceed warming of 4°C (>=50%)
WITCH-GLOBIOM 4.2,EMF30_D_CH4-ClimPolicy,32.9882056394183,44.4925063493905,62.02148264358659,73.63588916937749,79.297658626046,81.4611255241734,85.45336360220921,83.9505422053669,80.3081072588199,74.8082878532584,failed-vetting,failed-vetting
WITCH-GLOBIOM 4.2,EMF30_D_CO2-Only,32.9882056394183,18.1830646055005,7.90335465063206,4.13342792865539,2.16757568197956,0.914597163896758,0.258814296580377,1.404e-09,1.404e-09,1.404e-09,failed-vetting,failed-vetting
WITCH-GLOBIOM 4.2,EMF30_D_Frozen-CH4,32.9882056394183,44.6123488061553,62.2861113681713,74.28312620924599,82.44840876509859,86.96770005066358,91.8453474376753,90.8693702158667,84.4844774051157,76.34803263175321,C8,C8: exceed warming of 4°C (>=50%)
WITCH-GLOBIOM 4.2,EMF30_D_Frozen-EF,32.9882056394183,44.6123488061553,62.2861113681713,74.28312620924599,82.44840876509859,86.96770005066358,91.8453474376753,90.8693702158667,84.4844774051157,76.34803263175321,C7,C7: limit warming to 4°C (>50%)
WITCH-GLOBIOM 4.2,EMF30_D_Frozen-EF-EndU,32.9882056394183,44.6123480967936,62.28611363359529,74.2831260223312,82.4483638732693,86.96765830456629,91.84533679741448,90.8692792006398,84.4846189977827,76.34878721125709,C8,C8: exceed warming of 4°C (>=50%)
WITCH-GLOBIOM 4.2,EMF30_D_Frozen-EF-SLCF,32.9882056394183,44.6123480967936,62.28611363359529,74.2831260223312,82.4483638732693,86.96765830456629,91.84533679741448,90.8692792006398,84.4846189977827,76.34878721125709,C8,C8: exceed warming of 4°C (>=50%)
WITCH-GLOBIOM 4.2,EMF30_SLCF,32.9882056394183,44.5318341585437,62.14376518478311,73.7032421663783,82.43952532064,86.8658689679935,91.57730742187393,90.5660591242493,84.9137277490987,76.9867773226881,C7,C7: limit warming to 4°C (>50%)
WITCH-GLOBIOM 4.2,EMF30_Slower-Action,31.7964234532848,30.0589941212456,30.5372961057664,34.354221304748,40.08563381166911,50.3016856912822,59.6390832040755,63.7294759135902,67.4361072024821,69.1101506312292,failed-vetting,failed-vetting
WITCH-GLOBIOM 4.2,EMF30_Slower-Action+SLCF,31.7964234532848,30.4473726630035,31.9830061399241,35.0880226909169,39.9751890804385,50.65138675090879,60.72050194394861,65.4328033615675,69.288996173444,70.9273282748637,failed-vetting,failed-vetting
WITCH-GLOBIOM 4.2,EMF30_Slower-to-faster,31.7964234532848,30.0589941212456,30.5372961057664,16.9604685642358,28.62262799937231,34.1174527118085,35.6713051947093,34.856004140153,32.8614815855913,31.5778474978584,failed-vetting,failed-vetting
WITCH-GLOBIOM 4.2,EMF30_Slower-to-faster+SLCF,31.7964234532848,30.4473726630035,31.9830061399241,17.1150940508976,28.67860440258,34.2102194000331,35.83541045967139,35.0089313708256,33.0676842182186,31.7984272443392,failed-vetting,failed-vetting
WITCH-GLOBIOM 4.2,EMF30_Slower-to-faster+SLCF+HFC,31.7964234532848,30.4473726630035,31.9830061399241,17.1162702163345,28.66894220831571,34.1941643320212,35.8073310460804,35.0053155228992,33.0685625103146,31.7998092090791,failed-vetting,failed-vetting
WITCH-GLOBIOM 4.4,CD-LINKS_INDC2030i_1600,30.4358363391862,29.7256692169766,26.85953984850551,4.43843619266688,2.90811551537979,3.04213860397559,1.85609018536331,0.960298057809093,0.6966783177808801,0.1644342907198719,C3,C3: limit warming to 2°C (>67%)
WITCH-GLOBIOM 4.4,CD-LINKS_INDCi,30.4358363391862,29.7256692169766,26.85953984850551,36.8348903765702,42.70871239051061,53.32856032311211,60.6446122816601,63.0901891474644,63.45127945977411,63.6494975284685,C7,C7: limit warming to 4°C (>50%)
WITCH-GLOBIOM 4.4,CD-LINKS_NDC2030i_1000,30.4358363391862,29.7256692169766,26.85953984850551,1.49534868116861,1.93191431702769,0.962204569373984,0.6023466474207572,0.140980845254542,0.0441484789780111,2.808e-09,C2,C2: return warming to 1.5°C (>50%) after a high overshoot
WITCH-GLOBIOM 4.4,CD-LINKS_NPi,30.4358363391862,35.2754052671237,55.4708269633303,71.2477797898355,82.5984541026577,97.0083003319755,104.114780820008,105.689320284368,102.519894844529,99.9751060896155,C7,C7: limit warming to 4°C (>50%)
WITCH-GLOBIOM 4.4,CD-LINKS_NPi2020_1000,30.4358363391862,35.2754052671237,4.90435538407292,4.77467574749996,3.348134823319,2.31742976231289,1.20900717684236,0.803594672391648,0.29555764353734,0.0683294292192849,C1,C1: limit warming to 1.5°C (>50%) with no or limited overshoot
WITCH-GLOBIOM 4.4,CD-LINKS_NPi2020_1600,30.4358363391862,35.2754052671237,17.1596357599143,4.84027373655584,4.782860429774179,3.77220994371072,2.87446649543947,1.65847600919871,1.07646884716985,0.720715449733076,C3,C3: limit warming to 2°C (>67%)
WITCH-GLOBIOM 4.4,CD-LINKS_NPi2020_400,30.4358363391862,35.2754052671237,2.32628534390516,2.67181392884175,1.39884283448421,0.921023280941491,0.4211545134506839,0.165416794788085,2.808e-09,2.808e-09,C1,C1: limit warming to 1.5°C (>50%) with no or limited overshoot
WITCH-GLOBIOM 4.4,CD-LINKS_NoPolicy,30.4358363391862,40.3683959315015,58.9726171716077,74.9982414788331,86.42304638046379,100.971963311892,107.910724588945,108.868557073358,105.20190368364,101.977272690363,C7,C7: limit warming to 4°C (>50%)
