Model,Scenario,2010,2020,2030,2040,2050,2060,2070,2080,2090,2100,Category,Category_name
AIM/CGE 2.0,ADVANCE_2020_1.5C-2100,4.792,5.9988,6.347,2.936,2.7801,3.6248,4.0033,4.1863,4.065,6.8558,failed-vetting,failed-vetting
AIM/CGE 2.0,ADVANCE_2020_Med2C,4.792,5.9989,6.69,6.4975,6.4588,6.65,7.1321,7.3557,7.7843,8.5475,failed-vetting,failed-vetting
AIM/CGE 2.0,ADVANCE_2020_WB2C,4.792,5.9989,6.7036,5.1783,6.7916,7.0129,7.1688,8.5122,9.2102,9.1333,failed-vetting,failed-vetting
AIM/CGE 2.0,ADVANCE_2030_Med2C,4.792,5.9988,6.6109,5.5269,5.9498,7.125,7.5577,7.9276,8.2785,9.1745,failed-vetting,failed-vetting
AIM/CGE 2.0,ADVANCE_2030_Price1.5C,4.8368,6.1056,6.6355,2.9384,2.1084,4.5039,5.0422,5.4668,5.4361,8.4708,failed-vetting,failed-vetting
AIM/CGE 2.0,ADVANCE_2030_WB2C,4.792,5.9988,6.6109,5.5246,3.0363,4.0099,2.826,4.8636,6.1236,5.2075,failed-vetting,failed-vetting
AIM/CGE 2.0,ADVANCE_INDC,4.8368,6.1056,6.6895,7.3154,7.6854,7.9954,7.326,7.6743,7.9793,7.9994,failed-vetting,failed-vetting
AIM/CGE 2.0,ADVANCE_NoPolicy,4.79,6.1204,7.6138,9.4704,11.2336,12.6534,12.9306,13.6745,14.9292,14.2365,failed-vetting,failed-vetting
AIM/CGE 2.0,ADVANCE_Reference,4.8368,6.1056,6.9098,8.0781,9.246,10.5117,11.0711,11.1176,11.5353,10.6584,failed-vetting,failed-vetting
AIM/CGE 2.0,EMF30_BCOC-EndU,4.8056,6.2646,7.8436,9.5959,11.0388,12.4365,14.1285,15.5187,16.2892,15.9493,failed-vetting,failed-vetting
AIM/CGE 2.0,EMF30_Baseline,4.8078,6.2496,7.777,9.5497,11.0054,12.4123,14.1043,15.4935,16.2732,15.8582,failed-vetting,failed-vetting
AIM/CGE 2.0,EMF30_CH4-Only,4.8102,6.1401,7.2783,8.8306,10.1518,11.4655,13.0396,14.3459,15.0498,14.6447,failed-vetting,failed-vetting
AIM/CGE 2.0,EMF30_ClimPolicy,4.8256,6.2766,7.2511,6.8464,6.7202,7.0529,7.6874,8.0205,7.459,4.9398,failed-vetting,failed-vetting
AIM/CGE 2.0,EMF30_ClimPolicy+SLCF,4.8241,6.2959,7.1326,6.8402,6.8445,7.1678,7.781000000000001,8.0857,7.4943,4.933,failed-vetting,failed-vetting
AIM/CGE 2.0,EMF30_D_BCOC-Red,4.8078,6.2496,7.777,9.5497,11.0054,12.4123,14.1043,15.4935,16.2732,15.8582,failed-vetting,failed-vetting
AIM/CGE 2.0,EMF30_D_CH4-ClimPolicy,4.8102,6.1404,7.3083,8.8846,10.2319,11.6247,13.3264,14.6932,15.5934,16.2321,failed-vetting,failed-vetting
AIM/CGE 2.0,EMF30_D_CO2-Only,4.8208,6.2787,7.3942,6.6502,6.4245,6.6731,3.916,4.4135,4.9729,4.4709,failed-vetting,failed-vetting
AIM/CGE 2.0,EMF30_D_Frozen-CH4,4.8078,6.2496,7.777,9.5497,11.0054,12.4123,14.1043,15.4935,16.2732,15.8582,failed-vetting,failed-vetting
AIM/CGE 2.0,EMF30_D_Frozen-EF,4.8078,6.2496,7.777,9.5497,11.0054,12.4123,14.1043,15.4935,16.2732,15.8582,failed-vetting,failed-vetting
AIM/CGE 2.0,EMF30_D_Frozen-EF-EndU,4.8078,6.2496,7.777,9.5497,11.0054,12.4123,14.1043,15.4935,16.2732,15.8582,failed-vetting,failed-vetting
AIM/CGE 2.0,EMF30_D_Frozen-EF-SLCF,4.8078,6.2496,7.777,9.5497,11.0054,12.4123,14.1043,15.4935,16.2732,15.8582,failed-vetting,failed-vetting
AIM/CGE 2.0,EMF30_SLCF,4.8083,6.1551,7.3443,8.8788,10.1894,11.4979,13.0786,14.3903,15.0943,14.6894,failed-vetting,failed-vetting
AIM/CGE 2.0,EMF30_Slower-Action,4.8256,6.2095,6.9352,7.5874,7.5452,7.297000000000001,7.4242,7.7456,8.0931,8.1071,failed-vetting,failed-vetting
AIM/CGE 2.0,EMF30_Slower-Action+SLCF,4.8241,6.2244,6.9711,7.6818,7.6337,7.162999999999999,7.0988,7.2985,7.5455,7.1579,failed-vetting,failed-vetting
AIM/CGE 2.0,EMF30_Slower-to-faster,4.8256,6.2095,6.9334,6.0916,5.7683,6.755,7.5143,7.6304,6.6821,4.3949,failed-vetting,failed-vetting
AIM/CGE 2.0,EMF30_Slower-to-faster+SLCF,4.8191,6.2225,6.985,6.2955,4.3669,2.9428,4.1695,4.7645,5.2291,4.4619,failed-vetting,failed-vetting
AIM/CGE 2.0,EMF30_Slower-to-faster+SLCF+HFC,4.8191,6.2225,6.9849,6.2874,4.3621,2.9482,4.1695,4.7646,5.2294,4.4619,failed-vetting,failed-vetting
AIM/CGE 2.0,SFCM_SSP2_Bio_1p5Degree,4.7902,6.3884,5.4021,3.6624,5.5499,5.5708,4.9605,5.082,5.5962,6.2101,failed-vetting,failed-vetting
AIM/CGE 2.0,SFCM_SSP2_Bio_2Degree,4.7902,6.3884,6.962000000000002,5.6571,5.8315,6.271,6.8163,7.3278,7.6706,8.0978,failed-vetting,failed-vetting
AIM/CGE 2.0,SFCM_SSP2_Bio_Baseline,4.8071,6.1417,7.6149,9.2295,10.4845,11.6663,13.0685,14.2241,14.8777,14.7549,failed-vetting,failed-vetting
AIM/CGE 2.0,SFCM_SSP2_EEEI_1p5Degree,4.6608,5.701000000000001,4.849,3.0899,3.6669,3.5529,2.201,2.0238,1.9876,1.8613,failed-vetting,failed-vetting
AIM/CGE 2.0,SFCM_SSP2_EEEI_2Degree,4.6608,5.701000000000001,5.9808,4.5542,4.2962,4.7112,4.9557,5.082,5.1243,5.1309,failed-vetting,failed-vetting
AIM/CGE 2.0,SFCM_SSP2_EEEI_Baseline,4.6775,5.563,6.4406,7.3628,8.0894,8.4379,9.0482,9.5813,9.9035,9.8847,failed-vetting,failed-vetting
AIM/CGE 2.0,SFCM_SSP2_LifeStyle_1p5Degree,4.7643,6.2036,5.3672,3.753,5.2951,5.1026,4.2707,4.3522,4.8048,5.3092,failed-vetting,failed-vetting
AIM/CGE 2.0,SFCM_SSP2_LifeStyle_2Degree,4.7643,6.2036,6.7753,5.4279,5.428,5.9783,6.5659,6.9997,7.4035,7.7106,failed-vetting,failed-vetting
AIM/CGE 2.0,SFCM_SSP2_LifeStyle_Baseline,4.7812,6.0474,7.466,9.0407,10.3932,11.5209,12.9616,14.3543,15.3418,16.2211,failed-vetting,failed-vetting
AIM/CGE 2.0,SFCM_SSP2_Ref_1p5Degree,4.7895,6.3859,5.3328,3.5687,5.0427,4.8588,3.8554,3.9181,4.231,4.6081,failed-vetting,failed-vetting
AIM/CGE 2.0,SFCM_SSP2_Ref_2Degree,4.7895,6.3859,6.9012,5.6256,5.7764,6.3148,6.7939,7.2355,7.563,7.9289,failed-vetting,failed-vetting
AIM/CGE 2.0,SFCM_SSP2_Ref_Baseline,4.8065,6.1377,7.6035,9.2096,10.4798,11.6934,13.1409,14.359,15.023,14.8983,failed-vetting,failed-vetting
AIM/CGE 2.0,SFCM_SSP2_ST_CCS_1p5Degree,4.7895,6.3859,5.5069,3.9046,6.5534,5.6321,4.6634,4.773400000000001,5.2387,5.8061,failed-vetting,failed-vetting
AIM/CGE 2.0,SFCM_SSP2_ST_CCS_2Degree,4.7895,6.3859,6.9349,5.9586,6.3775,6.8704,7.4121,7.8853,8.2363,8.6669,failed-vetting,failed-vetting
AIM/CGE 2.0,SFCM_SSP2_ST_CCS_Baseline,4.8065,6.1377,7.6035,9.2096,10.4798,11.6934,13.1409,14.359,15.023,14.8983,failed-vetting,failed-vetting
AIM/CGE 2.0,SFCM_SSP2_ST_bio_1p5Degree,4.7895,6.3868,5.3397,3.5898,5.2312,5.1555,4.2598,4.3878,4.8149,5.3289,failed-vetting,failed-vetting
AIM/CGE 2.0,SFCM_SSP2_ST_bio_2Degree,4.7895,6.3868,6.900700000000001,5.5932,5.7289,6.2067,6.7197,7.1917,7.5522,7.962999999999999,failed-vetting,failed-vetting
AIM/CGE 2.0,SFCM_SSP2_ST_bio_Baseline,4.8065,6.1378,7.6036,9.2072,10.4598,11.6478,13.0591,14.2297,14.882,14.7592,failed-vetting,failed-vetting
AIM/CGE 2.0,SFCM_SSP2_ST_nuclear_1p5Degree,4.798999999999999,6.4978,5.4135,3.6123,5.0093,4.7628,3.6551,3.6802,3.9145,4.1066,failed-vetting,failed-vetting
AIM/CGE 2.0,SFCM_SSP2_ST_nuclear_2Degree,4.798999999999999,6.4978,7.0962,5.7717,5.8378,6.3007,6.7511,7.1405,7.3808,7.5918,failed-vetting,failed-vetting
AIM/CGE 2.0,SFCM_SSP2_ST_nuclear_Baseline,4.8163,6.2341,7.7744,9.424,10.692,11.9125,13.3575,14.5412,15.1852,15.2875,failed-vetting,failed-vetting
AIM/CGE 2.0,SFCM_SSP2_ST_solar_1p5Degree,4.7892,6.3794,5.27,3.4608,4.6784,4.448,3.3244,3.3692,3.6552,3.9766,failed-vetting,failed-vetting
AIM/CGE 2.0,SFCM_SSP2_ST_solar_2Degree,4.7892,6.3794,6.8363,5.4611,5.5153,6.0164,6.4483,6.8042,7.0832,7.4195,failed-vetting,failed-vetting
AIM/CGE 2.0,SFCM_SSP2_ST_solar_Baseline,4.8061,6.1344,7.590899999999999,9.175,10.4048,11.601,13.0255,14.2208,14.8725,14.7499,failed-vetting,failed-vetting
AIM/CGE 2.0,SFCM_SSP2_ST_wind_1p5Degree,4.7887,6.3727,5.2403,3.372,4.4349,4.2017,3.1812,3.1888,3.3926,3.6242,failed-vetting,failed-vetting
AIM/CGE 2.0,SFCM_SSP2_ST_wind_2Degree,4.7887,6.3727,6.8027,5.3577,5.3219,5.8172,6.2291,6.6245,7.0161,7.4008,failed-vetting,failed-vetting
AIM/CGE 2.0,SFCM_SSP2_ST_wind_Baseline,4.8057,6.1314,7.5815,9.1509,10.3804,11.572,12.987,14.1622,14.8074,15.0266,failed-vetting,failed-vetting
AIM/CGE 2.0,SFCM_SSP2_SupTech_1p5Degree,4.7977,6.4786,5.4355,3.6651,5.5983,4.7089,3.8783,3.9265,4.1993,4.4545,failed-vetting,failed-vetting
AIM/CGE 2.0,SFCM_SSP2_SupTech_2Degree,4.7977,6.4786,6.957999999999998,5.7684,5.7732,5.9575,6.3732,6.7416,6.9226,7.1846,failed-vetting,failed-vetting
AIM/CGE 2.0,SFCM_SSP2_SupTech_Baseline,4.8151,6.2245,7.7393,9.3264,10.4941,11.6399,12.9851,14.0539,14.6757,14.7415,failed-vetting,failed-vetting
AIM/CGE 2.0,SFCM_SSP2_combined_1p5Degree,4.6411,5.6128,4.9797,3.3061,4.2557,3.8356,2.9098,2.7214,2.6364,2.449,failed-vetting,failed-vetting
AIM/CGE 2.0,SFCM_SSP2_combined_2Degree,4.6411,5.6128,5.8863,4.5503,4.0706,4.0983,4.274,4.356,4.2967,4.1622,failed-vetting,failed-vetting
AIM/CGE 2.0,SFCM_SSP2_combined_Baseline,4.658,5.5531,6.4365,7.3167,7.9861,8.2787,8.6399,9.0666,9.2912,9.1673,failed-vetting,failed-vetting
AIM/CGE 2.0,SSP1-19,4.8877,6.3664,6.1487,4.0496,3.8519,2.6457,2.113,1.699,1.7041,1.4899,failed-vetting,failed-vetting
AIM/CGE 2.0,SSP1-26,4.8864,6.3653,7.4162,6.052,5.241000000000001,5.1936,5.3031,5.4847,5.4001,5.5263,C3,C3: limit warming to 2°C (>67%)
AIM/CGE 2.0,SSP1-34,4.8864,6.3653,7.227,7.4201,7.1954,6.9768,6.7156,6.7007,6.6986,6.7425,C5,C5: limit warming to 2.5°C (>50%)
AIM/CGE 2.0,SSP1-45,4.8864,6.3296,7.0047,7.2203,7.5038,8.1871,8.8025,9.2168,9.3281,9.1857,C6,C6: limit warming to 3°C (>50%)
AIM/CGE 2.0,SSP1-Baseline,4.8985,6.3859,7.7442,8.5016,8.7875,9.0213,9.4343,10.0071,10.5637,10.7016,C7,C7: limit warming to 4°C (>50%)
AIM/CGE 2.0,SSP2-19,4.8243,6.2053,6.3165,4.3346,6.5878,4.8979,4.5269,4.3721,4.3562,4.5503,failed-vetting,failed-vetting
AIM/CGE 2.0,SSP2-26,4.8177,6.2021,7.3855,6.3782,6.7125,6.9788,7.1944,7.4693,7.5434,7.7455,failed-vetting,failed-vetting
AIM/CGE 2.0,SSP2-34,4.8177,6.2021,7.4891,6.9723,5.9805,5.6882,6.4179,7.1697,7.7806,8.2866,failed-vetting,failed-vetting
AIM/CGE 2.0,SSP2-45,4.8177,6.2021,7.0965,7.5766,7.2661,6.5163,6.1571,6.2936,6.7759,7.3489,failed-vetting,failed-vetting
AIM/CGE 2.0,SSP2-60,4.8177,6.2021,7.0814,7.7291,7.5802,7.5147,7.9555,8.5436,8.9438,9.3485,failed-vetting,failed-vetting
AIM/CGE 2.0,SSP2-Baseline,4.8269,6.2514,7.85,9.6125,11.0517,12.4269,14.0719,15.4171,16.19400000000001,15.8482,failed-vetting,failed-vetting
AIM/CGE 2.0,SSP3-34,4.7036,5.8154,6.2298,7.2196,6.893,6.4729,5.876300000000001,5.412000000000001,4.6643,3.9022,failed-vetting,failed-vetting
AIM/CGE 2.0,SSP3-45,4.7036,5.8154,6.2829,7.3993,6.5065,5.3638,5.4294,5.4962,5.494,5.3248,failed-vetting,failed-vetting
AIM/CGE 2.0,SSP3-60,4.7036,5.8154,6.2794,7.2659,7.0189,6.2086,5.6951,5.1695,4.9852,4.7683,failed-vetting,failed-vetting
AIM/CGE 2.0,SSP3-Baseline,4.703,5.8242,6.9032,7.8859,8.2857,8.0715,8.1426,8.1302,8.4172,8.2832,failed-vetting,failed-vetting
AIM/CGE 2.0,SSP4-26,4.9794,6.7111,8.383,7.3096,6.8123,6.8399,7.2012,7.2974,7.2921,7.2975,C3,C3: limit warming to 2°C (>67%)
AIM/CGE 2.0,SSP4-34,4.9794,6.7111,8.3624,8.5768,8.0329,7.4249,7.3812,7.4238,7.3831,7.4972,C5,C5: limit warming to 2.5°C (>50%)
AIM/CGE 2.0,SSP4-45,4.9794,6.7111,8.0441,8.4948,8.4816,8.7162,8.87,8.9209,8.6353,8.3958,C6,C6: limit warming to 3°C (>50%)
AIM/CGE 2.0,SSP4-Baseline,4.9971,6.8127,8.5488,9.5186,9.7735,9.7937,9.7556,9.9776,10.4044,10.54,C7,C7: limit warming to 4°C (>50%)
AIM/CGE 2.0,SSP5-26,4.8595,6.4205,8.3917,8.2352,11.5715,13.7229,13.7158,13.9333,14.033,14.3326,failed-vetting,failed-vetting
AIM/CGE 2.0,SSP5-34,4.8595,6.4205,8.9613,10.513,12.1533,13.2803,14.3547,15.3341,15.4413,13.6045,failed-vetting,failed-vetting
AIM/CGE 2.0,SSP5-45,4.8595,6.4205,8.6409,10.5915,11.1599,11.5827,12.7077,13.9032,13.6898,11.7184,failed-vetting,failed-vetting
AIM/CGE 2.0,SSP5-60,4.8595,6.4205,8.5403,10.8547,11.6281,11.6712,12.36,13.1478,12.316,10.0914,failed-vetting,failed-vetting
AIM/CGE 2.0,SSP5-Baseline,4.8612,6.401,8.7683,12.1111,15.0671,17.2091,19.109,20.4704,17.5609,12.6326,failed-vetting,failed-vetting
AIM/CGE 2.1,CD-LINKS_INDC2030i_1600,4.7579,6.0401,6.7823,6.1053,6.7352,7.5736,7.867000000000001,8.0842,8.229800000000001,8.6537,C5,C5: limit warming to 2.5°C (>50%)
AIM/CGE 2.1,CD-LINKS_INDCi,4.758,6.0418,6.7948,7.7374,8.8699,10.1575,10.925,11.4777,12.0259,11.364,C7,C7: limit warming to 4°C (>50%)
AIM/CGE 2.1,CD-LINKS_NDC2030i_1000,4.7579,6.0401,6.7823,6.2569,6.7671,8.1565,8.4171,9.1017,9.3803,9.5448,C4,C4: limit warming to 2°C (>50%)
AIM/CGE 2.1,CD-LINKS_NPi,4.6699,6.0708,7.5685,9.6033,12.0857,14.4349,15.6245,16.7968,18.2363,17.1846,failed-vetting,failed-vetting
AIM/CGE 2.1,CD-LINKS_NPi2020_1000,4.6591,5.9585,6.642,6.1846,7.5333,8.0329,8.8032,9.2994,9.6763,10.2047,C3,C3: limit warming to 2°C (>67%)
AIM/CGE 2.1,CD-LINKS_NPi2020_1600,4.7579,5.9935,6.5258,6.34,6.2401,6.9616,7.672000000000001,7.7863,7.9403,8.6533,C5,C5: limit warming to 2.5°C (>50%)
AIM/CGE 2.1,CD-LINKS_NPi2020_400,4.6596,5.959,6.5748,5.6149,6.5739,6.2276,7.0861,6.8442,6.9963,6.087999999999999,C1,C1: limit warming to 1.5°C (>50%) with no or limited overshoot
AIM/CGE 2.1,CD-LINKS_NoPolicy,4.8303,6.4399,8.2656,10.6312,13.422,16.213,17.491,18.5472,19.6655,18.6763,failed-vetting,failed-vetting
AIM/CGE 2.1,CO_2Deg2020,3.474899999999999,3.5838,4.2221,5.4641,6.8813,2.0941392227748548,1.976037528090142,1.8552840132117032,1.7468998591689557,1.6286608853614093,no-climate-assessment,no-climate-assessment
AIM/CGE 2.1,CO_2Deg2030,3.474899999999999,3.5816,4.17,5.0341,6.5761,2.0941392227748548,1.976037528090142,1.8552840132117032,1.7468998591689557,1.6286608853614093,no-climate-assessment,no-climate-assessment
AIM/CGE 2.1,CO_BAU,3.4744,3.6834,4.399500000000001,5.3883,6.720899999999999,2.0941392227748548,1.976037528090142,1.8552840132117032,1.7468998591689557,1.6286608853614093,no-climate-assessment,no-climate-assessment
AIM/CGE 2.1,CO_Bridge,3.474899999999999,3.5808,4.0814,4.7045,6.307099999999999,7.786100000000001,8.475,9.0755,9.5923,10.039,C3,C3: limit warming to 2°C (>67%)
AIM/CGE 2.1,CO_CurPol,3.474899999999999,3.616800000000001,4.218900000000001,5.2102,6.5711,7.3337,7.732700000000001,8.118500000000001,8.3456,8.4071,C7,C7: limit warming to 4°C (>50%)
AIM/CGE 2.1,CO_GPP,3.474899999999999,3.5808,4.0814,4.6873,5.3317,2.0941392227748548,1.976037528090142,1.8552840132117032,1.7468998591689557,1.6286608853614093,no-climate-assessment,no-climate-assessment
AIM/CGE 2.1,CO_NDCplus,3.474899999999999,3.5816,4.17,5.1334,6.034299999999999,2.0941392227748548,1.976037528090142,1.8552840132117032,1.7468998591689557,1.6286608853614093,no-climate-assessment,no-climate-assessment
AIM/CGE 2.1,EMF33_Baseline,4.8753,6.3518,7.9682,9.9942,12.0049,13.2943,13.5794,14.7068,16.2907,15.7657,failed-vetting,failed-vetting
AIM/CGE 2.1,EMF33_Med2C_cost100,4.8767,6.2758,7.5431,7.4233,7.7646,8.2436,9.1318,9.51,9.9188,10.8123,failed-vetting,failed-vetting
AIM/CGE 2.1,EMF33_Med2C_full,4.8767,6.2761,7.5512,7.4339,7.5369,7.7855,8.5074,8.8697,9.2799,9.9036,failed-vetting,failed-vetting
AIM/CGE 2.1,EMF33_Med2C_nobeccs,4.8767,6.2761,7.551,7.3718,7.7949,8.6402,8.746,9.7143,10.5468,11.4144,failed-vetting,failed-vetting
AIM/CGE 2.1,EMF33_Med2C_nofuel,4.8767,6.2825,7.5752,7.6095,8.669,10.1447,10.1105,11.4288,12.5542,13.8394,failed-vetting,failed-vetting
AIM/CGE 2.1,EMF33_Med2C_none,4.8771,6.2812,7.5434,7.5304,8.6617,10.258,9.9102,11.3349,12.6769,14.1395,failed-vetting,failed-vetting
AIM/CGE 2.1,EMF33_WB2C_cost100,4.8767,6.2758,7.5431,5.7838,7.466,9.0198,6.9663,8.6486,10.2941,11.6617,failed-vetting,failed-vetting
AIM/CGE 2.1,EMF33_WB2C_full,4.8767,6.2761,7.5512,5.8814,7.5621,8.9807,8.1376,9.7278,11.0123,12.1671,failed-vetting,failed-vetting
AIM/CGE 2.1,EMF33_tax_hi_full,4.8767,6.22,8.2579,9.8216,11.0216,13.0727,17.5654,19.4002,20.4062,19.8146,failed-vetting,failed-vetting
AIM/CGE 2.1,EMF33_tax_hi_none,4.8771,6.2236,8.2811,9.9578,11.3727,13.8281,18.7341,21.2575,23.3923,22.0735,failed-vetting,failed-vetting
AIM/CGE 2.1,EMF33_tax_lo_full,4.8767,6.22,8.093,9.9154,11.4837,12.4035,12.8395,13.4585,16.3669,16.8007,failed-vetting,failed-vetting
AIM/CGE 2.1,EMF33_tax_lo_none,4.8771,6.2236,8.1139,10.0276,11.7494,12.8819,13.5018,14.3367,17.1867,17.8203,failed-vetting,failed-vetting
AIM/CGE 2.1,TERL_15D_LowCarbonTransportPolicy,4.935,6.4404,7.5631,5.3973,8.7796,9.976,10.7404,11.0008,9.3745,6.3427,failed-vetting,failed-vetting
AIM/CGE 2.1,TERL_15D_NoTransportPolicy,4.9265,6.4111,7.2872,4.8318,8.0892,9.6429,9.9226,9.1019,6.102,2.2901,failed-vetting,failed-vetting
AIM/CGE 2.1,TERL_2D_LowCarbonTransportPolicy,4.935,6.4404,7.888,7.9664,7.8557,8.46,9.1587,9.7087,9.8567,9.7748,failed-vetting,failed-vetting
AIM/CGE 2.1,TERL_2D_NoTransportPolicy,4.9265,6.4111,7.747000000000001,7.8363,7.9346,8.197000000000001,8.7867,9.0449,8.9759,8.1453,failed-vetting,failed-vetting
AIM/CGE 2.1,TERL_Baseline_LowCarbonTransportPolicy,4.9337,6.5491,8.3748,10.6794,13.4078,15.4353,16.747,17.3013,18.4104,19.8322,failed-vetting,failed-vetting
AIM/CGE 2.1,TERL_Baseline_NoTransportPolicy,4.9251,6.5181,8.2938,10.5014,12.9029,14.6151,15.5626,16.0589,17.3188,16.3838,failed-vetting,failed-vetting
AIM/CGE 2.2,EN_INDCi2030_1000f,3.5904,3.9331,4.7517,5.2255,4.3788,3.0281,2.3435,1.8368,1.3843,1.0171,C3,C3: limit warming to 2°C (>67%)
AIM/CGE 2.2,EN_INDCi2030_1200,3.5904,3.9331,4.7517,5.2402,4.5256,3.3645,2.6227,2.0586,1.5642,1.1334,C4,C4: limit warming to 2°C (>50%)
AIM/CGE 2.2,EN_INDCi2030_1200f,3.5904,3.9331,4.7517,5.3742,4.9462,4.2313,3.3891,2.768,2.1347,1.5724,C4,C4: limit warming to 2°C (>50%)
AIM/CGE 2.2,EN_INDCi2030_1400,3.5904,3.9331,4.7517,5.5373,5.37,4.6597,3.9734,3.2546,2.5462,1.864,C4,C4: limit warming to 2°C (>50%)
AIM/CGE 2.2,EN_INDCi2030_1400f,3.5904,3.9331,4.7517,5.6176,5.6474,4.7785,4.2352,3.5598,2.819,2.0774,C4,C4: limit warming to 2°C (>50%)
AIM/CGE 2.2,EN_INDCi2030_1600,3.5904,3.9331,4.7517,5.6028,5.7854,4.7829,4.3226,3.6377,2.8266,2.1082,C5,C5: limit warming to 2.5°C (>50%)
AIM/CGE 2.2,EN_INDCi2030_1600f,3.5904,3.9331,4.7517,5.6706,5.8708,4.8103,4.3942,3.7206,2.9039,2.1779,C5,C5: limit warming to 2.5°C (>50%)
AIM/CGE 2.2,EN_INDCi2030_1800,3.5904,3.9331,4.7517,5.8171,5.9348,4.9309,4.5478,3.9971,3.1299,2.3688,C5,C5: limit warming to 2.5°C (>50%)
AIM/CGE 2.2,EN_INDCi2030_1800f,3.5904,3.9331,4.7517,5.8171,5.9348,4.9309,4.5478,3.9971,3.1299,2.3688,C5,C5: limit warming to 2.5°C (>50%)
AIM/CGE 2.2,EN_INDCi2030_800f,3.5904,3.9331,4.7517,5.1907,4.4043,2.875,2.1813,1.6866,1.2645,0.9264,C3,C3: limit warming to 2°C (>67%)
AIM/CGE 2.2,EN_INDCi2030_900f,3.5904,3.9331,4.7517,5.1912,4.3904,2.8377,2.1614,1.673,1.2549,0.9196,C3,C3: limit warming to 2°C (>67%)
AIM/CGE 2.2,EN_INDCi2100,3.5904,3.9331,4.7517,5.5026,5.9375,5.9795,5.2575,5.0955,4.8573,4.5588,C6,C6: limit warming to 3°C (>50%)
AIM/CGE 2.2,EN_NPi2020_1000,3.5904,3.9331,4.77,4.5873,3.8869,3.3851,2.8541,2.2527,1.7226,1.2607,C3,C3: limit warming to 2°C (>67%)
AIM/CGE 2.2,EN_NPi2020_1000f,3.5904,3.9331,4.8938,5.2683,4.4007,4.2192,3.669,3.0126,2.3726,1.7834,C3,C3: limit warming to 2°C (>67%)
AIM/CGE 2.2,EN_NPi2020_1200,3.5904,3.9331,4.8982,5.2195,4.3845,4.1418,3.5771,2.8785,2.2383,1.6339,C3,C3: limit warming to 2°C (>67%)
AIM/CGE 2.2,EN_NPi2020_1200f,3.5904,3.9331,4.8699,5.4029,4.5254,4.336,3.9297,3.2555,2.5831,1.8943,C4,C4: limit warming to 2°C (>50%)
AIM/CGE 2.2,EN_NPi2020_1400,3.5904,3.9331,4.8859,5.4199,4.5951,4.4082,4.0142,3.3313,2.603,1.9144,C4,C4: limit warming to 2°C (>50%)
AIM/CGE 2.2,EN_NPi2020_1400f,3.5904,3.9331,4.9639,5.4379,4.6813,4.4855,4.1002,3.4147,2.6855,1.9824,C4,C4: limit warming to 2°C (>50%)
AIM/CGE 2.2,EN_NPi2020_1600,3.5904,3.9331,5.0365,5.4617,4.8111,4.5204,4.4145,3.7939,2.9644,2.2305,C5,C5: limit warming to 2.5°C (>50%)
AIM/CGE 2.2,EN_NPi2020_1600f,3.5904,3.9331,5.0365,5.4617,4.8111,4.5204,4.4145,3.7939,2.9656,2.2334,C5,C5: limit warming to 2.5°C (>50%)
AIM/CGE 2.2,EN_NPi2020_1800,3.5904,3.9331,5.0746,5.4767,4.8707,4.6199,4.5169,3.9693,3.0976,2.3425,C5,C5: limit warming to 2.5°C (>50%)
AIM/CGE 2.2,EN_NPi2020_1800f,3.5904,3.9331,5.0746,5.4767,4.8707,4.6199,4.5169,3.9693,3.0976,2.3425,C5,C5: limit warming to 2.5°C (>50%)
AIM/CGE 2.2,EN_NPi2020_300f,3.5904,3.9331,4.6388,4.2809,2.6487,2.0635,1.6532,1.2553,0.9408,0.6879,C1,C1: limit warming to 1.5°C (>50%) with no or limited overshoot
AIM/CGE 2.2,EN_NPi2020_400f,3.5904,3.9331,4.6495,4.1883,2.6173,2.0225,1.6405,1.2414,0.9314,0.68,C2,C2: return warming to 1.5°C (>50%) after a high overshoot
AIM/CGE 2.2,EN_NPi2020_500f,3.5904,3.9331,4.6736,4.0792,3.044,2.3881,1.9654,1.5076,1.1433,0.8391,C2,C2: return warming to 1.5°C (>50%) after a high overshoot
AIM/CGE 2.2,EN_NPi2020_600,3.5904,3.9331,4.6388,4.2557,2.6901,2.0339,1.6008,1.2203,0.904,0.6545,C1,C1: limit warming to 1.5°C (>50%) with no or limited overshoot
AIM/CGE 2.2,EN_NPi2020_600f,3.5904,3.9331,4.6931,4.3002,3.4644,2.8163,2.3499,1.8569,1.4027,1.0368,C2,C2: return warming to 1.5°C (>50%) after a high overshoot
AIM/CGE 2.2,EN_NPi2020_700,3.5904,3.9331,4.6388,4.2614,2.6358,2.019,1.589,1.2114,0.8978,0.6506,C3,C3: limit warming to 2°C (>67%)
AIM/CGE 2.2,EN_NPi2020_700f,3.5904,3.9331,4.7689,4.4903,3.8195,3.3016,2.8008,2.2615,1.7104,1.2766,C3,C3: limit warming to 2°C (>67%)
AIM/CGE 2.2,EN_NPi2020_800,3.5904,3.9331,4.6641,4.1111,2.8254,2.1959,1.7409,1.3331,0.992,0.7189,C3,C3: limit warming to 2°C (>67%)
AIM/CGE 2.2,EN_NPi2020_800f,3.5904,3.9331,4.8394,4.9327,4.2516,3.8617,3.3293,2.7348,2.0856,1.5732,C3,C3: limit warming to 2°C (>67%)
AIM/CGE 2.2,EN_NPi2020_900,3.5904,3.9331,4.6931,4.3002,3.4644,2.8163,2.3062,1.7998,1.3554,0.9879,C3,C3: limit warming to 2°C (>67%)
AIM/CGE 2.2,EN_NPi2020_900f,3.5904,3.9331,4.9037,5.1285,4.3637,4.0669,3.5005,2.8781,2.2213,1.6793,C3,C3: limit warming to 2°C (>67%)
AIM/CGE 2.2,EN_NPi2100,3.5904,3.9331,4.805,5.8074,6.8858,7.6764,8.5213,9.0261,9.515,9.7686,C7,C7: limit warming to 4°C (>50%)
AIM/Hub-Global 2.0,1.5C,3.4511,3.6578,3.6369,3.646300000000001,4.2329,4.512099999999999,4.2204,4.2577,4.4543,4.6557,C1,C1: limit warming to 1.5°C (>50%) with no or limited overshoot
AIM/Hub-Global 2.0,2.5C,3.4511,4.598000000000001,5.1238,5.281700000000001,4.9853,5.624200000000002,5.5766,5.377699999999999,5.0951,4.7604,C6,C6: limit warming to 3°C (>50%)
AIM/Hub-Global 2.0,2C,3.4511,4.598000000000001,5.1289,5.1538,4.599200000000001,4.735999999999999,4.5624,4.6396,4.717500000000001,4.890700000000001,C5,C5: limit warming to 2.5°C (>50%)
AIM/Hub-Global 2.0,450ppmCancunP,4.8168,6.167999999999999,7.3537,6.122599999999999,5.9324,6.576,6.7258,6.931,6.7976,6.954599999999998,failed-vetting,failed-vetting
AIM/Hub-Global 2.0,450ppmRCP,4.8012,6.4532,6.8401,5.710999999999999,5.9491,6.475,6.784099999999999,7.177400000000001,7.391,7.765000000000001,failed-vetting,failed-vetting
AIM/Hub-Global 2.0,450ppmeINDC,4.810700000000001,6.1111,6.8431,7.280599999999999,6.026399999999999,6.338399999999999,5.8058,3.054,2.0361,2.9504,failed-vetting,failed-vetting
AIM/Hub-Global 2.0,Baseline,3.4511,4.6046,5.473800000000001,6.677700000000001,8.278400000000001,9.5279,10.0929,10.3142,10.7154,11.533,C7,C7: limit warming to 4°C (>50%)
AIM/Hub-Global 2.0,INDCSamePrice,4.8168,6.1083,6.847800000000001,7.688599999999999,8.4497,9.436499999999995,10.686,11.6342,12.0799,12.6468,failed-vetting,failed-vetting
AIM/Hub-Global 2.0,WB2C,3.4511,3.6578,3.701,3.4981,3.277400000000001,4.0098,4.714,5.055200000000001,4.2278,4.3292,C3,C3: limit warming to 2°C (>67%)
BET EMF33,EMF33_1.5C_cost100,3.311362799999999,0.4480317823304871,0.0,0.0,0.0,0.0,0.0,0.0,0.0,0.0,failed-vetting,failed-vetting
BET EMF33,EMF33_1.5C_full,3.311362799999999,0.4544174591867371,0.0,0.0,0.0,0.0,0.0,0.0,0.0,0.0,failed-vetting,failed-vetting
BET EMF33,EMF33_1.5C_nofuel,3.311362799999999,0.455963944026205,0.0,0.0,0.0,0.0,0.0,0.0,0.0,0.0,failed-vetting,failed-vetting
BET EMF33,EMF33_Baseline,3.311362799999999,4.912266645776449e-07,9.94509574570122e-07,1.30615951441784e-06,0.0,0.0,0.0,0.0,0.0,0.0,failed-vetting,failed-vetting
BET EMF33,EMF33_Med2C_cost100,3.311362799999999,1.145989785638609e-07,1.419733870750469e-07,7.32891344548213e-08,0.0,0.0,0.0,0.0,0.0,0.0,failed-vetting,failed-vetting
BET EMF33,EMF33_Med2C_full,3.311362799999999,0.0,0.0,0.0,0.0,0.0,0.0,0.0,0.0,0.0,failed-vetting,failed-vetting
BET EMF33,EMF33_Med2C_limbio,3.311362799999999,1.40801325589929e-07,8.086044100907099e-08,0.0,0.0,0.0,0.0,0.0,0.0,0.0,failed-vetting,failed-vetting
BET EMF33,EMF33_Med2C_nofuel,3.311362799999999,0.0,0.0,0.0,0.0,0.0,0.0,0.0,0.0,0.0,failed-vetting,failed-vetting
BET EMF33,EMF33_WB2C_cost100,3.311362799999999,0.261530032738206,0.0,0.0,0.0,0.0,0.0,0.0,0.0,0.0,failed-vetting,failed-vetting
BET EMF33,EMF33_WB2C_full,3.311362799999999,0.261530092821778,0.0,0.0,0.0,0.0,0.0,0.0,0.0,0.0,failed-vetting,failed-vetting
BET EMF33,EMF33_WB2C_limbio,3.311362799999999,0.6909025084947931,0.0,0.0,0.0,0.0,0.0,0.0,0.0,0.0,failed-vetting,failed-vetting
BET EMF33,EMF33_WB2C_nofuel,3.311362799999999,0.261530088844683,0.0,0.0,0.0,0.0,0.0,0.0,0.0,0.0,failed-vetting,failed-vetting
BET EMF33,EMF33_tax_hi_full,3.311362799999999,1.72439947009563e-06,9.28429899063716e-07,9.987944733866289e-07,0.0,0.0,0.0,0.0,0.0,0.0,failed-vetting,failed-vetting
BET EMF33,EMF33_tax_hi_none,3.311362799999999,7.294126705570758e-06,4.00423970763339e-06,4.12086133773537e-06,0.0,0.0,0.0,0.0,0.0,0.0,failed-vetting,failed-vetting
BET EMF33,EMF33_tax_lo_full,3.311362799999999,3.39761211525406e-06,4.714588363369429e-06,5.35481298348149e-06,0.0,0.0,0.0,0.0,0.0,0.0,failed-vetting,failed-vetting
BET EMF33,EMF33_tax_lo_none,3.311362799999999,6.223859784060158e-06,8.56253159435874e-06,9.882528820436867e-06,0.0,0.0,0.0,0.0,0.0,0.0,failed-vetting,failed-vetting
COFFEE 1.1,CO_2Deg2020,3.683109118905504,0.99505203238656,0.0,0.0,0.0,0.0,0.0,0.0,0.0,0.0,C4,C4: limit warming to 2°C (>50%)
COFFEE 1.1,CO_2Deg2030,3.683109118905504,0.99505203238656,0.0,0.0,0.0,0.0,0.0,0.0,0.0,0.0,C4,C4: limit warming to 2°C (>50%)
COFFEE 1.1,CO_BAU,3.683109118905504,0.99505203238656,1.66658250886848,0.7690718914992,0.48975732379296,0.987336120528,1.03974468066144,0.8535724994303999,0.94461276110976,1.6163617574736,C7,C7: limit warming to 4°C (>50%)
COFFEE 1.1,CO_Bridge,3.683109118905504,0.99505203238656,0.0,0.0,0.0,0.0,0.0,0.0,0.0,0.0,C3,C3: limit warming to 2°C (>67%)
COFFEE 1.1,CO_CurPol,3.683109118905504,0.99505203238656,0.0,0.0,0.0018153395654399,0.0,0.0,0.0,0.0,0.0,C6,C6: limit warming to 3°C (>50%)
COFFEE 1.1,CO_GPP,3.683109118905504,0.99505203238656,0.0,0.0,0.0,0.0,0.0,0.0,0.0,0.0,C5,C5: limit warming to 2.5°C (>50%)
COFFEE 1.1,CO_NDCplus,3.683109118905504,0.99505203238656,0.0,0.32210714675232,0.0995583680150399,0.0,0.0,0.0,0.002494594510128,0.002536915916736,C6,C6: limit warming to 3°C (>50%)
COFFEE 1.1,EN_INDCi2030_1000,3.683109118905504,0.99505203238656,0.0,0.0,0.0,0.0,0.0,0.0,0.0,0.0,C4,C4: limit warming to 2°C (>50%)
COFFEE 1.1,EN_INDCi2030_1000_COV_NDCp,4.236864111527039,0.8193581043767999,0.0012711899535839,0.0,0.0,0.0,0.0,0.0,0.0,0.0,failed-vetting,failed-vetting
COFFEE 1.1,EN_INDCi2030_1000_NDCp,4.239529950522239,1.4245155289296,0.000212365820736,0.0,0.0,0.0,0.0,0.0,0.0,0.0,C4,C4: limit warming to 2°C (>50%)
COFFEE 1.1,EN_INDCi2030_1000f,3.683109118905504,0.99505203238656,0.0,0.0,0.0,0.0,0.0,0.0,0.0,0.0,C5,C5: limit warming to 2.5°C (>50%)
COFFEE 1.1,EN_INDCi2030_1000f_COV_NDCp,4.236864111527039,0.8193581043767999,0.0012711899535839,0.0,0.0,0.0,0.0,0.0,0.0,0.0,failed-vetting,failed-vetting
COFFEE 1.1,EN_INDCi2030_1000f_NDCp,4.239529950522239,1.4245155289296,0.000212365820736,0.0,0.0,0.0,0.0,0.0,0.0,0.0,failed-vetting,failed-vetting
COFFEE 1.1,EN_INDCi2030_1200,3.683109118905504,0.99505203238656,0.0,0.0,0.0,0.0,0.0,0.0,0.0,0.0,C4,C4: limit warming to 2°C (>50%)
COFFEE 1.1,EN_INDCi2030_1200f,3.683109118905504,0.99505203238656,0.0,0.0,0.0,0.0,0.0,0.0,0.0,0.0,C5,C5: limit warming to 2.5°C (>50%)
COFFEE 1.1,EN_INDCi2030_1400,3.683109118905504,0.99505203238656,0.0,0.0,0.0,0.0,0.0,0.0,0.0,0.0,C5,C5: limit warming to 2.5°C (>50%)
COFFEE 1.1,EN_INDCi2030_1400f,3.683109118905504,0.99505203238656,0.0,0.0,0.001826180822304,0.0,0.0,0.0,0.0,0.0,C5,C5: limit warming to 2.5°C (>50%)
COFFEE 1.1,EN_INDCi2030_1600,3.683109118905504,0.99505203238656,0.0,0.0,0.001826180822304,0.0,0.0,0.0,0.0,0.0,C5,C5: limit warming to 2.5°C (>50%)
COFFEE 1.1,EN_INDCi2030_1600f,3.683109118905504,0.99505203238656,0.0,0.1220076877824,0.001826180822304,0.0,0.0,0.0,0.0,0.0,C5,C5: limit warming to 2.5°C (>50%)
COFFEE 1.1,EN_INDCi2030_1800,3.683109118905504,0.99505203238656,0.0,0.0938883232511999,0.04509626177088,0.0,0.0,0.0,0.0,0.0,C5,C5: limit warming to 2.5°C (>50%)
COFFEE 1.1,EN_INDCi2030_1800f,3.683109118905504,0.99505203238656,0.0,0.228509351424,0.04509369915552,0.0,0.0,0.0,0.0,0.0,C5,C5: limit warming to 2.5°C (>50%)
COFFEE 1.1,EN_INDCi2030_2000,3.683109118905504,0.99505203238656,0.0,0.2414219558399999,0.04508882053632,0.0,0.0,0.0,0.0,0.0,C5,C5: limit warming to 2.5°C (>50%)
COFFEE 1.1,EN_INDCi2030_2000f,3.683109118905504,0.99505203238656,0.0,0.2451024340992,0.0450887240361599,0.0,0.0,0.0,0.0,0.0,C5,C5: limit warming to 2.5°C (>50%)
COFFEE 1.1,EN_INDCi2030_2500,3.683109118905504,0.99505203238656,0.0,0.288009184061376,0.0478707700377599,0.0,0.0,0.0,0.0,0.0,C6,C6: limit warming to 3°C (>50%)
COFFEE 1.1,EN_INDCi2030_2500f,3.683109118905504,0.99505203238656,0.0,0.288009184061376,0.0478707700377599,0.0,0.0,0.0,0.0,0.0,C6,C6: limit warming to 3°C (>50%)
COFFEE 1.1,EN_INDCi2030_400f,3.683109118905504,0.99505203238656,0.0,0.0,0.0,0.0,0.0,0.0,0.0,0.0,C2,C2: return warming to 1.5°C (>50%) after a high overshoot
COFFEE 1.1,EN_INDCi2030_500,3.683109118905504,0.99505203238656,0.0,0.0,0.0,0.0,0.0,0.0,0.0,0.0,C3,C3: limit warming to 2°C (>67%)
COFFEE 1.1,EN_INDCi2030_500f,3.683109118905504,0.99505203238656,0.0,0.0,0.0,0.0,0.0,0.0,0.0,0.0,C2,C2: return warming to 1.5°C (>50%) after a high overshoot
COFFEE 1.1,EN_INDCi2030_600,3.683109118905504,0.99505203238656,0.0,0.0,0.0,0.0,0.0,0.0,0.0,0.0,C3,C3: limit warming to 2°C (>67%)
COFFEE 1.1,EN_INDCi2030_600_COV_NDCp,4.236864111527039,0.8193581043767999,0.0012711899535839,0.0,0.0,0.0,0.0,0.0,0.0,0.0,failed-vetting,failed-vetting
COFFEE 1.1,EN_INDCi2030_600_NDCp,4.239529950522239,1.4245155289296,0.000212365820736,0.0,0.0,0.0,0.0,0.0,0.0,0.0,C3,C3: limit warming to 2°C (>67%)
COFFEE 1.1,EN_INDCi2030_600f,3.683109118905504,0.99505203238656,0.0,0.0,0.0,0.0,0.0,0.0,0.0,0.0,C4,C4: limit warming to 2°C (>50%)
COFFEE 1.1,EN_INDCi2030_600f_COV_NDCp,4.236864111527039,0.8193581043767999,0.0012711899535839,0.0,0.0,0.0,0.0,0.0,0.0,0.0,failed-vetting,failed-vetting
COFFEE 1.1,EN_INDCi2030_600f_NDCp,4.239529950522239,1.4245155289296,0.000212365820736,0.0,0.0,0.0,0.0,0.0,0.0,0.0,failed-vetting,failed-vetting
COFFEE 1.1,EN_INDCi2030_700,3.683109118905504,0.99505203238656,0.0,0.0,0.0,0.0,0.0,0.0,0.0,0.0,C3,C3: limit warming to 2°C (>67%)
COFFEE 1.1,EN_INDCi2030_700f,3.683109118905504,0.99505203238656,0.0,0.0,0.0,0.0,0.0,0.0,0.0,0.0,C4,C4: limit warming to 2°C (>50%)
COFFEE 1.1,EN_INDCi2030_800,3.683109118905504,0.99505203238656,0.0,0.0,0.0,0.0,0.0,0.0,0.0,0.0,C3,C3: limit warming to 2°C (>67%)
COFFEE 1.1,EN_INDCi2030_800f,3.683109118905504,0.99505203238656,0.0,0.0,0.0,0.0,0.0,0.0,0.0,0.0,C4,C4: limit warming to 2°C (>50%)
COFFEE 1.1,EN_INDCi2030_900,3.683109118905504,0.99505203238656,0.0,0.0,0.0,0.0,0.0,0.0,0.0,0.0,C3,C3: limit warming to 2°C (>67%)
COFFEE 1.1,EN_INDCi2030_900f,3.683109118905504,0.99505203238656,0.0,0.0,0.0,0.0,0.0,0.0,0.0,0.0,C4,C4: limit warming to 2°C (>50%)
COFFEE 1.1,EN_INDCi2100,3.683109118905504,0.99505203238656,0.0,0.5602092567839999,0.001826180822304,0.0556672052879999,0.0556672052879999,0.0,0.0,0.0,C6,C6: limit warming to 3°C (>50%)
COFFEE 1.1,EN_INDCi2100_COV_NDCp,3.565386409090463,1.15182507784032,0.0012711899535839,0.0,0.001826180822304,0.0,0.0,0.0,0.0,0.0,C6,C6: limit warming to 3°C (>50%)
COFFEE 1.1,EN_INDCi2100_NDCp,4.239529950522239,1.4245155289296,0.000212365820736,0.1666136189951999,0.001826180822304,0.0,0.0,0.0,0.0,0.0,failed-vetting,failed-vetting
COFFEE 1.1,EN_NPi2020_1000,3.683109118905504,0.99505203238656,0.0,0.0,0.0,0.0,0.0,0.0,0.0,0.0,C4,C4: limit warming to 2°C (>50%)
COFFEE 1.1,EN_NPi2020_1000_COV,3.565386409090463,1.15182507784032,0.0,0.0,0.0,0.0,0.0,0.0,0.0,0.0,failed-vetting,failed-vetting
COFFEE 1.1,EN_NPi2020_1000f,3.683109118905504,0.99505203238656,0.0,0.0,0.0,0.0,0.0,0.0,0.0,0.0,C5,C5: limit warming to 2.5°C (>50%)
COFFEE 1.1,EN_NPi2020_1000f_COV,3.565386409090463,1.15182507784032,0.0,0.0,0.0,0.0,0.0,0.0,0.0,0.0,failed-vetting,failed-vetting
COFFEE 1.1,EN_NPi2020_1200,3.683109118905504,0.99505203238656,0.0,0.0,0.0,0.0,0.0,0.0,0.0,0.0,C4,C4: limit warming to 2°C (>50%)
COFFEE 1.1,EN_NPi2020_1200f,3.683109118905504,0.99505203238656,0.0,0.0,0.0,0.0,0.0,0.0,0.0,0.0,C5,C5: limit warming to 2.5°C (>50%)
COFFEE 1.1,EN_NPi2020_1400,3.683109118905504,0.99505203238656,0.0,0.0,0.0,0.0,0.0,0.0,0.0,0.0,C5,C5: limit warming to 2.5°C (>50%)
COFFEE 1.1,EN_NPi2020_1400f,3.683109118905504,0.99505203238656,0.0,0.0,0.0,0.0,0.0,0.0,0.0,0.0,C5,C5: limit warming to 2.5°C (>50%)
COFFEE 1.1,EN_NPi2020_1600,3.683109118905504,0.99505203238656,0.0,0.0,0.0,0.0,0.0,0.0,0.0,0.0,C5,C5: limit warming to 2.5°C (>50%)
COFFEE 1.1,EN_NPi2020_1600f,3.683109118905504,0.99505203238656,0.0,0.0040723357020479,0.0040723357020479,0.0,0.0,0.0,0.0,0.0,C5,C5: limit warming to 2.5°C (>50%)
COFFEE 1.1,EN_NPi2020_1800,3.683109118905504,0.99505203238656,0.0,0.004868464166496,0.004868464166496,0.0,0.0,0.0,0.0,0.0,C5,C5: limit warming to 2.5°C (>50%)
COFFEE 1.1,EN_NPi2020_1800f,3.683109118905504,0.99505203238656,0.0,0.0218305878623999,0.0218305878623999,0.0,0.0,0.0,0.0,0.0,C5,C5: limit warming to 2.5°C (>50%)
COFFEE 1.1,EN_NPi2020_2000,3.683109118905504,0.99505203238656,0.0,0.02850878493504,0.02850878493504,0.0,0.0,0.0,0.0,0.0,C5,C5: limit warming to 2.5°C (>50%)
COFFEE 1.1,EN_NPi2020_2000f,3.683109118905504,0.99505203238656,0.0,0.02888032127328,0.02888032127328,0.0,0.0,0.0,0.0,0.0,C5,C5: limit warming to 2.5°C (>50%)
COFFEE 1.1,EN_NPi2020_2500,3.683109118905504,0.99505203238656,0.0,0.0413083517126399,0.0413083517126399,0.0,0.0,0.0,0.0,0.0,C6,C6: limit warming to 3°C (>50%)
COFFEE 1.1,EN_NPi2020_2500f,3.683109118905504,0.99505203238656,0.0,0.0413083517126399,0.0413083517126399,0.0,0.0,0.0,0.0,0.0,C6,C6: limit warming to 3°C (>50%)
COFFEE 1.1,EN_NPi2020_400,3.683109118905504,0.99505203238656,0.0,0.0,0.0,0.0,0.0,0.0,0.0,0.0,C1,C1: limit warming to 1.5°C (>50%) with no or limited overshoot
COFFEE 1.1,EN_NPi2020_400_lowBECCS,3.683109118905504,0.99505203238656,0.0,0.0,0.0,0.0,0.0,0.0,0.0,0.0,C3,C3: limit warming to 2°C (>67%)
COFFEE 1.1,EN_NPi2020_400f,3.683109118905504,0.99505203238656,0.0,0.0,0.0,0.0,0.0,0.0,0.0,0.0,C2,C2: return warming to 1.5°C (>50%) after a high overshoot
COFFEE 1.1,EN_NPi2020_400f_lowBECCS,3.683109118905504,0.99505203238656,0.0,0.0,0.0,0.0,0.0,0.0,0.0,0.0,C3,C3: limit warming to 2°C (>67%)
COFFEE 1.1,EN_NPi2020_500,3.683109118905504,0.99505203238656,0.0,0.0,0.0,0.0,0.0,0.0,0.0,0.0,C3,C3: limit warming to 2°C (>67%)
COFFEE 1.1,EN_NPi2020_500f,3.683109118905504,0.99505203238656,0.0,0.0,0.0,0.0,0.0,0.0,0.0,0.0,C2,C2: return warming to 1.5°C (>50%) after a high overshoot
COFFEE 1.1,EN_NPi2020_600,3.683109118905504,0.99505203238656,0.0,0.0,0.0,0.0,0.0,0.0,0.0,0.0,C3,C3: limit warming to 2°C (>67%)
COFFEE 1.1,EN_NPi2020_600_COV,3.565386409090463,1.15182507784032,0.0,0.0,0.0,0.0,0.0,0.0,0.0,0.0,failed-vetting,failed-vetting
COFFEE 1.1,EN_NPi2020_600f,3.683109118905504,0.99505203238656,0.0,0.0,0.0,0.0,0.0,0.0,0.0,0.0,C4,C4: limit warming to 2°C (>50%)
COFFEE 1.1,EN_NPi2020_600f_COV,3.565386409090463,1.15182507784032,0.0,0.0,0.0,0.0,0.0,0.0,0.0,0.0,failed-vetting,failed-vetting
COFFEE 1.1,EN_NPi2020_700,3.683109118905504,0.99505203238656,0.0,0.0,0.0,0.0,0.0,0.0,0.0,0.0,C3,C3: limit warming to 2°C (>67%)
COFFEE 1.1,EN_NPi2020_700f,3.683109118905504,0.99505203238656,0.0,0.0,0.0,0.0,0.0,0.0,0.0,0.0,C4,C4: limit warming to 2°C (>50%)
COFFEE 1.1,EN_NPi2020_800,3.683109118905504,0.99505203238656,0.0,0.0,0.0,0.0,0.0,0.0,0.0,0.0,C3,C3: limit warming to 2°C (>67%)
COFFEE 1.1,EN_NPi2020_800f,3.683109118905504,0.99505203238656,0.0,0.0,0.0,0.0,0.0,0.0,0.0,0.0,C4,C4: limit warming to 2°C (>50%)
COFFEE 1.1,EN_NPi2020_900,3.683109118905504,0.99505203238656,0.0,0.0,0.0,0.0,0.0,0.0,0.0,0.0,C3,C3: limit warming to 2°C (>67%)
COFFEE 1.1,EN_NPi2020_900f,3.683109118905504,0.99505203238656,0.0,0.0,0.0,0.0,0.0,0.0,0.0,0.0,C4,C4: limit warming to 2°C (>50%)
COFFEE 1.1,EN_NPi2100,3.683109118905504,0.99505203238656,0.0,0.0,0.0018153395654399,0.0,0.0,0.0,0.0,0.0,C6,C6: limit warming to 3°C (>50%)
COFFEE 1.1,EN_NPi2100_COV,3.565386409090463,1.15182507784032,0.0,0.00716983858224,0.008197070990976,0.0,0.0,0.0,2.3823492768e-05,2.3823492768e-05,failed-vetting,failed-vetting
COPPE-COFFEE 1.0,CD-LINKS_INDC2030i_1600,2.570702546448,0.6766363907711999,0.01329710141952,0.0,0.0,0.0,0.0,0.0,0.0,0.0,failed-vetting,failed-vetting
COPPE-COFFEE 1.0,CD-LINKS_INDCi,3.13599187566144,0.6766363907711999,0.0,0.389782941696,0.9049730825952,0.0,0.0,0.0,0.2648210623488,0.8324690623488,failed-vetting,failed-vetting
COPPE-COFFEE 1.0,CD-LINKS_NDC2030i_1000,2.4090392311344,0.4955514091055999,0.11089159026336,0.0,0.0,0.0,0.0,0.0,0.0,0.0,failed-vetting,failed-vetting
COPPE-COFFEE 1.0,CD-LINKS_NPi,3.02850034743744,0.3928123907712,0.760931425357632,2.5979193790416,1.80172278611136,0.0,0.0,0.0,0.0,0.5676479999999999,failed-vetting,failed-vetting
COPPE-COFFEE 1.0,CD-LINKS_NPi2020_1000,2.3725844981424,0.3928123907712,0.0,0.0,0.0,0.0,0.0,0.0,0.0,0.0,failed-vetting,failed-vetting
COPPE-COFFEE 1.0,CD-LINKS_NPi2020_1600,2.546674637328,0.3928123907712,0.0,0.2838239999999999,0.0,0.0,0.0,0.0,0.0,0.0,failed-vetting,failed-vetting
COPPE-COFFEE 1.0,CD-LINKS_NPi2020_400,2.4004870684416,0.396174381668352,0.0,0.0,0.0,0.0,0.0,0.0,0.0,0.0,failed-vetting,failed-vetting
DNE21+ V.14C,CD-LINKS_INDC2030i_1600,1.57247499456,3.64587213888,3.907423209599999,1.15123518504,0.55068310512,2.0941392227748548,1.976037528090142,1.8552840132117032,1.7468998591689557,1.6286608853614093,no-climate-assessment,no-climate-assessment
DNE21+ V.14C,CD-LINKS_INDCi,1.57247499456,3.520461569040001,3.859390565280001,1.11144802464,0.94963490352,2.0941392227748548,1.976037528090142,1.8552840132117032,1.7468998591689557,1.6286608853614093,no-climate-assessment,no-climate-assessment
DNE21+ V.14C,CD-LINKS_NDC2030i_1000,1.57247499456,3.68817975288,3.909295546559999,0.22644475272,0.07150886928,2.0941392227748548,1.976037528090142,1.8552840132117032,1.7468998591689557,1.6286608853614093,no-climate-assessment,no-climate-assessment
DNE21+ V.14C,CD-LINKS_NPi,1.57247499456,3.5048707632,4.03711855056,1.28496325176,1.01495065824,2.0941392227748548,1.976037528090142,1.8552840132117032,1.7468998591689557,1.6286608853614093,no-climate-assessment,no-climate-assessment
DNE21+ V.14C,CD-LINKS_NPi2020_1000,1.57247499456,3.62120770008,4.41309821472,1.57369921488,1.24535612376,2.0941392227748548,1.976037528090142,1.8552840132117032,1.7468998591689557,1.6286608853614093,no-climate-assessment,no-climate-assessment
DNE21+ V.14C,CD-LINKS_NPi2020_1600,1.57247499456,3.5442978588,4.00996966464,0.93804081696,0.24884078328,2.0941392227748548,1.976037528090142,1.8552840132117032,1.7468998591689557,1.6286608853614093,no-climate-assessment,no-climate-assessment
DNE21+ V.14C,CD-LINKS_NPi2020_400,1.57247499456,4.33852879464,9.67828977864,0.012494248559999,0.00028805184,2.0941392227748548,1.976037528090142,1.8552840132117032,1.7468998591689557,1.6286608853614093,no-climate-assessment,no-climate-assessment
DNE21+ V.14C,CD-LINKS_NoPolicy,1.57247499456,3.450212926559999,4.19230647936,5.69122023528,6.91580062008,2.0941392227748548,1.976037528090142,1.8552840132117032,1.7468998591689557,1.6286608853614093,failed-vetting,failed-vetting
DNE21+ V.14E1,EMF30_BCOC-EndU,1.5718628844,5.97214279224,6.494992888320001,7.969854315599999,10.04357551824,9.00349233696,7.963409155680001,8.660686643039996,9.3579641304,10.05524161776,failed-vetting,failed-vetting
DNE21+ V.14E1,EMF30_Baseline,1.5718628844,5.98632934536,6.5020501584,7.963409155680001,10.05524161776,9.00932538672,7.963409155680001,8.660686643039996,9.3579641304,10.05524161776,failed-vetting,failed-vetting
DNE21+ V.14E1,EMF30_CH4-Only,1.5718628844,5.98632934536,6.5020501584,7.963409155680001,10.05524161776,9.00932538672,7.963409155680001,8.660686643039996,9.3579641304,10.05524161776,failed-vetting,failed-vetting
DNE21+ V.14E1,EMF30_ClimPolicy,1.5718628844,4.77773583768,7.36051665456,14.92889871816,21.50728261416,23.49439022916,25.48149784416,26.23585760448,26.9902173648,27.74457712512,failed-vetting,failed-vetting
DNE21+ V.14E1,EMF30_ClimPolicy+SLCF,1.5718628844,4.77359509248,7.343953673760001,14.99335031736,21.56381278776,23.5422968508,25.52078091384,26.25579319224,26.99080547064,27.72581774904,failed-vetting,failed-vetting
DNE21+ V.14E1,EMF30_D_BCOC-Red,1.5718628844,5.98632934536,6.5020501584,7.963409155680001,10.05524161776,9.00932538672,7.963409155680001,8.660686643039996,9.3579641304,10.05524161776,failed-vetting,failed-vetting
DNE21+ V.14E1,EMF30_D_CH4-ClimPolicy,1.5718628844,5.98632934536,6.5020501584,7.963409155680001,10.05524161776,9.00932538672,7.963409155680001,8.660686643039996,9.3579641304,10.05524161776,failed-vetting,failed-vetting
DNE21+ V.14E1,EMF30_D_CO2-Only,1.5718628844,4.77773583768,7.36051665456,14.92889871816,21.50728261416,23.49439022916,25.48149784416,26.23585760448,26.9902173648,27.74457712512,failed-vetting,failed-vetting
DNE21+ V.14E1,EMF30_D_Frozen-EF-EndU,1.5718628844,5.98632934536,6.5020501584,7.963409155680001,10.05524161776,9.00932538672,7.963409155680001,8.660686643039996,9.3579641304,10.05524161776,failed-vetting,failed-vetting
DNE21+ V.14E1,EMF30_SLCF,1.5718628844,5.97214279224,6.494992888320001,7.969854315599999,10.04357551824,9.00349233696,7.963409155680001,8.660686643039996,9.3579641304,10.05524161776,failed-vetting,failed-vetting
DNE21+ V.14E1,EMF30_Slower-Action,1.5718628844,5.91175992528,7.481786479199999,9.79289840448,12.15186294168,12.3783076944,12.60475244712,13.287591336,13.97043022488,14.65326911376,failed-vetting,failed-vetting
DNE21+ V.14E1,EMF30_Slower-Action+SLCF,1.5718628844,5.784801076799999,7.43533812,9.72563829984,12.07174852368,12.30047968788,12.52921085208,13.19534273424,13.8614746164,14.52760649856,failed-vetting,failed-vetting
DNE21+ V.14E1,EMF30_Slower-to-faster,1.5718628844,5.217554990880001,7.86954026232,16.98418460304,24.47670101328,29.18350408536,33.89030715744001,35.26023369984,36.63016024224,38.00008678464,failed-vetting,failed-vetting
DNE21+ V.14E1,EMF30_Slower-to-faster+SLCF,1.5718628844,5.18086438776,7.751511020880001,16.95080659608,24.41289753072,29.08457628156,33.7562550324,35.15778326208,36.55931149176,37.96083972144,failed-vetting,failed-vetting
DNE21+ V.14E1,EMF30_Slower-to-faster+SLCF+HFC,1.5718628844,5.21327021976,7.867523899439999,16.99351028136001,24.47371247544001,29.181901797,33.89009111856,35.25984963072,36.62960814288,37.99936665504,failed-vetting,failed-vetting
DNE21+ V.14E2,EMF33_1.5C_cost100,0.9639294760799992,0.8680802263200001,0.199187847359999,0.09044827776,0.09332879616,0.04668240132,3.600648000000001e-05,0.001848332639999,0.0036606588,0.00547298496,failed-vetting,failed-vetting
DNE21+ V.14E2,EMF33_1.5C_full,0.96403749552,0.8678641874399999,0.1776199658400001,0.09329278968,0.09563321088,0.0667020042,0.037770797519999,0.02700486,0.01623892248,0.00547298496,failed-vetting,failed-vetting
DNE21+ V.14E2,EMF33_1.5C_limbio,0.963965482559999,0.8681162328,0.00446480352,0.003600647999999,0.0039607128,0.00246644388,0.00097217496,0.0092416632,0.01751115144,0.02578063968,failed-vetting,failed-vetting
DNE21+ V.14E2,EMF33_1.5C_nofuel,0.96403749552,0.86797220688,0.1787721732,0.09642535344,0.09836970336,0.06807025044,0.037770797519999,0.027052868639999,0.01633493976,0.005617010879999,failed-vetting,failed-vetting
DNE21+ V.14E2,EMF33_Baseline,0.9437658472799992,1.0110619584,0.20422875456,0.23108958864,0.32546257272,0.36323337024,0.40100416776,0.30933166968,0.2176591716,0.12598667352,failed-vetting,failed-vetting
DNE21+ V.14E2,EMF33_Med2C_cost100,0.9638934695999992,0.8680802263200001,0.199835963999999,0.19573122528,0.27044467128,0.329369275799999,0.388293880319999,0.2711287944,0.15396370848,0.03679862256,failed-vetting,failed-vetting
DNE21+ V.14E2,EMF33_Med2C_full,0.9638934695999992,0.8680442198399999,0.19220259024,0.1933547976,0.28978015104,0.3623692147199991,0.4349582784,0.30393069768,0.17290311696,0.04187553624,failed-vetting,failed-vetting
DNE21+ V.14E2,EMF33_Med2C_limbio,0.96385746312,0.8681522392799991,0.18755775432,0.19256265504,0.20430076752,0.16530574968,0.12631073184,0.0843271761599999,0.04234362048,0.0003600648,failed-vetting,failed-vetting
DNE21+ V.14E2,EMF33_Med2C_nobeccs,0.9639294760799992,0.86797220688,0.209809758959999,0.1177411896,0.09844171632,0.092662676279999,0.086883636239999,0.06842431416,0.04996499208,0.03150567,failed-vetting,failed-vetting
DNE21+ V.14E2,EMF33_Med2C_nofuel,0.9638934695999992,0.8681162328,0.1906903180799989,0.19202255784,0.29424495456,0.36530374284,0.436362531119999,0.30486686616,0.1733712012,0.04187553624,failed-vetting,failed-vetting
DNE21+ V.14E2,EMF33_Med2C_none,0.964001489039999,0.8681162328,0.2111780052,0.127102874399999,0.11561680728,0.0604008702,0.00518493312,0.0150627108,0.02494048848,0.03481826616,failed-vetting,failed-vetting
DNE21+ V.14E2,EMF33_WB2C_cost100,0.96385746312,0.8680802263200001,0.20743333128,0.18370506096,0.1390930322400001,0.105084911879999,0.07107679152,0.04739652984,0.02371626816,3.600648000000001e-05,failed-vetting,failed-vetting
DNE21+ V.14E2,EMF33_WB2C_full,0.9638934695999992,0.8682242522399991,0.18708967008,0.17315516232,0.17254305216,0.14813065872,0.123718265279999,0.0825028478399999,0.0412874304,7.201296000000001e-05,failed-vetting,failed-vetting
DNE21+ V.14E2,EMF33_WB2C_limbio,0.964001489039999,0.8678641874399999,0.1838130804,0.10092616344,0.10535496048,0.05595406992,0.006553179359999,0.0043687862399999,0.00218439312,0.0,failed-vetting,failed-vetting
DNE21+ V.14E2,EMF33_WB2C_nobeccs,0.9639294760799992,0.8680082133600001,0.02945330064,0.00363665448,0.00410473872,0.005508991439999,0.0069132441599999,0.01493068704,0.02294812992,0.030965572799999,failed-vetting,failed-vetting
DNE21+ V.14E2,EMF33_WB2C_nofuel,0.9638934695999992,0.8682242522399991,0.18734171544,0.1734432141599991,0.1734432141599991,0.1490668272,0.12469044024,0.083150964479999,0.04161148872,7.201296000000001e-05,failed-vetting,failed-vetting
DNE21+ V.14E2,EMF33_WB2C_none,0.963965482559999,0.8680442198399999,0.025024503599999,0.00291652488,0.003600647999999,0.00525694608,0.0069132441599999,0.01493068704,0.02294812992,0.030965572799999,failed-vetting,failed-vetting
DNE21+ V.14E2,EMF33_tax_hi_full,0.58146864552,0.90581501736,0.21276229032,0.2248604676000001,0.31512871296,0.39423494952,0.47334118608,0.333432006959999,0.19352282784,0.05361364872,failed-vetting,failed-vetting
DNE21+ V.14E2,EMF33_tax_hi_none,0.58143263904,0.9149966697600002,0.2136984588,0.2054169684,0.28887998904,0.34798462596,0.40708926288,0.28350302136,0.15991677984,0.03633053832,failed-vetting,failed-vetting
DNE21+ V.14E2,EMF33_tax_lo_full,0.582188775119999,0.98610946776,0.2077573896,0.27091275552,0.460630898639999,0.5562821127600001,0.6519333268799999,0.530879541119999,0.40982575536,0.2887719696,failed-vetting,failed-vetting
DNE21+ V.14E2,EMF33_tax_lo_none,0.582188775119999,0.97627969872,0.207649370159999,0.28027444032,0.4563821340000001,0.5289351912,0.6014882484,0.4951731151199991,0.38885798184,0.28254284856,failed-vetting,failed-vetting
E3ME 6.1,PR_Baseline,3.529,4.04,2.428,2.123,2.359,2.0941392227748548,1.976037528090142,1.8552840132117032,1.7468998591689557,1.6286608853614093,no-climate-assessment,no-climate-assessment
E3ME 6.1,PR_CP_Intensity,3.529,4.041,2.43,2.446,2.664,2.0941392227748548,1.976037528090142,1.8552840132117032,1.7468998591689557,1.6286608853614093,no-climate-assessment,no-climate-assessment
E3ME 6.1,PR_CP_Price,3.529,4.04,2.428,2.127,2.346,2.0941392227748548,1.976037528090142,1.8552840132117032,1.7468998591689557,1.6286608853614093,no-climate-assessment,no-climate-assessment
E3ME 6.1,PR_NDC_Intensity,3.529,4.046,2.292,2.104,2.235,2.0941392227748548,1.976037528090142,1.8552840132117032,1.7468998591689557,1.6286608853614093,no-climate-assessment,no-climate-assessment
E3ME 6.1,PR_NDC_Price,3.529,4.045,2.289,1.936,2.016,2.0941392227748548,1.976037528090142,1.8552840132117032,1.7468998591689557,1.6286608853614093,no-climate-assessment,no-climate-assessment
EPPA 6,1.5CNow_Gradual,2.622697413649201,1.120528543987349,0.0,0.0,0.0,0.0,0.0,0.0,0.0,0.0,failed-vetting,failed-vetting
EPPA 6,1.5CNow_OptTax,2.622713161057441,1.634188873924286e-07,0.0,0.0,0.0,7.21034752667695e-10,0.0,8.82625858299542e-10,0.0,2.093746395137802e-07,failed-vetting,failed-vetting
EPPA 6,2CNow_Gradual,2.622713161057441,1.272539918247799,0.323277905212529,0.0,0.0,0.0,0.0,0.0,0.0,0.0,C4,C4: limit warming to 2°C (>50%)
EPPA 6,2CNow_OptTax,2.622713161057441,0.4617261942069991,0.182168037008564,0.0,0.0,0.0,0.0,2.975610386929033e-10,0.0,0.0,failed-vetting,failed-vetting
EPPA 6,Paris1.5C_OptTax,2.622697413649201,1.323559538945206,0.525218488317111,0.0,0.0,0.0,0.0,0.0,0.0,0.0,C3,C3: limit warming to 2°C (>67%)
EPPA 6,Paris2C_Gradual,2.622713161057441,1.323593554421815,0.540974376511795,0.0,0.0,0.0,0.0,0.0,0.0,0.0,C4,C4: limit warming to 2°C (>50%)
EPPA 6,Paris2C_OptTax,2.622713161057441,1.323593554421815,0.540974376511795,0.0,2.349930572613126e-08,0.0,0.0,0.0,0.0,0.0,C4,C4: limit warming to 2°C (>50%)
EPPA 6,ParisFlat,2.622713161057441,1.323593554421815,0.540974376511795,0.292255724208462,0.007730835589759,0.004628736849072,9.680099178129332e-05,0.0,0.0,0.0,C6,C6: limit warming to 3°C (>50%)
EPPA 6,ParisForever,2.622713161057441,1.323593554421815,0.540974376511795,0.325582160968675,0.106220112164076,0.014710601339604,0.00908996033052,0.0008978626859687,0.0,0.0,C7,C7: limit warming to 4°C (>50%)
EPPA 6,Ref,2.622717313299187,1.337067203533288,0.7908562233136139,0.4835107026755261,0.20900237769019,0.12513744393415,0.023769104680871,0.012563671689636,0.0004462560022342,0.0002671899551881,C7,C7: limit warming to 4°C (>50%)
En-ROADS-96,Ratchet-1.5-allCDR,1.45012,1.11892,1.64197,1.37789,0.8356459999999991,0.805438,0.5911500000000001,0.44396,0.4275390000000001,0.338678,failed-vetting,failed-vetting
En-ROADS-96,Ratchet-1.5-limCDR,1.45012,1.05244,1.57689,1.5192,1.58599,3.32028,2.81559,1.88167,1.60342,1.293729999999999,failed-vetting,failed-vetting
En-ROADS-96,Reference,1.45012,1.08017,0.80591,0.487947,0.474188,0.639262,0.495604,0.27712,0.276146,0.124128,failed-vetting,failed-vetting
FARM 3.2,EMF33_Baseline,3.754596954941629,4.52615769496482,5.49638282015933,6.30322549646343,6.98947265228577,7.6409977881101,8.20634256033077,8.641548853908951,8.935314102326933,9.06903567384785,failed-vetting,failed-vetting
FARM 3.2,EMF33_Med2C_full,3.75459693690173,4.52615805988269,6.989436687788332,7.72844068251578,8.0677781778134,7.450984190444927,6.135945266825348,5.4136349550337,5.05269982024352,4.695835999908981,failed-vetting,failed-vetting
FARM 3.2,EMF33_Med2C_nobeccs,3.75451504126489,4.5269936689384,6.993197237591732,7.74267905587264,8.15787236180701,7.54350390731677,5.75813559250809,4.6985612090143,4.145165118792359,3.68773381443179,failed-vetting,failed-vetting
FARM 3.2,EMF33_Med2C_nofuel,3.75488262470515,4.52319983946067,6.98161709582419,7.70513438915078,7.962622909589242,7.14186296945263,5.689126858828589,4.91905350629959,4.52083344714006,4.13890547092271,failed-vetting,failed-vetting
FARM 3.2,EMF33_Med2C_none,3.75488934043124,4.52312941614939,6.98191333514972,7.70719965420719,7.997495827971469,6.92866765206751,4.80912506301192,3.694965406136509,3.23156788017375,2.7979385468472,failed-vetting,failed-vetting
FARM 3.2,EMF33_WB2C_full,3.75459693690173,4.52615805988269,7.65111200545446,5.412419082923112,4.57024464330186,4.589317181203889,4.53207417767847,4.38785636561731,4.189770371049009,3.95352116340645,failed-vetting,failed-vetting
FARM 3.2,EMF33_WB2C_nobeccs,3.75451504126489,4.5269936689384,7.73192851237435,5.50801391570926,4.314066742561391,4.01617507260463,3.67222844424262,3.292835573431779,2.759351676436339,1.909569731542739,failed-vetting,failed-vetting
FARM 3.2,EMF33_WB2C_nofuel,3.75488262470515,4.52319983946067,7.61279246507647,5.20154701331733,4.28961535208138,4.24475681279832,4.13121848014403,3.94036091178181,3.707567679992351,3.445489181551451,failed-vetting,failed-vetting
FARM 3.2,EMF33_WB2C_none,3.75488266293561,4.52319949449738,7.67797738070184,4.98853620658884,3.5860394913351,3.25829157171471,2.88652769150463,2.35841687905173,1.62477576725198,0.7753352701790731,failed-vetting,failed-vetting
FARM 3.2,EMF33_tax_hi_full,3.75451500264018,4.52699401744998,7.04833200415687,7.70469413433081,8.276471683379219,8.66848208297819,7.936326811683941,5.435853595569579,3.6636119817561,3.23447821827021,failed-vetting,failed-vetting
FARM 3.2,EMF33_tax_hi_none,3.75488934043124,4.52312941614939,7.02942500623733,7.66549497652029,8.20391881661145,8.581903694659799,8.06174678422424,6.4401873976459,4.85087405260826,3.7562323488191,failed-vetting,failed-vetting
FARM 3.2,EMF33_tax_lo_full,3.75451500264018,4.52699401744998,6.51087144536375,7.28347193826036,7.98673506036502,8.74324808528405,9.39584026216967,9.81253836532814,9.85649986465766,9.39037932901235,failed-vetting,failed-vetting
FARM 3.2,EMF33_tax_lo_none,3.75488934043124,4.52312941614939,6.49597970502368,7.25389775948383,7.93377219060642,8.65696936788706,9.26720671663288,9.638701042101491,9.65140204829053,9.210552562244883,failed-vetting,failed-vetting
GCAM 4.0,20% abatement (FF&I),3.466721917000001,1.231246354,1.599085566,1.533117126,1.548225062,1.82575922,1.868112829,2.018402657,2.132116835,2.006659132,no-climate-assessment,no-climate-assessment
GCAM 4.0,20% abatement (GHG),3.466721917000001,1.383679205,1.618590054,1.539549707,1.542695294,1.765788080000001,1.825178376,1.97897928,2.090237072,1.95501932,no-climate-assessment,no-climate-assessment
GCAM 4.0,450 concentration,3.466721917000001,1.284799834,1.628927569,1.631868363,1.722697449,2.09562008,2.140777595,2.257888756,2.538575073,3.1077145337,no-climate-assessment,no-climate-assessment
GCAM 4.0,50% abatement (FF&I),3.466721917000001,1.164209548,1.599219069000001,1.531309524,1.600084519,1.605744546,1.670725384,1.809300247,1.893885251,1.772875803,no-climate-assessment,no-climate-assessment
GCAM 4.0,50% abatement (GHG),3.466721917000001,1.169588049,1.674114254999999,1.590061277,1.712809666,1.488105143999999,1.580008002,1.694105212,1.81282792,1.758963135000001,no-climate-assessment,no-climate-assessment
GCAM 4.0,550 concentration,3.466721917000001,1.360012469,1.635280984,1.623590555,1.629174609,2.052235991,2.240285863,6.387645027,9.699332185134,2.536173984,no-climate-assessment,no-climate-assessment
GCAM 4.0,650 concentration,3.466721917000001,1.479354394000001,1.673146576000001,1.650513586,1.621131949,2.001254703,2.094897147,2.425477366,2.254306421,4.653343934,no-climate-assessment,no-climate-assessment
GCAM 4.0,Core baseline,3.466721917000001,1.64705451,1.792583373,1.853796758,1.935732932,2.471202387,2.744190591,3.24543599,3.534074274,3.661284803,no-climate-assessment,no-climate-assessment
GCAM 4.0,High CO2 price,3.466721917000001,1.236902326,1.687379108,1.634889548,1.736703837,1.75606423,2.028052868,2.485299733999999,3.102697384800001,4.060544892470001,failed-vetting,failed-vetting
GCAM 4.0,Low CO2 price,3.466721917000001,1.378515945,1.650352451,1.636560047,1.598530389,1.974839071,2.027363321,2.212130016,2.128177604999999,1.688173383,no-climate-assessment,no-climate-assessment
GCAM 4.0,Policy baseline,3.466721917000001,1.616262911,1.569713274,1.658731746,1.661971227,1.997949156,2.063829517,2.372538954000001,2.367255396,2.239402999999999,no-climate-assessment,no-climate-assessment
GCAM 4.2,ADVANCE_2020_1.5C-2100,3.465584829,5.662628169,11.458467713,14.889374902,15.43628563071,15.77558113025,13.7166441302074,9.32286542579944,5.407629909449098,2.30797885751399,failed-vetting,failed-vetting
GCAM 4.2,ADVANCE_2020_Med2C,3.465584829,5.662628169,7.724837237000001,10.840732337,14.015971287,16.7471111576,18.03135588273,17.411573864659,14.5566372625026,4.88712134644946,failed-vetting,failed-vetting
GCAM 4.2,ADVANCE_2020_WB2C,3.465584829,5.662628289,8.365257116,12.819143762,15.363320097,16.78788751394,17.315394240246,14.572512475749,9.85913043278317,6.27769257419451,failed-vetting,failed-vetting
GCAM 4.2,ADVANCE_2030_1.5C-2100,3.465584829,5.662628289,8.283516432,17.2233629336,15.71483462913,13.822838547858,11.1466146130983,7.38005740411337,3.09980315280197,1.25404744925359,failed-vetting,failed-vetting
GCAM 4.2,ADVANCE_2030_Med2C,3.465584829,5.662628289,8.28353248,10.703495988,13.875394255,16.7430256257,18.18188121376,17.602299109636,14.888893059347,5.14431813893993,failed-vetting,failed-vetting
GCAM 4.2,ADVANCE_2030_Price1.5C,3.465584829,5.662628289,8.283520091,16.3348857166,16.32035601656,15.637431286561,13.9479809652048,9.61235734189919,5.27817865018933,2.28416164018843,failed-vetting,failed-vetting
GCAM 4.2,ADVANCE_2030_WB2C,3.465584829,5.662628289,8.28353248,13.46994201,15.7747050312,16.94934834473,17.297663992521,14.2847109389675,9.27400804680179,5.73498122316888,failed-vetting,failed-vetting
GCAM 4.2,ADVANCE_NoPolicy,3.46558504,5.679073366,8.939724177999999,12.553453511,16.267197879,20.071086793,23.098199352,25.407300222,25.638878677,24.563633873,failed-vetting,failed-vetting
GCAM 4.2,EMF30_BCOC-EndU,3.46558504,4.260085571999999,4.973356733,4.859955696,4.587272048,3.623966251999999,2.325910421,1.462252090999999,1.020037331,0.840516818,failed-vetting,failed-vetting
GCAM 4.2,EMF30_Baseline,3.46558504,4.217027798999999,4.849416664,4.73660616,4.465933964,3.515596649,2.267277573,1.451209437,1.014162717,0.8340593860000001,failed-vetting,failed-vetting
GCAM 4.2,EMF30_CH4-Only,3.46558504,4.180206211000002,4.761049997,4.622912106,4.335290702,3.374792476999999,2.187122989,1.40099251,0.973464082,0.7968421290000001,failed-vetting,failed-vetting
GCAM 4.2,EMF30_ClimPolicy,3.46558504,3.804057671,3.046942695,1.822469776,0.8092601370000001,0.134222649,0.009201212,0.000501849,1.539999999999999e-05,2.439999999999999e-07,failed-vetting,failed-vetting
GCAM 4.2,EMF30_ClimPolicy+SLCF,3.46558504,3.829923192,3.099321445,1.84307247,0.821276565,0.13675847,0.0095787757,0.0005250299339999,1.6059972e-05,2.40402e-07,failed-vetting,failed-vetting
GCAM 4.2,EMF30_D_CH4-ClimPolicy,3.46558504,4.214098961,4.842388397,4.72615119,4.448569303999999,3.491396814,2.245925056,1.43024011,0.988786789,0.804672614,failed-vetting,failed-vetting
GCAM 4.2,EMF30_D_CO2-Only,3.46558504,3.810686602,3.066250608,1.831553136999999,0.819410179,0.137964976,0.0096136679,0.0005322350519999,1.6111551e-05,2.35288e-07,failed-vetting,failed-vetting
GCAM 4.2,EMF30_D_Frozen-CH4,3.46558504,4.217027798999999,4.849416664,4.73660616,4.465933964,3.515596649,2.267277573,1.451209437,1.014162717,0.8340593860000001,failed-vetting,failed-vetting
GCAM 4.2,EMF30_D_Frozen-EF,3.46558504,4.217027798999999,4.849416664,4.73660616,4.465933964,3.515596649,2.267277573,1.451209437,1.014162717,0.8340593860000001,failed-vetting,failed-vetting
GCAM 4.2,EMF30_D_Frozen-EF-EndU,3.46558504,4.217027798999999,4.849416664,4.73660616,4.465933964,3.515596649,2.267277573,1.451209437,1.014162717,0.8340593860000001,failed-vetting,failed-vetting
GCAM 4.2,EMF30_D_Frozen-EF-SLCF,3.46558504,4.217027798999999,4.849416664,4.73660616,4.465933964,3.515596649,2.267277573,1.451209437,1.014162717,0.8340593860000001,failed-vetting,failed-vetting
GCAM 4.2,EMF30_SLCF,3.46558504,4.222592171000001,4.872698791,4.732530633000001,4.441431043,3.467882514,2.234769107,1.409762395999999,0.97800325,0.80033032,failed-vetting,failed-vetting
GCAM 4.2,EMF33_Baseline,3.561253176999999,5.24504385483,7.981482009310001,10.4597798701,12.63239924261,14.86635703633,16.45612643244,17.0771925498,17.3912854353,16.28772790485,failed-vetting,failed-vetting
GCAM 4.2,EMF33_Med2C_cost100,3.561253176999999,5.0226216593,8.06300865985,11.4466191957,13.6287956040313,14.5353084096724,14.4500499845385,11.2214335810014,2.19513624574332,1.21883215414378,failed-vetting,failed-vetting
GCAM 4.2,EMF33_Med2C_full,3.561253176999999,4.9918487801,7.74003335977,10.77671104116,13.307202165547,14.5953909829998,14.5115002676784,12.4944884848108,3.33492041749718,1.61771813121406,failed-vetting,failed-vetting
GCAM 4.2,EMF33_Med2C_limbio,3.561253176999999,4.9918463999,7.8180327684,11.0165689694,13.3263407188722,14.4109694051178,14.0100833917793,11.4316344374435,2.54371345626865,0.9105252218484792,failed-vetting,failed-vetting
GCAM 4.2,EMF33_Med2C_nobeccs,3.561253176999999,4.9516158496,8.01471599514,11.256084696082,13.1135764838704,13.8209736066317,13.4567648321467,10.4227558717693,7.15514569622164,3.8458409071551,failed-vetting,failed-vetting
GCAM 4.2,EMF33_Med2C_nofuel,3.561253176999999,5.0502804908,8.080315488430001,11.30640924494,13.6101257282812,14.2464223193889,13.4545737881628,8.33151710289637,1.96135630099658,0.8047930549008749,failed-vetting,failed-vetting
GCAM 4.2,EMF33_Med2C_none,3.561253176999999,5.013747331,8.41520867259,11.794684882102,13.5933199430228,14.3293933155047,13.5774780423409,9.74918430424872,1.393998100792149,0.635127760094603,failed-vetting,failed-vetting
GCAM 4.2,EMF33_WB2C_full,3.561253176999999,4.9918487801,8.267022847869999,11.484934996912,13.1803691721955,13.7599385493626,12.8618025749083,9.78236099301946,7.72327783810179,7.259819807689579,failed-vetting,failed-vetting
GCAM 4.2,EMF33_WB2C_limbio,3.561253176999999,4.9918463999,8.900434047000001,11.612939753595,12.8368074809379,12.3899561424203,10.3953699550675,6.58806923899902,3.31190528819288,1.49980713661773,failed-vetting,failed-vetting
GCAM 4.2,EMF33_WB2C_nobeccs,3.561253176999999,4.9516158496,9.24462487782,11.3732068414733,11.799467586837,11.2704614633844,9.39438383371789,5.08730931591541,2.58610816920318,2.80798477334873,failed-vetting,failed-vetting
GCAM 4.2,EMF33_WB2C_nofuel,3.561253176999999,5.0502804908,8.803450271500003,11.820583389237,12.7034172115733,12.5391112119875,10.5854847524018,6.91555016481125,0.823724178219402,0.6292211144712879,failed-vetting,failed-vetting
GCAM 4.2,EMF33_WB2C_none,3.561253176999999,5.0137480769,9.823597825581,11.7404899009944,12.195014893016,11.0234071704916,7.590184971413517,3.51210902916508,1.21649508191455,0.4410856172800721,failed-vetting,failed-vetting
GCAM 4.2,EMF33_tax_hi_full,3.561253176999999,5.24504385483,7.4619515591,10.49775146668,13.252354945548,14.5981418709146,14.6604657755094,12.6322871317943,3.55595374822779,1.71327079915557,failed-vetting,failed-vetting
GCAM 4.2,EMF33_tax_hi_none,3.561253176999999,5.27272353276,7.60621781773,10.68883652302,13.511566065216,15.1576912231125,15.2739687891593,7.309466537018388,3.35549674227852,1.394061348804,failed-vetting,failed-vetting
GCAM 4.2,EMF33_tax_lo_full,3.561253176999999,5.24504385483,7.4871893463,9.86022855675,12.36274272595,14.414196958326,15.212769083834,12.6847016058702,11.3207064231424,8.74858923098003,failed-vetting,failed-vetting
GCAM 4.2,EMF33_tax_lo_none,3.561253176999999,5.27272353276,7.59387114729,10.11942843574,12.45238469557,14.461426191699,15.336729591713,13.2664864280324,11.8423607754845,9.15897390311124,failed-vetting,failed-vetting
GCAM 4.2,SSP1-19,3.465578685,1.40139802466,1.64191128152,1.7704536546,1.492806125,1.262309136299999,0.84160914102,0.658294923708,0.69822884221661,0.2395741648001261,C1,C1: limit warming to 1.5°C (>50%) with no or limited overshoot
GCAM 4.2,SSP1-26,3.465578685,1.39561323097,1.678194502552999,1.74924770979377,1.54825257095611,1.63158974706161,1.19129089976832,0.7373105663905601,0.5201553337664521,0.5507116367616121,no-climate-assessment,no-climate-assessment
GCAM 4.2,SSP1-34,3.465578685,1.39561323097,1.75900547604683,1.79676268250429,1.56778088980344,1.654652865921199,1.571332648115129,1.2588120478304,0.73253967863628,0.353089531865174,no-climate-assessment,no-climate-assessment
GCAM 4.2,SSP1-45,3.465578685,1.39561323097,1.80156953907716,1.84191709860468,1.62078393613426,1.715435617745879,1.57511844995224,1.47940480749774,1.06454175284632,0.680809581297349,no-climate-assessment,no-climate-assessment
GCAM 4.2,SSP1-Baseline,3.46557889,1.641366848,1.838767781,1.923779165,1.72567437,1.863495937,1.759064441,1.688313984,1.479611108,1.064541041,no-climate-assessment,no-climate-assessment
GCAM 4.2,SSP2-19,3.465578685,1.62349420407,1.8881240556,2.1077644129,1.9067021597,1.7980090186,1.822625446622999,2.776641831428859,2.22040729845174,1.01995023037037,failed-vetting,failed-vetting
GCAM 4.2,SSP2-26,3.465578685,1.62005583159,2.0498160279943,2.6718260096698,2.0676558995209,1.955337185472889,1.94220666018438,1.93761364806695,3.24300905650777,1.86481434677587,failed-vetting,failed-vetting
GCAM 4.2,SSP2-34,3.465578685,1.62005583159,2.0498160279943,1.5952395581901,1.9381416648698,2.4071169152367,2.25781542219848,1.97171595890635,1.84698931957928,2.27792033253782,failed-vetting,failed-vetting
GCAM 4.2,SSP2-45,3.465578685,1.62005583159,2.0498160279943,1.5432280336355,1.9010087079764,2.434860152605799,2.4640367119905,1.80781714542272,1.732489845228879,1.60036187295109,failed-vetting,failed-vetting
GCAM 4.2,SSP2-60,3.465578685,1.62005583159,2.0498160279943,1.8287217589733,2.0219110348251,2.6376265690385,2.855801112624399,3.378264823394299,3.6251980283644,3.40583523305,failed-vetting,failed-vetting
GCAM 4.2,SSP2-Baseline,3.46557889,1.876285238,2.092328847,2.141874357,2.271239707,3.020310603999999,3.507333365,4.368580432,5.160140545,5.772316189,no-climate-assessment,no-climate-assessment
GCAM 4.2,SSP3-Baseline,3.46557889,1.967635689,2.192296498,2.289075085,2.502925929,3.436527478,4.257053941000001,5.650835964,6.892367615,8.062173593999999,C8,C8: exceed warming of 4°C (>=50%)
GCAM 4.2,SSP4-26,3.46557889,1.519636453,1.783392006,1.447663991999999,1.269065262999999,1.168285681,1.2450506492,1.703327992540999,2.508867766583,1.609262091179,failed-vetting,failed-vetting
GCAM 4.2,SSP4-34,3.465578685,1.51963811906,1.701676132576899,1.4974118303511,1.303836189957899,1.25506607166924,1.08526634286959,1.102920124070399,1.35802532902399,1.945717697381709,failed-vetting,failed-vetting
GCAM 4.2,SSP4-45,3.465578685,1.51963811906,1.7010043677561,1.4780057231924,1.283213507115399,1.38351701697312,1.15937022094724,0.75700605100186,0.8345893995812821,0.7949643073590611,failed-vetting,failed-vetting
GCAM 4.2,SSP4-60,3.465578685,1.51963811906,1.77605507726453,1.51221522119598,1.260026865663509,1.447261950491749,1.30221757878477,1.33282174021902,1.33814056088806,1.12455406757769,failed-vetting,failed-vetting
GCAM 4.2,SSP4-Baseline,3.46557889,1.757438791,1.829306466999999,1.604074888,1.357099003,1.576172176,1.457709003,1.542418115,1.569259421999999,1.450642063,C7,C7: limit warming to 4°C (>50%)
GCAM 4.2,SSP5-19,3.465578685,1.749943173,2.9352814564,3.056509385899999,3.467375892469998,3.48584970728,3.127416632262,3.39396209200602,3.56100645437935,2.662973812647049,failed-vetting,failed-vetting
GCAM 4.2,SSP5-26,3.46557889,1.742804122,3.03248431,5.117129252,3.530376246,3.632365469,3.655386523,2.8523876615,1.883734647959999,2.905759325908,failed-vetting,failed-vetting
GCAM 4.2,SSP5-34,3.465578685,1.742805114729999,3.0324844571592,3.389384708159999,3.5569077617652,3.863120635883299,3.765262482673169,3.00893586169187,1.72476984630006,1.70728185481487,failed-vetting,failed-vetting
GCAM 4.2,SSP5-45,3.465578685,1.742805114729999,3.0324844571592,2.977200804635,3.554439827855,4.104998103108001,4.038154859200501,3.40382750587909,2.20457075906527,2.30647624552366,failed-vetting,failed-vetting
GCAM 4.2,SSP5-60,3.465578685,1.742805114729999,3.0324844571592,3.2847191340606,3.980568247875,4.70059785341,4.873415362576,5.21415096629,4.30465490169,3.23561396399868,no-climate-assessment,no-climate-assessment
GCAM 4.2,SSP5-Baseline,3.46557889,2.023315541999999,3.098911595,4.066760974,4.589517895,5.758045443999999,6.80583347,8.031610244,9.073222026,9.42691576,no-climate-assessment,no-climate-assessment
GCAM 5.2,"NGFS1_Current policies (Hot house world, Rep)",3.348080271,3.323059484,4.043444021,5.120221153999999,6.00288554,7.074399955,7.631227194,8.046140672,8.369604372000001,8.716286183,C7,C7: limit warming to 4°C (>50%)
GCAM 5.2,"NGFS1_Immediate 2C with CDR (Orderly, Rep)",3.348080271,3.323059484,4.056521374,7.183302676,9.199519506,10.8999762,8.278454636000001,3.870758586,0.6888579420000001,0.200097965,C4,C4: limit warming to 2°C (>50%)
GCAM 5.3,NGFS2_Below 2°C,3.34808,3.168559,4.183354,4.16922,2.087631,0.5441089,0.1629435,0.1481665,0.09603863,0.01014549,C3,C3: limit warming to 2°C (>67%)
GCAM 5.3,NGFS2_Current Policies,3.34808,3.170966,4.550446,5.236074,6.434317,6.818628,5.999073,5.135862,4.553356,4.191873,C7,C7: limit warming to 4°C (>50%)
GCAM 5.3,NGFS2_Delayed Transition,3.34808,3.170966,4.550446,3.928668,0.5400633,0.08209322,0.01177043,0.003255933,0.000736589,0.000162456,C4,C4: limit warming to 2°C (>50%)
GCAM 5.3,NGFS2_Divergent Net Zero Policies,3.34808,3.170966,4.178673,3.171239,0.2413292,0.1329109,0.07719925,0.04269674,0.02274891,0.004309848,C2,C2: return warming to 1.5°C (>50%) after a high overshoot
GCAM 5.3,NGFS2_Nationally Determined Contributions (NDCs),3.34808,2.905394,3.528482,4.435887,4.528643,5.193213,2.779857,1.443677,0.904069,0.5333732,C5,C5: limit warming to 2.5°C (>50%)
GCAM 5.3,NGFS2_Net-Zero 2050,3.34808,3.169284,4.053283,3.779136,0.8253034,0.1781428,0.07727275,0.0190941,0.007523461,0.00069823,C2,C2: return warming to 1.5°C (>50%) after a high overshoot
GCAM 5.3,R_BAU,3.348080271,3.4249167037,4.990040451,7.432143917,10.023284656,12.625234341,14.011282814,14.849357035,14.8180609182,14.1462661153,C7,C7: limit warming to 4°C (>50%)
GCAM 5.3,R_MAC_30_n0,3.348080271,3.4249167037,14.31688941864,10.043776332337,12.125281330745,13.7328105348835,8.4278813302377,5.17019302020492,4.10558743315904,2.70238899702147,C1,C1: limit warming to 1.5°C (>50%) with no or limited overshoot
GCAM 5.3,R_MAC_30_n8,3.348080271,3.4249167037,14.9661674341124,12.2755946555643,10.9732163998053,11.1089791324354,11.1529344781717,8.24584368533807,4.67533205456039,2.73106476302414,failed-vetting,failed-vetting
GCAM 5.3,R_MAC_35_n0,3.348080271,3.4249167037,8.52104754207,10.285460099507,12.315644914325,14.0836685725088,8.2314217321207,5.07325900972988,3.66204774398547,2.58071122995841,C3,C3: limit warming to 2°C (>67%)
GCAM 5.3,R_MAC_35_n8,3.348080271,3.4249167037,10.53007385555,12.4917967104052,11.5447401940562,11.0517721883714,10.9889765207869,6.94790207201208,3.70531522209962,2.28070500093707,C1,C1: limit warming to 1.5°C (>50%) with no or limited overshoot
GCAM 5.3,R_MAC_40_n0,3.348080271,3.4249167037,6.92858404565,13.378052342315,12.21454647046,14.2077107995487,8.45289147931594,4.99002769842947,3.39270607186172,2.70546549171669,C3,C3: limit warming to 2°C (>67%)
GCAM 5.3,R_MAC_40_n8,3.348080271,3.4249167037,7.81247526274,14.7233608733158,12.5305119509664,12.3878568142035,11.5039300530409,6.78926178716281,2.96623912642122,1.80022888724179,C1,C1: limit warming to 1.5°C (>50%) with no or limited overshoot
GCAM 5.3,R_MAC_45_n0,3.348080271,3.4249167037,6.3367200158,10.77754548244,12.100162002914,14.2509869528064,8.67269757852767,4.91892685699415,3.31921909879164,2.57117305913181,C3,C3: limit warming to 2°C (>67%)
GCAM 5.3,R_MAC_45_n8,3.348080271,3.4249167037,6.8115718269,12.991752487135,12.7504481879674,13.0304153187673,11.5747968760554,6.83618917071539,2.71813625040492,1.32902355399198,C1,C1: limit warming to 1.5°C (>50%) with no or limited overshoot
GCAM 5.3,R_MAC_50_n0,3.348080271,3.4249167037,6.016680408,9.49682776674,13.924118268291,14.1899660839496,8.90219551483915,5.06709762364546,3.25197728295094,2.43621317201245,C3,C3: limit warming to 2°C (>67%)
GCAM 5.3,R_MAC_50_n8,3.348080271,3.4249167037,6.3490210043,10.82717844262,13.7913093767115,13.2206976476623,11.7511147739251,6.83289093218782,2.57677596453238,1.12351780010625,C1,C1: limit warming to 1.5°C (>50%) with no or limited overshoot
GCAM 5.3,R_MAC_55_n0,3.348080271,3.4249167037,5.8039592682,8.85305570179,12.55278950469,13.837857469105,8.89853084948061,5.04283786352587,3.17621285191862,2.37797493589794,C3,C3: limit warming to 2°C (>67%)
GCAM 5.3,R_MAC_55_n8,3.348080271,3.4249167037,6.0697224095,9.69084088046,14.130433267159,13.2581414905576,11.9229044545163,6.50344553950642,2.42799654499735,0.995164088075728,C2,C2: return warming to 1.5°C (>50%) after a high overshoot
GCAM 5.3,R_MAC_60_n0,3.348080271,3.4249167037,5.6516342506,8.5116187369,11.5947841718,14.343083882791,8.65045724178836,4.99706389010755,3.22791680935562,2.34305179260661,C3,C3: limit warming to 2°C (>67%)
GCAM 5.3,R_MAC_60_n8,3.348080271,3.4249167037,5.8744254208,9.04588950742,13.049523160557,13.6876669184811,11.8270165557947,5.95983465513563,2.34942924081926,0.902749863041598,C2,C2: return warming to 1.5°C (>50%) after a high overshoot
GCAM 5.3,R_MAC_65_n0,3.348080271,3.4249167037,5.5388377939,8.324127657,11.01860147057,12.351739321507,8.4306052509622,4.90863928645722,3.15810921291881,2.30296692960524,C3,C3: limit warming to 2°C (>67%)
GCAM 5.3,R_MAC_65_n8,3.348080271,3.4249167037,5.7287748215,8.66552078921,12.11693455251,14.8293547409092,11.4795760490368,5.24127657720857,1.98419961177963,0.845582897468787,C3,C3: limit warming to 2°C (>67%)
GCAM 5.3,R_MAC_70_n0,3.348080271,3.4249167037,5.4513534682,8.1853852089,10.71706011274,11.53484252944,8.9765730489673,4.80860166821923,3.10365882508975,2.34185319523003,C4,C4: limit warming to 2°C (>50%)
GCAM 5.3,R_MAC_70_n8,3.348080271,3.4249167037,5.6162340326,8.4478308887,11.41843951143,13.93475122844,11.5160948521352,4.7132805767118,1.68981630031052,0.857334739391371,C3,C3: limit warming to 2°C (>67%)
GCAM 5.3,R_MAC_75_n0,3.348080271,3.4249167037,5.3835462942,8.0686314145,10.50572113423,11.3308236276,8.9596592728335,4.74150537105877,3.07129660526798,2.30302336808443,C4,C4: limit warming to 2°C (>50%)
GCAM 5.3,R_MAC_75_n8,3.348080271,3.4249167037,5.527985348,8.3084718714,10.98323510385,12.169141010144,9.89179678409451,4.48537869216906,1.54548704131856,0.82203102436838,C3,C3: limit warming to 2°C (>67%)
GCAM 5.3,R_MAC_80_n0,3.348080271,3.4249167037,5.3262901277,7.9741088043,10.356349827,11.27898340166,9.377545373158,5.04211299746842,3.04923413767709,2.28242221667146,C4,C4: limit warming to 2°C (>50%)
GCAM 5.3,R_MAC_80_n8,3.348080271,3.4249167037,5.4559137205,8.1935933253,10.73235516136,11.55543959184,9.0334429266671,4.73480711788616,1.46373818822617,0.795913037217186,C4,C4: limit warming to 2°C (>50%)
GCAM 5.3,R_MAC_85_n0,3.348080271,3.4249167037,5.2784330381,7.8979088921,10.2463132674,11.2820144863,9.728362317413,5.8458130083412,3.01910148614361,2.2794009119373,C5,C5: limit warming to 2.5°C (>50%)
GCAM 5.3,R_MAC_85_n8,3.348080271,3.4249167037,5.3977468959,8.0928935199,10.5479918111,11.35984375976,8.8689444514482,4.51379216955447,1.44316623108792,0.782259459661626,C4,C4: limit warming to 2°C (>50%)
GCAM 5.3,R_MAC_90_n0,3.348080271,3.4249167037,5.2377211774,7.8354291573,10.162357651,11.2981739996,10.012622881711,6.6338502034725,3.19959678765678,2.28181803509202,C5,C5: limit warming to 2.5°C (>50%)
GCAM 5.3,R_MAC_90_n8,3.348080271,3.4249167037,5.3482419271,8.0096975744,10.4104261152,11.28863961087,9.212084621281,4.81421527493653,1.61404550960367,0.765477081115962,C4,C4: limit warming to 2°C (>50%)
GCAM 5.3,R_MAC_95_n0,3.348080271,3.4249167037,5.2042360085,7.7827529899,10.0952559675,11.32226613048,10.252630921177,7.3131712166012,3.86545260958685,2.28135421717454,C5,C5: limit warming to 2.5°C (>50%)
GCAM 5.3,R_MAC_95_n8,3.348080271,3.4249167037,5.3050124565,7.9397519181,10.3055772601,11.27773112621,9.537071496542,5.36986134450551,2.39963146254603,0.76223402773498,C4,C4: limit warming to 2°C (>50%)
GCAM 5.3,R_MAC_99_n0,3.348080271,3.4249167037,5.1754900299,7.7372842873,10.0411709975,11.3352713698,10.457916672667,7.8679481754536,4.54778162226914,2.41880809237027,C5,C5: limit warming to 2.5°C (>50%)
GCAM 5.3,R_MAC_99_n8,3.348080271,3.4249167037,5.2673730227,7.880941117,10.2228661848,11.28518759589,9.805610836221,6.0529343071687,2.75549330559167,0.817207764332541,C5,C5: limit warming to 2.5°C (>50%)
GCAM 5.3,SSP1-DACCS-1p9-3pctHR,3.347680214,3.2800540585,3.93229910275,4.61970955192,4.96912411296,4.33763588353,2.442706152902,1.091880981938,0.6759988871637,0.4645926164107,failed-vetting,failed-vetting
GCAM 5.3,SSP1-DACCS-2p6-3pctHR,3.347680214,3.2800571985,3.8060618837,4.1994688232,4.4489088989,3.85511486268,2.42257642793,1.8932891734,1.19598781758,0.591803309977,failed-vetting,failed-vetting
GCAM 5.3,SSP1-highcostDACCS-2p6-3pctHR,3.347680214,3.293734491,4.186834544,4.628677646,4.672132926,3.86515375,2.404810438,1.834981495,1.51758712,0.800584249,failed-vetting,failed-vetting
GCAM 5.3,SSP1-lowcostDACCS-2p6-3pctHR,3.347680214,3.293752771,4.244059801,4.669761694,4.690340685,3.981057126,2.436380346,1.884296439,0.925630273,0.467714806,failed-vetting,failed-vetting
GCAM 5.3,SSP1-noDACCS-1p9-3pctHR,3.347680214,3.2800557985,3.84633737492,4.4618716017,4.77363991543,4.31592605354,3.848138606703,2.706379696746,1.596914531588,1.117579166135,failed-vetting,failed-vetting
GCAM 5.3,SSP1-noDACCS-2p6-3pctHR,3.347680214,3.2800540085,3.8045888545,4.197563796,4.4537317226,3.84496459001,2.43275291711,1.87205032092,1.647160908822,0.689676678928,failed-vetting,failed-vetting
GCAM 5.3,SSP2-DACCS-2p6-3pctHR,3.347680214,3.620987247,4.6680382127,5.3314310739,6.7796161606,7.8097635687,7.39399347774,4.642864389498,2.90143658332,1.982061612814,failed-vetting,failed-vetting
GCAM 5.3,SSP2-noDACCS-2p6-3pctHR,3.347680214,3.601974532,4.3264137519,5.8396696674,7.529343556,8.6959343263,8.24994035731,5.274905716247,3.532778166691,2.5397946241396,failed-vetting,failed-vetting
GCAM 5.3,SSP4-DACCS-1p9-3pctHR,3.347680214,3.4465584,3.9638431582,4.2497599213,5.0238921865,5.5780034637,3.72202919146,2.18787869689,1.346443310428,0.88081548572478,failed-vetting,failed-vetting
GCAM 5.3,SSP4-DACCS-2p6-3pctHR,3.347680214,3.445976671,3.9953526937,4.0282078891,4.1054505708,4.1369109705,3.41662530247,3.17405850536,1.536461999318,0.944997788976,failed-vetting,failed-vetting
GCAM 5.3,SSP4-highcostDACCS-2p6-3pctHR,3.347680214,3.446492541,3.944771329,4.176006667,4.636324588,4.843779925,4.681484516,4.80508708,2.342985375,1.032542458,failed-vetting,failed-vetting
GCAM 5.3,SSP4-medcostDACCS-2p6-3pctHR,3.347680214,3.444366498,3.954248519,4.08479635,4.383010938,4.489711167,3.964326665,3.959489519,1.788381523,1.086671416,failed-vetting,failed-vetting
GCAM 5.3,SSP4-noDACCS-1p9-3pctHR,3.347680214,3.426104078,4.2314704583,5.5120754665,6.8343209963,8.02525869859,6.503902324235,3.8237326442289,1.87788794994832,0.696588859559494,failed-vetting,failed-vetting
GCAM 5.3,SSP4-noDACCS-2p6-3pctHR,3.347680214,3.427372235,3.7738406928,4.0558484605,4.6589705779,4.9831254478,4.77667259845,4.82552222331,2.424002719979,1.06726847573888,failed-vetting,failed-vetting
GCAM 5.3,SSP5-DACCS-1p9-3pctHR,3.347680214,3.83402715,5.543989886,7.4744499654,10.1583972244,11.2265093375,9.56908817555,7.150855899817,4.402670749794,2.9053379225452,failed-vetting,failed-vetting
GCAM 5.3,SSP5-DACCS-2p6-3pctHR,3.347680214,3.83402715,5.990483011,7.032926228,9.520940918,11.0336886538,10.356165697,8.26767098316,5.142465079163,3.398472699175,failed-vetting,failed-vetting
GCAM 5.3,SSP5-noDACCS-2p6-3pctHR,3.347680214,3.813895704,5.540227577,9.0499784548,10.2702157464,10.3677632344,9.35754622986,7.351003572186,4.3045123282916,3.1051504868233,failed-vetting,failed-vetting
GCAM 5.3,SSP_SSP1,3.348080271,3.8043278591,5.30630069576,6.78864332646,8.00832411011,7.5807518181748,5.29999698044163,3.8310620543492,2.64580176592621,1.61850279011339,no-climate-assessment,no-climate-assessment
GCAM 5.3,SSP_SSP2,3.348080271,3.8235934974,6.5744969782,9.22500344263,12.05058804563,10.8300728154927,8.22994290465027,3.59147872423121,1.64539676905424,0.495640304247255,C3,C3: limit warming to 2°C (>67%)
GCAM 5.3,SSP_SSP3,3.348080271,3.7482844694,6.7072906597,9.5024316254,13.03777275548,11.7299269440766,9.61895050785976,6.07582796891975,2.32476011028003,0.727234977113596,C2,C2: return warming to 1.5°C (>50%) after a high overshoot
GCAM 5.3,SSP_SSP4,3.348080271,3.7527496626,5.9954610432,7.68674126954,9.568279347255,8.89227323439441,7.30492386952747,6.06786317235906,2.30672236920014,0.809256567001189,C2,C2: return warming to 1.5°C (>50%) after a high overshoot
GCAM 5.3,SSP_SSP5,3.348080271,4.0364265804,9.4557841078,14.60006238024,16.313075333235,15.7313017117858,11.6945918762253,4.59406564947922,1.58947361543331,0.73672811310737,C3,C3: limit warming to 2°C (>67%)
GCAM-PR 5.3,CSH,3.348080262,3.5521863844,4.427037839,2.0751121673878226,2.05269850025975,2.0941392227748548,1.976037528090142,1.8552840132117032,1.7468998591689557,1.6286608853614093,no-climate-assessment,no-climate-assessment
GCAM-PR 5.3,PCSH,3.348080262,3.5438386532,4.5215352606,2.0751121673878226,2.05269850025975,2.0941392227748548,1.976037528090142,1.8552840132117032,1.7468998591689557,1.6286608853614093,failed-vetting,failed-vetting
GCAM-PR 5.3,PR_CP_Intensity,3.348080262,3.5362736811,4.5280886072,6.1405745917,8.221355634,8.964937933,8.4484515785,7.91546516157,6.41210120708,5.02235321303,failed-vetting,failed-vetting
GCAM-PR 5.3,PR_CP_Price,3.348080262,3.5325168638,4.5293921208,5.9557808588,7.969491527,8.907261817,8.8782715611,9.1548972426,8.6857182395,7.9606683799,failed-vetting,failed-vetting
GCAM-PR 5.3,PR_CP_PriceOnly,3.348080262,3.5323909281,4.3563405283,5.736012744,7.610724112,8.627393606,8.6627918138,8.9882815797,8.5987401312,7.9740837472,C7,C7: limit warming to 4°C (>50%)
GCAM-PR 5.3,PR_NDC_Intensity,3.348080262,3.5325168638,4.4073662405,5.8188759699,7.9433273865,8.18195574201,7.488508247264,6.639424549866,5.11720982819,3.8884927712809,failed-vetting,failed-vetting
GCAM-PR 5.3,PR_NDC_Price,3.348080262,3.5325168638,4.406338737,5.8048597362,7.9650179458,8.54205206612,8.37592313108,8.22845002517,7.079524508127,5.741570446602,failed-vetting,failed-vetting
GCAM-PR 5.3,PR_NDC_PriceOnly,3.348080262,3.525977695,4.223534303,5.609748994,7.559148366,8.170421052,8.034445965,7.932423621,6.83696752,5.629383281,C6,C6: limit warming to 3°C (>50%)
GCAM-PR 5.3,PR_baseline,3.348080262,3.554223718,4.454208453,6.137251809,8.544229724,9.790942813,10.093397,10.6078002,10.35486383,9.824879389,C7,C7: limit warming to 4°C (>50%)
GCAM-PR 5.3,R,3.348080271,3.555519352,5.101508389,2.0751121673878226,2.05269850025975,2.0941392227748548,1.976037528090142,1.8552840132117032,1.7468998591689557,1.6286608853614093,no-climate-assessment,no-climate-assessment
GCAM-PR 5.3,SH,3.348080271,3.4522599526,5.183922238,2.0751121673878226,2.05269850025975,2.0941392227748548,1.976037528090142,1.8552840132117032,1.7468998591689557,1.6286608853614093,no-climate-assessment,no-climate-assessment
GCAM5.2_NET,GCAM_1.5C_high_os_high-cost-DAC,3.422345,5.059502,7.343798,13.29814,20.12071,16.44125,9.716942,5.560601,3.804311,3.263997,failed-vetting,failed-vetting
GCAM5.2_NET,GCAM_1.5C_high_os_low-cost-DAC,3.422345,5.059502,7.343798,13.29814,15.56321,14.18084,8.485722,5.701869,4.199614,3.766421,failed-vetting,failed-vetting
GCAM5.2_NET,GCAM_1.5C_low_os_high-cost-DAC,3.422345,5.059502,10.79992,16.20836,19.13198,15.38707,8.861569,5.526814,4.566379,3.50459,failed-vetting,failed-vetting
GCAM5.2_NET,GCAM_1.5C_low_os_low-cost-DAC,3.422345,5.059502,10.79992,14.49907,15.14869,12.78179,7.861996,5.679901,4.569664,3.666463,failed-vetting,failed-vetting
GCAM5.2_NET,GCAM_1.5C_low_os_noDAC,3.422345,5.0595,10.7999,16.82271,17.46983,18.50385,10.73593,5.048163,3.374129,2.797426,failed-vetting,failed-vetting
GEM-E3 V1,CD-LINKS_INDCi,3.507405240620401,3.096159210722607,2.964674927677802,2.847497740911778,1.353185519223818,2.0941392227748548,1.976037528090142,1.8552840132117032,1.7468998591689557,1.6286608853614093,failed-vetting,failed-vetting
GEM-E3 V1,CD-LINKS_INDCi_recGenTaxation,7.102206116732203,3.608887736378738,1.581478886882142,1.153027566090771,1.305942988655715,2.0941392227748548,1.976037528090142,1.8552840132117032,1.7468998591689557,1.6286608853614093,no-climate-assessment,no-climate-assessment
GEM-E3 V1,CD-LINKS_INDCi_recSocialSecurity,7.102206116732203,3.608887734331065,1.581713561168614,1.151039287028056,1.297771636647866,2.0941392227748548,1.976037528090142,1.8552840132117032,1.7468998591689557,1.6286608853614093,no-climate-assessment,no-climate-assessment
GEM-E3 V1,CD-LINKS_NPi,3.507405240620401,3.096026095752588,3.208216100393769,3.437913236559765,3.316041294743169,2.0941392227748548,1.976037528090142,1.8552840132117032,1.7468998591689557,1.6286608853614093,failed-vetting,failed-vetting
GEM-E3 V1,CD-LINKS_NPi2020_1000,3.507405240620401,3.095986540562841,3.170952108731402,2.528954225544027,0.4850928523310913,2.0941392227748548,1.976037528090142,1.8552840132117032,1.7468998591689557,1.6286608853614093,failed-vetting,failed-vetting
GEM-E3 V1,CD-LINKS_NPi2020_1000_recGenTaxation,7.102206116732203,3.609119758201155,1.841795301700484,1.179414435428278,0.0751213591576363,2.0941392227748548,1.976037528090142,1.8552840132117032,1.7468998591689557,1.6286608853614093,no-climate-assessment,no-climate-assessment
GEM-E3 V1,CD-LINKS_NPi2020_1000_recSocialSecurity,7.102206116732203,3.609119757131528,1.852571623012108,1.18009630740388,0.0747463400265283,2.0941392227748548,1.976037528090142,1.8552840132117032,1.7468998591689557,1.6286608853614093,no-climate-assessment,no-climate-assessment
GEM-E3 V1,CD-LINKS_NPi2020_1600,3.507405240620401,3.095986540562841,3.182652174261728,3.133385014104535,1.717077279247104,2.0941392227748548,1.976037528090142,1.8552840132117032,1.7468998591689557,1.6286608853614093,failed-vetting,failed-vetting
GEM-E3 V1,CD-LINKS_NPi2020_400,3.507405240620401,3.09611730037888,2.803722283462142,0.6099713390539241,0.030130033579639,2.0941392227748548,1.976037528090142,1.8552840132117032,1.7468998591689557,1.6286608853614093,failed-vetting,failed-vetting
GEM-E3 V1,CD-LINKS_NPi2020_400_recGenTaxation,7.102206116732203,3.609119750818795,1.856367763909773,1.349557856183468,0.0577015005285652,2.0941392227748548,1.976037528090142,1.8552840132117032,1.7468998591689557,1.6286608853614093,failed-vetting,failed-vetting
GEM-E3 V1,CD-LINKS_NPi2020_400_recSocialSecurity,7.102206116732203,3.609119757123887,1.884918869095146,1.354233486583178,0.0583304165260712,2.0941392227748548,1.976037528090142,1.8552840132117032,1.7468998591689557,1.6286608853614093,failed-vetting,failed-vetting
GEM-E3_V2021,EN_INDCi2030_1000,3.3716554884068066,0.2347618291457417,0.3569697969060046,0.0234361020061971,0.0415521252120042,0.0241917618205838,0.0002396811672831,0.0002728462408035,0.0003103574399016,0.000352682613822,C3,C3: limit warming to 2°C (>67%)
GEM-E3_V2021,EN_INDCi2030_1000_COV,3.3716554884068066,0.2136180289115656,0.3244918887680145,0.0248458365893145,0.0348578265559974,0.0190019812150781,0.0002230171793103,0.0002536721193287,0.000287344370153,0.0003262206326192,C3,C3: limit warming to 2°C (>67%)
GEM-E3_V2021,EN_INDCi2030_1000_COV_NDCp,3.3716554884068066,0.213618028837539,0.3273293012906747,0.0291322797615501,0.0390733055050889,0.0189284699815372,0.0002222524542551,0.0002547851602199,0.0002888575040607,0.0003274383638316,C3,C3: limit warming to 2°C (>67%)
GEM-E3_V2021,EN_INDCi2030_1000_NDCp,3.3716554884068066,0.2347618291457417,0.3599846903089123,0.0245761315917325,0.0292249407543225,0.0211229510595336,0.0002406024050843,0.0002745018867782,0.0003122220834058,0.0003547446906463,C3,C3: limit warming to 2°C (>67%)
GEM-E3_V2021,EN_INDCi2030_1000f,3.3716554884068066,0.2347618291457417,0.3569697969060046,0.0512702227500683,0.0767467010405736,0.0580926737012288,0.000234315519653,0.0002792491100378,0.0003205580079613,0.0003654331192614,C4,C4: limit warming to 2°C (>50%)
GEM-E3_V2021,EN_INDCi2030_1000f_COV,3.3716554884068066,0.2136180289115656,0.3244918887680145,0.0470365632674828,0.068249561582343,0.0544233600770805,0.0002160871472451,0.0002572192831147,0.0002959235824783,0.0003367204912934,C3,C3: limit warming to 2°C (>67%)
GEM-E3_V2021,EN_INDCi2030_1000f_COV_NDCp,3.3716554884068066,0.213618028837539,0.3273293012906747,0.0474421406951835,0.0676211369460983,0.0509451550615311,0.000216247583257,0.0002575030459453,0.0002965435258177,0.0003371384946707,C3,C3: limit warming to 2°C (>67%)
GEM-E3_V2021,EN_INDCi2030_1000f_NDCp,3.3716554884068066,0.2347618291457417,0.3599846903089123,0.0521039571287059,0.0761084259017577,0.0709896674430014,0.0002351672461538,0.0002803333159245,0.000321636119776,0.0003662910512208,C4,C4: limit warming to 2°C (>50%)
GEM-E3_V2021,EN_INDCi2030_1400,3.3716554884068066,0.2347618291457417,0.3569697969060046,0.0636867119353515,0.0740881124853764,0.0703005242889295,0.0002107415963686,0.0002649926742552,0.0003112248038018,0.0003537897179646,C4,C4: limit warming to 2°C (>50%)
GEM-E3_V2021,EN_INDCi2030_1400f,3.3716554884068066,0.2347618291457417,0.3569697969060046,0.0636867119353515,0.0740881124853764,0.0696455512213246,0.0002088381518372,0.0002638514192527,0.0003111938816588,0.0003604783685156,C4,C4: limit warming to 2°C (>50%)
GEM-E3_V2021,EN_INDCi2030_1800,3.3716554884068066,0.2347618291457417,0.3569697969060046,0.0652413187971029,0.0753216932704317,0.0891393037945047,0.0247144054873606,0.0211460840417693,0.0002882415765589,0.0003512242062155,C5,C5: limit warming to 2.5°C (>50%)
GEM-E3_V2021,EN_INDCi2030_1800f,3.3716554884068066,0.2347618291457417,0.3569697969060046,0.0652413187971029,0.0753216932704317,0.0891393037945047,0.0247144054873606,0.0211460840417693,0.0002882415765589,0.0003512242062155,C5,C5: limit warming to 2.5°C (>50%)
GEM-E3_V2021,EN_INDCi2030_600f,3.3716554884068066,0.2347618291457417,0.3569697969060046,0.0001163917277811,0.0289463915583323,0.0064045279033936,0.000245896217114,0.0002860083108688,0.0003281157206732,0.000371843458438,C2,C2: return warming to 1.5°C (>50%) after a high overshoot
GEM-E3_V2021,EN_INDCi2030_600f_COV,3.3716554884068066,0.2136180289115656,0.3244918887680145,0.0001071756695971,0.0575476078456206,0.0201048519000713,0.0002279022547577,0.000264717142762,0.0003034307493875,0.0003434562442406,C2,C2: return warming to 1.5°C (>50%) after a high overshoot
GEM-E3_V2021,EN_INDCi2030_600f_COV_NDCp,3.3716554884068066,0.213618028837539,0.3273293012906747,0.00010787672822,0.0652687384101199,0.0202390656192998,0.0002283203591929,0.0002652171754602,0.0003038692571661,0.0003440473678601,C2,C2: return warming to 1.5°C (>50%) after a high overshoot
GEM-E3_V2021,EN_INDCi2030_600f_NDCp,3.3716554884068066,0.2347618291457417,0.3599846903089123,0.0001161484733709,0.0584910754640079,0.0211322416622122,0.000246505647325,0.0002866497821565,0.0003288433137586,0.0003726497998831,C2,C2: return warming to 1.5°C (>50%) after a high overshoot
GEM-E3_V2021,EN_INDCi2030_800,3.3716554884068066,0.2347618291457417,0.3569697969060046,0.0001256675513108,0.050270673783705,0.046724239869525,0.000241341473708,0.0002757832947772,0.0003132210347777,0.0003575010127866,C3,C3: limit warming to 2°C (>67%)
GEM-E3_V2021,EN_INDCi2030_800f,3.3716554884068066,0.2347618291457417,0.3569697969060046,0.0141964960044985,0.1136979357436008,0.0207623457681912,0.0002421860596274,0.0002837313808478,0.0003251392708183,0.0003708108873791,C2,C2: return warming to 1.5°C (>50%) after a high overshoot
GEM-E3_V2021,EN_INDCi2100,3.3716554884068066,0.2347618291457417,0.3569697969060046,0.2213493741423829,0.2769406467850172,0.2308622393008834,0.3377239639158992,0.4086812635616169,0.4814237573829926,0.5585379207581401,C7,C7: limit warming to 4°C (>50%)
GEM-E3_V2021,EN_INDCi2100_COV,3.3716554884068066,0.2136180289115656,0.3244918887680145,0.1993943523912499,0.1960097872353482,0.2471858812482598,0.3058591379311041,0.3704241026075319,0.4372826232145922,0.5071056171554191,C6,C6: limit warming to 3°C (>50%)
GEM-E3_V2021,EN_INDCi2100_COV_NDCp,3.3716554884068066,0.213618028837539,0.3273293012906747,0.2004228614802209,0.2500879750172392,0.2229440597316845,0.3056481721319162,0.3699552545520996,0.4362960543003985,0.5061314673932212,C6,C6: limit warming to 3°C (>50%)
GEM-E3_V2021,EN_INDCi2100_NDCp,3.3716554884068066,0.2347618291457417,0.3599846903089123,0.2224046371313712,0.2171002616495141,0.2719595159121008,0.3373775180117599,0.4080625406457767,0.4804412334505999,0.5569175147603233,C6,C6: limit warming to 3°C (>50%)
GEM-E3_V2021,EN_NPi2020_1000,3.3716554884068066,0.2347618288776015,0.3458202479070947,0.0616358387317261,0.0632946530520666,0.0193764850199983,0.0002378541387369,0.000275828650935,0.0003136211798566,0.0003553102631252,C3,C3: limit warming to 2°C (>67%)
GEM-E3_V2021,EN_NPi2020_1000_COV,3.3716554884068066,0.2136180289115656,0.3184341198399031,0.055972935037336,0.066644336434344,0.0019415834614,0.0002181145331078,0.000253456933225,0.000288009043861,0.0003260113205341,C3,C3: limit warming to 2°C (>67%)
GEM-E3_V2021,EN_NPi2020_1000f,3.3716554884068066,0.2347618291351543,0.3500549248357422,0.062550645306847,0.1216580669909891,0.050696487296418,0.0002307549222779,0.0002759806495253,0.0003192019886316,0.0003645147871286,C4,C4: limit warming to 2°C (>50%)
GEM-E3_V2021,EN_NPi2020_1000f_COV,3.3716554884068066,0.2136180289115656,0.3119967448059594,0.0567237049453323,0.1106065206277021,0.0343001865940825,0.0002125869563005,0.000254751661813,0.0002945525019485,0.0003357917339349,C3,C3: limit warming to 2°C (>67%)
GEM-E3_V2021,EN_NPi2020_1400,3.3716554884068066,0.2347618291596721,0.3519176527285367,0.063298607428495,0.0731728979313494,0.0506930036682565,0.0001950322085161,0.0002554588394731,0.0003100291097636,0.0003527889414791,C5,C5: limit warming to 2.5°C (>50%)
GEM-E3_V2021,EN_NPi2020_1400f,3.3716554884068066,0.2347618291596721,0.3519176527285367,0.063298607428495,0.0731728979313494,0.0504748535331291,0.00019463699234,0.0002547651842194,0.0003097064685136,0.0003604202975369,C4,C4: limit warming to 2°C (>50%)
GEM-E3_V2021,EN_NPi2020_1800,3.3716554884068066,0.2347618291596721,0.3061295529262262,0.0640001957610939,0.0848791509565476,0.0643889004289481,0.0277229811737196,0.0283878017355162,0.0002787779875299,0.0003489662051037,C5,C5: limit warming to 2.5°C (>50%)
GEM-E3_V2021,EN_NPi2020_1800f,3.3716554884068066,0.2347618291596721,0.3061295529262262,0.0640001957610939,0.0848791509565476,0.0643889004289481,0.0277229811737196,0.0283878017355162,0.0002787779875299,0.0003489662051037,C5,C5: limit warming to 2.5°C (>50%)
GEM-E3_V2021,EN_NPi2020_400f,3.3716554884068066,0.2347618291351543,0.2891110432117262,0.0185391502920456,0.0981215469513543,0.0002046093250836,0.0002438742383772,0.0002842145171731,0.0003249659185433,0.0003689692115638,C2,C2: return warming to 1.5°C (>50%) after a high overshoot
GEM-E3_V2021,EN_NPi2020_500,3.3716554884068066,0.2347618288776015,0.1512467672213817,0.0001471973407514,0.1205506636713185,0.0001996969618787,0.0002308389100323,0.0002632375291297,0.0003007575483813,0.0003392248077931,C1,C1: limit warming to 1.5°C (>50%) with no or limited overshoot
GEM-E3_V2021,EN_NPi2020_500f,3.3716554884068066,0.2347618291351543,0.3030169608289705,0.0404125657983462,0.1341591072175614,0.0002007499981749,0.000241707777658,0.0002835115947441,0.0003243298331021,0.0003681140122044,C2,C2: return warming to 1.5°C (>50%) after a high overshoot
GEM-E3_V2021,EN_NPi2020_600,3.3716554884068066,0.2347618288776015,0.2447860774661612,0.0001342799590487,0.0939128626068046,0.0002042460642249,0.000237066771905,0.000268521164163,0.0003060137159061,0.0003505494065919,C2,C2: return warming to 1.5°C (>50%) after a high overshoot
GEM-E3_V2021,EN_NPi2020_600_COV,3.3716554884068066,0.2136180289115656,0.2403334204644997,0.0001187509840125,0.089634610286367,0.0001901709815412,0.0002216440057861,0.0002521074540223,0.0002873501450184,0.000328251109055,C1,C1: limit warming to 1.5°C (>50%) with no or limited overshoot
GEM-E3_V2021,EN_NPi2020_600f,3.3716554884068066,0.2347618291351543,0.3394919436443799,0.0577001221838223,0.145227541341281,0.0012488098747632,0.0002399752573109,0.0002822914270951,0.0003238376250889,0.0003674496343284,C2,C2: return warming to 1.5°C (>50%) after a high overshoot
GEM-E3_V2021,EN_NPi2020_600f_COV,3.3716554884068066,0.2136180289115656,0.2770545253114006,0.0425086013099265,0.1252344623776815,0.0001851150915173,0.000224703911144,0.0002637091636777,0.0003013181431545,0.0003427983949642,C2,C2: return warming to 1.5°C (>50%) after a high overshoot
GEM-E3_V2021,EN_NPi2020_800,3.3716554884068066,0.2347618288776015,0.2913568337186777,0.0299213202106199,0.1002104749671127,0.0209475111409639,0.0002378982966014,0.0002709580432653,0.0003085096238251,0.0003518694709616,C3,C3: limit warming to 2°C (>67%)
GEM-E3_V2021,EN_NPi2020_800f,3.3716554884068066,0.2347618291351543,0.34380395858762,0.0610819665987486,0.0796609194109487,0.0027541902653629,0.0002361544121651,0.000280174311752,0.0003213972286519,0.0003656964494026,C3,C3: limit warming to 2°C (>67%)
GEM-E3_V2021,EN_NPi2100,3.3716554884068066,0.2347618291457417,0.3558024049666236,0.2207502826513215,0.2153374631921845,0.2709952014503795,0.3367408131538831,0.4083940097046923,0.4829889639207862,0.5616829620357627,C7,C7: limit warming to 4°C (>50%)
GEM-E3_V2021,EN_NPi2100_COV,3.3716554884068066,0.2136180289115656,0.3237303462745165,0.1989686098506255,0.1949619402724106,0.2454147204865383,0.3051049794777092,0.3702057453587307,0.4379144359480927,0.5093133495319756,C7,C7: limit warming to 4°C (>50%)
GEMINI-E3 7.0,PR_Baseline,3.3716554884068066,1.6920112531,0.7445658134,0.3588368383,0.1720831563,2.0941392227748548,1.976037528090142,1.8552840132117032,1.7468998591689557,1.6286608853614093,no-climate-assessment,no-climate-assessment
GEMINI-E3 7.0,PR_CP_Intensity,3.3716554884068066,1.6803616338,0.7233361012999999,0.3549724056,0.1781759127,2.0941392227748548,1.976037528090142,1.8552840132117032,1.7468998591689557,1.6286608853614093,no-climate-assessment,no-climate-assessment
GEMINI-E3 7.0,PR_CP_Price,3.3716554884068066,1.6803616338,0.7233361012999999,0.3475791945999999,0.1677312038,2.0941392227748548,1.976037528090142,1.8552840132117032,1.7468998591689557,1.6286608853614093,no-climate-assessment,no-climate-assessment
GEMINI-E3 7.0,PR_CP_PriceOnly,3.3716554884068066,1.694991293,0.7692170493,0.3753105159,0.1816787434,2.0941392227748548,1.976037528090142,1.8552840132117032,1.7468998591689557,1.6286608853614093,no-climate-assessment,no-climate-assessment
GEMINI-E3 7.0,PR_NDC_Intensity,3.3716554884068066,1.6909437102,0.7638072301000001,0.3914588113,0.1939226376,2.0941392227748548,1.976037528090142,1.8552840132117032,1.7468998591689557,1.6286608853614093,no-climate-assessment,no-climate-assessment
GEMINI-E3 7.0,PR_NDC_Price,3.3716554884068066,1.6909437102,0.7638072301000001,0.3647007948,0.1764514684,2.0941392227748548,1.976037528090142,1.8552840132117032,1.7468998591689557,1.6286608853614093,no-climate-assessment,no-climate-assessment
GENeSYS-MOD 1.0,1,3.3716554884068066,0.0,0.0,0.0,0.0,2.0941392227748548,1.976037528090142,1.8552840132117032,1.7468998591689557,1.6286608853614093,no-climate-assessment,no-climate-assessment
GMM-17,Hard_Rock,3.76194,4.25099,3.281950000000001,2.66807,2.326140000000001,2.136740000000001,1.976037528090142,1.8552840132117032,1.7468998591689557,1.6286608853614093,no-climate-assessment,no-climate-assessment
GMM-17,Modern_Jazz,3.76194,3.5135,2.94671,2.4095,2.15035,1.894770000000001,1.976037528090142,1.8552840132117032,1.7468998591689557,1.6286608853614093,no-climate-assessment,no-climate-assessment
GMM-17,Symphony_1.5C,3.50765,2.35013,0.31465,0.15536,0.01159,0.00463,1.976037528090142,1.8552840132117032,1.7468998591689557,1.6286608853614093,no-climate-assessment,no-climate-assessment
GMM-17,Unfinished_Symphony,3.76194,3.77468,1.77566,0.95204,0.58423,0.3328299999999999,1.976037528090142,1.8552840132117032,1.7468998591689557,1.6286608853614093,no-climate-assessment,no-climate-assessment
GRAPE-15 1.0,EMF33_1.5C_cost100,3.5618,2.2095,1.1047,0.5524,0.2862,4.447,7.7146,8.3237,8.0236,6.6118,failed-vetting,failed-vetting
GRAPE-15 1.0,EMF33_1.5C_full,3.5618,2.2038,1.1019,0.551,0.2849,4.4527,7.7137,8.3233,8.0235,6.8793,failed-vetting,failed-vetting
GRAPE-15 1.0,EMF33_1.5C_nofuel,3.5618,2.2111,1.1055,0.5528000000000001,0.3058,4.5103,7.7701,8.3511,8.0371,6.2079,failed-vetting,failed-vetting
GRAPE-15 1.0,EMF33_Baseline,3.5618,2.1386,1.8118,0.9059,0.452999999999999,0.2265,0.1132,0.0566,0.0283,0.0142,failed-vetting,failed-vetting
GRAPE-15 1.0,EMF33_Med2C_cost100,3.5618,2.1466,1.3131,0.6566000000000001,0.3283,0.1641,0.0821,0.040999999999999,0.0205,0.0103,failed-vetting,failed-vetting
GRAPE-15 1.0,EMF33_Med2C_full,3.5618,2.1458,1.3167,0.6584,0.3292,0.1646,0.0823,0.0411,0.0206,0.0103,failed-vetting,failed-vetting
GRAPE-15 1.0,EMF33_Med2C_limbio,3.5618,2.146,1.073,0.5365,0.2683,0.2012,0.1074,0.2243,3.4953,3.2697,failed-vetting,failed-vetting
GRAPE-15 1.0,EMF33_Med2C_nobeccs,3.5618,2.2686,1.1343,0.5672,0.2992,5.1377,7.026,7.1197,7.0073,6.0635,failed-vetting,failed-vetting
GRAPE-15 1.0,EMF33_Med2C_nofuel,3.5618,2.1466,1.3178,0.6589,0.3295,0.1647,0.0824,0.0412,0.0206,0.0103,failed-vetting,failed-vetting
GRAPE-15 1.0,EMF33_Med2C_none,3.5618,2.2627,1.1314,0.5657,0.296,4.2546,6.7754,7.32,7.0922,6.1502,failed-vetting,failed-vetting
GRAPE-15 1.0,EMF33_WB2C_cost100,3.5618,2.1476,1.1498,0.5749000000000001,0.2874,0.1437,0.0719,0.0359,0.018,0.009,failed-vetting,failed-vetting
GRAPE-15 1.0,EMF33_WB2C_full,3.5618,2.1476,1.1498,0.5749000000000001,0.2874,0.1437,0.0719,0.0359,0.018,0.009,failed-vetting,failed-vetting
GRAPE-15 1.0,EMF33_WB2C_limbio,3.5618,7.0839,3.5419,4.2934,7.5123,9.8685,10.9971,16.1331,16.4381,21.1706,failed-vetting,failed-vetting
GRAPE-15 1.0,EMF33_WB2C_nofuel,3.5618,2.1476,1.1498,0.5749000000000001,0.2874,0.1437,0.0719,0.0359,0.018,0.009,failed-vetting,failed-vetting
GRAPE-15 1.0,EMF33_tax_hi_full,3.5618,2.2021,1.2118,0.6059,0.303,0.1515,0.0757,0.0379,0.0894,0.1396,failed-vetting,failed-vetting
GRAPE-15 1.0,EMF33_tax_hi_none,3.5618,2.1962,1.2079,0.604,0.302,0.151,0.0755,8.3784,13.5719,17.5054,failed-vetting,failed-vetting
GRAPE-15 1.0,EMF33_tax_lo_full,3.5618,2.1458,1.3408,0.6704,0.3352,0.1676,0.0838,0.0419,0.0209,0.0105,failed-vetting,failed-vetting
GRAPE-15 1.0,EMF33_tax_lo_none,3.5618,2.1458,1.3409,0.6704,0.3352,0.1676,0.0838,0.0419,0.021,0.0105,failed-vetting,failed-vetting
IEA Energy Technology Perspectives Model 2020,B2DS,3.558300533246641,2.82492,1.326143461431915,0.5817402168354001,0.5684292943131825,0.3087122736885338,0.0012631414185575,1.8552840132117032,1.7468998591689557,1.6286608853614093,no-climate-assessment,no-climate-assessment
IMACLIM 1.1,ADVANCE_2020_1.5C-2100_WP6,1.112,0.6882,0.3747,0.0183,0.0,2.0941392227748548,1.976037528090142,1.8552840132117032,1.7468998591689557,1.6286608853614093,no-climate-assessment,no-climate-assessment
IMACLIM 1.1,ADVANCE_2020_Med2C_WP6,1.112,0.3937,0.1326,0.0260399999999999,0.01269,2.0941392227748548,1.976037528090142,1.8552840132117032,1.7468998591689557,1.6286608853614093,failed-vetting,failed-vetting
IMACLIM 1.1,ADVANCE_2020_WB2C_WP6,1.112,0.5133,0.2599,0.03743,0.001439,2.0941392227748548,1.976037528090142,1.8552840132117032,1.7468998591689557,1.6286608853614093,no-climate-assessment,no-climate-assessment
IMACLIM 1.1,ADVANCE_2030_Med2C_WP6,1.112,0.335,0.0879799999999999,0.06666,0.03906,2.0941392227748548,1.976037528090142,1.8552840132117032,1.7468998591689557,1.6286608853614093,failed-vetting,failed-vetting
IMACLIM 1.1,ADVANCE_2030_Price1.5C_WP6,1.112,0.335,0.1234,0.08288,0.02746,2.0941392227748548,1.976037528090142,1.8552840132117032,1.7468998591689557,1.6286608853614093,failed-vetting,failed-vetting
IMACLIM 1.1,ADVANCE_2030_WB2C_WP6,1.112,0.335,0.1121,0.09713,0.01986,2.0941392227748548,1.976037528090142,1.8552840132117032,1.7468998591689557,1.6286608853614093,failed-vetting,failed-vetting
IMACLIM 1.1,ADVANCE_INDC_WP6,1.112,0.3351,0.08472,0.01519,0.01119,2.0941392227748548,1.976037528090142,1.8552840132117032,1.7468998591689557,1.6286608853614093,failed-vetting,failed-vetting
IMACLIM 1.1,ADVANCE_NoPolicy_WP6,1.115,0.3427,0.07262,0.01457,0.0143,2.0941392227748548,1.976037528090142,1.8552840132117032,1.7468998591689557,1.6286608853614093,no-climate-assessment,no-climate-assessment
IMACLIM 1.1,ADVANCE_Reference_WP6,1.112,0.3364,0.07171,0.01481,0.0130199999999999,2.0941392227748548,1.976037528090142,1.8552840132117032,1.7468998591689557,1.6286608853614093,failed-vetting,failed-vetting
IMACLIM 1.1,SSP1_NoPolicy_TranspBase,1.083,0.3316,0.07107,0.01491,0.01419,0.004096,0.001905,0.001629,1.7468998591689557,1.6286608853614093,no-climate-assessment,no-climate-assessment
IMACLIM 1.1,SSP1_NoPolicy_TranspOpt,1.084,0.3389,0.07782,0.02745,0.02905,0.01681,0.008916,0.003942,1.7468998591689557,1.6286608853614093,no-climate-assessment,no-climate-assessment
IMACLIM 1.1,SSP1_RCP34_TranspBase,1.107,0.4196,0.08259,0.0116,0.0067569999999999,0.000215,2.503e-05,1.8552840132117032,1.7468998591689557,1.6286608853614093,failed-vetting,failed-vetting
IMACLIM 1.1,SSP1_RCP34_TranspOpt,1.13,0.4529999999999999,0.08744,0.0158199999999999,0.0101599999999999,0.0034939999999999,0.0001503,2.134e-05,1.7468998591689557,1.6286608853614093,failed-vetting,failed-vetting
IMACLIM 1.1,SSP1_RCP45_TranspBase,1.098,0.3799,0.06636,0.01091,0.006547,0.00472,0.0041659999999999,0.0005942,1.7468998591689557,1.6286608853614093,failed-vetting,failed-vetting
IMACLIM 1.1,SSP1_RCP45_TranspOpt,1.119,0.4037,0.0729399999999999,0.0200599999999999,0.01672,0.01056,0.006924,0.001425,1.7468998591689557,1.6286608853614093,failed-vetting,failed-vetting
IMACLIM 1.1,SSP3_NoPolicy_TranspBase,1.121,0.3608,0.08372,0.02508,0.02816,0.01875,0.01668,0.01424,1.7468998591689557,1.6286608853614093,no-climate-assessment,no-climate-assessment
IMACLIM 1.1,SSP3_NoPolicy_TranspOpt,1.139,0.3627,0.08878,0.03298,0.03662,0.0272199999999999,0.02364,0.02069,1.7468998591689557,1.6286608853614093,no-climate-assessment,no-climate-assessment
IMACLIM 1.1,SSP3_NoPolicy_Transp_111,1.088,0.329,0.07448,0.02208,0.02193,0.01282,0.008861,0.005365,1.7468998591689557,1.6286608853614093,no-climate-assessment,no-climate-assessment
IMACLIM 1.1,SSP3_NoPolicy_Transp_112,1.088,0.329,0.07486,0.02289,0.0229,0.01357,0.009014,0.004452,1.7468998591689557,1.6286608853614093,no-climate-assessment,no-climate-assessment
IMACLIM 1.1,SSP3_NoPolicy_Transp_121,1.089,0.3468,0.0764,0.02526,0.02489,0.01594,0.01145,0.007543,1.7468998591689557,1.6286608853614093,no-climate-assessment,no-climate-assessment
IMACLIM 1.1,SSP3_NoPolicy_Transp_211,1.088,0.3293,0.07598,0.02401,0.02396,0.01495,0.0114,0.007843,1.7468998591689557,1.6286608853614093,no-climate-assessment,no-climate-assessment
IMACLIM 1.1,SSP3_NoPolicy_Transp_222,1.092,0.347,0.07807,0.02681,0.02676,0.0181,0.01429,0.01007,1.7468998591689557,1.6286608853614093,no-climate-assessment,no-climate-assessment
IMACLIM 1.1,SSP3_RCP26_Transp_111,1.08,0.4155,0.1845,0.02255,0.008103,2.0941392227748548,1.976037528090142,1.8552840132117032,1.7468998591689557,1.6286608853614093,no-climate-assessment,no-climate-assessment
IMACLIM 1.1,SSP3_RCP26_Transp_112,1.08,0.4158,0.1863,0.02311,0.00837,2.0941392227748548,1.976037528090142,1.8552840132117032,1.7468998591689557,1.6286608853614093,no-climate-assessment,no-climate-assessment
IMACLIM 1.1,SSP3_RCP26_Transp_121,1.082,0.4275,0.1868,0.0241,0.008739,4.77e-06,1.976037528090142,1.8552840132117032,1.7468998591689557,1.6286608853614093,no-climate-assessment,no-climate-assessment
IMACLIM 1.1,SSP3_RCP26_Transp_211,1.081,0.4198,0.1902,0.02454,0.008686,0.0,1.976037528090142,1.8552840132117032,1.7468998591689557,1.6286608853614093,no-climate-assessment,no-climate-assessment
IMACLIM 1.1,SSP3_RCP26_Transp_222,1.087,0.4595,0.1944,0.02592,0.009241,2.896e-05,1.976037528090142,1.8552840132117032,1.7468998591689557,1.6286608853614093,no-climate-assessment,no-climate-assessment
IMACLIM 1.1,SSP3_RCP34_TranspBase,1.111,0.3904,0.08653,0.01571,0.0128,0.006057,0.004413,5.247e-05,1.7468998591689557,1.6286608853614093,failed-vetting,failed-vetting
IMACLIM 1.1,SSP3_RCP34_TranspOpt,1.135,0.4098,0.09076,0.02133,0.01793,0.008258,0.006598,0.00057,1.7468998591689557,1.6286608853614093,failed-vetting,failed-vetting
IMACLIM 1.1,SSP3_RCP34_Transp_111,1.081,0.3536,0.07165,0.0115,0.0101,0.005283,0.003212,0.000217,1.7468998591689557,1.6286608853614093,no-climate-assessment,no-climate-assessment
IMACLIM 1.1,SSP3_RCP34_Transp_112,1.081,0.3538,0.07312,0.01215,0.01078,0.005687,0.003609,0.0001811,1.7468998591689557,1.6286608853614093,no-climate-assessment,no-climate-assessment
IMACLIM 1.1,SSP3_RCP34_Transp_121,1.083,0.3634,0.06762,0.01412,0.0124,0.006402,0.003873,0.0002679,1.7468998591689557,1.6286608853614093,no-climate-assessment,no-climate-assessment
IMACLIM 1.1,SSP3_RCP34_Transp_211,1.082,0.3715,0.07338,0.013,0.01164,0.006212,0.004021,0.0003263,1.7468998591689557,1.6286608853614093,no-climate-assessment,no-climate-assessment
IMACLIM 1.1,SSP3_RCP34_Transp_222,1.087,0.3608,0.06982,0.01649,0.01476,0.00787,0.004888,0.0008984,1.7468998591689557,1.6286608853614093,no-climate-assessment,no-climate-assessment
IMACLIM 1.1,SSP3_RCP45_TranspBase,1.106,0.3456,0.07647,0.01889,0.01877,0.01217,0.008245,0.004115,1.7468998591689557,1.6286608853614093,failed-vetting,failed-vetting
IMACLIM 1.1,SSP3_RCP45_TranspOpt,1.124,0.3608,0.08267,0.02691,0.02737,0.01831,0.01226,0.0067849999999999,1.7468998591689557,1.6286608853614093,failed-vetting,failed-vetting
IMACLIM 1.1,SSP3_RCP45_Transp_111,1.081,0.3216,0.07384,0.02315,0.02051,0.01044,0.005264,0.003402,1.7468998591689557,1.6286608853614093,no-climate-assessment,no-climate-assessment
IMACLIM 1.1,SSP3_RCP45_Transp_112,1.081,0.3217,0.07414,0.02418,0.02209,0.01167,0.005721,0.003351,1.7468998591689557,1.6286608853614093,no-climate-assessment,no-climate-assessment
IMACLIM 1.1,SSP3_RCP45_Transp_121,1.083,0.3233,0.07591,0.02564,0.02404,0.0125,0.006736,0.002992,1.7468998591689557,1.6286608853614093,no-climate-assessment,no-climate-assessment
IMACLIM 1.1,SSP3_RCP45_Transp_211,1.082,0.323,0.07499,0.0239,0.02216,0.01163,0.006524,0.003348,1.7468998591689557,1.6286608853614093,no-climate-assessment,no-climate-assessment
IMACLIM 1.1,SSP3_RCP45_Transp_222,1.088,0.325,0.07814,0.02748,0.02645,0.0147,0.008438,0.004172,1.7468998591689557,1.6286608853614093,no-climate-assessment,no-climate-assessment
IMACLIM 1.1,base_DemandHigh_FossilHigh_TechHigh,1.086,0.3873,0.07085,0.01372,0.01622,2.0941392227748548,1.976037528090142,1.8552840132117032,1.7468998591689557,1.6286608853614093,failed-vetting,failed-vetting
IMACLIM 1.1,base_DemandHigh_FossilLow_TechHigh,1.118,0.3958,0.06309,0.01029,0.01091,2.0941392227748548,1.976037528090142,1.8552840132117032,1.7468998591689557,1.6286608853614093,failed-vetting,failed-vetting
IMACLIM 1.1,base_DemandHigh_FossilLow_TechLow,1.086,0.3946,0.06999,0.01951,0.03013,2.0941392227748548,1.976037528090142,1.8552840132117032,1.7468998591689557,1.6286608853614093,no-climate-assessment,no-climate-assessment
IMACLIM 1.1,base_DemandLow_FossilHigh_TechHigh,1.108,0.4045,0.0639,0.00857,0.008212,2.0941392227748548,1.976037528090142,1.8552840132117032,1.7468998591689557,1.6286608853614093,failed-vetting,failed-vetting
IMACLIM 1.1,base_DemandLow_FossilHigh_TechLow,1.079,0.3986,0.07199,0.01445,0.01728,2.0941392227748548,1.976037528090142,1.8552840132117032,1.7468998591689557,1.6286608853614093,no-climate-assessment,no-climate-assessment
IMACLIM 1.1,base_DemandLow_FossilLow_TechHigh,1.108,0.4049,0.06336,0.009123,0.008708,2.0941392227748548,1.976037528090142,1.8552840132117032,1.7468998591689557,1.6286608853614093,failed-vetting,failed-vetting
IMACLIM 1.1,base_DemandLow_FossilLow_TechLow,1.079,0.3959,0.07067,0.01634,0.02616,2.0941392227748548,1.976037528090142,1.8552840132117032,1.7468998591689557,1.6286608853614093,no-climate-assessment,no-climate-assessment
IMACLIM 1.1,peak2016_DemandHigh_FossilHigh_TechHigh,1.074,0.5342,0.161,0.02292,0.00232,2.0941392227748548,1.976037528090142,1.8552840132117032,1.7468998591689557,1.6286608853614093,failed-vetting,failed-vetting
IMACLIM 1.1,peak2016_DemandHigh_FossilLow_TechHigh,1.076,0.5634,0.165,0.02332,0.0009949,2.0941392227748548,1.976037528090142,1.8552840132117032,1.7468998591689557,1.6286608853614093,failed-vetting,failed-vetting
IMACLIM 1.1,peak2016_DemandHigh_FossilLow_TechLow,1.11,0.5357,0.1253,0.01061,0.002018,2.0941392227748548,1.976037528090142,1.8552840132117032,1.7468998591689557,1.6286608853614093,failed-vetting,failed-vetting
IMACLIM 1.1,peak2016_DemandLow_FossilHigh_TechHigh,1.107,0.4854,0.1141,0.0163099999999999,0.002681,2.0941392227748548,1.976037528090142,1.8552840132117032,1.7468998591689557,1.6286608853614093,failed-vetting,failed-vetting
IMACLIM 1.1,peak2016_DemandLow_FossilHigh_TechLow,1.072,0.4917,0.1391,0.02481,0.002605,2.0941392227748548,1.976037528090142,1.8552840132117032,1.7468998591689557,1.6286608853614093,failed-vetting,failed-vetting
IMACLIM 1.1,peak2016_DemandLow_FossilLow_TechHigh,1.108,0.5234,0.1322,0.01684,0.002367,2.0941392227748548,1.976037528090142,1.8552840132117032,1.7468998591689557,1.6286608853614093,failed-vetting,failed-vetting
IMACLIM 1.1,peak2016_DemandLow_FossilLow_TechLow,1.073,0.5296,0.1462,0.0229599999999999,0.001911,2.0941392227748548,1.976037528090142,1.8552840132117032,1.7468998591689557,1.6286608853614093,failed-vetting,failed-vetting
IMACLIM 1.1,peak2020_DemandHigh_FossilHigh_TechHigh,1.074,0.4481,0.1318,0.01457,0.00277,2.0941392227748548,1.976037528090142,1.8552840132117032,1.7468998591689557,1.6286608853614093,failed-vetting,failed-vetting
IMACLIM 1.1,peak2020_DemandHigh_FossilLow_TechHigh,1.11,0.4398,0.1057,0.00822,0.002034,2.0941392227748548,1.976037528090142,1.8552840132117032,1.7468998591689557,1.6286608853614093,failed-vetting,failed-vetting
IMACLIM 1.1,peak2020_DemandHigh_FossilLow_TechLow,1.076,0.4628,0.1366,0.0147099999999999,0.001855,2.0941392227748548,1.976037528090142,1.8552840132117032,1.7468998591689557,1.6286608853614093,failed-vetting,failed-vetting
IMACLIM 1.1,peak2020_DemandLow_FossilHigh_TechHigh,1.107,0.4202,0.09104,0.0104099999999999,0.002362,2.0941392227748548,1.976037528090142,1.8552840132117032,1.7468998591689557,1.6286608853614093,failed-vetting,failed-vetting
IMACLIM 1.1,peak2020_DemandLow_FossilHigh_TechLow,1.072,0.4029999999999999,0.1116,0.01379,0.003036,2.0941392227748548,1.976037528090142,1.8552840132117032,1.7468998591689557,1.6286608853614093,failed-vetting,failed-vetting
IMACLIM 1.1,peak2020_DemandLow_FossilLow_TechHigh,1.108,0.432,0.1036,0.01125,0.002196,2.0941392227748548,1.976037528090142,1.8552840132117032,1.7468998591689557,1.6286608853614093,failed-vetting,failed-vetting
IMACLIM 1.1,peak2020_DemandLow_FossilLow_TechLow,1.073,0.4133,0.1159999999999999,0.01167,0.001737,2.0941392227748548,1.976037528090142,1.8552840132117032,1.7468998591689557,1.6286608853614093,failed-vetting,failed-vetting
IMACLIM 1.1,peak2025_DemandHigh_FossilHigh_TechHigh,1.074,0.4108,0.08231,0.009175,0.002904,2.0941392227748548,1.976037528090142,1.8552840132117032,1.7468998591689557,1.6286608853614093,failed-vetting,failed-vetting
IMACLIM 1.1,peak2025_DemandHigh_FossilLow_TechHigh,1.11,0.3919,0.0705799999999999,0.006818,0.0023239999999999,2.0941392227748548,1.976037528090142,1.8552840132117032,1.7468998591689557,1.6286608853614093,failed-vetting,failed-vetting
IMACLIM 1.1,peak2025_DemandHigh_FossilLow_TechLow,1.076,0.4264,0.0832,0.01005,0.002404,2.0941392227748548,1.976037528090142,1.8552840132117032,1.7468998591689557,1.6286608853614093,failed-vetting,failed-vetting
IMACLIM 1.1,peak2025_DemandLow_FossilHigh_TechHigh,1.107,0.3914,0.06547,0.009368,0.002993,2.0941392227748548,1.976037528090142,1.8552840132117032,1.7468998591689557,1.6286608853614093,failed-vetting,failed-vetting
IMACLIM 1.1,peak2025_DemandLow_FossilHigh_TechLow,1.072,0.3833,0.07436,0.01117,0.00385,2.0941392227748548,1.976037528090142,1.8552840132117032,1.7468998591689557,1.6286608853614093,failed-vetting,failed-vetting
IMACLIM 1.1,peak2025_DemandLow_FossilLow_TechHigh,1.108,0.3778,0.0697,0.01166,0.004143,2.0941392227748548,1.976037528090142,1.8552840132117032,1.7468998591689557,1.6286608853614093,failed-vetting,failed-vetting
IMACLIM-NLU 1.0,EMF33_Baseline,1.084,0.3174,0.04589,0.01099,0.01311,0.006028,0.004583,0.002424,0.001284,0.001588,no-climate-assessment,no-climate-assessment
IMACLIM-NLU 1.0,EMF33_tax_hi_none,1.084,0.3174,0.03958,0.006931999999999,0.008204,0.002393,0.001588,8.345999999999998e-07,0.0,0.0,failed-vetting,failed-vetting
IMACLIM-NLU 1.0,EMF33_tax_lo_none,1.084,0.3174,0.04575,0.01048,0.01219,0.003023999999999,0.002317,0.0002078,3.368e-05,1.648e-05,failed-vetting,failed-vetting
IMAGE 3.0,CO_2Deg2020,3.495148096,3.766188983669922,1.848391115375,0.6158106825937499,0.070096055,0.0361492578125,0.03908302740625,0.0288920588984375,0.025494366125,0.029329248,C3,C3: limit warming to 2°C (>67%)
IMAGE 3.0,CO_2Deg2030,3.495148096,3.767667814070313,1.628945039,3.249568394125,0.0455875995324369,0.0239470761677966,0.028400116142855,0.0224113577188577,0.024536657485325,0.0244613868949726,C3,C3: limit warming to 2°C (>67%)
IMAGE 3.0,CO_BAU,3.495137088,3.34537157859375,0.674503472,0.307125106,0.091374794,0.036835184,0.033770760125,0.024703121890625,0.0137845201414635,0.0041199061560155,C7,C7: limit warming to 4°C (>50%)
IMAGE 3.0,CO_Bridge,3.4951368,3.186371420539063,1.82493984090625,2.775086338117188,0.050419864,0.02315880459375,0.023850774625,0.0187234268884277,0.0233401818447265,0.0254356768789062,C3,C3: limit warming to 2°C (>67%)
IMAGE 3.0,CO_CurPol,3.495148096,3.789526767830079,1.587971114,0.5643126580000001,0.077928484,0.0278420294804687,0.0268576001665208,0.0187292301875291,0.0103258275897983,0.003515696001993,C7,C7: limit warming to 4°C (>50%)
IMAGE 3.0,CO_GPP,3.4951368,3.186371420539063,1.82493984090625,0.7068563920000001,0.06959899603125,0.03287264,0.026293939,0.016632937,0.011001885,0.006370746125,C5,C5: limit warming to 2.5°C (>50%)
IMAGE 3.0,CO_NDCplus,3.495148096,3.791525025049805,1.6292566595,0.575491886,0.09224584,0.0384216110097656,0.03274682,0.021703272,0.0135214817202148,0.006320741,C7,C7: limit warming to 4°C (>50%)
IMAGE 3.0,EN_INDCi2030_1000,3.495195776,3.759639295490234,1.598143495453125,2.502267605875,0.068004106,0.028076962,0.028145021203125,0.0241977255,0.0182075438368517,0.016877060377632,C4,C4: limit warming to 2°C (>50%)
IMAGE 3.0,EN_INDCi2030_1000f,3.495195776,3.759639295490234,1.590961109046875,0.510057587,0.263438712,0.020672853,0.0206541970625,0.0202976868730468,0.021856798902832,0.019000424512207,C4,C4: limit warming to 2°C (>50%)
IMAGE 3.0,EN_INDCi2030_1200,3.495195776,3.759639295490234,1.591481552179688,0.7366634668750001,0.07720555790625,0.0252047454101562,0.0216672655195312,0.0182555580800781,0.015585675,0.015851684,C4,C4: limit warming to 2°C (>50%)
IMAGE 3.0,EN_INDCi2030_1200f,3.495195776,3.759639295490234,1.590961109046875,0.5815845891875,0.2204410328125,0.0080758417304687,0.01010360309375,0.01102919025,0.0110352474765625,0.01180066290625,C4,C4: limit warming to 2°C (>50%)
IMAGE 3.0,EN_INDCi2030_1400,3.495195776,3.759639295490234,1.591434251953125,0.513818856,0.1744773786639852,0.0133930793709473,0.0104835856842327,0.0078499484662705,0.008960639,0.013252775320602,C5,C5: limit warming to 2.5°C (>50%)
IMAGE 3.0,EN_INDCi2030_1400f,3.495195776,3.759639295490234,1.590961109046875,0.5836831133125,0.420343776703125,0.007319908,0.0060040521875,0.0053020303125,0.00569408440625,0.008341769203125,C4,C4: limit warming to 2°C (>50%)
IMAGE 3.0,EN_INDCi2030_3000,3.495195776,3.759639295490234,1.590961109046875,0.5962044879999999,0.090619901,0.0371805103691406,0.03054084,0.020273162,0.012442454,0.004682841,C6,C6: limit warming to 3°C (>50%)
IMAGE 3.0,EN_INDCi2030_3000f,3.495195776,3.759639295490234,1.590961109046875,0.5962044879999999,0.090619901,0.0371805103691406,0.03054084,0.020273162,0.012442454,0.004682841,C6,C6: limit warming to 3°C (>50%)
IMAGE 3.0,EN_INDCi2030_800f,3.495195776,3.759639295490234,1.590961109046875,2.484889146375,0.0603258752759825,0.0237781749637644,0.0309436674320098,0.0282620100707564,0.0214096607847058,0.0219160679641251,C3,C3: limit warming to 2°C (>67%)
IMAGE 3.0,EN_INDCi2100,3.495195776,3.759639295490234,1.5918882491875,0.5668212880000001,0.09142805,0.0356263961425781,0.0304906500002386,0.02110814,0.0122157780390625,0.0056136750205543,C7,C7: limit warming to 4°C (>50%)
IMAGE 3.0,EN_NPi2020_1000,3.495195776,3.75878367421875,1.849464652,1.040074457,0.073098161,0.036252029703125,0.0263381973125,0.0215627103125,0.0158329570034157,0.015289409,C3,C3: limit warming to 2°C (>67%)
IMAGE 3.0,EN_NPi2020_1000f,3.495195776,3.76023475390625,1.75661864,0.5373488433984376,0.08776325,0.04438855,0.0209461622675781,0.0153228692285156,0.0141277330260342,0.012431919184688,C3,C3: limit warming to 2°C (>67%)
IMAGE 3.0,EN_NPi2020_1200,3.495195776,3.759225790492188,1.666739637,0.8880343740000001,0.0760250833611496,0.02992632006162,0.017296856244762,0.0122367291383623,0.010405376,0.012903631049488,C4,C4: limit warming to 2°C (>50%)
IMAGE 3.0,EN_NPi2020_1200f,3.495195776,3.7596303893125,1.773225284,0.536672441125,0.086928873875,0.038807978625,0.02370506,0.01601367,0.012829054,0.00974156,C4,C4: limit warming to 2°C (>50%)
IMAGE 3.0,EN_NPi2020_1400,3.495195776,3.758837824,1.685246775,0.7818618380000001,0.30867975,0.0222873301698993,0.0132504298569309,0.0089683257920248,0.0099670260754345,0.010822277075514,C4,C4: limit warming to 2°C (>50%)
IMAGE 3.0,EN_NPi2020_1400f,3.495195776,3.758764573796874,1.768976036,0.736312058,0.3606553850213594,0.0285677296992278,0.0180102387073487,0.0124937407176785,0.0110418312002772,0.0084272222227229,C4,C4: limit warming to 2°C (>50%)
IMAGE 3.0,EN_NPi2020_3000,3.495195776,3.707294831348633,1.306216282800781,0.484895644,0.086744036,0.0332024136699218,0.029195752,0.019837292,0.011275986,0.0041680388124999,C6,C6: limit warming to 3°C (>50%)
IMAGE 3.0,EN_NPi2020_3000f,3.495195776,3.707294831348633,1.306216282800781,0.484895644,0.086744036,0.0332024136699218,0.029195752,0.019837292,0.011275986,0.0041680388124999,C6,C6: limit warming to 3°C (>50%)
IMAGE 3.0,EN_NPi2020_600f,3.495195776,3.76540639690625,1.409758984,0.940589394,0.0834795953671875,0.04788327859375,0.0260361943415527,0.0209458664919433,0.0221680070322265,0.02300526415625,C3,C3: limit warming to 2°C (>67%)
IMAGE 3.0,EN_NPi2020_800,3.495195776,3.76128245909375,1.698688667375,2.286994300034987,0.080487578143175,0.0458927923682998,0.0297478025899777,0.0240800798253466,0.021608282127071,0.0250397281377978,C3,C3: limit warming to 2°C (>67%)
IMAGE 3.0,EN_NPi2020_800f,3.495195776,3.76023475390625,1.764901947,0.7625248735937501,0.089439936,0.0413153243125,0.021597443625,0.0163568848125,0.0150012086875,0.01534525659375,C3,C3: limit warming to 2°C (>67%)
IMAGE 3.0,EN_NPi2100,3.495195776,3.75903663725,1.559837502,0.54527979,0.0807876230081484,0.0287149756025227,0.0268166617844339,0.0157165816724859,0.008889617443096,0.0024735870001743,C7,C7: limit warming to 4°C (>50%)
IMAGE 3.0,EN_NoPolicy,3.495137088,3.34537157859375,0.674503472,0.307125106,0.091374794,0.036835184,0.033770760125,0.024703121890625,0.0137845201414635,0.0041199061560155,C7,C7: limit warming to 4°C (>50%)
IMAGE 3.0.1,ADVANCE_2020_1.5C-2100,3.494396288,3.8486941178125,2.14290389,2.139063932,0.075636023,0.033474084,0.027959502250976,0.029509276154052,0.031300641475097,0.040261378679687,C2,C2: return warming to 1.5°C (>50%) after a high overshoot
IMAGE 3.0.1,ADVANCE_2020_Med2C,3.494331008,3.86501706340625,1.276224082875,1.022776211375,0.066613937194702,0.0218341994531,0.018646203,0.014713657125,0.014283845,0.012793661,C4,C4: limit warming to 2°C (>50%)
IMAGE 3.0.1,ADVANCE_2020_WB2C,3.494331008,3.84142899521582,1.96089725740039,1.929205611448969,0.082399822265881,0.045358734,0.0448554572617179,0.040642975539062,0.03355793375,0.021152252679687,C3,C3: limit warming to 2°C (>67%)
IMAGE 3.0.1,ADVANCE_2030_Med2C,3.494331008,3.851628274625,1.138423945019389,0.376042707,0.148112328,0.022909478515014,0.026787365093749,0.025366731449218,0.02529775761914,0.022087082823908,C4,C4: limit warming to 2°C (>50%)
IMAGE 3.0.1,ADVANCE_2030_WB2C,3.494331008,3.8082332446875,1.581325721,2.082914194,0.21173581846875,0.032314678289101,0.029302149944091,0.027908761166992,0.024413666313964,0.025362895460937,C3,C3: limit warming to 2°C (>67%)
IMAGE 3.0.1,ADVANCE_INDC,3.494331008,3.851628274625,1.125612955999999,0.374445635429688,0.103643694,0.042954121,0.0369685,0.027075650703125,0.018252794898437,0.01232916305957,C6,C6: limit warming to 3°C (>50%)
IMAGE 3.0.1,ADVANCE_NoPolicy,3.494293983999999,3.4502015658125,1.141130218,0.271567826,0.084356809,0.038143542999999,0.03459381609375,0.025982897390625,0.014696919701171,0.00369929028894,C7,C7: limit warming to 4°C (>50%)
IMAGE 3.0.1,ADVANCE_Reference,3.494331008,3.851808052375,1.16707347,0.30431334,0.104698976,0.053502928,0.041446254,0.029931267101562,0.017991362949218,0.007335796188964,C7,C7: limit warming to 4°C (>50%)
IMAGE 3.0.1,CD-LINKS_INDC2030i_1600,3.494820096,3.39437507640625,1.0246788025,0.6108466220000001,0.226107352273438,0.03448264198493,0.024039454399859,0.021226512555541,0.014845344296875,0.013145159339843,C4,C4: limit warming to 2°C (>50%)
IMAGE 3.0.1,CD-LINKS_INDCi,3.49482,3.41473009999414,1.044598297,0.3694114129999989,0.098087015,0.051305342999999,0.02500373521875,0.016358419350215,0.013585943222976,0.005113640167206,C7,C7: limit warming to 4°C (>50%)
IMAGE 3.0.1,CD-LINKS_NDC2030i_1000,3.494820096,3.3969628606875,1.141536679,1.575580303,0.295173159078124,0.043057309070312,0.036609144631835,0.033078852988769,0.026847889483886,0.020174156678222,C3,C3: limit warming to 2°C (>67%)
IMAGE 3.0.1,CD-LINKS_NPi,3.494820096,3.372825630406249,1.03028938,0.304347644,0.090847868,0.036489759,0.02490600048039,0.016414192286598,0.010832040135851,0.003570769002364,C7,C7: limit warming to 4°C (>50%)
IMAGE 3.0.1,CD-LINKS_NPi2020_1000,3.494820096,3.38081846629687,0.7130619116201171,1.73258157549902,0.1904865193252961,0.05930799,0.029194525289062,0.024855648689453,0.019893490609375,0.018727455777832,C3,C3: limit warming to 2°C (>67%)
IMAGE 3.0.1,CD-LINKS_NPi2020_1600,3.494820096,3.38340701409375,0.9731688784951172,0.8948658971464841,0.092791859762983,0.030406730409305,0.015017069499999,0.012154129,0.00917742459375,0.009539337512207,C4,C4: limit warming to 2°C (>50%)
IMAGE 3.0.1,CD-LINKS_NPi2020_400,3.494883999999999,3.406687616,1.92820629643945,1.62460937569922,0.08459781,0.04103899,0.027439389833007,0.024644524532226,0.016954974888183,0.020972295449218,C2,C2: return warming to 1.5°C (>50%) after a high overshoot
IMAGE 3.0.1,CD-LINKS_NoPolicy,3.49482048,3.474393034312499,1.155898962,0.30599057,0.085631526,0.03710576,0.0333633175,0.024694377019531,0.013731730531357,0.003802908599905,C7,C7: limit warming to 4°C (>50%)
IMAGE 3.0.1,EMF30_BCOC-EndU,3.494616992,3.635500318874999,1.262454208,0.30234316,0.088412686375,0.03594296890625,0.032203741203125,0.024333579519531,0.01365459019323,0.003424478283432,C7,C7: limit warming to 4°C (>50%)
IMAGE 3.0.1,EMF30_Baseline,3.494616992,3.635500318874999,1.25547926,0.30365959,0.088716723125,0.03642764,0.0326411435,0.024659582730468,0.01386364,0.003415413,C7,C7: limit warming to 4°C (>50%)
IMAGE 3.0.1,EMF30_CH4-Only,3.494616992,3.635500318874999,1.25547926,0.30365959,0.088716723125,0.03642764,0.0326411435,0.024659582730468,0.01386364,0.003415413,C7,C7: limit warming to 4°C (>50%)
IMAGE 3.0.1,EMF30_ClimPolicy,3.494616576,2.984340617885068,1.680705979703129,0.47608195578125,0.075730800950195,0.024596273490234,0.018933786926757,0.021892577131562,0.023815283949218,0.022726909335937,C3,C3: limit warming to 2°C (>67%)
IMAGE 3.0.1,EMF30_ClimPolicy+SLCF,3.494616576,2.984340617885068,1.688796765796879,0.472108101898437,0.074802968049804,0.023714948890625,0.018283534943359,0.021315413348229,0.022436111080078,0.021734893222656,C3,C3: limit warming to 2°C (>67%)
IMAGE 3.0.1,EMF30_D_BCOC-Red,3.494616992,3.635500318874999,1.25547926,0.30365959,0.088716723125,0.03642764,0.0326411435,0.024659582730468,0.01386364,0.003415413,C7,C7: limit warming to 4°C (>50%)
IMAGE 3.0.1,EMF30_D_CH4-ClimPolicy,3.494616992,3.635500318874999,1.25547926,0.30365959,0.088716723125,0.03642764,0.0326411435,0.024659582730468,0.01386364,0.003415413,C7,C7: limit warming to 4°C (>50%)
IMAGE 3.0.1,EMF30_D_CO2-Only,3.494616576,2.984340617885068,1.680705979703129,0.47608195578125,0.075730800950195,0.024596273490234,0.018933786926757,0.021892577131562,0.023815283949218,0.022726909335937,C5,C5: limit warming to 2.5°C (>50%)
IMAGE 3.0.1,EMF30_D_Frozen-CH4,3.494616992,3.635500318874999,1.25547926,0.30365959,0.088716723125,0.03642764,0.0326411435,0.024659582730468,0.01386364,0.003415413,C7,C7: limit warming to 4°C (>50%)
IMAGE 3.0.1,EMF30_D_Frozen-EF,3.494616992,3.635500318874999,1.25547926,0.30365959,0.088716723125,0.03642764,0.0326411435,0.024659582730468,0.01386364,0.003415413,C7,C7: limit warming to 4°C (>50%)
IMAGE 3.0.1,EMF30_D_Frozen-EF-EndU,3.494616992,3.635500318874999,1.25547926,0.30365959,0.088716723125,0.03642764,0.0326411435,0.024659582730468,0.01386364,0.003415413,C7,C7: limit warming to 4°C (>50%)
IMAGE 3.0.1,EMF30_D_Frozen-EF-SLCF,3.494616992,3.635500318874999,1.25547926,0.30365959,0.088716723125,0.03642764,0.0326411435,0.024659582730468,0.01386364,0.003415413,C7,C7: limit warming to 4°C (>50%)
IMAGE 3.0.1,EMF30_SLCF,3.494616992,3.635500318874999,1.262454208,0.30234316,0.088412686375,0.03594296890625,0.032203741203125,0.024333579519531,0.01365459019323,0.003424478283432,C7,C7: limit warming to 4°C (>50%)
IMAGE 3.0.1,EMF30_Slower-Action,3.49468528,3.68231814457402,0.928758637591888,0.383487474709808,0.126538747789703,0.055326001762182,0.044158587874999,0.030274384336914,0.01680152,0.006152001,C6,C6: limit warming to 3°C (>50%)
IMAGE 3.0.1,EMF30_Slower-Action+SLCF,3.49468528,3.68231814457402,0.931581317591888,0.3832786147096861,0.126475936789703,0.055022906762236,0.043954886875,0.030198730765136,0.016671390991708,0.005991117621769,C6,C6: limit warming to 3°C (>50%)
IMAGE 3.0.1,EMF30_Slower-to-faster,3.494672799999999,3.764919871499999,1.132072785,0.769455867,0.278521400875,0.0378923081875,0.04293888459375,0.038943244417968,0.0394443684521479,0.034571737990234,C4,C4: limit warming to 2°C (>50%)
IMAGE 3.0.1,EMF30_Slower-to-faster+SLCF,3.494672799999999,3.764919871499999,1.139868498,0.76698747,0.277978321625,0.0376674731875,0.042962548796875,0.038851247488769,0.036708829188964,0.034628625200195,C3,C3: limit warming to 2°C (>67%)
IMAGE 3.0.1,EMF30_Slower-to-faster+SLCF+HFC,3.494672799999999,3.764919871499999,1.139868498,0.76698747,0.277978321625,0.0376674731875,0.042962548796875,0.038851247488769,0.036708829188964,0.034628625200195,C3,C3: limit warming to 2°C (>67%)
IMAGE 3.0.1,IMA15-AGInt,3.494352703999998,2.48182606468945,2.64240089909717,1.05908071960889,0.0762080435,0.034213936,0.024364405770996,0.018210938137939,0.012177053408935,0.01082150653955,failed-vetting,failed-vetting
IMAGE 3.0.1,IMA15-Def,3.494352703999998,2.48181006467969,2.61223697358594,1.06292853767712,0.06950137840625,0.026359433999999,0.021146563273925,0.021807143682128,0.024058623938964,0.029511590668945,failed-vetting,failed-vetting
IMAGE 3.0.1,IMA15-Eff,3.494347296,2.45587172,2.47086967811011,1.06844765668433,0.073820272999999,0.027304582,0.020246401783874,0.017488917623989,0.014708320412109,0.016757985259765,failed-vetting,failed-vetting
IMAGE 3.0.1,IMA15-LiStCh,3.494495296,2.41597745012695,2.62007872491758,1.11155297186371,0.056678161640625,0.022574372,0.015192252123046,0.012235747917968,0.014686470781005,0.018064531075195,failed-vetting,failed-vetting
IMAGE 3.0.1,IMA15-LoNCO2,3.494352703999998,2.48182606468945,2.64240303209717,1.06909567753583,0.0661540028125,0.030215122,0.021183569062011,0.016793205342529,0.018738760754882,0.023170443565918,failed-vetting,failed-vetting
IMAGE 3.0.1,IMA15-Pop,3.494350208,2.47860747016016,2.67874445744171,0.9923251020528032,0.08059782,0.037678647999999,0.030276724017089,0.0266865325,0.019947847981933,0.02397280123291,failed-vetting,failed-vetting
IMAGE 3.0.1,IMA15-RenElec,3.493806208,2.56793553620996,2.379435896,0.307902544,0.05565876,0.03783679059375,0.0339175521010739,0.031571098990966,0.040941532667968,0.041927322240234,failed-vetting,failed-vetting
IMAGE 3.0.1,IMA15-TOT,3.493944288,2.61850614620313,1.605881674,0.5243715330000001,0.048706693688964,0.036358372210937,0.0341806277988279,0.025806117792968,0.024813784705078,0.024374994320312,failed-vetting,failed-vetting
IMAGE 3.0.1,SSP1-19,3.494210176,2.572982609310549,4.572377612,0.3890313110000001,0.070738128,0.061975922625,0.073029903947997,0.068761832195068,0.054052756636962,0.042083927117919,failed-vetting,failed-vetting
IMAGE 3.0.1,SSP1-26,3.4942104,3.3327112978125,2.41290515,1.117634269875,0.090502491999999,0.0329297416777339,0.025100033523437,0.017576541792907,0.007763999652042,0.008088438125,C3,C3: limit warming to 2°C (>67%)
IMAGE 3.0.1,SSP1-34,3.4942104,3.49900431839844,2.504109244,1.054864816,0.12418816,0.0475608701875,0.0304426563125,0.021504606155822,0.009308121640625,0.005388114875,C5,C5: limit warming to 2.5°C (>50%)
IMAGE 3.0.1,SSP1-45,3.4942104,3.48007468989844,2.51978244,0.947333992,0.126792588,0.0336997366875,0.030823442125,0.020972295466888,0.013530923,0.006371103146024,C6,C6: limit warming to 3°C (>50%)
IMAGE 3.0.1,SSP1-Baseline,3.4942104,3.496887651796879,2.49900972,0.830612192,0.13052928,0.0298487371875,0.0271917768125,0.018617178089843,0.011529550072842,0.005115686055775,C7,C7: limit warming to 4°C (>50%)
IMAGE 3.0.1,SSP2-26,3.494307392,3.09638163390625,1.266272694,1.143732242,0.091238466999999,0.050152616,0.043246976220703,0.045324424480468,0.042254154030273,0.034227260018066,C3,C3: limit warming to 2°C (>67%)
IMAGE 3.0.1,SSP2-34,3.494307392,3.25402980140625,1.365224936999999,0.361338094,0.106728903213013,0.032527427105194,0.022412024612569,0.016519307,0.015105390375,0.014887705625,C5,C5: limit warming to 2.5°C (>50%)
IMAGE 3.0.1,SSP2-45,3.494307392,3.3636225298125,1.146636936,0.309400913999999,0.099310475625,0.0429113821875,0.03625183103125,0.026133761648284,0.016828277892535,0.008845993268264,C6,C6: limit warming to 3°C (>50%)
IMAGE 3.0.1,SSP2-60,3.494307392,3.385431546,1.020958482,0.273020384,0.089149113,0.043803054,0.04057396159375,0.030252185800781,0.017820460144733,0.006105038153418,C7,C7: limit warming to 4°C (>50%)
IMAGE 3.0.1,SSP2-Baseline,3.494307392,3.4328700635,0.990224672,0.2698243,0.0838951643125,0.036979478375,0.0337477691875,0.025401009740234,0.014316840550823,0.003735518621893,C7,C7: limit warming to 4°C (>50%)
IMAGE 3.0.1,SSP3-34,3.4942384,3.3654682173125,1.417760886,0.9929164275,0.115895634048706,0.038069529210817,0.03167119680896,0.026555005370117,0.03030036675,0.029264596390625,C5,C5: limit warming to 2.5°C (>50%)
IMAGE 3.0.1,SSP3-45,3.4942384,3.494676553625,1.156297278,0.314135869,0.095529516269531,0.047903425968749,0.035328087850097,0.024367247999999,0.017748327,0.0136570105,C6,C6: limit warming to 3°C (>50%)
IMAGE 3.0.1,SSP3-60,3.4942384,3.580562431125,1.08000439,0.303513816,0.078408059589843,0.050479003304199,0.043563101068969,0.025773282836517,0.020137841,0.014558159,C7,C7: limit warming to 4°C (>50%)
IMAGE 3.0.1,SSP3-Baseline,3.4942384,3.6108735948125,1.052321264,0.310486778,0.068565045699218,0.03796513794104,0.031922179996398,0.018428890004987,0.015962950004993,0.010446250012034,C7,C7: limit warming to 4°C (>50%)
IMAGE 3.0.1,SSP4-26,3.494245696,2.913016291203121,2.714770101999999,1.185932109,0.05674448696289,0.024153836,0.018076753944946,0.020439574613037,0.023133823910888,0.026478767242267,C3,C3: limit warming to 2°C (>67%)
IMAGE 3.0.1,SSP4-34,3.494245792,3.39256994,2.2234527885,0.749961592,0.104361417410889,0.0514041185488279,0.02287919828234,0.014946918,0.00723455689746,0.007106141148393,C5,C5: limit warming to 2.5°C (>50%)
IMAGE 3.0.1,SSP4-45,3.494244703999998,3.517120787624999,2.4524801946875,0.806280277375,0.079088723570312,0.038648419323913,0.031985288893385,0.018382185036595,0.00815565369322,0.002220025322131,C6,C6: limit warming to 3°C (>50%)
IMAGE 3.0.1,SSP4-60,3.494244703999998,3.52786307279688,2.451017984,0.525674272,0.097165516999999,0.031714013867378,0.026928851858332,0.01704029,0.008555195387695,0.002794532,C7,C7: limit warming to 4°C (>50%)
IMAGE 3.0.1,SSP4-Baseline,3.494244703999998,3.62685123759375,2.278150592,0.7844012680000001,0.088357426,0.027306931879989,0.02465592177251,0.01686339,0.007817987714111,0.002335335174736,C7,C7: limit warming to 4°C (>50%)
IMAGE 3.0.1,SSP5-34,3.494435583999999,3.25981681,2.47988957,0.521177153,0.1294062,0.07112842809375,0.030296910336914,0.029936667098983,0.028197275429687,0.04741675890625,C5,C5: limit warming to 2.5°C (>50%)
IMAGE 3.0.1,SSP5-45,3.494435583999999,3.41248618740625,2.441824952,0.658179023878906,0.081822083703124,0.045821761851562,0.032683973322265,0.024256699945312,0.014522934066429,0.013918514116054,C6,C6: limit warming to 3°C (>50%)
IMAGE 3.0.1,SSP5-60,3.494434688,3.482468860406249,2.455234936,0.64065732,0.100601665999999,0.046072243,0.045342732,0.035162367,0.019274442955688,0.013244378999999,C7,C7: limit warming to 4°C (>50%)
IMAGE 3.0.1,SSP5-Baseline,3.494434688,3.57385228979688,2.362387504,0.583216992,0.064968846120117,0.038700577820312,0.03596366,0.02632157,0.013522729052902,0.003012718007642,C8,C8: exceed warming of 4°C (>=50%)
IMAGE 3.0.2,EMF33_Baseline,3.494293983999999,3.650590043875,1.148290432,0.281840684,0.091138281,0.039603774625,0.0370331711875,0.025371025851562,0.015383064490234,0.0055896371079099,C7,C7: limit warming to 4°C (>50%)
IMAGE 3.0.2,EMF33_Med2C_cost100,3.4942936,3.465152197,1.1635078028125,0.4870196216875,0.085116899123901,0.031980170776695,0.025890754123388,0.018867784037623,0.008943134002374,0.0052594414043549,C5,C5: limit warming to 2.5°C (>50%)
IMAGE 3.0.2,EMF33_Med2C_full,3.494293504,3.4646728345,1.17238865480649,0.411449634,0.096497216437988,0.03263673624361,0.030989411346481,0.025838839,0.015034338,0.0113814343125,C5,C5: limit warming to 2.5°C (>50%)
IMAGE 3.0.2,EMF33_Med2C_limbio,3.494293504,3.75650681734375,1.25633932923828,0.542734961336914,0.082924917367418,0.037290329394401,0.0375861130534129,0.030128848027641,0.015813011003745,0.010940277896972,C5,C5: limit warming to 2.5°C (>50%)
IMAGE 3.0.2,EMF33_Med2C_nobeccs,3.494293504,3.46733090127344,1.10766540499023,0.8383191922475591,0.089676967722296,0.036707629085763,0.043213187,0.033964888,0.024529523125,0.023903747666015,C4,C4: limit warming to 2°C (>50%)
IMAGE 3.0.2,EMF33_Med2C_nofuel,3.494293504,3.45361730710156,1.16845716729688,0.480762288,0.087273866009582,0.027575736491345,0.023459964714824,0.018052562089406,0.012309300072913,0.010926074,C4,C4: limit warming to 2°C (>50%)
IMAGE 3.0.2,EMF33_Med2C_none,3.494293504,3.45608897422656,1.10623833574023,0.94261573699121,0.08634287895185,0.036607392107621,0.042316630825129,0.034192813827879,0.025609154,0.025819582322821,C4,C4: limit warming to 2°C (>50%)
IMAGE 3.0.2,EMF33_WB2C_cost100,3.4942936,3.46592950869843,1.10574246210937,1.1490374934707,0.065291974152481,0.029335946020966,0.030303403302499,0.0276851215,0.02479529059375,0.023236753001046,C3,C3: limit warming to 2°C (>67%)
IMAGE 3.0.2,EMF33_WB2C_full,3.494293504,3.46601886829565,1.111518586203129,1.05760335831055,0.078534073781529,0.039189908022897,0.0423304168125,0.036523183796875,0.02924559390625,0.022578465769531,C3,C3: limit warming to 2°C (>67%)
IMAGE 3.0.2,EMF33_WB2C_limbio,3.494293504,3.7562336957273,1.14614742726367,1.5887999712865,0.078648528494114,0.042176243499999,0.040895280630859,0.036820226259765,0.040621544040039,0.038438003310546,C3,C3: limit warming to 2°C (>67%)
IMAGE 3.0.2,EMF33_WB2C_nobeccs,3.494293504,3.467568816453129,1.05795026914063,1.77412515784961,0.06466652719485,0.050159783375,0.05853064561914,0.0541938808090809,0.051576397509765,0.047030274799804,C3,C3: limit warming to 2°C (>67%)
IMAGE 3.0.2,EMF33_WB2C_nofuel,3.494293504,3.45492729636615,1.11169716109375,1.19361767027148,0.066586918817899,0.030642091,0.0322946765,0.027332088101562,0.027473193796875,0.029285987699218,C3,C3: limit warming to 2°C (>67%)
IMAGE 3.0.2,EMF33_tax_hi_full,3.494293983999999,3.666330279,1.5914121562855,0.47849534,0.081430142396789,0.028812691210058,0.019322399000987,0.017846451625,0.01449836346875,0.017272440305908,C4,C4: limit warming to 2°C (>50%)
IMAGE 3.0.2,EMF33_tax_hi_none,3.494293888,3.65870484609375,1.5924544985385,0.50116611140625,0.096460996229156,0.04305945954228,0.036997001097706,0.03079585,0.0229604398125,0.021887255039062,C5,C5: limit warming to 2.5°C (>50%)
IMAGE 3.0.2,EMF33_tax_lo_full,3.494293983999999,3.659436488093749,1.492025084,0.360044135,0.103929850253905,0.045724201150024,0.036263259799285,0.027361147114762,0.018837619042048,0.008376665014793,C5,C5: limit warming to 2.5°C (>50%)
IMAGE 3.0.2,EMF33_tax_lo_none,3.494293888,3.6517579461875,1.481740028,0.358669434,0.107075802906006,0.051135577786987,0.043745079864685,0.03513778,0.024072522,0.011550484,C5,C5: limit warming to 2.5°C (>50%)
IMAGE 3.2,SSP1-baseline,3.72075632,3.622717568,3.285606656,4.04794256,5.533654240000001,5.389629384,4.712513568,5.613633208,6.563151664,5.86631896,C7,C7: limit warming to 4°C (>50%)
IMAGE 3.2,SSP1_SPA1_19I_D,3.72075632,3.622717568,1.957887138,0.762089074,1.365177259,2.098625229,2.151941182,2.336461618,2.08855341,1.831275975,C2,C2: return warming to 1.5°C (>50%) after a high overshoot
IMAGE 3.2,SSP1_SPA1_19I_D_LB,3.72075632,3.622717568,1.849950544,1.151117798,1.714265752,1.589525512,1.588514657,1.920364406,3.247104892,2.02198637,C1,C1: limit warming to 1.5°C (>50%) with no or limited overshoot
IMAGE 3.2,SSP1_SPA1_19I_LI,3.719436608,3.634329536,2.11711527,1.135152152,1.12581791,1.717929397,1.792646023,1.927363625,2.135922036,1.868322535,C2,C2: return warming to 1.5°C (>50%) after a high overshoot
IMAGE 3.2,SSP1_SPA1_19I_LIRE,3.719733504,3.605860992,1.6544289,1.080054868,1.807916092,1.977934922,2.034930886,2.783601052,2.794559016,2.967043572,C2,C2: return warming to 1.5°C (>50%) after a high overshoot
IMAGE 3.2,SSP1_SPA1_19I_LIRE_LB,3.719733504,3.605860992,1.79068477,1.822024144,2.494008105,2.612711867,2.099730118,3.02058904,4.47465664,4.254340784,C1,C1: limit warming to 1.5°C (>50%) with no or limited overshoot
IMAGE 3.2,SSP1_SPA1_19I_RE,3.719889408,3.635398848,2.106012237,1.16231008,2.118202618,3.010794546,3.338545572,2.657108553,3.279395133,2.138778042,C2,C2: return warming to 1.5°C (>50%) after a high overshoot
IMAGE 3.2,SSP1_SPA1_19I_RE_LB,3.719889408,3.635398848,1.9312809,1.926256786,2.598061992,2.307788619,2.141559944,4.236748126,3.342955916,3.277479328,C1,C1: limit warming to 1.5°C (>50%) with no or limited overshoot
IMAGE 3.2,SSP1_SPA1_26I_D,3.72075632,3.622717568,2.383660673359376,2.23667912,2.133969116,2.491470158,2.435113995,2.636562306,1.923916721,1.757585418,C3,C3: limit warming to 2°C (>67%)
IMAGE 3.2,SSP1_SPA1_26I_LI,3.719436608,3.634329536,2.965997661019532,2.617559402,2.374667848,2.421206866,2.51639686,2.751723412,2.384668021,2.024872224,C3,C3: limit warming to 2°C (>67%)
IMAGE 3.2,SSP1_SPA1_26I_LIRE,3.719733504,3.605860992,2.631132964349609,1.983843952,2.474662924,1.88518689,2.630149474,3.236511482,2.74491796,4.619970646000001,C3,C3: limit warming to 2°C (>67%)
IMAGE 3.2,SSP1_SPA1_26I_RE,3.719889408,3.635398848,2.54777523309375,1.833000586,1.69456535,2.699859106,3.172782126,3.132341653,2.552043479,2.306781524,C3,C3: limit warming to 2°C (>67%)
IMAGE 3.2,SSP1_SPA1_34I_D,3.72075632,3.622717568,2.529302222410156,3.894061688,4.342618674000001,4.557039538000001,3.900991632,4.953547122000001,5.615565238,3.941309992,C5,C5: limit warming to 2.5°C (>50%)
IMAGE 3.2,SSP1_SPA1_34I_LI,3.719436608,3.634329536,3.243319152199219,3.931849260146973,5.10168892,5.356696690910157,3.895147864,3.285271264,3.90138076,3.691534484,C5,C5: limit warming to 2.5°C (>50%)
IMAGE 3.2,SSP1_SPA1_34I_LIRE,3.719889408,3.63539872,3.528224749070313,3.959440697400391,5.833500722929688,6.973972527109376,6.851378080000001,7.768046768,6.17727024,5.28905032,C5,C5: limit warming to 2.5°C (>50%)
IMAGE 3.2,SSP1_SPA1_34I_RE,3.719889408,3.635398848,2.687562322492188,3.405929168,4.261020792875001,4.296131001,5.228477848000001,7.967647690000001,7.177039874,4.900629574,C5,C5: limit warming to 2.5°C (>50%)
IMAGE 3.2,SSP2-baseline,3.71817232,3.581326208,3.07629363,3.125648896,1.55386696,1.21328992,0.518639544,0.513020904,0.313647552,0.18058612,C7,C7: limit warming to 4°C (>50%)
IMAGE 3.2,SSP2_SPA0_26I_D,3.732996096,3.692027776,2.486428544290085,2.493268816,0.7788881320000001,1.261240924,1.585019746,1.21859776,1.751533712,1.791857466,C3,C3: limit warming to 2°C (>67%)
IMAGE 3.2,SSP2_SPA1_19I_D_LB,3.715304512,3.589679872,2.149564196,1.356397644,2.039608669,2.0985677673125,1.756058902796875,1.852291051,1.847010947,1.958023164,C1,C1: limit warming to 1.5°C (>50%) with no or limited overshoot
IMAGE 3.2,SSP2_SPA1_19I_LIRE_LB,3.719733504,3.605859776,1.955635334,1.814843948,2.526285955,2.583312295,2.52712024,3.297093048,4.11553296,4.452880448,C1,C1: limit warming to 1.5°C (>50%) with no or limited overshoot
IMAGE 3.2,SSP2_SPA1_19I_RE_LB,3.716409824,3.60247648,1.926066338,1.946553728,2.564027271,2.500056966,2.507983675,4.323815712,4.595656992,3.939339736,C1,C1: limit warming to 1.5°C (>50%) with no or limited overshoot
IMAGE 3.2,SSP2_SPA2_19I_D,3.715304512,3.589679872,1.577503022,1.046587651,1.415928294,1.842293099,1.201783882,1.747208353,2.433412067,1.636902704,C2,C2: return warming to 1.5°C (>50%) after a high overshoot
IMAGE 3.2,SSP2_SPA2_19I_LI,3.719733504,3.605859776,2.156371195,0.8163470650000001,1.481581224,1.540064414,1.128034930703125,1.2080294653125,2.028445323,2.0042947648125,C1,C1: limit warming to 1.5°C (>50%) with no or limited overshoot
IMAGE 3.2,SSP2_SPA2_19I_LIRE,3.716409824,3.6024752,2.592744688,1.238469316,1.998573264,1.282975506,1.77394492,3.555656432,3.850227968,4.103472512000001,C2,C2: return warming to 1.5°C (>50%) after a high overshoot
IMAGE 3.2,SSP2_SPA2_19I_RE,3.716409824,3.60247648,1.982486728,2.045622858,1.407448536,1.019219534,1.939883214,4.617101968,3.953777628,3.366467104,C2,C2: return warming to 1.5°C (>50%) after a high overshoot
IMAGE 3.2,SSP2_SPA2_26I_D,3.715304512,3.589679872,2.302693565349426,1.63666588,1.069017774,1.961870322,1.532031618,0.973843907,1.479668228,1.766187016,C3,C3: limit warming to 2°C (>67%)
IMAGE 3.2,SSP2_SPA2_26I_LI,3.719733504,3.605859776,2.564207434,1.44135978,1.440592402,1.42330699,1.670920102,2.094832926,2.06899889,2.289159376,C3,C3: limit warming to 2°C (>67%)
IMAGE 3.2,SSP2_SPA2_26I_LIRE,3.719733504,3.605859776,2.733583313,1.645412166,2.46722276,2.646142584,2.79919436,2.562497112,2.611974577,6.601775102,C3,C3: limit warming to 2°C (>67%)
IMAGE 3.2,SSP2_SPA2_26I_RE,3.716409824,3.60247648,2.927071931,1.235591808,1.617668888,2.424920432,2.55937116,2.898113848,3.325545852,4.075837072000001,C3,C3: limit warming to 2°C (>67%)
IMAGE 3.2,SSP2_SPA2_34I_D,3.715304512,3.589679872,2.573692913281098,1.335984001,2.55808716,1.2491229,0.491431352,0.90287798,1.135834558,1.315506828,C5,C5: limit warming to 2.5°C (>50%)
IMAGE 3.2,SSP2_SPA2_34I_LI,3.719733504,3.605859776,2.813944819,2.306470197875,2.913734466875,3.035374352,1.872910334,2.192166092,2.08594973,2.260116054,C5,C5: limit warming to 2.5°C (>50%)
IMAGE 3.2,SSP2_SPA2_34I_LIRE,3.716409824,3.6024752,3.028009851,2.5897886706875,2.974681205,5.307015000000001,4.63518377,5.445051444000001,12.039739496,16.185330556,C5,C5: limit warming to 2.5°C (>50%)
IMAGE 3.2,SSP2_SPA2_34I_RE,3.716409824,3.60247648,2.883425498,1.883097664,2.642716114,3.47823271,3.889315582,5.047303304000001,7.438806766000001,15.541027348,C5,C5: limit warming to 2.5°C (>50%)
IMAGE 3.2,SSP2_SPA2_45I_D,3.715304512,3.589679872,2.764630616,2.367824746,2.388152844,1.7340885595,0.971055831875,0.989873947,0.8811886400000001,0.385207603,C6,C6: limit warming to 3°C (>50%)
IMAGE 3.2,SSP2_SPA2_45I_LI,3.719733504,3.605859776,2.984026412,3.161323049375,1.858743494625,2.507379884,1.02246449,1.80777980036731,2.396308920165873,3.656010433759766,C6,C6: limit warming to 3°C (>50%)
IMAGE 3.2,SSP2_SPA2_45I_LIRE,3.719733504,3.605859776,3.204596374,3.6516943718125,2.203714838,3.552821591,4.837482661375001,12.323725307125,29.699824166,31.23890142140625,C6,C6: limit warming to 3°C (>50%)
IMAGE 3.2,SSP2_SPA2_45I_RE,3.716409824,3.60247648,3.221679031,2.415861565,2.745936432,4.324159696000001,5.779038312,12.034286456,21.67985456,21.508963328,C6,C6: limit warming to 3°C (>50%)
IMAGE 3.2,SSP3-baseline,3.71816912,3.580586368,2.857930662,2.307440649,0.386931983625,0.103730779,0.0608887598125,0.0730793023125,0.0636611270596923,0.06767529609375,C7,C7: limit warming to 4°C (>50%)
IMAGE 3.2,SSP4-baseline,3.715299616,3.600054528,3.133343126,3.140452192,1.780959832,0.207576758,0.135806458,0.152899444,0.075063596,0.0630287405,C7,C7: limit warming to 4°C (>50%)
IMAGE 3.2,SSP5-baseline,3.715299616,3.592254912,3.030279752,1.460684544,0.469439244,0.185128746,0.147940452,0.305613792,0.2127857293125,0.097188233,C8,C8: exceed warming of 4°C (>=50%)
MERGE-ETL 6.0,BAU,2.5,1.5,0.7000000000000001,0.0,0.0,0.0,0.0,0.0,0.0,0.0,failed-vetting,failed-vetting
MERGE-ETL 6.0,DAC15_50,2.6,1.6,0.7000000000000001,0.0,0.0,0.0,0.0,0.0,0.0,0.0,failed-vetting,failed-vetting
MERGE-ETL 6.0,DAC2_66,2.5,1.5,0.7000000000000001,0.0,0.0,0.0,0.0,0.0,0.0,0.0,C4,C4: limit warming to 2°C (>50%)
MESSAGE V.3,GEA_Eff_1p5C,3.034,1.757,1.476999999999999,0.975,0.102,0.025,0.0,0.0,0.0,0.0,failed-vetting,failed-vetting
MESSAGE V.3,GEA_Eff_1p5C_Delay2020,3.126,1.821999999999999,2.028,1.511,0.104,0.026,0.0,0.0,0.0,0.0,failed-vetting,failed-vetting
MESSAGE V.3,GEA_Eff_2C_Delay2020,3.126,1.821999999999999,1.186,0.322,0.103,0.025,0.0,0.0,0.0,0.0,failed-vetting,failed-vetting
MESSAGE V.3,GEA_Eff_AdvNCO2_1p5C,3.034,2.091,1.305,0.386,0.102,0.025,0.0,0.0,0.0,0.0,failed-vetting,failed-vetting
MESSAGE V.3,GEA_Eff_base,3.034,1.962,1.686999999999999,1.131,0.139,0.026,0.0,0.0,0.0,0.0,failed-vetting,failed-vetting
MESSAGE V.3,GEA_Mix_1p5C_AdvNCO2_PartialDelay2020,2.716,1.174,2.225,0.295,0.105,0.026,0.0,0.0,0.0,0.0,failed-vetting,failed-vetting
MESSAGE V.3,GEA_Mix_1p5C_AdvTrans_PartialDelay2020,2.716,1.174,2.217,0.291,0.104,0.026,0.0,0.0,0.0,0.0,failed-vetting,failed-vetting
MESSAGE V.3,GEA_Mix_2C_AdvNCO2_PartialDelay2020,2.715,1.174,0.745,0.291,0.102,0.025,0.0,0.0,0.0,0.0,failed-vetting,failed-vetting
MESSAGE V.3,GEA_Mix_2C_AdvTrans_PartialDelay2020,2.715,1.174,0.746,0.291,0.102,0.025,0.0,0.0,0.0,0.0,failed-vetting,failed-vetting
MESSAGE V.3,GEA_Mix_base,2.961,1.980999999999999,1.911,1.526,0.389,0.025,0.0,0.0,0.0,0.0,failed-vetting,failed-vetting
MESSAGE-GLOBIOM 1.0,ADVANCE_2020_1.5C-2100,2.448,1.123,0.605,0.271,0.096,0.025,0.0,0.0,0.0,0.0,C1,C1: limit warming to 1.5°C (>50%) with no or limited overshoot
MESSAGE-GLOBIOM 1.0,ADVANCE_2020_Med2C,2.448,1.122,0.616,0.273999999999999,0.096,0.025,0.0,0.0,0.0,0.0,C4,C4: limit warming to 2°C (>50%)
MESSAGE-GLOBIOM 1.0,ADVANCE_2020_WB2C,2.448,1.122,0.609,0.27,0.094,0.024,0.0,0.0,0.0,0.0,C3,C3: limit warming to 2°C (>67%)
MESSAGE-GLOBIOM 1.0,ADVANCE_2030_Med2C,2.448,1.122,0.617,0.273,0.095,0.024,0.0,0.0,0.0,0.0,C4,C4: limit warming to 2°C (>50%)
MESSAGE-GLOBIOM 1.0,ADVANCE_2030_Price1.5C,2.448,1.123,0.617,0.27,0.096,0.025,0.0,0.0,0.0,0.0,C2,C2: return warming to 1.5°C (>50%) after a high overshoot
MESSAGE-GLOBIOM 1.0,ADVANCE_2030_WB2C,2.448,1.123,0.617,0.27,0.095,0.025,0.0,0.0,0.0,0.0,C3,C3: limit warming to 2°C (>67%)
MESSAGE-GLOBIOM 1.0,ADVANCE_INDC,2.448,1.123,0.617,0.275,0.096,0.025,0.0,0.0,0.0,0.0,C5,C5: limit warming to 2.5°C (>50%)
MESSAGE-GLOBIOM 1.0,ADVANCE_NoPolicy,2.448,1.126,0.624,0.281,0.099,0.026,0.0,0.0,0.0,0.0,failed-vetting,failed-vetting
MESSAGE-GLOBIOM 1.0,ADVANCE_Reference,2.448,1.122,0.622,0.278999999999999,0.098,0.025,0.0,0.0,0.0,0.0,C6,C6: limit warming to 3°C (>50%)
MESSAGE-GLOBIOM 1.0,EMF30_BCOC-EndU,2.447,1.124,0.622,0.278,0.096999999999999,0.025,0.0,0.0,0.0,0.0,C7,C7: limit warming to 4°C (>50%)
MESSAGE-GLOBIOM 1.0,EMF30_Baseline,2.447,1.12,0.624,0.281,0.098,0.026,0.0,0.0,0.0,0.0,C7,C7: limit warming to 4°C (>50%)
MESSAGE-GLOBIOM 1.0,EMF30_CH4-Only,2.447,1.114,0.615,0.273999999999999,0.096,0.025,0.0,0.0,0.0,0.0,failed-vetting,failed-vetting
MESSAGE-GLOBIOM 1.0,EMF30_ClimPolicy,2.447,1.11,0.605,0.268999999999999,0.094,0.024,0.0,0.0,0.0,0.0,failed-vetting,failed-vetting
MESSAGE-GLOBIOM 1.0,EMF30_ClimPolicy+SLCF,2.447,1.109,0.604,0.267,0.093,0.024,0.0,0.0,0.0,0.0,failed-vetting,failed-vetting
MESSAGE-GLOBIOM 1.0,EMF30_D_BCOC-Red,2.447,1.12,0.624,0.281,0.098,0.026,0.0,0.0,0.0,0.0,C7,C7: limit warming to 4°C (>50%)
MESSAGE-GLOBIOM 1.0,EMF30_D_CH4-ClimPolicy,2.447,1.123,0.619,0.276999999999999,0.096999999999999,0.025,0.0,0.0,0.0,0.0,C7,C7: limit warming to 4°C (>50%)
MESSAGE-GLOBIOM 1.0,EMF30_D_Frozen-CH4,2.447,1.125,0.624,0.281,0.098,0.026,0.0,0.0,0.0,0.0,C7,C7: limit warming to 4°C (>50%)
MESSAGE-GLOBIOM 1.0,EMF30_D_Frozen-EF,2.447,1.125,0.624,0.281,0.098,0.026,0.0,0.0,0.0,0.0,C7,C7: limit warming to 4°C (>50%)
MESSAGE-GLOBIOM 1.0,EMF30_D_Frozen-EF-EndU,2.447,1.12,0.624,0.281,0.098,0.026,0.0,0.0,0.0,0.0,C7,C7: limit warming to 4°C (>50%)
MESSAGE-GLOBIOM 1.0,EMF30_D_Frozen-EF-SLCF,2.447,1.125,0.624,0.281,0.098,0.026,0.0,0.0,0.0,0.0,C7,C7: limit warming to 4°C (>50%)
MESSAGE-GLOBIOM 1.0,EMF30_SLCF,2.447,1.117,0.615,0.273999999999999,0.096,0.025,0.0,0.0,0.0,0.0,failed-vetting,failed-vetting
MESSAGE-GLOBIOM 1.0,EMF30_Slower-Action,2.448,1.129,0.623,0.278,0.096999999999999,0.025,0.0,0.0,0.0,0.0,C5,C5: limit warming to 2.5°C (>50%)
MESSAGE-GLOBIOM 1.0,EMF30_Slower-Action+SLCF,2.448,1.295,0.7290000000000001,0.275,0.096,0.025,0.0,0.0,0.0,0.0,failed-vetting,failed-vetting
MESSAGE-GLOBIOM 1.0,EMF30_Slower-to-faster,2.448,1.129,0.622,0.272,0.095,0.025,0.0,0.0,0.0,0.0,C2,C2: return warming to 1.5°C (>50%) after a high overshoot
MESSAGE-GLOBIOM 1.0,EMF30_Slower-to-faster+SLCF,2.448,1.294,0.728,0.268,0.093,0.025,0.0,0.0,0.0,0.0,failed-vetting,failed-vetting
MESSAGE-GLOBIOM 1.0,EMF30_Slower-to-faster+SLCF+HFC,2.448,1.294,0.7290000000000001,0.268999999999999,0.093,0.025,0.0,0.0,0.0,0.0,failed-vetting,failed-vetting
MESSAGE-GLOBIOM 1.0,EMF33_1.5C_cost100,2.54909691666521,1.13413780495734,0.6033146415785711,0.272990994377331,0.096739573648339,0.025420598849355,2.4727489125726e-05,0.0,0.0,0.0,C1,C1: limit warming to 1.5°C (>50%) with no or limited overshoot
MESSAGE-GLOBIOM 1.0,EMF33_1.5C_full,2.54909691666521,1.13413780495734,0.6029654098125911,0.273008053665633,0.0968234695053669,0.025419607255393,2.47262492925349e-05,0.0,0.0,0.0,C1,C1: limit warming to 1.5°C (>50%) with no or limited overshoot
MESSAGE-GLOBIOM 1.0,EMF33_Baseline,2.54909691666521,1.129085109711179,0.6310681265674091,0.283563627789405,0.098775369446064,0.024904375518763,2.427389032355389e-05,0.0,0.0,0.0,C7,C7: limit warming to 4°C (>50%)
MESSAGE-GLOBIOM 1.0,EMF33_Med2C_cost100,2.54909691666521,1.13413780495734,0.607841545732968,0.270443064171951,0.095057765356142,0.024884009380729,2.45679122920782e-05,0.0,0.0,0.0,C4,C4: limit warming to 2°C (>50%)
MESSAGE-GLOBIOM 1.0,EMF33_Med2C_full,2.54909691666521,1.13413780495734,0.6080416648705641,0.270507964423913,0.0950921934316169,0.024808347461097,2.45030799305413e-05,0.0,0.0,0.0,C4,C4: limit warming to 2°C (>50%)
MESSAGE-GLOBIOM 1.0,EMF33_Med2C_limbio,2.54909691666521,1.13413780495734,0.6070826345408561,0.269694158028352,0.094705488386048,0.024863908293205,2.4585064993223e-05,0.0,0.0,0.0,C4,C4: limit warming to 2°C (>50%)
MESSAGE-GLOBIOM 1.0,EMF33_Med2C_nobeccs,2.54909691666521,1.13413780495734,0.6081012246349361,0.271687741875142,0.094782822576791,0.024950397920374,2.4629353438629e-05,0.0,0.0,0.0,C3,C3: limit warming to 2°C (>67%)
MESSAGE-GLOBIOM 1.0,EMF33_Med2C_nofuel,2.54909691666521,1.13413780495734,0.6080191766180261,0.270749604083735,0.095339836413666,0.024882472393626,2.457575346395371e-05,0.0,0.0,0.0,C4,C4: limit warming to 2°C (>50%)
MESSAGE-GLOBIOM 1.0,EMF33_Med2C_none,2.54909691666521,1.13413780495734,0.6082094269432691,0.271887764951791,0.095169102772009,0.025076730555745,2.47077256401916e-05,0.0,0.0,0.0,C3,C3: limit warming to 2°C (>67%)
MESSAGE-GLOBIOM 1.0,EMF33_WB2C_cost100,2.54909691666521,1.13413780495734,0.6079565287987011,0.2724792698015,0.095295353201759,0.025076892173921,2.470695143082531e-05,0.0,0.0,0.0,C2,C2: return warming to 1.5°C (>50%) after a high overshoot
MESSAGE-GLOBIOM 1.0,EMF33_WB2C_full,2.54909691666521,1.13413780495734,0.60822233245073,0.271819667355382,0.095160486224154,0.02507430815392,2.46967641418818e-05,0.0,0.0,0.0,C2,C2: return warming to 1.5°C (>50%) after a high overshoot
MESSAGE-GLOBIOM 1.0,EMF33_WB2C_limbio,2.54909691666521,1.13413780495734,0.6065927751600451,0.271104518306998,0.095839672455876,0.025320569950136,2.481398760058039e-05,0.0,0.0,0.0,C2,C2: return warming to 1.5°C (>50%) after a high overshoot
MESSAGE-GLOBIOM 1.0,EMF33_WB2C_nofuel,2.54909691666521,1.13413780495734,0.608851644922079,0.272597304479796,0.095477556356717,0.025090659762765,2.472714353639849e-05,0.0,0.0,0.0,C2,C2: return warming to 1.5°C (>50%) after a high overshoot
MESSAGE-GLOBIOM 1.0,EMF33_tax_hi_full,2.54909691666521,1.129085109711179,0.6078734313297139,0.270126555513636,0.094534695628185,0.024836480383873,2.46202225958357e-05,0.0,0.0,0.0,C3,C3: limit warming to 2°C (>67%)
MESSAGE-GLOBIOM 1.0,EMF33_tax_hi_none,2.54909691666521,1.129085109711179,0.6071972608412499,0.26972714815579,0.094544117311659,0.024818287220577,2.4617578922722e-05,0.0,0.0,0.0,C4,C4: limit warming to 2°C (>50%)
MESSAGE-GLOBIOM 1.0,EMF33_tax_lo_full,2.54909691666521,1.129085109711179,0.6113467586426171,0.271699670257293,0.096085288777238,0.024969942367111,2.43677630592956e-05,0.0,0.0,0.0,C5,C5: limit warming to 2.5°C (>50%)
MESSAGE-GLOBIOM 1.0,EMF33_tax_lo_none,2.54909691666521,1.129085109711179,0.610067386939898,0.271296597203922,0.095838422687362,0.024981242757778,2.44041014257926e-05,0.0,0.0,0.0,C5,C5: limit warming to 2.5°C (>50%)
MESSAGE-GLOBIOM 1.0,SSP1-19,2.455,1.122,0.608,0.271,0.096,0.025,0.0,0.0,0.0,0.0,failed-vetting,failed-vetting
MESSAGE-GLOBIOM 1.0,SSP1-26,2.453,1.122,0.623,0.275,0.096,0.025,0.0,0.0,0.0,0.0,C4,C4: limit warming to 2°C (>50%)
MESSAGE-GLOBIOM 1.0,SSP1-34,2.453,1.123,0.626,0.276,0.096999999999999,0.025,0.0,0.0,0.0,0.0,C5,C5: limit warming to 2.5°C (>50%)
MESSAGE-GLOBIOM 1.0,SSP1-45,2.453,1.123,0.644,0.278,0.098,0.025,0.0,0.0,0.0,0.0,C6,C6: limit warming to 3°C (>50%)
MESSAGE-GLOBIOM 1.0,SSP1-Baseline,2.453,1.125,0.657,0.281,0.099,0.026,0.0,0.0,0.0,0.0,C7,C7: limit warming to 4°C (>50%)
MESSAGE-GLOBIOM 1.0,SSP2-19,2.447,1.119,0.601,0.266,0.095,0.025,0.0,0.0,0.0,0.0,C1,C1: limit warming to 1.5°C (>50%) with no or limited overshoot
MESSAGE-GLOBIOM 1.0,SSP2-26,2.447,1.121,0.611,0.271,0.094,0.024,0.0,0.0,0.0,0.0,C3,C3: limit warming to 2°C (>67%)
MESSAGE-GLOBIOM 1.0,SSP2-34,2.447,1.122,0.617,0.273999999999999,0.096,0.025,0.0,0.0,0.0,0.0,C5,C5: limit warming to 2.5°C (>50%)
MESSAGE-GLOBIOM 1.0,SSP2-45,2.447,1.123,0.618,0.276999999999999,0.096999999999999,0.025,0.0,0.0,0.0,0.0,C6,C6: limit warming to 3°C (>50%)
MESSAGE-GLOBIOM 1.0,SSP2-60,2.447,1.123,0.621,0.278999999999999,0.098,0.025,0.0,0.0,0.0,0.0,C7,C7: limit warming to 4°C (>50%)
MESSAGE-GLOBIOM 1.0,SSP2-Baseline,2.447,1.12,0.624,0.281,0.098,0.026,0.0,0.0,0.0,0.0,C7,C7: limit warming to 4°C (>50%)
MESSAGE-GLOBIOM 1.0,SSP3-34,2.471,1.117999999999999,0.606,0.266,0.094,0.025,0.0,0.0,0.0,0.0,C4,C4: limit warming to 2°C (>50%)
MESSAGE-GLOBIOM 1.0,SSP3-45,2.458,1.119,0.61,0.268999999999999,0.093,0.024,0.0,0.0,0.0,0.0,C5,C5: limit warming to 2.5°C (>50%)
MESSAGE-GLOBIOM 1.0,SSP3-60,2.452,1.123,0.617,0.276,0.096,0.025,0.0,0.0,0.0,0.0,C6,C6: limit warming to 3°C (>50%)
MESSAGE-GLOBIOM 1.0,SSP3-Baseline,2.472,1.127,0.62,0.278,0.096999999999999,0.025,0.0,0.0,0.0,0.537,failed-vetting,failed-vetting
MESSAGEix-GLOBIOM 1.0,CD-LINKS_INDC2030i_1600,2.54909691666521,1.13788792266674,0.63083243227902,0.275211079804112,0.0965162381295159,0.024888350359181,2.43587093939496e-05,0.0,0.0,0.0,C4,C4: limit warming to 2°C (>50%)
MESSAGEix-GLOBIOM 1.0,CD-LINKS_INDCi,2.54909691666521,1.13788792266674,0.63083243227902,0.283517088059252,0.097227659848274,0.025120284911906,2.4309335800098e-05,0.0,0.0,0.0,C7,C7: limit warming to 4°C (>50%)
MESSAGEix-GLOBIOM 1.0,CD-LINKS_NDC2030i_1000,2.54909691666521,1.13788792266674,0.63083243227902,0.272825490013489,0.095717019699903,0.025127407080716,2.463476822683839e-05,0.0,0.0,0.0,C2,C2: return warming to 1.5°C (>50%) after a high overshoot
MESSAGEix-GLOBIOM 1.0,CD-LINKS_NPi,2.54909691666521,1.13788792266674,0.652064573071073,0.283113817530209,0.0975067688185819,0.025192707232598,2.43381819509722e-05,0.0,0.0,0.0,C7,C7: limit warming to 4°C (>50%)
MESSAGEix-GLOBIOM 1.0,CD-LINKS_NPi2020_1000,2.54909691666521,1.13788792266674,0.613986662552894,0.273824201378204,0.094683083807567,0.024865639791599,2.45611189919346e-05,0.0,0.0,0.0,C2,C2: return warming to 1.5°C (>50%) after a high overshoot
MESSAGEix-GLOBIOM 1.0,CD-LINKS_NPi2020_1600,2.54909691666521,1.13788792266674,0.6333100337364019,0.274973667195453,0.096638005622486,0.024976094532321,2.439164837196189e-05,0.0,0.0,0.0,C4,C4: limit warming to 2°C (>50%)
MESSAGEix-GLOBIOM 1.0,CD-LINKS_NPi2020_400,2.54909691666521,1.13788792266674,0.6093842812832041,0.274103675957911,0.096623978351539,0.025334539473127,2.46981083982264e-05,0.0,0.0,0.0,C1,C1: limit warming to 1.5°C (>50%) with no or limited overshoot
MESSAGEix-GLOBIOM 1.0,CD-LINKS_NoPolicy,2.54909691666521,1.13350831961575,0.6491527470213531,0.283841340487234,0.099047260546933,0.025223715062554,2.44716214271307e-05,0.0,0.0,0.0,C7,C7: limit warming to 4°C (>50%)
MESSAGEix-GLOBIOM 1.0,LowEnergyDemand_1.3_IPCC,3.233700542712449,1.659349801119806,0.6258987350208729,0.2722729785761437,0.0981779652761655,0.025890699735008,2.526063832e-05,0.0,0.0,0.0,C1,C1: limit warming to 1.5°C (>50%) with no or limited overshoot
MESSAGEix-GLOBIOM_1.0,CO_2Deg2020,2.549096916665206,1.141079810750036,0.6124360848505251,0.2730860532151889,0.0945600172843621,0.0247411928851563,2.444133152764728e-05,0.0,0.0,0.0,failed-vetting,failed-vetting
MESSAGEix-GLOBIOM_1.0,CO_2Deg2030,2.549096916665206,1.141079810750036,0.6317220214230578,0.2713220923149592,0.0953812881609828,0.0250548845411369,2.457923821849621e-05,0.0,0.0,0.0,failed-vetting,failed-vetting
MESSAGEix-GLOBIOM_1.0,CO_BAU,2.549096916665206,1.136547526694044,0.6327607043099455,0.2843132213933577,0.0984547120166864,0.0249805130948151,2.403108425632167e-05,0.0,0.0,0.0,failed-vetting,failed-vetting
MESSAGEix-GLOBIOM_1.0,CO_Bridge,2.549096916665206,1.141079810750036,0.6326500154666547,0.2750165344241077,0.0955760042717129,0.0248084473300917,2.427953153294525e-05,0.0,0.0,0.0,failed-vetting,failed-vetting
MESSAGEix-GLOBIOM_1.0,CO_CurPol,2.549096916665206,1.141079810750036,0.6349791993570177,0.2838294001688917,0.0987001288683415,0.0254265482923185,2.416307076037651e-05,0.0,0.0,0.0,failed-vetting,failed-vetting
MESSAGEix-GLOBIOM_1.0,CO_GPP,2.549096916665206,1.141079810750036,0.695861300899294,0.2725876293208723,0.0954778038279552,0.0248659965153209,0.6602983374326441,0.871004368174955,0.875611398689509,0.2080460347646782,failed-vetting,failed-vetting
MESSAGEix-GLOBIOM_1.0,CO_NDC_2050convergence,2.549096916665206,1.141079810750036,0.6317220214230578,0.273994610043056,0.0957372827516898,0.0247073403983065,2.378247868168902e-05,0.0,0.0,0.0,failed-vetting,failed-vetting
MESSAGEix-GLOBIOM_1.0,CO_NDCplus,2.549096916665206,1.141079810750036,0.6317220214230578,0.2820185330134116,0.0967120097626849,0.024866972206774,2.403413902846189e-05,0.0,0.0,0.0,failed-vetting,failed-vetting
MESSAGEix-GLOBIOM_1.1,EN_INDCi2030_1000,3.218503264137957,2.545367148347206,0.334557341285638,0.1312822765230346,0.0427930416607247,0.0081158727180144,8.488417430597388e-06,0.0,0.0,0.0,C3,C3: limit warming to 2°C (>67%)
MESSAGEix-GLOBIOM_1.1,EN_INDCi2030_1000_COV,3.218503264137957,1.71582003478543,0.3342431030400049,0.1314729682574359,0.0441188625777556,0.0085101624587886,8.665426970723528e-06,0.0,0.0,0.0,C3,C3: limit warming to 2°C (>67%)
MESSAGEix-GLOBIOM_1.1,EN_INDCi2030_1000_COV_NDCp,3.218503264137957,1.71582003478543,0.3345345925102916,0.1320419137537714,0.0441440028086863,0.0085650565005409,8.714223745061719e-06,0.0,0.0,0.0,C3,C3: limit warming to 2°C (>67%)
MESSAGEix-GLOBIOM_1.1,EN_INDCi2030_1000_NDCp,3.218503264137957,2.545367148347206,0.334484794325845,0.1313557388463141,0.0433917978283669,0.0080685278964992,8.414046641822672e-06,0.0,0.0,0.0,C3,C3: limit warming to 2°C (>67%)
MESSAGEix-GLOBIOM_1.1,EN_INDCi2030_1000f,3.218503264137957,2.545367148347206,0.334557341285638,0.1327213191231077,0.0450102520843284,0.0087777565555096,8.456107553782099e-06,0.0,0.0,0.0,C4,C4: limit warming to 2°C (>50%)
MESSAGEix-GLOBIOM_1.1,EN_INDCi2030_1000f_COV,3.218503264137957,1.71582003478543,0.3342431030400049,0.132778673864936,0.0453644578407115,0.0088831201009859,8.445049360784297e-06,0.0,0.0,0.0,C3,C3: limit warming to 2°C (>67%)
MESSAGEix-GLOBIOM_1.1,EN_INDCi2030_1000f_COV_NDCp,3.218503264137957,1.71582003478543,0.3345345925102916,0.1328539890952486,0.0454485583059353,0.0088756426279692,8.45065161194304e-06,0.0,0.0,0.0,C3,C3: limit warming to 2°C (>67%)
MESSAGEix-GLOBIOM_1.1,EN_INDCi2030_1000f_NDCp,3.218503264137957,2.545367148347206,0.334484794325845,0.132676162722275,0.045050880114875,0.0087742483892313,8.443062393550584e-06,0.0,0.0,0.0,C4,C4: limit warming to 2°C (>50%)
MESSAGEix-GLOBIOM_1.1,EN_INDCi2030_1200,3.218503264137957,2.545367148347206,0.334557341285638,0.1324544893120295,0.0443757541881908,0.0087301575098167,8.196334400362255e-06,0.0,0.0,0.0,C4,C4: limit warming to 2°C (>50%)
MESSAGEix-GLOBIOM_1.1,EN_INDCi2030_1200_COV,3.218503264137957,1.71582003478543,0.3342431030400049,0.1326795946765025,0.0453345021687452,0.0087121382765573,8.437847605793215e-06,0.0,0.0,0.0,C3,C3: limit warming to 2°C (>67%)
MESSAGEix-GLOBIOM_1.1,EN_INDCi2030_1200_COV_NDCp,3.218503264137957,1.71582003478543,0.3345345925102916,0.1328257681965033,0.0453574685936764,0.0087348320885884,8.353213044211005e-06,0.0,0.0,0.0,C3,C3: limit warming to 2°C (>67%)
MESSAGEix-GLOBIOM_1.1,EN_INDCi2030_1200_NDCp,3.218503264137957,2.545367148347206,0.334484794325845,0.1324248904844686,0.0442601152543274,0.0087031960127529,8.147617668217504e-06,0.0,0.0,0.0,C4,C4: limit warming to 2°C (>50%)
MESSAGEix-GLOBIOM_1.1,EN_INDCi2030_1200f,3.218503264137957,2.545367148347206,0.334557341285638,0.1328852821581534,0.0457034593141107,0.0088257162413746,8.56976449646155e-06,0.0,0.0,0.0,C4,C4: limit warming to 2°C (>50%)
MESSAGEix-GLOBIOM_1.1,EN_INDCi2030_1200f_COV,3.218503264137957,1.71582003478543,0.3342431030400049,0.1328416682375677,0.0458395497807506,0.0090408918010963,8.833206468085049e-06,0.0,0.0,0.0,C4,C4: limit warming to 2°C (>50%)
MESSAGEix-GLOBIOM_1.1,EN_INDCi2030_1200f_COV_NDCp,3.218503264137957,1.71582003478543,0.3345345925102916,0.1330145515763381,0.0458876803251113,0.0090360164428141,8.83393269681727e-06,0.0,0.0,0.0,C4,C4: limit warming to 2°C (>50%)
MESSAGEix-GLOBIOM_1.1,EN_INDCi2030_1200f_NDCp,3.218503264137957,2.545367148347206,0.334484794325845,0.1328241308873953,0.0457027925790907,0.0088247278086736,8.568930227909863e-06,0.0,0.0,0.0,C4,C4: limit warming to 2°C (>50%)
MESSAGEix-GLOBIOM_1.1,EN_INDCi2030_1400,3.218503264137957,2.545367148347206,0.334557341285638,0.1328878100172589,0.0456852397211994,0.0087365162163851,8.63565627092369e-06,0.0,0.0,0.0,C4,C4: limit warming to 2°C (>50%)
MESSAGEix-GLOBIOM_1.1,EN_INDCi2030_1400_COV,3.218503264137957,1.71582003478543,0.3342431030400049,0.1329075372543445,0.045837838689844,0.00899454801242,8.807994495344483e-06,0.0,0.0,0.0,C4,C4: limit warming to 2°C (>50%)
MESSAGEix-GLOBIOM_1.1,EN_INDCi2030_1400_COV_NDCp,3.218503264137957,1.71582003478543,0.3345345925102916,0.133069995849801,0.0459191300795569,0.0090032662192792,8.80258989767486e-06,0.0,0.0,0.0,C4,C4: limit warming to 2°C (>50%)
MESSAGEix-GLOBIOM_1.1,EN_INDCi2030_1400_NDCp,3.218503264137957,2.545367148347206,0.334484794325845,0.1328525273512032,0.0456743745131911,0.0087360447290345,8.64916000986865e-06,0.0,0.0,0.0,C4,C4: limit warming to 2°C (>50%)
MESSAGEix-GLOBIOM_1.1,EN_INDCi2030_1400f,3.218503264137957,2.545367148347206,0.334557341285638,0.1330814366412476,0.0458662023959028,0.0091202065255168,8.835072317114195e-06,0.0,0.0,0.0,C4,C4: limit warming to 2°C (>50%)
MESSAGEix-GLOBIOM_1.1,EN_INDCi2030_1400f_COV,3.218503264137957,1.71582003478543,0.3342431030400049,0.1330185365202514,0.0459547149096976,0.0091823656305671,8.843386831065112e-06,0.0,0.0,0.0,C4,C4: limit warming to 2°C (>50%)
MESSAGEix-GLOBIOM_1.1,EN_INDCi2030_1400f_COV_NDCp,3.218503264137957,1.71582003478543,0.3345345925102916,0.1331809613049078,0.0459997975502123,0.0091763075440725,8.843117322655033e-06,0.0,0.0,0.0,C4,C4: limit warming to 2°C (>50%)
MESSAGEix-GLOBIOM_1.1,EN_INDCi2030_1400f_NDCp,3.218503264137957,2.545367148347206,0.334484794325845,0.1330436581449292,0.0458427082082784,0.0091447928074381,8.831287288653352e-06,0.0,0.0,0.0,C4,C4: limit warming to 2°C (>50%)
MESSAGEix-GLOBIOM_1.1,EN_INDCi2030_1600,3.218503264137957,2.545367148347206,0.334557341285638,0.1331120053126206,0.0458831438929838,0.009132888785298,8.769803045879364e-06,0.0,0.0,0.0,C5,C5: limit warming to 2.5°C (>50%)
MESSAGEix-GLOBIOM_1.1,EN_INDCi2030_1600_COV,3.218503264137957,1.71582003478543,0.3342431030400049,0.1331196384070357,0.0459646562960488,0.0092047048264202,8.795037936231513e-06,0.0,0.0,0.0,C4,C4: limit warming to 2°C (>50%)
MESSAGEix-GLOBIOM_1.1,EN_INDCi2030_1600_COV_NDCp,3.218503264137957,1.71582003478543,0.3345345925102916,0.1332278958088242,0.0459880980800843,0.0091917678358603,8.808485108771852e-06,0.0,0.0,0.0,C4,C4: limit warming to 2°C (>50%)
MESSAGEix-GLOBIOM_1.1,EN_INDCi2030_1600_NDCp,3.218503264137957,2.545367148347206,0.334484794325845,0.1330570957391873,0.0458622483852191,0.0091364728566346,8.769370453873934e-06,0.0,0.0,0.0,C5,C5: limit warming to 2.5°C (>50%)
MESSAGEix-GLOBIOM_1.1,EN_INDCi2030_1600f,3.218503264137957,2.545367148347206,0.334557341285638,0.1332012927403642,0.0459667700107377,0.0091695359007269,8.808075540194743e-06,0.0,0.0,0.0,C5,C5: limit warming to 2.5°C (>50%)
MESSAGEix-GLOBIOM_1.1,EN_INDCi2030_1600f_COV,3.218503264137957,1.71582003478543,0.3342431030400049,0.1331462248474527,0.0459504319278987,0.0092231945729166,8.770887152267002e-06,0.0,0.0,0.0,C5,C5: limit warming to 2.5°C (>50%)
MESSAGEix-GLOBIOM_1.1,EN_INDCi2030_1600f_COV_NDCp,3.218503264137957,1.71582003478543,0.3345345925102916,0.1332500689084411,0.0459943718116385,0.0092170911862317,8.795227556263808e-06,0.0,0.0,0.0,C5,C5: limit warming to 2.5°C (>50%)
MESSAGEix-GLOBIOM_1.1,EN_INDCi2030_1600f_NDCp,3.218503264137957,2.545367148347206,0.334484794325845,0.1331425417365263,0.0459299781844322,0.0091513403762039,8.777789136230022e-06,0.0,0.0,0.0,C5,C5: limit warming to 2.5°C (>50%)
MESSAGEix-GLOBIOM_1.1,EN_INDCi2030_1800,3.218503264137957,2.545367148347206,0.334557341285638,0.1332593085693864,0.0459253946100039,0.0091937465841866,8.811001768472825e-06,0.0,0.0,0.0,C5,C5: limit warming to 2.5°C (>50%)
MESSAGEix-GLOBIOM_1.1,EN_INDCi2030_1800_COV,3.218503264137957,1.71582003478543,0.3342431030400049,0.1332180578768861,0.045976140871299,0.0092152293409106,8.766349596672387e-06,0.0,0.0,0.0,C5,C5: limit warming to 2.5°C (>50%)
MESSAGEix-GLOBIOM_1.1,EN_INDCi2030_1800_COV_NDCp,3.218503264137957,1.71582003478543,0.3345345925102916,0.1333091982716138,0.046008126309154,0.0092102204044003,8.760232717723338e-06,0.0,0.0,0.0,C5,C5: limit warming to 2.5°C (>50%)
MESSAGEix-GLOBIOM_1.1,EN_INDCi2030_1800_NDCp,3.218503264137957,2.545367148347206,0.334484794325845,0.1332075956739034,0.0458908386850234,0.0091886843424435,8.811096483713826e-06,0.0,0.0,0.0,C5,C5: limit warming to 2.5°C (>50%)
MESSAGEix-GLOBIOM_1.1,EN_INDCi2030_1800f,3.218503264137957,2.545367148347206,0.334557341285638,0.1332710116475322,0.0459555400570228,0.0091954139117141,8.741807307533486e-06,0.0,0.0,0.0,C5,C5: limit warming to 2.5°C (>50%)
MESSAGEix-GLOBIOM_1.1,EN_INDCi2030_1800f_COV,3.218503264137957,1.71582003478543,0.3342431030400049,0.1332265538465068,0.0459762427514059,0.0092172042959324,8.859544709612684e-06,0.0,0.0,0.0,C5,C5: limit warming to 2.5°C (>50%)
MESSAGEix-GLOBIOM_1.1,EN_INDCi2030_1800f_COV_NDCp,3.218503264137957,1.71582003478543,0.3345345925102916,0.1333041163085152,0.0460043213068372,0.0092168753075238,8.851551375692485e-06,0.0,0.0,0.0,C5,C5: limit warming to 2.5°C (>50%)
MESSAGEix-GLOBIOM_1.1,EN_INDCi2030_1800f_NDCp,3.218503264137957,2.545367148347206,0.334484794325845,0.1332224120922403,0.0459217161079979,0.0091889089857012,8.77202811601618e-06,0.0,0.0,0.0,C5,C5: limit warming to 2.5°C (>50%)
MESSAGEix-GLOBIOM_1.1,EN_INDCi2030_2000,3.218503264137957,2.545367148347206,0.334557341285638,0.1333344061867873,0.0459967242393484,0.0091985502219029,8.730379927104233e-06,0.0,0.0,0.0,C5,C5: limit warming to 2.5°C (>50%)
MESSAGEix-GLOBIOM_1.1,EN_INDCi2030_2000_COV,3.218503264137957,1.71582003478543,0.3342431030400049,0.1333374062261704,0.0460859889207282,0.0092296154590827,8.815446595847139e-06,0.0,0.0,0.0,C5,C5: limit warming to 2.5°C (>50%)
MESSAGEix-GLOBIOM_1.1,EN_INDCi2030_2000_COV_NDCp,3.218503264137957,1.71582003478543,0.3345345925102916,0.1333918993545634,0.0460737481827668,0.0092094876505223,8.803740586006263e-06,0.0,0.0,0.0,C5,C5: limit warming to 2.5°C (>50%)
MESSAGEix-GLOBIOM_1.1,EN_INDCi2030_2000_NDCp,3.218503264137957,2.545367148347206,0.334484794325845,0.133283910321622,0.0459603726457889,0.0091904370158707,8.71709602198921e-06,0.0,0.0,0.0,C5,C5: limit warming to 2.5°C (>50%)
MESSAGEix-GLOBIOM_1.1,EN_INDCi2030_2000f,3.218503264137957,2.545367148347206,0.334557341285638,0.133338230036058,0.0459913557447129,0.0092071118140881,8.79324864377369e-06,0.0,0.0,0.0,C5,C5: limit warming to 2.5°C (>50%)
MESSAGEix-GLOBIOM_1.1,EN_INDCi2030_2000f_COV,3.218503264137957,1.71582003478543,0.3342431030400049,0.1333035733681095,0.0460950474070871,0.0092484251891994,8.854054743664736e-06,0.0,0.0,0.0,C5,C5: limit warming to 2.5°C (>50%)
MESSAGEix-GLOBIOM_1.1,EN_INDCi2030_2000f_COV_NDCp,3.218503264137957,1.71582003478543,0.3345345925102916,0.133371792689494,0.0460792485309468,0.0092103246052663,8.822869313503033e-06,0.0,0.0,0.0,C5,C5: limit warming to 2.5°C (>50%)
MESSAGEix-GLOBIOM_1.1,EN_INDCi2030_2000f_NDCp,3.218503264137957,2.545367148347206,0.334484794325845,0.1332805326529802,0.0459588227447858,0.0091895573209329,8.78059553492782e-06,0.0,0.0,0.0,C5,C5: limit warming to 2.5°C (>50%)
MESSAGEix-GLOBIOM_1.1,EN_INDCi2030_2500,3.218503264137957,2.545367148347206,0.334557341285638,0.1334920218427637,0.0461743301329914,0.0092402714416032,8.881601735790271e-06,0.0,0.0,0.0,C5,C5: limit warming to 2.5°C (>50%)
MESSAGEix-GLOBIOM_1.1,EN_INDCi2030_2500_COV,3.218503264137957,1.71582003478543,0.3342431030400049,0.133478060853599,0.0462339331492769,0.0092666584778328,8.89096728601847e-06,0.0,0.0,0.0,C5,C5: limit warming to 2.5°C (>50%)
MESSAGEix-GLOBIOM_1.1,EN_INDCi2030_2500_COV_NDCp,3.218503264137957,1.71582003478543,0.3345345925102916,0.1335644324019633,0.0462126036873676,0.009215293436587,8.891196375733928e-06,0.0,0.0,0.0,C5,C5: limit warming to 2.5°C (>50%)
MESSAGEix-GLOBIOM_1.1,EN_INDCi2030_2500_NDCp,3.218503264137957,2.545367148347206,0.334484794325845,0.133420207329417,0.046140910070455,0.0092162961720989,8.88642450145601e-06,0.0,0.0,0.0,C5,C5: limit warming to 2.5°C (>50%)
MESSAGEix-GLOBIOM_1.1,EN_INDCi2030_2500f,3.218503264137957,2.545367148347206,0.334557341285638,0.1334583621711505,0.0461625977512045,0.0092501912192177,8.899978949079229e-06,0.0,0.0,0.0,C5,C5: limit warming to 2.5°C (>50%)
MESSAGEix-GLOBIOM_1.1,EN_INDCi2030_2500f_COV,3.218503264137957,1.71582003478543,0.3342431030400049,0.133478732014382,0.0462334801385107,0.0092675747254888,8.892328938275634e-06,0.0,0.0,0.0,C5,C5: limit warming to 2.5°C (>50%)
MESSAGEix-GLOBIOM_1.1,EN_INDCi2030_2500f_COV_NDCp,3.218503264137957,1.71582003478543,0.3345345925102916,0.1335443226869451,0.046202324316685,0.0092122912997393,8.89263468874014e-06,0.0,0.0,0.0,C5,C5: limit warming to 2.5°C (>50%)
MESSAGEix-GLOBIOM_1.1,EN_INDCi2030_2500f_NDCp,3.218503264137957,2.545367148347206,0.334484794325845,0.1334014536491566,0.0461326868481598,0.0092261988504726,8.900223245209145e-06,0.0,0.0,0.0,C5,C5: limit warming to 2.5°C (>50%)
MESSAGEix-GLOBIOM_1.1,EN_INDCi2030_3000,3.218503264137957,2.545367148347206,0.334557341285638,0.1335662981096905,0.0462392658555556,0.0092422876548374,8.832051167944128e-06,0.0,0.0,0.0,C6,C6: limit warming to 3°C (>50%)
MESSAGEix-GLOBIOM_1.1,EN_INDCi2030_3000_COV,3.218503264137957,1.71582003478543,0.3342431030400049,0.1336403180147593,0.0463622658081507,0.0092563859579231,8.843847821982248e-06,0.0,0.0,0.0,C6,C6: limit warming to 3°C (>50%)
MESSAGEix-GLOBIOM_1.1,EN_INDCi2030_3000_COV_NDCp,3.218503264137957,1.71582003478543,0.3345345925102916,0.1336236776874003,0.0463069172308619,0.009239555752883,8.824681473642942e-06,0.0,0.0,0.0,C6,C6: limit warming to 3°C (>50%)
MESSAGEix-GLOBIOM_1.1,EN_INDCi2030_3000_NDCp,3.218503264137957,2.545367148347206,0.334484794325845,0.1335143366499971,0.0467208338948059,0.0092284233577919,8.832055711497355e-06,0.0,0.0,0.0,C6,C6: limit warming to 3°C (>50%)
MESSAGEix-GLOBIOM_1.1,EN_INDCi2030_3000f,3.218503264137957,2.545367148347206,0.334557341285638,0.1335708541313126,0.0462108054703704,0.0092489893744058,8.833862374522554e-06,0.0,0.0,0.0,C6,C6: limit warming to 3°C (>50%)
MESSAGEix-GLOBIOM_1.1,EN_INDCi2030_3000f_COV,3.218503264137957,1.71582003478543,0.3342431030400049,0.1336371318863258,0.0463629188001602,0.0092552558667684,8.845523398122888e-06,0.0,0.0,0.0,C6,C6: limit warming to 3°C (>50%)
MESSAGEix-GLOBIOM_1.1,EN_INDCi2030_3000f_COV_NDCp,3.218503264137957,1.71582003478543,0.3345345925102916,0.1336117054923496,0.0463261949637302,0.009244014392868,8.833854973559887e-06,0.0,0.0,0.0,C6,C6: limit warming to 3°C (>50%)
MESSAGEix-GLOBIOM_1.1,EN_INDCi2030_3000f_NDCp,3.218503264137957,2.545367148347206,0.334484794325845,0.1335149738662618,0.0466815861010925,0.0092305993059786,8.833948050187598e-06,0.0,0.0,0.0,C6,C6: limit warming to 3°C (>50%)
MESSAGEix-GLOBIOM_1.1,EN_INDCi2030_600f_COV,3.218503264137957,1.71582003478543,0.3342431030400049,0.1311610966505055,0.0436748054378277,0.0080685175411553,8.12563591849709e-06,0.0,0.0,0.0,C2,C2: return warming to 1.5°C (>50%) after a high overshoot
MESSAGEix-GLOBIOM_1.1,EN_INDCi2030_600f_COV_NDCp,3.218503264137957,1.71582003478543,0.3345345925102916,0.1314503215941843,0.0433542800866799,0.0080680632961286,8.121378325220983e-06,0.0,0.0,0.0,C2,C2: return warming to 1.5°C (>50%) after a high overshoot
MESSAGEix-GLOBIOM_1.1,EN_INDCi2030_700f,3.218503264137957,2.545367148347206,0.334557341285638,0.1316329979886287,0.0435360075755313,0.0080683979295163,8.119369461372013e-06,0.0,0.0,0.0,C2,C2: return warming to 1.5°C (>50%) after a high overshoot
MESSAGEix-GLOBIOM_1.1,EN_INDCi2030_700f_COV,3.218503264137957,1.71582003478543,0.3342431030400049,0.1317103548545889,0.0443204600438675,0.0083398033436417,8.013110223759373e-06,0.0,0.0,0.0,C2,C2: return warming to 1.5°C (>50%) after a high overshoot
MESSAGEix-GLOBIOM_1.1,EN_INDCi2030_700f_COV_NDCp,3.218503264137957,1.71582003478543,0.3345345925102916,0.1320461051984785,0.0442906714979628,0.0081143657619498,8.005458306783924e-06,0.0,0.0,0.0,C2,C2: return warming to 1.5°C (>50%) after a high overshoot
MESSAGEix-GLOBIOM_1.1,EN_INDCi2030_700f_NDCp,3.218503264137957,2.545367148347206,0.334484794325845,0.1316170104456031,0.0435368962865961,0.0080683804870385,8.101237351763365e-06,0.0,0.0,0.0,C2,C2: return warming to 1.5°C (>50%) after a high overshoot
MESSAGEix-GLOBIOM_1.1,EN_INDCi2030_800f,3.218503264137957,2.545367148347206,0.334557341285638,0.1318990809272322,0.0440561462654088,0.0085085113819625,7.86093498e-06,0.0,0.0,0.0,C3,C3: limit warming to 2°C (>67%)
MESSAGEix-GLOBIOM_1.1,EN_INDCi2030_800f_COV,3.218503264137957,1.71582003478543,0.3342431030400049,0.1321915532539573,0.0446092463872635,0.0087577317370419,8.448894756181652e-06,0.0,0.0,0.0,C3,C3: limit warming to 2°C (>67%)
MESSAGEix-GLOBIOM_1.1,EN_INDCi2030_800f_COV_NDCp,3.218503264137957,1.71582003478543,0.3345345925102916,0.1324809781410912,0.0447508319084985,0.0087542915990289,8.444728229551591e-06,0.0,0.0,0.0,C3,C3: limit warming to 2°C (>67%)
MESSAGEix-GLOBIOM_1.1,EN_INDCi2030_800f_NDCp,3.218503264137957,2.545367148347206,0.334484794325845,0.1318539378155909,0.0441054535511293,0.0084984181305838,7.86093498e-06,0.0,0.0,0.0,C3,C3: limit warming to 2°C (>67%)
MESSAGEix-GLOBIOM_1.1,EN_INDCi2030_900f,3.218503264137957,2.545367148347206,0.334557341285638,0.1324191591920647,0.0442630158746231,0.0086345044192377,8.277399975253043e-06,0.0,0.0,0.0,C3,C3: limit warming to 2°C (>67%)
MESSAGEix-GLOBIOM_1.1,EN_INDCi2030_900f_COV,3.218503264137957,1.71582003478543,0.3342431030400049,0.1325929561800668,0.0448355968659487,0.0089007814873253,8.554454790535167e-06,0.0,0.0,0.0,C3,C3: limit warming to 2°C (>67%)
MESSAGEix-GLOBIOM_1.1,EN_INDCi2030_900f_COV_NDCp,3.218503264137957,1.71582003478543,0.3345345925102916,0.1326690168375033,0.0453805246351715,0.0088887589932318,8.531154757729205e-06,0.0,0.0,0.0,C3,C3: limit warming to 2°C (>67%)
MESSAGEix-GLOBIOM_1.1,EN_INDCi2030_900f_NDCp,3.218503264137957,2.545367148347206,0.334484794325845,0.1323574017343389,0.0442835090728375,0.008632035397322,8.289682313843343e-06,0.0,0.0,0.0,C3,C3: limit warming to 2°C (>67%)
MESSAGEix-GLOBIOM_1.1,EN_INDCi2030_950_COV,3.218503264137957,1.71582003478543,0.3342431030400049,0.130964492969108,0.0434237419227692,0.0082714193474333,8.615622093829464e-06,0.0,0.0,0.0,C3,C3: limit warming to 2°C (>67%)
MESSAGEix-GLOBIOM_1.1,EN_INDCi2030_950_COV_NDCp,3.218503264137957,1.71582003478543,0.3345345925102916,0.1315263369296268,0.0431594788995219,0.0082889299376145,8.507580462647244e-06,0.0,0.0,0.0,C3,C3: limit warming to 2°C (>67%)
MESSAGEix-GLOBIOM_1.1,EN_INDCi2030_950f_COV,3.218503264137957,1.71582003478543,0.3342431030400049,0.1326772068325667,0.0453646347221253,0.0089120171369887,8.478878734652657e-06,0.0,0.0,0.0,C3,C3: limit warming to 2°C (>67%)
MESSAGEix-GLOBIOM_1.1,EN_INDCi2030_950f_COV_NDCp,3.218503264137957,1.71582003478543,0.3345345925102916,0.1327441219792999,0.0454509390508513,0.0089091673992741,8.47740896096131e-06,0.0,0.0,0.0,C3,C3: limit warming to 2°C (>67%)
MESSAGEix-GLOBIOM_1.1,EN_INDCi2100,3.218503264137957,2.545367148347206,0.334557341285638,0.1335608872585135,0.0462896721151197,0.0092542309645175,8.897455232934939e-06,0.0,0.0,0.0,C6,C6: limit warming to 3°C (>50%)
MESSAGEix-GLOBIOM_1.1,EN_INDCi2100_COV,3.218503264137957,1.71582003478543,0.3342431030400049,0.1405533850289029,0.0463506357893619,0.0092960497489684,8.929332169119173e-06,0.0,0.0,0.0,C6,C6: limit warming to 3°C (>50%)
MESSAGEix-GLOBIOM_1.1,EN_INDCi2100_COV_NDCp,3.218503264137957,1.71582003478543,0.3345345925102916,0.1337506906357072,0.0464159830919257,0.0093320611474527,9.030904124330316e-06,0.0,0.0,0.0,C6,C6: limit warming to 3°C (>50%)
MESSAGEix-GLOBIOM_1.1,EN_INDCi2100_NDCp,3.218503264137957,2.545367148347206,0.334484794325845,0.1335716881393999,0.0463211046818982,0.0093210095730158,8.98561303412695e-06,0.0,0.0,0.0,C6,C6: limit warming to 3°C (>50%)
MESSAGEix-GLOBIOM_1.1,EN_NPi2020_1000,3.218503264137957,2.545367148347206,0.3331799233004454,0.1326583237660142,0.0455378123850127,0.0089340864113018,8.464449100711354e-06,0.0,0.0,0.0,C3,C3: limit warming to 2°C (>67%)
MESSAGEix-GLOBIOM_1.1,EN_NPi2020_1000_COV,3.218503264137957,1.715820035131342,0.3330773514603624,0.13249876818333,0.0455823048709553,0.0089790275458531,8.579682583070663e-06,0.0,0.0,0.0,C3,C3: limit warming to 2°C (>67%)
MESSAGEix-GLOBIOM_1.1,EN_NPi2020_1000_DR10p,3.218503264137957,3.693283904927974,0.42678679798351,0.1333427636636653,0.0455392886318242,0.0087283148675776,8.06824996584513e-06,0.0,0.0,0.0,C3,C3: limit warming to 2°C (>67%)
MESSAGEix-GLOBIOM_1.1,EN_NPi2020_1000_DR1p,3.218503264137957,1.795914846895168,0.3327711979178224,0.1322109238201334,0.0455271186654201,0.0089832139734262,8.610319491112539e-06,0.0,0.0,0.0,C3,C3: limit warming to 2°C (>67%)
MESSAGEix-GLOBIOM_1.1,EN_NPi2020_1000_DR2p,3.218503264137957,1.99364580383905,0.332824104807958,0.132363427861637,0.0456680571740144,0.0090120546207005,8.643147690581438e-06,0.0,0.0,0.0,C3,C3: limit warming to 2°C (>67%)
MESSAGEix-GLOBIOM_1.1,EN_NPi2020_1000_DR3p,3.218503264137957,2.039837080303216,0.333028441968703,0.1324037382535718,0.0456479710517248,0.0090220373479219,8.640088313841073e-06,0.0,0.0,0.0,C3,C3: limit warming to 2°C (>67%)
MESSAGEix-GLOBIOM_1.1,EN_NPi2020_1000_DR4p,3.218503264137957,2.358453587234338,0.3329240161874195,0.1324891259990392,0.0455859889676011,0.0089215644543973,8.425482178716982e-06,0.0,0.0,0.0,C3,C3: limit warming to 2°C (>67%)
MESSAGEix-GLOBIOM_1.1,EN_NPi2020_1000f,3.218503264137957,2.545367148347206,0.3339483140138063,0.1328227590785806,0.0458984274061788,0.0090028573622667,8.720790676771661e-06,0.0,0.0,0.0,C3,C3: limit warming to 2°C (>67%)
MESSAGEix-GLOBIOM_1.1,EN_NPi2020_1000f_COV,3.218503264137957,1.715820035131342,0.3335121127463575,0.1326820496647141,0.045755581299983,0.0090761984442089,8.76762000902366e-06,0.0,0.0,0.0,C3,C3: limit warming to 2°C (>67%)
MESSAGEix-GLOBIOM_1.1,EN_NPi2020_1000f_DR10p,3.218503264137957,3.693283904927974,0.6058247241003006,0.1663259896176069,0.0462206609446086,0.0090991139343175,7.86093498e-06,0.0,0.0,0.0,C4,C4: limit warming to 2°C (>50%)
MESSAGEix-GLOBIOM_1.1,EN_NPi2020_1000f_DR1p,3.218503264137957,1.795914846895168,0.3327196664473101,0.1322028365786634,0.0455225821468751,0.0090050823151462,8.641623497470027e-06,0.0,0.0,0.0,C3,C3: limit warming to 2°C (>67%)
MESSAGEix-GLOBIOM_1.1,EN_NPi2020_1000f_DR2p,3.218503264137957,1.99364580383905,0.3328660825440457,0.132433764202986,0.0457243598402595,0.0090179204252534,8.658943078780294e-06,0.0,0.0,0.0,C3,C3: limit warming to 2°C (>67%)
MESSAGEix-GLOBIOM_1.1,EN_NPi2020_1000f_DR3p,3.218503264137957,2.039837080303216,0.332846438276381,0.1324880926326816,0.0457941384952188,0.0090518926730424,8.726549856592069e-06,0.0,0.0,0.0,C3,C3: limit warming to 2°C (>67%)
MESSAGEix-GLOBIOM_1.1,EN_NPi2020_1000f_DR4p,3.218503264137957,2.358453587234338,0.3333959510874175,0.132679431743331,0.0458665026342966,0.0089807907365125,8.700878664595647e-06,0.0,0.0,0.0,C3,C3: limit warming to 2°C (>67%)
MESSAGEix-GLOBIOM_1.1,EN_NPi2020_1200,3.218503264137957,2.545367148347206,0.3339330632064749,0.1328805137785894,0.0459112010639621,0.0089683132046678,8.673891050013208e-06,0.0,0.0,0.0,C3,C3: limit warming to 2°C (>67%)
MESSAGEix-GLOBIOM_1.1,EN_NPi2020_1200_COV,3.218503264137957,1.715820035131342,0.3337086258240322,0.1327268720131001,0.0457559581891424,0.0090734010947954,8.70565379046456e-06,0.0,0.0,0.0,C3,C3: limit warming to 2°C (>67%)
MESSAGEix-GLOBIOM_1.1,EN_NPi2020_1200f,3.218503264137957,2.545367148347206,0.3342622026757252,0.1329990146737706,0.0459354123230256,0.009113321076043,8.791661785834133e-06,0.0,0.0,0.0,C4,C4: limit warming to 2°C (>50%)
MESSAGEix-GLOBIOM_1.1,EN_NPi2020_1200f_COV,3.218503264137957,1.715820035131342,0.3339502798930194,0.1328592854444814,0.0458444747274361,0.0092065870727714,8.850265809870186e-06,0.0,0.0,0.0,C4,C4: limit warming to 2°C (>50%)
MESSAGEix-GLOBIOM_1.1,EN_NPi2020_1400,3.218503264137957,2.545367148347206,0.3344265395075507,0.1330293692025697,0.0459581493310664,0.0091231028209605,8.75482150768823e-06,0.0,0.0,0.0,C4,C4: limit warming to 2°C (>50%)
MESSAGEix-GLOBIOM_1.1,EN_NPi2020_1400_COV,3.218503264137957,1.715820035131342,0.3341213155061155,0.1329284487096615,0.0459002715193093,0.0091761227394972,8.85897698442214e-06,0.0,0.0,0.0,C4,C4: limit warming to 2°C (>50%)
MESSAGEix-GLOBIOM_1.1,EN_NPi2020_1400f,3.218503264137957,2.545367148347206,0.3344585166927821,0.133097426238799,0.0459824124483299,0.009205500582586,8.879698733057709e-06,0.0,0.0,0.0,C4,C4: limit warming to 2°C (>50%)
MESSAGEix-GLOBIOM_1.1,EN_NPi2020_1400f_COV,3.218503264137957,1.715820035131342,0.3342266839174542,0.1329898858507755,0.0459099613511799,0.0091880112359366,8.840862286709328e-06,0.0,0.0,0.0,C4,C4: limit warming to 2°C (>50%)
MESSAGEix-GLOBIOM_1.1,EN_NPi2020_1600,3.218503264137957,2.545367148347206,0.3346254194605012,0.1331891069443217,0.0460209278469162,0.0092037465730045,8.819616599804333e-06,0.0,0.0,0.0,C4,C4: limit warming to 2°C (>50%)
MESSAGEix-GLOBIOM_1.1,EN_NPi2020_1600_COV,3.218503264137957,1.715820035131342,0.3344425183140282,0.1330846520468323,0.0459904497377818,0.0091860466041963,8.757206558358067e-06,0.0,0.0,0.0,C4,C4: limit warming to 2°C (>50%)
MESSAGEix-GLOBIOM_1.1,EN_NPi2020_1600f,3.218503264137957,2.545367148347206,0.3346847820452923,0.1332305841319306,0.0460197863378395,0.0092001863691691,8.736950569976754e-06,0.0,0.0,0.0,C5,C5: limit warming to 2.5°C (>50%)
MESSAGEix-GLOBIOM_1.1,EN_NPi2020_1600f_COV,3.218503264137957,1.715820035131342,0.3344181538163747,0.1330960316157027,0.0459536555687591,0.0091838796275566,8.765372809306741e-06,0.0,0.0,0.0,C4,C4: limit warming to 2°C (>50%)
MESSAGEix-GLOBIOM_1.1,EN_NPi2020_1800,3.218503264137957,2.545367148347206,0.3348852940705074,0.1333501057174896,0.0460565472641383,0.00919813310145,8.70670995406978e-06,0.0,0.0,0.0,C5,C5: limit warming to 2.5°C (>50%)
MESSAGEix-GLOBIOM_1.1,EN_NPi2020_1800_COV,3.218503264137957,1.715820035131342,0.334598327908258,0.1332673903512799,0.0460649770157833,0.0091935667808918,8.746825656646455e-06,0.0,0.0,0.0,C5,C5: limit warming to 2.5°C (>50%)
MESSAGEix-GLOBIOM_1.1,EN_NPi2020_1800f,3.218503264137957,2.545367148347206,0.3349017148697753,0.1333769974803155,0.0460711399023868,0.0092031155335868,8.734806030767514e-06,0.0,0.0,0.0,C5,C5: limit warming to 2.5°C (>50%)
MESSAGEix-GLOBIOM_1.1,EN_NPi2020_1800f_COV,3.218503264137957,1.715820035131342,0.3345924186877643,0.1332099028235809,0.0460979061558982,0.009224967777871,8.789326836159853e-06,0.0,0.0,0.0,C5,C5: limit warming to 2.5°C (>50%)
MESSAGEix-GLOBIOM_1.1,EN_NPi2020_2000,3.218503264137957,2.545367148347206,0.3349998915563898,0.1333847884382282,0.0460765377380152,0.0092191530598553,8.780192370180916e-06,0.0,0.0,0.0,C5,C5: limit warming to 2.5°C (>50%)
MESSAGEix-GLOBIOM_1.1,EN_NPi2020_2000_COV,3.218503264137957,1.715820035131342,0.3346932029587841,0.1332605618901441,0.0460649305991744,0.0092279345409041,8.864686333691206e-06,0.0,0.0,0.0,C5,C5: limit warming to 2.5°C (>50%)
MESSAGEix-GLOBIOM_1.1,EN_NPi2020_2000f,3.218503264137957,2.545367148347206,0.3349666620763861,0.133367341013146,0.046095235174817,0.0092489275319944,8.8415183817634e-06,0.0,0.0,0.0,C5,C5: limit warming to 2.5°C (>50%)
MESSAGEix-GLOBIOM_1.1,EN_NPi2020_2000f_COV,3.218503264137957,1.715820035131342,0.3346619513701454,0.1332472911044223,0.0460750267779302,0.0092432148169005,8.89666730670265e-06,0.0,0.0,0.0,C5,C5: limit warming to 2.5°C (>50%)
MESSAGEix-GLOBIOM_1.1,EN_NPi2020_200f,3.218503264137957,2.545367148347206,0.3315364009052517,0.1293839093945175,0.0445543730528229,0.0086020380406283,7.86093498e-06,0.0,0.0,0.0,C2,C2: return warming to 1.5°C (>50%) after a high overshoot
MESSAGEix-GLOBIOM_1.1,EN_NPi2020_2500,3.218503264137957,2.545367148347206,0.3681037742933493,0.1335167828889411,0.0461959169092446,0.0092689626381955,8.884869008865495e-06,0.0,0.0,0.0,C5,C5: limit warming to 2.5°C (>50%)
MESSAGEix-GLOBIOM_1.1,EN_NPi2020_2500_COV,3.218503264137957,1.715820035131342,0.3349525564137009,0.1334610460434187,0.0462097628001856,0.0092710781961914,8.87820867799742e-06,0.0,0.0,0.0,C5,C5: limit warming to 2.5°C (>50%)
MESSAGEix-GLOBIOM_1.1,EN_NPi2020_2500f,3.218503264137957,2.545367148347206,0.3680790659098171,0.1334816923306142,0.0461904869385651,0.0092787653416419,8.898438622592354e-06,0.0,0.0,0.0,C5,C5: limit warming to 2.5°C (>50%)
MESSAGEix-GLOBIOM_1.1,EN_NPi2020_2500f_COV,3.218503264137957,1.715820035131342,0.3348885983806288,0.1334068456765722,0.0461751353088521,0.0092781587902707,8.874171537618094e-06,0.0,0.0,0.0,C5,C5: limit warming to 2.5°C (>50%)
MESSAGEix-GLOBIOM_1.1,EN_NPi2020_3000,3.218503264137957,2.545367148347206,0.368528826656064,0.1336365550088567,0.0462690531345131,0.0092671066104537,8.831589570723077e-06,0.0,0.0,0.0,C6,C6: limit warming to 3°C (>50%)
MESSAGEix-GLOBIOM_1.1,EN_NPi2020_3000_COV,3.218503264137957,1.715820035131342,0.3351537196452429,0.1336318546424386,0.0463221049367052,0.0092245110793058,8.832657729420827e-06,0.0,0.0,0.0,C6,C6: limit warming to 3°C (>50%)
MESSAGEix-GLOBIOM_1.1,EN_NPi2020_3000f,3.218503264137957,2.545367148347206,0.3684683171711329,0.1336331004275637,0.0462381144338167,0.0092594619496815,8.841451316382121e-06,0.0,0.0,0.0,C6,C6: limit warming to 3°C (>50%)
MESSAGEix-GLOBIOM_1.1,EN_NPi2020_3000f_COV,3.218503264137957,1.715820035131342,0.3351563270724178,0.133623806632271,0.0463230201921363,0.0092248996260733,8.84600915086426e-06,0.0,0.0,0.0,C6,C6: limit warming to 3°C (>50%)
MESSAGEix-GLOBIOM_1.1,EN_NPi2020_300f,3.218503264137957,2.545367148347206,0.3322857619170557,0.1298215219751742,0.0445218234781203,0.0085001812843756,7.86093498e-06,0.0,0.0,0.0,C2,C2: return warming to 1.5°C (>50%) after a high overshoot
MESSAGEix-GLOBIOM_1.1,EN_NPi2020_400f,3.218503264137957,2.545367148347206,0.332513214043139,0.131447719949358,0.0449019081699212,0.0088890108064352,8.439869494237715e-06,0.0,0.0,0.0,C2,C2: return warming to 1.5°C (>50%) after a high overshoot
MESSAGEix-GLOBIOM_1.1,EN_NPi2020_450,3.218503264137957,2.545367148347206,0.3258416172488807,0.1267193567730504,0.043504809116964,0.0080681179571008,8.313482133369964e-06,0.0,0.0,0.0,C1,C1: limit warming to 1.5°C (>50%) with no or limited overshoot
MESSAGEix-GLOBIOM_1.1,EN_NPi2020_450f,3.218503264137957,2.545367148347206,0.3325820582959653,0.1319010821170321,0.0448980815137322,0.0088876890915362,8.53337878434545e-06,0.0,0.0,0.0,C2,C2: return warming to 1.5°C (>50%) after a high overshoot
MESSAGEix-GLOBIOM_1.1,EN_NPi2020_500,3.218503264137957,2.545367148347206,0.3290936724674877,0.1277569461936323,0.043929986155163,0.0089365228581586,8.918516556583755e-06,0.0,0.0,0.0,C1,C1: limit warming to 1.5°C (>50%) with no or limited overshoot
MESSAGEix-GLOBIOM_1.1,EN_NPi2020_500f,3.218503264137957,2.545367148347206,0.3327903403737874,0.1321948598941404,0.04493069362493,0.0088846436465904,8.489572874144869e-06,0.0,0.0,0.0,C2,C2: return warming to 1.5°C (>50%) after a high overshoot
MESSAGEix-GLOBIOM_1.1,EN_NPi2020_600,3.218503264137957,2.545367148347206,0.3313795113593689,0.1293636812154565,0.0446357693735091,0.0089233695156261,8.908805722847843e-06,0.0,0.0,0.0,C2,C2: return warming to 1.5°C (>50%) after a high overshoot
MESSAGEix-GLOBIOM_1.1,EN_NPi2020_600_COV,3.218503264137957,1.715820035131342,0.3306514883603461,0.1293015551137889,0.0446143841144555,0.008918707227296,8.884071460033833e-06,0.0,0.0,0.0,C1,C1: limit warming to 1.5°C (>50%) with no or limited overshoot
MESSAGEix-GLOBIOM_1.1,EN_NPi2020_600_DR10p,3.218503264137957,3.693283904927974,0.3335252506817578,0.1294045151880212,0.0439717686050452,0.0087532135703579,8.872619415700574e-06,0.0,0.0,0.0,C2,C2: return warming to 1.5°C (>50%) after a high overshoot
MESSAGEix-GLOBIOM_1.1,EN_NPi2020_600_DR1p,3.218503264137957,1.795914846895168,0.3301881583289581,0.1293412691525057,0.0449574539799462,0.0089278973617134,8.591187516567616e-06,0.0,0.0,0.0,C1,C1: limit warming to 1.5°C (>50%) with no or limited overshoot
MESSAGEix-GLOBIOM_1.1,EN_NPi2020_600_DR2p,3.218503264137957,1.99364580383905,0.3305054371554563,0.1293333230911936,0.0449660140272964,0.0089410666507482,8.675784025820035e-06,0.0,0.0,0.0,C1,C1: limit warming to 1.5°C (>50%) with no or limited overshoot
MESSAGEix-GLOBIOM_1.1,EN_NPi2020_600_DR3p,3.218503264137957,2.039837080303216,0.3311161759279822,0.1297653777282562,0.0450182360242203,0.0089585936815702,8.813592982423845e-06,0.0,0.0,0.0,C1,C1: limit warming to 1.5°C (>50%) with no or limited overshoot
MESSAGEix-GLOBIOM_1.1,EN_NPi2020_600_DR4p,3.218503264137957,2.358453587234338,0.3313757887315962,0.1298579723265412,0.0448847619717608,0.0088971042140623,8.860153712939599e-06,0.0,0.0,0.0,C1,C1: limit warming to 1.5°C (>50%) with no or limited overshoot
MESSAGEix-GLOBIOM_1.1,EN_NPi2020_600f,3.218503264137957,2.545367148347206,0.3329179545702596,0.1323162628317719,0.045062987047501,0.0088842214785919,8.361840140139893e-06,0.0,0.0,0.0,C2,C2: return warming to 1.5°C (>50%) after a high overshoot
MESSAGEix-GLOBIOM_1.1,EN_NPi2020_600f_COV,3.218503264137957,1.715820035131342,0.3325218604537158,0.1322377580210377,0.0453363216852735,0.0089331340131802,8.503303585960268e-06,0.0,0.0,0.0,C2,C2: return warming to 1.5°C (>50%) after a high overshoot
MESSAGEix-GLOBIOM_1.1,EN_NPi2020_600f_DR10p,3.218503264137957,3.693283904927974,0.625869089994204,0.133353266505822,0.0457616078424205,0.0084857532030693,7.86093498e-06,0.0,0.0,0.0,C2,C2: return warming to 1.5°C (>50%) after a high overshoot
MESSAGEix-GLOBIOM_1.1,EN_NPi2020_600f_DR1p,3.218503264137957,1.795914846895168,0.3314795789922732,0.130067511225965,0.0451508054073979,0.0090210269608697,8.801567660844343e-06,0.0,0.0,0.0,C2,C2: return warming to 1.5°C (>50%) after a high overshoot
MESSAGEix-GLOBIOM_1.1,EN_NPi2020_600f_DR2p,3.218503264137957,1.99364580383905,0.3322722675654932,0.1317963024864758,0.0452826104767626,0.0090749022618247,8.79247353883449e-06,0.0,0.0,0.0,C2,C2: return warming to 1.5°C (>50%) after a high overshoot
MESSAGEix-GLOBIOM_1.1,EN_NPi2020_600f_DR3p,3.218503264137957,2.039837080303216,0.3325874255895502,0.1320777582545497,0.0452610318105393,0.0090611471047287,8.73737602829572e-06,0.0,0.0,0.0,C2,C2: return warming to 1.5°C (>50%) after a high overshoot
MESSAGEix-GLOBIOM_1.1,EN_NPi2020_600f_DR4p,3.218503264137957,2.358453587234338,0.3326032816270394,0.1321691317836788,0.0452048018625986,0.0090100378686146,8.599868689833349e-06,0.0,0.0,0.0,C2,C2: return warming to 1.5°C (>50%) after a high overshoot
MESSAGEix-GLOBIOM_1.1,EN_NPi2020_700,3.218503264137957,2.545367148347206,0.3324518907794127,0.1306927935640064,0.0447813662217403,0.0089060506022443,8.842530332338753e-06,0.0,0.0,0.0,C2,C2: return warming to 1.5°C (>50%) after a high overshoot
MESSAGEix-GLOBIOM_1.1,EN_NPi2020_700_COV,3.218503264137957,1.715820035131342,0.3311636621618397,0.1311499581757306,0.0448046296820725,0.0089564787218318,8.821239955523918e-06,0.0,0.0,0.0,C2,C2: return warming to 1.5°C (>50%) after a high overshoot
MESSAGEix-GLOBIOM_1.1,EN_NPi2020_700f,3.218503264137957,2.545367148347206,0.3332479247774743,0.1326071403509093,0.0454755479255274,0.0089572198704521,8.509243994067115e-06,0.0,0.0,0.0,C2,C2: return warming to 1.5°C (>50%) after a high overshoot
MESSAGEix-GLOBIOM_1.1,EN_NPi2020_700f_COV,3.218503264137957,1.715820035131342,0.3327057416077598,0.1324251815853431,0.0455016505261549,0.0089273298018337,8.573727020799276e-06,0.0,0.0,0.0,C2,C2: return warming to 1.5°C (>50%) after a high overshoot
MESSAGEix-GLOBIOM_1.1,EN_NPi2020_800,3.218503264137957,2.545367148347206,0.332604694063254,0.1319453589025768,0.0447118066822308,0.0088890117071325,8.473719868882816e-06,0.0,0.0,0.0,C3,C3: limit warming to 2°C (>67%)
MESSAGEix-GLOBIOM_1.1,EN_NPi2020_800_COV,3.218503264137957,1.715820035131342,0.3324323814181908,0.1318661047789555,0.0449753174114102,0.0089796319438599,8.405260553234643e-06,0.0,0.0,0.0,C3,C3: limit warming to 2°C (>67%)
MESSAGEix-GLOBIOM_1.1,EN_NPi2020_800f,3.218503264137957,2.545367148347206,0.3334929407140211,0.1326861064538639,0.0455981711681289,0.0089753173169764,8.646920285048216e-06,0.0,0.0,0.0,C3,C3: limit warming to 2°C (>67%)
MESSAGEix-GLOBIOM_1.1,EN_NPi2020_800f_COV,3.218503264137957,1.715820035131342,0.3331313697328081,0.1325618652524468,0.0456855887266262,0.0090104786134344,8.686681118770027e-06,0.0,0.0,0.0,C3,C3: limit warming to 2°C (>67%)
MESSAGEix-GLOBIOM_1.1,EN_NPi2020_900,3.218503264137957,2.545367148347206,0.3330192763902378,0.1323823263673201,0.0451718376973784,0.0089694639028899,8.415116548272228e-06,0.0,0.0,0.0,C3,C3: limit warming to 2°C (>67%)
MESSAGEix-GLOBIOM_1.1,EN_NPi2020_900_COV,3.218503264137957,1.715820035131342,0.3328023177510998,0.132285875195652,0.0454451676178772,0.0089735794680308,8.436086136969814e-06,0.0,0.0,0.0,C3,C3: limit warming to 2°C (>67%)
MESSAGEix-GLOBIOM_1.1,EN_NPi2020_900f,3.218503264137957,2.545367148347206,0.3338361165383399,0.1327683948203791,0.045838424816,0.008979369026213,8.678606012875363e-06,0.0,0.0,0.0,C3,C3: limit warming to 2°C (>67%)
MESSAGEix-GLOBIOM_1.1,EN_NPi2020_900f_COV,3.218503264137957,1.715820035131342,0.3332511602730848,0.1325728062572428,0.0457469623145453,0.0090356285279816,8.726830925555901e-06,0.0,0.0,0.0,C3,C3: limit warming to 2°C (>67%)
MESSAGEix-GLOBIOM_1.1,EN_NPi2100,3.218503264137957,2.545367148347206,0.3356184892707406,0.1338242499344537,0.0464216711650758,0.0092549459498112,8.906613198880674e-06,0.0,0.0,0.0,C7,C7: limit warming to 4°C (>50%)
MESSAGEix-GLOBIOM_1.1,EN_NPi2100_COV,3.218503264137957,1.71582003478543,0.3356629419499163,0.1339383470581353,0.0465164837956572,0.0092894414221913,8.95440006783108e-06,0.0,0.0,0.0,C7,C7: limit warming to 4°C (>50%)
MESSAGEix-GLOBIOM_1.1,EN_NoPolicy,3.218503264137957,2.409495911282672,0.3356787629289442,0.1338735595891269,0.0464118194562475,0.0092458553453721,8.891163707598626e-06,0.0,0.0,0.0,C7,C7: limit warming to 4°C (>50%)
MESSAGEix-GLOBIOM_1.1,NGFS2_Below 2°C,3.218503264,1.715820035,0.332954717,0.132460649,0.04559012,0.009029085,8.58e-06,0.0,0.0,0.0,C3,C3: limit warming to 2°C (>67%)
MESSAGEix-GLOBIOM_1.1,NGFS2_Current Policies,3.218503264,1.715820035,0.335662943,0.13392418,0.046470736,0.009254839,8.93e-06,0.0,0.0,0.0,C7,C7: limit warming to 4°C (>50%)
MESSAGEix-GLOBIOM_1.1,NGFS2_Delayed Transition,3.218503264,1.715820035,0.335662943,0.132409656,0.044443738,0.008068316,7.86e-06,0.0,0.0,0.0,C3,C3: limit warming to 2°C (>67%)
MESSAGEix-GLOBIOM_1.1,NGFS2_Divergent Net Zero Policies,3.218503264,1.715820035,0.329276978,0.126466499,0.042902227,0.008079897,7.86e-06,0.0,0.0,0.0,C1,C1: limit warming to 1.5°C (>50%) with no or limited overshoot
MESSAGEix-GLOBIOM_1.1,NGFS2_Nationally Determined Contributions (NDCs),3.218503264,1.715820035,0.334534593,0.133506376,0.04620849,0.009261239,8.91e-06,0.0,0.0,0.0,C5,C5: limit warming to 2.5°C (>50%)
MESSAGEix-GLOBIOM_1.1,NGFS2_Net-Zero 2050,3.218503264,1.715820035,0.330817515,0.129549471,0.044881241,0.008992125,8.94e-06,0.0,0.0,0.0,C1,C1: limit warming to 1.5°C (>50%) with no or limited overshoot
MESSAGEix-GLOBIOM_1.2,COV_GreenPush,3.21850326413796,1.57600861710541,0.336027795422697,0.13408350867735,0.0464970690536047,0.0093013949794853,8.95618279769961e-06,0.0,0.0,0.0,C7,C7: limit warming to 4°C (>50%)
MESSAGEix-GLOBIOM_1.2,COV_GreenPush_1000,3.21850326413796,1.57600861710541,0.333817098995109,0.132632896090984,0.0454828113448191,0.0090875294899835,8.86089735861523e-06,0.0,0.0,0.0,C3,C3: limit warming to 2°C (>67%)
MESSAGEix-GLOBIOM_1.2,COV_GreenPush_550,3.21850326413796,1.57600861710541,0.331170487742019,0.130046821167209,0.044530213869913,0.0090763639906583,8.95786742496252e-06,0.0,0.0,0.0,C1,C1: limit warming to 1.5°C (>50%) with no or limited overshoot
MESSAGEix-GLOBIOM_1.2,COV_GreenPush_max_GDP,3.21850326413796,1.46857595824451,0.335639409355229,0.133715228849061,0.0462249353620812,0.0092253348972724,8.91113026618758e-06,0.0,0.0,0.0,C7,C7: limit warming to 4°C (>50%)
MESSAGEix-GLOBIOM_1.2,COV_GreenPush_min_GDP,3.21850326413796,2.05023925123773,0.336294348947432,0.134279383625855,0.0467043190474149,0.0094033131497957,9.02620508114389e-06,0.0,0.0,0.0,C7,C7: limit warming to 4°C (>50%)
MESSAGEix-GLOBIOM_1.2,COV_NoPolicyNoCOVID,3.21850326413796,1.95761614361171,0.335790921482307,0.133888989148397,0.046382704918968,0.0092568127160716,8.90537552341447e-06,0.0,0.0,0.0,C7,C7: limit warming to 4°C (>50%)
MESSAGEix-GLOBIOM_1.2,COV_NoPolicyNoCOVID_1000,3.21850326413796,1.95761614361171,0.333061231672598,0.132277520358656,0.0453285627698936,0.0091368575113118,8.79076576592877e-06,0.0,0.0,0.0,C3,C3: limit warming to 2°C (>67%)
MESSAGEix-GLOBIOM_1.2,COV_NoPolicyNoCOVID_550,3.21850326413796,1.95761614361171,0.32970433095897,0.128837221161282,0.0446119164729864,0.0091262459025268,8.97115960643062e-06,0.0,0.0,0.0,C1,C1: limit warming to 1.5°C (>50%) with no or limited overshoot
MESSAGEix-GLOBIOM_1.2,COV_Restore,3.21850326413796,2.5420667333796,0.335892425681336,0.13404389275796,0.0464563136928196,0.0093037142193491,8.96256967066978e-06,0.0,0.0,0.0,C7,C7: limit warming to 4°C (>50%)
MESSAGEix-GLOBIOM_1.2,COV_Restore_1000,3.21850326413796,2.5420667333796,0.333294733913361,0.13235331780364,0.0454708327865343,0.0091180745082398,8.86137971997171e-06,0.0,0.0,0.0,C3,C3: limit warming to 2°C (>67%)
MESSAGEix-GLOBIOM_1.2,COV_Restore_550,3.21850326413796,2.5420667333796,0.3301166951835,0.129485910376529,0.0444975868997077,0.0090906078941965,8.96369636951818e-06,0.0,0.0,0.0,C1,C1: limit warming to 1.5°C (>50%) with no or limited overshoot
MESSAGEix-GLOBIOM_1.2,COV_SelfReliance,3.21850326413796,1.32987993779034,0.335721073118394,0.133837536659203,0.0462973621459313,0.0092724116863621,8.93688972501756e-06,0.0,0.0,0.0,C7,C7: limit warming to 4°C (>50%)
MESSAGEix-GLOBIOM_1.2,COV_SelfReliance_1000,3.21850326413796,1.32987993779034,0.332819338186458,0.131958403915953,0.0450243948665781,0.0090071738724334,8.73613815446612e-06,0.0,0.0,0.0,C3,C3: limit warming to 2°C (>67%)
MESSAGEix-GLOBIOM_1.2,COV_SelfReliance_550,3.21850326413796,1.32987993779034,0.329603103689849,0.127810099461281,0.043978862889468,0.0090377575278397,8.94593802318089e-06,0.0,0.0,0.0,C1,C1: limit warming to 1.5°C (>50%) with no or limited overshoot
MESSAGEix-GLOBIOM_1.2,COV_SelfReliance_max_GDP,3.21850326413796,1.48253614845069,0.335376871969859,0.13349608316776,0.0460022941142064,0.0091375388339878,8.77117463035132e-06,0.0,0.0,0.0,C7,C7: limit warming to 4°C (>50%)
MESSAGEix-GLOBIOM_1.2,COV_SelfReliance_min_GDP,3.21850326413796,1.78487618531002,0.336138755517451,0.134184692933758,0.0465557343438686,0.009330320911228,9.01903859692167e-06,0.0,0.0,0.0,C7,C7: limit warming to 4°C (>50%)
MESSAGEix-GLOBIOM_1.2,COV_SmartUse,3.21850326413796,1.37950899923722,0.335874117950226,0.134008348520542,0.0464306162460308,0.009302511177881,8.95389952545858e-06,0.0,0.0,0.0,C7,C7: limit warming to 4°C (>50%)
MESSAGEix-GLOBIOM_1.2,COV_SmartUse_1000,3.21850326413796,1.37950899923722,0.333388238310578,0.132664574208904,0.0456120436886148,0.0091226361660546,8.84461050240879e-06,0.0,0.0,0.0,C3,C3: limit warming to 2°C (>67%)
MESSAGEix-GLOBIOM_1.2,COV_SmartUse_550,3.21850326413796,1.37950899923722,0.331043478084618,0.130084819973355,0.0445115956759893,0.0090559967579602,8.95031795268068e-06,0.0,0.0,0.0,C1,C1: limit warming to 1.5°C (>50%) with no or limited overshoot
MESSAGEix-GLOBIOM_GEI 1.0,SSP2_int_lc_15,2.54909691666521,1.13350831972787,0.679115820232722,0.31700087327341,0.097795701123226,0.0365684644036731,0.831774972842622,0.0,0.0,0.0,C5,C5: limit warming to 2.5°C (>50%)
MESSAGEix-GLOBIOM_GEI 1.0,SSP2_int_lc_50,2.54909691666521,1.13350831972787,0.612519066066141,0.271122152051701,0.0953970077908107,0.0249540437190514,2.44152135385228e-05,0.0,0.0,0.0,C3,C3: limit warming to 2°C (>67%)
MESSAGEix-GLOBIOM_GEI 1.0,SSP2_int_mc_15,2.54909691666521,1.13350831972787,0.632917594746295,0.274015315425068,0.0966338834121826,0.0250096412205922,2.4342252366134e-05,0.0,0.0,0.0,C5,C5: limit warming to 2.5°C (>50%)
MESSAGEix-GLOBIOM_GEI 1.0,SSP2_int_mc_50,2.54909691666521,1.13350831972787,0.612971914089784,0.271415256408295,0.09501154689339,0.0249867597184379,2.45399677291397e-05,0.0,0.0,0.0,C2,C2: return warming to 1.5°C (>50%) after a high overshoot
MESSAGEix-GLOBIOM_GEI 1.0,SSP2_noint_lc_15,2.54909691666521,1.13350831972787,0.6796842620187722,0.3174257003831834,0.0979411158805124,0.0249614166012102,0.5506203490179921,0.0,0.0,0.0,C5,C5: limit warming to 2.5°C (>50%)
MESSAGEix-GLOBIOM_GEI 1.0,SSP2_noint_lc_50,2.54909691666521,1.13350831972787,0.613339487157293,0.27152869937267,0.0955330480656969,0.0249705143297102,2.44166520464284e-05,0.0,0.0,0.0,C3,C3: limit warming to 2°C (>67%)
MESSAGEix-GLOBIOM_GEI 1.0,SSP2_noint_mc_15,2.54909691666521,1.13350831972787,0.633324564311467,0.274308154289568,0.0966999774125556,0.0250416872988146,2.43502162918163e-05,0.0,0.0,0.0,C5,C5: limit warming to 2.5°C (>50%)
MESSAGEix-GLOBIOM_GEI 1.0,SSP2_noint_mc_50,2.54909691666521,1.13350831972787,0.61357099664495,0.27171883752241,0.0951692263017091,0.0249989668137993,2.45356283766718e-05,0.0,0.0,0.0,C2,C2: return warming to 1.5°C (>50%) after a high overshoot
MESSAGEix-GLOBIOM_GEI 1.0,SSP2_openres_lc_100,2.54909691666521,1.13350831972787,0.607804496083762,0.270689816878728,0.0947701887783647,0.0250400938074417,2.40243267221338e-05,0.0,0.0,0.0,C2,C2: return warming to 1.5°C (>50%) after a high overshoot
MESSAGEix-GLOBIOM_GEI 1.0,SSP2_openres_lc_120,2.54909691666521,1.13350831972787,0.608428401782501,0.272186351859272,0.0951567636162225,0.0249602140586906,2.35216225325836e-05,0.0,0.0,0.0,C2,C2: return warming to 1.5°C (>50%) after a high overshoot
MESSAGEix-GLOBIOM_GEI 1.0,SSP2_openres_lc_15,2.54909691666521,1.13350831972787,0.660377621957772,0.316541099602578,0.0939871678291589,0.0242261164935909,0.80719425454504,0.0,0.0,0.0,C5,C5: limit warming to 2.5°C (>50%)
MESSAGEix-GLOBIOM_GEI 1.0,SSP2_openres_lc_50,2.54909691666521,1.13350831972787,0.630500203636121,0.291068824412261,0.113406716605236,0.0236661906882808,2.1471542572e-05,0.0,0.0,0.0,C3,C3: limit warming to 2°C (>67%)
MESSAGEix-GLOBIOM_GEI 1.0,SSP2_openres_lc_80,2.54909691666521,1.13350831972787,0.607641965833498,0.270311390699946,0.0948888197290939,0.0249665849977269,2.41668975583446e-05,0.0,0.0,0.0,C2,C2: return warming to 1.5°C (>50%) after a high overshoot
MESSAGEix-GLOBIOM_GEI 1.0,SSP2_openres_lc_CB400,2.54909691666521,1.13350831972787,0.608010297032359,0.274721784442978,0.0953666985477534,0.0237558358261782,2.1471542572e-05,0.0,0.0,0.0,C2,C2: return warming to 1.5°C (>50%) after a high overshoot
MESSAGEix-GLOBIOM_GEI 1.0,SSP2_openres_lc_CB450,2.54909691666521,1.13350831972787,0.607991842211579,0.274630237462067,0.0955701165041706,0.0242520696375323,2.1471542572e-05,0.0,0.0,0.0,C2,C2: return warming to 1.5°C (>50%) after a high overshoot
MESSAGEix-GLOBIOM_GEI 1.0,SSP2_openres_lc_CB500,2.54909691666521,1.13350831972787,0.607704585745105,0.274293851968358,0.0955547527975512,0.0244128632257638,2.1471542572e-05,0.0,0.0,0.0,C2,C2: return warming to 1.5°C (>50%) after a high overshoot
MESSAGEix-GLOBIOM_GEI 1.0,SSP2_openres_lc_CB550,2.54909691666521,1.13350831972787,0.607152690336382,0.274024743827843,0.0962549690116408,0.0248339915493749,2.1471542572e-05,0.0,0.0,0.0,C2,C2: return warming to 1.5°C (>50%) after a high overshoot
MESSAGEix-GLOBIOM_GEI 1.0,SSP2_openres_lc_CB600,2.54909691666521,1.13350831972787,0.607559591080131,0.274064529643777,0.0961963829435381,0.0249772134411589,2.16500308477529e-05,0.0,0.0,0.0,C2,C2: return warming to 1.5°C (>50%) after a high overshoot
MESSAGEix-GLOBIOM_GEI 1.0,SSP2_openres_mc_15,2.54909691666521,1.13350831972787,0.614591597004212,0.27414201230178,0.0964309623993311,0.0248971819256993,2.42911814447558e-05,0.0,0.0,0.0,C5,C5: limit warming to 2.5°C (>50%)
MESSAGEix-GLOBIOM_GEI 1.0,SSP2_openres_mc_50,2.54909691666521,1.13350831972787,0.612488825209974,0.271347093808299,0.0940750073798967,0.0248850804756204,2.43904568448045e-05,0.0,0.0,0.0,C2,C2: return warming to 1.5°C (>50%) after a high overshoot
MUSE 1.0,CSH,3.3716554884068066,1.7,1.158,0.398,0.0,0.0,0.0,0.0,0.0,0.0,failed-vetting,failed-vetting
MUSE 1.0,PCSH,3.3716554884068066,1.7,1.158,0.398,0.0,0.0,0.0,0.0,0.0,0.0,no-climate-assessment,no-climate-assessment
MUSE 1.0,PR_Baseline,3.3716554884068066,1.7004,1.1574,0.3985,0.0,0.0,0.0,0.0,0.0,0.0,failed-vetting,failed-vetting
MUSE 1.0,PR_CP_Intensity,3.3716554884068066,1.7004,1.1574,0.3985,0.0,0.0,0.0,0.0,0.0,0.0,no-climate-assessment,no-climate-assessment
MUSE 1.0,PR_CP_Price,3.3716554884068066,1.7004,1.1574,0.3985,0.0,0.0,0.0,0.0,0.0,0.0,no-climate-assessment,no-climate-assessment
MUSE 1.0,PR_CP_PriceOnly,3.3716554884068066,1.7004,1.1574,0.3985,0.0,0.0,0.0,0.0,0.0,0.0,failed-vetting,failed-vetting
MUSE 1.0,PR_NDC_Intensity,3.3716554884068066,1.7004,1.1574,0.3985,0.0,0.0,0.0,0.0,0.0,0.0,no-climate-assessment,no-climate-assessment
MUSE 1.0,PR_NDC_Price,3.3716554884068066,1.7004,1.1574,0.3985,0.0,0.0,0.0,0.0,0.0,0.0,no-climate-assessment,no-climate-assessment
MUSE 1.0,PR_NDC_PriceOnly,3.3716554884068066,1.7004,1.1574,0.3985,0.0,0.0,0.0,0.0,0.0,0.0,failed-vetting,failed-vetting
MUSE 1.0,R,3.3716554884068066,1.7,1.158,0.398,0.0,0.0,0.0,0.0,0.0,0.0,failed-vetting,failed-vetting
MUSE 1.0,SH,3.3716554884068066,1.7,1.158,0.398,0.0,0.0,0.0,0.0,0.0,0.0,failed-vetting,failed-vetting
McKinsey 1.0,1.5C A,3.3716554884068066,2.868747224815319,0.0,2.0751121673878226,0.0,2.0941392227748548,1.976037528090142,1.8552840132117032,1.7468998591689557,1.6286608853614093,failed-vetting,failed-vetting
McKinsey 1.0,1.5C B,3.3716554884068066,2.868747224815319,0.0,2.0751121673878226,0.0,2.0941392227748548,1.976037528090142,1.8552840132117032,1.7468998591689557,1.6286608853614093,failed-vetting,failed-vetting
McKinsey 1.0,1.5C C,3.3716554884068066,2.868747224815319,0.0,2.0751121673878226,0.0,2.0941392227748548,1.976037528090142,1.8552840132117032,1.7468998591689557,1.6286608853614093,failed-vetting,failed-vetting
POLES ADVANCE,ADVANCE_2020_1.5C-2100,3.41732100708,3.7216281975165,3.2309296376715,0.646947160781625,0.0256119489695742,0.0081640720028671,0.0073591245505107,0.0298951922755547,0.0285399878357812,0.0466411239695391,C1,C1: limit warming to 1.5°C (>50%) with no or limited overshoot
POLES ADVANCE,ADVANCE_2020_Med2C,3.41732100708,3.721406082543,3.898308169188,3.5643964508955,1.71592087267125,0.203009428870875,0.0334028563539609,0.0305837880754922,0.0858472544123437,0.1235259259776559,C3,C3: limit warming to 2°C (>67%)
POLES ADVANCE,ADVANCE_2020_WB2C,3.41732100708,3.721406082543,3.795174808524,2.7909610575795,0.3726843961185,0.0262897691974453,0.0102929938117031,0.0120746640640078,0.0252458713687148,0.0323757750282187,C2,C2: return warming to 1.5°C (>50%) after a high overshoot
POLES ADVANCE,ADVANCE_2030_1.5C-2100,3.41732100708,3.721406082543,3.951054511821,0.48923320862925,0.0443223172063125,0.0017490180624917,0.0045843000255,0.0206158090059141,0.0372726914707969,0.0367569443561484,C2,C2: return warming to 1.5°C (>50%) after a high overshoot
POLES ADVANCE,ADVANCE_2030_Med2C,3.41732100708,3.721406082543,3.949442321679,3.282522197661,1.16241846016725,0.130969703116406,0.0333417648907266,0.0359302369818516,0.0858331120234219,0.1262947539645,C3,C3: limit warming to 2°C (>67%)
POLES ADVANCE,ADVANCE_2030_Price1.5C,3.41732100708,3.721406082543,3.949442321679,0.660306633804,0.106264651538672,0.003395508200622,0.0191917738194609,0.040920183057375,0.0504623784684375,0.0250145139115547,C2,C2: return warming to 1.5°C (>50%) after a high overshoot
POLES ADVANCE,ADVANCE_2030_WB2C,3.41732100708,3.721406082543,3.949442321679,2.589020739864,0.50082707014875,0.0169465306859297,0.0049765333100976,0.018074709698168,0.0222643695605977,0.0270845102719687,C2,C2: return warming to 1.5°C (>50%) after a high overshoot
POLES ADVANCE,ADVANCE_INDC,3.41732100708,3.721406082543,3.949442321679,3.87261394506,2.2694094451845,0.809221839967125,0.325044925682062,0.226984934310187,0.2226202597476559,0.195424973289562,C5,C5: limit warming to 2.5°C (>50%)
POLES ADVANCE,ADVANCE_NoPolicy,3.41732100708,3.63955750245,3.5841428546085,3.3317554330485,1.993823273601,0.92745074859075,0.470683851595875,0.371772813313125,0.359046913688437,0.345202281478125,C7,C7: limit warming to 4°C (>50%)
POLES ADVANCE,ADVANCE_Reference,3.41732100708,3.717080354052,3.6599824032705,3.401197755417,2.045650550832,0.9594203395815,0.4905827202476249,0.387879299458875,0.382219333973437,0.356987511812812,C7,C7: limit warming to 4°C (>50%)
POLES CD-LINKS,CD-LINKS_INDC2030i_1600,3.34259438514709,5.18082571029663,4.913081645965582,3.694159269332889,3.21070528030396,2.01399087905884,0.813478589057922,0.613158285617828,0.610748052597046,0.7850483655929571,failed-vetting,failed-vetting
POLES CD-LINKS,CD-LINKS_INDC2030i_400,3.34259438514709,5.18802165985107,4.92286968231201,1.340019702911379,1.26300871372223,0.25146496295929,0.02047256194055,0.013538495637476,0.015060042962431,0.028811875730752,failed-vetting,failed-vetting
POLES CD-LINKS,CD-LINKS_INDCi,3.34259438514709,5.18622541427612,4.82416152954102,4.36574983596802,4.9537239074707,4.11462116241455,3.53228950500488,3.67137718200684,3.7227931022644,3.756757497787479,failed-vetting,failed-vetting
POLES CD-LINKS,CD-LINKS_NDC2030i_1000,3.34259438514709,5.18082571029663,4.913081645965582,2.724396228790279,2.52925157546997,0.7047019600868231,0.276178151369094,0.200754046440124,0.2379067093133931,0.338580846786498,failed-vetting,failed-vetting
POLES CD-LINKS,CD-LINKS_NPi,3.34259438514709,5.07898664474487,4.772741317749019,4.50430774688721,5.16599035263062,4.66333484649658,4.07649755477905,4.03793573379517,4.03876781463623,3.941754579544069,failed-vetting,failed-vetting
POLES CD-LINKS,CD-LINKS_NPi2020_1000,3.34259438514709,5.07401371002197,4.93609380722046,3.022748708724979,2.461833953857419,0.7551807165145871,0.29381650686264,0.2397092878818511,0.287588477134705,0.3820259869098661,failed-vetting,failed-vetting
POLES CD-LINKS,CD-LINKS_NPi2020_1600,3.34259438514709,5.07401371002197,4.96437883377075,4.0147442817688,3.329505443573,2.02875423431396,0.7758906483650211,0.613025426864624,0.606480300426482,0.7883309125900271,failed-vetting,failed-vetting
POLES CD-LINKS,CD-LINKS_NPi2020_400,3.34259438514709,5.07401371002197,4.25558853149414,1.93528771400452,1.163228034973139,0.2300414592027661,0.049965616315603,0.04636837169528,0.067372046411037,0.086288660764694,failed-vetting,failed-vetting
POLES CD-LINKS,CD-LINKS_NoPolicy,3.34259438514709,5.18953800201416,5.211175441741942,4.920090675354,5.47694206237793,4.94648504257202,4.29130363464355,4.18520259857178,4.26591348648071,4.10246706008911,C7,C7: limit warming to 4°C (>50%)
POLES EMF30,EMF30_BCOC-EndU,3.465107907174,3.975755407182001,3.61814714928,4.19679378693,4.434555826395,3.4182713531115,2.648306759427,2.617862380425,2.3314270063365,2.079305357606999,C7,C7: limit warming to 4°C (>50%)
POLES EMF30,EMF30_Baseline,3.465107907174,3.777782778521999,3.5203686273135,4.09751491995,4.380975033588,3.444750743543999,2.718818249211,2.7155072283345,2.4678447571125,2.0981252695815,C7,C7: limit warming to 4°C (>50%)
POLES EMF30,EMF30_CH4-Only,3.465107907174,3.775962650957999,3.5084896394805,4.084221777615,4.365262705878,3.4312440377745,2.720290464162,2.716536338541,2.46727652985,2.105002732301999,failed-vetting,failed-vetting
POLES EMF30,EMF30_ClimPolicy,3.465107907174,4.218313509783,3.3314948361495,3.807859441347,1.088305759782,0.21123910369575,0.13933157517,0.149340476448,0.135545943879,0.106457166653905,failed-vetting,failed-vetting
POLES EMF30,EMF30_ClimPolicy+SLCF,3.465107907174,4.415579961354,3.363264928737,3.908241456858,1.30519878099975,0.215439653408625,0.154846978377469,0.146284637433469,0.152398425217219,0.107608656697312,failed-vetting,failed-vetting
POLES EMF30,EMF30_D_BCOC-Red,3.465107907174,3.777782778521999,3.5203686273135,4.09751491995,4.380975033588,3.444750743543999,2.718818249211,2.7155072283345,2.4678447571125,2.0981252695815,C7,C7: limit warming to 4°C (>50%)
POLES EMF30,EMF30_D_CH4-ClimPolicy,3.465107907174,3.775962650957999,3.508484013468,4.084093954611,4.3651555866,3.431102712340499,2.720167141968,2.7169461372915,2.466896661486,2.1031351211925,failed-vetting,failed-vetting
POLES EMF30,EMF30_D_CO2-Only,3.465107907174,4.219924799763,3.331260118908,3.805230968307,1.0816470364275,0.2098075366850611,0.138835670298187,0.14866929315675,0.134367364585406,0.10539991935239,C4,C4: limit warming to 2°C (>50%)
POLES EMF30,EMF30_D_Frozen-CH4,3.465107907174,3.777859742373,3.520564412548499,4.097455959339,4.380783749163,3.4445101752495,2.719180564416,2.715800006025,2.468157788448,2.1000853723365,C7,C7: limit warming to 4°C (>50%)
POLES EMF30,EMF30_D_Frozen-EF,3.465107907174,3.777859742373,3.520564412548499,4.097455959339,4.380783749163,3.4445101752495,2.719180564416,2.715800006025,2.468157788448,2.1000853723365,C7,C7: limit warming to 4°C (>50%)
POLES EMF30,EMF30_D_Frozen-EF-EndU,3.465107907174,3.777782778521999,3.5203686273135,4.09751491995,4.380975033588,3.444750743543999,2.718818249211,2.7155072283345,2.4678447571125,2.0981252695815,C7,C7: limit warming to 4°C (>50%)
POLES EMF30,EMF30_D_Frozen-EF-SLCF,3.465107907174,3.777859742373,3.520564412548499,4.097455959339,4.380783749163,3.4445101752495,2.719180564416,2.715800006025,2.468157788448,2.1000853723365,C7,C7: limit warming to 4°C (>50%)
POLES EMF30,EMF30_SLCF,3.465107907174,3.972742114886998,3.6079732933155,4.186854198126,4.424962799961,3.4145667364005,2.650468048389,2.613499295211,2.3391517465395,2.075672753856,failed-vetting,failed-vetting
POLES EMF30,EMF30_Slower-Action,3.465107907174,3.962539228697999,3.642677914023,4.242189856752,5.662588332465,4.501492322796,3.3762994995375,2.3655814030215,1.48935819872925,1.0614190460445,failed-vetting,failed-vetting
POLES EMF30,EMF30_Slower-Action+SLCF,3.465107907174,4.152629588805,3.717490377843,4.306772429523,5.674803080724,4.500052063596,3.291741656865,2.261986934373,1.53483472053,0.9579291087082492,failed-vetting,failed-vetting
POLES EMF30,EMF30_Slower-to-faster,3.465107907174,3.962539228697999,3.642677914023,2.952952185734999,1.07296463637675,0.152825847451875,0.0790402645309209,0.0820484934146709,0.085763433858609,0.067115895874593,C2,C2: return warming to 1.5°C (>50%) after a high overshoot
POLES EMF30,EMF30_Slower-to-faster+SLCF,3.465107907174,4.152629588805,3.7174910529645,3.005624940124499,1.07727933788325,0.147932609014969,0.078095572641984,0.082533976098328,0.087275593498359,0.068737193124328,failed-vetting,failed-vetting
POLES EMF30,EMF30_Slower-to-faster+SLCF+HFC,3.465107907174,4.152629588805,3.7174910529645,3.005624940124499,1.07727933788325,0.147932609014969,0.078095572641984,0.082533976098328,0.087275593498359,0.068737193124328,failed-vetting,failed-vetting
POLES EMF33,EMF33_1.5C_cost100,3.291262149810789,4.12116098403931,2.39768981933594,2.37489295005798,1.8229433298111,0.382137924432755,0.330683290958405,0.353717565536498,0.423812508583069,0.434446454048157,failed-vetting,failed-vetting
POLES EMF33,EMF33_1.5C_full,3.291262149810789,4.12113332748413,2.71650767326355,3.04879903793335,2.563636302948,0.7235700488090521,0.3361234962940221,0.416545897722244,0.5226335525512701,0.55107581615448,failed-vetting,failed-vetting
POLES EMF33,EMF33_1.5C_limbio,3.291262149810789,4.150187969207759,0.283372104167937,0.519114017486572,0.543162345886229,0.320470362901688,0.2131409645080571,0.2385835945606231,0.258509874343872,0.315533429384231,failed-vetting,failed-vetting
POLES EMF33,EMF33_1.5C_nofuel,3.291262149810789,4.12121915817261,2.13025283813477,1.99950051307678,1.2435587644577,0.322650164365768,0.254887282848358,0.207807198166846,0.286665707826614,0.332483321428299,failed-vetting,failed-vetting
POLES EMF33,EMF33_Baseline,3.291262149810789,4.120861053466799,4.49646234512329,5.34834146499634,5.81321382522583,4.746973037719731,3.11342453956604,2.465887069702149,1.76852238178253,1.77751290798187,C7,C7: limit warming to 4°C (>50%)
POLES EMF33,EMF33_Med2C_cost100,3.291262149810789,4.12116098403931,4.84916067123413,6.857567310333249,6.709397315979,3.58116126060486,2.15036368370056,2.13591527938843,2.58199882507324,2.5778272151947,C3,C3: limit warming to 2°C (>67%)
POLES EMF33,EMF33_Med2C_full,3.291262149810789,4.120861053466799,4.88435411453247,6.7721529006958,6.52612543106079,3.505271434783939,1.93707990646362,1.83944773674011,2.2673602104187,2.16132831573486,C3,C3: limit warming to 2°C (>67%)
POLES EMF33,EMF33_Med2C_limbio,3.291262149810789,4.12117147445679,4.66518497467041,6.735339164733889,6.6844801902771,3.50789213180542,2.03167605400085,2.12450170516968,1.93236792087555,2.24907064437866,C3,C3: limit warming to 2°C (>67%)
POLES EMF33,EMF33_Med2C_nobeccs,3.291262149810789,4.12113332748413,4.60452032089233,6.14513969421387,5.222492694854741,3.044254302978519,2.021997213363649,1.90709066390991,1.41097772121429,1.06912624835968,C3,C3: limit warming to 2°C (>67%)
POLES EMF33,EMF33_Med2C_nofuel,3.291262149810789,4.121257305145259,4.84954023361206,6.62666416168213,6.46217489242554,3.21090221405029,1.72255229949951,1.5369781255722,1.92931628227234,1.91704666614532,C3,C3: limit warming to 2°C (>67%)
POLES EMF33,EMF33_Med2C_none,3.291262149810789,4.12121963500977,4.55809259414673,6.019906997680661,4.86768293380737,2.66959571838379,1.6689647436142,1.52048194408417,0.916093051433562,0.662597358226776,C3,C3: limit warming to 2°C (>67%)
POLES EMF33,EMF33_WB2C_cost100,3.291262149810789,4.12116098403931,4.40410804748535,5.871807098388669,5.047059059143071,2.202406167984009,1.25755727291107,1.29525136947632,1.49727475643158,1.64491331577301,C1,C1: limit warming to 1.5°C (>50%) with no or limited overshoot
POLES EMF33,EMF33_WB2C_full,3.291262149810789,4.12113332748413,4.49981546401978,6.10929679870605,5.472912311553959,2.4713442325592,1.42088329792023,1.43134200572968,1.4920734167099,1.7020890712738,C1,C1: limit warming to 1.5°C (>50%) with no or limited overshoot
POLES EMF33,EMF33_WB2C_limbio,3.291262149810789,4.12113332748413,4.15604162216187,4.627007961273192,4.380926132202149,2.47952270507812,1.94399428367615,1.7032927274704,1.39103257656097,1.58788013458252,failed-vetting,failed-vetting
POLES EMF33,EMF33_WB2C_nobeccs,3.291262149810789,4.12113332748413,3.49349522590637,2.752730369567869,1.587405204772949,0.4843044579029071,0.2394665479660031,0.247465416789054,0.278771758079529,0.280693739652633,failed-vetting,failed-vetting
POLES EMF33,EMF33_WB2C_nofuel,3.291262149810789,4.12121963500977,4.40881299972534,5.87522459030151,4.97557830810547,1.94392895698547,1.00302636623383,0.9778232574462892,1.21010780334473,1.268725395202639,C1,C1: limit warming to 1.5°C (>50%) with no or limited overshoot
POLES EMF33,EMF33_WB2C_none,3.291262149810789,4.12121915817261,3.471392869949339,2.60126733779907,1.36749577522278,0.32156303524971,0.2114465981721881,0.174926713109016,0.2033510208129881,0.199331015348434,failed-vetting,failed-vetting
POLES EMF33,EMF33_tax_hi_full,3.291262149810789,4.0844349861145,4.96592664718628,6.364691257476809,8.00902366638184,5.413329601287839,2.67475056648254,1.12979173660278,2.52937364578247,2.6065993309021,C4,C4: limit warming to 2°C (>50%)
POLES EMF33,EMF33_tax_hi_none,3.291262149810789,4.08453369140625,4.87940740585327,6.15158033370972,7.78957223892212,6.915723323822019,4.70127248764038,3.98451066017151,3.34433746337891,2.49385523796082,C4,C4: limit warming to 2°C (>50%)
POLES EMF33,EMF33_tax_lo_full,3.291262149810789,4.0844349861145,4.93091058731079,6.18420600891113,7.02074193954468,7.253365993499759,6.46273040771484,5.294506072998049,3.72142839431763,2.31379103660583,C5,C5: limit warming to 2.5°C (>50%)
POLES EMF33,EMF33_tax_lo_none,3.291262149810789,4.08453369140625,4.78466320037842,5.925061225891112,6.63438749313354,6.9910306930542,6.23290777206421,4.999048233032231,3.55667114257812,2.73122835159302,C5,C5: limit warming to 2.5°C (>50%)
POLES ENGAGE,EN_INDCi2030_1000,3.404841184616089,4.322630405426025,3.824367761611938,1.642869234085083,1.084977507591248,0.8316903114318848,0.6177653670310974,0.910329043865204,0.8081011176109314,0.8175820112228394,C4,C4: limit warming to 2°C (>50%)
POLES ENGAGE,EN_INDCi2030_1000_COV,3.404841184616089,3.700318813323975,3.586759567260742,1.79240620136261,1.173700213432312,0.8163824081420898,0.5803343653678894,0.5068680047988892,0.560010552406311,0.6769956350326538,C4,C4: limit warming to 2°C (>50%)
POLES ENGAGE,EN_INDCi2030_1000_COV_NDCp,3.404841184616089,3.70031213760376,3.50184965133667,1.76017701625824,1.143457889556885,0.8528161644935608,0.6009976863861084,0.5280922651290894,0.5717681646347046,0.6837984919548035,C4,C4: limit warming to 2°C (>50%)
POLES ENGAGE,EN_INDCi2030_1000_NDCp,3.404841184616089,4.308687210083008,3.644933938980103,1.690392971038818,1.20685625076294,0.9535703063011168,0.7657721042633057,0.5653600096702576,0.6229276657104492,0.7197103500366211,C4,C4: limit warming to 2°C (>50%)
POLES ENGAGE,EN_INDCi2030_1000f,3.404841184616089,4.322630405426025,3.824367761611938,2.170965433120728,1.414589524269104,0.9900540709495544,0.7185156941413879,0.3533929586410522,0.2476790100336074,0.2089902758598327,C4,C4: limit warming to 2°C (>50%)
POLES ENGAGE,EN_INDCi2030_1000f_COV,3.404841184616089,3.700318813323975,3.586759567260742,2.217727899551392,1.35413384437561,0.8765800595283508,0.6018222570419312,0.3458764851093292,0.2332236170768737,0.2200654149055481,C4,C4: limit warming to 2°C (>50%)
POLES ENGAGE,EN_INDCi2030_1000f_COV_NDCp,3.404841184616089,3.70031213760376,3.501881837844849,2.209398984909058,1.343333721160889,0.9036187529563904,0.6243295669555664,0.3911696672439575,0.2657658457756042,0.2344503104686737,C4,C4: limit warming to 2°C (>50%)
POLES ENGAGE,EN_INDCi2030_1000f_NDCp,3.404841184616089,4.308687210083008,3.644935607910156,2.056509494781494,1.388096570968628,1.061463832855225,0.8019486665725708,0.4511756300926208,0.347092866897583,0.2683731317520141,C4,C4: limit warming to 2°C (>50%)
POLES ENGAGE,EN_INDCi2030_1200,3.404841184616089,4.322630405426025,3.824367761611938,2.343042612075806,1.510434985160828,1.069373488426208,0.7758950591087341,0.5617377161979675,0.6148481369018555,0.6453244090080261,C4,C4: limit warming to 2°C (>50%)
POLES ENGAGE,EN_INDCi2030_1200f,3.404841184616089,4.322630405426025,3.824367761611938,2.692163705825806,1.768320918083191,1.249212741851807,0.9175208806991576,0.5316994190216064,0.3573665618896484,0.3034678101539612,C4,C4: limit warming to 2°C (>50%)
POLES ENGAGE,EN_INDCi2030_1400,3.404841184616089,4.322630405426025,3.824367761611938,3.024697065353394,2.088850498199463,1.480792045593261,1.289329767227173,0.9679359197616576,0.6909420490264893,0.7293053865432739,C5,C5: limit warming to 2.5°C (>50%)
POLES ENGAGE,EN_INDCi2030_1400f,3.404841184616089,4.322630405426025,3.824367761611938,3.073060512542725,2.127981662750244,1.438936233520508,1.257895946502686,0.9574941396713256,0.6492113471031189,0.4770641326904297,C5,C5: limit warming to 2.5°C (>50%)
POLES ENGAGE,EN_INDCi2030_1600,3.404841184616089,4.322630405426025,3.824367761611938,3.297345399856567,2.444486618041992,1.619322776794434,1.391240835189819,1.154805421829224,0.880373477935791,0.7158713340759277,C5,C5: limit warming to 2.5°C (>50%)
POLES ENGAGE,EN_INDCi2030_1600f,3.404841184616089,4.322630405426025,3.824367761611938,3.297345399856567,2.444486618041992,1.619322776794434,1.391240835189819,1.154805421829224,0.880373477935791,0.7158713340759277,C5,C5: limit warming to 2.5°C (>50%)
POLES ENGAGE,EN_INDCi2030_1800,3.404841184616089,4.322630405426025,3.824367761611938,3.429332494735718,2.812156438827514,1.913943529129028,1.596839070320129,1.426481127738953,1.22028648853302,1.070614218711853,C5,C5: limit warming to 2.5°C (>50%)
POLES ENGAGE,EN_INDCi2030_1800f,3.404841184616089,4.322630405426025,3.824367761611938,3.429332494735718,2.812156438827514,1.913943529129028,1.596839070320129,1.426481127738953,1.22028648853302,1.070614218711853,C5,C5: limit warming to 2.5°C (>50%)
POLES ENGAGE,EN_INDCi2030_2000,3.404841184616089,4.322630405426025,3.824367761611938,3.470388650894165,2.994574785232544,2.074360370635986,1.673870086669922,1.578874111175537,1.41970157623291,1.173569798469544,C5,C5: limit warming to 2.5°C (>50%)
POLES ENGAGE,EN_INDCi2030_2000f,3.404841184616089,4.322630405426025,3.824367761611938,3.470388650894165,2.994574785232544,2.074360370635986,1.673870086669922,1.578874111175537,1.41970157623291,1.173569798469544,C5,C5: limit warming to 2.5°C (>50%)
POLES ENGAGE,EN_INDCi2030_2500,3.404841184616089,4.322630405426025,3.824367761611938,3.582811117172241,3.771443367004395,2.832144737243652,2.120233058929444,2.093737125396729,2.092034578323364,1.723737597465515,C6,C6: limit warming to 3°C (>50%)
POLES ENGAGE,EN_INDCi2030_2500f,3.404841184616089,4.322630405426025,3.824367761611938,3.582811117172241,3.771443367004395,2.832144737243652,2.120233058929444,2.093737125396729,2.092034578323364,1.723737597465515,C6,C6: limit warming to 3°C (>50%)
POLES ENGAGE,EN_INDCi2030_3000,3.404841184616089,4.322630405426025,3.824367761611938,3.588736295700073,3.891681909561157,3.223251342773437,2.730018377304077,2.759443998336792,2.409056663513184,2.293844938278198,C6,C6: limit warming to 3°C (>50%)
POLES ENGAGE,EN_INDCi2030_3000f,3.404841184616089,4.322630405426025,3.824367761611938,3.588736295700073,3.891681909561157,3.223251342773437,2.730018377304077,2.759443998336792,2.409056663513184,2.293844938278198,C6,C6: limit warming to 3°C (>50%)
POLES ENGAGE,EN_INDCi2030_300f,3.404841184616089,4.322630405426025,3.824367761611938,1.208937525749206,0.6712521910667419,0.5514392256736755,0.4354026019573211,0.3066128194332123,0.2148067504167556,0.1486116200685501,C2,C2: return warming to 1.5°C (>50%) after a high overshoot
POLES ENGAGE,EN_INDCi2030_400f,3.404841184616089,4.322630405426025,3.824367761611938,1.280113935470581,0.7032480239868164,0.6153917908668518,0.4569392204284668,0.2991049885749817,0.1912156492471695,0.1420054733753204,C2,C2: return warming to 1.5°C (>50%) after a high overshoot
POLES ENGAGE,EN_INDCi2030_500f,3.404841184616089,4.322630405426025,3.824367761611938,1.446142554283142,0.844989001750946,0.7065759301185608,0.5366788506507874,0.366372674703598,0.1900282055139541,0.1351695656776428,C3,C3: limit warming to 2°C (>67%)
POLES ENGAGE,EN_INDCi2030_600f,3.404841184616089,4.322630405426025,3.824367761611938,1.541445374488831,0.910954773426056,0.674083411693573,0.5123502016067505,0.3369073569774627,0.1955443024635315,0.1020813882350921,C3,C3: limit warming to 2°C (>67%)
POLES ENGAGE,EN_INDCi2030_600f_COV,3.404841184616089,3.700318813323975,3.586759567260742,1.402897000312805,0.7403796911239624,0.4579447209835052,0.3000122904777527,0.1281607747077942,0.04975251480937,0.0556489266455173,C3,C3: limit warming to 2°C (>67%)
POLES ENGAGE,EN_INDCi2030_600f_COV_NDCp,3.404841184616089,3.70031213760376,3.501881837844849,1.325064063072205,0.6495566368103027,0.365773856639862,0.2283946722745895,0.0962997004389762,0.0302107334136962,0.0362015962600708,C3,C3: limit warming to 2°C (>67%)
POLES ENGAGE,EN_INDCi2030_600f_NDCp,3.404841184616089,4.308687210083008,3.644933938980103,1.554087996482849,0.9362950325012208,0.779261589050293,0.6206626892089844,0.4314578175544739,0.2660965919494629,0.1658280491828918,C3,C3: limit warming to 2°C (>67%)
POLES ENGAGE,EN_INDCi2030_700f,3.404841184616089,4.322630405426025,3.824367761611938,1.696011066436768,0.9671955704689026,0.6245706677436829,0.4752360880374908,0.344781756401062,0.1906521618366241,0.0566670224070549,C3,C3: limit warming to 2°C (>67%)
POLES ENGAGE,EN_INDCi2030_800f,3.404841184616089,4.322630405426025,3.824367761611938,1.791733622550964,1.058723568916321,0.7108778953552246,0.4340371191501617,0.2802721560001373,0.1671696603298187,0.0777687728404998,C4,C4: limit warming to 2°C (>50%)
POLES ENGAGE,EN_INDCi2030_900,3.404841184616089,4.322630405426025,3.824367761611938,1.082926154136657,0.936960995197296,2.232166528701782,2.138376474380493,0.8916052579879761,0.9766772985458374,1.046066164970398,C3,C3: limit warming to 2°C (>67%)
POLES ENGAGE,EN_INDCi2030_900f,3.404841184616089,4.322630405426025,3.824367761611938,2.016827821731567,1.206841588020325,0.860861599445343,0.6003149151802063,0.2827628850936889,0.1654321104288101,0.157695859670639,C4,C4: limit warming to 2°C (>50%)
POLES ENGAGE,EN_INDCi2100,3.404841184616089,4.30869197845459,3.822550058364868,3.160164833068848,2.756412506103516,2.117477178573608,1.895551443099976,1.895991086959839,2.14697790145874,2.45426607131958,C7,C7: limit warming to 4°C (>50%)
POLES ENGAGE,EN_INDCi2100_COV,3.404841184616089,3.694242477416992,3.527507781982422,2.68177056312561,2.194778680801392,1.664365768432617,1.429033160209656,1.527738690376282,1.766704320907593,1.938850522041321,C7,C7: limit warming to 4°C (>50%)
POLES ENGAGE,EN_INDCi2100_COV_NDCp,3.404841184616089,3.69423770904541,3.493725299835205,2.578051567077637,1.981464982032776,1.484391689300537,1.221481084823608,1.33352518081665,1.525360703468323,1.679295063018799,C6,C6: limit warming to 3°C (>50%)
POLES ENGAGE,EN_INDCi2100_NDCp,3.404841184616089,4.308687210083008,3.64492654800415,2.755377292633057,2.224730014801025,1.637800574302673,1.474800229072571,1.565264582633972,1.703781843185425,2.003284931182861,C6,C6: limit warming to 3°C (>50%)
POLES ENGAGE,EN_NPi2020_1000,3.404841184616089,4.350157260894775,3.527840614318848,2.038631677627563,1.232202649116516,0.998123586177826,0.8615337610244751,0.7809244394302368,0.8120754957199097,0.8502141833305359,C4,C4: limit warming to 2°C (>50%)
POLES ENGAGE,EN_NPi2020_1000_COV,3.404841184616089,3.63742208480835,3.528314113616944,2.11408543586731,1.153653502464294,0.8958685994148254,0.8448262810707092,0.7633072137832642,0.6828851699829102,0.8986533284187317,C4,C4: limit warming to 2°C (>50%)
POLES ENGAGE,EN_NPi2020_1000f,3.404841184616089,4.350157260894775,3.799552440643311,2.86418890953064,1.663238525390625,1.105108499526978,0.779423177242279,0.4455381631851196,0.279827207326889,0.2312741577625274,C4,C4: limit warming to 2°C (>50%)
POLES ENGAGE,EN_NPi2020_1000f_COV,3.404841184616089,3.63742208480835,3.584863424301147,2.701349020004272,1.615513920783997,1.108478784561157,0.7382670044898987,0.4877116084098816,0.2831791639328003,0.2466801255941391,C4,C4: limit warming to 2°C (>50%)
POLES ENGAGE,EN_NPi2020_1200,3.404841184616089,4.350157260894775,3.748656988143921,2.809181451797485,1.82659900188446,1.350441336631775,1.249448776245117,0.9956800937652588,0.9541242718696594,0.942392110824585,C4,C4: limit warming to 2°C (>50%)
POLES ENGAGE,EN_NPi2020_1200f,3.404841184616089,4.350157260894775,3.752085447311402,3.162714004516602,2.087430953979492,1.440872669219971,1.141351580619812,0.6168227195739746,0.398969441652298,0.3027484118938446,C4,C4: limit warming to 2°C (>50%)
POLES ENGAGE,EN_NPi2020_1400,3.404841184616089,4.350157260894775,3.709094047546385,3.353569507598877,2.421273231506348,1.653242349624634,1.419448614120483,1.004911661148071,0.8856725096702576,0.8566176891326904,C5,C5: limit warming to 2.5°C (>50%)
POLES ENGAGE,EN_NPi2020_1400f,3.404841184616089,4.350157260894775,3.708437442779541,3.38471531867981,2.52935791015625,1.708898067474365,1.467345237731934,1.088907241821289,0.7848512530326843,0.4786610007286072,C5,C5: limit warming to 2.5°C (>50%)
POLES ENGAGE,EN_NPi2020_1600,3.404841184616089,4.350157260894775,3.709094047546385,3.473995447158813,2.925946712493896,1.931349754333496,1.572446942329407,1.290167927742004,1.037339091300964,0.8891456127166748,C5,C5: limit warming to 2.5°C (>50%)
POLES ENGAGE,EN_NPi2020_1600f,3.404841184616089,4.350157260894775,3.709094047546385,3.473995447158813,2.925945997238159,1.931351780891418,1.572458028793335,1.290233016014099,1.029902100563049,0.8087491989135742,C5,C5: limit warming to 2.5°C (>50%)
POLES ENGAGE,EN_NPi2020_1800,3.404841184616089,4.350157260894775,3.709094047546385,3.535340785980225,3.190260171890259,2.15013575553894,1.695521473884582,1.467291712760925,1.283478736877441,1.001031398773193,C5,C5: limit warming to 2.5°C (>50%)
POLES ENGAGE,EN_NPi2020_1800f,3.404841184616089,4.350157260894775,3.709094047546385,3.535340785980225,3.190260171890259,2.15013575553894,1.695521473884582,1.467291712760925,1.283478736877441,1.001031398773193,C5,C5: limit warming to 2.5°C (>50%)
POLES ENGAGE,EN_NPi2020_2000,3.404841184616089,4.350157260894775,3.709094047546385,3.534093379974365,3.529315710067749,2.358440637588501,1.767963886260986,1.634755969047546,1.567279577255249,1.280137777328491,C5,C5: limit warming to 2.5°C (>50%)
POLES ENGAGE,EN_NPi2020_2000f,3.404841184616089,4.350157260894775,3.709094047546385,3.534093379974365,3.529315710067749,2.358440637588501,1.767963886260986,1.634755969047546,1.567279577255249,1.280137777328491,C5,C5: limit warming to 2.5°C (>50%)
POLES ENGAGE,EN_NPi2020_2500,3.404841184616089,4.350157260894775,3.677576780319214,3.603408336639404,3.862807750701904,3.044257879257202,2.180650234222412,2.125542402267456,2.110505342483521,1.657013773918152,C6,C6: limit warming to 3°C (>50%)
POLES ENGAGE,EN_NPi2020_2500f,3.404841184616089,4.350157260894775,3.677576780319214,3.603408336639404,3.862807750701904,3.044257879257202,2.180650234222412,2.125542402267456,2.110505342483521,1.657013773918152,C6,C6: limit warming to 3°C (>50%)
POLES ENGAGE,EN_NPi2020_3000,3.404841184616089,4.350157260894775,3.709094047546385,3.520427227020264,3.869920253753662,3.212711095809937,2.754117012023926,2.837409019470215,2.352291107177734,2.107764959335327,C6,C6: limit warming to 3°C (>50%)
POLES ENGAGE,EN_NPi2020_3000f,3.404841184616089,4.350157260894775,3.709094047546385,3.520427227020264,3.869920253753662,3.212711095809937,2.754117012023926,2.837409019470215,2.352291107177734,2.107764959335327,C6,C6: limit warming to 3°C (>50%)
POLES ENGAGE,EN_NPi2020_300f,3.404841184616089,4.350157260894775,3.003149032592773,1.516470909118652,0.6332651376724243,0.4101984798908233,0.3040231764316559,0.1691711395978927,0.0715483501553535,0.0542852990329265,C2,C2: return warming to 1.5°C (>50%) after a high overshoot
POLES ENGAGE,EN_NPi2020_400f,3.404841184616089,4.350157260894775,3.209382772445679,1.595296621322632,0.667508065700531,0.3790487647056579,0.2832991480827331,0.2006712555885315,0.0928120911121368,0.0622003450989723,C2,C2: return warming to 1.5°C (>50%) after a high overshoot
POLES ENGAGE,EN_NPi2020_500,3.404841184616089,4.350157260894775,1.661439299583435,0.8348155617713928,0.5814587473869324,0.8089100122451782,0.7649648785591125,0.5843773484230042,0.7233401536941528,0.8249024748802185,C3,C3: limit warming to 2°C (>67%)
POLES ENGAGE,EN_NPi2020_500f,3.404841184616089,4.350157260894775,3.427025079727173,1.730365991592407,0.7752388715744019,0.4253245890140533,0.3050526678562164,0.1909099817276001,0.1157998144626617,0.0539795234799385,C3,C3: limit warming to 2°C (>67%)
POLES ENGAGE,EN_NPi2020_600,3.404841184616089,4.350157260894775,2.162031412124634,1.121039271354675,0.8233281373977661,1.102894902229309,0.6586384177207947,0.6358422040939331,0.7799220085144043,0.950853705406189,C3,C3: limit warming to 2°C (>67%)
POLES ENGAGE,EN_NPi2020_600f,3.404841184616089,4.350157260894775,3.602506637573242,1.970951557159424,0.9060503840446472,0.5835079550743103,0.3819675147533417,0.205748900771141,0.1231775432825088,0.0880700722336769,C3,C3: limit warming to 2°C (>67%)
POLES ENGAGE,EN_NPi2020_600f_COV,3.404841184616089,3.63742208480835,3.468232870101929,1.835359215736389,0.7516880631446838,0.4768816530704498,0.2718111872673034,0.1417709589004516,0.0972959846258163,0.100745677947998,C3,C3: limit warming to 2°C (>67%)
POLES ENGAGE,EN_NPi2020_700,3.404841184616089,4.350157260894775,2.790410041809082,1.398037910461426,0.7074374556541443,0.7108573317527771,0.6585688591003418,0.667262077331543,0.8317937850952148,1.023809790611267,C3,C3: limit warming to 2°C (>67%)
POLES ENGAGE,EN_NPi2020_700f,3.404841184616089,4.350157260894775,3.705431461334229,2.159052848815918,1.084041357040405,0.6930815577507019,0.4578787386417389,0.2118070125579834,0.1052017360925674,0.0730381980538368,C3,C3: limit warming to 2°C (>67%)
POLES ENGAGE,EN_NPi2020_800,3.404841184616089,4.350157260894775,3.300625085830688,1.670140266418457,0.9047759771347046,0.7581990957260132,0.6446815133094788,0.5803492665290833,0.7733993530273438,0.8739882707595825,C3,C3: limit warming to 2°C (>67%)
POLES ENGAGE,EN_NPi2020_800f,3.404841184616089,4.350157260894775,3.743909120559693,2.420530796051025,1.23999297618866,0.7856090068817139,0.5451606512069702,0.2596502602100372,0.1524813771247863,0.0947969108819961,C4,C4: limit warming to 2°C (>50%)
POLES ENGAGE,EN_NPi2020_900,3.404841184616089,4.350157260894775,3.599385499954224,1.984471678733826,1.153013348579407,0.9899832606315612,0.7820417284965515,0.6605395674705505,0.8119486570358276,0.885139524936676,C3,C3: limit warming to 2°C (>67%)
POLES ENGAGE,EN_NPi2020_900f,3.404841184616089,4.350157260894775,3.794522047042847,2.623496770858765,1.417922854423523,0.9227030873298644,0.6496906876564026,0.3350319564342499,0.2086737900972366,0.1584317982196808,C4,C4: limit warming to 2°C (>50%)
POLES ENGAGE,EN_NPi2100,3.404841184616089,4.422561645507812,3.758266925811768,2.827369689941406,2.493984699249268,1.819328904151917,1.709379196166992,1.688901782035828,1.845450162887573,2.064116954803467,C7,C7: limit warming to 4°C (>50%)
POLES ENGAGE,EN_NPi2100_COV,3.404841184616089,3.793758153915405,3.622805833816528,2.591897249221802,2.230519771575928,1.660720467567444,1.447277307510376,1.572509169578552,1.671732306480407,1.640897750854492,C7,C7: limit warming to 4°C (>50%)
POLES GECO2019,CO_2Deg2020,3.404841184616089,4.249492645263672,3.688037395477295,2.286767482757568,1.17096471786499,0.7633219361305237,0.5023787617683411,0.2516089379787445,0.123612955212593,0.0990288853645324,C3,C3: limit warming to 2°C (>67%)
POLES GECO2019,CO_2Deg2030,3.404841184616089,4.303908824920654,3.656147956848145,1.831249594688416,0.9695541262626648,0.6420858502388,0.5016499161720276,0.3097900748252868,0.1659193336963653,0.1511677950620651,C3,C3: limit warming to 2°C (>67%)
POLES GECO2019,CO_BAU,3.404841184616089,4.384523391723633,3.674565076828003,2.817633867263794,2.479367733001709,1.773026585578918,1.69388735294342,1.61517858505249,1.761386871337891,1.915994048118592,C7,C7: limit warming to 4°C (>50%)
POLES GECO2019,CO_Bridge,3.404841184616089,4.189501285552979,3.320116996765137,3.298230171203613,2.843832492828369,5.112969875335693,1.904559254646301,1.270093679428101,1.439302206039429,1.745276212692261,C2,C2: return warming to 1.5°C (>50%) after a high overshoot
POLES GECO2019,CO_Bridge_notax,3.404841184616089,4.189504146575928,3.633852958679199,1.544388294219971,1.32880175113678,1.066869974136352,0.8242328763008118,0.527678370475769,0.3718459904193878,0.2666123211383819,C4,C4: limit warming to 2°C (>50%)
POLES GECO2019,CO_CurPol,3.404841184616089,4.237063407897949,3.374409914016724,2.625648736953736,2.336811542510986,1.689979195594788,1.560196757316589,1.598612785339356,1.799854755401611,2.013408899307251,C7,C7: limit warming to 4°C (>50%)
POLES GECO2019,CO_GPP,3.404841184616089,4.189501285552979,3.320116996765137,2.701952219009399,1.896464943885803,1.423357605934143,1.08227014541626,1.28205680847168,1.329169631004333,1.418773770332336,C5,C5: limit warming to 2.5°C (>50%)
POLES GECO2019,CO_GPP_notax,3.404841184616089,4.189549446105957,3.63511323928833,2.829859733581543,2.420147657394409,2.12768030166626,2.104441404342652,2.009703636169434,2.338611602783203,2.494438409805298,C7,C7: limit warming to 4°C (>50%)
POLES GECO2019,CO_NDC_2050convergence,3.404841184616089,4.3100266456604,3.647128820419312,2.805264949798584,2.517128944396973,1.631061434745789,1.411367893218994,1.409811615943909,1.592163562774658,1.891360998153686,C6,C6: limit warming to 3°C (>50%)
POLES GECO2019,CO_NDCplus,3.404841184616089,4.3100266456604,3.647128820419312,2.869611263275146,2.457544803619385,1.756369590759277,1.547900319099426,1.689422488212585,1.985347628593445,2.375176906585693,C7,C7: limit warming to 4°C (>50%)
PROMETHEUS 1.0,CO_2Deg2020,3.406232377299332,2.99603297878662,1.730383828414952,0.3021050438491693,0.0509577110758163,2.0941392227748548,1.976037528090142,1.8552840132117032,1.7468998591689557,1.6286608853614093,no-climate-assessment,no-climate-assessment
PROMETHEUS 1.0,CO_2Deg2030,3.406232377299332,2.944407504574578,2.322954780368324,0.6346473130836234,0.0509577110758163,2.0941392227748548,1.976037528090142,1.8552840132117032,1.7468998591689557,1.6286608853614093,no-climate-assessment,no-climate-assessment
PROMETHEUS 1.0,CO_BAU,3.406232377299332,2.985846821818332,2.462232450977287,2.168576178473122,1.879306953721212,2.0941392227748548,1.976037528090142,1.8552840132117032,1.7468998591689557,1.6286608853614093,no-climate-assessment,no-climate-assessment
PROMETHEUS 1.0,CO_Bridge,3.406232377299332,2.990967074292166,2.750723855547178,0.8431278356640862,0.0447877321805818,2.0941392227748548,1.976037528090142,1.8552840132117032,1.7468998591689557,1.6286608853614093,no-climate-assessment,no-climate-assessment
PROMETHEUS 1.0,CO_CurPol,3.406232377299332,2.980898624370269,2.43747415767244,2.109213494931544,1.803096863550228,2.0941392227748548,1.976037528090142,1.8552840132117032,1.7468998591689557,1.6286608853614093,no-climate-assessment,no-climate-assessment
PROMETHEUS 1.0,CO_GPP,3.406232377299332,2.990966874038617,2.769816413158032,3.279410274615854,2.858715543751318,2.0941392227748548,1.976037528090142,1.8552840132117032,1.7468998591689557,1.6286608853614093,no-climate-assessment,no-climate-assessment
PROMETHEUS 1.0,CO_NDCplus,3.406232377299332,2.944407504574578,2.322954780368324,1.980894474817117,1.79859408239919,2.0941392227748548,1.976037528090142,1.8552840132117032,1.7468998591689557,1.6286608853614093,no-climate-assessment,no-climate-assessment
REMIND 1.6,EMF30_BCOC-EndU,2.9330599,1.5328651,0.4395497,0.0219794,0.0001042999999999,0.0001047,0.0001041,0.0001052,0.0001041,0.0001056,C7,C7: limit warming to 4°C (>50%)
REMIND 1.6,EMF30_Baseline,2.9330599,1.5217188,0.429250599999999,0.0165872,0.0001042999999999,0.0001047,0.0001042,0.0001052,0.0001041,0.0001056,C7,C7: limit warming to 4°C (>50%)
REMIND 1.6,EMF30_CH4-Only,2.9330599,1.5303492,0.4372242,0.0207644,0.0001042999999999,0.0001047,0.0001042,0.0001052,0.0001041,0.0001075,C7,C7: limit warming to 4°C (>50%)
REMIND 1.6,EMF30_ClimPolicy,2.9330599,1.487635499999999,0.3977580999999989,0.0001041,0.0001041,0.0001041,0.0001041,0.0001044999999999,0.0001041,0.0001041,failed-vetting,failed-vetting
REMIND 1.6,EMF30_ClimPolicy+SLCF,2.9330599,1.487635499999999,0.3977580999999989,0.0001041,0.0001041,0.0001041,0.0001041,0.0001044999999999,0.0001041,0.0001041,failed-vetting,failed-vetting
REMIND 1.6,EMF30_D_BCOC-Red,2.9330599,1.5217188,0.429250599999999,0.0165872,0.0001042999999999,0.0001047,0.0001042,0.0001052,0.0001041,0.0001056,C7,C7: limit warming to 4°C (>50%)
REMIND 1.6,EMF30_D_CH4-ClimPolicy,2.9330599,1.5300558,0.4369528,0.0206218,0.0001042999999999,0.0001047,0.0001041,0.0001054,0.0001041,0.0001052,C7,C7: limit warming to 4°C (>50%)
REMIND 1.6,EMF30_D_CO2-Only,2.9330599,1.487635499999999,0.399515299999999,0.0035556,0.0028303,0.0001041,0.0001041,0.0001044999999999,0.0001041,0.0001044999999999,failed-vetting,failed-vetting
REMIND 1.6,EMF30_D_Frozen-CH4,2.9330599,1.5307165,0.4375644,0.02094,0.0001042999999999,0.0001047,0.0001041,0.0001052,0.0001041,0.0001056,C8,C8: exceed warming of 4°C (>=50%)
REMIND 1.6,EMF30_D_Frozen-EF,2.9328942,1.522446199999999,0.4299661,0.0170964,0.0001042999999999,0.0001047,0.0001042,0.0001052,0.0001041,0.0001052,C8,C8: exceed warming of 4°C (>=50%)
REMIND 1.6,EMF30_D_Frozen-EF-EndU,2.9331087,1.5219295,0.4294325,0.0166427,0.0001042999999999,0.0001047,0.0001042,0.0001052,0.0001041,0.0001056,C7,C7: limit warming to 4°C (>50%)
REMIND 1.6,EMF30_D_Frozen-EF-SLCF,2.9328702,1.523069,0.4305479,0.0174205,0.0001042999999999,0.0001047,0.0001042,0.0001052,0.0001041,0.0001056,C8,C8: exceed warming of 4°C (>=50%)
REMIND 1.6,EMF30_SLCF,2.9330599,1.5320437,0.4387899,0.0215841,0.0001042999999999,0.0001047,0.0001042,0.0001052,0.0001041,0.0001074,C7,C7: limit warming to 4°C (>50%)
REMIND 1.6,EMF30_Slower-Action,2.9330599,1.5287785,0.435773199999999,0.0200038,0.0001046,0.0001047,0.0001041,0.0001051,0.0001041,0.0001047,C7,C7: limit warming to 4°C (>50%)
REMIND 1.6,EMF30_Slower-Action+SLCF,2.9330599,1.5319831,0.4387335999999991,0.0215539,0.0001046,0.0001047,0.0001041,0.0001053,0.0001041,0.0001041,C6,C6: limit warming to 3°C (>50%)
REMIND 1.6,EMF30_Slower-to-faster,2.9330599,1.5287785,0.435773199999999,0.0200038,0.0001046,0.0001047,0.0001041,0.0001053,0.0001041,0.0001041,C3,C3: limit warming to 2°C (>67%)
REMIND 1.6,EMF30_Slower-to-faster+SLCF,2.9330599,1.5319831,0.4387335999999991,0.0215539,0.0001046,0.0001047,0.0001041,0.0001053,0.0001041,0.0001041,C3,C3: limit warming to 2°C (>67%)
REMIND 1.6,EMF30_Slower-to-faster+SLCF+HFC,2.9330599,1.5319831,0.4387335999999991,0.0215539,0.0001046,0.0001047,0.0001041,0.0001053,0.0001041,0.0001041,C3,C3: limit warming to 2°C (>67%)
REMIND 1.7,ADVANCE_2020_1.5C-2100,3.0393,1.5075,0.3657,0.0001,0.0001,0.0001,0.0001,0.0001,0.0001,0.0001,C1,C1: limit warming to 1.5°C (>50%) with no or limited overshoot
REMIND 1.7,ADVANCE_2020_Med2C,3.0393,1.5075,0.3657,0.0001,0.0001,0.0001,0.0001,0.0001,0.0001,0.0001,C3,C3: limit warming to 2°C (>67%)
REMIND 1.7,ADVANCE_2020_WB2C,3.0393,1.5075,0.3657,0.0001,0.0001,0.0001,0.0001,0.0001,0.0001,0.0001,C2,C2: return warming to 1.5°C (>50%) after a high overshoot
REMIND 1.7,ADVANCE_2030_1.5C-2100,3.0393,1.5075,0.3657,0.0001,0.0001,0.0001,0.0001,0.0001,0.0001,0.0001,C2,C2: return warming to 1.5°C (>50%) after a high overshoot
REMIND 1.7,ADVANCE_2030_Med2C,3.0393,1.5075,0.3657,0.0001,0.0001,0.0001,0.0001,0.0001,0.0001,0.0001,C4,C4: limit warming to 2°C (>50%)
REMIND 1.7,ADVANCE_2030_Price1.5C,3.0393,1.5075,0.3657,0.0001,0.0001,0.0001,0.0001,0.0001,0.0001,0.0001,C2,C2: return warming to 1.5°C (>50%) after a high overshoot
REMIND 1.7,ADVANCE_2030_WB2C,3.0393,1.5075,0.3657,0.0001,0.0001,0.0001,0.0001,0.0001,0.0001,0.0001,C2,C2: return warming to 1.5°C (>50%) after a high overshoot
REMIND 1.7,ADVANCE_INDC,3.0393,1.5075,0.3657,0.0001,0.0001,0.0001,0.0001,0.0001,0.0001,0.0001,C6,C6: limit warming to 3°C (>50%)
REMIND 1.7,ADVANCE_NoPolicy,3.0393,1.5454,0.4007,0.0184,0.0001,0.0001,0.0001,0.0001,0.0001,0.0001,C7,C7: limit warming to 4°C (>50%)
REMIND 1.7,ADVANCE_Reference,3.0393,1.5075,0.3657,0.0001,0.0001,0.0001,0.0001,0.0001,0.0001,0.0001,C7,C7: limit warming to 4°C (>50%)
REMIND 1.7,CEMICS-1.5-CDR12,3.0416,1.5504,0.4048,0.0187,0.0001,0.0001,0.0001,0.0001,0.0001,0.0001,C1,C1: limit warming to 1.5°C (>50%) with no or limited overshoot
REMIND 1.7,CEMICS-1.5-CDR20,3.0416,1.5504,0.4048,0.0187,0.0001,0.0001,0.0001,0.0001,0.0001,0.0001,C1,C1: limit warming to 1.5°C (>50%) with no or limited overshoot
REMIND 1.7,CEMICS-1.5-CDR8,3.0416,1.5504,0.4048,0.0187,0.0001,0.0001,0.0001,0.0001,0.0001,0.0001,C1,C1: limit warming to 1.5°C (>50%) with no or limited overshoot
REMIND 1.7,CEMICS-2.0-CDR12,3.0416,1.5504,0.4048,0.0187,0.0001,0.0001,0.0001,0.0001,0.0001,0.0001,C2,C2: return warming to 1.5°C (>50%) after a high overshoot
REMIND 1.7,CEMICS-2.0-CDR20,3.0416,1.5504,0.4048,0.0187,0.0001,0.0001,0.0001,0.0001,0.0001,0.0001,C2,C2: return warming to 1.5°C (>50%) after a high overshoot
REMIND 1.7,CEMICS-2.0-CDR8,3.0416,1.5504,0.4048,0.0187,0.0001,0.0001,0.0001,0.0001,0.0001,0.0001,C1,C1: limit warming to 1.5°C (>50%) with no or limited overshoot
REMIND 1.7,CEMICS-Ref,3.0416,1.5504,0.4048,0.0187,0.0001,0.0001,0.0001,0.0001,0.0001,0.0001,C7,C7: limit warming to 4°C (>50%)
REMIND 2.1,CEMICS_GDPgrowth_1p5,3.5215,2.0665,0.5142,0.0001,0.0001,0.0002,0.0003,0.0003,0.0002,0.0002,C1,C1: limit warming to 1.5°C (>50%) with no or limited overshoot
REMIND 2.1,CEMICS_GDPgrowth_2C,3.5215,2.0665,0.5142,0.0001,0.0001,0.0001,0.0001,0.0001,0.0001,0.0001,C3,C3: limit warming to 2°C (>67%)
REMIND 2.1,CEMICS_HotellingConst_1p5,3.5215,2.0665,0.5142,0.0001,0.0001,0.0001,0.0001,0.0001,0.0001,0.0001,C1,C1: limit warming to 1.5°C (>50%) with no or limited overshoot
REMIND 2.1,CEMICS_HotellingConst_2C,3.5215,2.0665,0.5142,0.0001,0.0001,0.0001,0.0001,0.0001,0.0001,0.0001,C3,C3: limit warming to 2°C (>67%)
REMIND 2.1,CEMICS_Linear_1p5,3.5215,2.0665,0.5142,0.0001,0.0001,0.0001,0.0001,0.0001,0.0001,0.0001,C1,C1: limit warming to 1.5°C (>50%) with no or limited overshoot
REMIND 2.1,CEMICS_Linear_2C,3.5215,2.0665,0.5142,0.0001,0.0001,0.0001,0.0001,0.0001,0.0001,0.0001,C3,C3: limit warming to 2°C (>67%)
REMIND 2.1,CEMICS_NPI,3.5215,2.0665,0.5142,0.0001,0.0001,0.0001,0.0001,0.0001,0.0001,0.0001,C7,C7: limit warming to 4°C (>50%)
REMIND 2.1,CEMICS_opt_1p5,3.5215,2.0665,0.5142,0.0001,0.0001,0.0001,0.0001,0.0001,0.0001,0.0001,C1,C1: limit warming to 1.5°C (>50%) with no or limited overshoot
REMIND 2.1,CEMICS_opt_2C,3.5215,2.0665,0.5142,0.0001,0.0001,0.0001,0.0001,0.0001,0.0001,0.0001,C3,C3: limit warming to 2°C (>67%)
REMIND 2.1,LeastTotalCost_Base_brkLR15_SSP1_P50,3.5027,2.0296,0.485,0.0001,0.0001,0.0001,0.0001,0.0001,0.0001,0.0001,C6,C6: limit warming to 3°C (>50%)
REMIND 2.1,LeastTotalCost_Base_brkLR15_SSP2_P50,3.5209,2.0653,0.5133,0.0001,0.0001,0.0001,0.0001,0.0001,0.0001,0.0001,C7,C7: limit warming to 4°C (>50%)
REMIND 2.1,LeastTotalCost_Base_brkLR15_SSP5_P50,3.5722,2.1756,0.6067,0.0109,0.0019,0.0001,0.0001,0.0001,0.0001,0.0001,C8,C8: exceed warming of 4°C (>=50%)
REMIND 2.1,LeastTotalCost_Base_brkSR15_SSP1_P50,3.5069,2.0378,0.4916,0.0001,0.0001,0.0001,0.0001,0.0001,0.0001,0.0001,C6,C6: limit warming to 3°C (>50%)
REMIND 2.1,LeastTotalCost_Base_brkSR15_SSP2_P50,3.5241,2.0716,0.5182,0.0001,0.0001,0.0001,0.0001,0.0001,0.0001,0.0001,C7,C7: limit warming to 4°C (>50%)
REMIND 2.1,LeastTotalCost_Base_brkSR15_SSP5_P50,3.5746,2.1728,0.6037,0.0112,0.0081,0.0001,0.0001,0.0001,0.0001,0.0001,C8,C8: exceed warming of 4°C (>=50%)
REMIND 2.1,LeastTotalCost_CBA_brkLR15_SSP2_P50,3.5215,2.0665,0.5142,0.0001,0.0001,0.0001,0.0001,0.0001,0.0001,0.0001,C3,C3: limit warming to 2°C (>67%)
REMIND 2.1,LeastTotalCost_CBA_brkSR15_SSP2_P50,3.5215,2.0665,0.5142,0.0001,0.0001,0.0001,0.0001,0.0001,0.0001,0.0001,C3,C3: limit warming to 2°C (>67%)
REMIND 2.1,LeastTotalCost_CEA_brkLR15_SSP2_P50,3.5215,2.0665,0.5142,0.0001,0.0001,0.0001,0.0001,0.0001,0.0001,0.0001,C3,C3: limit warming to 2°C (>67%)
REMIND 2.1,LeastTotalCost_CEA_brkSR15_SSP2_P50,3.5215,2.0665,0.5142,0.0001,0.0001,0.0001,0.0001,0.0001,0.0001,0.0001,C3,C3: limit warming to 2°C (>67%)
REMIND 2.1,LeastTotalCost_LTC_brkLR15_SSP1_P50,3.5215,2.0665,0.5142,0.0001,0.0001,0.0001,0.0001,0.0001,0.0001,0.0001,C1,C1: limit warming to 1.5°C (>50%) with no or limited overshoot
REMIND 2.1,LeastTotalCost_LTC_brkLR15_SSP2_P50,3.5215,2.0665,0.5142,0.0001,0.0001,0.0001,0.0001,0.0001,0.0001,0.0001,C3,C3: limit warming to 2°C (>67%)
REMIND 2.1,LeastTotalCost_LTC_brkLR15_SSP5_P50,3.5215,2.0665,0.5142,0.0001,0.0001,0.0001,0.0001,0.0001,0.0001,0.0001,C3,C3: limit warming to 2°C (>67%)
REMIND 2.1,LeastTotalCost_LTC_brkSR15_SSP1_P50,3.5215,2.0665,0.5142,0.0001,0.0001,0.0001,0.0001,0.0001,0.0001,0.0001,C2,C2: return warming to 1.5°C (>50%) after a high overshoot
REMIND 2.1,LeastTotalCost_LTC_brkSR15_SSP2_P50,3.5215,2.0665,0.5142,0.0001,0.0001,0.0001,0.0001,0.0001,0.0001,0.0001,C3,C3: limit warming to 2°C (>67%)
REMIND 2.1,LeastTotalCost_LTC_brkSR15_SSP5_P50,3.5215,2.0665,0.5145,0.0007,0.0005,0.0001,0.0001,0.0001,0.0001,0.0001,C3,C3: limit warming to 2°C (>67%)
REMIND 2.1,LeastTotalCost_NDC_brkLR15_SSP2_P50,3.5209,2.0653,0.5133,0.0001,0.0001,0.0001,0.0001,0.0001,0.0001,0.0001,C5,C5: limit warming to 2.5°C (>50%)
REMIND 2.1,LeastTotalCost_NDC_brkSR15_SSP2_P50,3.5241,2.0716,0.5182,0.0001,0.0001,0.0001,0.0001,0.0001,0.0001,0.0001,C5,C5: limit warming to 2.5°C (>50%)
REMIND 2.1,LeastTotalCost_NPi_brkLR15_SSP1_P50,3.5209,2.0653,0.5133,0.0001,0.0001,0.0001,0.0001,0.0001,0.0001,0.0001,C5,C5: limit warming to 2.5°C (>50%)
REMIND 2.1,LeastTotalCost_NPi_brkLR15_SSP2_P50,3.5209,2.0653,0.5133,0.0001,0.0001,0.0001,0.0001,0.0001,0.0001,0.0001,C7,C7: limit warming to 4°C (>50%)
REMIND 2.1,LeastTotalCost_NPi_brkLR15_SSP5_P50,3.5209,2.0653,0.5586,0.0669,0.0476,0.0001,0.0001,0.0001,0.0001,0.0001,C8,C8: exceed warming of 4°C (>=50%)
REMIND 2.1,LeastTotalCost_NPi_brkSR15_SSP1_P50,3.5241,2.0716,0.5182,0.0001,0.0001,0.0001,0.0001,0.0001,0.0001,0.0001,C5,C5: limit warming to 2.5°C (>50%)
REMIND 2.1,LeastTotalCost_NPi_brkSR15_SSP2_P50,3.5241,2.0716,0.5182,0.0001,0.0001,0.0001,0.0001,0.0001,0.0001,0.0001,C7,C7: limit warming to 4°C (>50%)
REMIND 2.1,LeastTotalCost_NPi_brkSR15_SSP5_P50,3.5241,2.0716,0.5679,0.074,0.0529,0.0001,0.0001,0.0001,0.0001,0.0001,C8,C8: exceed warming of 4°C (>=50%)
REMIND 2.1,R2p1_SSP1-Base,3.6453,2.1041,0.4964,0.0001,0.0001,0.0001,0.0001,0.0001,0.0001,0.0001,C6,C6: limit warming to 3°C (>50%)
REMIND 2.1,R2p1_SSP1-NDC,3.6493,2.1121,0.5026,0.0001,0.0001,0.0001,0.0001,0.0001,0.0001,0.0001,C5,C5: limit warming to 2.5°C (>50%)
REMIND 2.1,R2p1_SSP1-NPi,3.6493,2.1121,0.5026,0.0001,0.0001,0.0001,0.0001,0.0001,0.0001,0.0001,C5,C5: limit warming to 2.5°C (>50%)
REMIND 2.1,R2p1_SSP1-PkBudg1100,3.6493,2.1121,0.5026,0.0001,0.0001,0.0001,0.0001,0.0001,0.0001,0.0001,C2,C2: return warming to 1.5°C (>50%) after a high overshoot
REMIND 2.1,R2p1_SSP1-PkBudg1300,3.6493,2.1121,0.5026,0.0001,0.0001,0.0001,0.0001,0.0001,0.0001,0.0001,C2,C2: return warming to 1.5°C (>50%) after a high overshoot
REMIND 2.1,R2p1_SSP1-PkBudg900,3.6493,2.1121,0.5026,0.0001,0.0001,0.0001,0.0001,0.0001,0.0001,0.0004,C1,C1: limit warming to 1.5°C (>50%) with no or limited overshoot
REMIND 2.1,R2p1_SSP2-Base,3.6493,2.1121,0.5026,0.0001,0.0001,0.0001,0.0001,0.0001,0.0001,0.0001,C7,C7: limit warming to 4°C (>50%)
REMIND 2.1,R2p1_SSP2-NDC,3.6493,2.1121,0.5026,0.0001,0.0001,0.0001,0.0001,0.0001,0.0001,0.0001,C5,C5: limit warming to 2.5°C (>50%)
REMIND 2.1,R2p1_SSP2-NPi,3.6493,2.1121,0.5026,0.0001,0.0001,0.0001,0.0001,0.0001,0.0001,0.0001,C7,C7: limit warming to 4°C (>50%)
REMIND 2.1,R2p1_SSP2-PkBudg1100,3.6493,2.1121,0.5026,0.0001,0.0001,0.0001,0.0001,0.0001,0.0001,0.0001,C3,C3: limit warming to 2°C (>67%)
REMIND 2.1,R2p1_SSP2-PkBudg1300,3.6493,2.1121,0.5026,0.0001,0.0001,0.0001,0.0001,0.0001,0.0001,0.0001,C3,C3: limit warming to 2°C (>67%)
REMIND 2.1,R2p1_SSP2-PkBudg900,3.6493,2.1121,0.5026,0.0001,0.0001,0.0001,0.0001,0.0001,0.0001,0.0016,C1,C1: limit warming to 1.5°C (>50%) with no or limited overshoot
REMIND 2.1,R2p1_SSP5-Base,3.6757,2.1658,0.5513,0.0108,0.0061,0.0001,0.0001,0.0001,0.0001,0.0001,C8,C8: exceed warming of 4°C (>=50%)
REMIND 2.1,R2p1_SSP5-NDC,3.6493,2.1121,0.5644,0.0811,0.0546,0.0001,0.0001,0.0001,0.0001,0.0001,C7,C7: limit warming to 4°C (>50%)
REMIND 2.1,R2p1_SSP5-NPi,3.6493,2.1121,0.5755,0.0927,0.0613,0.0001,0.0001,0.0001,0.0001,0.0001,C8,C8: exceed warming of 4°C (>=50%)
REMIND 2.1,R2p1_SSP5-PkBudg1100,3.6493,2.1121,0.5104,0.0072,0.0038,0.0001,0.0001,0.0001,0.0001,0.0001,C2,C2: return warming to 1.5°C (>50%) after a high overshoot
REMIND 2.1,R2p1_SSP5-PkBudg1300,3.6493,2.1121,0.518,0.0143,0.0075,0.0001,0.0001,0.0001,0.0001,0.0001,C3,C3: limit warming to 2°C (>67%)
REMIND 2.1,R2p1_SSP5-PkBudg900,3.6493,2.1121,0.5026,0.0001,0.0001,0.0001,0.0001,0.0001,0.0001,0.0047,C1,C1: limit warming to 1.5°C (>50%) with no or limited overshoot
REMIND 2.1,TechCost-SSP2-B1100-bioH,3.5228,2.0691,0.5163,0.0001,0.0001,0.0001,0.0001,0.0001,0.0001,0.0001,C3,C3: limit warming to 2°C (>67%)
REMIND 2.1,TechCost-SSP2-B1100-ccsH,3.5228,2.0691,0.5163,0.0001,0.0001,0.0001,0.0001,0.0001,0.0001,0.0001,C3,C3: limit warming to 2°C (>67%)
REMIND 2.1,TechCost-SSP2-B1100-coalH,3.5228,2.0691,0.5163,0.0001,0.0001,0.0001,0.0001,0.0001,0.0001,0.0001,C3,C3: limit warming to 2°C (>67%)
REMIND 2.1,TechCost-SSP2-B1100-elh2H,3.5228,2.0691,0.5163,0.0001,0.0001,0.0001,0.0001,0.0001,0.0001,0.0001,C3,C3: limit warming to 2°C (>67%)
REMIND 2.1,TechCost-SSP2-B1100-gasH,3.5228,2.0691,0.5163,0.0001,0.0001,0.0001,0.0001,0.0001,0.0001,0.0001,C3,C3: limit warming to 2°C (>67%)
REMIND 2.1,TechCost-SSP2-B1100-nucH,3.5228,2.0691,0.5163,0.0001,0.0001,0.0001,0.0001,0.0001,0.0001,0.0001,C3,C3: limit warming to 2°C (>67%)
REMIND 2.1,TechCost-SSP2-B1100-oilH,3.5228,2.1161,0.5833,0.0464,0.0036,0.0001,0.0001,0.0001,0.0001,0.0001,C3,C3: limit warming to 2°C (>67%)
REMIND 2.1,TechCost-SSP2-B1100-spvH,3.5228,2.0691,0.5163,0.0001,0.0001,0.0001,0.0001,0.0001,0.0001,0.0001,C3,C3: limit warming to 2°C (>67%)
REMIND 2.1,TechCost-SSP2-B1100-windH,3.5228,2.0691,0.5163,0.0001,0.0001,0.0001,0.0001,0.0001,0.0001,0.0001,C3,C3: limit warming to 2°C (>67%)
REMIND-Buildings 2.0,BEG-Base,3.533,2.089,0.532,0.0001,0.0001,0.0001,0.0001,0.0001,0.0001,0.0001,C7,C7: limit warming to 4°C (>50%)
REMIND-Buildings 2.0,BEG-Budg600,3.533,2.089,0.532,0.0001,0.0001,0.0001,0.0001,0.0001,0.0001,0.0001,C2,C2: return warming to 1.5°C (>50%) after a high overshoot
REMIND-Buildings 2.0,BEG-Budg600-EG,3.533,2.089,0.532,0.0001,0.0001,0.0001,0.0001,0.0001,0.0001,0.0001,C2,C2: return warming to 1.5°C (>50%) after a high overshoot
REMIND-Buildings 2.0,BEG-EG,3.533,2.089,0.532,0.0001,0.0001,0.0001,0.0001,0.0001,0.0001,0.0001,C7,C7: limit warming to 4°C (>50%)
REMIND-H13 2.1,START_BAU,3.6705,2.154,0.536,0.0001,0.0001,0.0001,0.0001,0.0001,0.0001,0.0001,failed-vetting,failed-vetting
REMIND-H13 2.1,START_Current_Policies,3.6705,2.154,0.536,0.0001,0.0001,0.0001,0.0001,0.0001,0.0001,0.0001,failed-vetting,failed-vetting
REMIND-H13 2.1,START_Net-zero,3.6705,2.154,0.536,0.0001,0.0001,0.0001,0.0001,0.0001,0.0001,0.0001,failed-vetting,failed-vetting
REMIND-H13 2.1,START_Net-zero_noLandUse_CDRlim,3.6705,2.154,0.536,0.0001,0.0001,0.0001,0.0001,0.0001,0.0001,0.0001,failed-vetting,failed-vetting
REMIND-H13 2.1,START_Net-zero_noNuc_lowVRE,3.6705,2.154,0.536,0.0001,0.0001,0.0001,0.0001,0.0001,0.0001,0.0001,failed-vetting,failed-vetting
REMIND-MAgPIE 1.5,SSP1-19,3.985,2.847,1.343,0.0001,0.0001,0.0001,0.0001,0.0001,0.0001,0.0001,C2,C2: return warming to 1.5°C (>50%) after a high overshoot
REMIND-MAgPIE 1.5,SSP1-26,3.985,2.847,1.343,0.0001,0.0001,0.0001,0.0001,0.0001,0.0001,0.0001,C4,C4: limit warming to 2°C (>50%)
REMIND-MAgPIE 1.5,SSP1-34,3.985,2.847,1.343,0.0001,0.0001,0.0001,0.0001,0.0001,0.0001,0.0001,C5,C5: limit warming to 2.5°C (>50%)
REMIND-MAgPIE 1.5,SSP1-45,3.985,2.847,1.343,0.0001,0.0001,0.0001,0.0001,0.0001,0.0001,0.0001,C6,C6: limit warming to 3°C (>50%)
REMIND-MAgPIE 1.5,SSP1-Baseline,3.985,2.847,1.343,0.0001,0.0001,0.0001,0.0001,0.0001,0.0001,0.0001,C7,C7: limit warming to 4°C (>50%)
REMIND-MAgPIE 1.5,SSP2-19,3.997,2.87,1.361,0.0001,0.0001,0.0003,0.0007,0.0008,0.0004,0.0048,C1,C1: limit warming to 1.5°C (>50%) with no or limited overshoot
REMIND-MAgPIE 1.5,SSP2-26,3.997,2.87,1.361,0.0001,0.0001,0.0001,0.0001,0.0001,0.0001,0.0001,C3,C3: limit warming to 2°C (>67%)
REMIND-MAgPIE 1.5,SSP2-34,3.997,2.87,1.361,0.0001,0.0001,0.0001,0.0001,0.0001,0.0001,0.0001,C5,C5: limit warming to 2.5°C (>50%)
REMIND-MAgPIE 1.5,SSP2-45,3.997,2.87,1.361,0.0001,0.0001,0.0001,0.0001,0.0001,0.0001,0.0001,C6,C6: limit warming to 3°C (>50%)
REMIND-MAgPIE 1.5,SSP2-60,3.997,2.87,1.361,0.0001,0.0001,0.0001,0.0001,0.0001,0.0001,0.0001,C7,C7: limit warming to 4°C (>50%)
REMIND-MAgPIE 1.5,SSP2-Baseline,3.997,2.87,1.361,0.0001,0.0001,0.0001,0.0001,0.0001,0.0001,0.0001,C7,C7: limit warming to 4°C (>50%)
REMIND-MAgPIE 1.5,SSP5-19,4.008,2.892,1.379,0.0001,0.0002,0.0001,0.0001,0.0001,0.0001,0.0001,C2,C2: return warming to 1.5°C (>50%) after a high overshoot
REMIND-MAgPIE 1.5,SSP5-26,4.008,2.892,1.379,0.0001,0.0001,0.0001,0.0001,0.0001,0.0001,0.0001,C4,C4: limit warming to 2°C (>50%)
REMIND-MAgPIE 1.5,SSP5-34,4.008,2.892,1.379,0.0001,0.0001,0.0001,0.0001,0.0001,0.0001,0.0001,C5,C5: limit warming to 2.5°C (>50%)
REMIND-MAgPIE 1.5,SSP5-45,4.008,2.892,1.379,0.0001,0.0001,0.0001,0.0001,0.0001,0.0001,0.0001,C6,C6: limit warming to 3°C (>50%)
REMIND-MAgPIE 1.5,SSP5-60,4.008,2.892,1.379,0.0001,0.0001,0.0001,0.0001,0.0001,0.0001,0.0001,C7,C7: limit warming to 4°C (>50%)
REMIND-MAgPIE 1.5,SSP5-Baseline,4.008,2.892,1.379,0.0001,0.0001,0.0001,0.0001,0.0001,0.0001,0.0001,C8,C8: exceed warming of 4°C (>=50%)
REMIND-MAgPIE 1.7-3.0,CD-LINKS_INDC2030i_1000,3.0336,1.4963,0.3569,0.0001,0.0001,0.0001,0.0001,0.0001,0.0001,0.0001,C2,C2: return warming to 1.5°C (>50%) after a high overshoot
REMIND-MAgPIE 1.7-3.0,CD-LINKS_INDC2030i_1600,3.0336,1.4963,0.3569,0.0001,0.0001,0.0001,0.0001,0.0001,0.0001,0.0001,C4,C4: limit warming to 2°C (>50%)
REMIND-MAgPIE 1.7-3.0,CD-LINKS_INDC2030i_400,3.0336,1.4963,0.3569,0.0001,0.0001,0.0001,0.0001,0.0001,0.0001,0.0001,C2,C2: return warming to 1.5°C (>50%) after a high overshoot
REMIND-MAgPIE 1.7-3.0,CD-LINKS_INDCi,3.0336,1.4963,0.3569,0.0001,0.0001,0.0001,0.0001,0.0001,0.0001,0.0001,C7,C7: limit warming to 4°C (>50%)
REMIND-MAgPIE 1.7-3.0,CD-LINKS_NDC2030i_1000,3.0336,1.4963,0.3569,0.0001,0.0001,0.0001,0.0001,0.0001,0.0001,0.0001,C3,C3: limit warming to 2°C (>67%)
REMIND-MAgPIE 1.7-3.0,CD-LINKS_NPi,3.0336,1.4963,0.3569,0.0001,0.0001,0.0001,0.0001,0.0001,0.0001,0.0001,C7,C7: limit warming to 4°C (>50%)
REMIND-MAgPIE 1.7-3.0,CD-LINKS_NPi2020_1000,3.0336,1.4963,0.3569,0.0001,0.0001,0.0001,0.0001,0.0001,0.0001,0.0001,C2,C2: return warming to 1.5°C (>50%) after a high overshoot
REMIND-MAgPIE 1.7-3.0,CD-LINKS_NPi2020_1600,3.0336,1.4963,0.3569,0.0001,0.0001,0.0001,0.0001,0.0001,0.0001,0.0001,C4,C4: limit warming to 2°C (>50%)
REMIND-MAgPIE 1.7-3.0,CD-LINKS_NPi2020_400,3.0336,1.4963,0.3569,0.0001,0.0001,0.0001,0.0001,0.0001,0.0001,0.0001,C1,C1: limit warming to 1.5°C (>50%) with no or limited overshoot
REMIND-MAgPIE 1.7-3.0,CD-LINKS_NoPolicy,3.0336,1.5217,0.3804,0.0124,0.0001,0.0001,0.0001,0.0001,0.0001,0.0001,C7,C7: limit warming to 4°C (>50%)
REMIND-MAgPIE 1.7-3.0,CO_2Deg2020,3.0411,1.511,0.3685,0.0001,0.0001,0.0001,0.0001,0.0001,0.0001,0.0001,C2,C2: return warming to 1.5°C (>50%) after a high overshoot
REMIND-MAgPIE 1.7-3.0,CO_2Deg2030,3.0411,1.511,0.3685,0.0001,0.0001,0.0001,0.0001,0.0001,0.0001,0.0001,C2,C2: return warming to 1.5°C (>50%) after a high overshoot
REMIND-MAgPIE 1.7-3.0,CO_BAU,3.0411,1.5467,0.4015,0.0174,0.0001,0.0001,0.0001,0.0001,0.0001,0.0001,C7,C7: limit warming to 4°C (>50%)
REMIND-MAgPIE 1.7-3.0,CO_Bridge,3.0411,1.511,0.3685,0.0001,0.0001,0.0001,0.0001,0.0001,0.0001,0.0001,C2,C2: return warming to 1.5°C (>50%) after a high overshoot
REMIND-MAgPIE 1.7-3.0,CO_CurPol,3.0411,1.511,0.3685,0.0001,0.0001,0.0001,0.0001,0.0001,0.0001,0.0001,C7,C7: limit warming to 4°C (>50%)
REMIND-MAgPIE 1.7-3.0,CO_GPP,3.0411,1.511,0.3685,0.0001,0.0001,0.0001,0.0001,0.0001,0.0001,0.0001,C5,C5: limit warming to 2.5°C (>50%)
REMIND-MAgPIE 1.7-3.0,CO_NDCplus,3.0411,1.511,0.3685,0.0001,0.0001,0.0001,0.0001,0.0001,0.0001,0.0001,C7,C7: limit warming to 4°C (>50%)
REMIND-MAgPIE 1.7-3.0,EMF33_1.5C_cost100,2.9295,1.495399999999999,0.4055,0.0072,0.0,0.0004,0.0013,0.0011,0.0002,0.0002,C2,C2: return warming to 1.5°C (>50%) after a high overshoot
REMIND-MAgPIE 1.7-3.0,EMF33_1.5C_full,2.9295,1.495399999999999,0.4055,0.0072,0.0,0.0013,0.0038,0.003,0.0,0.0,C2,C2: return warming to 1.5°C (>50%) after a high overshoot
REMIND-MAgPIE 1.7-3.0,EMF33_1.5C_nofuel,2.9295,1.495399999999999,0.4055,0.0072,0.0,0.0,0.0,0.0,0.0,0.0,C1,C1: limit warming to 1.5°C (>50%) with no or limited overshoot
REMIND-MAgPIE 1.7-3.0,EMF33_Baseline,2.9295,1.492399999999999,0.4028,0.0058,0.0,0.0,0.0,0.0,0.0,0.0,C8,C8: exceed warming of 4°C (>=50%)
REMIND-MAgPIE 1.7-3.0,EMF33_Med2C_cost100,2.9295,1.495399999999999,0.4055,0.0072,0.0,0.0,0.0,0.0006,0.0012,0.001,C4,C4: limit warming to 2°C (>50%)
REMIND-MAgPIE 1.7-3.0,EMF33_Med2C_full,2.9295,1.495399999999999,0.4055,0.0072,0.0,0.0,0.0,0.002,0.0039,0.0032,C5,C5: limit warming to 2.5°C (>50%)
REMIND-MAgPIE 1.7-3.0,EMF33_Med2C_limbio,2.9295,1.495399999999999,0.4055,0.0072,0.0,0.0,0.0,0.0,0.0,0.0,C3,C3: limit warming to 2°C (>67%)
REMIND-MAgPIE 1.7-3.0,EMF33_Med2C_nobeccs,2.9295,1.495399999999999,0.4055,0.0072,0.0,0.0,0.0,0.0,0.0,0.0,C4,C4: limit warming to 2°C (>50%)
REMIND-MAgPIE 1.7-3.0,EMF33_Med2C_nofuel,2.9295,1.495399999999999,0.4055,0.0072,0.0,0.0,0.0,0.0,0.0,0.0,C4,C4: limit warming to 2°C (>50%)
REMIND-MAgPIE 1.7-3.0,EMF33_Med2C_none,2.9295,1.495399999999999,0.4055,0.0072,0.0,0.0,0.0,0.0,0.0,0.0,C4,C4: limit warming to 2°C (>50%)
REMIND-MAgPIE 1.7-3.0,EMF33_WB2C_cost100,2.9295,1.495399999999999,0.4055,0.0072,0.0,0.0,0.0,0.0,0.0,0.0,C3,C3: limit warming to 2°C (>67%)
REMIND-MAgPIE 1.7-3.0,EMF33_WB2C_full,2.9295,1.495399999999999,0.4055,0.0072,0.0,0.0,0.0,0.0014,0.0028,0.0022,C3,C3: limit warming to 2°C (>67%)
REMIND-MAgPIE 1.7-3.0,EMF33_WB2C_limbio,2.9295,1.495399999999999,0.4055,0.0072,0.0,0.0,0.0,0.0,0.0,0.0,C3,C3: limit warming to 2°C (>67%)
REMIND-MAgPIE 1.7-3.0,EMF33_WB2C_nobeccs,2.9295,1.495399999999999,0.4055,0.0072,0.0,0.0003,0.001,0.0008,0.0,0.0,C3,C3: limit warming to 2°C (>67%)
REMIND-MAgPIE 1.7-3.0,EMF33_WB2C_nofuel,2.9295,1.495399999999999,0.4055,0.0072,0.0,0.0,0.0,0.0,0.0,0.0,C3,C3: limit warming to 2°C (>67%)
REMIND-MAgPIE 1.7-3.0,EMF33_WB2C_none,2.9295,1.495399999999999,0.4055,0.0072,0.0,0.0,0.0,0.0,0.0,0.0,C3,C3: limit warming to 2°C (>67%)
REMIND-MAgPIE 1.7-3.0,EMF33_tax_hi_full,2.9295,1.492399999999999,0.4028,0.0058,0.0,0.0,0.0,0.0016,0.0032,0.0026,C3,C3: limit warming to 2°C (>67%)
REMIND-MAgPIE 1.7-3.0,EMF33_tax_hi_none,2.9295,1.492399999999999,0.4028,0.0058,0.0,0.0,0.0,0.0,0.0,0.0,C4,C4: limit warming to 2°C (>50%)
REMIND-MAgPIE 1.7-3.0,EMF33_tax_lo_full,2.9295,1.492399999999999,0.4028,0.0058,0.0,0.0,0.0,0.0,0.0,0.021,C5,C5: limit warming to 2.5°C (>50%)
REMIND-MAgPIE 1.7-3.0,EMF33_tax_lo_none,2.9295,1.492399999999999,0.4028,0.0058,0.0,0.0,0.0,0.0,0.0,0.0,C5,C5: limit warming to 2.5°C (>50%)
REMIND-MAgPIE 1.7-3.0,PEP_1p5C_full_NDC,3.0411,1.511,0.3685,0.0001,0.0001,0.0001,0.0001,0.0001,0.0001,0.0001,C2,C2: return warming to 1.5°C (>50%) after a high overshoot
REMIND-MAgPIE 1.7-3.0,PEP_1p5C_full_eff,3.0411,1.511,0.3685,0.0001,0.0001,0.0001,0.0001,0.0001,0.0001,0.0001,C1,C1: limit warming to 1.5°C (>50%) with no or limited overshoot
REMIND-MAgPIE 1.7-3.0,PEP_1p5C_full_goodpractice,3.0411,1.511,0.3685,0.0001,0.0001,0.0001,0.0001,0.0001,0.0001,0.0001,C2,C2: return warming to 1.5°C (>50%) after a high overshoot
REMIND-MAgPIE 1.7-3.0,PEP_1p5C_full_netzero,3.0411,1.511,0.3817,0.0261,0.0206,0.0001,0.0001,0.0001,0.0001,0.0001,C2,C2: return warming to 1.5°C (>50%) after a high overshoot
REMIND-MAgPIE 1.7-3.0,PEP_1p5C_red_eff,3.0411,1.511,0.3685,0.0001,0.0001,0.0001,0.0001,0.0001,0.0001,0.0001,C1,C1: limit warming to 1.5°C (>50%) with no or limited overshoot
REMIND-MAgPIE 1.7-3.0,PEP_2C_full_NDC,3.0411,1.511,0.3685,0.0001,0.0001,0.0001,0.0001,0.0001,0.0001,0.0001,C2,C2: return warming to 1.5°C (>50%) after a high overshoot
REMIND-MAgPIE 1.7-3.0,PEP_2C_full_eff,3.0411,1.511,0.3685,0.0001,0.0001,0.0001,0.0001,0.0001,0.0001,0.0001,C2,C2: return warming to 1.5°C (>50%) after a high overshoot
REMIND-MAgPIE 1.7-3.0,PEP_2C_full_goodpractice,3.0411,1.511,0.3685,0.0001,0.0001,0.0001,0.0001,0.0001,0.0001,0.0001,C2,C2: return warming to 1.5°C (>50%) after a high overshoot
REMIND-MAgPIE 1.7-3.0,PEP_2C_full_netzero,3.0411,1.511,0.3817,0.0261,0.0206,0.0001,0.0001,0.0001,0.0001,0.0001,C2,C2: return warming to 1.5°C (>50%) after a high overshoot
REMIND-MAgPIE 1.7-3.0,PEP_2C_red_NDC,3.0411,1.511,0.3685,0.0001,0.0001,0.0001,0.0001,0.0001,0.0001,0.0001,C2,C2: return warming to 1.5°C (>50%) after a high overshoot
REMIND-MAgPIE 1.7-3.0,PEP_2C_red_eff,3.0411,1.511,0.3685,0.0001,0.0001,0.0001,0.0001,0.0001,0.0001,0.0001,C1,C1: limit warming to 1.5°C (>50%) with no or limited overshoot
REMIND-MAgPIE 1.7-3.0,PEP_2C_red_goodpractice,3.0411,1.511,0.3685,0.0001,0.0001,0.0001,0.0001,0.0001,0.0001,0.0001,C2,C2: return warming to 1.5°C (>50%) after a high overshoot
REMIND-MAgPIE 1.7-3.0,PEP_2C_red_netzero,3.0411,1.511,0.3817,0.0261,0.0206,0.0001,0.0001,0.0001,0.0001,0.0001,C2,C2: return warming to 1.5°C (>50%) after a high overshoot
REMIND-MAgPIE 1.7-3.0,PEP_NDC,3.0411,1.511,0.3685,0.0001,0.0001,0.0001,0.0001,0.0001,0.0001,0.0001,C7,C7: limit warming to 4°C (>50%)
REMIND-MAgPIE 1.7-3.0,PEP_NPi,3.0411,1.511,0.3685,0.0001,0.0001,0.0001,0.0001,0.0001,0.0001,0.0001,C7,C7: limit warming to 4°C (>50%)
REMIND-MAgPIE 1.7-3.0,PEP_NoPolicy,3.0411,1.5467,0.4015,0.0174,0.0001,0.0001,0.0001,0.0001,0.0001,0.0001,C7,C7: limit warming to 4°C (>50%)
REMIND-MAgPIE 1.7-3.0,PEP_goodpractice,3.0411,1.511,0.3685,0.0001,0.0001,0.0001,0.0001,0.0001,0.0001,0.0001,C6,C6: limit warming to 3°C (>50%)
REMIND-MAgPIE 1.7-3.0,PEP_netzero,3.0411,1.511,0.3817,0.0261,0.0206,0.0001,0.0001,0.0001,0.0001,0.0001,C5,C5: limit warming to 2.5°C (>50%)
REMIND-MAgPIE 1.7-3.0,SMP_1p5C_Def,3.0418,1.5123,0.3695,0.0001,0.0001,0.0001,0.0001,0.0001,0.0001,0.0001,failed-vetting,failed-vetting
REMIND-MAgPIE 1.7-3.0,SMP_1p5C_Sust,3.0418,1.5123,0.3695,0.0001,0.0001,0.0001,0.0001,0.0001,0.0001,0.0001,failed-vetting,failed-vetting
REMIND-MAgPIE 1.7-3.0,SMP_1p5C_early,3.0418,1.5123,0.3695,0.0001,0.0001,0.0001,0.0001,0.0001,0.0001,0.0001,failed-vetting,failed-vetting
REMIND-MAgPIE 1.7-3.0,SMP_1p5C_lifesty,3.0418,1.5123,0.3695,0.0001,0.0001,0.0001,0.0001,0.0001,0.0001,0.0001,failed-vetting,failed-vetting
REMIND-MAgPIE 1.7-3.0,SMP_1p5C_regul,3.0418,1.5123,0.3695,0.0001,0.0001,0.0001,0.0001,0.0001,0.0001,0.0001,failed-vetting,failed-vetting
REMIND-MAgPIE 1.7-3.0,SMP_2C_Def,3.0418,1.5123,0.3695,0.0001,0.0001,0.0001,0.0001,0.0001,0.0001,0.0001,failed-vetting,failed-vetting
REMIND-MAgPIE 1.7-3.0,SMP_2C_Sust,3.0418,1.5123,0.3695,0.0001,0.0001,0.0001,0.0001,0.0001,0.0001,0.0001,failed-vetting,failed-vetting
REMIND-MAgPIE 1.7-3.0,SMP_2C_early,3.0418,1.5123,0.3695,0.0001,0.0001,0.0001,0.0001,0.0001,0.0001,0.0001,failed-vetting,failed-vetting
REMIND-MAgPIE 1.7-3.0,SMP_2C_lifesty,3.0418,1.5123,0.3695,0.0001,0.0001,0.0001,0.0001,0.0001,0.0001,0.0001,C1,C1: limit warming to 1.5°C (>50%) with no or limited overshoot
REMIND-MAgPIE 1.7-3.0,SMP_2C_regul,3.0418,1.5123,0.3695,0.0001,0.0001,0.0001,0.0001,0.0001,0.0001,0.0001,failed-vetting,failed-vetting
REMIND-MAgPIE 1.7-3.0,SMP_REF_Def,3.0418,1.5507,0.405,0.0187,0.0001,0.0001,0.0001,0.0001,0.0001,0.0001,C7,C7: limit warming to 4°C (>50%)
REMIND-MAgPIE 1.7-3.0,SMP_REF_Sust,3.0456,1.5721,0.4238,0.0254,0.0001,0.0001,0.0001,0.0001,0.0001,0.0001,C7,C7: limit warming to 4°C (>50%)
REMIND-MAgPIE 2.0-4.1,Diff_1300Gt_hybrid_def,3.5465,2.1155,0.5529,0.0001,0.0001,0.0001,0.0001,0.0001,0.0001,0.0001,C3,C3: limit warming to 2°C (>67%)
REMIND-MAgPIE 2.0-4.1,Diff_1300Gt_no-transfer_def,3.5465,2.1155,0.5529,0.0001,0.0001,0.0001,0.0001,0.0001,0.0001,0.0001,C3,C3: limit warming to 2°C (>67%)
REMIND-MAgPIE 2.0-4.1,Diff_1300Gt_uniform-pricing_def,3.5465,2.1155,0.5529,0.0001,0.0001,0.0001,0.0001,0.0001,0.0001,0.0001,C3,C3: limit warming to 2°C (>67%)
REMIND-MAgPIE 2.0-4.1,Diff_No-policy_baseline,3.5465,2.1155,0.5529,0.0001,0.0001,0.0001,0.0001,0.0001,0.0001,0.0001,C7,C7: limit warming to 4°C (>50%)
REMIND-MAgPIE 2.1-4.2,CEMICS_SSP1-1p5C-fullCDR,3.505,2.0342,0.4887,0.0001,0.0001,0.0001,0.0001,0.0001,0.0001,0.0001,C1,C1: limit warming to 1.5°C (>50%) with no or limited overshoot
REMIND-MAgPIE 2.1-4.2,CEMICS_SSP1-1p5C-minCDR,3.505,2.0342,0.4887,0.0001,0.0001,0.0001,0.0001,0.0001,0.0001,0.0013,C1,C1: limit warming to 1.5°C (>50%) with no or limited overshoot
REMIND-MAgPIE 2.1-4.2,CEMICS_SSP1-Npi,3.505,2.0342,0.4887,0.0001,0.0001,0.0001,0.0001,0.0001,0.0001,0.0001,C6,C6: limit warming to 3°C (>50%)
REMIND-MAgPIE 2.1-4.2,CEMICS_SSP2-1p5C-fullCDR,3.5229,2.0692,0.5164,0.0001,0.0001,0.0001,0.0001,0.0001,0.0001,0.0001,C1,C1: limit warming to 1.5°C (>50%) with no or limited overshoot
REMIND-MAgPIE 2.1-4.2,CEMICS_SSP2-1p5C-minCDR,3.5229,2.0692,0.5164,0.0001,0.0001,0.0001,0.0001,0.0001,0.0001,0.0009,C1,C1: limit warming to 1.5°C (>50%) with no or limited overshoot
REMIND-MAgPIE 2.1-4.2,CEMICS_SSP2-2C-fullCDR,3.5229,2.0692,0.5164,0.0001,0.0001,0.0001,0.0001,0.0001,0.0001,0.0001,C3,C3: limit warming to 2°C (>67%)
REMIND-MAgPIE 2.1-4.2,CEMICS_SSP2-2C-minCDR,3.5229,2.0692,0.5163,0.0001,0.0001,0.0001,0.0001,0.0001,0.0001,0.0001,C3,C3: limit warming to 2°C (>67%)
REMIND-MAgPIE 2.1-4.2,CEMICS_SSP2-Npi,3.5229,2.0692,0.5164,0.0001,0.0001,0.0001,0.0001,0.0001,0.0001,0.0001,C7,C7: limit warming to 4°C (>50%)
REMIND-MAgPIE 2.1-4.2,EN_INDCi2030_1000,3.6496,2.1546,0.5749,0.0543,0.0001,0.0001,0.0001,0.0001,0.0001,0.0001,C3,C3: limit warming to 2°C (>67%)
REMIND-MAgPIE 2.1-4.2,EN_INDCi2030_1000_COV,3.6461,2.1199,0.5231,0.0196,0.0001,0.0001,0.0001,0.0001,0.0001,0.0001,C3,C3: limit warming to 2°C (>67%)
REMIND-MAgPIE 2.1-4.2,EN_INDCi2030_1000_COV_NDCp,3.6461,2.1199,0.5231,0.0196,0.0001,0.0001,0.0001,0.0001,0.0001,0.0001,C3,C3: limit warming to 2°C (>67%)
REMIND-MAgPIE 2.1-4.2,EN_INDCi2030_1000_NDCp,3.6496,2.1546,0.5749,0.0543,0.0001,0.0001,0.0001,0.0001,0.0001,0.0001,C3,C3: limit warming to 2°C (>67%)
REMIND-MAgPIE 2.1-4.2,EN_INDCi2030_1000f,3.6496,2.1546,0.5749,0.0543,0.0001,0.0001,0.0001,0.0001,0.0001,0.0001,C3,C3: limit warming to 2°C (>67%)
REMIND-MAgPIE 2.1-4.2,EN_INDCi2030_1000f_COV,3.6461,2.1199,0.5231,0.0196,0.0001,0.0001,0.0001,0.0001,0.0001,0.0001,C3,C3: limit warming to 2°C (>67%)
REMIND-MAgPIE 2.1-4.2,EN_INDCi2030_1000f_COV_NDCp,3.6461,2.1199,0.5231,0.0196,0.0001,0.0001,0.0001,0.0001,0.0001,0.0001,C3,C3: limit warming to 2°C (>67%)
REMIND-MAgPIE 2.1-4.2,EN_INDCi2030_1000f_NDCp,3.6496,2.1546,0.5749,0.0543,0.0001,0.0001,0.0001,0.0001,0.0001,0.0001,C3,C3: limit warming to 2°C (>67%)
REMIND-MAgPIE 2.1-4.2,EN_INDCi2030_1200,3.6496,2.1546,0.5749,0.0543,0.0001,0.0001,0.0001,0.0001,0.0032,0.0061,C3,C3: limit warming to 2°C (>67%)
REMIND-MAgPIE 2.1-4.2,EN_INDCi2030_1200f,3.6496,2.1546,0.5749,0.0543,0.0001,0.0001,0.0001,0.0001,0.0024,0.0047,C3,C3: limit warming to 2°C (>67%)
REMIND-MAgPIE 2.1-4.2,EN_INDCi2030_1400,3.6496,2.1546,0.5749,0.0543,0.0001,0.0001,0.0001,0.0001,0.0001,0.0001,C4,C4: limit warming to 2°C (>50%)
REMIND-MAgPIE 2.1-4.2,EN_INDCi2030_1400f,3.6496,2.1546,0.5749,0.0543,0.0001,0.0001,0.0001,0.0001,0.0001,0.0001,C4,C4: limit warming to 2°C (>50%)
REMIND-MAgPIE 2.1-4.2,EN_INDCi2030_1600,3.6496,2.1546,0.5749,0.0543,0.0001,0.0001,0.0001,0.0001,0.0001,0.0001,C5,C5: limit warming to 2.5°C (>50%)
REMIND-MAgPIE 2.1-4.2,EN_INDCi2030_1600f,3.6496,2.1546,0.5749,0.0543,0.0001,0.0001,0.0001,0.0001,0.0001,0.0001,C5,C5: limit warming to 2.5°C (>50%)
REMIND-MAgPIE 2.1-4.2,EN_INDCi2030_1800,3.6496,2.1546,0.5749,0.0543,0.0001,0.0001,0.0001,0.0001,0.0001,0.0001,C5,C5: limit warming to 2.5°C (>50%)
REMIND-MAgPIE 2.1-4.2,EN_INDCi2030_1800f,3.6496,2.1546,0.5749,0.0543,0.0001,0.0001,0.0001,0.0001,0.0001,0.0001,C5,C5: limit warming to 2.5°C (>50%)
REMIND-MAgPIE 2.1-4.2,EN_INDCi2030_2000,3.6496,2.1546,0.5749,0.0543,0.0001,0.0001,0.0001,0.0001,0.0001,0.0001,C5,C5: limit warming to 2.5°C (>50%)
REMIND-MAgPIE 2.1-4.2,EN_INDCi2030_2000f,3.6496,2.1546,0.5749,0.0543,0.0001,0.0001,0.0001,0.0001,0.0001,0.0001,C5,C5: limit warming to 2.5°C (>50%)
REMIND-MAgPIE 2.1-4.2,EN_INDCi2030_2500,3.6496,2.1546,0.5749,0.0543,0.0001,0.0001,0.0001,0.0001,0.0001,0.0001,C6,C6: limit warming to 3°C (>50%)
REMIND-MAgPIE 2.1-4.2,EN_INDCi2030_2500f,3.6496,2.1546,0.5749,0.0543,0.0001,0.0001,0.0001,0.0001,0.0001,0.0001,C6,C6: limit warming to 3°C (>50%)
REMIND-MAgPIE 2.1-4.2,EN_INDCi2030_3000,3.6496,2.1546,0.5749,0.0543,0.0001,0.0001,0.0001,0.0001,0.0001,0.0001,C6,C6: limit warming to 3°C (>50%)
REMIND-MAgPIE 2.1-4.2,EN_INDCi2030_3000f,3.6496,2.1546,0.5749,0.0543,0.0001,0.0001,0.0001,0.0001,0.0001,0.0001,C6,C6: limit warming to 3°C (>50%)
REMIND-MAgPIE 2.1-4.2,EN_INDCi2030_300f,3.6496,2.1546,0.5749,0.0543,0.0001,0.0001,0.0001,0.0001,0.0001,0.0001,C2,C2: return warming to 1.5°C (>50%) after a high overshoot
REMIND-MAgPIE 2.1-4.2,EN_INDCi2030_400f,3.6496,2.1546,0.5749,0.0543,0.0001,0.0001,0.0001,0.0001,0.0001,0.0001,C2,C2: return warming to 1.5°C (>50%) after a high overshoot
REMIND-MAgPIE 2.1-4.2,EN_INDCi2030_500f,3.6496,2.1546,0.5749,0.0543,0.0001,0.0001,0.0001,0.0001,0.0001,0.0001,C2,C2: return warming to 1.5°C (>50%) after a high overshoot
REMIND-MAgPIE 2.1-4.2,EN_INDCi2030_600_COV,3.6461,2.1199,0.5231,0.0196,0.0001,0.0001,0.0001,0.0001,0.0249,0.0641,C2,C2: return warming to 1.5°C (>50%) after a high overshoot
REMIND-MAgPIE 2.1-4.2,EN_INDCi2030_600_COV_NDCp,3.6461,2.1199,0.5231,0.0196,0.0001,0.0001,0.0001,0.0001,0.0195,0.0531,C2,C2: return warming to 1.5°C (>50%) after a high overshoot
REMIND-MAgPIE 2.1-4.2,EN_INDCi2030_600f,3.6496,2.1546,0.5749,0.0543,0.0001,0.0001,0.0001,0.0001,0.0001,0.0001,C2,C2: return warming to 1.5°C (>50%) after a high overshoot
REMIND-MAgPIE 2.1-4.2,EN_INDCi2030_600f_COV,3.6461,2.1199,0.5231,0.0196,0.0001,0.0001,0.0001,0.0001,0.0001,0.0001,C2,C2: return warming to 1.5°C (>50%) after a high overshoot
REMIND-MAgPIE 2.1-4.2,EN_INDCi2030_600f_COV_NDCp,3.6461,2.1199,0.5231,0.0196,0.0001,0.0001,0.0001,0.0001,0.0001,0.0001,C2,C2: return warming to 1.5°C (>50%) after a high overshoot
REMIND-MAgPIE 2.1-4.2,EN_INDCi2030_600f_NDCp,3.6496,2.1546,0.5749,0.0543,0.0001,0.0001,0.0001,0.0001,0.0001,0.0001,C2,C2: return warming to 1.5°C (>50%) after a high overshoot
REMIND-MAgPIE 2.1-4.2,EN_INDCi2030_700,3.6496,2.1546,0.5749,0.0543,0.0001,0.0001,0.0001,0.0001,0.0001,0.0154,C3,C3: limit warming to 2°C (>67%)
REMIND-MAgPIE 2.1-4.2,EN_INDCi2030_700f,3.6496,2.1546,0.5749,0.0543,0.0001,0.0001,0.0001,0.0001,0.0001,0.0001,C3,C3: limit warming to 2°C (>67%)
REMIND-MAgPIE 2.1-4.2,EN_INDCi2030_800,3.6496,2.1546,0.5749,0.0543,0.0001,0.0001,0.0001,0.0001,0.0001,0.0063,C3,C3: limit warming to 2°C (>67%)
REMIND-MAgPIE 2.1-4.2,EN_INDCi2030_800f,3.6496,2.1546,0.5749,0.0543,0.0001,0.0001,0.0001,0.0001,0.0001,0.0001,C3,C3: limit warming to 2°C (>67%)
REMIND-MAgPIE 2.1-4.2,EN_INDCi2030_900,3.6496,2.1546,0.5749,0.0543,0.0001,0.0001,0.0001,0.0001,0.0001,0.0001,C3,C3: limit warming to 2°C (>67%)
REMIND-MAgPIE 2.1-4.2,EN_INDCi2030_900f,3.6496,2.1546,0.5749,0.0543,0.0001,0.0001,0.0001,0.0001,0.0001,0.0001,C3,C3: limit warming to 2°C (>67%)
REMIND-MAgPIE 2.1-4.2,EN_INDCi2100,3.6496,2.1546,0.5749,0.0543,0.0001,0.0001,0.0001,0.0001,0.0001,0.0001,C5,C5: limit warming to 2.5°C (>50%)
REMIND-MAgPIE 2.1-4.2,EN_INDCi2100_COV,3.6461,2.1199,0.5231,0.0196,0.0001,0.0001,0.0001,0.0001,0.0001,0.0001,C5,C5: limit warming to 2.5°C (>50%)
REMIND-MAgPIE 2.1-4.2,EN_INDCi2100_COV_NDCp,3.6461,2.1199,0.5231,0.0196,0.0001,0.0001,0.0001,0.0001,0.0001,0.0001,C5,C5: limit warming to 2.5°C (>50%)
REMIND-MAgPIE 2.1-4.2,EN_INDCi2100_NDCp,3.6496,2.1546,0.5749,0.0543,0.0001,0.0001,0.0001,0.0001,0.0001,0.0001,C5,C5: limit warming to 2.5°C (>50%)
REMIND-MAgPIE 2.1-4.2,EN_NPi2020_1000,3.6496,2.1546,0.5749,0.0543,0.0001,0.0001,0.0001,0.001,0.0034,0.0045,C3,C3: limit warming to 2°C (>67%)
REMIND-MAgPIE 2.1-4.2,EN_NPi2020_1000_COV,3.6461,2.1199,0.5231,0.0196,0.0001,0.0001,0.0001,0.0001,0.0001,0.0001,C3,C3: limit warming to 2°C (>67%)
REMIND-MAgPIE 2.1-4.2,EN_NPi2020_1000f,3.6496,2.1546,0.5749,0.0543,0.0001,0.0001,0.0001,0.0023,0.0043,0.0035,C3,C3: limit warming to 2°C (>67%)
REMIND-MAgPIE 2.1-4.2,EN_NPi2020_1000f_COV,3.6461,2.1199,0.5231,0.0196,0.0001,0.0001,0.0001,0.0001,0.0001,0.0001,C3,C3: limit warming to 2°C (>67%)
REMIND-MAgPIE 2.1-4.2,EN_NPi2020_1200,3.6496,2.1546,0.5749,0.0543,0.0001,0.0001,0.0001,0.0001,0.0001,0.0001,C3,C3: limit warming to 2°C (>67%)
REMIND-MAgPIE 2.1-4.2,EN_NPi2020_1200f,3.6496,2.1546,0.5749,0.0543,0.0001,0.0001,0.0001,0.0001,0.0001,0.0001,C3,C3: limit warming to 2°C (>67%)
REMIND-MAgPIE 2.1-4.2,EN_NPi2020_1400,3.6496,2.1546,0.5749,0.0543,0.0001,0.0001,0.0001,0.0001,0.0001,0.0001,C4,C4: limit warming to 2°C (>50%)
REMIND-MAgPIE 2.1-4.2,EN_NPi2020_1400f,3.6496,2.1546,0.5749,0.0543,0.0001,0.0001,0.0001,0.0001,0.0001,0.0001,C4,C4: limit warming to 2°C (>50%)
REMIND-MAgPIE 2.1-4.2,EN_NPi2020_1600,3.6496,2.1546,0.5749,0.0543,0.0001,0.0001,0.0001,0.0001,0.0001,0.0001,C4,C4: limit warming to 2°C (>50%)
REMIND-MAgPIE 2.1-4.2,EN_NPi2020_1600f,3.6496,2.1546,0.5749,0.0543,0.0001,0.0001,0.0001,0.0001,0.0001,0.0001,C4,C4: limit warming to 2°C (>50%)
REMIND-MAgPIE 2.1-4.2,EN_NPi2020_1800,3.6496,2.1546,0.5749,0.0543,0.0001,0.0001,0.0001,0.0001,0.0001,0.0001,C5,C5: limit warming to 2.5°C (>50%)
REMIND-MAgPIE 2.1-4.2,EN_NPi2020_1800f,3.6496,2.1546,0.5749,0.0543,0.0001,0.0001,0.0001,0.0001,0.0001,0.0001,C5,C5: limit warming to 2.5°C (>50%)
REMIND-MAgPIE 2.1-4.2,EN_NPi2020_2000,3.6496,2.1546,0.5749,0.0543,0.0001,0.0001,0.0001,0.0001,0.0001,0.0001,C5,C5: limit warming to 2.5°C (>50%)
REMIND-MAgPIE 2.1-4.2,EN_NPi2020_2000f,3.6496,2.1546,0.5749,0.0543,0.0001,0.0001,0.0001,0.0001,0.0001,0.0001,C5,C5: limit warming to 2.5°C (>50%)
REMIND-MAgPIE 2.1-4.2,EN_NPi2020_200f,3.6496,2.1546,0.5749,0.0543,0.0001,0.0001,0.0001,0.0001,0.0001,0.0001,C1,C1: limit warming to 1.5°C (>50%) with no or limited overshoot
REMIND-MAgPIE 2.1-4.2,EN_NPi2020_2500,3.6496,2.1546,0.5749,0.0543,0.0001,0.0001,0.0001,0.0001,0.0001,0.0001,C6,C6: limit warming to 3°C (>50%)
REMIND-MAgPIE 2.1-4.2,EN_NPi2020_2500f,3.6496,2.1546,0.5749,0.0543,0.0001,0.0001,0.0001,0.0001,0.0001,0.0001,C6,C6: limit warming to 3°C (>50%)
REMIND-MAgPIE 2.1-4.2,EN_NPi2020_3000,3.6496,2.1546,0.5749,0.0543,0.0001,0.0001,0.0001,0.0001,0.0001,0.0001,C6,C6: limit warming to 3°C (>50%)
REMIND-MAgPIE 2.1-4.2,EN_NPi2020_3000f,3.6496,2.1546,0.5749,0.0543,0.0001,0.0001,0.0001,0.0001,0.0001,0.0001,C6,C6: limit warming to 3°C (>50%)
REMIND-MAgPIE 2.1-4.2,EN_NPi2020_300f,3.6496,2.1546,0.5749,0.0543,0.0001,0.0001,0.0001,0.0001,0.0001,0.0001,C1,C1: limit warming to 1.5°C (>50%) with no or limited overshoot
REMIND-MAgPIE 2.1-4.2,EN_NPi2020_400,3.6496,2.1546,0.5749,0.0543,0.0001,0.0001,0.0001,0.0002,0.0003,0.0003,C1,C1: limit warming to 1.5°C (>50%) with no or limited overshoot
REMIND-MAgPIE 2.1-4.2,EN_NPi2020_400f,3.6496,2.1546,0.5749,0.0543,0.0001,0.0001,0.0001,0.0001,0.0001,0.0001,C1,C1: limit warming to 1.5°C (>50%) with no or limited overshoot
REMIND-MAgPIE 2.1-4.2,EN_NPi2020_500,3.6496,2.1546,0.5749,0.0543,0.0001,0.0001,0.0001,0.0001,0.0001,0.001,C1,C1: limit warming to 1.5°C (>50%) with no or limited overshoot
REMIND-MAgPIE 2.1-4.2,EN_NPi2020_500f,3.6496,2.1546,0.5749,0.0543,0.0001,0.0001,0.0001,0.0001,0.0001,0.0001,C2,C2: return warming to 1.5°C (>50%) after a high overshoot
REMIND-MAgPIE 2.1-4.2,EN_NPi2020_600,3.6496,2.1546,0.5749,0.0543,0.0001,0.0001,0.0001,0.0001,0.0001,0.0001,C1,C1: limit warming to 1.5°C (>50%) with no or limited overshoot
REMIND-MAgPIE 2.1-4.2,EN_NPi2020_600_COV,3.6461,2.1199,0.5231,0.0196,0.0001,0.0001,0.0001,0.0001,0.0001,0.0001,C1,C1: limit warming to 1.5°C (>50%) with no or limited overshoot
REMIND-MAgPIE 2.1-4.2,EN_NPi2020_600f,3.6496,2.1546,0.5749,0.0543,0.0001,0.0001,0.0001,0.0001,0.0001,0.0001,C2,C2: return warming to 1.5°C (>50%) after a high overshoot
REMIND-MAgPIE 2.1-4.2,EN_NPi2020_600f_COV,3.6461,2.1199,0.5231,0.0196,0.0001,0.0001,0.0001,0.0001,0.0001,0.0001,C1,C1: limit warming to 1.5°C (>50%) with no or limited overshoot
REMIND-MAgPIE 2.1-4.2,EN_NPi2020_700,3.6496,2.1546,0.5749,0.0543,0.0001,0.0001,0.0001,0.0001,0.0001,0.0001,C3,C3: limit warming to 2°C (>67%)
REMIND-MAgPIE 2.1-4.2,EN_NPi2020_700f,3.6496,2.1546,0.5749,0.0543,0.0001,0.0001,0.0001,0.0001,0.0001,0.0001,C3,C3: limit warming to 2°C (>67%)
REMIND-MAgPIE 2.1-4.2,EN_NPi2020_800,3.6496,2.1546,0.5749,0.0543,0.0001,0.0001,0.0001,0.0001,0.0001,0.0001,C3,C3: limit warming to 2°C (>67%)
REMIND-MAgPIE 2.1-4.2,EN_NPi2020_800f,3.6496,2.1546,0.5749,0.0543,0.0001,0.0001,0.0001,0.0001,0.0001,0.0001,C3,C3: limit warming to 2°C (>67%)
REMIND-MAgPIE 2.1-4.2,EN_NPi2020_900,3.6496,2.1546,0.5749,0.0543,0.0001,0.0001,0.0001,0.0001,0.0001,0.0001,C3,C3: limit warming to 2°C (>67%)
REMIND-MAgPIE 2.1-4.2,EN_NPi2020_900f,3.6496,2.1546,0.5749,0.0543,0.0001,0.0001,0.0001,0.0001,0.0001,0.0001,C3,C3: limit warming to 2°C (>67%)
REMIND-MAgPIE 2.1-4.2,EN_NPi2100,3.6496,2.1546,0.5749,0.0543,0.0001,0.0001,0.0001,0.0001,0.0001,0.0001,C7,C7: limit warming to 4°C (>50%)
REMIND-MAgPIE 2.1-4.2,EN_NPi2100_COV,3.6461,2.1199,0.5254,0.0218,0.0012,0.0001,0.0001,0.0001,0.0001,0.0001,C7,C7: limit warming to 4°C (>50%)
REMIND-MAgPIE 2.1-4.2,EN_NoPolicy,3.6496,2.1126,0.503,0.0001,0.0001,0.0001,0.0001,0.0001,0.0001,0.0001,C7,C7: limit warming to 4°C (>50%)
REMIND-MAgPIE 2.1-4.2,NGFS2_Below 2°C,3.6579,2.2283,0.6796,0.1196,0.0001,0.0001,0.0001,0.0001,0.0001,0.0001,C3,C3: limit warming to 2°C (>67%)
REMIND-MAgPIE 2.1-4.2,NGFS2_Below 2°C - IPD-95th,3.6579,2.2273,0.6796,0.1201,0.0001,0.0001,0.0001,0.0001,0.0001,0.0001,C3,C3: limit warming to 2°C (>67%)
REMIND-MAgPIE 2.1-4.2,NGFS2_Below 2°C - IPD-median,3.6579,2.2276,0.6798,0.1201,0.0001,0.0001,0.0001,0.0001,0.0001,0.0001,C3,C3: limit warming to 2°C (>67%)
REMIND-MAgPIE 2.1-4.2,NGFS2_Current Policies,3.6579,2.2283,0.6797,0.1196,0.0001,0.0001,0.0001,0.0001,0.0001,0.0001,C7,C7: limit warming to 4°C (>50%)
REMIND-MAgPIE 2.1-4.2,NGFS2_Current Policies - IPD-95th,3.6579,2.2273,0.6796,0.1201,0.0001,0.0001,0.0001,0.0001,0.0001,0.0001,C7,C7: limit warming to 4°C (>50%)
REMIND-MAgPIE 2.1-4.2,NGFS2_Current Policies - IPD-median,3.6579,2.2276,0.6798,0.1201,0.0001,0.0001,0.0001,0.0001,0.0001,0.0001,C7,C7: limit warming to 4°C (>50%)
REMIND-MAgPIE 2.1-4.2,NGFS2_Delayed Transition,3.6579,2.2283,0.6797,0.1196,0.0001,0.0001,0.0001,0.0001,0.0001,0.0001,C3,C3: limit warming to 2°C (>67%)
REMIND-MAgPIE 2.1-4.2,NGFS2_Divergent Net Zero Policies,3.6579,2.2283,0.6797,0.1196,0.0001,0.0001,0.0001,0.0001,0.0001,0.0001,C1,C1: limit warming to 1.5°C (>50%) with no or limited overshoot
REMIND-MAgPIE 2.1-4.2,NGFS2_Nationally Determined Contributions (NDCs),3.6579,2.2283,0.6796,0.1196,0.0001,0.0001,0.0001,0.0001,0.0001,0.0001,C5,C5: limit warming to 2.5°C (>50%)
REMIND-MAgPIE 2.1-4.2,NGFS2_Net-Zero 2050,3.6579,2.2283,0.6796,0.1196,0.0001,0.0001,0.0001,0.0001,0.0001,0.0001,C1,C1: limit warming to 1.5°C (>50%) with no or limited overshoot
REMIND-MAgPIE 2.1-4.2,NGFS2_Net-Zero 2050 - IPD-95th,3.6579,2.2273,0.6796,0.1201,0.0001,0.0001,0.0001,0.0001,0.0001,0.0001,C1,C1: limit warming to 1.5°C (>50%) with no or limited overshoot
REMIND-MAgPIE 2.1-4.2,NGFS2_Net-Zero 2050 - IPD-median,3.6579,2.2276,0.6798,0.1201,0.0001,0.0001,0.0001,0.0001,0.0001,0.0001,C1,C1: limit warming to 1.5°C (>50%) with no or limited overshoot
REMIND-MAgPIE 2.1-4.2,SusDev_SDP-NPi,3.6496,2.1546,0.5747,0.0542,0.0001,0.0001,0.0001,0.0001,0.0001,0.0001,C5,C5: limit warming to 2.5°C (>50%)
REMIND-MAgPIE 2.1-4.2,SusDev_SDP-PkBudg1000,3.6496,2.1546,0.5747,0.0542,0.0001,0.0001,0.0001,0.0001,0.0001,0.0002,C1,C1: limit warming to 1.5°C (>50%) with no or limited overshoot
REMIND-MAgPIE 2.1-4.2,SusDev_SSP1-NDC,3.6496,2.1546,0.5747,0.0542,0.0001,0.0001,0.0001,0.0001,0.0001,0.0001,C5,C5: limit warming to 2.5°C (>50%)
REMIND-MAgPIE 2.1-4.2,SusDev_SSP1-NPi,3.6496,2.1546,0.5747,0.0542,0.0001,0.0001,0.0001,0.0001,0.0001,0.0001,C5,C5: limit warming to 2.5°C (>50%)
REMIND-MAgPIE 2.1-4.2,SusDev_SSP1-PkBudg900,3.6496,2.1546,0.5747,0.0542,0.0001,0.0001,0.0001,0.0001,0.0001,0.0001,C1,C1: limit warming to 1.5°C (>50%) with no or limited overshoot
REMIND-MAgPIE 2.1-4.2,SusDev_SSP2-NDC,3.6496,2.1546,0.5747,0.0542,0.0001,0.0001,0.0001,0.0001,0.0001,0.0001,C5,C5: limit warming to 2.5°C (>50%)
REMIND-MAgPIE 2.1-4.2,SusDev_SSP2-NPi,3.6496,2.1546,0.5747,0.0542,0.0001,0.0001,0.0001,0.0001,0.0001,0.0001,C7,C7: limit warming to 4°C (>50%)
REMIND-MAgPIE 2.1-4.2,SusDev_SSP2-PkBudg900,3.6496,2.1546,0.5747,0.0542,0.0001,0.0001,0.0001,0.0001,0.0001,0.0017,C1,C1: limit warming to 1.5°C (>50%) with no or limited overshoot
REMIND-MAgPIE 2.1-4.3,DeepElec_SSP2_ HighRE_Budg1100,3.6611,2.2227,0.7287,0.2122,0.0712,0.0041,0.0001,0.0001,0.0001,0.0001,C3,C3: limit warming to 2°C (>67%)
REMIND-MAgPIE 2.1-4.3,DeepElec_SSP2_ HighRE_Budg1300,3.6611,2.2227,0.7289,0.2335,0.0911,0.013,0.0001,0.0001,0.0001,0.0001,C3,C3: limit warming to 2°C (>67%)
REMIND-MAgPIE 2.1-4.3,DeepElec_SSP2_ HighRE_Budg900,3.6611,2.2227,0.7058,0.1727,0.0421,0.0001,0.0001,0.0001,0.0001,0.0001,C1,C1: limit warming to 1.5°C (>50%) with no or limited overshoot
REMIND-MAgPIE 2.1-4.3,DeepElec_SSP2_Base,3.6611,2.1241,0.5596,0.0763,0.0577,0.0065,0.006,0.0032,0.0001,0.0001,C7,C7: limit warming to 4°C (>50%)
REMIND-MAgPIE 2.1-4.3,DeepElec_SSP2_Npi,3.6611,2.2227,0.7315,0.2306,0.0877,0.0207,0.0106,0.0056,0.0001,0.0001,C7,C7: limit warming to 4°C (>50%)
REMIND-MAgPIE 2.1-4.3,DeepElec_SSP2_def_Budg1100,3.6611,2.2227,0.7246,0.1964,0.0578,0.0001,0.0001,0.0001,0.0001,0.0001,C2,C2: return warming to 1.5°C (>50%) after a high overshoot
REMIND-MAgPIE 2.1-4.3,DeepElec_SSP2_def_Budg1300,3.6611,2.2227,0.7276,0.2075,0.0675,0.0016,0.0001,0.0001,0.0001,0.0001,C3,C3: limit warming to 2°C (>67%)
REMIND-MAgPIE 2.1-4.3,DeepElec_SSP2_def_Budg900,3.6611,2.2227,0.7036,0.1701,0.0405,0.0001,0.0001,0.0001,0.0001,0.0001,C1,C1: limit warming to 1.5°C (>50%) with no or limited overshoot
REMIND-Transport 2.1,Transport_Budg1100_Conv,3.658,2.1187,0.5052,0.0001,0.0001,0.0001,0.0001,0.0003,0.0006,0.0005,C3,C3: limit warming to 2°C (>67%)
REMIND-Transport 2.1,Transport_Budg1100_Conv-LowD,3.658,2.1187,0.5052,0.0001,0.0001,0.0001,0.0001,0.0001,0.0001,0.0001,C3,C3: limit warming to 2°C (>67%)
REMIND-Transport 2.1,Transport_Budg1100_ConvSyn,3.658,2.1187,0.5096,0.0087,0.0069,0.0001,0.0001,0.0001,0.0001,0.0063,C3,C3: limit warming to 2°C (>67%)
REMIND-Transport 2.1,Transport_Budg1100_ElecPush,3.658,2.1187,0.5052,0.0001,0.0001,0.0001,0.0001,0.0006,0.0011,0.0009,C3,C3: limit warming to 2°C (>67%)
REMIND-Transport 2.1,Transport_Budg1100_ElecPush-LowD,3.658,2.1187,0.5052,0.0001,0.0001,0.0001,0.0001,0.0016,0.003,0.0024,C3,C3: limit warming to 2°C (>67%)
REMIND-Transport 2.1,Transport_Budg1100_H2Push,3.658,2.1187,0.5052,0.0001,0.0001,0.0001,0.0001,0.0001,0.0001,0.0001,C3,C3: limit warming to 2°C (>67%)
REMIND-Transport 2.1,Transport_NDC_Conv,3.658,2.1187,0.5052,0.0001,0.0001,0.0001,0.0001,0.0001,0.0001,0.0001,C6,C6: limit warming to 3°C (>50%)
REMIND-Transport 2.1,Transport_NPi_Conv,3.658,2.1187,0.5053,0.0001,0.0001,0.0001,0.0001,0.0001,0.0001,0.0001,C7,C7: limit warming to 4°C (>50%)
REMIND_EU 2.0,Eff_1p5,3.6828776,2.1362572,0.5169806,1.73e-05,1.73e-05,1.66e-05,1.66e-05,1.91e-05,1.66e-05,8.3e-06,failed-vetting,failed-vetting
REMIND_EU 2.0,Eff_Weak,3.6828776,2.1362572,0.5169976000000001,0.0001144,0.0001226,6.560000000000001e-05,1.66e-05,1.97e-05,1.66e-05,7.2e-06,failed-vetting,failed-vetting
REMIND_EU 2.0,Eff_min80,3.6828776,2.1362572,0.5169804,1.73e-05,1.8e-05,1.66e-05,1.66e-05,1.97e-05,1.66e-05,7.5e-06,failed-vetting,failed-vetting
REMIND_EU 2.0,Incumb_1p5,3.683871,2.1474026,0.533342,0.0508902,0.0524376,0.0352911,1.66e-05,1.96e-05,1.66e-05,6.7e-06,failed-vetting,failed-vetting
REMIND_EU 2.0,Incumb_Weak,3.683871,2.1474026,0.5333420999999999,0.0638607,0.084313,0.0620065,1.66e-05,1.95e-05,1.66e-05,7.2e-06,failed-vetting,failed-vetting
REMIND_EU 2.0,Incumb_min80,3.683871,2.1474026,0.5333420999999999,0.0592552,0.0696504999999999,0.0490839,1.66e-05,1.95e-05,1.66e-05,7.2e-06,failed-vetting,failed-vetting
REMIND_EU 2.0,NewPl_1p5,3.6822704,2.1350668,0.5160401000000001,1.74e-05,1.7100000000000002e-05,1.66e-05,1.66e-05,1.86e-05,1.66e-05,1e-05,failed-vetting,failed-vetting
REMIND_EU 2.0,NewPl_Weak,3.6822704,2.1350668,0.5160564000000001,0.0027391,0.0025476,0.001335,1.66e-05,2.01e-05,1.66e-05,6.5e-06,failed-vetting,failed-vetting
REMIND_EU 2.0,NewPl_min80,3.6822704,2.1350668,0.5160566,5.71e-05,4.87e-05,1.66e-05,1.66e-05,1.9800000000000004e-05,1.66e-05,7e-06,failed-vetting,failed-vetting
Reference,IEA Energy Statistics (r2017),3.5349516,2.868747224815319,2.2470058037439227,2.0751121673878226,2.05269850025975,2.0941392227748548,1.976037528090142,1.8552840132117032,1.7468998591689557,1.6286608853614093,failed-vetting,failed-vetting
TIAM-ECN 1.1,EN_INDCi2030_1000,3.572810837803945,3.71498960284221,0.2247853854233586,0.0229684752675585,0.0028982309716221,4.050420213406324e-07,6.791829865391127e-07,1.105878341130682e-06,1.86723707320296e-06,2.77664359540666e-06,C3,C3: limit warming to 2°C (>67%)
TIAM-ECN 1.1,EN_INDCi2030_1000_COV,3.571551434228018,3.781598496683953,0.2314972065636726,0.0912166329987853,0.1428487114420067,0.2254981215279957,0.3269869162602816,0.5116881148324551,0.7738105183568406,1.204541973094826,C3,C3: limit warming to 2°C (>67%)
TIAM-ECN 1.1,EN_INDCi2030_1000_NDCp,3.571873541128098,3.669424388954072,0.2173812386415508,0.0229674760061404,0.0028972693019674,1.111593529824037e-07,2.208773605728206e-07,3.718260890197717e-07,6.266807626622183e-07,9.241446945961514e-07,C3,C3: limit warming to 2°C (>67%)
TIAM-ECN 1.1,EN_INDCi2030_1000f,3.572810837803945,3.71498960284221,0.2247853854233586,0.2082716146226631,0.0531183261327434,0.0037436734403298,0.0001681031128899,1.505387205943212e-06,2.173535289340521e-06,0.003526866278664,C3,C3: limit warming to 2°C (>67%)
TIAM-ECN 1.1,EN_INDCi2030_1000f_COV,3.571551434228018,3.781598496683953,0.2314972065636726,0.2064353351727121,0.0857558532316778,0.0375633856129717,1.999967045549466e-07,3.025494160194532e-07,0.0048021412157611,0.0026916476168196,C3,C3: limit warming to 2°C (>67%)
TIAM-ECN 1.1,EN_INDCi2030_1000f_NDCp,3.571873541128098,3.669424388954072,0.2173812386415508,0.209687083266139,0.0516089984003392,0.0259031408200137,1.682244477734331e-05,2.348205362551095e-06,0.0046335986364375,0.0027411379040529,C3,C3: limit warming to 2°C (>67%)
TIAM-ECN 1.1,EN_INDCi2030_1200,3.572810837803945,3.71498960284221,0.2247853854233586,0.2096832521863486,0.1211623941580005,0.0493328768044371,3.387617687320461e-06,9.88625657896152e-07,1.53475531309244e-06,2.262561493074566e-06,C3,C3: limit warming to 2°C (>67%)
TIAM-ECN 1.1,EN_INDCi2030_1200f,3.572810837803945,3.71498960284221,0.2247853854233586,0.2394560201164487,0.3576411147733693,0.263339234475301,0.1059770593867518,3.483393864037603e-07,0.0046517966144505,6.967028545061335e-07,C3,C3: limit warming to 2°C (>67%)
TIAM-ECN 1.1,EN_INDCi2030_1400,3.572810837803945,3.71498960284221,0.2247853854233586,0.2442876233102517,0.4427717573699422,0.314931977802337,0.1368340206921706,4.861143430302383e-07,7.303753153754917e-07,1.087040121977796e-06,C4,C4: limit warming to 2°C (>50%)
TIAM-ECN 1.1,EN_INDCi2030_1400f,3.572810837803945,3.71498960284221,0.2247853854233586,0.2738056143536513,0.5218511583347375,0.369946643576644,0.0948779821007308,2.889223616759074e-06,3.870417077444634e-06,5.841860803441955e-06,C4,C4: limit warming to 2°C (>50%)
TIAM-ECN 1.1,EN_INDCi2030_1600,3.572810837803945,3.71498960284221,0.2247853854233586,0.274312672996454,0.5590957436067211,0.4699903895948442,0.098262064816089,0.0002080795402384,5.71666561188637e-06,8.65111161242421e-06,C4,C4: limit warming to 2°C (>50%)
TIAM-ECN 1.1,EN_INDCi2030_1600f,3.572810837803945,3.71498960284221,0.2247853854233586,0.2853782959789893,0.5907859890763892,0.480278036329174,0.1109199513577608,0.0031587099269504,3.43109410104173e-07,5.012158831065506e-07,C5,C5: limit warming to 2.5°C (>50%)
TIAM-ECN 1.1,EN_INDCi2030_2000,3.582424685572288,3.733168298275325,0.2435927004443206,0.3000989885664756,0.6188196151715177,0.5322868985019711,0.1764479940305571,0.0095019030237849,0.0003608749411042,0.0005275473986433,C5,C5: limit warming to 2.5°C (>50%)
TIAM-ECN 1.1,EN_INDCi2030_2000f,3.582427978579903,3.73316650966808,0.2435873476607536,0.3000971591895088,0.6188100094324037,0.5322718061457313,0.1764282060118757,0.0094646795108573,0.0003107928841764,0.0004553102632987,C5,C5: limit warming to 2.5°C (>50%)
TIAM-ECN 1.1,EN_INDCi2030_2500,3.572810837803945,3.71498960284221,0.2247853854233586,0.2988912452081905,0.677578671654793,0.6369318192295292,0.4730201090572237,0.3409388258057154,0.083419523383186,0.0273819715582073,C5,C5: limit warming to 2.5°C (>50%)
TIAM-ECN 1.1,EN_INDCi2030_2500f,3.572810837803945,3.71498960284221,0.2247853854233586,0.2988911200498681,0.6775786205137031,0.6369321150700276,0.4730193681604022,0.3409380748767019,0.0834188769173323,0.0273810406882791,C5,C5: limit warming to 2.5°C (>50%)
TIAM-ECN 1.1,EN_INDCi2030_3000,3.572810837803945,3.71498960284221,0.2247853854233586,0.299168440332535,0.6758945464229169,0.6429614928638292,0.6047103555597986,0.4727030722678215,0.3834974008230645,0.3125662610728816,C6,C6: limit warming to 3°C (>50%)
TIAM-ECN 1.1,EN_INDCi2030_3000f,3.6,3.7,0.2,0.3,0.7,0.6,0.6,0.5,0.4,0.3,C6,C6: limit warming to 3°C (>50%)
TIAM-ECN 1.1,EN_INDCi2030_900,3.572810837803945,3.71498960284221,0.2247853854233586,0.0159233035490491,0.0028978023810187,1.948755617767247e-07,3.258119259384465e-07,5.890212645723628e-07,9.014802817902046e-07,1.345872218966477e-06,C3,C3: limit warming to 2°C (>67%)
TIAM-ECN 1.1,EN_INDCi2030_900f,3.572810837803945,3.71498960284221,0.2247853854233586,0.1803670106908097,0.0428439141691504,0.0217417857783066,2.545960773643499e-07,4.057281420107825e-07,0.0001725385293302,0.0030138086857992,C3,C3: limit warming to 2°C (>67%)
TIAM-ECN 1.1,EN_INDCi2100,3.572810837803945,3.71498960284221,0.2247853854233586,0.2913993598217986,0.6701254646854802,0.6069051513725036,0.5958870423955189,0.5925167162703764,0.5775066272204554,0.562303719745458,C7,C7: limit warming to 4°C (>50%)
TIAM-ECN 1.1,EN_INDCi2100_COV,3.6,3.8,0.2,0.3,0.7,0.6,0.6,0.6,0.6,0.6,C7,C7: limit warming to 4°C (>50%)
TIAM-ECN 1.1,EN_INDCi2100_NDCp,3.571873541128098,3.669424388954072,0.2173812386415508,0.2912359741390156,0.6719368678915577,0.6051842417823775,0.5917998397688952,0.5928011002219716,0.5790233894451974,0.56505579702879,C7,C7: limit warming to 4°C (>50%)
TIAM-ECN 1.1,EN_NPi2020_1000,3.640670574420469,3.151204085489659,0.1975767160251384,0.0436270497318261,0.0722425680569307,0.0400229413795208,0.0045687983771105,0.0001929595594036,0.0003345616789771,0.0005274349781568,C3,C3: limit warming to 2°C (>67%)
TIAM-ECN 1.1,EN_NPi2020_1000_COV,3.641682041067326,3.078496304993231,0.1977730098944596,0.2028315993802469,0.1496975116652655,0.0830627733149327,0.0193598536139367,0.0001791585808998,0.0002884680571684,0.0004057980335006,C3,C3: limit warming to 2°C (>67%)
TIAM-ECN 1.1,EN_NPi2020_1000f,3.635972490721533,3.021996121627916,0.2644186975316317,0.2426113757412964,0.1040854867452703,0.0526215088546604,0.0092781704845884,0.0002634711749328,0.0003806277157719,0.0005721778403168,C3,C3: limit warming to 2°C (>67%)
TIAM-ECN 1.1,EN_NPi2020_1000f_COV,3.636455675275604,2.967888759682855,0.3738478335566849,0.2457582806220045,0.1370578417402232,0.0618025584979025,0.0249729297705089,0.000276551526821,0.0003947175871791,0.0005778056666628,C3,C3: limit warming to 2°C (>67%)
TIAM-ECN 1.1,EN_NPi2020_1200,3.635928563644186,2.967536886351374,0.3487133278750555,0.2455357783454859,0.1351946829630316,0.0617915020549363,0.0081665427540141,0.0001529438647513,0.00026674201778,0.0007989573162473,C3,C3: limit warming to 2°C (>67%)
TIAM-ECN 1.1,EN_NPi2020_1200f,3.63520201737771,3.030499162636669,0.3858974842792528,0.2431026801331965,0.2104175076908409,0.1294788414391915,0.0287783240904822,0.0001668225901324,0.0002397721224639,0.0003604044206991,C3,C3: limit warming to 2°C (>67%)
TIAM-ECN 1.1,EN_NPi2020_1400,3.628711028872512,3.06359919396228,0.3586153060462065,0.2829892920814198,0.3684995245991653,0.1479876578238154,0.0413287823926834,0.0002627216903924,0.0003883937558469,0.0005790430924263,C4,C4: limit warming to 2°C (>50%)
TIAM-ECN 1.1,EN_NPi2020_1400f,3.628025393054457,3.086449696755071,0.3543775469545183,0.2731272035914815,0.5208805819745995,0.2014545960296577,0.0640996713595494,0.0002288081214991,0.000294335219165,0.0004382695703727,C4,C4: limit warming to 2°C (>50%)
TIAM-ECN 1.1,EN_NPi2020_1600,3.621556027064285,3.101507974332495,0.3294655375391348,0.2721467314330609,0.5228053563324355,0.3430847219284189,0.0640726079106556,0.0002057494395948,0.000327342296711,0.0004790572141172,C4,C4: limit warming to 2°C (>50%)
TIAM-ECN 1.1,EN_NPi2020_1600f,3.620025584009509,3.121928432059935,0.3300533786291689,0.2776548155535124,0.5432671426780914,0.3674081924638477,0.0599684318358826,0.000470938552653,0.0003390536789602,0.0005366883532165,C5,C5: limit warming to 2.5°C (>50%)
TIAM-ECN 1.1,EN_NPi2020_2000,3.6206433235818,3.345362810925572,0.3262707358639081,0.2947810229670852,0.6217294578883628,0.5358693153368709,0.1452126663100451,0.0155373360089993,0.0002513232609963,0.0003658378079177,C5,C5: limit warming to 2.5°C (>50%)
TIAM-ECN 1.1,EN_NPi2020_2000f,3.620641480586208,3.346505104560875,0.3261071898236404,0.2947039132891476,0.621303187410079,0.5359022831238905,0.1457954667977715,0.0165975020000771,0.0004172107107347,0.000618966675666,C5,C5: limit warming to 2.5°C (>50%)
TIAM-ECN 1.1,EN_NPi2020_2500,3.624353649477026,3.374879666088967,0.3233595418533987,0.2843855944345102,0.6763482273504181,0.5939882232100305,0.4524458832622275,0.2956977555747586,0.0814381495990653,0.0007460503808144,C5,C5: limit warming to 2.5°C (>50%)
TIAM-ECN 1.1,EN_NPi2020_2500f,3.624359653823177,3.374876222028603,0.3233568728936831,0.2843747938919068,0.6763391183134398,0.5939854657291324,0.4524272478374207,0.2956528913250082,0.0814049763860491,0.0006723743956019,C5,C5: limit warming to 2.5°C (>50%)
TIAM-ECN 1.1,EN_NPi2020_3000,3.627080261955995,3.431303237043025,0.3190808520615796,0.2799311505914412,0.6745135243243972,0.6390364398329152,0.5496674160577568,0.3797308107239533,0.3231649223795278,0.2949659936164239,C6,C6: limit warming to 3°C (>50%)
TIAM-ECN 1.1,EN_NPi2020_3000f,3.627078711197826,3.431301603733722,0.3190872350080238,0.2799306342242356,0.6745128039660493,0.6390537590461212,0.5496668851964941,0.3797755583120868,0.3232572516228555,0.295086554542937,C6,C6: limit warming to 3°C (>50%)
TIAM-ECN 1.1,EN_NPi2020_800,3.6,3.2,0.1,0.0,0.0,0.0,0.0,0.0,0.0,0.0,C3,C3: limit warming to 2°C (>67%)
TIAM-ECN 1.1,EN_NPi2020_800f,3.6,3.0,0.2,0.0,0.1,0.0,0.0,0.0,0.0,0.0,C3,C3: limit warming to 2°C (>67%)
TIAM-ECN 1.1,EN_NPi2020_900,3.634640277493018,3.098488157026994,0.1868985356336249,0.0228868026367251,0.1405410302437993,0.0781830736581108,0.008863791077795,0.0001938650219954,0.0003356497513744,0.0055055394402337,C3,C3: limit warming to 2°C (>67%)
TIAM-ECN 1.1,EN_NPi2020_900f,3.639097993103886,3.066545106853123,0.1982192923551569,0.2054692129314258,0.1313401530114956,0.0727235866193698,0.005440366434696,0.0002774375288025,0.0003933825712683,0.0017807356082016,C3,C3: limit warming to 2°C (>67%)
TIAM-ECN 1.1,EN_NPi2100,3.627955073854352,3.448416900524576,0.287189149815518,0.2742797317105295,0.6196114481490929,0.6064185401644575,0.5963854399678806,0.5790354906501075,0.5691459723206436,0.570882131022782,C7,C7: limit warming to 4°C (>50%)
TIAM-ECN 1.1,EN_NPi2100_COV,3.619308303886842,3.477660296218053,0.2877028384992726,0.2831857243306987,0.6209191121505049,0.6031381245775267,0.5939037984078867,0.578466109312579,0.5546879090694883,0.5494323073157205,C7,C7: limit warming to 4°C (>50%)
TIAM-ECN AFR 1.1,2DC,3.638023022000719,1.915849878489394,0.4144317566624418,0.056710759456788,0.0157573177380444,2.0941392227748548,1.976037528090142,1.8552840132117032,1.7468998591689557,1.6286608853614093,failed-vetting,failed-vetting
TIAM-ECN AFR 1.1,CAP,3.614836563753148,1.902149984958512,0.4251364845225016,0.3708620977435056,0.782279462294163,2.0941392227748548,1.976037528090142,1.8552840132117032,1.7468998591689557,1.6286608853614093,failed-vetting,failed-vetting
TIAM-ECN AFR 1.1,REF,3.61650132702837,1.902214263445225,0.4870474499362165,0.2695769407934558,0.6322531266430296,2.0941392227748548,1.976037528090142,1.8552840132117032,1.7468998591689557,1.6286608853614093,failed-vetting,failed-vetting
TIAM-ECN AFR 1.1,TAX,3.608001580812647,1.90215245575864,0.5075331310841232,0.3150333886552636,0.5390705330178783,2.0941392227748548,1.976037528090142,1.8552840132117032,1.7468998591689557,1.6286608853614093,failed-vetting,failed-vetting
TIAM-ECN ETH 1.1,RCP2.6,3.62850998258631,1.91503566075475,0.4144333474909428,0.0611062705212124,0.0490080476818239,2.0941392227748548,1.976037528090142,1.8552840132117032,1.7468998591689557,1.6286608853614093,failed-vetting,failed-vetting
TIAM-ECN ETH 1.1,baseline,3.616507334751344,1.902153457516196,0.4870221880425084,0.2694717105864929,0.6322732346239388,2.0941392227748548,1.976037528090142,1.8552840132117032,1.7468998591689557,1.6286608853614093,failed-vetting,failed-vetting
TIAM-ECN KEN 1.1,CAP,3.606778629031292,1.90366117637075,0.4310019986386852,0.3126378922528726,1.492716935395992,2.0941392227748548,1.976037528090142,1.8552840132117032,1.7468998591689557,1.6286608853614093,failed-vetting,failed-vetting
TIAM-ECN KEN 1.1,NDC,3.615087856946091,1.902151656177763,0.4253112135666367,0.3710773570828749,0.7851587731627376,2.0941392227748548,1.976037528090142,1.8552840132117032,1.7468998591689557,1.6286608853614093,failed-vetting,failed-vetting
TIAM-ECN KEN 1.1,REF,3.61650438359822,1.902153107372712,0.4870537434896106,0.2704933898605556,0.6323712999500222,2.0941392227748548,1.976037528090142,1.8552840132117032,1.7468998591689557,1.6286608853614093,failed-vetting,failed-vetting
TIAM-ECN KEN 1.1,TAX,3.608007283032752,1.902152669854848,0.5075344282946218,0.3150609830967129,0.5390808109664558,2.0941392227748548,1.976037528090142,1.8552840132117032,1.7468998591689557,1.6286608853614093,failed-vetting,failed-vetting
TIAM-ECN MDG 1.1,NDC,3.61405057300458,1.904865970847412,0.5822838550443821,0.2962775366246857,0.6223697394875147,2.0941392227748548,1.976037528090142,1.8552840132117032,1.7468998591689557,1.6286608853614093,failed-vetting,failed-vetting
TIAM-ECN MDG 1.1,NDC+,3.684645711963336,1.905076193887892,0.585741333138366,0.3010435818429701,0.6262035000234811,2.0941392227748548,1.976037528090142,1.8552840132117032,1.7468998591689557,1.6286608853614093,failed-vetting,failed-vetting
TIAM-ECN MDG 1.1,REF,3.628548518715197,1.904858555724955,0.5707871249440657,0.2814711133788692,0.6303550162577217,2.0941392227748548,1.976037528090142,1.8552840132117032,1.7468998591689557,1.6286608853614093,failed-vetting,failed-vetting
TIAM-Grantham 1.0,Baseline,2.36590617927081,2.30900328400629,1.52687017278519,0.7550049847830899,2.05269850025975,2.0941392227748548,1.976037528090142,1.8552840132117032,1.7468998591689557,1.6286608853614093,failed-vetting,failed-vetting
TIAM-Grantham 3.2,CO_2Deg2020,2.3640090508415,2.21968361448,0.72738686901,0.13172150439,0.0,0.0,0.0,0.0,0.0,0.0,no-climate-assessment,no-climate-assessment
TIAM-Grantham 3.2,CO_2Deg2030,2.3640090508415,2.21968361448,0.86472670351,0.0,0.0,0.0,0.0,0.0,0.0,0.0,no-climate-assessment,no-climate-assessment
TIAM-Grantham 3.2,CO_BAU,2.3640090508415,2.22653631438,0.89487280722,0.14791901688,0.0,0.0,0.0,0.0,0.0,0.0,failed-vetting,failed-vetting
TIAM-Grantham 3.2,CO_Bridge,2.3640090508415,2.21968361448,0.89442447086,0.009168555902,0.0,0.0,0.0,0.0,0.0,0.0,no-climate-assessment,no-climate-assessment
TIAM-Grantham 3.2,CO_CurPol,2.3640090508415,2.21968361448,0.8957760188999999,0.160627860273,0.0,0.0,0.0,0.0,0.0,0.0,no-climate-assessment,no-climate-assessment
TIAM-Grantham 3.2,CO_GPP,2.3640090508415,2.21968361448,0.89442447086,0.28537802798,0.0,0.0,0.0,0.0,0.0,0.0,no-climate-assessment,no-climate-assessment
TIAM-Grantham 3.2,CO_NDCplus,2.3640090508415,2.21968361448,0.86472670351,0.130444141067,0.0,0.0,0.0,0.0,0.0,0.0,no-climate-assessment,no-climate-assessment
TIAM-Grantham 3.2,CSH,3.626700129916753,2.825999999999999,1.493791398585796,2.0751121673878226,2.05269850025975,2.0941392227748548,1.976037528090142,1.8552840132117032,1.7468998591689557,1.6286608853614093,no-climate-assessment,no-climate-assessment
TIAM-Grantham 3.2,PCSH,3.626700129916753,2.825999999999998,1.461395375807786,2.0751121673878226,2.05269850025975,2.0941392227748548,1.976037528090142,1.8552840132117032,1.7468998591689557,1.6286608853614093,no-climate-assessment,no-climate-assessment
TIAM-Grantham 3.2,R,3.623785138450208,2.826,1.726528451477988,2.0751121673878226,2.05269850025975,2.0941392227748548,1.976037528090142,1.8552840132117032,1.7468998591689557,1.6286608853614093,no-climate-assessment,no-climate-assessment
TIAM-Grantham 3.2,SH,3.623785138450213,2.826,1.762257494208803,2.0751121673878226,2.05269850025975,2.0941392227748548,1.976037528090142,1.8552840132117032,1.7468998591689557,1.6286608853614093,no-climate-assessment,no-climate-assessment
TIAM-UCL 4.1.1,SSP2_1_5D-50_CCC2020,1.085777002413909,0.0626947729968989,0.118000562600761,0.278802879702629,0.357598484929875,0.2501610852269509,0.018235694487256,6.4073195e-08,4.4810606e-08,3.4076326e-08,failed-vetting,failed-vetting
TIAM-UCL 4.1.1,SSP2_1_75D-66,1.02216892832934,0.054533282937199,0.031066466129068,0.001687417298503,0.0,0.0,0.0,0.0,0.0,0.0,failed-vetting,failed-vetting
TIAM-UCL 4.1.1,SSP2_1_75D-66_CCC2020,1.085777002413909,0.0626947729968989,0.1337664259639829,0.291412618292408,0.5278801057609831,0.419770124996541,0.239482578265004,0.028352383634544,5.849840900000001e-08,4.442651500000001e-08,failed-vetting,failed-vetting
TIAM-UCL 4.1.1,SSP2_2D-66,1.02216892832934,0.054533282937199,0.032285885521736,0.008690500201008,0.0,0.0,0.0,0.0,0.0,0.0,failed-vetting,failed-vetting
TIAM-UCL 4.1.1,SSP2_2D-66_CCC2020,1.085777002413909,0.0626947729968989,0.1169091566715229,0.263200339725033,0.3465204516834538,0.276237938484951,0.1196125558192549,0.006954380631959,1.83387171e-07,1.45424155e-07,failed-vetting,failed-vetting
TIAM-UCL 4.1.1,SSP2_BASE,1.02216892832934,0.054533282937199,0.07023635344642,0.03291521443542,0.042668357049148,0.027111813622933,0.043667553079781,0.080269969572333,0.228121611150834,0.437953225116725,failed-vetting,failed-vetting
TIAM-UCL 4.1.1,SSP2_BASE_CCC2020,1.085777002413909,0.0626947729968989,0.0543851728727019,0.034389295335676,0.002908347290106,3.859804020000001e-07,3.661909410000001e-07,0.024065971427639,0.084934126291324,0.125362531046131,failed-vetting,failed-vetting
TIAM-WORLD 1.0,20% abatement (FF&I),3.326809423006166,2.171873858400298,1.4155332093837651,0.7528668744127357,0.2549384958983818,0.159550925063936,0.2272277345561768,0.2054893711768363,0.2538952488986572,0.2542934615352393,failed-vetting,failed-vetting
TIAM-WORLD 1.0,20% abatement (GHG),3.326809423006166,2.2133628720865124,1.530434356298716,0.7654645977036505,0.2550800309091965,0.1776533529931265,0.1612602130701003,0.1022305218568237,0.0913216306874944,0.0945938030136963,failed-vetting,failed-vetting
TIAM-WORLD 1.0,450 concentration,3.326809423006166,2.4866812264412927,1.408261173434577,0.7448951320842516,0.3702464302403986,0.0551919912438894,0.007715162999355,1.8552840132117032,1.7468998591689557,1.6286608853614093,failed-vetting,failed-vetting
TIAM-WORLD 1.0,50% abatement (FF&I),3.326809423006166,2.418813562093193,1.401592008915145,0.7464305522525044,0.2927225205181641,0.2185409306148664,0.2415373052574277,0.5594986347491391,0.9881581577200456,1.332006939382296,failed-vetting,failed-vetting
TIAM-WORLD 1.0,50% abatement (GHG),3.326809423006166,2.457509363896291,1.390750913313984,0.757840913389548,0.2602841439395381,0.2332696359873333,0.1969872112799422,0.1854276738587859,0.2853924051846691,0.4283948121727357,failed-vetting,failed-vetting
TIAM-WORLD 1.0,550 concentration,3.326809423006166,2.631137555470852,1.452133151404792,0.7955655227390378,0.2521593545888905,0.1330139915729566,0.1308126606037051,0.1289146353220574,0.3409814900404719,0.2594163900726083,failed-vetting,failed-vetting
TIAM-WORLD 1.0,650 concentration,3.326809423006166,2.691885692759489,1.466356325249613,0.9212004125895292,0.3507365753115258,0.2237374125720352,0.1380366217635953,0.183877330086198,0.2110111390880882,0.3337149261495268,failed-vetting,failed-vetting
TIAM-WORLD 1.0,Core baseline,3.326809423006166,2.719615451880668,1.5121445394593809,0.9524721718273802,0.5671659130296242,0.3377183015671391,0.2788119848874277,0.2345065654792776,0.5601778520602907,0.5640132482201755,failed-vetting,failed-vetting
TIAM-WORLD 1.0,High CO2 price,3.326809423006166,2.58182094761943,1.4064005161200972,0.854238384673049,0.4232139085975906,0.2013715924848681,0.0951808824443576,1.8552840132117032,1.7468998591689557,1.6286608853614093,failed-vetting,failed-vetting
TIAM-WORLD 1.0,Low CO2 price,3.326809423006166,2.707365334203529,1.453060188644201,0.9376181427469944,0.3196611005063424,0.2087374425181073,0.1744150138024208,0.1110625455054653,0.1235157138138166,0.2085574471432388,failed-vetting,failed-vetting
TIAM-WORLD 1.0,Policy baseline,3.52326011965117,2.524006920726113,1.5885159807444942,0.8336283197377083,0.1131824112812525,0.1112980619164868,0.1235652200276609,0.1300613644646502,0.3164856914220352,0.4619793816744096,failed-vetting,failed-vetting
WEM 2020,SDS,3.492,2.663,1.175,0.672,0.554,2.0941392227748548,1.976037528090142,1.8552840132117032,1.7468998591689557,1.6286608853614093,no-climate-assessment,no-climate-assessment
WEM 2021,NZE,3.492025268554688,2.680959594726562,0.6786611938476562,0.0198078123092651,0.0223268039703369,2.0941392227748548,1.976037528090142,1.8552840132117032,1.7468998591689557,1.6286608853614093,no-climate-assessment,no-climate-assessment
WITCH 4.6,DISCRATE_Ref_dr2p,3.149395568628758,4.851996875113107,5.572773797385372,6.332998675743455,6.933359872048522,6.918754922068122,7.259520777431493,7.374271878267216,7.369659202220506,7.089133631051923,C8,C8: exceed warming of 4°C (>=50%)
WITCH 4.6,DISCRATE_Ref_dr3p,3.151636153391839,4.967987289564182,5.847337240840547,6.755304201586918,7.5283549565835,7.687995447940984,7.883963998967031,7.85202553886131,7.798821615071984,7.200831455093414,C8,C8: exceed warming of 4°C (>=50%)
WITCH 4.6,DISCRATE_Ref_dr4p,3.151982292450578,4.903992368773728,5.789446877458515,6.831216227146444,7.736624740030141,8.083450787874375,8.229998592268414,8.221297536745558,7.936774950965131,7.313599987279493,C8,C8: exceed warming of 4°C (>=50%)
WITCH 4.6,DISCRATE_Ref_dr5p,3.150964048451112,4.754389004655891,5.626374273770878,6.690022495606756,7.701750878831866,8.135960046835374,8.27240867593834,8.12465693744134,8.046471839688042,7.209222483269529,C8,C8: exceed warming of 4°C (>=50%)
WITCH 4.6,DISCRATE_cb1000_cdrall_dr2p,3.149395568628758,5.096294344333078,5.461666494124834,6.106455183173554,6.136236764553893,5.730736442631105,5.81164453656073,5.609729368118355,5.002874574552382,4.401914294461541,failed-vetting,failed-vetting
WITCH 4.6,DISCRATE_cb1000_cdrall_dr3p,3.151636153391839,5.14628835406416,5.6721018228981,6.485465206847088,6.789735066669799,6.194270390410452,5.843142612338563,5.06939857373718,4.066357049403855,3.2652744753551,failed-vetting,failed-vetting
WITCH 4.6,DISCRATE_cb1000_cdrall_dr4p,3.151982292450578,4.982101255368597,5.615447538603012,6.42152238456457,6.837821386144282,6.066110487621416,5.360790832284143,4.563827559834052,3.272717580482217,2.283763775511434,failed-vetting,failed-vetting
WITCH 4.6,DISCRATE_cb1000_cdrall_dr5p,3.150964048451112,4.826855455914561,5.456805008670914,6.206454694461379,6.591065969847927,5.661086289157112,4.855818304316423,3.898987388695177,2.397422977294766,1.554785023249794,failed-vetting,failed-vetting
WITCH 4.6,DISCRATE_cb1000_cdrno_dr2p,3.149395568628758,4.40270412872211,3.571749938801486,3.430537084452334,3.038726545753574,2.641968609739032,2.595032337658402,2.355927982435373,1.770234173396849,1.242368776307108,failed-vetting,failed-vetting
WITCH 4.6,DISCRATE_cb1000_cdrno_dr3p,3.151636153391839,4.657829081114222,3.852937989565659,3.548375787669975,3.081884069657625,2.572718094273236,2.252497481728088,1.739857320722904,1.13036651791085,0.7106333979243674,failed-vetting,failed-vetting
WITCH 4.6,DISCRATE_cb1000_cdrno_dr4p,3.151982292450578,4.690924754970304,4.070769162968281,3.677721051448433,3.100723186052444,2.48360636261822,1.859071276258356,1.278347431337039,0.733460252614205,0.4218657406287868,failed-vetting,failed-vetting
WITCH 4.6,DISCRATE_cb1000_cdrno_dr5p,3.150964048451112,4.671482486136446,4.271560436031535,3.785408775441456,3.070371579571637,2.310785791148336,1.52214799490547,0.8896584481306665,0.4398113158789068,0.2410504502192741,failed-vetting,failed-vetting
WITCH 4.6,DISCRATE_cb400_cdrall_dr2p,3.149395568628758,5.005204878233743,5.103100563695038,5.593463840552407,5.15632638982938,4.606246336699655,4.767784236993852,4.551304149430063,3.843572292840023,3.267163538265603,failed-vetting,failed-vetting
WITCH 4.6,DISCRATE_cb400_cdrall_dr3p,3.151636153391839,5.026045798062151,5.247382699386898,5.781318778940223,5.370906830364319,4.605377986052029,4.443438862099192,3.927552363826683,3.114780151393377,2.403909775097602,failed-vetting,failed-vetting
WITCH 4.6,DISCRATE_cb400_cdrall_dr4p,3.151982292450578,4.973915696678863,5.313892896037311,5.852645118989784,5.646511740529786,4.582484152450192,4.189745970514621,3.489106010168255,2.336580949270452,1.665612952658144,failed-vetting,failed-vetting
WITCH 4.6,DISCRATE_cb400_cdrall_dr5p,3.150964048451112,4.780940080962246,5.294258611519972,5.821464945272445,5.586357610495779,4.501008241827935,3.909213502003927,2.899029439259726,1.70967226989309,1.080700400729033,failed-vetting,failed-vetting
WITCH 4.6,DISCRATE_cb400_cdrno_dr2p,3.149395568628758,2.098332942660921,1.515410089693694,1.122875230637551,0.6625000261646574,0.6230394975359163,0.6077872332332187,0.5301398301128429,0.3807041988462805,0.297779094008584,failed-vetting,failed-vetting
WITCH 4.6,DISCRATE_cb400_cdrno_dr3p,3.151636153391839,2.435540603139041,1.641260239155391,1.205872454035131,0.6204697275213702,0.5123791025374412,0.4380636349577606,0.326409909824261,0.2031125521239851,0.1483681537379664,failed-vetting,failed-vetting
WITCH 4.6,DISCRATE_cb400_cdrno_dr4p,3.151982292450578,2.878003731635943,1.851201437027643,1.285303070324311,0.5839645706407673,0.4193741281711287,0.3091626823451174,0.1952149210884395,0.1172820536025163,0.0625272689491182,failed-vetting,failed-vetting
WITCH 4.6,DISCRATE_cb400_cdrno_dr5p,3.150964048451112,3.333288750541449,2.015095866134382,1.302975057799355,0.5238195384841386,0.3247463278123385,0.2022413541513797,0.1151114716874692,0.05709522019717,0.0159825340608485,failed-vetting,failed-vetting
WITCH 4.6,DISCRATE_cb600_cdrall_dr2p,3.149395568628758,5.078222076058088,5.278386245131942,5.888836574702085,5.540059985851348,5.099715481514669,5.184469245272338,4.964857178854163,4.202611171333122,3.653542703605201,failed-vetting,failed-vetting
WITCH 4.6,DISCRATE_cb600_cdrall_dr3p,3.151636153391839,5.086863062260838,5.422389683441404,6.03190514473427,5.973811008092867,5.213514867623851,4.873871820040709,4.36340198880244,3.501573953330498,2.711352232229867,failed-vetting,failed-vetting
WITCH 4.6,DISCRATE_cb600_cdrall_dr4p,3.151982292450578,4.973769083501807,5.443683810628394,6.081324582112821,6.125344527938905,5.155373658484863,4.592015057844475,3.800112217554544,2.639386306606633,1.960343209379115,failed-vetting,failed-vetting
WITCH 4.6,DISCRATE_cb600_cdrall_dr5p,3.150964048451112,4.784462281027649,5.361315048881114,5.9609313076592,5.977854175052238,4.782078424636623,4.205130107275188,3.263363778167355,1.916328181871961,1.226313903177321,failed-vetting,failed-vetting
WITCH 4.6,DISCRATE_cb600_cdrno_dr2p,3.149395568628758,3.052506133860964,2.408044381027743,2.085645517490498,1.465925036482716,1.337195109789414,1.232949728265633,1.095076085378376,0.7958048619263984,0.5785417296684281,failed-vetting,failed-vetting
WITCH 4.6,DISCRATE_cb600_cdrno_dr3p,3.151636153391839,3.498109360054171,2.704225179459973,2.226165249990529,1.449004485737842,1.159631820351093,0.9501267997352744,0.7289829658601532,0.4700622001632711,0.3185988639295565,failed-vetting,failed-vetting
WITCH 4.6,DISCRATE_cb600_cdrno_dr4p,3.151982292450578,4.177545433631062,2.942084135027931,2.271565641972907,1.392188387968286,0.9687093339334514,0.7122297042355701,0.464808342963529,0.2499690301121453,0.1665529448329515,failed-vetting,failed-vetting
WITCH 4.6,DISCRATE_cb600_cdrno_dr5p,3.150964048451112,4.468971826181553,3.059911458414916,2.356046187939268,1.317226659939257,0.7971088121015839,0.5226917558650068,0.2934780298442341,0.1460074624161451,0.0751517399780822,failed-vetting,failed-vetting
WITCH 5.0,CO_2Deg2020,3.1618633354812,4.383105330051285,3.992164722293064,2.586996395235224,1.353931010000862,1.244918012493164,1.192329812393869,1.008121777182752,0.6371734254165495,0.4847786006059204,C3,C3: limit warming to 2°C (>67%)
WITCH 5.0,CO_2Deg2030,3.1618633354812,4.383105330051285,4.722276656768411,3.182654297295171,0.7045573352822231,0.5867010555697523,0.4562528869366302,0.2736991220313434,0.1940779197034839,0.1468001258270884,C3,C3: limit warming to 2°C (>67%)
WITCH 5.0,CO_BAU,3.1618633354812,4.375274556383666,5.114418312288808,5.607955690305107,4.847986933804588,3.808906359590064,3.269527675343813,3.080673256284656,2.827732903441453,2.581882427328822,C7,C7: limit warming to 4°C (>50%)
WITCH 5.0,CO_Bridge,3.176391835278,3.35984657218411,3.70156287663665,3.05224970104782,2.33352637282739,1.80374111144332,1.83359852822757,1.55491370520804,0.954977180149908,0.540072043603509,C3,C3: limit warming to 2°C (>67%)
WITCH 5.0,CO_CurPol,3.1618633354812,4.383105330051285,5.143573133868832,5.67023754839064,4.917904433277016,3.864745464841834,3.361279766450671,3.15707019962191,2.855119746184015,2.624849595852055,C7,C7: limit warming to 4°C (>50%)
WITCH 5.0,CO_GPP,3.1618633354812,4.383105330051285,5.048734700194783,4.77786083630247,3.568948530100367,2.80845454072393,2.168253763257542,2.181098312823712,2.030418671129884,1.960683329747499,C5,C5: limit warming to 2.5°C (>50%)
WITCH 5.0,CO_NDC_2050convergence,3.1618633354812,4.383105330051285,4.722276656768411,4.969294350779455,3.67634640544233,3.103301566788529,2.76862882410068,2.661959844992206,2.524815229078289,2.509491145180828,C5,C5: limit warming to 2.5°C (>50%)
WITCH 5.0,CO_NDCplus,3.1618633354812,4.383105330051285,4.722276656768411,4.805162713271723,3.716365393652121,3.18427548181626,2.883400677576906,2.613068643289568,2.456072884594844,2.371997773580779,C6,C6: limit warming to 3°C (>50%)
WITCH 5.0,EN_INDCi2030_1000,3.176391835278,3.350359939261418,3.467957854053917,2.399099544011567,1.035679861758113,0.9866255139209796,0.9038065590336788,0.797509593388805,0.9686256426021532,1.140158881391293,C3,C3: limit warming to 2°C (>67%)
WITCH 5.0,EN_INDCi2030_1000_NDCp,3.176391835278,3.332357538487178,3.393627608423352,2.377362816462249,1.071221190461853,0.9483657950617104,0.8596588871021681,0.7924557474314164,0.9603728300750816,1.10609871313002,C3,C3: limit warming to 2°C (>67%)
WITCH 5.0,EN_INDCi2030_1000f,3.176391835278,3.350359939261418,3.467957854053917,2.44313018770562,1.184037777341845,1.125978668541523,1.124443320357785,0.8752242167890497,0.6239907337197074,0.5110403533081028,C3,C3: limit warming to 2°C (>67%)
WITCH 5.0,EN_INDCi2030_1000f_NDCp,3.176391835278,3.332357538487178,3.393627608423352,2.443012273879616,1.284960903838652,1.182284248831188,1.195069603176596,0.951294032729506,0.6816086182563197,0.5550984293196595,C3,C3: limit warming to 2°C (>67%)
WITCH 5.0,EN_INDCi2030_1200,3.176391835278,3.350359939261418,3.467957854053918,2.458478582824629,1.397943435275132,1.146760768754564,1.167181156580636,0.8961355369794363,0.7689008922817648,1.004157767295489,C4,C4: limit warming to 2°C (>50%)
WITCH 5.0,EN_INDCi2030_1200_NDCp,3.176391835278,3.332357538487178,3.393627608423352,2.494342540002806,1.479218646730852,1.19029228116143,1.208504991269577,0.9474015006910588,0.7434803481128117,1.029175569481587,C4,C4: limit warming to 2°C (>50%)
WITCH 5.0,EN_INDCi2030_1200f,3.176391835278,3.350359939261418,3.467957854053917,2.514376991767137,1.60043476379166,1.299242756339564,1.353842426324433,1.174776825724599,0.8601926720664261,0.7450067240076608,C4,C4: limit warming to 2°C (>50%)
WITCH 5.0,EN_INDCi2030_1200f_NDCp,3.176391835278,3.332357538487178,3.393627608423352,2.559811758920207,1.714460356085742,1.32982488980948,1.391575714178385,1.232377695472865,0.9161052165016332,0.8036814627768794,C4,C4: limit warming to 2°C (>50%)
WITCH 5.0,EN_INDCi2030_1400,3.176391835278,3.350359939261418,3.467957854053917,2.618967266966089,1.749674843174024,1.418706912818464,1.456835875378644,1.299769433120886,0.9111081715832868,0.8497870466073622,C4,C4: limit warming to 2°C (>50%)
WITCH 5.0,EN_INDCi2030_1400_NDCp,3.176391835278,3.332357538487178,3.393627608423352,2.652131836621477,1.822992280718378,1.466153774317093,1.491093228295353,1.384380994993228,1.000772989097175,0.9684591858215624,C4,C4: limit warming to 2°C (>50%)
WITCH 5.0,EN_INDCi2030_1400f,3.176391835278,3.350359939261418,3.467957854053917,2.634054103483278,1.755518516430046,1.451008235578699,1.517439624887272,1.467095684784744,1.156279778077042,1.023999358178927,C4,C4: limit warming to 2°C (>50%)
WITCH 5.0,EN_INDCi2030_1400f_NDCp,3.176391835278,3.332357538487178,3.393627608423352,2.674949789717844,1.841513508738535,1.492463055279394,1.548650758635251,1.522717769531613,1.224354857466775,1.074749539755358,C4,C4: limit warming to 2°C (>50%)
WITCH 5.0,EN_INDCi2030_1600,3.176391835278,3.350359939261418,3.467957854053917,2.697413697241395,1.953176920981835,1.634076230720158,1.551276663685629,1.558879984165897,1.296493053730762,1.090298932697559,C5,C5: limit warming to 2.5°C (>50%)
WITCH 5.0,EN_INDCi2030_1600_NDCp,3.176391835278,3.332357538487178,3.393627608423352,2.744305772793389,2.059429958821641,1.714261046485332,1.621337879745808,1.70398734416124,1.415930679178032,1.183195190228535,C5,C5: limit warming to 2.5°C (>50%)
WITCH 5.0,EN_INDCi2030_1600f,3.176391835278,3.350359939261418,3.467957854053917,2.727298790251111,1.992087483492373,1.679810432075546,1.642728938877685,1.745468855937916,1.493334720874885,1.312117347686822,C5,C5: limit warming to 2.5°C (>50%)
WITCH 5.0,EN_INDCi2030_1600f_NDCp,3.176391835278,3.332357538487178,3.393627608423352,2.763701872693361,2.07343020114471,1.75185148677631,1.648726204955132,1.77937334797659,1.552922442257766,1.387355367036919,C5,C5: limit warming to 2.5°C (>50%)
WITCH 5.0,EN_INDCi2030_1800,3.176391835278,3.350359939261418,3.467957854053917,2.853460272694102,2.11107328706453,1.91315015079718,1.72938073281685,1.893833591660515,1.818168735078232,1.722003451743079,C5,C5: limit warming to 2.5°C (>50%)
WITCH 5.0,EN_INDCi2030_1800_NDCp,3.176391835278,3.332357538487178,3.393627608423352,2.849312617546361,2.165298149055442,1.955180606315997,1.73015979431407,1.911313377249308,1.857591236171402,1.763027573783074,C5,C5: limit warming to 2.5°C (>50%)
WITCH 5.0,EN_INDCi2030_1800f,3.176391835278,3.350359939261418,3.467957854053917,2.853460272694102,2.11107328706453,1.91315015079718,1.72938073281685,1.893833591660515,1.818168735078232,1.722003451743079,C5,C5: limit warming to 2.5°C (>50%)
WITCH 5.0,EN_INDCi2030_1800f_NDCp,3.176391835278,3.332357538487178,3.393627608423352,2.849312617546361,2.165298149055442,1.955180606315997,1.73015979431407,1.911313377249308,1.857591236171402,1.763027573783074,C5,C5: limit warming to 2.5°C (>50%)
WITCH 5.0,EN_INDCi2030_2000,3.176391835278,3.350359939261418,3.467957854053917,2.914943752670702,2.184118931466283,2.050446172433177,1.839021178446898,1.991101175087435,2.025786548472172,2.036839504427477,C5,C5: limit warming to 2.5°C (>50%)
WITCH 5.0,EN_INDCi2030_2000_NDCp,3.176391835278,3.332357538487178,3.393627608423352,2.905422757152592,2.226336411989466,2.078544810026157,1.85486561487314,2.005131988457366,2.051501800419727,2.06431887518857,C5,C5: limit warming to 2.5°C (>50%)
WITCH 5.0,EN_INDCi2030_2000f,3.176391835278,3.350359939261418,3.467957854053917,2.914943752670702,2.184118931466283,2.050446172433177,1.839021178446898,1.991101175087435,2.025786548472172,2.036839504427477,C5,C5: limit warming to 2.5°C (>50%)
WITCH 5.0,EN_INDCi2030_2000f_NDCp,3.176391835278,3.332357538487178,3.393627608423352,2.905422757152592,2.226336411989466,2.078544810026157,1.85486561487314,2.005131988457366,2.051501800419727,2.06431887518857,C5,C5: limit warming to 2.5°C (>50%)
WITCH 5.0,EN_INDCi2030_2500,3.176391835278,3.350359939261418,3.467957854053917,2.950012455602253,2.270838042518955,2.087390559779994,2.04160327163593,2.056447571392777,2.104574625143247,2.432116472549101,C5,C5: limit warming to 2.5°C (>50%)
WITCH 5.0,EN_INDCi2030_2500_NDCp,3.176391835278,3.332357538487178,3.393627608423352,2.937040094622196,2.264551209888324,2.081568836780641,2.046540370072705,2.05210939255451,2.091542989755095,2.39768391855151,C5,C5: limit warming to 2.5°C (>50%)
WITCH 5.0,EN_INDCi2030_2500f,3.176391835278,3.350359939261418,3.467957854053917,2.950012455602253,2.270838042518955,2.087390559779994,2.04160327163593,2.056447571392777,2.104574625143247,2.432116472549101,C5,C5: limit warming to 2.5°C (>50%)
WITCH 5.0,EN_INDCi2030_2500f_NDCp,3.176391835278,3.332357538487178,3.393627608423352,2.937040094622196,2.264551209888324,2.081568836780641,2.046540370072705,2.05210939255451,2.091542989755095,2.39768391855151,C5,C5: limit warming to 2.5°C (>50%)
WITCH 5.0,EN_INDCi2030_3000,3.176391835278,3.350359939261418,3.467957854053917,3.005957015062183,2.290537001481034,2.050665406657384,2.019967560420215,2.112481140473424,2.081156777316635,2.176354575883019,C6,C6: limit warming to 3°C (>50%)
WITCH 5.0,EN_INDCi2030_3000_NDCp,3.176391835278,3.332357538487178,3.393627608423352,3.008849575158937,2.294849881832598,2.051240005327378,2.021691518698065,2.113007939631586,2.081129271187309,2.171981000899027,C6,C6: limit warming to 3°C (>50%)
WITCH 5.0,EN_INDCi2030_3000f,3.176391835278,3.350359939261418,3.467957854053917,3.005957015062183,2.290537001481034,2.050665406657384,2.019967560420215,2.112481140473424,2.081156777316635,2.176354575883019,C6,C6: limit warming to 3°C (>50%)
WITCH 5.0,EN_INDCi2030_3000f_NDCp,3.176391835278,3.332357538487178,3.393627608423352,3.008849575158937,2.294849881832598,2.051240005327378,2.021691518698065,2.113007939631586,2.081129271187309,2.171981000899027,C6,C6: limit warming to 3°C (>50%)
WITCH 5.0,EN_INDCi2030_500f,3.176391835278,3.350359939261418,3.467957854053917,2.313645622154998,0.544764619923688,0.4204727043477695,0.2781813389549729,0.1622631734920011,0.119277019832851,0.0917807116894178,C2,C2: return warming to 1.5°C (>50%) after a high overshoot
WITCH 5.0,EN_INDCi2030_600f,3.176391835278,3.350359939261418,3.467957854053917,2.251770839448021,0.7296827631936357,0.5968207731572318,0.4229301825241531,0.259052964544501,0.1873052593410592,0.1605077526202937,C3,C3: limit warming to 2°C (>67%)
WITCH 5.0,EN_INDCi2030_600f_NDCp,3.176391835278,3.332357538487178,3.393627608423352,2.217544512878987,0.7901775747505757,0.6744558383755823,0.4916289865852434,0.3058279522338142,0.2214684555334883,0.1921734215733145,C3,C3: limit warming to 2°C (>67%)
WITCH 5.0,EN_INDCi2030_700f,3.176391835278,3.350359939261418,3.467957854053917,2.288988656799461,0.8573965748317185,0.7611869510613589,0.5884938720270895,0.4048148136892642,0.2744743037347913,0.2356114581246205,C3,C3: limit warming to 2°C (>67%)
WITCH 5.0,EN_INDCi2030_700f_NDCp,3.176391835278,3.332357538487178,3.393627608423352,2.28338417963272,0.9236040636554192,0.816014927569113,0.666663445645454,0.4816143189023236,0.3154398018949388,0.2720857784150415,C3,C3: limit warming to 2°C (>67%)
WITCH 5.0,EN_INDCi2030_800,3.176391835278,3.350359939261418,3.467957854053917,2.271920842740477,0.5809716675384364,0.4445664181997332,0.6364757739750717,0.9406442393791006,0.9696486401661388,1.128508026774017,C3,C3: limit warming to 2°C (>67%)
WITCH 5.0,EN_INDCi2030_800_NDCp,3.176391835278,3.332357538487178,3.393627608423352,2.169675491421432,0.642182064088562,0.4863474852465659,0.6476408857993322,0.9491333722719716,1.002257970964354,1.101181092382616,C3,C3: limit warming to 2°C (>67%)
WITCH 5.0,EN_INDCi2030_800f,3.176391835278,3.350359939261418,3.467957854053917,2.352160828047158,0.982606651361011,0.8912698277450717,0.7847688471138184,0.5694095918162843,0.3771480863258545,0.3279191932538027,C3,C3: limit warming to 2°C (>67%)
WITCH 5.0,EN_INDCi2030_800f_NDCp,3.176391835278,3.332357538487178,3.393627608423352,2.356896651474185,1.028519592498602,0.9414579416984896,0.8671308011205177,0.6159232434611711,0.4201912933761512,0.3633874708429102,C3,C3: limit warming to 2°C (>67%)
WITCH 5.0,EN_INDCi2030_900,3.176391835278,3.350359939261418,3.467957854053917,2.287677159002216,0.844412846608665,0.7306525397350611,0.5983225517371044,0.9192069771731388,0.9525254024061666,1.074711337211995,C3,C3: limit warming to 2°C (>67%)
WITCH 5.0,EN_INDCi2030_900_NDCp,3.176391835278,3.332357538487178,3.393627608423352,2.291033694596927,0.9392131724521646,0.8532005550106511,0.724622184970057,0.9805728586432602,1.063377766040017,1.177149122387131,C3,C3: limit warming to 2°C (>67%)
WITCH 5.0,EN_INDCi2030_900f,3.176391835278,3.350359939261418,3.467957854053917,2.422090230362754,1.064258405130618,1.010985934492951,0.972215487356585,0.7179755730994669,0.4972549185249531,0.4188591615405788,C3,C3: limit warming to 2°C (>67%)
WITCH 5.0,EN_INDCi2030_900f_NDCp,3.176391835278,3.332357538487178,3.393627608423352,2.396902020741761,1.129444070600288,1.063623364432016,1.040256176033783,0.7842357955082107,0.5601980178529513,0.4603099803655178,C3,C3: limit warming to 2°C (>67%)
WITCH 5.0,EN_INDCi2100,3.176391835278,3.350359939261418,3.467957854053917,2.717451390990501,2.114231696810493,1.925987901238184,1.915199684303896,2.018175426951306,2.038436262424131,2.117130123802562,C6,C6: limit warming to 3°C (>50%)
WITCH 5.0,EN_INDCi2100_NDCp,3.176391835278,3.332357538487178,3.393627608423352,2.87920440357419,2.218128169601423,2.036764035039705,2.014593062643062,2.100844052869681,2.131503829206837,2.282599021313737,C6,C6: limit warming to 3°C (>50%)
WITCH 5.0,EN_NPi2020_1000,3.176391835278,3.406839408234468,3.30760334630257,2.32467404742543,1.461752260989122,1.184833536927646,1.091717668951233,0.8998995738095027,0.8169129457378648,1.085495205258432,C3,C3: limit warming to 2°C (>67%)
WITCH 5.0,EN_NPi2020_1000f,3.176391835278,3.406839408234468,3.403818761668506,2.408715038349226,1.674848940177242,1.365242692080525,1.305281529708519,1.189593659872547,0.903096788599296,0.8047346083891505,C3,C3: limit warming to 2°C (>67%)
WITCH 5.0,EN_NPi2020_1200,3.176391835278,3.406839408234468,3.508518216578786,2.481112779763463,1.810912268819595,1.485571147513501,1.409478635828822,1.267400942838448,0.9151420765226782,0.9854334052714806,C4,C4: limit warming to 2°C (>50%)
WITCH 5.0,EN_NPi2020_1200f,3.176391835278,3.406839408234468,3.569688165700844,2.528000045977743,1.853134922023836,1.547129790832138,1.50681395741489,1.442164284705629,1.168006452933543,1.032403776340683,C4,C4: limit warming to 2°C (>50%)
WITCH 5.0,EN_NPi2020_1400,3.176391835278,3.406839408234468,3.62146073143082,2.611225562018514,1.981278038413747,1.658113400013321,1.548905863021166,1.506933636432676,1.20827040477524,1.045994995104325,C4,C4: limit warming to 2°C (>50%)
WITCH 5.0,EN_NPi2020_1400f,3.176391835278,3.406839408234468,3.646728465880345,2.629667093382447,2.023392983038672,1.694811738953502,1.640475064157178,1.646180404602533,1.42456546910593,1.278847231067577,C4,C4: limit warming to 2°C (>50%)
WITCH 5.0,EN_NPi2020_1600,3.176391835278,3.406839408234468,3.682347343486537,2.714086586048094,2.14675143805197,1.86467008453155,1.694692764335385,1.708943652126198,1.516985146660853,1.303879297839591,C4,C4: limit warming to 2°C (>50%)
WITCH 5.0,EN_NPi2020_1600f,3.176391835278,3.406839408234468,3.705334948658682,2.739555654756033,2.169954327896157,1.883937007852838,1.720226467031996,1.814557999109954,1.730400179542429,1.601483771243986,C4,C4: limit warming to 2°C (>50%)
WITCH 5.0,EN_NPi2020_1800,3.176391835278,3.406839408234468,3.737167094687203,2.850479559066506,2.267211142016959,1.957075601913206,1.799844535595352,1.957292118297673,1.945307594420243,1.888440982803222,C5,C5: limit warming to 2.5°C (>50%)
WITCH 5.0,EN_NPi2020_1800f,3.176391835278,3.406839408234468,3.737167094687203,2.850479559066506,2.267211142016959,1.957075601913206,1.799844535595352,1.957292118297673,1.945307594420243,1.888440982803222,C5,C5: limit warming to 2.5°C (>50%)
WITCH 5.0,EN_NPi2020_2000,3.176391835278,3.406839408234468,3.741888461562904,2.914922697193774,2.317231174392367,2.094399036290712,1.890596064620682,2.046730039600923,2.069875114500333,2.091819652428482,C5,C5: limit warming to 2.5°C (>50%)
WITCH 5.0,EN_NPi2020_2000f,3.176391835278,3.406839408234468,3.741888461562904,2.914922697193774,2.317231174392367,2.094399036290712,1.890596064620682,2.046730039600923,2.069875114500333,2.091819652428482,C5,C5: limit warming to 2.5°C (>50%)
WITCH 5.0,EN_NPi2020_2500,3.176391835278,3.406839408234468,3.64261508559315,2.965817447316926,2.343189888000614,2.105138128933348,2.052813851730066,2.04280427118655,2.095794146277598,2.35735358311941,C5,C5: limit warming to 2.5°C (>50%)
WITCH 5.0,EN_NPi2020_2500f,3.176391835278,3.406839408234468,3.64261508559315,2.965817447316926,2.343189888000614,2.105138128933348,2.052813851730066,2.04280427118655,2.095794146277598,2.35735358311941,C5,C5: limit warming to 2.5°C (>50%)
WITCH 5.0,EN_NPi2020_3000,3.176391835278,3.406839408234468,3.577776058413121,3.06898944553169,2.379078788198022,2.093856982355384,2.034282924600058,2.122899458772571,2.070011705190179,2.191399613902759,C6,C6: limit warming to 3°C (>50%)
WITCH 5.0,EN_NPi2020_3000f,3.176391835278,3.406839408234468,3.577776058413121,3.06898944553169,2.379078788198022,2.093856982355384,2.034282924600058,2.122899458772571,2.070011705190179,2.191399613902759,C6,C6: limit warming to 3°C (>50%)
WITCH 5.0,EN_NPi2020_400f,3.176391835278,3.406839408234468,2.929951787115443,1.908989597529459,0.8056775651437464,0.6480531107978484,0.4924604414733303,0.3539470495884066,0.2823616575941167,0.2347354015212174,C1,C1: limit warming to 1.5°C (>50%) with no or limited overshoot
WITCH 5.0,EN_NPi2020_450,3.176391835278,3.406839408234468,2.950176877707972,1.264231939174964,0.2793454967608484,0.4467786801510409,0.8044266911542116,1.118991928601567,1.1476557694912,1.167463982519018,C1,C1: limit warming to 1.5°C (>50%) with no or limited overshoot
WITCH 5.0,EN_NPi2020_450f,3.176391835278,3.406839408234468,2.962100039328002,1.952338334402775,0.9033213106344092,0.726473611367673,0.5697481786407269,0.4143921897199166,0.3306776934702848,0.2735130243918143,C1,C1: limit warming to 1.5°C (>50%) with no or limited overshoot
WITCH 5.0,EN_NPi2020_500,3.176391835278,3.406839408234468,2.8653261116826,1.424652486189108,0.3716306620299517,0.375674831881201,0.6422984969857839,1.033769938716024,1.017291879174228,1.026458029750622,C1,C1: limit warming to 1.5°C (>50%) with no or limited overshoot
WITCH 5.0,EN_NPi2020_500f,3.176391835278,3.406839408234468,3.01340474451234,2.01528311359416,0.9866962580430736,0.815869232214153,0.6431331354518224,0.4958390070177497,0.37768400411148,0.3145453774816894,C1,C1: limit warming to 1.5°C (>50%) with no or limited overshoot
WITCH 5.0,EN_NPi2020_600,3.176391835278,3.406839408234468,2.88523985948033,1.817121961695972,0.6002581283740337,0.4916299517218276,0.6092457999423662,0.9773764913307892,0.9684890090550696,1.063286442613594,C3,C3: limit warming to 2°C (>67%)
WITCH 5.0,EN_NPi2020_600f,3.176391835278,3.406839408234468,3.115902871081617,2.145642042454864,1.11533461921051,0.9533008327223608,0.7913955542406541,0.6156178597967094,0.4646328194967296,0.4050860691832577,C3,C3: limit warming to 2°C (>67%)
WITCH 5.0,EN_NPi2020_700,3.176391835278,3.406839408234468,2.966131995950245,2.007351056471826,0.9723318695153292,0.7928229198811715,0.6677830396783053,0.9909266595499384,1.009062846573608,1.171788521017355,C3,C3: limit warming to 2°C (>67%)
WITCH 5.0,EN_NPi2020_700f,3.176391835278,3.406839408234468,3.189684501515002,2.224865974121153,1.226218996173665,1.072491338071741,0.9405842382180806,0.7538662014041938,0.5532402860455351,0.4929302480039771,C3,C3: limit warming to 2°C (>67%)
WITCH 5.0,EN_NPi2020_800,3.176391835278,3.395981976908409,3.118748775638578,2.166563498578386,1.153520071873464,0.954401846101599,0.7400471869254878,0.8726294533958721,0.9996159616062156,1.155847307322386,C3,C3: limit warming to 2°C (>67%)
WITCH 5.0,EN_NPi2020_800f,3.176391835278,3.406839408234468,3.264886747902251,2.300019533725083,1.332067824867389,1.177190699223184,1.071014127775478,0.9012100388032944,0.6831526647874998,0.5951504480531392,C3,C3: limit warming to 2°C (>67%)
WITCH 5.0,EN_NPi2020_900,3.176391835278,3.395981976908409,3.207492789134768,2.250059462179899,1.267675251503062,1.099159071345689,0.930148166511443,0.7171343596887195,0.9446160397039224,1.102801204723939,C3,C3: limit warming to 2°C (>67%)
WITCH 5.0,EN_NPi2020_900f,3.176391835278,3.406839408234468,3.334478800450788,2.351483062963185,1.468042571048282,1.266601903931708,1.20077819584831,1.03370125093196,0.8002530940753104,0.6910818391508524,C3,C3: limit warming to 2°C (>67%)
WITCH 5.0,EN_NPi2100,3.176391835278,3.406839408234468,3.533173473879299,3.264344445729714,2.494524100127348,2.138406926422962,2.07098912360857,2.065605856454654,2.095115620553206,2.151528772117211,C7,C7: limit warming to 4°C (>50%)
WITCH 5.0,EN_NoPolicy,3.176391835278,3.336333115077497,3.421785899753956,3.153245831614668,2.417334552360564,2.073558076796114,2.002932545052904,1.984321593307917,2.020761678003145,2.102228466884798,C7,C7: limit warming to 4°C (>50%)
WITCH-GLOBIOM 3.1,SSP1-19,5.972572786428371,4.62479716900571,0.238585649157389,0.124082287360194,0.0707598240200641,0.0328742504566646,0.0132338358956266,0.0046741853912886,0.0023490063872531,0.0008494740319973,C1,C1: limit warming to 1.5°C (>50%) with no or limited overshoot
WITCH-GLOBIOM 3.1,SSP1-26,5.972572786428371,4.67557724817371,1.51992919112676,0.53859963373962,0.338965628752481,0.254586688089439,0.1919302906606,0.1188790522081169,0.0729065975790517,0.0242219573457369,failed-vetting,failed-vetting
WITCH-GLOBIOM 3.1,SSP1-34,5.972572786428371,5.784463661320309,4.844070180723691,3.8137403198585,2.9987984790711,2.33984839511333,1.66552717796241,1.16382099840358,0.821425122094432,0.568186094701587,failed-vetting,failed-vetting
WITCH-GLOBIOM 3.1,SSP1-45,5.972572786428371,5.707897355277231,5.283956168473099,5.00941820268004,4.78534088313886,4.27892834014486,3.70216720605023,3.23036853163285,2.15624539702746,1.49938006162176,failed-vetting,failed-vetting
WITCH-GLOBIOM 3.1,SSP1-Baseline,5.972572786428371,6.07665388452641,5.96192464517,5.998407202933071,6.144367285674031,5.959348996668191,5.27887530897879,4.4805265172058,3.64497432237246,2.66234126011384,C7,C7: limit warming to 4°C (>50%)
WITCH-GLOBIOM 3.1,SSP2-26,5.972572786428371,4.61088310492058,1.21682732538639,0.495408168962071,0.297807912669323,0.216959323534642,0.1740129203846569,0.147334015329148,0.0949907147255924,0.0414186486636075,failed-vetting,failed-vetting
WITCH-GLOBIOM 3.1,SSP2-34,5.972572786428371,5.92942935978533,5.32347296688203,4.18658285686819,2.93302209795942,1.98614745894386,1.4299983510248,1.07769177331146,0.8830784635234019,0.7565296798003741,failed-vetting,failed-vetting
WITCH-GLOBIOM 3.1,SSP2-45,5.972572786428371,6.089533380681419,6.59985349738458,7.04974713479499,6.74722098212725,5.679035026457231,4.57688439791138,3.6301023971889,2.90690330659636,2.29548641017544,failed-vetting,failed-vetting
WITCH-GLOBIOM 3.1,SSP2-60,5.972572786428371,5.99507197704118,6.66601358681267,7.443191143551219,7.90523040634918,8.06499261384197,7.99917843731976,7.486392351634799,6.623462021086709,5.39237428207469,failed-vetting,failed-vetting
WITCH-GLOBIOM 3.1,SSP2-Baseline,5.972572786428371,6.27603672600091,6.98327743594401,7.67583294851885,7.985056251459089,8.17509655412614,7.84931997126975,7.670091230288009,7.38063132705545,6.2724384969143,C8,C8: exceed warming of 4°C (>=50%)
WITCH-GLOBIOM 3.1,SSP3-34,5.972572786428371,4.661944443054639,2.99066000248835,1.60160503144322,0.9956499189800552,0.43457700873168,0.298030661074046,0.213322845686935,0.1889180740001599,0.132190170687719,failed-vetting,failed-vetting
WITCH-GLOBIOM 3.1,SSP3-45,5.972572786428371,5.9921192993364,6.809173005010929,7.12387351491938,6.12248035517633,4.12377084085334,2.81772990004353,1.82137726591269,1.17705875983961,0.901046028619407,failed-vetting,failed-vetting
WITCH-GLOBIOM 3.1,SSP3-60,5.972572786428371,5.83905392294843,7.08720163537483,8.26477225949085,8.58142379981414,7.92457163951632,7.22510982241169,5.9435195737478,4.843167865806049,3.68218878120425,failed-vetting,failed-vetting
WITCH-GLOBIOM 3.1,SSP3-Baseline,5.972572786428371,6.19610510092506,7.398476548936159,8.27890963808148,8.62754457266934,8.39860383423993,8.37765950827487,8.246872429846169,8.608944872350591,8.3584054603201,C8,C8: exceed warming of 4°C (>=50%)
WITCH-GLOBIOM 3.1,SSP4-19,5.972572786428371,4.61326481805597,0.46921044726875,0.140863326650618,0.0438832169246156,0.0154262696853731,0.0061978104480942,0.0032095917371563,0.0014378948864549,0.0006536689099641,C1,C1: limit warming to 1.5°C (>50%) with no or limited overshoot
WITCH-GLOBIOM 3.1,SSP4-26,5.972572786428371,5.18725062324242,2.83718477898142,1.27210300572425,0.466891252159589,0.250327301664894,0.141219548697547,0.0802871039231413,0.0455821875244991,0.0174713021780676,failed-vetting,failed-vetting
WITCH-GLOBIOM 3.1,SSP4-34,5.972572786428371,5.89719480704869,5.535235786908309,3.84289989370159,2.53928441332005,1.6979726832068,1.01377112403267,0.563561255024888,0.329312893731312,0.197688144201192,failed-vetting,failed-vetting
WITCH-GLOBIOM 3.1,SSP4-45,5.972572786428371,5.7287858021184,5.516910061341441,4.863761405162871,4.01404356827733,2.92186392332918,2.15962327526822,1.48015835346914,1.03304572941287,0.6619673805093531,failed-vetting,failed-vetting
WITCH-GLOBIOM 3.1,SSP4-60,5.972572786428371,5.38662087168126,4.96984750701005,4.178369651661759,3.48089657590599,2.69216417987881,2.07246046396289,1.56351426399866,1.14603615086016,0.7964645532901999,failed-vetting,failed-vetting
WITCH-GLOBIOM 3.1,SSP4-Baseline,5.972572786428371,5.96404410730236,5.9514006117778,5.390671231228019,4.83664968145782,4.02441344875381,3.15757038423652,2.36422504547804,1.8128586808997,1.34592324195535,C7,C7: limit warming to 4°C (>50%)
WITCH-GLOBIOM 3.1,SSP5-34,5.972572786428371,4.18980376399474,1.19254478276813,0.796075280685266,0.4440210065997299,0.292408262844452,0.240763315472551,0.198824877531403,0.110660101498635,0.039780207107631,failed-vetting,failed-vetting
WITCH-GLOBIOM 3.1,SSP5-45,5.972572786428371,5.18409802641788,3.94200937384879,3.47914285909852,2.66276395293662,1.94136379481911,1.40745272075732,0.970358405562906,0.7499555450717041,0.522207440610635,failed-vetting,failed-vetting
WITCH-GLOBIOM 3.1,SSP5-60,5.972572786428371,5.40501792287622,4.92387980794261,5.67394085056733,5.59361619984679,4.54010991562446,3.52508753521232,2.65090639825576,2.16616980440943,1.43140164248259,failed-vetting,failed-vetting
WITCH-GLOBIOM 3.1,SSP5-Baseline,5.972572786428371,5.57558336990451,5.437136353625291,6.00839689298128,6.23207994400761,5.827728596193,5.04303545621564,4.003677098424061,3.11826413989621,2.03619298523779,C8,C8: exceed warming of 4°C (>=50%)
WITCH-GLOBIOM 4.2,ADVANCE_2020_1.5C-2100,6.00103550730415,13.3642617604509,3.10852685085354,1.67320878013055,0.9387462020645152,0.7350917658923369,0.5705078601419611,0.381597528503741,0.210529473715766,0.126052077187618,failed-vetting,failed-vetting
WITCH-GLOBIOM 4.2,ADVANCE_2020_Med2C,6.00103550730415,13.3642617604509,7.87517409018659,6.095268909923071,5.11461344322357,4.14461798539486,3.72921325372786,3.0447244551888,1.77115119989242,1.10324408610897,failed-vetting,failed-vetting
WITCH-GLOBIOM 4.2,ADVANCE_2020_WB2C,6.00103550730415,13.3642617604509,5.73463428443677,4.09365967752805,2.86383511303164,2.34672329371624,2.14929237429679,1.48464288993204,0.793202209660278,0.4973928719209339,failed-vetting,failed-vetting
WITCH-GLOBIOM 4.2,ADVANCE_2030_Med2C,6.00103550730415,13.3642617604509,7.311038904680919,6.029435819941631,4.49074334273218,3.34987944254937,3.06980001953505,2.46440760159733,1.41493554230806,0.902777606769798,failed-vetting,failed-vetting
WITCH-GLOBIOM 4.2,ADVANCE_2030_Price1.5C,6.00103550730415,13.3642617604509,7.311038904680919,4.892268378787589,2.08212033214805,1.13891407194685,0.9253035524093448,0.603343171859897,0.332803865761011,0.208537980006843,failed-vetting,failed-vetting
WITCH-GLOBIOM 4.2,ADVANCE_2030_WB2C,6.00103550730415,13.3642617604509,7.311038904680919,4.959635984606599,2.1744383107843,1.26810358444013,1.03936726552567,0.6983221012149959,0.37423092820519,0.231905594730781,failed-vetting,failed-vetting
WITCH-GLOBIOM 4.2,ADVANCE_INDC,6.00103550730415,13.3642617604509,7.311038904680919,6.928139187669371,6.191965258590421,6.51979166796796,6.38909912333331,5.94526222403179,5.28236909927488,4.635067388134231,failed-vetting,failed-vetting
WITCH-GLOBIOM 4.2,ADVANCE_NoPolicy,6.00103550730415,7.872640105661549,8.73501840969478,9.001166970232472,8.950586949442028,8.88393620215399,8.3264636723951,7.89815214889751,7.22784066021853,5.97906433890991,C8,C8: exceed warming of 4°C (>=50%)
WITCH-GLOBIOM 4.2,ADVANCE_Reference,6.00103550730415,7.28174094005975,8.22635496423133,8.75048266003438,8.97947873596971,9.13558531219346,8.70195167778736,8.36353820922473,7.58561755033244,6.11782042473955,failed-vetting,failed-vetting
WITCH-GLOBIOM 4.2,EMF30_BCOC-EndU,5.96956275274982,7.937052504966379,8.7824167326288,9.06926985080906,8.95521128855911,8.73640004227012,7.99285245435037,7.518300475986849,6.95974758619139,5.607739164997961,C8,C8: exceed warming of 4°C (>=50%)
WITCH-GLOBIOM 4.2,EMF30_Baseline,5.96956275274982,7.95213726950582,8.80899120977952,9.09213809312809,8.97363054811757,8.75149729804381,8.005504352782731,7.52535428815142,6.97478481553761,5.601143918398651,C8,C8: exceed warming of 4°C (>=50%)
WITCH-GLOBIOM 4.2,EMF30_CH4-Only,5.96956275274982,7.901488014813371,8.59553667006315,8.87029450240646,8.783758115940731,8.60082783845431,7.913916353967759,7.45635340261449,6.993402781089911,5.65209112868358,C7,C7: limit warming to 4°C (>50%)
WITCH-GLOBIOM 4.2,EMF30_ClimPolicy,5.96956275274982,7.161580621980339,6.00857684404588,4.29741962790694,2.8313668032921,2.00544909798425,1.44913428890671,0.8528882706687629,0.4453429236624721,0.291217585157193,failed-vetting,failed-vetting
WITCH-GLOBIOM 4.2,EMF30_ClimPolicy+SLCF,5.96956275274982,7.15642799774143,5.970080765098911,4.34375948230348,2.89263732951588,2.02610064777792,1.46226134973635,0.86016814102787,0.450288202814565,0.291190949677049,failed-vetting,failed-vetting
WITCH-GLOBIOM 4.2,EMF30_D_BCOC-Red,5.96956275274982,7.95111797187637,8.807456960741401,9.09023752110209,8.971016951157461,8.74917138729081,8.00285300275142,7.52294692523399,6.966480352494591,5.601615218817821,C8,C8: exceed warming of 4°C (>=50%)
WITCH-GLOBIOM 4.2,EMF30_D_CH4-ClimPolicy,5.96956275274982,7.94612451993402,8.73559030463498,8.909231446533001,8.64851210878309,8.20612292176188,7.39990994261592,7.313520412778161,7.20888831298493,5.79565548734771,failed-vetting,failed-vetting
WITCH-GLOBIOM 4.2,EMF30_D_CO2-Only,5.96956275274982,7.13319759447654,5.96329918942274,4.21611346836758,2.784956781768149,1.92403540042908,1.37173619505112,0.8038960168033901,0.407276870513122,0.261435438756575,failed-vetting,failed-vetting
WITCH-GLOBIOM 4.2,EMF30_D_Frozen-CH4,5.96956275274982,7.95111807917349,8.80745595468194,9.09025157646994,8.97101549263359,8.74914311119421,8.00266501011197,7.522318932724481,6.96568471407089,5.600502181943719,C8,C8: exceed warming of 4°C (>=50%)
WITCH-GLOBIOM 4.2,EMF30_D_Frozen-EF,5.96956275274982,7.95111807917349,8.80745595468194,9.09025157646994,8.97101549263359,8.74914311119421,8.00266501011197,7.522318932724481,6.96568471407089,5.600502181943719,C7,C7: limit warming to 4°C (>50%)
WITCH-GLOBIOM 4.2,EMF30_D_Frozen-EF-EndU,5.96956275274982,7.95111797187637,8.807456960741401,9.09023752110209,8.971016951157461,8.74917138729081,8.00285300275142,7.52294692523399,6.966480352494591,5.601615218817821,C8,C8: exceed warming of 4°C (>=50%)
WITCH-GLOBIOM 4.2,EMF30_D_Frozen-EF-SLCF,5.96956275274982,7.95111797187637,8.807456960741401,9.09023752110209,8.971016951157461,8.74917138729081,8.00285300275142,7.52294692523399,6.966480352494591,5.601615218817821,C8,C8: exceed warming of 4°C (>=50%)
WITCH-GLOBIOM 4.2,EMF30_SLCF,5.96956275274982,7.88163697082337,8.57181879696864,8.854400889233288,8.770136611364,8.58628675162293,7.90146785746158,7.44844325882195,6.99109585128139,5.64931352762281,C7,C7: limit warming to 4°C (>50%)
WITCH-GLOBIOM 4.2,EMF30_Slower-Action,5.60159487772271,5.9472266085988,6.26059631445385,6.572183069779269,7.18429823690359,8.35310366824656,9.7333477009966,11.5174608814289,12.2333062161643,12.9714244914408,failed-vetting,failed-vetting
WITCH-GLOBIOM 4.2,EMF30_Slower-Action+SLCF,5.60159487772271,5.84563929106811,6.074397485536981,6.76234522431496,7.40890797782489,8.962367268459301,10.3141293989939,12.0307351686437,12.6720846342826,13.4338549483164,failed-vetting,failed-vetting
WITCH-GLOBIOM 4.2,EMF30_Slower-to-faster,5.60159487772271,5.9472266085988,6.26059631445385,1.34203374232078,1.37720175195706,1.68476546084213,2.04546791499105,2.39397309703126,2.10564018695665,1.50788099658862,failed-vetting,failed-vetting
WITCH-GLOBIOM 4.2,EMF30_Slower-to-faster+SLCF,5.60159487772271,5.84563929106811,6.074397485536981,1.34452572540906,1.38236416376984,1.69623166293676,2.04996020359169,2.38930774759685,2.10115733934796,1.50185288634189,failed-vetting,failed-vetting
WITCH-GLOBIOM 4.2,EMF30_Slower-to-faster+SLCF+HFC,5.60159487772271,5.84563929106811,6.074397485536981,1.34490903513737,1.38278695824407,1.69755683958749,2.05309024558974,2.39189139893091,2.09786809216732,1.50186080752564,failed-vetting,failed-vetting
WITCH-GLOBIOM 4.4,CD-LINKS_INDC2030i_1600,3.1800815283528,4.76886013848029,4.85423843672859,5.40411311104656,4.0698018345253,2.80322645379434,2.56614970347514,2.3371834930205,1.78020168775536,1.11007507413223,C3,C3: limit warming to 2°C (>67%)
WITCH-GLOBIOM 4.4,CD-LINKS_INDCi,3.1800815283528,4.76886013848029,4.85423843672859,6.25360089154011,7.24195977241278,7.54650882940222,7.78670171972772,7.75830110841525,7.528734247162,6.98341510487752,C7,C7: limit warming to 4°C (>50%)
WITCH-GLOBIOM 4.4,CD-LINKS_NDC2030i_1000,3.1800815283528,4.76886013848029,4.85423843672859,4.24426243119624,2.39359973344458,1.22514404236414,1.23439882663958,1.02825767595979,0.631674036439426,0.377198203919375,C2,C2: return warming to 1.5°C (>50%) after a high overshoot
WITCH-GLOBIOM 4.4,CD-LINKS_NPi,3.1800815283528,4.86949889316869,5.57444775876999,6.612608986679679,7.37500582695081,7.6263366555652,7.72756419747777,7.75997015790071,7.481258798373821,6.9588446674541,C7,C7: limit warming to 4°C (>50%)
WITCH-GLOBIOM 4.4,CD-LINKS_NPi2020_1000,3.1800815283528,4.86949889316869,4.705781793702429,3.75305577322127,2.90622274402274,2.03323575801857,1.85149483617014,1.56987860949159,0.9929958570847328,0.4907739655073549,C1,C1: limit warming to 1.5°C (>50%) with no or limited overshoot
WITCH-GLOBIOM 4.4,CD-LINKS_NPi2020_1600,3.1800815283528,4.86949889316869,5.54995413263123,5.339343657867031,4.3506639165937,3.6377548581926,3.48446985372624,3.07301036155147,1.988147595335669,1.06708616208176,C3,C3: limit warming to 2°C (>67%)
WITCH-GLOBIOM 4.4,CD-LINKS_NPi2020_400,3.1800815283528,4.86949889316869,4.67314914558262,2.62436526279899,1.20032314667563,0.8004932923338801,0.6897172489965239,0.518859961010577,0.210237091614292,0.178604010954654,C1,C1: limit warming to 1.5°C (>50%) with no or limited overshoot
WITCH-GLOBIOM 4.4,CD-LINKS_NoPolicy,3.1800815283528,4.72088931773702,5.58852416973833,6.58387351441211,7.343494751105441,7.59337755214211,7.6751004657312,7.72196626527174,7.54993755035183,6.9325747460642,C7,C7: limit warming to 4°C (>50%)
