Model,Scenario,2010,2020,2030,2040,2050,2060,2070,2080,2090,2100,Category,Category_name
AIM/CGE 2.0,ADVANCE_2020_1.5C-2100,12.0451,15.7596,22.8584,23.7639,21.3492,19.4393,20.3138,22.2022,24.4477,23.0594,failed-vetting,failed-vetting
AIM/CGE 2.0,ADVANCE_2020_Med2C,12.0451,15.7598,22.8272,19.8794,14.8752,15.2292,17.0197,18.1013,19.6165,22.3459,failed-vetting,failed-vetting
AIM/CGE 2.0,ADVANCE_2020_WB2C,12.0451,15.7598,22.8272,20.7734,15.6356,17.0508,19.9304,20.5379,21.7032,24.4755,failed-vetting,failed-vetting
AIM/CGE 2.0,ADVANCE_2030_Med2C,12.0451,15.7791,19.3944,28.353,22.8073,20.2826,21.9099,22.6369,24.0371,26.0357,failed-vetting,failed-vetting
AIM/CGE 2.0,ADVANCE_2030_Price1.5C,12.0769,15.8443,19.4529,23.7021,19.9856,17.1736,17.9626,19.5902,21.2169,20.5567,failed-vetting,failed-vetting
AIM/CGE 2.0,ADVANCE_2030_WB2C,12.0451,15.7791,19.3944,28.3609,29.3795,29.5395,31.0148,31.0264,31.0756,31.2989,failed-vetting,failed-vetting
AIM/CGE 2.0,ADVANCE_INDC,12.0769,15.8567,19.4864,21.2975,20.9125,22.0861,27.5224,27.9852,28.4811,28.9447,failed-vetting,failed-vetting
AIM/CGE 2.0,ADVANCE_NoPolicy,12.0785,15.1827,17.3164,19.5613,22.321,24.9327,26.8699,26.406,26.9117,27.3199,failed-vetting,failed-vetting
AIM/CGE 2.0,ADVANCE_Reference,12.0769,15.8567,19.5584,21.5375,23.3659,24.4199,25.9724,26.7428,26.6079,27.1981,failed-vetting,failed-vetting
AIM/CGE 2.0,EMF30_BCOC-EndU,12.2952,15.4434,17.643,20.2119,23.0635,25.7944,27.1259,28.39,29.2836,29.6713,failed-vetting,failed-vetting
AIM/CGE 2.0,EMF30_Baseline,12.3022,15.4501,17.6455,20.2644,23.205,25.8664,27.1903,28.4611,29.2891,29.6758,failed-vetting,failed-vetting
AIM/CGE 2.0,EMF30_CH4-Only,12.2569,15.94,19.7356,22.3736,25.0819,26.6862,27.8114,29.2063,29.5646,29.8426,failed-vetting,failed-vetting
AIM/CGE 2.0,EMF30_ClimPolicy,12.2576,16.2781,22.7315,21.9616,19.4048,22.3351,27.0264,29.4634,30.7427,31.4711,failed-vetting,failed-vetting
AIM/CGE 2.0,EMF30_ClimPolicy+SLCF,12.2505,16.3084,23.0057,21.6336,18.5217,21.1819,25.9498,28.8059,29.9779,31.2939,failed-vetting,failed-vetting
AIM/CGE 2.0,EMF30_D_BCOC-Red,12.3022,15.4501,17.6455,20.2644,23.205,25.8664,27.1903,28.4611,29.2891,29.6758,failed-vetting,failed-vetting
AIM/CGE 2.0,EMF30_D_CH4-ClimPolicy,12.2569,15.9445,19.7524,22.4333,25.2919,27.042,29.096,29.9196,30.1186,30.3563,failed-vetting,failed-vetting
AIM/CGE 2.0,EMF30_D_CO2-Only,12.2577,16.2783,21.9289,23.4972,24.3967,28.4922,31.3287,31.4039,31.4496,31.6119,failed-vetting,failed-vetting
AIM/CGE 2.0,EMF30_D_Frozen-CH4,12.3022,15.4501,17.6455,20.2644,23.205,25.8664,27.1903,28.4611,29.2891,29.6758,failed-vetting,failed-vetting
AIM/CGE 2.0,EMF30_D_Frozen-EF,12.3022,15.4501,17.6455,20.2644,23.205,25.8664,27.1903,28.4611,29.2891,29.6758,failed-vetting,failed-vetting
AIM/CGE 2.0,EMF30_D_Frozen-EF-EndU,12.3022,15.4501,17.6455,20.2644,23.205,25.8664,27.1903,28.4611,29.2891,29.6758,failed-vetting,failed-vetting
AIM/CGE 2.0,EMF30_D_Frozen-EF-SLCF,12.3022,15.4501,17.6455,20.2644,23.205,25.8664,27.1903,28.4611,29.2891,29.6758,failed-vetting,failed-vetting
AIM/CGE 2.0,EMF30_SLCF,12.2497,15.9327,19.7317,22.3163,24.9564,26.6515,27.754,29.1737,29.5588,29.8433,failed-vetting,failed-vetting
AIM/CGE 2.0,EMF30_Slower-Action,12.2576,16.0156,19.6682,21.9725,23.0954,25.4294,27.5548,27.983,28.4771,28.939,failed-vetting,failed-vetting
AIM/CGE 2.0,EMF30_Slower-Action+SLCF,12.2507,16.0079,19.6631,22.1626,23.3223,26.0499,27.6543,28.1933,28.8262,29.2838,failed-vetting,failed-vetting
AIM/CGE 2.0,EMF30_Slower-to-faster,12.2576,16.0156,19.6682,28.9649,28.3074,28.6744,30.7499,31.2103,31.5208,31.794,failed-vetting,failed-vetting
AIM/CGE 2.0,EMF30_Slower-to-faster+SLCF,12.2507,16.0081,19.6633,28.4445,29.4013,31.1442,31.1738,31.2546,31.3108,31.4883,failed-vetting,failed-vetting
AIM/CGE 2.0,EMF30_Slower-to-faster+SLCF+HFC,12.2507,16.0081,19.6632,28.4423,29.3913,31.1442,31.1738,31.2546,31.3108,31.4883,failed-vetting,failed-vetting
AIM/CGE 2.0,SFCM_SSP2_Bio_1p5Degree,12.2149,16.0393,22.9552,22.8097,18.9431,20.8736,23.7057,25.528,26.659,27.2195,failed-vetting,failed-vetting
AIM/CGE 2.0,SFCM_SSP2_Bio_2Degree,12.2149,16.0393,21.1759,24.1688,21.2604,21.8631,25.4985,27.8013,28.9449,29.2062,failed-vetting,failed-vetting
AIM/CGE 2.0,SFCM_SSP2_Bio_Baseline,12.095,15.1337,17.2401,19.8048,22.3074,25.0127,26.5541,27.6208,28.732,29.1004,failed-vetting,failed-vetting
AIM/CGE 2.0,SFCM_SSP2_EEEI_1p5Degree,11.9718,15.544,22.603,22.6576,19.624,20.8131,24.3708,25.4039,26.1217,26.2605,failed-vetting,failed-vetting
AIM/CGE 2.0,SFCM_SSP2_EEEI_2Degree,11.9718,15.544,19.9765,23.18,20.8075,21.061,24.8613,26.377,27.2437,27.1986,failed-vetting,failed-vetting
AIM/CGE 2.0,SFCM_SSP2_EEEI_Baseline,11.8543,14.7289,16.6924,18.6312,20.1094,22.0509,24.0703,25.408,26.3247,27.4419,failed-vetting,failed-vetting
AIM/CGE 2.0,SFCM_SSP2_LifeStyle_1p5Degree,12.1385,15.8652,22.8367,23.0375,20.0597,21.5778,24.4371,25.8994,26.8466,27.3803,failed-vetting,failed-vetting
AIM/CGE 2.0,SFCM_SSP2_LifeStyle_2Degree,12.1385,15.8652,20.6612,24.0534,21.8187,22.334,26.1453,28.1738,29.2493,29.5252,failed-vetting,failed-vetting
AIM/CGE 2.0,SFCM_SSP2_LifeStyle_Baseline,12.0195,15.0216,17.0979,19.5432,21.891,24.6013,26.2845,27.1463,28.1602,28.8869,failed-vetting,failed-vetting
AIM/CGE 2.0,SFCM_SSP2_Ref_1p5Degree,12.214,16.0354,22.9541,23.1094,20.1476,22.1845,25.5553,27.4789,28.2992,28.354,failed-vetting,failed-vetting
AIM/CGE 2.0,SFCM_SSP2_Ref_2Degree,12.214,16.0354,21.1336,24.3367,21.9788,22.9844,27.1484,29.4423,30.1119,30.4379,failed-vetting,failed-vetting
AIM/CGE 2.0,SFCM_SSP2_Ref_Baseline,12.0941,15.1327,17.2388,19.8017,22.3517,25.0974,26.6483,27.7491,28.8338,29.2098,failed-vetting,failed-vetting
AIM/CGE 2.0,SFCM_SSP2_ST_CCS_1p5Degree,12.214,16.0354,22.9541,22.9134,18.8398,21.4293,24.7119,26.4388,27.5497,27.5962,failed-vetting,failed-vetting
AIM/CGE 2.0,SFCM_SSP2_ST_CCS_2Degree,12.214,16.0354,21.0246,23.8139,20.7746,21.9575,26.1479,28.5224,29.3495,29.7499,failed-vetting,failed-vetting
AIM/CGE 2.0,SFCM_SSP2_ST_CCS_Baseline,12.0941,15.1327,17.2388,19.8017,22.3517,25.0974,26.6483,27.7491,28.8338,29.2098,failed-vetting,failed-vetting
AIM/CGE 2.0,SFCM_SSP2_ST_bio_1p5Degree,12.214,16.036,22.9541,22.8829,19.5002,21.4954,24.7198,26.6054,27.8434,27.9838,failed-vetting,failed-vetting
AIM/CGE 2.0,SFCM_SSP2_ST_bio_2Degree,12.214,16.036,21.1325,24.1803,21.531,22.3495,26.2114,28.5379,29.4213,29.705,failed-vetting,failed-vetting
AIM/CGE 2.0,SFCM_SSP2_ST_bio_Baseline,12.0941,15.1327,17.2388,19.7982,22.3078,25.0265,26.575,27.6539,28.7575,29.1283,failed-vetting,failed-vetting
AIM/CGE 2.0,SFCM_SSP2_ST_nuclear_1p5Degree,12.2014,16.0174,22.939,22.9059,19.7485,21.7647,25.0667,26.9177,27.987,28.0074,failed-vetting,failed-vetting
AIM/CGE 2.0,SFCM_SSP2_ST_nuclear_2Degree,12.2014,16.0174,21.1038,24.0312,21.2796,22.1758,26.3024,28.5219,29.3565,29.5199,failed-vetting,failed-vetting
AIM/CGE 2.0,SFCM_SSP2_ST_nuclear_Baseline,12.0816,15.111,17.2093,19.7341,22.1478,24.9252,26.5392,27.5881,28.7072,29.01,failed-vetting,failed-vetting
AIM/CGE 2.0,SFCM_SSP2_ST_solar_1p5Degree,12.2135,16.031,22.9538,22.9099,19.7705,21.8229,25.0052,26.675,27.562,27.5743,failed-vetting,failed-vetting
AIM/CGE 2.0,SFCM_SSP2_ST_solar_2Degree,12.2135,16.031,21.0633,24.1068,21.4611,22.4613,26.6692,28.9856,29.7052,30.0708,failed-vetting,failed-vetting
AIM/CGE 2.0,SFCM_SSP2_ST_solar_Baseline,12.0936,15.1311,17.2356,19.7778,22.2683,25.0202,26.6105,27.7127,28.8008,29.1765,failed-vetting,failed-vetting
AIM/CGE 2.0,SFCM_SSP2_ST_wind_1p5Degree,12.2129,16.0323,22.9526,23.123,20.1192,21.969,25.3692,26.7481,27.5943,27.6222,failed-vetting,failed-vetting
AIM/CGE 2.0,SFCM_SSP2_ST_wind_2Degree,12.2129,16.0323,21.0759,23.8992,21.3361,22.494,26.5848,28.9097,29.7275,30.1514,failed-vetting,failed-vetting
AIM/CGE 2.0,SFCM_SSP2_ST_wind_Baseline,12.093,15.1313,17.2366,19.7675,22.2485,25.0047,26.5992,27.707,28.8045,29.1742,failed-vetting,failed-vetting
AIM/CGE 2.0,SFCM_SSP2_SupTech_1p5Degree,12.1997,16.0104,22.9372,22.3083,16.879,19.4182,23.4547,25.4076,26.5543,27.261,failed-vetting,failed-vetting
AIM/CGE 2.0,SFCM_SSP2_SupTech_2Degree,12.1997,16.0104,20.8422,22.6448,18.8692,20.0151,23.5289,25.9511,27.2461,27.3483,failed-vetting,failed-vetting
AIM/CGE 2.0,SFCM_SSP2_SupTech_Baseline,12.08,15.108,17.2039,19.6721,21.9088,24.6814,26.3713,27.4134,28.5634,28.8524,failed-vetting,failed-vetting
AIM/CGE 2.0,SFCM_SSP2_combined_1p5Degree,11.8761,15.3492,22.4606,21.207,14.9872,15.6971,18.2175,18.804,18.7017,18.3751,failed-vetting,failed-vetting
AIM/CGE 2.0,SFCM_SSP2_combined_2Degree,11.8761,15.3492,19.4209,21.4928,17.6959,17.0775,19.5165,20.6444,21.2435,21.2128,failed-vetting,failed-vetting
AIM/CGE 2.0,SFCM_SSP2_combined_Baseline,11.7597,14.5821,16.5096,18.2303,19.223,20.4869,22.687,23.4894,24.1779,24.5888,failed-vetting,failed-vetting
AIM/CGE 2.0,SSP1-19,12.2082,15.8805,22.9588,23.7734,21.6375,24.0898,25.3545,25.7569,25.622,25.2723,failed-vetting,failed-vetting
AIM/CGE 2.0,SSP1-26,12.2081,15.8805,20.2274,23.6824,22.3489,23.9966,26.9291,27.5145,27.8986,27.2271,C3,C3: limit warming to 2°C (>67%)
AIM/CGE 2.0,SSP1-34,12.2081,15.8805,19.6799,21.4357,22.5383,25.5685,27.1586,27.9918,28.3673,28.2057,C5,C5: limit warming to 2.5°C (>50%)
AIM/CGE 2.0,SSP1-45,12.2081,15.8864,19.5528,20.5302,20.8811,22.9612,25.4551,26.6859,27.6654,27.7572,C6,C6: limit warming to 3°C (>50%)
AIM/CGE 2.0,SSP1-Baseline,12.0884,15.1612,17.2102,18.4327,18.6717,19.4965,21.4633,22.8893,23.7006,24.1286,C7,C7: limit warming to 4°C (>50%)
AIM/CGE 2.0,SSP2-19,12.2568,15.9645,23.0147,22.4165,18.403,20.4454,22.8199,25.0232,26.533,27.1518,failed-vetting,failed-vetting
AIM/CGE 2.0,SSP2-26,12.2566,15.9652,22.0443,24.287,20.8758,21.458,26.1425,28.5384,29.0315,29.47300000000001,failed-vetting,failed-vetting
AIM/CGE 2.0,SSP2-34,12.2566,15.9652,20.3756,23.1772,22.9026,24.0095,26.6949,29.5097,30.0715,30.5945,failed-vetting,failed-vetting
AIM/CGE 2.0,SSP2-45,12.2566,15.9652,19.7651,21.4099,23.012,25.649,27.5907,28.7407,29.1689,29.6839,failed-vetting,failed-vetting
AIM/CGE 2.0,SSP2-60,12.2566,15.9652,19.7139,21.2154,21.2585,22.8741,24.5166,26.5208,27.657,28.0335,failed-vetting,failed-vetting
AIM/CGE 2.0,SSP2-Baseline,12.1359,15.215,17.3632,20.0382,22.9282,25.6127,27.0831,28.3179,29.2047,29.5943,failed-vetting,failed-vetting
AIM/CGE 2.0,SSP3-34,11.9464,15.3585,18.9171,25.5845,27.2125,28.1868,30.8266,31.7939,31.7939,31.7939,failed-vetting,failed-vetting
AIM/CGE 2.0,SSP3-45,11.9464,15.3585,18.9079,23.7956,26.4626,28.3026,29.6365,30.5877,31.358,31.7939,failed-vetting,failed-vetting
AIM/CGE 2.0,SSP3-60,11.9464,15.3585,18.9073,22.3645,24.9752,25.6989,27.5528,28.7968,29.4507,29.7034,failed-vetting,failed-vetting
AIM/CGE 2.0,SSP3-Baseline,11.828,14.6305,16.602,19.2812,23.455,26.1952,27.2433,28.2207,28.8015,28.9681,failed-vetting,failed-vetting
AIM/CGE 2.0,SSP4-26,12.4358,16.144,20.7599,23.1351,20.2013,20.7591,23.175,25.6522,26.8162,27.2844,C3,C3: limit warming to 2°C (>67%)
AIM/CGE 2.0,SSP4-34,12.4358,16.144,20.1594,21.9552,21.7306,23.6153,24.9903,26.156,26.9415,26.995,C5,C5: limit warming to 2.5°C (>50%)
AIM/CGE 2.0,SSP4-45,12.4358,16.144,19.932,21.0633,21.3637,22.9238,24.4886,26.1258,27.0485,26.9538,C6,C6: limit warming to 3°C (>50%)
AIM/CGE 2.0,SSP4-Baseline,12.3131,15.408,17.5098,19.0834,20.008,20.7683,21.4408,22.1799,22.8128,23.3124,C7,C7: limit warming to 4°C (>50%)
AIM/CGE 2.0,SSP5-26,12.068,15.7415,22.7296,25.042,22.1005,23.4478,26.382,28.7531,29.6123,29.5829,failed-vetting,failed-vetting
AIM/CGE 2.0,SSP5-34,12.068,15.7415,20.7574,24.9352,23.8473,27.0315,30.0041,31.5067,31.7939,31.7939,failed-vetting,failed-vetting
AIM/CGE 2.0,SSP5-45,12.068,15.7415,19.7911,23.366,26.036,27.5357,29.1386,30.4421,31.0549,31.2592,failed-vetting,failed-vetting
AIM/CGE 2.0,SSP5-60,12.068,15.7415,19.6709,22.8985,25.2075,26.9484,28.1854,29.4786,29.8172,30.1098,failed-vetting,failed-vetting
AIM/CGE 2.0,SSP5-Baseline,11.949,14.9082,17.0045,19.7099,23.7332,26.3678,28.2879,29.7049,29.9165,30.3165,failed-vetting,failed-vetting
AIM/CGE 2.1,CD-LINKS_INDC2030i_1600,12.5378,17.0773,20.4778,25.8523,19.654,19.2586,20.5429,22.4078,23.5437,23.791,C5,C5: limit warming to 2.5°C (>50%)
AIM/CGE 2.1,CD-LINKS_INDCi,12.5381,17.0698,20.4482,20.338,19.3706,19.4535,21.1107,23.4175,24.0988,24.744,C7,C7: limit warming to 4°C (>50%)
AIM/CGE 2.1,CD-LINKS_NDC2030i_1000,12.5378,17.0773,20.4778,25.7847,24.367,22.8013,24.6004,24.7292,24.7153,25.0044,C4,C4: limit warming to 2°C (>50%)
AIM/CGE 2.1,CD-LINKS_NPi,12.6547,16.7497,18.57,20.3136,22.4309,24.7255,26.9441,27.6325,28.0056,28.7622,failed-vetting,failed-vetting
AIM/CGE 2.1,CD-LINKS_NPi2020_1000,12.6597,17.1927,24.2039,21.3328,14.7325,15.4524,17.3926,18.1266,19.227,20.906,C3,C3: limit warming to 2°C (>67%)
AIM/CGE 2.1,CD-LINKS_NPi2020_1600,12.5378,17.1361,23.8302,19.4124,16.9558,18.2691,19.471,21.0868,22.8363,23.6089,C5,C5: limit warming to 2.5°C (>50%)
AIM/CGE 2.1,CD-LINKS_NPi2020_400,12.6558,17.188,24.7495,23.0257,22.6999,22.7526,23.6459,25.48,25.5679,25.7408,C1,C1: limit warming to 1.5°C (>50%) with no or limited overshoot
AIM/CGE 2.1,CD-LINKS_NoPolicy,12.3931,15.7105,19.0532,21.478,24.0354,26.5766,28.2439,28.4852,28.8701,29.2482,failed-vetting,failed-vetting
AIM/CGE 2.1,CO_2Deg2020,11.6784,14.6642,23.3782,26.4998,25.8307,25.902376644156757,27.280806393032176,28.372420627857878,29.380657295549387,29.85272109512546,no-climate-assessment,no-climate-assessment
AIM/CGE 2.1,CO_2Deg2030,11.6784,14.66,18.6715,25.7234,29.5601,25.902376644156757,27.280806393032176,28.372420627857878,29.380657295549387,29.85272109512546,no-climate-assessment,no-climate-assessment
AIM/CGE 2.1,CO_BAU,11.6786,14.5093,17.2271,18.5597,20.0354,25.902376644156757,27.280806393032176,28.372420627857878,29.380657295549387,29.85272109512546,no-climate-assessment,no-climate-assessment
AIM/CGE 2.1,CO_Bridge,11.6784,14.6572,19.5328,24.6184,25.9415,26.8964,27.5218,28.172,28.253,28.2872,C3,C3: limit warming to 2°C (>67%)
AIM/CGE 2.1,CO_CurPol,11.6784,14.5148,17.2146,18.5698,20.1771,21.089,21.4886,21.9989,22.6761,23.4251,C7,C7: limit warming to 4°C (>50%)
AIM/CGE 2.1,CO_GPP,11.6784,14.6572,19.5328,22.6991,24.5177,25.902376644156757,27.280806393032176,28.372420627857878,29.380657295549387,29.85272109512546,no-climate-assessment,no-climate-assessment
AIM/CGE 2.1,CO_NDCplus,11.6784,14.66,18.6715,20.1456,20.5268,25.902376644156757,27.280806393032176,28.372420627857878,29.380657295549387,29.85272109512546,no-climate-assessment,no-climate-assessment
AIM/CGE 2.1,EMF33_Baseline,12.2203,15.3886,17.5477,19.7843,22.7218,24.9083,26.3633,26.4779,26.736,27.2274,failed-vetting,failed-vetting
AIM/CGE 2.1,EMF33_Med2C_cost100,12.1802,15.9653,22.8293,20.2178,15.3622,14.9765,17.7873,18.6726,19.9012,20.9975,failed-vetting,failed-vetting
AIM/CGE 2.1,EMF33_Med2C_full,12.1803,15.9657,22.7934,19.8895,15.0461,14.4691,16.5017,17.8341,19.0232,20.0384,failed-vetting,failed-vetting
AIM/CGE 2.1,EMF33_Med2C_nobeccs,12.1803,15.9657,22.7971,20.7212,16.0527,17.027,23.831,24.7582,25.4784,26.0054,failed-vetting,failed-vetting
AIM/CGE 2.1,EMF33_Med2C_nofuel,12.1803,15.967,22.9071,21.3061,17.4685,19.6084,26.5681,27.4194,27.6076,27.5211,failed-vetting,failed-vetting
AIM/CGE 2.1,EMF33_Med2C_none,12.1808,15.9672,22.9757,21.4713,17.9114,20.4664,27.3733,28.1326,28.0154,27.9114,failed-vetting,failed-vetting
AIM/CGE 2.1,EMF33_WB2C_cost100,12.1802,15.9653,22.8293,21.838,16.7039,16.3035,22.6175,23.0459,23.2659,23.4921,failed-vetting,failed-vetting
AIM/CGE 2.1,EMF33_WB2C_full,12.1803,15.9657,22.7934,21.7547,15.8024,14.6569,20.8543,21.222,21.2988,21.1493,failed-vetting,failed-vetting
AIM/CGE 2.1,EMF33_tax_hi_full,12.1803,15.8834,20.9385,26.019,29.5356,30.865,31.7939,31.7939,31.7939,31.7939,failed-vetting,failed-vetting
AIM/CGE 2.1,EMF33_tax_hi_none,12.1808,15.8838,20.9373,26.1509,29.7004,31.1613,31.7939,31.7939,31.7939,31.7939,failed-vetting,failed-vetting
AIM/CGE 2.1,EMF33_tax_lo_full,12.1803,15.8834,20.3698,23.6415,27.1933,29.4689,31.5933,31.7939,31.7939,31.7939,failed-vetting,failed-vetting
AIM/CGE 2.1,EMF33_tax_lo_none,12.1808,15.8838,20.3694,23.7479,27.389,29.7842,31.6606,31.7939,31.7939,31.7939,failed-vetting,failed-vetting
AIM/CGE 2.1,TERL_15D_LowCarbonTransportPolicy,12.2255,16.1267,23.0704,19.7877,13.2564,10.517,11.7717,14.4501,18.1937,22.0427,failed-vetting,failed-vetting
AIM/CGE 2.1,TERL_15D_NoTransportPolicy,12.2475,16.1611,23.116,19.8654,13.5665,11.0793,13.391,16.7889,21.1718,24.3957,failed-vetting,failed-vetting
AIM/CGE 2.1,TERL_2D_LowCarbonTransportPolicy,12.2255,16.1267,23.0704,20.9928,18.94400000000001,19.005,20.0171,22.3284,26.0913,27.9282,failed-vetting,failed-vetting
AIM/CGE 2.1,TERL_2D_NoTransportPolicy,12.2475,16.1611,23.116,20.8792,18.024,18.2185,19.815,23.9409,27.2854,28.5033,failed-vetting,failed-vetting
AIM/CGE 2.1,TERL_Baseline_LowCarbonTransportPolicy,12.2636,15.508,17.7367,20.2108,23.5342,24.9884,26.4532,27.9078,28.7188,29.2169,failed-vetting,failed-vetting
AIM/CGE 2.1,TERL_Baseline_NoTransportPolicy,12.2862,15.5271,17.7545,20.163,23.2977,25.0039,26.6044,27.8647,28.6894,29.1475,failed-vetting,failed-vetting
AIM/CGE 2.2,EN_INDCi2030_1000f,12.1773,15.9384,21.435,29.4325,29.24,29.864,30.3902,30.7866,31.2208,31.5969,C3,C3: limit warming to 2°C (>67%)
AIM/CGE 2.2,EN_INDCi2030_1200,12.1773,15.9384,21.435,29.2626,28.8519,29.5248,30.2299,30.6252,31.129,31.5556,C4,C4: limit warming to 2°C (>50%)
AIM/CGE 2.2,EN_INDCi2030_1200f,12.1773,15.9384,21.435,28.2343,27.143,28.7695,29.9552,30.506,30.9756,31.3953,C4,C4: limit warming to 2°C (>50%)
AIM/CGE 2.2,EN_INDCi2030_1400,12.1773,15.9384,21.435,27.5855,26.2077,27.6499,29.7582,30.2223,30.7669,31.273,C4,C4: limit warming to 2°C (>50%)
AIM/CGE 2.2,EN_INDCi2030_1400f,12.1773,15.9384,21.435,26.5884,25.6251,27.1665,29.6297,30.1498,30.7669,31.2139,C4,C4: limit warming to 2°C (>50%)
AIM/CGE 2.2,EN_INDCi2030_1600,12.1773,15.9384,21.435,25.912,25.3313,26.8842,29.5614,30.1013,30.6611,31.1883,C5,C5: limit warming to 2.5°C (>50%)
AIM/CGE 2.2,EN_INDCi2030_1600f,12.1773,15.9384,21.435,25.3859,25.1182,26.5723,29.3856,30.0539,30.6591,31.175,C5,C5: limit warming to 2.5°C (>50%)
AIM/CGE 2.2,EN_INDCi2030_1800,12.1773,15.9384,21.435,24.6977,24.9035,26.0429,28.7556,29.9163,30.5387,31.0886,C5,C5: limit warming to 2.5°C (>50%)
AIM/CGE 2.2,EN_INDCi2030_1800f,12.1773,15.9384,21.435,24.6977,24.9035,26.0429,28.7556,29.9163,30.5387,31.0886,C5,C5: limit warming to 2.5°C (>50%)
AIM/CGE 2.2,EN_INDCi2030_800f,12.1773,15.9384,21.435,29.7917,30.5731,30.4609,30.5287,30.8287,31.2627,31.6286,C3,C3: limit warming to 2°C (>67%)
AIM/CGE 2.2,EN_INDCi2030_900f,12.1773,15.9384,21.435,29.7863,30.0038,30.2639,30.5222,30.8373,31.2666,31.6328,C3,C3: limit warming to 2°C (>67%)
AIM/CGE 2.2,EN_INDCi2100,12.1773,15.9384,21.435,22.5191,23.2352,25.9774,27.3882,28.5942,28.9551,29.2546,C6,C6: limit warming to 3°C (>50%)
AIM/CGE 2.2,EN_NPi2020_1000,12.1773,15.9384,27.1058,27.0641,26.7564,29.001,30.1081,30.5113,31.0165,31.4591,C3,C3: limit warming to 2°C (>67%)
AIM/CGE 2.2,EN_NPi2020_1000f,12.1773,15.9384,25.3769,25.3774,25.3701,28.0727,29.8161,30.3549,31.0533,31.4297,C3,C3: limit warming to 2°C (>67%)
AIM/CGE 2.2,EN_NPi2020_1200,12.1773,15.9384,25.6081,25.5039,25.492,28.2528,29.8555,30.3012,30.8314,31.3173,C3,C3: limit warming to 2°C (>67%)
AIM/CGE 2.2,EN_NPi2020_1200f,12.1773,15.9384,24.1887,24.9468,24.9392,27.3692,29.6895,30.2077,30.8591,31.2588,C4,C4: limit warming to 2°C (>50%)
AIM/CGE 2.2,EN_NPi2020_1400,12.1773,15.9384,24.1046,24.8503,24.813,27.2152,29.6444,30.1633,30.7075,31.2195,C4,C4: limit warming to 2°C (>50%)
AIM/CGE 2.2,EN_NPi2020_1400f,12.1773,15.9384,23.7094,24.7287,24.6542,26.9668,29.5927,30.1273,30.7106,31.1964,C4,C4: limit warming to 2°C (>50%)
AIM/CGE 2.2,EN_NPi2020_1600,12.1773,15.9384,23.0799,24.5335,24.379,26.373,29.0364,29.9711,30.5706,31.1114,C5,C5: limit warming to 2.5°C (>50%)
AIM/CGE 2.2,EN_NPi2020_1600f,12.1773,15.9384,23.0799,24.5335,24.379,26.373,29.0364,29.9711,30.5745,31.114,C5,C5: limit warming to 2.5°C (>50%)
AIM/CGE 2.2,EN_NPi2020_1800,12.1773,15.9384,22.6055,24.3457,24.2053,25.9308,28.5896,29.8687,30.4861,31.0347,C5,C5: limit warming to 2.5°C (>50%)
AIM/CGE 2.2,EN_NPi2020_1800f,12.1773,15.9384,22.6055,24.3457,24.2053,25.9308,28.5896,29.8687,30.4861,31.0347,C5,C5: limit warming to 2.5°C (>50%)
AIM/CGE 2.2,EN_NPi2020_300f,12.1773,15.9384,28.6082,30.0918,29.1325,30.2193,30.8477,31.1302,31.4624,31.766,C1,C1: limit warming to 1.5°C (>50%) with no or limited overshoot
AIM/CGE 2.2,EN_NPi2020_400f,12.1773,15.9384,28.4766,29.4255,28.9276,30.1609,30.786,31.1358,31.4603,31.7653,C2,C2: return warming to 1.5°C (>50%) after a high overshoot
AIM/CGE 2.2,EN_NPi2020_500f,12.1773,15.9384,28.1396,28.901,28.4427,29.8856,30.5867,31.0633,31.393,31.7121,C2,C2: return warming to 1.5°C (>50%) after a high overshoot
AIM/CGE 2.2,EN_NPi2020_600,12.1773,15.9384,28.6082,30.858,29.4023,30.1186,30.5542,30.8967,31.3416,31.703,C1,C1: limit warming to 1.5°C (>50%) with no or limited overshoot
AIM/CGE 2.2,EN_NPi2020_600f,12.1773,15.9384,27.7467,27.9867,27.7233,29.4835,30.3847,30.9442,31.3172,31.6482,C2,C2: return warming to 1.5°C (>50%) after a high overshoot
AIM/CGE 2.2,EN_NPi2020_700,12.1773,15.9384,28.6082,29.8831,29.0457,30.1288,30.5589,30.8987,31.3433,31.7028,C3,C3: limit warming to 2°C (>67%)
AIM/CGE 2.2,EN_NPi2020_700f,12.1773,15.9384,27.2184,27.3097,27.0128,29.0922,30.1859,30.7891,31.2345,31.5763,C3,C3: limit warming to 2°C (>67%)
AIM/CGE 2.2,EN_NPi2020_800,12.1773,15.9384,28.2825,29.0549,28.6877,30.0637,30.5033,30.8512,31.3059,31.6757,C3,C3: limit warming to 2°C (>67%)
AIM/CGE 2.2,EN_NPi2020_800f,12.1773,15.9384,26.6146,26.2206,26.0569,28.5984,29.9787,30.5872,31.1359,31.4865,C3,C3: limit warming to 2°C (>67%)
AIM/CGE 2.2,EN_NPi2020_900,12.1773,15.9384,27.7467,27.9867,27.7233,29.4835,30.2942,30.673,31.1563,31.5629,C3,C3: limit warming to 2°C (>67%)
AIM/CGE 2.2,EN_NPi2020_900f,12.1773,15.9384,25.9696,25.7238,25.6847,28.4342,29.8987,30.4709,31.11,31.4593,C3,C3: limit warming to 2°C (>67%)
AIM/CGE 2.2,EN_NPi2100,12.1773,15.9384,19.1766,21.2563,22.9892,24.5838,25.8992,27.0682,28.0964,28.4659,C7,C7: limit warming to 4°C (>50%)
AIM/Hub-Global 2.0,1.5C,11.6067,14.3311,22.2084,26.7223,25.8252,27.7834,27.7304,27.4876,27.5562,27.6217,C1,C1: limit warming to 1.5°C (>50%) with no or limited overshoot
AIM/Hub-Global 2.0,2.5C,11.6067,14.6527,16.3753,16.4202,16.5953,19.0682,21.564,24.1187,25.7734,26.463,C6,C6: limit warming to 3°C (>50%)
AIM/Hub-Global 2.0,2C,11.6067,14.6527,18.7831,19.3215,19.7849,22.1913,24.3039,26.0648,26.7913,27.1845,C5,C5: limit warming to 2.5°C (>50%)
AIM/Hub-Global 2.0,450ppmCancunP,12.2735,16.009,23.7875,26.3017,24.5338,26.2427,29.54969999999999,30.8885,31.0898,31.2197,failed-vetting,failed-vetting
AIM/Hub-Global 2.0,450ppmRCP,12.2754,17.8734,24.1278,26.0722,24.1042,26.4792,29.6769,30.8718,31.1406,31.2605,failed-vetting,failed-vetting
AIM/Hub-Global 2.0,450ppmeINDC,12.2744,15.9077,20.4496,25.764,26.7304,28.76899999999999,31.6735,31.794,31.794,31.794,failed-vetting,failed-vetting
AIM/Hub-Global 2.0,Baseline,11.6067,14.6157,17.3394,19.5437,21.1783,22.4173,23.542,24.978,26.4547,27.2018,C7,C7: limit warming to 4°C (>50%)
AIM/Hub-Global 2.0,INDCSamePrice,12.2735,15.9082,20.4516,22.39109999999999,23.1811,24.5297,25.9304,27.3669,28.1692,28.67159999999999,failed-vetting,failed-vetting
AIM/Hub-Global 2.0,WB2C,11.6067,14.3309,21.2575,22.2144,21.8806,24.2153,26.3882,27.4503,27.5558,27.6203,C3,C3: limit warming to 2°C (>67%)
BET EMF33,EMF33_1.5C_cost100,12.1089384,10.0162434427332,15.3539999694362,17.7443999607061,19.9443190595658,20.630920226056,21.1761277409234,21.8694286140974,17.3748783598255,20.8272064882851,failed-vetting,failed-vetting
BET EMF33,EMF33_1.5C_full,12.1089384,9.872565155688651,15.3540000030293,17.7444000025969,19.9386919397038,20.6400000359615,21.1855429864399,21.8779395784713,17.4077474391761,20.82157936563111,failed-vetting,failed-vetting
BET EMF33,EMF33_1.5C_nofuel,12.1089384,9.98334640320707,15.3539999992923,17.7443999973802,19.992591098488,20.7505300706257,21.326106051227,21.9703535156814,17.5373597200155,20.875479007372,failed-vetting,failed-vetting
BET EMF33,EMF33_Baseline,12.1089384,9.59106598550815,8.07262573365848,6.255325382491502,6.41736050239241,5.915792126893178,9.51742940096128,12.6814989806057,17.5493123645341,21.82306678827191,failed-vetting,failed-vetting
BET EMF33,EMF33_Med2C_cost100,12.1089384,9.69879908857182,13.0406545119367,15.9630790976186,18.5264878585618,20.1527044066544,22.1824944064299,24.2197258986495,23.93487185886811,26.66484662875469,failed-vetting,failed-vetting
BET EMF33,EMF33_Med2C_full,12.1089384,9.80298477406748,13.1000050798701,15.7545558136324,18.2690537041713,19.903123245547,21.95045671385711,23.3727237793473,22.90922006718531,25.8318919820073,failed-vetting,failed-vetting
BET EMF33,EMF33_Med2C_limbio,12.1089384,9.69879900802775,13.0586116040737,16.2554783727104,19.1915055258576,21.3311034192708,23.1110882813807,25.1562378704378,27.6461228101927,29.57067156901011,failed-vetting,failed-vetting
BET EMF33,EMF33_Med2C_nofuel,12.1089384,9.69879900395801,12.7657148847432,15.7734613459037,18.292443614402,19.7803362313096,21.4843422990399,23.9583316850349,23.6740588859199,26.47233963933789,failed-vetting,failed-vetting
BET EMF33,EMF33_WB2C_cost100,12.1089384,9.98742521496153,14.5695249362294,17.3957269740841,19.796073631184,20.5799347514549,21.4629325109386,22.7265316009117,19.8891385164842,22.6372077986125,failed-vetting,failed-vetting
BET EMF33,EMF33_WB2C_full,12.1089384,10.0094331941439,14.5938499008446,17.5355693864635,19.84143089218761,20.5993701108522,21.3698339839964,22.6370341126499,19.7343704527145,22.9366931066847,failed-vetting,failed-vetting
BET EMF33,EMF33_WB2C_limbio,12.1089384,10.1992920049091,15.3539999449716,17.7443999343,19.9860486304679,21.2380100725682,22.1739206265724,23.8753275838022,26.9615827135395,28.361151401063,failed-vetting,failed-vetting
BET EMF33,EMF33_WB2C_nofuel,12.1089384,9.91775434331208,14.5971279047496,17.5623744133237,19.8753148742182,20.6332540870862,21.3983932974396,22.6655935309582,19.7133925129111,22.6808708027348,failed-vetting,failed-vetting
BET EMF33,EMF33_tax_hi_full,12.1089384,9.59106599559585,10.1913040584836,16.0854274790607,17.9041391208674,19.6279879223932,20.6145277535157,22.3371451725703,23.3922427734344,21.4488187637822,failed-vetting,failed-vetting
BET EMF33,EMF33_tax_hi_none,12.1089384,9.59106600549715,10.3789445383882,15.3280510705354,18.3447790070514,21.208004405037,24.5477463152235,27.1456334741752,29.5387458801144,31.51762661459081,failed-vetting,failed-vetting
BET EMF33,EMF33_tax_lo_full,12.1089384,9.59106595113443,8.251092767708428,8.89691965107002,11.8601231359122,17.9039284871294,20.23033693708311,22.1138206963432,24.04807484566911,27.0151207704226,failed-vetting,failed-vetting
BET EMF33,EMF33_tax_lo_none,12.1089384,9.591065899095788,8.231380586398387,8.73026940785881,12.2377623208866,18.7046593243275,22.719240938127,26.40586573255089,29.1007328330273,31.4370891700462,failed-vetting,failed-vetting
C3IAM 1.0,SSP1_5.0,7.00439915017458,9.05555589625454,9.1381793909187,8.52504731934506,8.02508079095932,7.86384840145602,7.67423717102783,7.52910564572123,7.4242696796784,7.36340173393658,failed-vetting,failed-vetting
C3IAM 1.0,SSP1_BAU,7.00439915017456,8.755248232034,8.89308412186675,8.33553186231422,7.84476242916363,7.65575504783692,7.52686523716274,7.45313517945775,7.44304505768507,7.48018115173465,failed-vetting,failed-vetting
C3IAM 1.0,SSP1_NDC,7.04744940291209,8.7891577945047,8.87436521038915,8.31125338527599,7.82811343747126,7.64407576349578,7.51917328027812,7.44762067533367,7.43878422860694,7.47685722829844,failed-vetting,failed-vetting
C3IAM 1.0,SSP2_5.0,7.00439915017458,9.22921295816312,10.38348665651,11.0873265865698,11.2002849456359,11.3265911668622,10.9857202223658,10.7190182520698,10.4943245391766,10.3114587216275,failed-vetting,failed-vetting
C3IAM 1.0,SSP2_BAU,7.00439915017456,8.91753318491152,9.96341715221193,10.5423435387741,10.5798656784348,10.5564343820424,10.2103702150807,9.92441669558581,9.68026176594899,9.47199387078368,failed-vetting,failed-vetting
C3IAM 1.0,SSP2_NDC,7.0964204363583,9.02133641340295,10.0219062089453,10.572596277105,10.5864628768551,10.5563858536101,10.2055865032961,9.91848508145389,9.67196469601382,9.46118057987664,failed-vetting,failed-vetting
C3IAM 1.0,SSP3_5.5,7.00439915017458,8.34619631324783,9.22934249224896,9.82364450678069,10.2180458734167,10.4640401262753,10.6549888288611,10.8155002191554,10.965744614889,11.1016531316301,failed-vetting,failed-vetting
C3IAM 1.0,SSP3_BAU,7.00439915017456,8.19601110735603,9.06240026544134,9.615845524769,9.95346094314092,10.078618989562,10.1165828296498,10.0885108555231,10.0302952990573,9.95078143561381,failed-vetting,failed-vetting
C3IAM 1.0,SSP3_NDC,7.12785358694973,8.31159881491063,9.16988199580094,9.70814411168518,10.0339778044424,10.1622920060323,10.1996980119236,10.1759975330546,10.1228100888019,10.0487019993802,failed-vetting,failed-vetting
C3IAM 2.0,2C-hybrid,12.197682082219373,12.53037365833052,21.75136563253427,30.17613609262709,37.51150206782855,40.99404938679741,37.83962966616762,39.27861239497661,38.20592856059118,36.82864452580436,no-climate-assessment,no-climate-assessment
C3IAM 2.0,2C-normal,12.197682082219373,12.70048805984354,22.63502756124182,31.815476913197,40.52160462552437,48.07986317553021,52.67677463350895,59.67183707711713,66.37953353260605,72.64853705851158,no-climate-assessment,no-climate-assessment
C3IAM 2.0,2C-with BECCS,12.197682082219373,12.44558181913522,22.59754059592549,31.55827671498977,40.33978915151051,47.84111654261395,52.22269374009771,58.48265984154176,60.98251231271645,62.7618058644881,no-climate-assessment,no-climate-assessment
C3IAM 2.0,2C-with CCS,12.197682082219373,12.53037950736035,21.75150619211337,30.17717578572199,37.51648430778827,41.08865766365605,37.98424328206083,39.63964808542001,42.2190684985088,44.63332576522377,no-climate-assessment,no-climate-assessment
C3IAM 2.0,SSP2 BAU,12.197682082219373,11.93496022737931,16.90069786610042,23.31842421363321,30.14829733896775,36.45616854177362,41.25428617103579,45.9423454523352,50.27766176894237,54.25737639988579,no-climate-assessment,no-climate-assessment
COFFEE 1.1,CO_2Deg2020,13.5565553448,16.89924677759999,21.40188203844,27.0745538236128,31.994946025488,38.111551933824,40.777213349808,41.26718464977599,40.4698495296672,38.34029583424799,C4,C4: limit warming to 2°C (>50%)
COFFEE 1.1,CO_2Deg2030,13.5565553448,16.89924677759999,20.7176689533744,26.79079983984,31.541288555664,37.54068316214399,40.13174106129599,41.204028827088,40.39126512263999,38.48665395297599,C4,C4: limit warming to 2°C (>50%)
COFFEE 1.1,CO_BAU,13.5565553448,16.89924677759999,24.249301647696,27.198266593536,30.143505813264,33.300508232304,33.41087693172,34.33594755391201,36.297536155056,35.275551399792,C7,C7: limit warming to 4°C (>50%)
COFFEE 1.1,CO_Bridge,13.5565553448,16.89924677759999,24.58809499284,28.91703895344,34.114217417568,38.798715665808,40.93057112340959,40.70526366936959,40.947188211288,38.674317940272,C3,C3: limit warming to 2°C (>67%)
COFFEE 1.1,CO_CurPol,13.5565553448,16.89924677759999,18.640649024208,20.924897972832,22.516079334912,25.211653971408,26.24120421307199,27.514066583808,27.524440382544,26.571627824976,C6,C6: limit warming to 3°C (>50%)
COFFEE 1.1,CO_GPP,13.5565553448,16.89924677759999,24.58809499284,28.427976599832,33.12423068677921,37.3233607242192,38.855912587848,37.838989486728,37.6452245795616,35.167772862432,C5,C5: limit warming to 2.5°C (>50%)
COFFEE 1.1,CO_NDCplus,13.5565553448,16.89924677759999,20.7176689533744,22.601997400896,24.860920544784,29.7266117508,31.584939677712,31.93689871944,31.57355720001599,30.241958808528,C6,C6: limit warming to 3°C (>50%)
COFFEE 1.1,EN_INDCi2030_1000,13.5565553448,16.89924677759999,20.7176689533744,27.800063067312,32.6529404712,38.603366891424,40.845507269904,40.61167237108799,39.36176811374399,37.441937859696,C4,C4: limit warming to 2°C (>50%)
COFFEE 1.1,EN_INDCi2030_1000_COV_NDCp,13.5565553448,16.9077220776,19.3754690227728,25.719166256832,30.71884484448,36.696453940656,39.316534199856,39.94224817521599,38.6484718829904,36.913371352272,failed-vetting,failed-vetting
COFFEE 1.1,EN_INDCi2030_1000_NDCp,13.5565553448,17.09836864516799,20.6510312156976,27.98303796676799,33.03442452528,38.83889675563199,40.98567290083199,40.35546469731455,39.0727787786928,37.458466176888,C4,C4: limit warming to 2°C (>50%)
COFFEE 1.1,EN_INDCi2030_1000f,13.5565553448,16.89924677759999,20.7176689533744,24.6081753232416,28.2472012796112,33.34145375319119,37.15093567321921,39.424492870848,40.1618062285632,38.9941310174184,C5,C5: limit warming to 2.5°C (>50%)
COFFEE 1.1,EN_INDCi2030_1000f_COV_NDCp,13.5565553448,16.9077220776,19.3754690227728,23.191642691208,26.643264687216,31.69024859937599,35.110215121248,38.71839136089599,40.0125141864576,39.0074334336,failed-vetting,failed-vetting
COFFEE 1.1,EN_INDCi2030_1000f_NDCp,13.5565553448,17.09836864516799,20.6510312156976,24.96457413203184,29.03389444469952,34.17030939700799,37.657430127936,39.73419539444159,40.23816129267839,38.771033207328,failed-vetting,failed-vetting
COFFEE 1.1,EN_INDCi2030_1200,13.5565553448,16.89924677759999,20.7176689533744,25.98474081860495,30.37628466005616,35.38770337643759,38.17728999294047,39.15417473696087,38.2828396555404,37.0683684065736,C4,C4: limit warming to 2°C (>50%)
COFFEE 1.1,EN_INDCi2030_1200f,13.5565553448,16.89924677759999,20.7176689533744,23.869572414336,27.19979274672,32.12528333587199,35.47731141144,38.23566889435201,39.867838100208,38.781054181296,C5,C5: limit warming to 2.5°C (>50%)
COFFEE 1.1,EN_INDCi2030_1400,13.5565553448,16.89924677759999,20.7176689533744,24.445555410672,28.257714508464,33.08606794195199,36.715333692384,38.65024121342399,38.371894638192,37.570726626336,C5,C5: limit warming to 2.5°C (>50%)
COFFEE 1.1,EN_INDCi2030_1400f,13.5565553448,16.89924677759999,20.7176689533744,23.5014993154656,26.574096715344,31.564179402768,34.351512194016,37.446389828352,39.54830807916,38.63253772296,C5,C5: limit warming to 2.5°C (>50%)
COFFEE 1.1,EN_INDCi2030_1600,13.5565553448,16.89924677759999,20.7176689533744,23.6149633332,26.71134189192,31.7264209401024,34.789831467984,37.73840763801599,38.543601125664,37.955403795024,C5,C5: limit warming to 2.5°C (>50%)
COFFEE 1.1,EN_INDCi2030_1600f,13.5565553448,16.89924677759999,20.7176689533744,23.29295302152,26.0908950718944,31.032874088352,33.285058335936,36.3659179376016,38.73510438444,37.742281047216,C5,C5: limit warming to 2.5°C (>50%)
COFFEE 1.1,EN_INDCi2030_1800,13.5565553448,16.89924677759999,20.7176689533744,23.295574546128,26.0906871582,31.004143215552,33.29610514444799,35.996480632368,37.71117871452,36.681811365888,C5,C5: limit warming to 2.5°C (>50%)
COFFEE 1.1,EN_INDCi2030_1800f,13.5565553448,16.89924677759999,20.7176689533744,23.049305948592,25.6639592753136,30.459626840016,32.723669664288,35.38837642247999,38.537680336272,38.04702536736,C5,C5: limit warming to 2.5°C (>50%)
COFFEE 1.1,EN_INDCi2030_2000,13.5565553448,16.89924677759999,20.7176689533744,22.88398294670399,25.490184811488,30.380734427184,32.72896343916,35.026459920288,38.035824000912,37.622086408224,C5,C5: limit warming to 2.5°C (>50%)
COFFEE 1.1,EN_INDCi2030_2000f,13.5565553448,16.89924677759999,20.7176689533744,22.88398294670399,25.323960384576,30.1421996299872,32.7202763843808,34.684571994768,37.955228707152,37.680179409936,C5,C5: limit warming to 2.5°C (>50%)
COFFEE 1.1,EN_INDCi2030_2500,13.5565553448,16.89924677759999,20.7176689533744,22.674430074096,24.908074654176,29.616345117648,32.194639073088,33.09307555651201,34.926016971888,35.30316615048,C6,C6: limit warming to 3°C (>50%)
COFFEE 1.1,EN_INDCi2030_2500f,13.5565553448,16.89924677759999,20.7176689533744,22.674430074096,24.908074654176,29.616345117648,32.194639073088,33.09307555651201,34.926016971888,35.30316615048,C6,C6: limit warming to 3°C (>50%)
COFFEE 1.1,EN_INDCi2030_400f,13.5565553448,16.89924677759999,20.7176689533744,28.356683117328,33.58439404286401,39.475244859408,41.737976921376,41.561980812576,40.55606019612,38.763415308096,C2,C2: return warming to 1.5°C (>50%) after a high overshoot
COFFEE 1.1,EN_INDCi2030_500,13.5565553448,16.89924677759999,20.7176689533744,34.798811564736,36.990363216528,39.219281906256,38.89625484239999,37.44765357048001,34.130475250488,33.359524844616,C3,C3: limit warming to 2°C (>67%)
COFFEE 1.1,EN_INDCi2030_500f,13.5565553448,16.89924677759999,20.7176689533744,27.9202606880328,32.863138176168,38.8800246082104,41.3482894123464,41.5766563692696,40.62462632077679,38.6666226855972,C2,C2: return warming to 1.5°C (>50%) after a high overshoot
COFFEE 1.1,EN_INDCi2030_600,13.5565553448,16.89924677759999,20.7176689533744,33.064247324196,37.12799690085599,40.38661586476799,40.87762505391599,39.756805355124,37.068330000456,35.090355238524,C3,C3: limit warming to 2°C (>67%)
COFFEE 1.1,EN_INDCi2030_600_COV_NDCp,13.5565553448,16.9077220776,19.3754690227728,31.360862805696,36.053783310384,39.63951036460801,40.404558587328,39.86047655712,37.45894667515199,34.786785721104,failed-vetting,failed-vetting
COFFEE 1.1,EN_INDCi2030_600_NDCp,13.5565553448,17.09836864516799,20.6510312156976,32.9862207495888,37.55351665219679,40.7440667526768,41.5764023925168,40.2622410753648,37.26975538360799,34.856470473408,C3,C3: limit warming to 2°C (>67%)
COFFEE 1.1,EN_INDCi2030_600f,13.5565553448,16.89924677759999,20.7176689533744,26.9486666086464,31.72047393168,37.72582854887519,40.30390805636159,41.26031142903359,40.4280842880132,38.51108710521479,C4,C4: limit warming to 2°C (>50%)
COFFEE 1.1,EN_INDCi2030_600f_COV_NDCp,13.5565553448,16.9077220776,19.3754690227728,24.92259387903359,29.6785159953696,35.519452526736,38.548660887648,40.46021309937599,39.93098124542399,38.219536842768,failed-vetting,failed-vetting
COFFEE 1.1,EN_INDCi2030_600f_NDCp,13.5565553448,17.09836864516799,20.6510312156976,27.39679952315039,32.43602135664,38.374685384976,40.81491173649599,41.328985118256,40.76757673660799,38.552393047104,failed-vetting,failed-vetting
COFFEE 1.1,EN_INDCi2030_700,13.5565553448,16.89924677759999,20.7176689533744,31.563950250366,36.76212065178,40.91455659546,41.68094632808399,41.10244489044,39.10991510950199,36.3105937509624,C3,C3: limit warming to 2°C (>67%)
COFFEE 1.1,EN_INDCi2030_700f,13.5565553448,16.89924677759999,20.7176689533744,25.9528477503528,30.808430957232,36.4414322014992,39.4670743895376,40.95527669228881,40.344700176684,38.53269285779592,C4,C4: limit warming to 2°C (>50%)
COFFEE 1.1,EN_INDCi2030_800,13.5565553448,16.89924677759999,20.7176689533744,30.0338148161808,35.34490507455359,40.0564250011584,41.1495730110144,40.7283903363744,38.94028404955199,36.45320033041632,C3,C3: limit warming to 2°C (>67%)
COFFEE 1.1,EN_INDCi2030_800f,13.5565553448,16.89924677759999,20.7176689533744,25.49483676742248,29.97986615748648,35.479679268348,38.7714686706072,40.4632128919968,39.59607015690479,38.32241633994889,C4,C4: limit warming to 2°C (>50%)
COFFEE 1.1,EN_INDCi2030_900,13.5565553448,16.89924677759999,20.7176689533744,28.38308102717328,33.61695341003136,38.83547411381664,40.36792999132224,39.96425166519023,38.23324703204399,36.35623644116802,C3,C3: limit warming to 2°C (>67%)
COFFEE 1.1,EN_INDCi2030_900f,13.5565553448,16.89924677759999,20.7176689533744,25.00901479111032,28.8193952058372,34.2333127872864,37.9434182638608,39.8530871977032,39.65831825052239,38.6644924674288,C4,C4: limit warming to 2°C (>50%)
COFFEE 1.1,EN_INDCi2100,13.5565553448,16.89924677759999,20.7176689533744,23.197822911504,25.166919619296,29.21769901468799,30.96380990145599,30.696682431672,30.983829443064,29.03610233304,C6,C6: limit warming to 3°C (>50%)
COFFEE 1.1,EN_INDCi2100_COV_NDCp,13.5565553448,16.8036532776,19.3754690227728,21.907819179504,24.18801676128,28.08146762539199,29.650395356784,30.445140967632,31.1501991374064,29.622926838528,C6,C6: limit warming to 3°C (>50%)
COFFEE 1.1,EN_INDCi2100_NDCp,13.5565553448,17.09836864516799,20.6510312156976,23.308682989104,25.702591944384,29.64534871377599,31.72056289473599,31.418969951304,31.877376679656,30.562273114128,failed-vetting,failed-vetting
COFFEE 1.1,EN_NPi2020_1000,13.5565553448,16.89924677759999,22.034335461984,27.84274689509279,32.89957583241601,38.904337771488,41.077496902752,40.834341917568,39.23569399752,37.325811175488,C4,C4: limit warming to 2°C (>50%)
COFFEE 1.1,EN_NPi2020_1000_COV,13.5565553448,16.8036532776,20.1452493326688,25.356837043008,30.243555444672,36.0810101052,38.76807443673599,39.79164438057599,38.73598857503999,36.909820209456,failed-vetting,failed-vetting
COFFEE 1.1,EN_NPi2020_1000f,13.5565553448,16.89924677759999,19.75665483144,24.112792931328,28.33299967593599,33.671032706448,37.4564829787632,40.11102947793599,40.21660926230399,38.98163764785599,C5,C5: limit warming to 2.5°C (>50%)
COFFEE 1.1,EN_NPi2020_1000f_COV,13.5565553448,16.8036532776,18.95210593963199,22.6800358724592,26.543271347568,31.606169586768,35.16277569940799,38.532905943552,40.06256208336001,38.871165715344,failed-vetting,failed-vetting
COFFEE 1.1,EN_NPi2020_1200,13.5565553448,16.89924677759999,20.31163781616,25.635508312896,30.370609636704,35.986353098256,39.153951676368,40.254344861472,39.3621069996,37.72065460449599,C4,C4: limit warming to 2°C (>50%)
COFFEE 1.1,EN_NPi2020_1200f,13.5565553448,16.89924677759999,19.4311675843056,23.384318553072,27.342779083632,32.492845349712,35.911757686176,39.126258274896,40.29178089702241,38.9165285515536,C5,C5: limit warming to 2.5°C (>50%)
COFFEE 1.1,EN_NPi2020_1400,13.5565553448,16.89924677759999,19.756675361376,24.0523428469824,28.185329738448,33.494840948304,37.234972074384,39.49728432911999,38.79252712316159,37.577575078704,C5,C5: limit warming to 2.5°C (>50%)
COFFEE 1.1,EN_NPi2020_1400f,13.5565553448,16.89924677759999,19.009281022992,22.36211727163199,25.615241071776,30.928948840224,34.019559306864,37.819657556064,40.044121911936,38.990900086416,C5,C5: limit warming to 2.5°C (>50%)
COFFEE 1.1,EN_NPi2020_1600,13.5565553448,16.89924677759999,19.047552923376,22.57150852223999,26.000603438904,31.302243531216,34.452243318384,38.23274547561599,38.95687854503998,38.032610797872,C5,C5: limit warming to 2.5°C (>50%)
COFFEE 1.1,EN_NPi2020_1600f,13.5565553448,16.89924677759999,18.935937779328,22.137376282992,25.224956140032,30.234375977328,32.74497576432,36.332163534528,39.185554217328,38.48249337696,C5,C5: limit warming to 2.5°C (>50%)
COFFEE 1.1,EN_NPi2020_1800,13.5565553448,16.89924677759999,18.935937779328,22.10215031870399,25.1013448529568,30.120521209632,32.706831048624,36.32530943721599,38.390781706272,37.56495528604799,C5,C5: limit warming to 2.5°C (>50%)
COFFEE 1.1,EN_NPi2020_1800f,13.5565553448,16.89924677759999,18.81593185175999,21.593180786256,24.47230918756319,29.467279522944,31.747845949776,35.179925386176,38.667900742704,38.050534504224,C5,C5: limit warming to 2.5°C (>50%)
COFFEE 1.1,EN_NPi2020_2000,13.5565553448,16.89924677759999,18.700790793696,21.47851570104,24.19637673412799,29.1725345525328,31.6767240325728,34.56153782279999,37.894470787296,37.586269238544,C5,C5: limit warming to 2.5°C (>50%)
COFFEE 1.1,EN_NPi2020_2000f,13.5565553448,16.89924677759999,18.700620688512,21.416751278208,24.092984349792,28.918009505376,31.472838690048,34.366562623872,38.1100836492,38.165618355984,C5,C5: limit warming to 2.5°C (>50%)
COFFEE 1.1,EN_NPi2020_2500,13.5565553448,16.89924677759999,18.680163316848,21.257661145968,23.307721897968,27.636678047232,30.050122040784,32.368622901264,35.154621940464,36.086895542736,C6,C6: limit warming to 3°C (>50%)
COFFEE 1.1,EN_NPi2020_2500f,13.5565553448,16.89924677759999,18.680163316848,21.257661145968,23.307721897968,27.636678362592,30.050122356144,32.36862321662399,35.154622255824,36.086895858096,C6,C6: limit warming to 3°C (>50%)
COFFEE 1.1,EN_NPi2020_400,13.5565553448,16.89924677759999,29.5798014216,35.39762466983999,39.2152477896,42.28799705424001,42.41613255264001,39.24920062979999,37.418241977352,35.079452620488,C1,C1: limit warming to 1.5°C (>50%) with no or limited overshoot
COFFEE 1.1,EN_NPi2020_400_lowBECCS,13.5565553448,16.89924677759999,30.39976987214401,36.237829740048,40.19043933345599,42.999780089952,42.909415731792,39.945859425648,39.0810748469904,36.7569787905504,C3,C3: limit warming to 2°C (>67%)
COFFEE 1.1,EN_NPi2020_400f,13.5565553448,16.89924677759999,22.83068417385601,28.6129347226416,33.655907567808,39.592253132496,41.79328173071999,41.489984313792,40.22622542440799,38.12074300641599,C2,C2: return warming to 1.5°C (>50%) after a high overshoot
COFFEE 1.1,EN_NPi2020_400f_lowBECCS,13.5565553448,16.89924677759999,24.8503525568208,30.531661434288,36.01392412428,41.079475424088,42.735263674824,41.65177662396,41.2954768946592,39.4562191023072,C3,C3: limit warming to 2°C (>67%)
COFFEE 1.1,EN_NPi2020_500,13.5565553448,16.89924677759999,27.55156610448,33.822009571968,38.379163591584,41.91262272172799,42.60749356828799,40.7248344158544,38.925680437512,36.015502832208,C3,C3: limit warming to 2°C (>67%)
COFFEE 1.1,EN_NPi2020_500f,13.5565553448,16.89924677759999,22.137498800352,27.8733086502912,32.972013645984,38.979266802912,41.46595044436799,41.611602109392,40.465326882528,37.71025545081599,C2,C2: return warming to 1.5°C (>50%) after a high overshoot
COFFEE 1.1,EN_NPi2020_600,13.5565553448,16.89924677759999,26.228142474912,32.720891216544,37.765065618,41.91099063912,42.58346619528,41.09451957827999,39.838940827704,36.880788546288,C3,C3: limit warming to 2°C (>67%)
COFFEE 1.1,EN_NPi2020_600_COV,13.5565553448,16.8036532776,24.926200853184,30.964300633152,36.553052810736,40.747546993104,41.37341234126399,40.075774784352,38.56417849180799,35.28836804016,failed-vetting,failed-vetting
COFFEE 1.1,EN_NPi2020_600f,13.5565553448,16.89924677759999,21.40188203844,27.0745538236128,31.994946025488,38.111551933824,40.777213349808,41.26718464977599,40.4698495296672,38.34029583424799,C4,C4: limit warming to 2°C (>50%)
COFFEE 1.1,EN_NPi2020_600f_COV,13.5565553448,16.8036532776,19.64856992184,24.6559113222912,29.434875305328,35.065960841664,38.43269743377599,40.627659073248,40.14036489585599,38.52198496368,failed-vetting,failed-vetting
COFFEE 1.1,EN_NPi2020_700,13.5565553448,16.89924677759999,25.15837885055999,31.07426284929599,36.73728088776,41.085772611408,41.991396023088,40.587410228328,39.632274145584,36.69500877192,C3,C3: limit warming to 2°C (>67%)
COFFEE 1.1,EN_NPi2020_700f,13.5565553448,16.89924677759999,20.714966005968,26.1778449642624,31.0238747041824,36.938218062096,39.752029015056,41.021589062016,40.16335240079999,38.313486938736,C4,C4: limit warming to 2°C (>50%)
COFFEE 1.1,EN_NPi2020_800,13.5565553448,16.89924677759999,24.2387004744,30.038775230304,35.236872369648,40.251266600976,41.327738184816,40.466657954016,39.245428593072,37.15955533871999,C3,C3: limit warming to 2°C (>67%)
COFFEE 1.1,EN_NPi2020_800f,13.5565553448,16.89924677759999,20.2363958971584,25.500525781248,30.218606968176,35.831573369568,39.073124529936,40.86771561489599,40.302564698448,38.62726521912001,C4,C4: limit warming to 2°C (>50%)
COFFEE 1.1,EN_NPi2020_900,13.5565553448,16.89924677759999,22.994422964784,28.7437010235408,33.782598748944,39.5825121477504,41.0472439259904,40.6925235290304,39.34618119030239,37.41782970407039,C3,C3: limit warming to 2°C (>67%)
COFFEE 1.1,EN_NPi2020_900f,13.5565553448,16.89924677759999,19.92757443264,24.763778059536,29.359848291552,34.789663759536,38.624476900608,40.585523066784,40.188847143888,38.621055118464,C4,C4: limit warming to 2°C (>50%)
COFFEE 1.1,EN_NPi2100,13.5565553448,16.89924677759999,18.640649024208,20.924897972832,22.516079334912,25.211653971408,26.24120421307199,27.514066583808,27.524440382544,26.571627824976,C6,C6: limit warming to 3°C (>50%)
COFFEE 1.1,EN_NPi2100_COV,13.5565553448,16.8036532776,18.038107859328,20.288629087488,21.918320289072,24.904392290064,25.95070965528,26.63109257961599,26.331342426576,24.34081975041599,failed-vetting,failed-vetting
COPPE-COFFEE 1.0,CD-LINKS_INDC2030i_1600,15.79120040448,19.359476130096,23.7767931649008,28.459319268384,32.283247033728,37.678844806416,41.74239227673601,43.218829682064,43.9277376342672,42.277109849424,failed-vetting,failed-vetting
COPPE-COFFEE 1.0,CD-LINKS_INDCi,15.79120040448,19.2625804014336,23.1635596813776,26.102449408176,28.811077772688,32.123722997664,33.76014372936,34.608923138376,35.8700256905616,34.8481227996,failed-vetting,failed-vetting
COPPE-COFFEE 1.0,CD-LINKS_NDC2030i_1000,15.79120040448,19.7073954922176,24.3340335848016,30.1365701282203,35.094542076144,41.593721481216,44.344201082112,44.658456849072,44.613372431592,42.38150302872,failed-vetting,failed-vetting
COPPE-COFFEE 1.0,CD-LINKS_NPi,15.79120040448,18.81911146896,21.3046804137312,24.704095138848,27.296354275776,30.6977826533328,32.39281325232,34.760786465088,36.18283988388961,35.45223051528,failed-vetting,failed-vetting
COPPE-COFFEE 1.0,CD-LINKS_NPi2020_1000,15.79120040448,19.4469372430992,24.15462202944,29.4547081128192,34.808781355776,41.352881396112,43.965649308384,44.538954961392,44.709157386648,42.228173325312,failed-vetting,failed-vetting
COPPE-COFFEE 1.0,CD-LINKS_NPi2020_1600,15.79120040448,19.144486324944,22.6390072841712,27.5348599967808,31.598474897376,37.223098707312,41.356638311328,43.258199287536,43.7340903090768,42.264344518128,failed-vetting,failed-vetting
COPPE-COFFEE 1.0,CD-LINKS_NPi2020_400,15.79120040448,20.3159602096992,26.4299680940544,33.0166771335504,39.261607254864,44.138215025712,45.576717051312,44.82775259856,44.768319127632,41.8643267063904,failed-vetting,failed-vetting
DNE21+ V.14C,CD-LINKS_INDC2030i_1600,12.3006689948425,14.1948712335044,15.8490987467053,17.0958052467325,17.945021184729,25.902376644156757,27.280806393032176,28.372420627857878,29.380657295549387,29.85272109512546,no-climate-assessment,no-climate-assessment
DNE21+ V.14C,CD-LINKS_INDCi,12.3006689948425,14.1125339890136,15.7990056991732,16.605297194293,16.7911800257263,25.902376644156757,27.280806393032176,28.372420627857878,29.380657295549387,29.85272109512546,no-climate-assessment,no-climate-assessment
DNE21+ V.14C,CD-LINKS_NDC2030i_1000,12.3006689948425,14.3404073266756,16.1449246374347,17.9037864992969,18.4191320948384,25.902376644156757,27.280806393032176,28.372420627857878,29.380657295549387,29.85272109512546,no-climate-assessment,no-climate-assessment
DNE21+ V.14C,CD-LINKS_NPi,12.3006689948425,14.1645742005489,15.4864396470013,16.2362686764313,16.1312155875227,25.902376644156757,27.280806393032176,28.372420627857878,29.380657295549387,29.85272109512546,no-climate-assessment,no-climate-assessment
DNE21+ V.14C,CD-LINKS_NPi2020_1000,12.3006689948425,14.8749205878747,17.3378414085678,18.5257932345578,19.1676310766654,25.902376644156757,27.280806393032176,28.372420627857878,29.380657295549387,29.85272109512546,no-climate-assessment,no-climate-assessment
DNE21+ V.14C,CD-LINKS_NPi2020_1600,12.3006689948425,14.4404808973784,16.6237165995027,18.06560082976689,18.8716603016607,25.902376644156757,27.280806393032176,28.372420627857878,29.380657295549387,29.85272109512546,no-climate-assessment,no-climate-assessment
DNE21+ V.14C,CD-LINKS_NPi2020_400,12.3006689948425,15.0195817182765,18.091240634629,19.2296430807666,20.1886985695244,25.902376644156757,27.280806393032176,28.372420627857878,29.380657295549387,29.85272109512546,no-climate-assessment,no-climate-assessment
DNE21+ V.14C,CD-LINKS_NoPolicy,12.3006689948425,13.4150028154107,15.2204655819691,16.145867879584,16.3378430975237,25.902376644156757,27.280806393032176,28.372420627857878,29.380657295549387,29.85272109512546,failed-vetting,failed-vetting
DNE21+ V.14E1,EMF30_BCOC-EndU,12.3096075862558,13.8468284113477,15.9059152220687,17.384316767378,18.4841101156463,19.2333106701503,19.9825112246543,20.11634144554861,20.250171666443,20.38400188733731,failed-vetting,failed-vetting
DNE21+ V.14E1,EMF30_Baseline,12.3096075862558,13.8491659527296,15.905228164359,17.383127874704,18.4931754425541,19.2942501382434,20.0953248339326,20.19391345407189,20.2925020742112,20.3910906943506,failed-vetting,failed-vetting
DNE21+ V.14E1,EMF30_CH4-Only,12.3096075862558,13.8491659527296,15.905228164359,17.383127874704,18.4931754425541,19.2942501382434,20.0953248339326,20.19391345407189,20.2925020742112,20.3910906943506,failed-vetting,failed-vetting
DNE21+ V.14E1,EMF30_ClimPolicy,12.3096075862558,15.128897630349,17.6617213960948,18.8733690366619,20.0152836596776,20.5838413329795,21.1523990062814,21.7007824779965,22.2491659497116,22.7975494214268,failed-vetting,failed-vetting
DNE21+ V.14E1,EMF30_ClimPolicy+SLCF,12.3096075862558,15.1288691261184,17.6448686752056,18.85321703697581,19.9354527664275,20.5750723793257,21.21469199222389,21.7429894900297,22.2712869878354,22.79958448564111,failed-vetting,failed-vetting
DNE21+ V.14E1,EMF30_D_BCOC-Red,12.3096075862558,13.8491659527296,15.905228164359,17.383127874704,18.4931754425541,19.2942501382434,20.0953248339326,20.19391345407189,20.2925020742112,20.3910906943506,failed-vetting,failed-vetting
DNE21+ V.14E1,EMF30_D_CH4-ClimPolicy,12.3096075862558,13.8491659527296,15.905228164359,17.383127874704,18.4931754425541,19.2942501382434,20.0953248339326,20.19391345407189,20.2925020742112,20.3910906943506,failed-vetting,failed-vetting
DNE21+ V.14E1,EMF30_D_CO2-Only,12.3096075862558,15.128897630349,17.6617213960948,18.8733690366619,20.0152836596776,20.5838413329795,21.1523990062814,21.7007824779965,22.2491659497116,22.7975494214268,failed-vetting,failed-vetting
DNE21+ V.14E1,EMF30_D_Frozen-EF-EndU,12.3096075862558,13.8491659527296,15.905228164359,17.383127874704,18.4931754425541,19.2942501382434,20.0953248339326,20.19391345407189,20.2925020742112,20.3910906943506,failed-vetting,failed-vetting
DNE21+ V.14E1,EMF30_SLCF,12.3096075862558,13.8468284113477,15.9059152220687,17.384316767378,18.4841101156463,19.2333106701503,19.9825112246543,20.11634144554861,20.250171666443,20.38400188733731,failed-vetting,failed-vetting
DNE21+ V.14E1,EMF30_Slower-Action,12.3096075862558,14.2337544877909,16.7713043487573,18.1161505069915,19.4096833036582,20.0308137424279,20.6519441811977,20.7807759114144,20.9096076416312,21.0384393718479,failed-vetting,failed-vetting
DNE21+ V.14E1,EMF30_Slower-Action+SLCF,12.3096075862558,14.1609097704072,16.5975813647524,18.0750730558975,19.33972887872769,20.02311118912331,20.7064934995189,20.8165659264224,20.9266383533259,21.0367107802293,failed-vetting,failed-vetting
DNE21+ V.14E1,EMF30_Slower-to-faster,12.3096075862558,14.4366518385513,16.9830411202795,19.22255963680911,20.5885007543895,21.1863256493493,21.7841505443091,21.8598682126752,21.9355858810412,22.0113035494073,failed-vetting,failed-vetting
DNE21+ V.14E1,EMF30_Slower-to-faster+SLCF,12.3096075862558,14.491086134062,17.0410378487493,19.24158536457369,20.6597343226457,21.2803566704306,21.90097901821549,21.8939651114224,21.8869512046293,21.8799372978361,failed-vetting,failed-vetting
DNE21+ V.14E1,EMF30_Slower-to-faster+SLCF+HFC,12.3096075862558,14.4328351516714,16.9684509936302,19.2119157916426,20.5832577959326,21.1836719147655,21.7840860335985,21.8594171320948,21.934748230591,22.0100793290873,failed-vetting,failed-vetting
DNE21+ V.14E2,EMF33_1.5C_cost100,12.30082968734819,14.106835227836,16.1645707190507,17.9887651744642,19.048242524077,20.32504784954011,21.6018531750032,21.8144812359437,22.0271092968842,22.2397373578247,failed-vetting,failed-vetting
DNE21+ V.14E2,EMF33_1.5C_full,12.3007936808682,14.1067017293164,16.0931474338854,17.7851079173051,19.076438828209,20.3095420776954,21.5426453271818,21.7491757812494,21.955706235317,22.1622366893846,failed-vetting,failed-vetting
DNE21+ V.14E2,EMF33_1.5C_limbio,12.3009713298026,14.1066857207496,18.3368480790608,21.7691109509631,22.3503858584968,22.8611920868949,23.3719983152931,23.3769328412492,23.3818673672053,23.3868018931614,failed-vetting,failed-vetting
DNE21+ V.14E2,EMF33_1.5C_nofuel,12.3007936808682,14.1067676252808,16.0933991063166,17.7848257549443,19.0754673058744,20.30894857678469,21.54242984769489,21.7490321282582,21.9556344088214,22.1622366893846,failed-vetting,failed-vetting
DNE21+ V.14E2,EMF33_Baseline,12.3006004084002,13.5642487401171,15.0289660134586,16.0439328056202,16.8068688753248,17.632705489941,18.4585421045573,18.55660814737431,18.6546741901914,18.7527402330085,failed-vetting,failed-vetting
DNE21+ V.14E2,EMF33_Med2C_cost100,12.3008328595456,14.1067354800626,16.1242385851361,18.026898688815,18.647517740634,19.5875540192306,20.5275902978271,20.8375216881915,21.147453078556,21.4573844689204,failed-vetting,failed-vetting
DNE21+ V.14E2,EMF33_Med2C_full,12.3008274257734,14.1065299685829,16.0905063433454,17.8729694610004,17.8251774006715,18.97313599201561,20.1210945833597,20.2704111151857,20.4197276470117,20.5690441788376,failed-vetting,failed-vetting
DNE21+ V.14E2,EMF33_Med2C_limbio,12.3007631211615,14.1066318710273,16.1366174850005,17.3823333993564,18.0708361461868,19.69560464638861,21.3203731465903,21.7050111702004,22.0896491938105,22.47428721742061,failed-vetting,failed-vetting
DNE21+ V.14E2,EMF33_Med2C_nobeccs,12.3008274127723,14.1066668225803,16.2960903325694,18.23722934866269,19.3783148333452,20.560588301229,21.74286176911281,22.1470998683334,22.551337967554,22.9555760667746,failed-vetting,failed-vetting
DNE21+ V.14E2,EMF33_Med2C_nofuel,12.3007914192934,14.1066018022878,16.0892557342773,17.8695224532116,17.8214482721356,18.9707622882745,20.1200763044133,20.26954185095489,20.4190073974965,20.568472944038,failed-vetting,failed-vetting
DNE21+ V.14E2,EMF33_Med2C_none,12.3007608595867,14.1066668225803,16.3103002073322,18.2546564849827,19.4295527233499,20.6878940051559,21.94623528696189,22.2779169831174,22.6095986792728,22.9412803754282,failed-vetting,failed-vetting
DNE21+ V.14E2,EMF33_WB2C_cost100,12.3007642861043,14.1067084932222,16.2573543641486,17.8171978558468,18.5023999702543,19.8237233665362,21.1450467628182,21.4255462821459,21.7060458014735,21.9865453208011,failed-vetting,failed-vetting
DNE21+ V.14E2,EMF33_WB2C_full,12.3008328595456,14.1066523385766,16.0684183999187,17.3927988324469,17.2986873759259,19.065665645357,20.832643914788,20.9051684033201,20.9776928918522,21.0502173803843,failed-vetting,failed-vetting
DNE21+ V.14E2,EMF33_WB2C_limbio,12.30082968734819,14.106836148325,16.0491011824878,17.7085559335397,19.1264405755138,20.3962034868565,21.66596639819931,22.0573559775206,22.448745556842,22.8401351361634,failed-vetting,failed-vetting
DNE21+ V.14E2,EMF33_WB2C_nobeccs,12.3008710317118,14.1068171058193,17.737519279517,18.6706505867609,19.8232279526683,21.0868196076878,22.3504112627073,22.9120865665538,23.4737618704004,24.03543717424689,failed-vetting,failed-vetting
DNE21+ V.14E2,EMF33_WB2C_nofuel,12.3007608595867,14.1066523385766,16.0680910309379,17.4010083098869,17.3160378376759,19.0807867820096,20.8455357263432,20.9219150216732,20.9982943170032,21.0746736123333,failed-vetting,failed-vetting
DNE21+ V.14E2,EMF33_WB2C_none,12.3009374639529,14.1067698504587,17.7308734584537,18.8720154500605,19.8103492575076,21.1830381888038,22.5557271201,22.9895954000615,23.423463680023,23.8573319599844,failed-vetting,failed-vetting
DNE21+ V.14E2,EMF33_tax_hi_full,12.3007948331799,13.5645780149487,15.6910655321371,17.2414824222342,17.639924406941,17.6330707208003,17.6262170346596,17.2077396147541,16.7892621948485,16.3707847749429,failed-vetting,failed-vetting
DNE21+ V.14E2,EMF33_tax_hi_none,12.3006869854031,13.5644117404748,15.6933008510539,17.569966732672,18.6924779807189,19.67654645456651,20.660614928414,21.0655737163098,21.4705325042056,21.8754912921014,failed-vetting,failed-vetting
DNE21+ V.14E2,EMF33_tax_lo_full,12.3007207303082,13.5643996600088,15.56890662476381,17.280965225957,18.4773389613862,19.2140043901932,19.9506698190002,19.5586924984556,19.166715177911,18.7747378573664,failed-vetting,failed-vetting
DNE21+ V.14E2,EMF33_tax_lo_none,12.3008281196311,13.5642917749141,15.5577309386643,17.2658867794672,18.4563766419658,19.3759322358804,20.2954878297951,20.6000494461457,20.9046110624962,21.2091726788468,failed-vetting,failed-vetting
E3ME 6.1,PR_Baseline,12.376,12.153,9.865,8.707,8.596,25.902376644156757,27.280806393032176,28.372420627857878,29.380657295549387,29.85272109512546,no-climate-assessment,no-climate-assessment
E3ME 6.1,PR_CP_Intensity,12.376,12.153,9.866,8.985,8.831,25.902376644156757,27.280806393032176,28.372420627857878,29.380657295549387,29.85272109512546,no-climate-assessment,no-climate-assessment
E3ME 6.1,PR_CP_Price,12.376,12.153,9.865,8.742,8.622,25.902376644156757,27.280806393032176,28.372420627857878,29.380657295549387,29.85272109512546,no-climate-assessment,no-climate-assessment
E3ME 6.1,PR_NDC_Intensity,12.376,12.173,9.263,8.272,8.187,25.902376644156757,27.280806393032176,28.372420627857878,29.380657295549387,29.85272109512546,no-climate-assessment,no-climate-assessment
E3ME 6.1,PR_NDC_Price,12.376,12.173,9.261,7.944,7.715,25.902376644156757,27.280806393032176,28.372420627857878,29.380657295549387,29.85272109512546,no-climate-assessment,no-climate-assessment
ENV-Linkages 3.0,EMF30_BCOC-EndU,12.628383499944,16.1205041342615,19.5887834223583,24.1405245463279,31.03233416888569,40.248426817206,27.280806393032176,28.372420627857878,29.380657295549387,29.85272109512546,no-climate-assessment,no-climate-assessment
ENV-Linkages 3.0,EMF30_Baseline,12.628383499944,15.88284713217969,18.9929268213637,23.3079993105125,30.0687878573994,39.26832839682429,27.280806393032176,28.372420627857878,29.380657295549387,29.85272109512546,no-climate-assessment,no-climate-assessment
ENV-Linkages 3.0,EMF30_CH4-Only,12.628383499944,16.2322096486082,19.8105003280655,24.1922288898092,31.0857770761232,40.427668164503,27.280806393032176,28.372420627857878,29.380657295549387,29.85272109512546,failed-vetting,failed-vetting
ENV-Linkages 3.0,EMF30_ClimPolicy,12.628383499944,18.9052788082058,26.1459257634954,35.6085138831769,50.27124238487779,68.7770172732446,27.280806393032176,28.372420627857878,29.380657295549387,29.85272109512546,failed-vetting,failed-vetting
ENV-Linkages 3.0,EMF30_ClimPolicy+SLCF,12.628383499944,18.9228876916452,26.785529464106,36.9614146246436,52.28293399923179,71.2665200934548,27.280806393032176,28.372420627857878,29.380657295549387,29.85272109512546,failed-vetting,failed-vetting
ENV-Linkages 3.0,EMF30_D_BCOC-Red,12.628383499944,16.1224227239919,19.5898886386992,24.1411021476129,31.0324879178474,40.2482481434817,27.280806393032176,28.372420627857878,29.380657295549387,29.85272109512546,no-climate-assessment,no-climate-assessment
ENV-Linkages 3.0,EMF30_D_CH4-ClimPolicy,12.628383499944,16.0398769726419,19.3779230074958,24.064516659472,31.5701240696434,41.6829740847412,27.280806393032176,28.372420627857878,29.380657295549387,29.85272109512546,failed-vetting,failed-vetting
ENV-Linkages 3.0,EMF30_D_CO2-Only,12.628383499944,18.8345045837406,25.97927656630469,35.2836303377218,49.7508178325177,68.2138063183898,27.280806393032176,28.372420627857878,29.380657295549387,29.85272109512546,failed-vetting,failed-vetting
ENV-Linkages 3.0,EMF30_D_Frozen-CH4,12.628383499944,15.8828814253641,18.9936686642627,23.3094371444532,30.071046543874,39.2714137150557,27.280806393032176,28.372420627857878,29.380657295549387,29.85272109512546,no-climate-assessment,no-climate-assessment
ENV-Linkages 3.0,EMF30_D_Frozen-EF,12.628383499944,15.8828814233414,18.9936686623388,23.3094371409732,30.0710465434079,39.2714137391912,27.280806393032176,28.372420627857878,29.380657295549387,29.85272109512546,no-climate-assessment,no-climate-assessment
ENV-Linkages 3.0,EMF30_D_Frozen-EF-EndU,12.628383499944,15.88284713217969,18.9929268213637,23.3079993105125,30.0687878573994,39.26832839682429,27.280806393032176,28.372420627857878,29.380657295549387,29.85272109512546,no-climate-assessment,no-climate-assessment
ENV-Linkages 3.0,EMF30_D_Frozen-EF-SLCF,12.628383499944,15.8828814253641,18.9936686642627,23.3094371444532,30.071046543874,39.2714137150557,27.280806393032176,28.372420627857878,29.380657295549387,29.85272109512546,no-climate-assessment,no-climate-assessment
ENV-Linkages 3.0,EMF30_SLCF,12.628383499944,16.4803528321643,20.4738288202188,25.1380004666975,32.1777829966501,41.52922381554721,27.280806393032176,28.372420627857878,29.380657295549387,29.85272109512546,failed-vetting,failed-vetting
ENV-Linkages 3.0,EMF30_Slower-Action,12.628383499944,16.5427349021435,20.9877100292294,29.7396152076445,43.413866322052,61.6719761377882,27.280806393032176,28.372420627857878,29.380657295549387,29.85272109512546,failed-vetting,failed-vetting
ENV-Linkages 3.0,EMF30_Slower-Action+SLCF,12.628383499944,16.6473349196276,21.5391539293402,30.9014654672218,45.113026182456,63.75553985373771,27.280806393032176,28.372420627857878,29.380657295549387,29.85272109512546,failed-vetting,failed-vetting
EPPA 6,1.5CNow_Gradual,11.31633658576759,14.29094742082735,15.07969224154447,15.9148169757476,16.80007611597584,17.73763119295701,18.73135220806281,19.78379026825185,20.90015327694759,22.08345316365159,failed-vetting,failed-vetting
EPPA 6,1.5CNow_OptTax,11.31633658576759,14.2909475050329,15.07969224036821,15.91481697488399,16.80007611607635,17.73763110238259,18.73135222005,19.78379187636905,20.90015327719601,22.08345400630616,failed-vetting,failed-vetting
EPPA 6,2CNow_Gradual,11.31633658576759,14.29094742082735,15.07969225440267,15.91481697467144,16.8000761159759,17.73763111408527,18.7313522079976,19.78379026563841,20.90015327827329,22.08345316464428,C4,C4: limit warming to 2°C (>50%)
EPPA 6,2CNow_OptTax,11.31633658576759,14.29094742082735,15.07969223949902,15.91481697467141,16.80007611604083,17.73763111528528,18.73135220759185,19.78379025024468,20.90015337272413,22.08345316489531,failed-vetting,failed-vetting
EPPA 6,Paris1.5C_OptTax,11.31633658576759,14.2909474212822,15.07969224537081,15.91481697467141,16.80007658020051,17.73763111408527,18.73135160416892,19.78379026120145,20.90015325560202,22.08345316481851,C3,C3: limit warming to 2°C (>67%)
EPPA 6,Paris2C_Gradual,11.31633658576759,14.29094742128199,15.07969223940105,15.9148169798036,16.80007612131981,17.73763111386547,18.73135221226372,19.78379028892046,20.90015353544413,22.08345316443592,C4,C4: limit warming to 2°C (>50%)
EPPA 6,Paris2C_OptTax,11.31633658576759,14.29094742128199,15.07969223940105,15.91481697467141,16.80007620944543,17.7376311140369,18.73135218674857,19.78379029534561,20.90015327718481,22.08345316464429,C4,C4: limit warming to 2°C (>50%)
EPPA 6,ParisFlat,11.31633658576759,14.29094742128199,15.07969223940105,15.91481697779255,16.80007611597581,17.73763111408525,18.73135220806283,19.78379026564032,20.90015329678686,22.08345316464435,C6,C6: limit warming to 3°C (>50%)
EPPA 6,ParisForever,11.31633658576759,14.29094742128199,15.07969223940105,15.91481698036348,16.80007611597588,17.73763111408529,18.73135220893273,19.78379026582153,20.9001532769891,22.08345316464436,C7,C7: limit warming to 4°C (>50%)
EPPA 6,Ref,11.31633658576738,14.29094742082737,15.07969223916441,15.91481697474654,16.8000761159796,17.73763111513061,18.73135220808645,19.78379026646092,20.90015327718625,22.0834531646451,C7,C7: limit warming to 4°C (>50%)
En-ROADS-96,Ratchet-1.5-allCDR,13.4766,17.4523,22.9488,23.454,25.4034,29.2442,34.5968,38.7082,41.784,45.0951,failed-vetting,failed-vetting
En-ROADS-96,Ratchet-1.5-limCDR,13.4766,17.584,24.5039,24.9014,26.4541,33.8173,40.711,42.1637,45.7339,50.58,failed-vetting,failed-vetting
En-ROADS-96,Reference,13.4766,17.2134,18.4065,19.5155,22.4203,25.0685,26.9521,30.3627,33.3609,34.4031,failed-vetting,failed-vetting
FARM 3.2,EMF33_Baseline,12.8816736936862,12.3968071512122,12.3683411771624,12.3352729046603,12.44533594131419,12.6104322688598,12.7207907108844,12.7764016858641,12.7784765703481,12.7296280061186,failed-vetting,failed-vetting
FARM 3.2,EMF33_Med2C_full,12.8816737089767,12.39680711796269,13.5291755846679,13.5708231128272,13.984915284814,14.2548710075369,14.1076880583977,13.700363567212,13.1714670140619,12.4946495885925,failed-vetting,failed-vetting
FARM 3.2,EMF33_Med2C_nobeccs,12.8816843519147,12.3967126964262,13.5271169520188,13.5658999211846,13.9980452433991,14.4647157947238,14.8373764315312,15.0440704814348,15.128585807554,15.1774233849688,failed-vetting,failed-vetting
FARM 3.2,EMF33_Med2C_nofuel,12.8816345256913,12.3971542429497,13.5345080640275,13.5829767197726,14.0103494954797,14.2627952555331,14.0425440497728,13.4889043030938,12.7908774114916,12.3415979521505,failed-vetting,failed-vetting
FARM 3.2,EMF33_Med2C_none,12.881633562351,12.3971627666442,13.5348579299578,13.5845782573326,14.0483096433514,14.5569285743039,14.9884091585899,15.2064023397988,15.2619218599763,15.2572547393627,failed-vetting,failed-vetting
FARM 3.2,EMF33_WB2C_full,12.8816737089767,12.39680711796269,14.606225611912,14.1085980063192,13.6286683358102,13.4742127009585,13.1599474837706,12.6367217317069,12.3869972025049,12.1401685988348,failed-vetting,failed-vetting
FARM 3.2,EMF33_WB2C_nobeccs,12.8816843519147,12.3967126964262,14.6484613361903,14.9225105296415,14.996771215182,15.1376069446374,15.2351291968806,15.2830326029386,15.2811084966658,15.2352974464271,failed-vetting,failed-vetting
FARM 3.2,EMF33_WB2C_nofuel,12.8816345256913,12.3971542429497,14.6207331845249,14.0758060078734,13.5222791879493,13.2989506211129,12.8815793684571,12.4540359346173,12.2509786235314,11.8766423578184,failed-vetting,failed-vetting
FARM 3.2,EMF33_WB2C_none,12.8816345205148,12.3971542890445,14.6788436902005,15.03378752597,15.1324289177303,15.245676577735,15.2947579998677,15.2929289426778,15.2494824333088,15.1550001385558,failed-vetting,failed-vetting
FARM 3.2,EMF33_tax_hi_full,12.8816843570228,12.3967126509468,13.5751923542214,13.5055138132405,13.7202231338383,14.0714050704534,14.2713379706505,13.5519369914006,11.7754410006014,11.1576170720079,failed-vetting,failed-vetting
FARM 3.2,EMF33_tax_hi_none,12.881633562351,12.3971627666442,13.5772916220653,13.5093568444828,13.728592099074,14.1010401348061,14.4295306059739,14.7096400982969,14.9536172594519,15.1175704717503,failed-vetting,failed-vetting
FARM 3.2,EMF33_tax_lo_full,12.8816843570228,12.3967126509468,13.1609505580654,13.0674006760259,13.2028459212548,13.454819033091,13.6705843662239,13.8477874439945,13.9815407677166,14.05796353412,failed-vetting,failed-vetting
FARM 3.2,EMF33_tax_lo_none,12.881633562351,12.3971627666442,13.1624428149913,13.0695296873344,13.20583929994,13.4589340520354,13.6764990457042,13.8576865787009,14.00335131118,14.1173410408515,failed-vetting,failed-vetting
GCAM 4.0,20% abatement (FF&I),12.3909307,13.01942214,13.6647437,14.6095264,15.8542282,17.0989167,18.34360020000001,19.58830080000001,20.83298750000001,21.4553438,no-climate-assessment,no-climate-assessment
GCAM 4.0,20% abatement (GHG),12.3909307,13.01957704,13.6647437,14.6095264,15.8542282,17.0989167,18.34360020000001,19.58830080000001,20.83298750000001,21.4553438,no-climate-assessment,no-climate-assessment
GCAM 4.0,450 concentration,12.3909307,13.01941972,13.6647437,14.6095264,15.8542282,17.0989167,18.34360020000001,19.58830080000001,20.83298750000001,21.4553438,no-climate-assessment,no-climate-assessment
GCAM 4.0,50% abatement (FF&I),12.3909307,13.01489886,13.6647437,14.6095264,15.8542282,17.0989167,18.34360020000001,19.58830080000001,20.83298750000001,21.4553438,no-climate-assessment,no-climate-assessment
GCAM 4.0,50% abatement (GHG),12.3909307,13.01926158,13.6647437,14.6095264,15.8542282,17.0989167,18.34360020000001,19.58830080000001,20.83298750000001,21.4553438,no-climate-assessment,no-climate-assessment
GCAM 4.0,550 concentration,12.3909307,13.01948121,13.6647437,14.6095264,15.8542282,17.0989167,18.34360020000001,19.58830080000001,20.83298750000001,21.4553438,no-climate-assessment,no-climate-assessment
GCAM 4.0,650 concentration,12.3909307,13.0196669,13.6647437,14.6095264,15.8542282,17.0989167,18.34360020000001,19.58830080000001,20.83298750000001,21.4553438,no-climate-assessment,no-climate-assessment
GCAM 4.0,Core baseline,12.3909307,13.0198439,13.6647437,14.6095264,15.8542282,17.0989167,18.34360020000001,19.58830080000001,20.83298750000001,21.4553438,no-climate-assessment,no-climate-assessment
GCAM 4.0,High CO2 price,12.3909307,13.0152589,13.6647437,14.6095264,15.8542282,17.0989167,18.34360020000001,19.58830080000001,20.83298750000001,21.4553438,failed-vetting,failed-vetting
GCAM 4.0,Low CO2 price,12.3909307,13.01950499,13.6647437,14.6095264,15.8542282,17.0989167,18.34360020000001,19.58830080000001,20.83298750000001,21.4553438,no-climate-assessment,no-climate-assessment
GCAM 4.0,Policy baseline,12.3909307,13.14981043,13.7970437,14.7455564,15.9956382,17.2457067,18.50577020000001,19.7558508,21.0059175,21.6359638,no-climate-assessment,no-climate-assessment
GCAM 4.2,ADVANCE_2020_1.5C-2100,12.3909307,13.0198439,13.6647437,14.6095264,15.8542282,17.0989167,18.3436002,19.5883008,20.8329875,21.4553438,failed-vetting,failed-vetting
GCAM 4.2,ADVANCE_2020_Med2C,12.3909307,13.0198439,13.6647437,14.6095264,15.8542282,17.0989167,18.3436002,19.5883008,20.8329875,21.4553438,failed-vetting,failed-vetting
GCAM 4.2,ADVANCE_2020_WB2C,12.3909307,13.0198439,13.6647437,14.6095264,15.8542282,17.0989167,18.3436002,19.5883008,20.8329875,21.4553438,failed-vetting,failed-vetting
GCAM 4.2,ADVANCE_2030_1.5C-2100,12.3909307,13.0198439,13.6647437,14.6095264,15.8542282,17.0989167,18.3436002,19.5883008,20.8329875,21.4553438,failed-vetting,failed-vetting
GCAM 4.2,ADVANCE_2030_Med2C,12.3909307,13.0198439,13.6647437,14.6095264,15.8542282,17.0989167,18.3436002,19.5883008,20.8329875,21.4553438,failed-vetting,failed-vetting
GCAM 4.2,ADVANCE_2030_Price1.5C,12.3909307,13.0198439,13.6647437,14.6095264,15.8542282,17.0989167,18.3436002,19.5883008,20.8329875,21.4553438,failed-vetting,failed-vetting
GCAM 4.2,ADVANCE_2030_WB2C,12.3909307,13.0198439,13.6647437,14.6095264,15.8542282,17.0989167,18.3436002,19.5883008,20.8329875,21.4553438,failed-vetting,failed-vetting
GCAM 4.2,ADVANCE_NoPolicy,12.3909307,13.0198439,13.6647437,14.6095264,15.8542282,17.0989167,18.3436002,19.5883008,20.8329875,21.4553438,failed-vetting,failed-vetting
GCAM 4.2,EMF30_BCOC-EndU,12.3909307,13.0198439,13.6647437,14.6095264,15.8542282,17.0989167,18.3436002,19.5883008,20.8329875,21.4553438,failed-vetting,failed-vetting
GCAM 4.2,EMF30_Baseline,12.3909307,13.0198439,13.6647437,14.6095264,15.8542282,17.0989167,18.3436002,19.5883008,20.8329875,21.4553438,failed-vetting,failed-vetting
GCAM 4.2,EMF30_CH4-Only,12.3909307,13.0198439,13.6647437,14.6095264,15.8542282,17.0989167,18.3436002,19.5883008,20.8329875,21.4553438,failed-vetting,failed-vetting
GCAM 4.2,EMF30_ClimPolicy,12.3909307,12.99188007,13.6647437,14.6095264,15.8542282,17.0989167,18.3436002,19.5883008,20.8329875,21.4553438,failed-vetting,failed-vetting
GCAM 4.2,EMF30_ClimPolicy+SLCF,12.3909307,12.99129772,13.6647437,14.6095264,15.8542282,17.0989167,18.3436002,19.5883008,20.8329875,21.4553438,failed-vetting,failed-vetting
GCAM 4.2,EMF30_D_CH4-ClimPolicy,12.3909307,13.0198439,13.6647437,14.6095264,15.8542282,17.0989167,18.3436002,19.5883008,20.8329875,21.4553438,failed-vetting,failed-vetting
GCAM 4.2,EMF30_D_CO2-Only,12.3909307,12.99790037,13.6647437,14.6095264,15.8542282,17.0989167,18.3436002,19.5883008,20.8329875,21.4553438,failed-vetting,failed-vetting
GCAM 4.2,EMF30_D_Frozen-CH4,12.3909307,13.0198439,13.6647437,14.6095264,15.8542282,17.0989167,18.3436002,19.5883008,20.8329875,21.4553438,failed-vetting,failed-vetting
GCAM 4.2,EMF30_D_Frozen-EF,12.3909307,13.0198439,13.6647437,14.6095264,15.8542282,17.0989167,18.3436002,19.5883008,20.8329875,21.4553438,failed-vetting,failed-vetting
GCAM 4.2,EMF30_D_Frozen-EF-EndU,12.3909307,13.0198439,13.6647437,14.6095264,15.8542282,17.0989167,18.3436002,19.5883008,20.8329875,21.4553438,failed-vetting,failed-vetting
GCAM 4.2,EMF30_D_Frozen-EF-SLCF,12.3909307,13.0198439,13.6647437,14.6095264,15.8542282,17.0989167,18.3436002,19.5883008,20.8329875,21.4553438,failed-vetting,failed-vetting
GCAM 4.2,EMF30_SLCF,12.3909307,13.0198439,13.6647437,14.6095264,15.8542282,17.0989167,18.3436002,19.5883008,20.8329875,21.4553438,failed-vetting,failed-vetting
GCAM 4.2,EMF33_Baseline,12.3909307,12.9996499,13.6647437,14.6095264,15.8542282,17.0989167,18.3436002,19.5883008,20.8329875,21.4553438,failed-vetting,failed-vetting
GCAM 4.2,EMF33_Med2C_cost100,12.3909307,13.0093089,13.6647437,14.6095264,15.8542282,17.0989167,18.3436002,19.5883008,20.8329875,21.4553438,failed-vetting,failed-vetting
GCAM 4.2,EMF33_Med2C_full,12.3909307,13.0098599,13.6647437,14.6095264,15.8542282,17.0989167,18.3436002,19.5883008,20.8329875,21.4553438,failed-vetting,failed-vetting
GCAM 4.2,EMF33_Med2C_limbio,12.3909307,13.0098599,13.6647437,14.6095264,15.8542282,17.0989167,18.3436002,19.5883008,20.8329875,21.4553438,failed-vetting,failed-vetting
GCAM 4.2,EMF33_Med2C_nobeccs,12.3909307,13.0096199,13.6647437,14.6095264,15.8542282,17.0989167,18.3436002,19.5883008,20.8329875,21.4553438,failed-vetting,failed-vetting
GCAM 4.2,EMF33_Med2C_nofuel,12.3909307,13.0116779,13.6647437,14.6095264,15.8542282,17.0989167,18.3436002,19.5883008,20.8329875,21.4553438,failed-vetting,failed-vetting
GCAM 4.2,EMF33_Med2C_none,12.3909307,13.0111469,13.6647437,14.6095264,15.8542282,17.0989167,18.3436002,19.5883008,20.8329875,21.4553438,failed-vetting,failed-vetting
GCAM 4.2,EMF33_WB2C_full,12.3909307,13.0098599,13.6647437,14.6095264,15.8542282,17.0989167,18.3436002,19.5883008,20.8329875,21.3712766,failed-vetting,failed-vetting
GCAM 4.2,EMF33_WB2C_limbio,12.3909307,13.0098599,13.6647437,14.6095264,15.8542282,17.0989167,18.3436002,19.5883008,20.8329875,21.4553438,failed-vetting,failed-vetting
GCAM 4.2,EMF33_WB2C_nobeccs,12.3909307,13.0096199,13.6647437,14.6095264,15.8542282,17.0989167,18.3436002,19.5883008,20.8329875,21.4553438,failed-vetting,failed-vetting
GCAM 4.2,EMF33_WB2C_nofuel,12.3909307,13.0116779,13.6647437,14.6095264,15.8542282,17.0989167,18.3436002,19.5883008,20.8329875,21.4553438,failed-vetting,failed-vetting
GCAM 4.2,EMF33_WB2C_none,12.3909307,13.0111369,13.6647437,14.6095264,15.8542282,17.0989167,18.3436002,19.5883008,20.8329875,21.4553438,failed-vetting,failed-vetting
GCAM 4.2,EMF33_tax_hi_full,12.3909307,12.9996499,13.6647437,14.6095264,15.8542282,17.0989167,18.3436002,19.5883008,20.8329875,21.4553438,failed-vetting,failed-vetting
GCAM 4.2,EMF33_tax_hi_none,12.3909307,13.0005159,13.6647437,14.6095264,15.8542282,17.0989167,18.3436002,19.5883008,20.8329875,21.4553438,failed-vetting,failed-vetting
GCAM 4.2,EMF33_tax_lo_full,12.3909307,12.9996499,13.6647437,14.6095264,15.8542282,17.0989167,18.3436002,19.5883008,20.8329875,21.4553438,failed-vetting,failed-vetting
GCAM 4.2,EMF33_tax_lo_none,12.3909307,13.0005159,13.6647437,14.6095264,15.8542282,17.0989167,18.3436002,19.5883008,20.8329875,21.4553438,failed-vetting,failed-vetting
GCAM 4.2,SSP1-19,12.3909307,13.0189076,13.6647437,14.6095264,15.8542282,17.0989167,18.3436002,19.5883008,20.8329875,21.4553438,C1,C1: limit warming to 1.5°C (>50%) with no or limited overshoot
GCAM 4.2,SSP1-26,12.3909307,13.0189043,13.6647437,14.6095264,15.8542282,17.0989167,18.3436002,19.5883008,20.8329875,21.4553438,no-climate-assessment,no-climate-assessment
GCAM 4.2,SSP1-34,12.3909307,13.0189043,13.6647437,14.6095264,15.8542282,17.0989167,18.3436002,19.5883008,20.8329875,21.4553438,no-climate-assessment,no-climate-assessment
GCAM 4.2,SSP1-45,12.3909307,13.0189043,13.6647437,14.6095264,15.8542282,17.0989167,18.3436002,19.5883008,20.8329875,21.4553438,no-climate-assessment,no-climate-assessment
GCAM 4.2,SSP1-Baseline,12.3909307,13.0198439,13.6647437,14.6095264,15.8542282,17.0989167,18.3436002,19.5883008,20.8329875,21.4553438,no-climate-assessment,no-climate-assessment
GCAM 4.2,SSP2-19,12.3909307,13.0198439,13.6647437,14.6095264,15.8542282,17.0988992,18.3425393,19.5883008,20.8329875,21.4553438,failed-vetting,failed-vetting
GCAM 4.2,SSP2-26,12.3909307,13.0198439,13.6647437,14.6095264,15.8542282,17.0989167,18.3436002,19.5883008,20.8329875,21.4553438,failed-vetting,failed-vetting
GCAM 4.2,SSP2-34,12.3909307,13.0198439,13.6647437,14.6095264,15.8542282,17.0989167,18.3436002,19.5883008,20.8329875,21.4553438,failed-vetting,failed-vetting
GCAM 4.2,SSP2-45,12.3909307,13.0198439,13.6647437,14.6095264,15.8542282,17.0989167,18.3436002,19.5883008,20.8329875,21.4553438,failed-vetting,failed-vetting
GCAM 4.2,SSP2-60,12.3909307,13.0198439,13.6647437,14.6095264,15.8542282,17.0989167,18.3436002,19.5883008,20.8329875,21.4553438,failed-vetting,failed-vetting
GCAM 4.2,SSP2-Baseline,12.3909307,13.0198439,13.6647437,14.6095264,15.8542282,17.0989167,18.3436002,19.5883008,20.8329875,21.4553438,no-climate-assessment,no-climate-assessment
GCAM 4.2,SSP3-Baseline,12.3909307,13.0198439,13.6647437,14.6095264,15.8542282,17.0989167,18.3436002,19.5883008,20.8329875,21.4536538,C8,C8: exceed warming of 4°C (>=50%)
GCAM 4.2,SSP4-26,12.3909307,13.0198439,13.6647437,14.6095264,15.8542282,17.0985435,18.3413952,19.5883008,20.8329875,21.4553438,failed-vetting,failed-vetting
GCAM 4.2,SSP4-34,12.3909307,13.0198439,13.6647437,14.6095264,15.8542282,17.0989167,18.3430514,19.5883008,20.8329875,21.4553438,failed-vetting,failed-vetting
GCAM 4.2,SSP4-45,12.3909307,13.0198439,13.6647437,14.6095264,15.8542282,17.0989167,18.3436002,19.4955508,20.8329875,21.4553438,failed-vetting,failed-vetting
GCAM 4.2,SSP4-60,12.3909307,13.0198439,13.6647437,14.6095264,15.8542282,17.0989167,18.3436002,19.5883008,20.8329875,21.4553438,failed-vetting,failed-vetting
GCAM 4.2,SSP4-Baseline,12.3909307,13.0198439,13.6647437,14.6095264,15.8542282,17.0989167,18.3436002,19.5883008,20.8329875,21.4553438,C7,C7: limit warming to 4°C (>50%)
GCAM 4.2,SSP5-19,12.3909307,13.0198439,13.6647437,14.6095264,15.8542282,17.0989167,18.3436002,19.5883008,20.8329875,21.4553438,failed-vetting,failed-vetting
GCAM 4.2,SSP5-26,12.3909307,13.0198439,13.6647437,14.6095264,15.8542282,17.0989167,18.3436002,19.5883008,20.8329875,21.4553438,failed-vetting,failed-vetting
GCAM 4.2,SSP5-34,12.3909307,13.0198439,13.6647437,14.6095264,15.8542282,17.0989167,18.3436002,19.5883008,20.8329875,21.4553438,failed-vetting,failed-vetting
GCAM 4.2,SSP5-45,12.3909307,13.0198439,13.6647437,14.6095264,15.8542282,17.0989167,18.3436002,19.5883008,20.7083775,21.4553438,failed-vetting,failed-vetting
GCAM 4.2,SSP5-60,12.3909307,13.0198439,13.6647437,14.6095264,15.8542282,17.0989167,18.3436002,19.5883008,20.8329875,21.4553438,no-climate-assessment,no-climate-assessment
GCAM 4.2,SSP5-Baseline,12.3909307,13.0198439,13.6647437,14.6095264,15.8542282,17.0989167,18.3063302,19.5883008,20.8329875,21.4553438,no-climate-assessment,no-climate-assessment
GCAM 5.2,"NGFS1_Current policies (Hot house world, Rep)",12.4987706,14.3273201,15.2370955,16.2213155,17.1444433,18.0292758,18.9141003,19.7989455,20.6837721,21.5686235,C7,C7: limit warming to 4°C (>50%)
GCAM 5.2,"NGFS1_Immediate 2C with CDR (Orderly, Rep)",12.4987706,14.3273201,15.2639525,16.2596035,17.1444433,18.0292758,18.9141003,19.7989455,20.6837721,21.5088135,C4,C4: limit warming to 2°C (>50%)
GCAM 5.3,NGFS2_Below 2°C,12.49877,14.48993,15.37477,16.2596,17.14444,18.02928,18.9141,19.79895,20.68377,21.50671,C3,C3: limit warming to 2°C (>67%)
GCAM 5.3,NGFS2_Current Policies,12.49877,14.48993,15.37477,16.2596,17.14444,18.02928,18.9141,19.79895,20.68377,21.16314,C7,C7: limit warming to 4°C (>50%)
GCAM 5.3,NGFS2_Delayed Transition,12.49877,14.48993,15.37477,16.2596,17.14444,18.02928,18.9141,19.79895,20.68377,21.56862,C4,C4: limit warming to 2°C (>50%)
GCAM 5.3,NGFS2_Divergent Net Zero Policies,12.49877,14.48993,15.37477,16.2596,17.14444,18.02928,18.9141,19.79895,20.68377,21.55078,C2,C2: return warming to 1.5°C (>50%) after a high overshoot
GCAM 5.3,NGFS2_Nationally Determined Contributions (NDCs),12.49877,14.46942,15.37477,16.2596,17.14444,18.02928,18.9141,19.79895,20.68377,21.55012,C5,C5: limit warming to 2.5°C (>50%)
GCAM 5.3,NGFS2_Net-Zero 2050,12.49877,14.48993,15.37477,16.2596,17.14444,18.02928,18.9141,19.79895,20.68377,21.56862,C2,C2: return warming to 1.5°C (>50%) after a high overshoot
GCAM 5.3,R_BAU,12.4987706,14.3400511,15.2768055,16.2596035,17.1444433,18.0292758,18.9141003,19.7989455,20.6837721,21.5686235,C7,C7: limit warming to 4°C (>50%)
GCAM 5.3,R_MAC_30_n0,12.4987706,14.3400511,15.3747685,16.2596035,17.1444433,18.0292758,18.9129888,19.7984534,20.6837721,21.5672396,C1,C1: limit warming to 1.5°C (>50%) with no or limited overshoot
GCAM 5.3,R_MAC_30_n8,12.4987706,14.3400511,14.8973265,16.2596035,17.1444433,18.0292758,18.9125043,19.7964013,20.6837721,21.4218366,failed-vetting,failed-vetting
GCAM 5.3,R_MAC_35_n0,12.4987706,14.3400511,15.3747685,16.2596035,17.1444433,18.0292758,18.9133361,19.7989455,20.6837721,21.5180047,C3,C3: limit warming to 2°C (>67%)
GCAM 5.3,R_MAC_35_n8,12.4987706,14.3400511,15.3747685,16.2596035,17.1444433,18.0292758,18.9132308,19.7978034,20.6837721,21.5217235,C1,C1: limit warming to 1.5°C (>50%) with no or limited overshoot
GCAM 5.3,R_MAC_40_n0,12.4987706,14.3400511,15.3697195,16.2596035,17.1444433,18.0292758,18.9141003,19.7989455,20.6837721,21.5686235,C3,C3: limit warming to 2°C (>67%)
GCAM 5.3,R_MAC_40_n8,12.4987706,14.3400511,15.3747685,16.1900615,17.1444433,18.0292758,18.9141003,19.7986396,20.6837721,21.5686235,C1,C1: limit warming to 1.5°C (>50%) with no or limited overshoot
GCAM 5.3,R_MAC_45_n0,12.4987706,14.3400511,15.3512775,16.2596035,17.1444433,18.0292758,18.9141003,19.7989455,20.6837721,21.5686235,C3,C3: limit warming to 2°C (>67%)
GCAM 5.3,R_MAC_45_n8,12.4987706,14.3400511,15.3664215,16.2596035,17.1444433,18.0292758,18.9139119,19.7989455,20.6837721,21.5686235,C1,C1: limit warming to 1.5°C (>50%) with no or limited overshoot
GCAM 5.3,R_MAC_50_n0,12.4987706,14.3400511,15.3393985,16.2596035,17.1444433,18.0292758,18.9141003,19.7989455,20.6837721,21.5686235,C3,C3: limit warming to 2°C (>67%)
GCAM 5.3,R_MAC_50_n8,12.4987706,14.3400511,15.3517075,16.2596035,17.0889573,18.0292758,18.9136914,19.7989455,20.6837721,21.5686235,C1,C1: limit warming to 1.5°C (>50%) with no or limited overshoot
GCAM 5.3,R_MAC_55_n0,12.4987706,14.3400511,15.3307955,16.2596035,17.1444433,18.0292758,18.9139194,19.7989455,20.6837721,21.5686235,C3,C3: limit warming to 2°C (>67%)
GCAM 5.3,R_MAC_55_n8,12.4987706,14.3400511,15.3414605,16.2596035,17.1444433,18.0165658,18.9135661,19.7989455,20.6837721,21.5686235,C2,C2: return warming to 1.5°C (>50%) after a high overshoot
GCAM 5.3,R_MAC_60_n0,12.4987706,14.3400511,15.3240725,16.2596035,17.1444433,18.0292758,18.9138506,19.7989455,20.6837721,21.5686235,C3,C3: limit warming to 2°C (>67%)
GCAM 5.3,R_MAC_60_n8,12.4987706,14.3400511,15.3337255,16.2596035,17.1444433,17.9502508,18.9136442,19.7989455,20.6837721,21.5686235,C2,C2: return warming to 1.5°C (>50%) after a high overshoot
GCAM 5.3,R_MAC_65_n0,12.4987706,14.3400511,15.3185565,16.2596035,17.1444433,18.0292758,18.9139906,19.7989455,20.6837721,21.5686235,C3,C3: limit warming to 2°C (>67%)
GCAM 5.3,R_MAC_65_n8,12.4987706,14.3400511,15.3275525,16.2596035,17.1444433,18.0209088,18.9139684,19.7989455,20.6837721,21.5686235,C3,C3: limit warming to 2°C (>67%)
GCAM 5.3,R_MAC_70_n0,12.4987706,14.3400511,15.3138325,16.2596035,17.1444433,18.0292758,18.9141003,19.7989455,20.6837721,21.5686235,C4,C4: limit warming to 2°C (>50%)
GCAM 5.3,R_MAC_70_n8,12.4987706,14.3400511,15.3224035,16.2596035,17.1444433,18.0292758,18.8805973,19.7989455,20.6837721,21.5686235,C3,C3: limit warming to 2°C (>67%)
GCAM 5.3,R_MAC_75_n0,12.4987706,14.3400511,15.3097745,16.2596035,17.1444433,18.0292758,18.9141003,19.7989455,20.6837721,21.5686235,C4,C4: limit warming to 2°C (>50%)
GCAM 5.3,R_MAC_75_n8,12.4987706,14.3400511,15.3179935,16.2596035,17.1444433,18.0292758,18.9141003,19.7989455,20.6837721,21.5686235,C3,C3: limit warming to 2°C (>67%)
GCAM 5.3,R_MAC_80_n0,12.4987706,14.3400511,15.3069585,16.2596035,17.1444433,18.0292758,18.9141003,19.7989455,20.6837721,21.5686235,C4,C4: limit warming to 2°C (>50%)
GCAM 5.3,R_MAC_80_n8,12.4987706,14.3400511,15.3140935,16.2596035,17.1444433,18.0292758,18.9141003,19.7989455,20.6837721,21.5686235,C4,C4: limit warming to 2°C (>50%)
GCAM 5.3,R_MAC_85_n0,12.4987706,14.3400511,15.3045735,16.2596035,17.1444433,18.0292758,18.9141003,19.7989455,20.6837721,21.5686235,C5,C5: limit warming to 2.5°C (>50%)
GCAM 5.3,R_MAC_85_n8,12.4987706,14.3400511,15.3106185,16.2596035,17.1444433,18.0292758,18.9141003,19.7989455,20.6837721,21.5686235,C4,C4: limit warming to 2°C (>50%)
GCAM 5.3,R_MAC_90_n0,12.4987706,14.3400511,15.3025205,16.2596035,17.1444433,18.0292758,18.9141003,19.7989455,20.6837721,21.5686235,C5,C5: limit warming to 2.5°C (>50%)
GCAM 5.3,R_MAC_90_n8,12.4987706,14.3400511,15.3080325,16.2596035,17.1444433,18.0292758,18.9141003,19.7989455,20.6837721,21.5686235,C4,C4: limit warming to 2°C (>50%)
GCAM 5.3,R_MAC_95_n0,12.4987706,14.3400511,15.3007345,16.2596035,17.1444433,18.0292758,18.9141003,19.7989455,20.6837721,21.5686235,C5,C5: limit warming to 2.5°C (>50%)
GCAM 5.3,R_MAC_95_n8,12.4987706,14.3400511,15.3058985,16.2596035,17.1444433,18.0292758,18.9141003,19.7989455,20.6837721,21.5686235,C4,C4: limit warming to 2°C (>50%)
GCAM 5.3,R_MAC_99_n0,12.4987706,14.3400511,15.2991705,16.2596035,17.1444433,18.0292758,18.9141003,19.7989455,20.6837721,21.5686235,C5,C5: limit warming to 2.5°C (>50%)
GCAM 5.3,R_MAC_99_n8,12.4987706,14.3400511,15.3040265,16.2596035,17.1444433,18.0292758,18.9141003,19.7989455,20.6837721,21.5686235,C5,C5: limit warming to 2.5°C (>50%)
GCAM 5.3,SSP1-DACCS-1p9-3pctHR,12.4987706,14.4899251,15.3747685,16.2596035,17.1444433,18.0292758,18.9141003,19.7989455,20.6837721,21.5686235,failed-vetting,failed-vetting
GCAM 5.3,SSP1-DACCS-2p6-3pctHR,12.4987706,14.4899251,15.3747685,16.2596035,17.1444433,18.0292758,18.9141003,19.7989455,20.6837721,21.5686235,failed-vetting,failed-vetting
GCAM 5.3,SSP1-highcostDACCS-2p6-3pctHR,12.4987706,14.4899251,15.3747685,16.2596035,17.1444433,18.0292758,18.9141003,19.7989455,20.6837721,21.5686235,failed-vetting,failed-vetting
GCAM 5.3,SSP1-lowcostDACCS-2p6-3pctHR,12.4987706,14.4899251,15.3747685,16.2596035,17.1444433,18.0292758,18.9141003,19.7989455,20.6837721,21.5686235,failed-vetting,failed-vetting
GCAM 5.3,SSP1-noDACCS-1p9-3pctHR,12.4987706,14.4899251,15.3747685,16.2596035,17.1444433,18.0292758,18.9141003,19.7989455,20.6837721,21.5686235,failed-vetting,failed-vetting
GCAM 5.3,SSP1-noDACCS-2p6-3pctHR,12.4987706,14.4899251,15.3747685,16.2596035,17.1444433,18.0292758,18.9141003,19.7989455,20.6837721,21.5686235,failed-vetting,failed-vetting
GCAM 5.3,SSP2-DACCS-2p6-3pctHR,12.4987706,14.4899251,15.3747685,16.2596035,17.1444433,18.0292758,18.9141003,19.7989455,20.6837721,21.5686235,failed-vetting,failed-vetting
GCAM 5.3,SSP2-noDACCS-2p6-3pctHR,12.4987706,14.4899251,15.3747685,16.2596035,17.1444433,18.0292758,18.9141003,19.7989455,20.6837721,21.5686235,failed-vetting,failed-vetting
GCAM 5.3,SSP4-DACCS-1p9-3pctHR,12.4987706,14.4899251,15.3747685,16.2596035,17.1444433,18.0292758,18.9141003,19.7989455,20.6837721,21.5686235,failed-vetting,failed-vetting
GCAM 5.3,SSP4-DACCS-2p6-3pctHR,12.4987706,14.4899251,15.3747685,16.2596035,17.1444433,18.0292758,18.9141003,19.7989455,20.6837721,21.5686235,failed-vetting,failed-vetting
GCAM 5.3,SSP4-highcostDACCS-2p6-3pctHR,12.4987706,14.4899251,15.3747685,16.2596035,17.1444433,18.0292758,18.9141003,19.7989455,20.6837721,21.5686235,failed-vetting,failed-vetting
GCAM 5.3,SSP4-medcostDACCS-2p6-3pctHR,12.4987706,14.4899251,15.3747685,16.2596035,17.1444433,18.0292758,18.9141003,19.7989455,20.6837721,21.5686235,failed-vetting,failed-vetting
GCAM 5.3,SSP4-noDACCS-1p9-3pctHR,12.4987706,14.4899251,15.3747685,16.2596035,17.1444433,18.0292758,18.9141003,19.7989455,20.6837721,21.5686235,failed-vetting,failed-vetting
GCAM 5.3,SSP4-noDACCS-2p6-3pctHR,12.4987706,14.4899251,15.3747685,16.2596035,17.1444433,18.0292758,18.9141003,19.7989455,20.6837721,21.5686235,failed-vetting,failed-vetting
GCAM 5.3,SSP5-DACCS-1p9-3pctHR,12.4987706,14.4899251,15.3747685,16.2596035,17.1444433,18.0292758,18.9141003,19.7989455,20.6837721,21.5686235,failed-vetting,failed-vetting
GCAM 5.3,SSP5-DACCS-2p6-3pctHR,12.4987706,14.4899251,15.3747685,16.2596035,17.1444433,18.0292758,18.9141003,19.7989455,20.6837721,21.5686235,failed-vetting,failed-vetting
GCAM 5.3,SSP5-noDACCS-2p6-3pctHR,12.4987706,14.4899251,15.3747685,16.2596035,17.1444433,18.0292758,18.9141003,19.7989455,20.6837721,21.5686235,failed-vetting,failed-vetting
GCAM 5.3,SSP_SSP1,12.4987706,14.4899251,15.3747685,16.2596035,17.1444433,18.0102058,18.9141003,19.7989455,20.6837721,21.5686235,no-climate-assessment,no-climate-assessment
GCAM 5.3,SSP_SSP2,12.4987706,14.4899251,15.3747685,16.2596035,17.1444433,18.0139718,18.9129033,19.7987283,20.6837721,21.5686235,C3,C3: limit warming to 2°C (>67%)
GCAM 5.3,SSP_SSP3,12.4987706,14.4899251,15.3747685,16.2596035,17.1444433,18.0292758,18.9085751,19.7919945,20.6828784,21.5587055,C2,C2: return warming to 1.5°C (>50%) after a high overshoot
GCAM 5.3,SSP_SSP4,12.4987706,14.4899251,15.3747685,16.2596035,17.1444433,18.0292758,18.9134412,19.7907155,20.6837721,21.5686235,C2,C2: return warming to 1.5°C (>50%) after a high overshoot
GCAM 5.3,SSP_SSP5,12.4987706,14.4899251,15.3747685,16.2596035,17.1444433,18.0292758,18.9141003,19.7989455,20.6837721,21.5686235,C3,C3: limit warming to 2°C (>67%)
GCAM-PR 5.3,CSH,12.4987706,14.2836204,15.2141455,22.174943779768455,24.379702891474604,25.902376644156757,27.280806393032176,28.372420627857878,29.380657295549387,29.85272109512546,no-climate-assessment,no-climate-assessment
GCAM-PR 5.3,PCSH,12.4987706,15.59155297,16.7332673,22.174943779768455,24.379702891474604,25.902376644156757,27.280806393032176,28.372420627857878,29.380657295549387,29.85272109512546,failed-vetting,failed-vetting
GCAM-PR 5.3,PR_CP_Intensity,12.4987706,15.59333737,16.7328263,17.5595841,18.4072728,19.1641673,19.9210646,20.6779687,21.4348621,22.1917704,failed-vetting,failed-vetting
GCAM-PR 5.3,PR_CP_Price,12.4987706,15.59333897,16.7328263,17.5555671,18.4072728,19.1641673,19.9210646,20.6779687,21.4348621,22.1917704,failed-vetting,failed-vetting
GCAM-PR 5.3,PR_CP_PriceOnly,12.4987706,14.2972956,15.2265035,16.1657635,17.1444433,18.0292758,18.9141003,19.7989455,20.6837721,21.5686235,C7,C7: limit warming to 4°C (>50%)
GCAM-PR 5.3,PR_NDC_Intensity,12.4987706,15.59333897,16.7327383,17.5598271,18.4072728,19.1641673,19.9210646,20.6779687,21.4348621,22.1917704,failed-vetting,failed-vetting
GCAM-PR 5.3,PR_NDC_Price,12.4987706,15.59333897,16.7327413,17.5556371,18.4072728,19.1641673,19.9210646,20.6779687,21.4348621,22.1917704,failed-vetting,failed-vetting
GCAM-PR 5.3,PR_NDC_PriceOnly,12.4987706,14.283798,15.2146735,16.1654515,17.1444433,18.0292758,18.9141003,19.7989455,20.6837721,21.5686235,C6,C6: limit warming to 3°C (>50%)
GCAM-PR 5.3,PR_baseline,12.4987706,14.2836232,15.2142185,16.1728445,17.1444433,18.0292758,18.9141003,19.7989455,20.6837721,21.5686235,C7,C7: limit warming to 4°C (>50%)
GCAM-PR 5.3,R,12.4987706,14.3325401,15.2598975,22.174943779768455,24.379702891474604,25.902376644156757,27.280806393032176,28.372420627857878,29.380657295549387,29.85272109512546,no-climate-assessment,no-climate-assessment
GCAM-PR 5.3,SH,12.4987706,14.2905166,15.2277925,22.174943779768455,24.379702891474604,25.902376644156757,27.280806393032176,28.372420627857878,29.380657295549387,29.85272109512546,no-climate-assessment,no-climate-assessment
GCAM5.2_NET,GCAM_1.5C_high_os_high-cost-DAC,12.39093,12.99713,13.66474,14.60953,15.85423,17.09167,18.31728,19.54204,20.83299,21.45534,failed-vetting,failed-vetting
GCAM5.2_NET,GCAM_1.5C_high_os_low-cost-DAC,12.39093,12.99713,13.66474,14.60953,15.85423,17.01839,18.25347,19.51355,20.83299,21.45534,failed-vetting,failed-vetting
GCAM5.2_NET,GCAM_1.5C_low_os_high-cost-DAC,12.39093,12.99713,13.66474,14.60953,15.82905,17.09853,18.332,19.52815,20.83299,21.4546,failed-vetting,failed-vetting
GCAM5.2_NET,GCAM_1.5C_low_os_low-cost-DAC,12.39093,12.99713,13.66474,14.60953,15.82416,17.03092,18.29968,19.58767,20.83299,21.45295,failed-vetting,failed-vetting
GCAM5.2_NET,GCAM_1.5C_low_os_noDAC,12.39093,12.99713,13.66474,14.60953,15.85423,17.09888,18.34239,19.58775,20.83299,21.45534,failed-vetting,failed-vetting
GEM-E3 V1,CD-LINKS_INDCi,12.65631465491104,19.43569074268047,19.62426740014447,19.64195577296019,19.80844577237409,25.902376644156757,27.280806393032176,28.372420627857878,29.380657295549387,29.85272109512546,failed-vetting,failed-vetting
GEM-E3 V1,CD-LINKS_INDCi_recGenTaxation,7.40167440785779,13.61574178926502,16.6073652304738,19.98487693292972,22.60250486801548,25.902376644156757,27.280806393032176,28.372420627857878,29.380657295549387,29.85272109512546,no-climate-assessment,no-climate-assessment
GEM-E3 V1,CD-LINKS_INDCi_recSocialSecurity,7.40167440785779,13.61574177453688,16.60908294324148,19.99010408171948,22.60708708303362,25.902376644156757,27.280806393032176,28.372420627857878,29.380657295549387,29.85272109512546,no-climate-assessment,no-climate-assessment
GEM-E3 V1,CD-LINKS_NPi,12.65631465491104,19.43159651868009,19.0390953378624,19.08211301085756,19.69491031465407,25.902376644156757,27.280806393032176,28.372420627857878,29.380657295549387,29.85272109512546,failed-vetting,failed-vetting
GEM-E3 V1,CD-LINKS_NPi2020_1000,12.65631465491104,19.43155081249795,20.16488385256301,20.25418211048691,20.12841051407771,25.902376644156757,27.280806393032176,28.372420627857878,29.380657295549387,29.85272109512546,failed-vetting,failed-vetting
GEM-E3 V1,CD-LINKS_NPi2020_1000_recGenTaxation,7.40167440785779,13.61876741026254,20.16404657029878,25.66283253043561,27.97594346899665,25.902376644156757,27.280806393032176,28.372420627857878,29.380657295549387,29.85272109512546,no-climate-assessment,no-climate-assessment
GEM-E3 V1,CD-LINKS_NPi2020_1000_recSocialSecurity,7.40167440785779,13.61876745648626,20.16898719074036,25.63854639671024,27.86933285259983,25.902376644156757,27.280806393032176,28.372420627857878,29.380657295549387,29.85272109512546,no-climate-assessment,no-climate-assessment
GEM-E3 V1,CD-LINKS_NPi2020_1600,12.65631465491104,19.43155081249795,19.72692261385201,20.14168811196755,19.71657564298508,25.902376644156757,27.280806393032176,28.372420627857878,29.380657295549387,29.85272109512546,failed-vetting,failed-vetting
GEM-E3 V1,CD-LINKS_NPi2020_400,12.65631465491104,19.43186845549212,20.80375150697228,21.94277718975981,21.85568454326591,25.902376644156757,27.280806393032176,28.372420627857878,29.380657295549387,29.85272109512546,failed-vetting,failed-vetting
GEM-E3 V1,CD-LINKS_NPi2020_400_recGenTaxation,7.40167440785779,13.61876738980342,18.77220349128773,25.69040111140088,29.1177384830322,25.902376644156757,27.280806393032176,28.372420627857878,29.380657295549387,29.85272109512546,failed-vetting,failed-vetting
GEM-E3 V1,CD-LINKS_NPi2020_400_recSocialSecurity,7.40167440785779,13.61876739523192,18.85004344141926,25.75736589974555,28.99593322568698,25.902376644156757,27.280806393032176,28.372420627857878,29.380657295549387,29.85272109512546,failed-vetting,failed-vetting
GEM-E3_V2021,EN_INDCi2030_1000,12.197682082219373,18.27767379151461,21.82714996710129,31.32473275277651,43.69945415657139,53.35690271320549,58.64829817553572,60.70441356934705,60.93807454724661,64.40886568481875,C3,C3: limit warming to 2°C (>67%)
GEM-E3_V2021,EN_INDCi2030_1000_COV,12.197682082219373,17.01443133352037,20.65861808212678,29.19084462128281,40.75097197781793,50.23969898397815,56.73690030562363,57.9630883994435,57.24570340482931,60.5383809593626,C3,C3: limit warming to 2°C (>67%)
GEM-E3_V2021,EN_INDCi2030_1000_COV_NDCp,12.197682082219373,17.01443133283327,21.2872524620429,28.83882319240912,39.96335532409914,49.93666985411095,56.23299136256831,58.21685622799738,57.62791245318411,60.8295559132363,C3,C3: limit warming to 2°C (>67%)
GEM-E3_V2021,EN_INDCi2030_1000_NDCp,12.197682082219373,18.27767379151461,22.48934644917998,31.43741473431846,43.86453049821299,53.33634188507499,58.92391958678506,61.09350369643213,61.09595626998843,63.85504665087419,C3,C3: limit warming to 2°C (>67%)
GEM-E3_V2021,EN_INDCi2030_1000f,12.197682082219373,18.27767379151461,21.82714996710129,28.86288324912374,38.32403798279869,51.04248658282936,59.9806530550006,64.15878486071747,63.6976198727973,65.40525070712816,C4,C4: limit warming to 2°C (>50%)
GEM-E3_V2021,EN_INDCi2030_1000f_COV,12.197682082219373,17.01443133352037,20.65861808212678,27.33388415256062,35.96545765475923,47.48438676169582,56.13286858337186,59.96940909023967,60.50991682725282,61.87169853705053,C3,C3: limit warming to 2°C (>67%)
GEM-E3_V2021,EN_INDCi2030_1000f_COV_NDCp,12.197682082219373,17.01443133283327,21.2872524620429,27.47590167152553,35.81000289718885,47.30203111219755,55.96965000490984,59.94012999581543,60.47138004454033,61.59109209382775,C3,C3: limit warming to 2°C (>67%)
GEM-E3_V2021,EN_INDCi2030_1000f_NDCp,12.197682082219373,18.27767379151461,22.48934644917998,29.01371283008172,38.08415819418786,50.24599587234086,59.79344817231572,64.0347792774484,63.93417193281036,65.28189000065044,C4,C4: limit warming to 2°C (>50%)
GEM-E3_V2021,EN_INDCi2030_1400,12.197682082219373,18.27767379151461,21.82714996710129,27.83401968711961,33.60257750260919,43.16360871388251,53.88932393838573,61.08240021127001,62.11143591557494,64.02323511166927,C4,C4: limit warming to 2°C (>50%)
GEM-E3_V2021,EN_INDCi2030_1400f,12.197682082219373,18.27767379151461,21.82714996710129,27.83401968711961,33.60257750260919,42.82295337406818,53.45728516300088,60.78288620741891,62.10761286036111,65.6268845595086,C4,C4: limit warming to 2°C (>50%)
GEM-E3_V2021,EN_INDCi2030_1800,12.197682082219373,18.27767379151461,21.82714996710129,26.6897529831618,30.82505545527712,35.50334208726359,42.62502249869705,52.37981721750216,58.61943977823498,64.95643066933019,C5,C5: limit warming to 2.5°C (>50%)
GEM-E3_V2021,EN_INDCi2030_1800f,12.197682082219373,18.27767379151461,21.82714996710129,26.6897529831618,30.82505545527712,35.50334208726359,42.62502249869705,52.37981721750216,58.61943977823498,64.95643066933019,C5,C5: limit warming to 2.5°C (>50%)
GEM-E3_V2021,EN_INDCi2030_600f,12.197682082219373,18.27767379151461,21.82714996710129,35.5817631493121,50.04616460993826,58.06721373460545,64.0824565633744,64.64335377310633,65.52955438751607,67.78147405483126,C2,C2: return warming to 1.5°C (>50%) after a high overshoot
GEM-E3_V2021,EN_INDCi2030_600f_COV,12.197682082219373,17.01443133352037,20.65861808212678,32.65558764373638,47.37857763115031,55.15524506177979,60.53332354455802,60.98487695507949,61.83943273189277,64.00644862602134,C2,C2: return warming to 1.5°C (>50%) after a high overshoot
GEM-E3_V2021,EN_INDCi2030_600f_COV_NDCp,12.197682082219373,17.01443133283327,21.2872524620429,32.66053952038622,47.22850726497014,55.14611356105257,60.46661769285482,61.37316567664176,62.16570906256845,64.05011797900073,C2,C2: return warming to 1.5°C (>50%) after a high overshoot
GEM-E3_V2021,EN_INDCi2030_600f_NDCp,12.197682082219373,18.27767379151461,22.48934644917998,34.69648356395172,50.0282559247324,58.25814747056045,64.24437773173764,65.00301917089782,65.8612466145299,67.81819899680978,C2,C2: return warming to 1.5°C (>50%) after a high overshoot
GEM-E3_V2021,EN_INDCi2030_800,12.197682082219373,18.27767379151461,21.82714996710129,39.34879057009668,52.26511212274848,56.70704954947193,62.85559149723174,64.41674458408421,64.57303100873614,66.73328819746654,C3,C3: limit warming to 2°C (>67%)
GEM-E3_V2021,EN_INDCi2030_800f,12.197682082219373,18.27767379151461,21.82714996710129,32.05774725011216,47.23432831005503,56.99946506339224,63.16542256016022,66.20553638825058,67.0777385189073,68.54229395874017,C2,C2: return warming to 1.5°C (>50%) after a high overshoot
GEM-E3_V2021,EN_INDCi2100,12.197682082219373,18.27767379151461,21.82714996710129,24.44061050798623,26.44910253158489,28.21172630211736,28.83961535413839,29.06564322603896,29.25719640988133,28.94152791225549,C7,C7: limit warming to 4°C (>50%)
GEM-E3_V2021,EN_INDCi2100_COV,12.197682082219373,17.01443133352037,20.65861808212678,22.97602250122534,24.91264735795812,26.68894835551346,27.19015729490563,27.35139182912069,27.32829155974853,27.03591507264692,C6,C6: limit warming to 3°C (>50%)
GEM-E3_V2021,EN_INDCi2100_COV_NDCp,12.197682082219373,17.01443133283327,21.2872524620429,23.89705577138574,25.84867714841454,27.36948607676977,28.0726681355908,27.85689180473273,28.0962459135357,29.43064991682824,C6,C6: limit warming to 3°C (>50%)
GEM-E3_V2021,EN_INDCi2100_NDCp,12.197682082219373,18.27767379151461,22.48934644917998,25.21805350969203,27.24143518709947,28.94456378456773,29.72341927126893,29.53031223566004,30.00608057140325,30.40802781112331,C6,C6: limit warming to 3°C (>50%)
GEM-E3_V2021,EN_NPi2020_1000,12.197682082219373,18.27767376831339,24.12865320232365,29.63997905317535,39.11622370355728,52.33408975063861,60.33747537998409,62.42391587023911,62.6179467181715,65.21202383502748,C3,C3: limit warming to 2°C (>67%)
GEM-E3_V2021,EN_NPi2020_1000_COV,12.197682082219373,17.01443133352037,22.08707511826661,27.5639712351361,35.92156248696331,47.94992486551924,56.16047878980397,58.32052856196783,57.99999606122208,60.0678171089106,C3,C3: limit warming to 2°C (>67%)
GEM-E3_V2021,EN_NPi2020_1000f,12.197682082219373,18.27767378194981,22.74835397429513,28.40401662324403,37.02952935869946,49.76179428034279,59.30531188095743,62.93412518236282,63.55927578097666,65.06448781291074,C4,C4: limit warming to 2°C (>50%)
GEM-E3_V2021,EN_NPi2020_1000f_COV,12.197682082219373,17.01443133352037,21.56703386769739,26.81197786919875,34.35544395021001,46.57823453635964,55.64646898969991,59.35251770507762,59.96415313218839,63.52811001862469,C3,C3: limit warming to 2°C (>67%)
GEM-E3_V2021,EN_NPi2020_1400,12.197682082219373,18.27767379912197,22.66332542400708,27.36614726328821,32.7826260732236,42.03473200608224,50.54967868841483,59.45976306962505,62.15130155035884,64.17443436226077,C5,C5: limit warming to 2.5°C (>50%)
GEM-E3_V2021,EN_NPi2020_1400f,12.197682082219373,18.27767379912197,22.66332542400708,27.36614726328821,32.7826260732236,41.84408865928307,50.45180846936049,59.29685800359417,62.07418957126956,66.01281572822906,C4,C4: limit warming to 2°C (>50%)
GEM-E3_V2021,EN_NPi2020_1800,12.197682082219373,18.27767379912197,22.63429542764975,26.57996856602964,30.14467953658677,33.53294566370834,41.20575343059603,50.48499393435876,55.79464409478307,65.39633104637309,C5,C5: limit warming to 2.5°C (>50%)
GEM-E3_V2021,EN_NPi2020_1800f,12.197682082219373,18.27767379912197,22.63429542764975,26.57996856602964,30.14467953658677,33.53294566370834,41.20575343059603,50.48499393435876,55.79464409478307,65.39633104637309,C5,C5: limit warming to 2.5°C (>50%)
GEM-E3_V2021,EN_NPi2020_400f,12.197682082219373,18.27767378194981,26.43382946232716,34.0158931455756,46.68865274092659,52.59457707418617,59.59551567511062,61.02273948679046,62.65551475997633,61.38997495988365,C2,C2: return warming to 1.5°C (>50%) after a high overshoot
GEM-E3_V2021,EN_NPi2020_500,12.197682082219373,18.27767376831339,30.00578399161287,45.47950428476923,48.76203083228935,51.15350226701187,55.82383191565005,56.38518922227118,58.38979829792268,58.12625875979783,C1,C1: limit warming to 1.5°C (>50%) with no or limited overshoot
GEM-E3_V2021,EN_NPi2020_500f,12.197682082219373,18.27767378194981,25.68792637440369,33.09495090284565,44.68182282016495,51.85204406556397,59.15486216062378,61.1621636856302,62.92065941699694,61.72644814564583,C2,C2: return warming to 1.5°C (>50%) after a high overshoot
GEM-E3_V2021,EN_NPi2020_600,12.197682082219373,18.27767376831339,27.86588349059988,41.02446850994532,48.94891784411597,52.63140806648429,56.9032947738536,57.42293976686527,59.46024121756611,63.35112245278707,C2,C2: return warming to 1.5°C (>50%) after a high overshoot
GEM-E3_V2021,EN_NPi2020_600_COV,12.197682082219373,17.01443133352037,26.00720933306658,37.3944106606432,47.81620988030885,53.37777916972394,57.10057661265171,59.50756805921606,60.61619550609721,62.52885207809441,C1,C1: limit warming to 1.5°C (>50%) with no or limited overshoot
GEM-E3_V2021,EN_NPi2020_600f,12.197682082219373,18.27767378194981,25.34473329059612,31.94613732925537,43.45946981480952,51.17666130235151,59.15713500179211,61.14726424288833,63.29495223513926,63.00469316008438,C2,C2: return warming to 1.5°C (>50%) after a high overshoot
GEM-E3_V2021,EN_NPi2020_600f_COV,12.197682082219373,17.01443133352037,24.37720589762517,31.18544017956354,41.97924536880338,54.55033510006258,59.40290497750866,62.60019538057306,63.23120362400778,64.45271870401157,C2,C2: return warming to 1.5°C (>50%) after a high overshoot
GEM-E3_V2021,EN_NPi2020_800,12.197682082219373,18.27767376831339,25.77889430705443,33.69210101791693,45.7189499554221,52.04210132247103,57.03943213582119,59.46147213021253,60.39241868402109,63.99194260473415,C3,C3: limit warming to 2°C (>67%)
GEM-E3_V2021,EN_NPi2020_800f,12.197682082219373,18.27767378194981,24.59397456473946,29.94965647023225,39.16883452529338,51.21582989914508,59.69402441986725,62.82326084061208,63.28772345982712,63.64207210635156,C3,C3: limit warming to 2°C (>67%)
GEM-E3_V2021,EN_NPi2100,12.197682082219373,18.27767379151461,21.55451646161069,23.31063160024064,25.16139649417354,26.2271505225614,27.1710662518922,27.51035163008028,28.02040217584772,27.65520074629124,C7,C7: limit warming to 4°C (>50%)
GEM-E3_V2021,EN_NPi2100_COV,12.197682082219373,17.01443133352037,20.40801338507079,22.05431621563094,23.81905007907183,24.76772917770398,25.64626342102227,25.90999701428811,26.33939459495506,25.99038131876184,C7,C7: limit warming to 4°C (>50%)
GEMINI-E3 7.0,PR_Baseline,12.197682082219373,15.6555311804,17.4004999725,19.4221736734,21.778057296,25.902376644156757,27.280806393032176,28.372420627857878,29.380657295549387,29.85272109512546,no-climate-assessment,no-climate-assessment
GEMINI-E3 7.0,PR_CP_Intensity,12.197682082219373,15.8716296919,18.8454678273,21.084632636,23.7099118698,25.902376644156757,27.280806393032176,28.372420627857878,29.380657295549387,29.85272109512546,no-climate-assessment,no-climate-assessment
GEMINI-E3 7.0,PR_CP_Price,12.197682082219373,15.8716296919,18.8454678273,21.084632636,23.7099118698,25.902376644156757,27.280806393032176,28.372420627857878,29.380657295549387,29.85272109512546,no-climate-assessment,no-climate-assessment
GEMINI-E3 7.0,PR_CP_PriceOnly,12.197682082219373,15.6555311804,17.4004999725,19.4221736734,21.778057296,25.902376644156757,27.280806393032176,28.372420627857878,29.380657295549387,29.85272109512546,no-climate-assessment,no-climate-assessment
GEMINI-E3 7.0,PR_NDC_Intensity,12.197682082219373,15.8716296919,18.8454678273,21.084632636,23.7099118698,25.902376644156757,27.280806393032176,28.372420627857878,29.380657295549387,29.85272109512546,no-climate-assessment,no-climate-assessment
GEMINI-E3 7.0,PR_NDC_Price,12.197682082219373,15.8716296919,18.8454678273,21.084632636,23.7099118698,25.902376644156757,27.280806393032176,28.372420627857878,29.380657295549387,29.85272109512546,no-climate-assessment,no-climate-assessment
GENeSYS-MOD 1.0,1,12.197682082219373,17.865,24.766,29.597,30.902,25.902376644156757,27.280806393032176,28.372420627857878,29.380657295549387,29.85272109512546,no-climate-assessment,no-climate-assessment
GMM-17,Hard_Rock,12.41997,16.44221,16.87118,19.02897,21.82722,24.42864,27.280806393032176,28.372420627857878,29.380657295549387,29.85272109512546,no-climate-assessment,no-climate-assessment
GMM-17,Modern_Jazz,12.41997,16.1636,17.63841,19.75821,21.90445,23.54336,27.280806393032176,28.372420627857878,29.380657295549387,29.85272109512546,no-climate-assessment,no-climate-assessment
GMM-17,Symphony_1.5C,12.38764,16.35768,19.16674,22.38091,26.98139,32.15033,27.280806393032176,28.372420627857878,29.380657295549387,29.85272109512546,no-climate-assessment,no-climate-assessment
GMM-17,Unfinished_Symphony,12.41997,16.7409,19.39518,22.07326,25.74956000000001,27.57452,27.280806393032176,28.372420627857878,29.380657295549387,29.85272109512546,no-climate-assessment,no-climate-assessment
GRAPE-15 1.0,EMF33_1.5C_cost100,12.375,12.7737,12.5389,12.8927,13.4443,14.0659,14.7445,15.4817,16.1417,16.9488,failed-vetting,failed-vetting
GRAPE-15 1.0,EMF33_1.5C_full,12.375,12.7662,12.531,12.8648,13.397,14.0117,14.7122,15.4479,16.1061,16.9114,failed-vetting,failed-vetting
GRAPE-15 1.0,EMF33_1.5C_nofuel,12.375,12.7693,12.5342,12.97,13.4989,14.1277,14.8341,15.5758,16.2404,17.0524,failed-vetting,failed-vetting
GRAPE-15 1.0,EMF33_Baseline,12.375,12.3442,12.387,12.47,12.921,13.2837,13.6156,13.8862,14.1745,14.5308,failed-vetting,failed-vetting
GRAPE-15 1.0,EMF33_Med2C_cost100,12.375,12.6381,12.9242,13.4913,14.0961,14.6692,15.1166,15.6976,16.2289,16.7868,failed-vetting,failed-vetting
GRAPE-15 1.0,EMF33_Med2C_full,12.375,12.6391,12.9705,13.4913,14.0961,14.6692,15.1916,15.6976,16.2289,16.7868,failed-vetting,failed-vetting
GRAPE-15 1.0,EMF33_Med2C_limbio,12.375,12.6468,13.2791,13.9431,14.6402,15.3723,16.0692,16.7585,17.4823,18.2423,failed-vetting,failed-vetting
GRAPE-15 1.0,EMF33_Med2C_nobeccs,12.375,12.7498,13.3873,14.0567,14.7595,15.4975,16.2007,16.8966,17.6273,18.3945,failed-vetting,failed-vetting
GRAPE-15 1.0,EMF33_Med2C_nofuel,12.375,12.6396,12.9707,13.4913,14.0961,14.6692,15.1916,15.6976,16.2289,16.7868,failed-vetting,failed-vetting
GRAPE-15 1.0,EMF33_Med2C_none,12.375,12.7488,13.3863,14.0556,14.7583,15.4963,16.1994,16.8953,17.74,18.627,failed-vetting,failed-vetting
GRAPE-15 1.0,EMF33_WB2C_cost100,12.375,12.6428,13.2749,13.5072,13.933,14.5776,15.1827,15.7625,16.2943,16.99,failed-vetting,failed-vetting
GRAPE-15 1.0,EMF33_WB2C_full,12.375,12.6428,13.2749,13.5072,13.906,14.5492,15.1529,15.7443,16.2844,16.8759,failed-vetting,failed-vetting
GRAPE-15 1.0,EMF33_WB2C_limbio,12.375,12.5663,13.1946,13.8543,14.547,15.2744,16.0381,16.84,17.68200000000001,18.5661,failed-vetting,failed-vetting
GRAPE-15 1.0,EMF33_WB2C_nofuel,12.375,12.6428,13.2749,13.5072,13.8839,14.526,15.1286,15.7123,16.2697,16.8759,failed-vetting,failed-vetting
GRAPE-15 1.0,EMF33_tax_hi_full,12.375,12.3634,12.9816,13.5239,14.148,14.7304,15.2416,15.8895,16.3823,17.1151,failed-vetting,failed-vetting
GRAPE-15 1.0,EMF33_tax_hi_none,12.375,12.3668,12.9851,13.6344,14.3161,15.0319,15.7119,16.3833,16.7558,17.5148,failed-vetting,failed-vetting
GRAPE-15 1.0,EMF33_tax_lo_full,12.375,12.319,12.9282,13.4804,14.1544,14.7553,15.2141,15.7213,16.2122,16.8214,failed-vetting,failed-vetting
GRAPE-15 1.0,EMF33_tax_lo_none,12.375,12.319,12.9282,13.4804,14.1023,14.7553,15.4214,16.0698,16.7505,17.4739,failed-vetting,failed-vetting
ICES-XPS 1.0,CSH,12.197682082219373,30.95174636643999,61.9923391773,22.174943779768455,24.379702891474604,25.902376644156757,27.280806393032176,28.372420627857878,29.380657295549387,29.85272109512546,failed-vetting,failed-vetting
ICES-XPS 1.0,PCSH,12.197682082219373,30.91826557666,61.8681920639,22.174943779768455,24.379702891474604,25.902376644156757,27.280806393032176,28.372420627857878,29.380657295549387,29.85272109512546,failed-vetting,failed-vetting
ICES-XPS 1.0,PR_Baseline,12.197682082219373,22.99252339372,53.00074975891998,103.53821601029,193.62965613803,25.902376644156757,27.280806393032176,28.372420627857878,29.380657295549387,29.85272109512546,failed-vetting,failed-vetting
ICES-XPS 1.0,PR_CP_Intensity,12.197682082219373,23.03200455183,54.1262399993,103.3674303228,175.0384741107,25.902376644156757,27.280806393032176,28.372420627857878,29.380657295549387,29.85272109512546,failed-vetting,failed-vetting
ICES-XPS 1.0,PR_CP_Price,12.197682082219373,23.02999895973,53.3266488193,99.0773913142,162.5103068394,25.902376644156757,27.280806393032176,28.372420627857878,29.380657295549387,29.85272109512546,failed-vetting,failed-vetting
ICES-XPS 1.0,PR_CP_PriceOnly,12.197682082219373,23.02999895973,53.12513436026,117.42767065557,214.65599078551,25.902376644156757,27.280806393032176,28.372420627857878,29.380657295549387,29.85272109512546,failed-vetting,failed-vetting
ICES-XPS 1.0,PR_NDC_Intensity,12.197682082219373,23.16215967674,58.62456256500001,119.2660191286,204.301466205,25.902376644156757,27.280806393032176,28.372420627857878,29.380657295549387,29.85272109512546,failed-vetting,failed-vetting
ICES-XPS 1.0,PR_NDC_Price,12.197682082219373,23.17625242921001,58.4472000315,114.9261250415,182.4230701019,25.902376644156757,27.280806393032176,28.372420627857878,29.380657295549387,29.85272109512546,failed-vetting,failed-vetting
ICES-XPS 1.0,PR_NDC_PriceOnly,12.197682082219373,23.17625242921001,58.83351262102001,123.57012452529,226.0407812203601,25.902376644156757,27.280806393032176,28.372420627857878,29.380657295549387,29.85272109512546,failed-vetting,failed-vetting
ICES-XPS 1.0,R,12.197682082219373,26.76204137987999,61.15522990389999,22.174943779768455,24.379702891474604,25.902376644156757,27.280806393032176,28.372420627857878,29.380657295549387,29.85272109512546,failed-vetting,failed-vetting
ICES-XPS 1.0,SH,12.197682082219373,26.76204137987999,61.15522990389999,22.174943779768455,24.379702891474604,25.902376644156757,27.280806393032176,28.372420627857878,29.380657295549387,29.85272109512546,failed-vetting,failed-vetting
IEA Energy Technology Perspectives Model 2020,B2DS,12.39565728511653,15.4962,20.13739963090822,24.49457984858316,28.21784053964357,31.75661996666409,35.1912537118258,28.372420627857878,29.380657295549387,29.85272109512546,no-climate-assessment,no-climate-assessment
IMACLIM 1.1,ADVANCE_2020_1.5C-2100_WP6,9.496,9.982,10.74,10.89,10.6,25.902376644156757,27.280806393032176,28.372420627857878,29.380657295549387,29.85272109512546,no-climate-assessment,no-climate-assessment
IMACLIM 1.1,ADVANCE_2020_Med2C_WP6,9.496,10.31,10.95,11.76,11.27,25.902376644156757,27.280806393032176,28.372420627857878,29.380657295549387,29.85272109512546,failed-vetting,failed-vetting
IMACLIM 1.1,ADVANCE_2020_WB2C_WP6,9.496,10.16,10.86,11.73,10.91,25.902376644156757,27.280806393032176,28.372420627857878,29.380657295549387,29.85272109512546,no-climate-assessment,no-climate-assessment
IMACLIM 1.1,ADVANCE_2030_Med2C_WP6,9.494,10.44,10.74,11.12,10.93,25.902376644156757,27.280806393032176,28.372420627857878,29.380657295549387,29.85272109512546,failed-vetting,failed-vetting
IMACLIM 1.1,ADVANCE_2030_Price1.5C_WP6,9.494,10.44,10.55,11.18,11.14,25.902376644156757,27.280806393032176,28.372420627857878,29.380657295549387,29.85272109512546,failed-vetting,failed-vetting
IMACLIM 1.1,ADVANCE_2030_WB2C_WP6,9.494,10.44,10.62,11.03,11.21,25.902376644156757,27.280806393032176,28.372420627857878,29.380657295549387,29.85272109512546,failed-vetting,failed-vetting
IMACLIM 1.1,ADVANCE_INDC_WP6,9.494,10.44,10.92,10.58,10.03,25.902376644156757,27.280806393032176,28.372420627857878,29.380657295549387,29.85272109512546,failed-vetting,failed-vetting
IMACLIM 1.1,ADVANCE_NoPolicy_WP6,9.557,10.62,11.19,10.86,10.59,25.902376644156757,27.280806393032176,28.372420627857878,29.380657295549387,29.85272109512546,no-climate-assessment,no-climate-assessment
IMACLIM 1.1,ADVANCE_Reference_WP6,9.496,10.46,10.84,10.68,10.42,25.902376644156757,27.280806393032176,28.372420627857878,29.380657295549387,29.85272109512546,failed-vetting,failed-vetting
IMACLIM 1.1,SSP1_NoPolicy_TranspBase,9.455,10.13,10.73,10.67,10.59,9.994,9.609,9.226,29.380657295549387,29.85272109512546,no-climate-assessment,no-climate-assessment
IMACLIM 1.1,SSP1_NoPolicy_TranspOpt,9.468,10.15,10.92,11.0,11.22,10.67,10.32,10.0,29.380657295549387,29.85272109512546,no-climate-assessment,no-climate-assessment
IMACLIM 1.1,SSP1_RCP34_TranspBase,9.02,9.324,9.276,10.03,10.28,9.279,9.129,28.372420627857878,29.380657295549387,29.85272109512546,failed-vetting,failed-vetting
IMACLIM 1.1,SSP1_RCP34_TranspOpt,9.066,9.529,9.731,10.61,10.43,9.428,9.434,9.089,29.380657295549387,29.85272109512546,failed-vetting,failed-vetting
IMACLIM 1.1,SSP1_RCP45_TranspBase,9.031,9.8,10.7,10.73,10.01,8.7,8.667,9.014,29.380657295549387,29.85272109512546,failed-vetting,failed-vetting
IMACLIM 1.1,SSP1_RCP45_TranspOpt,9.072,9.873,10.73,10.82,10.52,9.513,9.42,9.96,29.380657295549387,29.85272109512546,failed-vetting,failed-vetting
IMACLIM 1.1,SSP3_NoPolicy_TranspBase,9.701,11.17,12.31,13.44,14.29,14.3,14.2,13.93,29.380657295549387,29.85272109512546,no-climate-assessment,no-climate-assessment
IMACLIM 1.1,SSP3_NoPolicy_TranspOpt,9.717,11.19,12.37,13.5,14.38,14.42,14.26,14.18,29.380657295549387,29.85272109512546,no-climate-assessment,no-climate-assessment
IMACLIM 1.1,SSP3_NoPolicy_Transp_111,9.259,10.2,10.83,10.97,10.69,10.01,9.511,9.256,29.380657295549387,29.85272109512546,no-climate-assessment,no-climate-assessment
IMACLIM 1.1,SSP3_NoPolicy_Transp_112,9.26,10.2,10.83,10.98,10.7,10.02,9.478,9.275,29.380657295549387,29.85272109512546,no-climate-assessment,no-climate-assessment
IMACLIM 1.1,SSP3_NoPolicy_Transp_121,9.266,10.19,10.84,10.99,10.69,10.02,9.487,9.306,29.380657295549387,29.85272109512546,no-climate-assessment,no-climate-assessment
IMACLIM 1.1,SSP3_NoPolicy_Transp_211,9.259,10.2,10.84,10.99,10.7,10.06,9.554,9.359,29.380657295549387,29.85272109512546,no-climate-assessment,no-climate-assessment
IMACLIM 1.1,SSP3_NoPolicy_Transp_222,9.267,10.18,10.83,10.99,10.72,10.11,9.606,9.413,29.380657295549387,29.85272109512546,no-climate-assessment,no-climate-assessment
IMACLIM 1.1,SSP3_RCP26_Transp_111,9.144,9.255,8.09,8.33,9.917,25.902376644156757,27.280806393032176,28.372420627857878,29.380657295549387,29.85272109512546,no-climate-assessment,no-climate-assessment
IMACLIM 1.1,SSP3_RCP26_Transp_112,9.145,9.268,8.144,8.521,10.23,25.902376644156757,27.280806393032176,28.372420627857878,29.380657295549387,29.85272109512546,no-climate-assessment,no-climate-assessment
IMACLIM 1.1,SSP3_RCP26_Transp_121,9.166,9.348,8.225,8.522,10.27,10.63,27.280806393032176,28.372420627857878,29.380657295549387,29.85272109512546,no-climate-assessment,no-climate-assessment
IMACLIM 1.1,SSP3_RCP26_Transp_211,9.156,9.3,8.184,8.547,10.4,10.79,27.280806393032176,28.372420627857878,29.380657295549387,29.85272109512546,no-climate-assessment,no-climate-assessment
IMACLIM 1.1,SSP3_RCP26_Transp_222,9.177,9.399,8.33,8.931,10.9,10.99,27.280806393032176,28.372420627857878,29.380657295549387,29.85272109512546,no-climate-assessment,no-climate-assessment
IMACLIM 1.1,SSP3_RCP34_TranspBase,9.465,10.24,10.88,13.19,13.63,12.19,10.88,11.65,29.380657295549387,29.85272109512546,failed-vetting,failed-vetting
IMACLIM 1.1,SSP3_RCP34_TranspOpt,9.508,10.37,11.22,13.43,13.95,12.8,11.94,12.78,29.380657295549387,29.85272109512546,failed-vetting,failed-vetting
IMACLIM 1.1,SSP3_RCP34_Transp_111,9.154,9.733,9.888,10.48,10.35,9.199,8.838,11.01,29.380657295549387,29.85272109512546,no-climate-assessment,no-climate-assessment
IMACLIM 1.1,SSP3_RCP34_Transp_112,9.155,9.742,9.916,10.5,10.35,9.266,9.232,11.95,29.380657295549387,29.85272109512546,no-climate-assessment,no-climate-assessment
IMACLIM 1.1,SSP3_RCP34_Transp_121,9.176,9.819,10.02,10.52,10.38,9.37,9.338,12.1,29.380657295549387,29.85272109512546,no-climate-assessment,no-climate-assessment
IMACLIM 1.1,SSP3_RCP34_Transp_211,9.17,9.77,9.956,10.51,10.4,9.509,9.637,11.72,29.380657295549387,29.85272109512546,no-climate-assessment,no-climate-assessment
IMACLIM 1.1,SSP3_RCP34_Transp_222,9.191,9.849,10.07,10.55,10.46,9.994,10.01,10.55,29.380657295549387,29.85272109512546,no-climate-assessment,no-climate-assessment
IMACLIM 1.1,SSP3_RCP45_TranspBase,9.476,10.7,12.1,13.34,13.91,13.26,13.04,12.62,29.380657295549387,29.85272109512546,failed-vetting,failed-vetting
IMACLIM 1.1,SSP3_RCP45_TranspOpt,9.526,10.82,12.05,13.33,13.93,13.62,13.42,13.21,29.380657295549387,29.85272109512546,failed-vetting,failed-vetting
IMACLIM 1.1,SSP3_RCP45_Transp_111,9.154,10.04,10.71,10.84,10.36,9.351,8.447,8.704,29.380657295549387,29.85272109512546,no-climate-assessment,no-climate-assessment
IMACLIM 1.1,SSP3_RCP45_Transp_112,9.155,10.05,10.71,10.85,10.31,9.166,8.399,8.933,29.380657295549387,29.85272109512546,no-climate-assessment,no-climate-assessment
IMACLIM 1.1,SSP3_RCP45_Transp_121,9.175,10.11,10.78,10.93,10.38,9.346,8.588,8.664,29.380657295549387,29.85272109512546,no-climate-assessment,no-climate-assessment
IMACLIM 1.1,SSP3_RCP45_Transp_211,9.172,10.09,10.75,10.88,10.37,9.291,8.685,9.385,29.380657295549387,29.85272109512546,no-climate-assessment,no-climate-assessment
IMACLIM 1.1,SSP3_RCP45_Transp_222,9.191,10.14,10.81,10.96,10.4,9.461,8.859,9.51,29.380657295549387,29.85272109512546,no-climate-assessment,no-climate-assessment
IMACLIM 1.1,base_DemandHigh_FossilHigh_TechHigh,9.64,10.74,11.49,12.16,13.1,25.902376644156757,27.280806393032176,28.372420627857878,29.380657295549387,29.85272109512546,failed-vetting,failed-vetting
IMACLIM 1.1,base_DemandHigh_FossilLow_TechHigh,9.704,10.14,10.13,9.541,9.245,25.902376644156757,27.280806393032176,28.372420627857878,29.380657295549387,29.85272109512546,failed-vetting,failed-vetting
IMACLIM 1.1,base_DemandHigh_FossilLow_TechLow,9.615,10.33,11.0,11.52,12.21,25.902376644156757,27.280806393032176,28.372420627857878,29.380657295549387,29.85272109512546,no-climate-assessment,no-climate-assessment
IMACLIM 1.1,base_DemandLow_FossilHigh_TechHigh,9.558,10.41,10.43,9.567,9.068,25.902376644156757,27.280806393032176,28.372420627857878,29.380657295549387,29.85272109512546,failed-vetting,failed-vetting
IMACLIM 1.1,base_DemandLow_FossilHigh_TechLow,9.472,10.79,11.87,12.68,13.47,25.902376644156757,27.280806393032176,28.372420627857878,29.380657295549387,29.85272109512546,no-climate-assessment,no-climate-assessment
IMACLIM 1.1,base_DemandLow_FossilLow_TechHigh,9.541,10.18,10.25,9.545,9.087,25.902376644156757,27.280806393032176,28.372420627857878,29.380657295549387,29.85272109512546,failed-vetting,failed-vetting
IMACLIM 1.1,base_DemandLow_FossilLow_TechLow,9.452,10.48,11.53,12.23,12.72,25.902376644156757,27.280806393032176,28.372420627857878,29.380657295549387,29.85272109512546,no-climate-assessment,no-climate-assessment
IMACLIM 1.1,peak2016_DemandHigh_FossilHigh_TechHigh,9.395,9.109,7.883999999999999,8.889,11.06,25.902376644156757,27.280806393032176,28.372420627857878,29.380657295549387,29.85272109512546,failed-vetting,failed-vetting
IMACLIM 1.1,peak2016_DemandHigh_FossilLow_TechHigh,9.392,9.061,7.762,8.582,10.78,25.902376644156757,27.280806393032176,28.372420627857878,29.380657295549387,29.85272109512546,failed-vetting,failed-vetting
IMACLIM 1.1,peak2016_DemandHigh_FossilLow_TechLow,9.485,8.959,7.579,7.702000000000001,9.003,25.902376644156757,27.280806393032176,28.372420627857878,29.380657295549387,29.85272109512546,failed-vetting,failed-vetting
IMACLIM 1.1,peak2016_DemandLow_FossilHigh_TechHigh,9.515,9.074,7.712000000000001,7.928,9.475,25.902376644156757,27.280806393032176,28.372420627857878,29.380657295549387,29.85272109512546,failed-vetting,failed-vetting
IMACLIM 1.1,peak2016_DemandLow_FossilHigh_TechLow,9.376,9.099,7.955,8.846,11.35,25.902376644156757,27.280806393032176,28.372420627857878,29.380657295549387,29.85272109512546,failed-vetting,failed-vetting
IMACLIM 1.1,peak2016_DemandLow_FossilLow_TechHigh,9.515,9.097,7.732,7.882999999999999,9.498,25.902376644156757,27.280806393032176,28.372420627857878,29.380657295549387,29.85272109512546,failed-vetting,failed-vetting
IMACLIM 1.1,peak2016_DemandLow_FossilLow_TechLow,9.383,9.084,7.855,8.645,11.05,25.902376644156757,27.280806393032176,28.372420627857878,29.380657295549387,29.85272109512546,failed-vetting,failed-vetting
IMACLIM 1.1,peak2020_DemandHigh_FossilHigh_TechHigh,9.395,9.682,8.712,9.306,11.22,25.902376644156757,27.280806393032176,28.372420627857878,29.380657295549387,29.85272109512546,failed-vetting,failed-vetting
IMACLIM 1.1,peak2020_DemandHigh_FossilLow_TechHigh,9.485,9.451,8.222000000000001,7.96,9.05,25.902376644156757,27.280806393032176,28.372420627857878,29.380657295549387,29.85272109512546,failed-vetting,failed-vetting
IMACLIM 1.1,peak2020_DemandHigh_FossilLow_TechLow,9.392,9.634,8.581,9.094,11.13,25.902376644156757,27.280806393032176,28.372420627857878,29.380657295549387,29.85272109512546,failed-vetting,failed-vetting
IMACLIM 1.1,peak2020_DemandLow_FossilHigh_TechHigh,9.515,9.653,8.559,8.322000000000001,9.531,25.902376644156757,27.280806393032176,28.372420627857878,29.380657295549387,29.85272109512546,failed-vetting,failed-vetting
IMACLIM 1.1,peak2020_DemandLow_FossilHigh_TechLow,9.376,9.722,8.943999999999999,9.529,11.9,25.902376644156757,27.280806393032176,28.372420627857878,29.380657295549387,29.85272109512546,failed-vetting,failed-vetting
IMACLIM 1.1,peak2020_DemandLow_FossilLow_TechHigh,9.515,9.638,8.472999999999999,8.191,9.57,25.902376644156757,27.280806393032176,28.372420627857878,29.380657295549387,29.85272109512546,failed-vetting,failed-vetting
IMACLIM 1.1,peak2020_DemandLow_FossilLow_TechLow,9.383,9.714,8.867,9.503,11.81,25.902376644156757,27.280806393032176,28.372420627857878,29.380657295549387,29.85272109512546,failed-vetting,failed-vetting
IMACLIM 1.1,peak2025_DemandHigh_FossilHigh_TechHigh,9.395,9.936,9.756,9.771,11.04,25.902376644156757,27.280806393032176,28.372420627857878,29.380657295549387,29.85272109512546,failed-vetting,failed-vetting
IMACLIM 1.1,peak2025_DemandHigh_FossilLow_TechHigh,9.485,9.685,9.11,8.274,8.93,25.902376644156757,27.280806393032176,28.372420627857878,29.380657295549387,29.85272109512546,failed-vetting,failed-vetting
IMACLIM 1.1,peak2025_DemandHigh_FossilLow_TechLow,9.392,9.887,9.629,9.598,10.96,25.902376644156757,27.280806393032176,28.372420627857878,29.380657295549387,29.85272109512546,failed-vetting,failed-vetting
IMACLIM 1.1,peak2025_DemandLow_FossilHigh_TechHigh,9.515,9.845,9.393,8.592,9.354,25.902376644156757,27.280806393032176,28.372420627857878,29.380657295549387,29.85272109512546,failed-vetting,failed-vetting
IMACLIM 1.1,peak2025_DemandLow_FossilHigh_TechLow,9.376,9.988,10.04,10.06,11.68,25.902376644156757,27.280806393032176,28.372420627857878,29.380657295549387,29.85272109512546,failed-vetting,failed-vetting
IMACLIM 1.1,peak2025_DemandLow_FossilLow_TechHigh,9.515,9.883,9.318,8.357000000000001,9.241,25.902376644156757,27.280806393032176,28.372420627857878,29.380657295549387,29.85272109512546,failed-vetting,failed-vetting
IMACLIM-NLU 1.0,EMF33_Baseline,9.703,10.54,11.25,11.07,11.16,10.55,10.31,10.54,10.84,10.97,no-climate-assessment,no-climate-assessment
IMACLIM-NLU 1.0,EMF33_tax_hi_none,9.703,10.54,10.12,10.3,10.81,10.71,11.06,11.0,10.7,10.34,failed-vetting,failed-vetting
IMACLIM-NLU 1.0,EMF33_tax_lo_none,9.703,10.54,10.75,10.52,10.78,10.37,10.26,10.6,10.66,10.83,failed-vetting,failed-vetting
IMAGE 3.0,CO_2Deg2020,12.387319808,15.837150208,19.29853952,21.927899136,22.71845990400001,23.070560256,23.621169152,24.57601024,25.11316992,25.837389824,C3,C3: limit warming to 2°C (>67%)
IMAGE 3.0,CO_2Deg2030,12.387319808,15.839920128,19.695030272,21.831430144,22.68502016,22.454370304,23.509590016,24.631230464,25.187649536,25.08889088,C3,C3: limit warming to 2°C (>67%)
IMAGE 3.0,CO_BAU,12.387319808,16.28523008,19.649859584,22.04673024,22.805979136,23.559579648,24.439209984,25.261539328,26.08556032000001,26.929451008,C7,C7: limit warming to 4°C (>50%)
IMAGE 3.0,CO_Bridge,12.387319808,16.245149696,19.45859072,21.470519296,22.760429568,23.165210624,24.05670912,24.907569152,25.56285952,26.311190528,C3,C3: limit warming to 2°C (>67%)
IMAGE 3.0,CO_CurPol,12.387319808,15.838000128,19.76877056,22.14569984,22.932539392,23.677140992,24.42070016000001,25.250809856,26.079619072,26.92456038400001,C7,C7: limit warming to 4°C (>50%)
IMAGE 3.0,CO_GPP,12.387319808,16.245149696,19.45859072,21.785960448,22.739709952,23.570229248,24.357920768,25.245700096,26.041131008,26.653069312,C5,C5: limit warming to 2.5°C (>50%)
IMAGE 3.0,CO_NDCplus,12.387319808,15.840770048,19.694290944,21.912070144,22.853179392,23.649370112,24.427270144,25.323259904,25.855320064,26.53822976,C7,C7: limit warming to 4°C (>50%)
IMAGE 3.0,EN_INDCi2030_1000,12.387319808,15.858799616,19.757940736,21.796560896,22.846490624,23.321399296,23.887869952,24.702119936,25.632149504,26.1597696,C4,C4: limit warming to 2°C (>50%)
IMAGE 3.0,EN_INDCi2030_1000f,12.387319808,15.858799616,19.752290304,21.483640832,22.902849536,23.421679616,23.147229184,23.801399296,25.171720192,25.674860544,C4,C4: limit warming to 2°C (>50%)
IMAGE 3.0,EN_INDCi2030_1200,12.387319808,15.858799616,19.756689408,21.041440768,22.867439616,23.505399808,24.29017088,24.770029568,25.654540288,26.322489344,C4,C4: limit warming to 2°C (>50%)
IMAGE 3.0,EN_INDCi2030_1200f,12.387319808,15.858799616,19.752290304,21.760079872,22.871119872,23.587110912,24.163960832,24.43448934400001,25.362429952,26.13012070400001,C4,C4: limit warming to 2°C (>50%)
IMAGE 3.0,EN_INDCi2030_1400,12.387319808,15.858799616,19.756120064,21.44595968,22.870280192,23.503179776,23.94883072,24.784480256,25.711880192,25.890070528,C5,C5: limit warming to 2.5°C (>50%)
IMAGE 3.0,EN_INDCi2030_1400f,12.387319808,15.858799616,19.752290304,21.75234048,22.729029632,23.61261056,24.057370624,24.642199552,24.954200064,25.521719296,C4,C4: limit warming to 2°C (>50%)
IMAGE 3.0,EN_INDCi2030_3000,12.387319808,15.858799616,19.752290304,22.117070848,22.907639808,23.74488064,24.46505984,25.259630592,25.883559936,26.561050624,C6,C6: limit warming to 3°C (>50%)
IMAGE 3.0,EN_INDCi2030_3000f,12.387319808,15.858799616,19.752290304,22.117070848,22.907639808,23.74488064,24.46505984,25.259630592,25.883559936,26.561050624,C6,C6: limit warming to 3°C (>50%)
IMAGE 3.0,EN_INDCi2030_800f,12.387319808,15.858799616,19.752290304,21.811079168,22.839980032,23.08866048,23.40868096,24.403099648,25.160290304,25.47924992,C3,C3: limit warming to 2°C (>67%)
IMAGE 3.0,EN_INDCi2100,12.387319808,15.858799616,19.755649024,21.908750336,22.85138944,23.689310208,24.46723072,25.22243072,25.8721792,26.657189888,C7,C7: limit warming to 4°C (>50%)
IMAGE 3.0,EN_NPi2020_1000,12.387319808,15.858650112,19.589689344,21.8410496,22.81554944,23.397699584,24.036040704,24.836120576,25.450520576,26.043660288,C3,C3: limit warming to 2°C (>67%)
IMAGE 3.0,EN_NPi2020_1000f,12.387319808,15.8587904,19.651190784,21.885659136,22.889439232,23.41843968,24.227729408,24.625240064,25.320849408,26.070239232,C3,C3: limit warming to 2°C (>67%)
IMAGE 3.0,EN_NPi2020_1200,12.387319808,15.858469888,19.653459968,21.379700736,22.81638912,23.48414976,24.233629696,24.647739392,25.694670848,25.959129088,C4,C4: limit warming to 2°C (>50%)
IMAGE 3.0,EN_NPi2020_1200f,12.387319808,15.858650112,19.6932096,21.839200256,22.813759488,23.423879168,23.95181056,24.846700544,25.110849536,25.45958912,C4,C4: limit warming to 2°C (>50%)
IMAGE 3.0,EN_NPi2020_1400,12.387319808,15.858369536,19.67571968,21.75442944000001,22.722629632,23.413110784,23.957440512,24.923920384,25.413289984,26.466830336,C4,C4: limit warming to 2°C (>50%)
IMAGE 3.0,EN_NPi2020_1400f,12.387319808,15.85841971200001,19.740110848,21.892569088,22.748459008,23.566159872,24.257640448,24.91090944,25.127579648,25.89142016000001,C4,C4: limit warming to 2°C (>50%)
IMAGE 3.0,EN_NPi2020_3000,12.387319808,15.766899712,19.768690688,22.074779648,22.945220608,23.742040064,24.463740928,25.259649024,25.892749312,26.549989376,C6,C6: limit warming to 3°C (>50%)
IMAGE 3.0,EN_NPi2020_3000f,12.387319808,15.766899712,19.768690688,22.074779648,22.945220608,23.742040064,24.463740928,25.259649024,25.892749312,26.549989376,C6,C6: limit warming to 3°C (>50%)
IMAGE 3.0,EN_NPi2020_600f,12.387319808,15.859739648,19.236900864,22.202630144,22.684850176,22.92220928,23.431999488,24.251580416,24.570540032,24.898609152,C3,C3: limit warming to 2°C (>67%)
IMAGE 3.0,EN_NPi2020_800,12.387319808,15.858939904,19.39197952,22.135609344,22.616879104,22.709559296,23.77427968000001,24.725069824,25.562259456,26.03474944,C3,C3: limit warming to 2°C (>67%)
IMAGE 3.0,EN_NPi2020_800f,12.387319808,15.8587904,19.56349952,21.888659456,22.761230336,23.43547904,23.965550592,24.711489536,25.314269184,25.804939264,C3,C3: limit warming to 2°C (>67%)
IMAGE 3.0,EN_NPi2100,12.387319808,15.858089984,19.76534016,22.14333030400001,22.93567078400001,23.6731392,24.44548096,25.2591104,26.09540096000001,26.88642048,C7,C7: limit warming to 4°C (>50%)
IMAGE 3.0,EN_NoPolicy,12.387319808,16.28523008,19.649859584,22.04673024,22.805979136,23.559579648,24.439209984,25.261539328,26.08556032000001,26.929451008,C7,C7: limit warming to 4°C (>50%)
IMAGE 3.0.1,ADVANCE_2020_1.5C-2100,12.387319808,16.159939584,17.76769024,21.48690944,22.59325952,22.752350208,23.383830528,24.378200064,25.321719808,26.118119424,C2,C2: return warming to 1.5°C (>50%) after a high overshoot
IMAGE 3.0.1,ADVANCE_2020_Med2C,12.387319808,16.12819968,19.179249664,21.320589312,22.663610368,23.398529024,24.10130022400001,24.514410496,24.76754944,25.748230144,C4,C4: limit warming to 2°C (>50%)
IMAGE 3.0.1,ADVANCE_2020_WB2C,12.387319808,16.136410112,18.157379584,21.268320256,22.601529344,22.39830016,23.322359808,24.499130368,25.335810048,25.635680256,C3,C3: limit warming to 2°C (>67%)
IMAGE 3.0.1,ADVANCE_2030_Med2C,12.387319808,16.124770304,19.357569024,21.347969024,21.92128,23.465709568,23.25901926400001,23.590940672,24.99842048,26.236801024,C4,C4: limit warming to 2°C (>50%)
IMAGE 3.0.1,ADVANCE_2030_WB2C,12.387319808,16.125070336,19.357689856,20.674340864,22.14531072,22.684729344,23.118260224,24.571199488,25.023279104,25.463279616,C3,C3: limit warming to 2°C (>67%)
IMAGE 3.0.1,ADVANCE_INDC,12.387319808,16.124770304,19.355660288,21.85474048,22.55529984,23.523649536,24.21202944,25.11188992,25.949540352,26.824800256,C6,C6: limit warming to 3°C (>50%)
IMAGE 3.0.1,ADVANCE_NoPolicy,12.387319808,16.546029568,19.393019904,21.797720064,22.591700992,23.420250112,24.225499136,25.149200384,26.003310592,26.856710144,C7,C7: limit warming to 4°C (>50%)
IMAGE 3.0.1,ADVANCE_Reference,12.387319808,16.124619776,19.449339904,21.88966912,22.680199168,23.505340416,24.26454016,25.009278976,25.893060608,26.78105088,C7,C7: limit warming to 4°C (>50%)
IMAGE 3.0.1,CD-LINKS_INDC2030i_1600,12.387319808,15.5656704,18.562390016,20.27347968,21.529960448,22.257299456,22.99515904,23.452260352,24.211079168,24.944001024,C4,C4: limit warming to 2°C (>50%)
IMAGE 3.0.1,CD-LINKS_INDCi,12.387319808,15.538639872,18.433140736,20.91986944,21.744750592,22.499930112,23.375640576,24.145340416,24.79235072,25.657260032,C7,C7: limit warming to 4°C (>50%)
IMAGE 3.0.1,CD-LINKS_NDC2030i_1000,12.387319808,15.563370496,18.570090496,20.087699456,21.546129408,21.947219968,22.514059264,23.528450048,24.300640256,24.697370624,C3,C3: limit warming to 2°C (>67%)
IMAGE 3.0.1,CD-LINKS_NPi,12.387319808,15.563029504,18.669840384,21.081880576,21.877110784,22.589259776,23.342589952,24.125620224,24.909930496,25.744969728,C7,C7: limit warming to 4°C (>50%)
IMAGE 3.0.1,CD-LINKS_NPi2020_1000,12.387319808,15.563459584,18.225440768,19.894790144,21.849450496,21.79283968,22.697560064,23.370190848,23.864610816,24.371859456,C3,C3: limit warming to 2°C (>67%)
IMAGE 3.0.1,CD-LINKS_NPi2020_1600,12.387319808,15.563650048,18.339760128,19.97180928,21.739700224,22.307510272,23.005169664,23.644798976,23.817740288,24.599310336,C4,C4: limit warming to 2°C (>50%)
IMAGE 3.0.1,CD-LINKS_NPi2020_400,12.387319808,15.580220416,16.605060096,20.613320704,21.882550272,21.903579136,22.43196928,23.298889728,23.997609984,24.747229184,C2,C2: return warming to 1.5°C (>50%) after a high overshoot
IMAGE 3.0.1,CD-LINKS_NoPolicy,12.387319808,16.033000448,18.72765952,21.010540544,21.770500096,22.506770432,23.2836608,24.142319616,24.941320192,25.755860992,C7,C7: limit warming to 4°C (>50%)
IMAGE 3.0.1,EMF30_BCOC-EndU,12.387319808,16.410269696,19.364050944,21.776410624,22.570600448,23.395260416,24.265490432,25.099180032,26.006759424,26.784919552,C7,C7: limit warming to 4°C (>50%)
IMAGE 3.0.1,EMF30_Baseline,12.387319808,16.410269696,19.359729664,21.776820224,22.57580032,23.39542016,24.265160704,25.099700224,26.006880256,26.785779712,C7,C7: limit warming to 4°C (>50%)
IMAGE 3.0.1,EMF30_CH4-Only,12.387319808,16.410269696,19.359729664,21.776820224,22.57580032,23.39542016,24.265160704,25.099700224,26.006880256,26.785779712,C7,C7: limit warming to 4°C (>50%)
IMAGE 3.0.1,EMF30_ClimPolicy,12.387319808,15.732559872,18.657820672,21.800810496,22.436100096,23.094990848,23.624339456,24.223209472,24.952649728,25.710340096,C3,C3: limit warming to 2°C (>67%)
IMAGE 3.0.1,EMF30_ClimPolicy+SLCF,12.387319808,15.732559872,18.663979008,21.795780608,22.429140992,23.088390144,23.613999104,24.229920768,24.921890816,25.670270976,C3,C3: limit warming to 2°C (>67%)
IMAGE 3.0.1,EMF30_D_BCOC-Red,12.387319808,16.410269696,19.359729664,21.776820224,22.57580032,23.39542016,24.265160704,25.099700224,26.006880256,26.785779712,C7,C7: limit warming to 4°C (>50%)
IMAGE 3.0.1,EMF30_D_CH4-ClimPolicy,12.387319808,16.410269696,19.359729664,21.776820224,22.57580032,23.39542016,24.265160704,25.099700224,26.006880256,26.785779712,C7,C7: limit warming to 4°C (>50%)
IMAGE 3.0.1,EMF30_D_CO2-Only,12.387319808,15.732559872,18.657820672,21.800810496,22.436100096,23.094990848,23.624339456,24.223209472,24.952649728,25.710340096,C5,C5: limit warming to 2.5°C (>50%)
IMAGE 3.0.1,EMF30_D_Frozen-CH4,12.387319808,16.410269696,19.359729664,21.776820224,22.57580032,23.39542016,24.265160704,25.099700224,26.006880256,26.785779712,C7,C7: limit warming to 4°C (>50%)
IMAGE 3.0.1,EMF30_D_Frozen-EF,12.387319808,16.410269696,19.359729664,21.776820224,22.57580032,23.39542016,24.265160704,25.099700224,26.006880256,26.785779712,C7,C7: limit warming to 4°C (>50%)
IMAGE 3.0.1,EMF30_D_Frozen-EF-EndU,12.387319808,16.410269696,19.359729664,21.776820224,22.57580032,23.39542016,24.265160704,25.099700224,26.006880256,26.785779712,C7,C7: limit warming to 4°C (>50%)
IMAGE 3.0.1,EMF30_D_Frozen-EF-SLCF,12.387319808,16.410269696,19.359729664,21.776820224,22.57580032,23.39542016,24.265160704,25.099700224,26.006880256,26.785779712,C7,C7: limit warming to 4°C (>50%)
IMAGE 3.0.1,EMF30_SLCF,12.387319808,16.410269696,19.364050944,21.776410624,22.570600448,23.395260416,24.265490432,25.099180032,26.006759424,26.784919552,C7,C7: limit warming to 4°C (>50%)
IMAGE 3.0.1,EMF30_Slower-Action,12.387319808,15.156629504,19.158829056,21.744009216,22.482149376,23.322150912,24.251150336,24.960940032,25.721929728,26.518280192,C6,C6: limit warming to 3°C (>50%)
IMAGE 3.0.1,EMF30_Slower-Action+SLCF,12.387319808,15.156629504,19.165329408,21.743060992,22.475470848,23.323860992,24.250200064,24.958920704,25.718919168,26.51819008,C6,C6: limit warming to 3°C (>50%)
IMAGE 3.0.1,EMF30_Slower-to-faster,12.387319808,15.164520448,19.235940352,20.76585984,22.30653952,22.71483904,23.159369728,24.490569728,25.120960512,25.746110464,C4,C4: limit warming to 2°C (>50%)
IMAGE 3.0.1,EMF30_Slower-to-faster+SLCF,12.387319808,15.164520448,19.242559488,20.849160192,22.305560576,22.689419264,23.144339456,24.437899264,25.148219392,25.759260672,C3,C3: limit warming to 2°C (>67%)
IMAGE 3.0.1,EMF30_Slower-to-faster+SLCF+HFC,12.387319808,15.164520448,19.242559488,20.849160192,22.305560576,22.689419264,23.144339456,24.437899264,25.148219392,25.759260672,C3,C3: limit warming to 2°C (>67%)
IMAGE 3.0.1,IMA15-AGInt,12.387319808,15.71906048,18.545690624,21.979230208,22.013560832,22.526070784,23.541829632,24.567279616,25.308839936,25.215361024,failed-vetting,failed-vetting
IMAGE 3.0.1,IMA15-Def,12.387319808,15.71906048,18.59928064,22.167359488,22.47636992,22.203199488,22.974459904,24.383950848,25.446750208,25.43142912,failed-vetting,failed-vetting
IMAGE 3.0.1,IMA15-Eff,12.387319808,15.611029504,18.03602944,21.927860224,22.48875008,22.466430976,22.828331008,24.144379904,25.401849856,25.993279488,failed-vetting,failed-vetting
IMAGE 3.0.1,IMA15-LiStCh,12.387319808,15.666960384,18.489929728,22.066239488,22.102020096,22.538960896,23.449350144,24.5960704,25.049309184,25.26460928,failed-vetting,failed-vetting
IMAGE 3.0.1,IMA15-LoNCO2,12.387319808,15.71906048,18.545690624,21.986910208,22.222839808,22.495000576,23.643019264,24.60626944,24.809289728,25.387220992,failed-vetting,failed-vetting
IMAGE 3.0.1,IMA15-Pop,12.387319808,15.694910464,18.472779776,21.968099328,22.118979584,23.173449728,23.879211008,24.571240448,25.801019392,26.375211008,failed-vetting,failed-vetting
IMAGE 3.0.1,IMA15-RenElec,12.387319808,15.592160256,18.801299456,21.001529344,17.054400512,18.828070912,20.462340096,21.070399488,21.481029632,22.741069824,failed-vetting,failed-vetting
IMAGE 3.0.1,IMA15-TOT,12.387319808,15.651879936,18.556729344,21.470429184,19.23416064,19.171790848,20.381970432,21.647880192,22.486980608,24.33880064,failed-vetting,failed-vetting
IMAGE 3.0.1,SSP1-19,12.387319808,15.8432,17.769289728,21.411039232,19.741689856,18.8322304,20.657989632,22.069280768,22.30018048,21.80324966400001,failed-vetting,failed-vetting
IMAGE 3.0.1,SSP1-26,12.387319808,16.404830208,19.379849216,21.599750144,22.428729344,23.14795008,22.77178982400001,22.686849024,24.35582976,25.059999744,C3,C3: limit warming to 2°C (>67%)
IMAGE 3.0.1,SSP1-34,12.387319808,16.555209728,19.387879424,21.778520064,22.520440832,23.35702016,23.849189376,24.04178944,24.750759936,25.268639744,C5,C5: limit warming to 2.5°C (>50%)
IMAGE 3.0.1,SSP1-45,12.387319808,16.556069888,19.39239936,21.783990272,22.58171904,23.391299584,24.14333952,24.598800384,25.090209792,25.78817024,C6,C6: limit warming to 3°C (>50%)
IMAGE 3.0.1,SSP1-Baseline,12.387319808,16.559190016,19.392729088,21.783980032,22.594650112,23.3889792,24.193748992,24.735809536,25.308790784,26.285180928,C7,C7: limit warming to 4°C (>50%)
IMAGE 3.0.1,SSP2-26,12.387319808,16.472219648,17.938460672,21.339549696,22.549809152,22.4724992,22.772099072,23.633000448,24.978960384,25.102880768,C3,C3: limit warming to 2°C (>67%)
IMAGE 3.0.1,SSP2-34,12.387319808,16.48509952,19.305250816,21.694920704,22.558889984,23.372900352,24.200339456,24.207220736,24.635969536,25.92684032,C5,C5: limit warming to 2.5°C (>50%)
IMAGE 3.0.1,SSP2-45,12.387319808,16.49769984,19.38688,21.70924032,22.6196992,23.411400704,24.1438208,24.800749568,25.621170176,26.285449216,C6,C6: limit warming to 3°C (>50%)
IMAGE 3.0.1,SSP2-60,12.387319808,16.515999744,19.392468992,21.79622912,22.59453952,23.436019712,24.281550848,25.076830208,25.845250048,26.578139136,C7,C7: limit warming to 4°C (>50%)
IMAGE 3.0.1,SSP2-Baseline,12.387319808,16.566209536,19.393140736,21.797670912,22.591510528,23.420059648,24.225079296,25.149179904,26.003329024,26.856239104,C7,C7: limit warming to 4°C (>50%)
IMAGE 3.0.1,SSP3-34,12.387319808,16.5664,18.997190656,20.65275904,22.067679232,23.063851008,23.741339648,24.52694016,25.41820928,26.026979328,C5,C5: limit warming to 2.5°C (>50%)
IMAGE 3.0.1,SSP3-45,12.387319808,16.585870336,19.367079936,21.497339904,22.4559104,23.403010048,24.021960704,25.239570432,26.120589312,26.905020416,C6,C6: limit warming to 3°C (>50%)
IMAGE 3.0.1,SSP3-60,12.387319808,16.715440128,19.377629184,21.766969344,22.62160998400001,23.45172992,24.26498048,25.03593984,25.813669888,26.793080832,C7,C7: limit warming to 4°C (>50%)
IMAGE 3.0.1,SSP3-Baseline,12.387319808,16.722799616,19.378870272,21.787140096,22.628620288,23.481069568,24.32941056,25.178140672,25.925640192,26.859689984,C7,C7: limit warming to 4°C (>50%)
IMAGE 3.0.1,SSP4-26,12.387319808,15.984149504,18.233860096,21.928759296,21.694779392,21.7992192,22.894559232,23.671410688,24.355729408,24.675270656,C3,C3: limit warming to 2°C (>67%)
IMAGE 3.0.1,SSP4-34,12.387319808,16.403730432,19.338020864,21.315299328,22.450219008,23.342569472,23.737489408,24.315600896,24.76544,25.793540096,C5,C5: limit warming to 2.5°C (>50%)
IMAGE 3.0.1,SSP4-45,12.387319808,16.413070336,19.38172928,21.79076096,22.384300032,23.048148992,24.291139584,24.684120064,24.867479552,26.35516928,C6,C6: limit warming to 3°C (>50%)
IMAGE 3.0.1,SSP4-60,12.387319808,16.413609984,19.38174976,21.79068928,22.606589952,23.391729664,24.271470592,24.99963904,25.763690496,26.582110208,C7,C7: limit warming to 4°C (>50%)
IMAGE 3.0.1,SSP4-Baseline,12.387319808,16.438079488,19.381940224,21.790660608,22.6065408,23.387400192,24.27138048,25.014839296,25.781839872,26.528319488,C7,C7: limit warming to 4°C (>50%)
IMAGE 3.0.1,SSP5-34,12.387319808,16.55721984,19.42313984,21.731360768,22.24514048,23.493810176,24.308219904,25.069959168,25.80860928,26.923440128,C5,C5: limit warming to 2.5°C (>50%)
IMAGE 3.0.1,SSP5-45,12.387319808,16.647530496,19.412000768,21.729959936,22.49812992,23.430909952,24.283500544,25.125720064,25.471840256,26.645049344,C6,C6: limit warming to 3°C (>50%)
IMAGE 3.0.1,SSP5-60,12.387319808,16.673659904,19.404009472,21.750140928,22.595260416,23.337469952,24.281249792,25.134149632,25.751379968,25.729880064,C7,C7: limit warming to 4°C (>50%)
IMAGE 3.0.1,SSP5-Baseline,12.387319808,16.72619008,19.40228096,21.77747968,22.595250176,23.428929536,24.27992064,25.131040768,25.982070784,26.795810816,C8,C8: exceed warming of 4°C (>=50%)
IMAGE 3.0.2,EMF33_Baseline,12.387319808,16.593229824,19.39289088,21.798479872,22.585880576,23.383670784,24.243279872,25.124919296,26.002180096,26.858340352,C7,C7: limit warming to 4°C (>50%)
IMAGE 3.0.2,EMF33_Med2C_cost100,12.387319808,16.253120512,19.357259776,21.5210496,22.599999488,23.338379264,24.132380672,24.84948992,25.153150976,25.89435904,C5,C5: limit warming to 2.5°C (>50%)
IMAGE 3.0.2,EMF33_Med2C_full,12.387319808,16.252699648,19.37703936,21.624580096,22.61844992,23.344560128,24.204179456,24.785729536,25.259720704,26.015799296,C5,C5: limit warming to 2.5°C (>50%)
IMAGE 3.0.2,EMF33_Med2C_limbio,12.387319808,16.236470272,19.250280448,21.453930496,22.620039168,23.34124032,24.016420864,24.779051008,24.913190912,25.567430656,C5,C5: limit warming to 2.5°C (>50%)
IMAGE 3.0.2,EMF33_Med2C_nobeccs,12.387319808,16.2570496,19.231389696,21.288230912,22.614829056,22.9572096,23.305160704,24.321839104,25.398560768,25.459120128,C4,C4: limit warming to 2°C (>50%)
IMAGE 3.0.2,EMF33_Med2C_nofuel,12.387319808,16.250349568,19.35190016,21.55916902400001,22.61251072,23.389159424,24.144171008,24.807430144,25.142900736,25.9323904,C4,C4: limit warming to 2°C (>50%)
IMAGE 3.0.2,EMF33_Med2C_none,12.387319808,16.255320064,19.22086912,21.325320192,22.614900736,22.69355008,23.20787046400001,24.396300288,25.427099648,25.329760256,C4,C4: limit warming to 2°C (>50%)
IMAGE 3.0.2,EMF33_WB2C_cost100,12.387319808,16.25729024,19.155070976,21.542029312,22.626330624,22.36248064,23.166859264,24.39852032,25.077819392,25.331070976,C3,C3: limit warming to 2°C (>67%)
IMAGE 3.0.2,EMF33_WB2C_full,12.387319808,16.257540096,19.154030592,21.541650432,22.634510336,22.617759744,23.19660032,24.230289408,25.276340224,25.30777088,C3,C3: limit warming to 2°C (>67%)
IMAGE 3.0.2,EMF33_WB2C_limbio,12.387319808,16.239059968,19.02459904,21.628100608,22.670329856,22.411870208,23.934050304,24.706760704,25.514539008,25.408200704,C3,C3: limit warming to 2°C (>67%)
IMAGE 3.0.2,EMF33_WB2C_nobeccs,12.387319808,16.263379968,19.076159488,21.544280064,22.58813952,21.977769984,22.924120064,24.608180224,25.518149632,25.446629376,C3,C3: limit warming to 2°C (>67%)
IMAGE 3.0.2,EMF33_WB2C_nofuel,12.387319808,16.25619968,19.143000064,21.553649664,22.65383936,22.345740288,23.05065984,24.322400256,25.436499968,25.149560832,C3,C3: limit warming to 2°C (>67%)
IMAGE 3.0.2,EMF33_tax_hi_full,12.387319808,16.599159808,19.161690112,21.721339904,22.569510912,23.2801792,23.802300416,24.180260864,24.749760512,25.925859328,C4,C4: limit warming to 2°C (>50%)
IMAGE 3.0.2,EMF33_tax_hi_none,12.387319808,16.599489536,19.171989504,21.714239488,22.561929216,23.267719168,23.769249792,24.141940736,25.058639872,25.951909888,C5,C5: limit warming to 2.5°C (>50%)
IMAGE 3.0.2,EMF33_tax_lo_full,12.387319808,16.59648,19.40011008,21.770749952,22.48060928,23.29475072,24.116119552,24.805449728,25.47115008,26.205769728,C5,C5: limit warming to 2.5°C (>50%)
IMAGE 3.0.2,EMF33_tax_lo_none,12.387319808,16.596799488,19.400310784,21.770469376,22.47723008,23.283439616,24.094009344,24.761690112,25.436409856,26.2272,C5,C5: limit warming to 2.5°C (>50%)
IMAGE 3.2,SSP1-baseline,12.378359808,15.882800128,19.06219008,20.87378944,21.747769344,21.912170496,21.410240512,21.078329344,17.595920384,13.709920256,C7,C7: limit warming to 4°C (>50%)
IMAGE 3.2,SSP1_SPA1_19I_D,12.378359808,15.882800128,20.4411392,21.452630016,19.651129344,18.701549568,17.022119936,12.217469952,9.161088,5.831296,C2,C2: return warming to 1.5°C (>50%) after a high overshoot
IMAGE 3.2,SSP1_SPA1_19I_D_LB,12.378359808,15.882800128,20.924030976,17.5147008,14.209609728,13.754290176,10.920989696,9.91619584,9.521475584,7.692618240000001,C1,C1: limit warming to 1.5°C (>50%) with no or limited overshoot
IMAGE 3.2,SSP1_SPA1_19I_LI,12.378359808,15.875970048,19.534729216,20.596011008,18.44946944,16.397760512,13.592460288,8.282545152,6.859616768,5.909788160000001,C2,C2: return warming to 1.5°C (>50%) after a high overshoot
IMAGE 3.2,SSP1_SPA1_19I_LIRE,12.378359808,15.917299712,19.85276928,22.23235072,22.76820992,20.579170304,20.201490432,16.912820224,14.124090368,12.637320192,C2,C2: return warming to 1.5°C (>50%) after a high overshoot
IMAGE 3.2,SSP1_SPA1_19I_LIRE_LB,12.378359808,15.917299712,22.100119552,22.319579136,22.363240448,19.85533952,18.161739776,13.944609792,13.604179968,12.43819008,C1,C1: limit warming to 1.5°C (>50%) with no or limited overshoot
IMAGE 3.2,SSP1_SPA1_19I_RE,12.378359808,15.86795008,19.735400448,20.50217984,18.935570432,13.117360128,11.42636032,8.610702336000001,7.815353856000001,7.310181888000001,C2,C2: return warming to 1.5°C (>50%) after a high overshoot
IMAGE 3.2,SSP1_SPA1_19I_RE_LB,12.378359808,15.86795008,20.78979072,16.186269696,12.225760256,10.6743296,9.564809216,8.166395904,8.088699904,6.352626176,C1,C1: limit warming to 1.5°C (>50%) with no or limited overshoot
IMAGE 3.2,SSP1_SPA1_26I_D,12.378359808,15.882800128,19.728979968,21.798449152,21.930299392,20.988080128,20.07469056,15.373490176,11.6992,9.057345536,C3,C3: limit warming to 2°C (>67%)
IMAGE 3.2,SSP1_SPA1_26I_LI,12.378359808,15.875970048,19.277760512,21.059999744,21.691219968,20.634769408,19.726309376,15.474520064,11.514930176,9.258712064,C3,C3: limit warming to 2°C (>67%)
IMAGE 3.2,SSP1_SPA1_26I_LIRE,12.378359808,15.917299712,19.058849792,21.219559424,23.007809536,22.36502016,23.273220096,21.967730688,18.543179776,17.629540352,C3,C3: limit warming to 2°C (>67%)
IMAGE 3.2,SSP1_SPA1_26I_RE,12.378359808,15.86795008,19.559790592,21.025439744,19.299059712,17.73825024,16.099579904,12.06274048,10.065750016,8.67365376,C3,C3: limit warming to 2°C (>67%)
IMAGE 3.2,SSP1_SPA1_34I_D,12.378359808,15.882800128,19.314079744,20.971419648,21.553440768,21.592180736,21.037899776,17.736820736,14.550330368,11.58291968,C5,C5: limit warming to 2.5°C (>50%)
IMAGE 3.2,SSP1_SPA1_34I_LI,12.378359808,15.875970048,19.025780736,20.644009984,21.298649088,21.523030016,20.472049664,16.717769728,13.179990016,10.764470272,C5,C5: limit warming to 2.5°C (>50%)
IMAGE 3.2,SSP1_SPA1_34I_LIRE,12.378359808,15.86795008,19.168,21.200379904,21.795028992,21.304559616,19.470819328,15.71778048,13.007930368,10.973700096,C5,C5: limit warming to 2.5°C (>50%)
IMAGE 3.2,SSP1_SPA1_34I_RE,12.378359808,15.86795008,19.269619712,21.095819264,20.677279744,19.288000512,16.531040256,13.971130368,11.934140416,10.974759936,C5,C5: limit warming to 2.5°C (>50%)
IMAGE 3.2,SSP2-baseline,12.378359808,15.879839744,18.435729408,20.698789888,22.415519744,23.14713088,23.39239936,24.021010432,23.63858944,24.147030016,C7,C7: limit warming to 4°C (>50%)
IMAGE 3.2,SSP2_SPA0_26I_D,12.378359808,15.73885952,17.68108032,20.933410816,23.275370496,23.438229504,23.731679232,24.40452096,21.907419136,21.037170688,C3,C3: limit warming to 2°C (>67%)
IMAGE 3.2,SSP2_SPA1_19I_D_LB,12.378359808,15.8596096,21.736200192,23.875749888,25.322760192,25.7963008,26.33132032,25.288200192,23.456929792,22.207299584,C1,C1: limit warming to 1.5°C (>50%) with no or limited overshoot
IMAGE 3.2,SSP2_SPA1_19I_LIRE_LB,12.378359808,15.917290496,21.810030592,22.618159104,22.44568064,19.605270528,18.155139072,14.076029952,14.034450432,13.589459968,C1,C1: limit warming to 1.5°C (>50%) with no or limited overshoot
IMAGE 3.2,SSP2_SPA1_19I_RE_LB,12.378359808,15.872169984,21.990699008,22.385709056,22.4111104,19.789500416,19.06345984,15.245819904,14.915709952,15.393800192,C1,C1: limit warming to 1.5°C (>50%) with no or limited overshoot
IMAGE 3.2,SSP2_SPA2_19I_D,12.378359808,15.8596096,23.300589568,24.83288064,25.178779648,25.433890816,25.26633984,24.541149184,22.686779392,19.870099456,C2,C2: return warming to 1.5°C (>50%) after a high overshoot
IMAGE 3.2,SSP2_SPA2_19I_LI,12.378359808,15.917290496,19.541239808,23.935500288,24.341129216,24.968380416,24.90667008,25.419350016,23.26438912,19.223570432,C1,C1: limit warming to 1.5°C (>50%) with no or limited overshoot
IMAGE 3.2,SSP2_SPA2_19I_LIRE,12.378359808,15.872169984,21.33504,21.9425792,21.78393088,20.060270592,19.900520448,15.095600128,13.811390464,12.176929792,C2,C2: return warming to 1.5°C (>50%) after a high overshoot
IMAGE 3.2,SSP2_SPA2_19I_RE,12.378359808,15.872169984,25.3089792,24.534120448,23.213150208,20.174409728,18.668439552,14.630290432,12.54825984,11.69235968,C2,C2: return warming to 1.5°C (>50%) after a high overshoot
IMAGE 3.2,SSP2_SPA2_26I_D,12.378359808,15.8596096,18.929209344,22.037100544,24.157679616,24.645189632,25.165350912,24.539969536,22.87105024,22.05312,C3,C3: limit warming to 2°C (>67%)
IMAGE 3.2,SSP2_SPA2_26I_LI,12.378359808,15.917290496,18.23916032,21.73228032,23.583670272,24.104849408,24.47104,24.281690112,22.39783936,21.02104064,C3,C3: limit warming to 2°C (>67%)
IMAGE 3.2,SSP2_SPA2_26I_LIRE,12.378359808,15.917290496,19.068090368,21.9191808,23.292860416,22.921469952,22.741450752,21.247330304,15.653929984,13.836069888,C3,C3: limit warming to 2°C (>67%)
IMAGE 3.2,SSP2_SPA2_26I_RE,12.378359808,15.872169984,19.559899136,22.36203008,23.79558912,22.699669504,22.79849984,21.048590336,17.157260288,14.507049984,C3,C3: limit warming to 2°C (>67%)
IMAGE 3.2,SSP2_SPA2_34I_D,12.378359808,15.8596096,18.567170048,21.832740864,23.529080832,24.631660544,25.29449984,25.815379968,23.703349248,21.98526976,C5,C5: limit warming to 2.5°C (>50%)
IMAGE 3.2,SSP2_SPA2_34I_LI,12.378359808,15.917290496,18.135779328,21.032800256,22.75835904,23.63643904,24.354760704,25.182439424,23.675959296,21.839980544,C5,C5: limit warming to 2.5°C (>50%)
IMAGE 3.2,SSP2_SPA2_34I_LIRE,12.378359808,15.872169984,18.955810816,21.262370816,23.02845952,23.526760448,25.275820032,24.969539584,21.00909056,18.312220672,C5,C5: limit warming to 2.5°C (>50%)
IMAGE 3.2,SSP2_SPA2_34I_RE,12.378359808,15.872169984,19.037970432,21.549740032,23.575390208,23.836649472,24.753000448,24.118970368,20.757209088,18.913040384,C5,C5: limit warming to 2.5°C (>50%)
IMAGE 3.2,SSP2_SPA2_45I_D,12.378359808,15.8596096,18.396950528,21.535920128,22.960570368,23.674370048,24.248119296,25.57697024,24.607649792,22.943780864,C6,C6: limit warming to 3°C (>50%)
IMAGE 3.2,SSP2_SPA2_45I_LI,12.378359808,15.917290496,18.102849536,20.819539968,22.310209536,22.970499072,22.954059776,23.713159168,23.15052032,23.559360512,C6,C6: limit warming to 3°C (>50%)
IMAGE 3.2,SSP2_SPA2_45I_LIRE,12.378359808,15.917290496,18.625099776,20.768280576,22.34840064,22.588628992,22.65212928,23.311998976,22.573940736,19.503290368,C6,C6: limit warming to 3°C (>50%)
IMAGE 3.2,SSP2_SPA2_45I_RE,12.378359808,15.872169984,18.8450304,21.25054976,22.956109824,23.364499456,24.354740224,25.318350848,22.603819008,18.857140224,C6,C6: limit warming to 3°C (>50%)
IMAGE 3.2,SSP3-baseline,12.378359808,15.87966976,17.8944,18.868189184,19.358670848,18.874779648,17.735940096,16.897319936,15.902980096,15.791410176,C7,C7: limit warming to 4°C (>50%)
IMAGE 3.2,SSP4-baseline,12.378359808,15.852630016,18.853240832,20.41556992,21.031929856,20.61820928,20.602259456,20.59005952,18.558980096,14.97516032,C7,C7: limit warming to 4°C (>50%)
IMAGE 3.2,SSP5-baseline,12.378359808,15.841970176,18.11928064,19.46795008,20.1092096,19.439239168,18.434359296,18.794309632,18.764849152,18.418870272,C8,C8: exceed warming of 4°C (>=50%)
LUT-ESTM 2.0,BPS,12.197682082219373,14.0184,14.7708,14.8356,15.0912,25.902376644156757,27.280806393032176,28.372420627857878,29.380657295549387,29.85272109512546,failed-vetting,failed-vetting
MERGE-ETL 6.0,BAU,20.6,21.1,23.6,24.7,28.2,31.8,34.8,37.8,41.0,44.0,failed-vetting,failed-vetting
MERGE-ETL 6.0,DAC15_50,20.0,22.3,27.1,28.4,28.4,34.2,37.5,38.9,42.8,47.0,failed-vetting,failed-vetting
MERGE-ETL 6.0,DAC2_66,20.4,21.1,24.7,27.6,30.4,34.1,36.8,38.4,41.8,48.1,C4,C4: limit warming to 2°C (>50%)
MESSAGE V.3,GEA_Eff_1p5C,12.154,16.934,21.117,24.164,26.159,27.498,28.533,29.257,30.012,30.424,failed-vetting,failed-vetting
MESSAGE V.3,GEA_Eff_1p5C_Delay2020,12.083,12.564,21.719,25.484,28.029,29.632,30.635,31.332,30.513,30.77,failed-vetting,failed-vetting
MESSAGE V.3,GEA_Eff_2C_Delay2020,12.08,12.56,14.727,17.484,19.747,21.284,24.922,26.959,27.306,27.497,failed-vetting,failed-vetting
MESSAGE V.3,GEA_Eff_AdvNCO2_1p5C,12.154,14.453,17.534,21.111,22.957,24.206,25.179,25.865,26.572,27.28,failed-vetting,failed-vetting
MESSAGE V.3,GEA_Eff_base,12.151,13.029,14.607,15.768,17.34,18.736,19.342,20.493,21.461,21.757,failed-vetting,failed-vetting
MESSAGE V.3,GEA_Mix_1p5C_AdvNCO2_PartialDelay2020,12.294,14.413,22.281,25.484,28.029,30.022,31.486,32.514,33.173,33.613,failed-vetting,failed-vetting
MESSAGE V.3,GEA_Mix_1p5C_AdvTrans_PartialDelay2020,12.293,14.412,22.281,25.484,28.029,30.022,31.486,32.515,33.173,33.613,failed-vetting,failed-vetting
MESSAGE V.3,GEA_Mix_2C_AdvNCO2_PartialDelay2020,12.291,14.409,17.477,19.989,23.91800000000001,28.107,29.76,31.75,33.173,33.613,failed-vetting,failed-vetting
MESSAGE V.3,GEA_Mix_2C_AdvTrans_PartialDelay2020,12.291,14.409,17.477,19.772,24.08,26.805,31.015,32.447,33.173,33.613,failed-vetting,failed-vetting
MESSAGE V.3,GEA_Mix_base,12.285,13.428,15.374,16.823,18.598,19.436,19.978,20.563,21.956,22.401,failed-vetting,failed-vetting
MESSAGE-GLOBIOM 1.0,ADVANCE_2020_1.5C-2100,12.876,14.43,25.554,29.311,32.322,34.44,35.91900000000001,36.874,37.517,37.941,C1,C1: limit warming to 1.5°C (>50%) with no or limited overshoot
MESSAGE-GLOBIOM 1.0,ADVANCE_2020_Med2C,12.875,14.427,19.377,21.6,23.227,28.999,31.393,35.464,37.139,37.926,C4,C4: limit warming to 2°C (>50%)
MESSAGE-GLOBIOM 1.0,ADVANCE_2020_WB2C,12.875,14.427,19.498,23.786,27.913,31.283,34.055,36.223,37.504,37.941,C3,C3: limit warming to 2°C (>67%)
MESSAGE-GLOBIOM 1.0,ADVANCE_2030_Med2C,12.875,14.425,16.679,21.417,26.513,29.565,32.066,35.488,36.905,37.927,C4,C4: limit warming to 2°C (>50%)
MESSAGE-GLOBIOM 1.0,ADVANCE_2030_Price1.5C,12.875,14.426,16.682,28.47,32.319,34.547,35.91900000000001,36.874,37.517,37.912,C2,C2: return warming to 1.5°C (>50%) after a high overshoot
MESSAGE-GLOBIOM 1.0,ADVANCE_2030_WB2C,12.875,14.427,16.68099999999999,28.458,31.844,34.433,35.91900000000001,36.874,37.517,37.941,C3,C3: limit warming to 2°C (>67%)
MESSAGE-GLOBIOM 1.0,ADVANCE_INDC,12.875,14.424,16.677,21.265,22.962,24.517,27.344,29.907,30.669,31.079,C5,C5: limit warming to 2.5°C (>50%)
MESSAGE-GLOBIOM 1.0,ADVANCE_NoPolicy,12.873,14.42,16.087,17.187,17.861,18.695,22.312,23.614,24.532,24.933,failed-vetting,failed-vetting
MESSAGE-GLOBIOM 1.0,ADVANCE_Reference,12.874,14.424,16.185,18.875,22.571,22.859,23.666,27.178,30.29,30.686,C6,C6: limit warming to 3°C (>50%)
MESSAGE-GLOBIOM 1.0,EMF30_BCOC-EndU,12.872,15.279,16.902,18.769,19.082,19.973,22.12,23.859,24.788,25.053,C7,C7: limit warming to 4°C (>50%)
MESSAGE-GLOBIOM 1.0,EMF30_Baseline,12.871,15.278,16.902,19.006,19.554,20.352,22.138,23.759,24.678,24.931,C7,C7: limit warming to 4°C (>50%)
MESSAGE-GLOBIOM 1.0,EMF30_CH4-Only,12.872,15.279,17.154,21.268,22.566,22.854,23.231,23.964,24.893,25.219,failed-vetting,failed-vetting
MESSAGE-GLOBIOM 1.0,EMF30_ClimPolicy,12.874,16.075,20.588,24.8,27.947,30.827,33.742,35.962,37.504,37.941,failed-vetting,failed-vetting
MESSAGE-GLOBIOM 1.0,EMF30_ClimPolicy+SLCF,12.874,16.075,20.588,23.954,27.776,30.483,33.555,35.889,37.504,37.941,failed-vetting,failed-vetting
MESSAGE-GLOBIOM 1.0,EMF30_D_BCOC-Red,12.871,15.278,16.902,19.009,19.56,20.362,22.149,23.759,24.678,24.931,C7,C7: limit warming to 4°C (>50%)
MESSAGE-GLOBIOM 1.0,EMF30_D_CH4-ClimPolicy,12.872,15.279,16.902,20.534,21.555,22.854,23.426,24.364,25.41800000000001,26.555,C7,C7: limit warming to 4°C (>50%)
MESSAGE-GLOBIOM 1.0,EMF30_D_Frozen-CH4,12.871,15.277,16.902,18.997,19.437,20.091,21.233,23.859,24.788,25.128,C7,C7: limit warming to 4°C (>50%)
MESSAGE-GLOBIOM 1.0,EMF30_D_Frozen-EF,12.871,15.277,16.902,19.003,19.445,20.101,21.247,23.859,24.788,25.128,C7,C7: limit warming to 4°C (>50%)
MESSAGE-GLOBIOM 1.0,EMF30_D_Frozen-EF-EndU,12.871,15.278,16.902,19.009,19.56,20.362,22.149,23.759,24.678,24.931,C7,C7: limit warming to 4°C (>50%)
MESSAGE-GLOBIOM 1.0,EMF30_D_Frozen-EF-SLCF,12.871,15.277,16.902,18.997,19.437,20.091,21.233,23.859,24.788,25.128,C7,C7: limit warming to 4°C (>50%)
MESSAGE-GLOBIOM 1.0,EMF30_SLCF,12.872,15.279,17.154,21.28,22.566,22.854,23.231,23.86,24.789,25.128,failed-vetting,failed-vetting
MESSAGE-GLOBIOM 1.0,EMF30_Slower-Action,12.874,14.877,19.109,20.829,25.403,28.702,29.788,31.291,34.342,36.171,C5,C5: limit warming to 2.5°C (>50%)
MESSAGE-GLOBIOM 1.0,EMF30_Slower-Action+SLCF,12.875,14.878,19.299,21.322,25.125,27.211,29.912,31.253,33.88,36.29,failed-vetting,failed-vetting
MESSAGE-GLOBIOM 1.0,EMF30_Slower-to-faster,12.875,14.88,19.116,28.163,31.0,34.547,35.91900000000001,36.874,37.517,37.925,C2,C2: return warming to 1.5°C (>50%) after a high overshoot
MESSAGE-GLOBIOM 1.0,EMF30_Slower-to-faster+SLCF,12.875,14.88,19.305,27.439,31.492,34.44,35.91900000000001,36.874,37.517,37.941,failed-vetting,failed-vetting
MESSAGE-GLOBIOM 1.0,EMF30_Slower-to-faster+SLCF+HFC,12.875,14.88,19.305,27.50800000000001,31.51,34.414,35.91900000000001,36.874,37.517,37.941,failed-vetting,failed-vetting
MESSAGE-GLOBIOM 1.0,EMF33_1.5C_cost100,12.85671185875,14.6013974814544,25.406982672033,29.068030718244,32.5716214791678,34.4401347297959,35.9186983255465,36.8740449481949,37.50487174707411,37.9407277146006,C1,C1: limit warming to 1.5°C (>50%) with no or limited overshoot
MESSAGE-GLOBIOM 1.0,EMF33_1.5C_full,12.85671185875,14.6013974814544,25.406982674383,28.9969538153813,32.1849019336759,34.4401346950172,35.9186982954676,36.874044918116,37.5048717169952,37.9407276845217,C1,C1: limit warming to 1.5°C (>50%) with no or limited overshoot
MESSAGE-GLOBIOM 1.0,EMF33_Baseline,12.85671185875,12.2581297425351,13.6769695373121,14.9090631236924,15.9770901240598,16.8100166424863,18.579148408326,21.2368439391917,22.1397487676376,24.1210009218633,C7,C7: limit warming to 4°C (>50%)
MESSAGE-GLOBIOM 1.0,EMF33_Med2C_cost100,12.85671185875,14.6013974814544,18.6800950266641,20.5503848137848,25.49934913654581,28.7533281406756,31.783755382214,35.0915594155461,37.3617946280548,37.9270992120463,C4,C4: limit warming to 2°C (>50%)
MESSAGE-GLOBIOM 1.0,EMF33_Med2C_full,12.85671185875,14.6013974814544,18.6412982548464,20.5075290383856,25.2739714995672,28.675478820159,30.9500362183527,35.6000172611147,37.2454582650206,37.92709931732239,C4,C4: limit warming to 2°C (>50%)
MESSAGE-GLOBIOM 1.0,EMF33_Med2C_limbio,12.85671185875,14.6013974814544,18.6800950266641,20.738705965091,25.7273412379839,28.8825563000412,32.9919220350031,36.0662629217297,37.4288113106099,37.927099137789,C4,C4: limit warming to 2°C (>50%)
MESSAGE-GLOBIOM 1.0,EMF33_Med2C_nobeccs,12.85671185875,14.6013974814544,18.6980702495826,23.212564724629,26.865882545224,29.7337429678233,34.4202040928832,36.2598728408474,37.5038891746113,37.9407275862953,C3,C3: limit warming to 2°C (>67%)
MESSAGE-GLOBIOM 1.0,EMF33_Med2C_nofuel,12.85671185875,14.6013974814544,18.6800950271929,20.5503848137848,26.00916428817289,28.7320820384951,32.4118008817319,35.76625754848778,37.22003848026721,37.9270992985231,C4,C4: limit warming to 2°C (>50%)
MESSAGE-GLOBIOM 1.0,EMF33_Med2C_none,12.85671185875,14.6013974814544,18.7883564941591,23.5199902925754,27.43328007698611,30.0165725553592,34.3587458788434,36.7944442823131,37.5038892782424,37.94072768240679,C3,C3: limit warming to 2°C (>67%)
MESSAGE-GLOBIOM 1.0,EMF33_WB2C_cost100,12.85671185875,14.6013974814544,18.7883564984477,23.5199902925754,27.299798974358,30.2935287963612,34.894292725772,36.7944441695173,37.5038891654466,37.9407275696109,C2,C2: return warming to 1.5°C (>50%) after a high overshoot
MESSAGE-GLOBIOM 1.0,EMF33_WB2C_full,12.85671185875,14.6013974814544,18.6980702528137,23.42970405123,26.6659409590973,30.6409463739045,35.066112643098,36.7944442747934,37.5038892744826,37.9407276786469,C2,C2: return warming to 1.5°C (>50%) after a high overshoot
MESSAGE-GLOBIOM 1.0,EMF33_WB2C_limbio,12.85671185875,14.6013974814544,20.299636048179,24.9861780263472,27.9245914929034,32.0167218339105,35.8502785857695,36.8627346694775,37.516514648944,37.9407275902902,C2,C2: return warming to 1.5°C (>50%) after a high overshoot
MESSAGE-GLOBIOM 1.0,EMF33_WB2C_nofuel,12.85671185875,14.6013974814544,19.0771261432022,23.7527241464639,27.0572617585541,30.7985792528661,35.1114662483088,36.7808157440401,37.4902607474892,37.9270991366141,C2,C2: return warming to 1.5°C (>50%) after a high overshoot
MESSAGE-GLOBIOM 1.0,EMF33_tax_hi_full,12.85671185875,12.2581297425351,17.9781128801811,20.9596989217377,26.4959675602628,29.0514456623341,33.05850601207589,35.9321087325466,37.4242834397319,37.940727269997,C3,C3: limit warming to 2°C (>67%)
MESSAGE-GLOBIOM 1.0,EMF33_tax_hi_none,12.85671185875,12.2581297425351,17.9781128758925,20.9596989217377,26.9476592125608,29.0761265930439,33.1091300964294,35.5191749229944,37.42428343221221,37.9407272624773,C4,C4: limit warming to 2°C (>50%)
MESSAGE-GLOBIOM 1.0,EMF33_tax_lo_full,12.85671185875,12.2581297425351,17.9393161003149,20.5075289368694,22.2443684349503,25.3476922737022,28.6714552334694,31.248742564674,34.5399713533947,36.6155764592636,C5,C5: limit warming to 2.5°C (>50%)
MESSAGE-GLOBIOM 1.0,EMF33_tax_lo_none,12.85671185875,12.2581297425351,17.939316103546,20.5075289368694,22.0515474239655,25.8583376439948,28.7464304485658,31.3007620838362,34.8679889731428,36.60425056231861,C5,C5: limit warming to 2.5°C (>50%)
MESSAGE-GLOBIOM 1.0,SSP1-19,12.881,14.922,19.441,24.25,28.171,29.376,32.693,36.15,37.273,37.552,failed-vetting,failed-vetting
MESSAGE-GLOBIOM 1.0,SSP1-26,12.881,14.791,17.167,21.392,23.252,27.549,29.303,32.084,35.187,36.178,C4,C4: limit warming to 2°C (>50%)
MESSAGE-GLOBIOM 1.0,SSP1-34,12.881,14.791,16.102,21.144,22.681,24.122,25.796,30.696,31.396,34.254,C5,C5: limit warming to 2.5°C (>50%)
MESSAGE-GLOBIOM 1.0,SSP1-45,12.88,14.79,15.692,20.5,21.788,22.862,23.435,25.136,30.587,33.69,C6,C6: limit warming to 3°C (>50%)
MESSAGE-GLOBIOM 1.0,SSP1-Baseline,12.88,15.147,16.471,19.253,20.275,21.575,21.952,23.768,25.03,25.285,C7,C7: limit warming to 4°C (>50%)
MESSAGE-GLOBIOM 1.0,SSP2-19,12.875,15.364,21.492,28.07800000000001,30.995,33.838,35.91900000000001,36.874,37.517,37.941,C1,C1: limit warming to 1.5°C (>50%) with no or limited overshoot
MESSAGE-GLOBIOM 1.0,SSP2-26,12.872,15.362,19.293,21.679,26.615,29.25,32.923,35.509,37.427,37.927,C3,C3: limit warming to 2°C (>67%)
MESSAGE-GLOBIOM 1.0,SSP2-34,12.872,15.279,17.158,21.385,22.956,26.992,29.962,32.446,35.703,37.269,C5,C5: limit warming to 2.5°C (>50%)
MESSAGE-GLOBIOM 1.0,SSP2-45,12.872,15.279,16.907,20.696,21.806,23.164,25.64,29.625,34.291,35.67800000000001,C6,C6: limit warming to 3°C (>50%)
MESSAGE-GLOBIOM 1.0,SSP2-60,12.871,15.051,16.702,20.343,21.107,22.059,23.331,24.27,25.346,33.049,C7,C7: limit warming to 4°C (>50%)
MESSAGE-GLOBIOM 1.0,SSP2-Baseline,12.871,15.278,16.902,18.987,19.532,20.329,22.145,23.759,24.678,24.931,C7,C7: limit warming to 4°C (>50%)
MESSAGE-GLOBIOM 1.0,SSP3-34,13.009,16.139,22.083,27.697,31.641,34.133,35.842,36.855,37.508,37.941,C4,C4: limit warming to 2°C (>50%)
MESSAGE-GLOBIOM 1.0,SSP3-45,13.006,15.827,19.807,22.425,28.882,33.061,35.823,36.835,37.49,37.927,C5,C5: limit warming to 2.5°C (>50%)
MESSAGE-GLOBIOM 1.0,SSP3-60,12.946,15.767,19.435,21.191,22.752,28.006,32.882,36.779,37.489,37.926,C6,C6: limit warming to 3°C (>50%)
MESSAGE-GLOBIOM 1.0,SSP3-Baseline,12.881,14.799,17.90900000000001,19.348,20.983,21.826,27.153,29.099,33.478,37.324,failed-vetting,failed-vetting
MESSAGEix-GLOBIOM 1.0,CD-LINKS_INDC2030i_1600,12.85671185875,15.8019898345865,17.8914282164951,21.6454844723951,26.0953524054644,29.1466924794523,30.9477135758567,34.2253436239077,36.79376176555679,37.9270990538971,C4,C4: limit warming to 2°C (>50%)
MESSAGEix-GLOBIOM 1.0,CD-LINKS_INDCi,12.85671185875,15.8019898345865,17.8914282164951,19.5696587853514,22.1401140716193,22.4446248900483,22.8177114938825,24.0911765382095,25.2294035840483,25.7636535458846,C7,C7: limit warming to 4°C (>50%)
MESSAGEix-GLOBIOM 1.0,CD-LINKS_NDC2030i_1000,12.85671185875,15.8019898345865,17.8914282164951,28.0814078434407,31.9892370464358,33.5436482038984,35.8205587975711,36.8501090402855,37.5038891081087,37.9407276363485,C2,C2: return warming to 1.5°C (>50%) after a high overshoot
MESSAGEix-GLOBIOM 1.0,CD-LINKS_NPi,12.85671185875,15.8019898345865,17.4968074584826,18.656849067875,20.5440293001512,21.4413013868479,22.7162041927361,23.9802066595484,24.909717745762,25.2791277616526,C7,C7: limit warming to 4°C (>50%)
MESSAGEix-GLOBIOM 1.0,CD-LINKS_NPi2020_1000,12.85671185875,15.8019898345865,19.789288133414,24.04018790396151,27.59040905973,29.5721824923632,33.3640486419898,36.3694282553382,37.486794837129,37.9236333207203,C2,C2: return warming to 1.5°C (>50%) after a high overshoot
MESSAGEix-GLOBIOM 1.0,CD-LINKS_NPi2020_1600,12.85671185875,15.8019898345865,19.6874186551978,21.5871020760878,25.5296246138696,29.0472866210125,31.07417491461569,34.8626724956258,36.97377330800639,37.8576013542189,C4,C4: limit warming to 2°C (>50%)
MESSAGEix-GLOBIOM 1.0,CD-LINKS_NPi2020_400,12.85671185875,15.8019898345865,24.3768994286044,28.9092620584177,31.8871750388978,34.2987853678314,35.8376530405869,36.8501090461603,37.5038890406662,37.94072739595229,C1,C1: limit warming to 1.5°C (>50%) with no or limited overshoot
MESSAGEix-GLOBIOM 1.0,CD-LINKS_NoPolicy,12.85671185875,13.764384280936,15.5255008735146,16.6747029176367,18.3534095337728,19.2582512517891,21.1430599160844,23.8893986510135,24.820171336024,25.1902121964313,C7,C7: limit warming to 4°C (>50%)
MESSAGEix-GLOBIOM 1.0,LowEnergyDemand_1.3_IPCC,12.369035492,16.19851644456464,23.52615891610503,25.81518351499459,27.9885336460175,28.36110789283327,29.09890435093739,29.66188246565525,29.95973221412169,30.00168041412169,C1,C1: limit warming to 1.5°C (>50%) with no or limited overshoot
MESSAGEix-GLOBIOM_1.0,CO_2Deg2020,12.85671185874998,15.4527410952736,19.62714895276034,23.20065872322043,27.34706089768296,30.24694338653222,34.91126371015171,36.719366332,37.428811322,37.927099166,failed-vetting,failed-vetting
MESSAGEix-GLOBIOM_1.0,CO_2Deg2030,12.85671185874998,15.4527410952736,17.46340290660851,27.79236972201569,31.78445511314237,34.18597349509955,35.85027847800001,36.862734556,37.5165146,37.9407276,failed-vetting,failed-vetting
MESSAGEix-GLOBIOM_1.0,CO_BAU,12.85671185874998,13.54477537840975,16.33755633086188,18.11549567484171,21.5430365562674,22.83813408971331,23.21626714971332,23.8467691070384,24.77754176180501,25.04444684185217,failed-vetting,failed-vetting
MESSAGEix-GLOBIOM_1.0,CO_Bridge,12.85671185874998,15.4527410952736,21.62848978383899,25.63511125243574,29.22396430341471,31.26309500319249,35.52591349699789,36.732994766,37.442439756,37.9407276,failed-vetting,failed-vetting
MESSAGEix-GLOBIOM_1.0,CO_CurPol,12.85671185874998,15.4527410952736,16.82856461476551,18.71201356778947,21.54081782316653,22.83813408971331,23.21563634971331,23.8467691070384,25.12044280049581,25.38734788054296,failed-vetting,failed-vetting
MESSAGEix-GLOBIOM_1.0,CO_GPP,12.85671185874998,15.4527410952736,21.52646524145198,23.69390372970415,26.87044089094158,28.09489870802053,30.70491261100768,32.652687332206,34.08140741934179,35.12818093595461,failed-vetting,failed-vetting
MESSAGEix-GLOBIOM_1.0,CO_NDC_2050convergence,12.85671185874998,15.4527410952736,17.46340290660851,21.26113249634043,26.29793732001335,28.32845213988654,29.70882573555609,32.61558228872611,34.61610577462051,35.90035574006436,failed-vetting,failed-vetting
MESSAGEix-GLOBIOM_1.0,CO_NDCplus,12.85671185874998,15.4527410952736,17.46340290660851,19.2253700421709,22.28299224514837,23.39250456910785,25.68319326068877,28.55463272443294,29.70387980519954,30.61308576798718,failed-vetting,failed-vetting
MESSAGEix-GLOBIOM_1.1,EN_INDCi2030_1000,12.369035492,15.4437416645589,17.44447664366883,25.54099375373305,29.627518081282,32.80077951818516,35.39068072824004,36.22313021611306,37.08683609236829,37.9407276,C3,C3: limit warming to 2°C (>67%)
MESSAGEix-GLOBIOM_1.1,EN_INDCi2030_1000_COV,12.369035492,15.4306525645589,16.18575356553139,25.33633202945062,28.76128455489414,32.08753866050845,34.47005999012667,36.40110338365253,37.13529747721587,37.9407276,C3,C3: limit warming to 2°C (>67%)
MESSAGEix-GLOBIOM_1.1,EN_INDCi2030_1000_COV_NDCp,12.369035492,15.4306525645589,16.21733250285231,25.31701575679731,28.52935216731834,31.93259129156545,34.56216681452153,36.35942951909215,37.10306937115144,37.9407276,C3,C3: limit warming to 2°C (>67%)
MESSAGEix-GLOBIOM_1.1,EN_INDCi2030_1000_NDCp,12.369035492,15.4437416645589,17.46306993518269,25.54099375373305,29.60294129575472,32.80077951818517,35.39068072824004,36.22313021611306,37.08683609236829,37.9407276,C3,C3: limit warming to 2°C (>67%)
MESSAGEix-GLOBIOM_1.1,EN_INDCi2030_1000f,12.369035492,15.4437416645589,17.44447664366883,24.0447983954584,28.44977545878984,31.50238556601233,34.71331258725765,36.79967189388622,37.4207761377347,37.9407276,C4,C4: limit warming to 2°C (>50%)
MESSAGEix-GLOBIOM_1.1,EN_INDCi2030_1000f_COV,12.369035492,15.4306525645589,16.18575356553139,22.76389661509039,27.08116378572402,29.61430724658626,33.6894700794782,36.64505385441888,37.31659914981137,37.9407276,C3,C3: limit warming to 2°C (>67%)
MESSAGEix-GLOBIOM_1.1,EN_INDCi2030_1000f_COV_NDCp,12.369035492,15.4306525645589,16.21733250285231,22.6990997179341,26.96508401257878,29.57830706779526,33.62579294093123,36.63343386514943,37.31078915517664,37.9407276,C3,C3: limit warming to 2°C (>67%)
MESSAGEix-GLOBIOM_1.1,EN_INDCi2030_1000f_NDCp,12.369035492,15.4437416645589,17.46306993518269,24.09812590517156,28.47891866696318,31.59147748081156,34.71331258725765,36.79967189388622,37.4207761377347,37.9407276,C4,C4: limit warming to 2°C (>50%)
MESSAGEix-GLOBIOM_1.1,EN_INDCi2030_1200,12.369035492,15.4437416645589,17.44447664366883,24.67969798055694,28.71729784350606,31.95091054162161,34.83284574249758,36.68537745600607,37.5165146,37.9407276,C4,C4: limit warming to 2°C (>50%)
MESSAGEix-GLOBIOM_1.1,EN_INDCi2030_1200_COV,12.369035492,15.4306525645589,16.18575356553139,22.97514921397183,27.12904099563584,29.7007580604409,33.69674442817819,36.67182680360768,37.30911578118559,37.9407276,C3,C3: limit warming to 2°C (>67%)
MESSAGEix-GLOBIOM_1.1,EN_INDCi2030_1200_COV_NDCp,12.369035492,15.4306525645589,16.21733250285231,22.92127571962353,26.97809141994118,29.6701321163791,33.61078868089707,36.64505385441888,37.31659914981136,37.9407276,C3,C3: limit warming to 2°C (>67%)
MESSAGEix-GLOBIOM_1.1,EN_INDCi2030_1200_NDCp,12.369035492,15.4437416645589,17.46306993518269,24.38254831976176,28.63080304230798,31.78661544309517,34.75446253449757,36.75686070033662,37.5165146,37.9407276,C4,C4: limit warming to 2°C (>50%)
MESSAGEix-GLOBIOM_1.1,EN_INDCi2030_1200f,12.369035492,15.4437416645589,17.44447664366883,22.34549936643186,27.33607992314757,30.25414998047779,34.34983403438932,36.79967189388623,37.51651460000001,37.9407276,C4,C4: limit warming to 2°C (>50%)
MESSAGEix-GLOBIOM_1.1,EN_INDCi2030_1200f_COV,12.369035492,15.4306525645589,16.18575356553139,20.96117583576481,25.07067919896566,27.93114990602857,32.00813778691292,35.90223889114944,37.31078915517664,37.9407276,C4,C4: limit warming to 2°C (>50%)
MESSAGEix-GLOBIOM_1.1,EN_INDCi2030_1200f_COV_NDCp,12.369035492,15.4306525645589,16.21733250285231,20.7166886507975,24.77353816825277,27.83181346206332,31.85322468596854,35.83131030753332,37.27532486336858,37.9407276,C4,C4: limit warming to 2°C (>50%)
MESSAGEix-GLOBIOM_1.1,EN_INDCi2030_1200f_NDCp,12.369035492,15.4437416645589,17.46306993518269,22.0670471323288,27.29796336205753,30.21052323349663,33.72880778281049,36.79967189388623,37.4207761377347,37.9407276,C4,C4: limit warming to 2°C (>50%)
MESSAGEix-GLOBIOM_1.1,EN_INDCi2030_1400,12.369035492,15.4437416645589,17.44447664366883,21.8693569463265,26.43357318549817,30.24613972424039,34.38588385247655,36.78689522753944,37.40799947138792,37.9407276,C4,C4: limit warming to 2°C (>50%)
MESSAGEix-GLOBIOM_1.1,EN_INDCi2030_1400_COV,12.369035492,15.4306525645589,16.18575356553139,20.73577222841417,24.31827078571175,28.32706968604916,32.70347161221468,35.83131030753331,37.27532486336858,37.9407276,C4,C4: limit warming to 2°C (>50%)
MESSAGEix-GLOBIOM_1.1,EN_INDCi2030_1400_COV_NDCp,12.369035492,15.4306525645589,16.21733250285231,20.7166886507975,24.13083607894396,28.18480934516371,32.76429123215814,35.83131030753331,37.27532486336858,37.9407276,C4,C4: limit warming to 2°C (>50%)
MESSAGEix-GLOBIOM_1.1,EN_INDCi2030_1400_NDCp,12.369035492,15.4437416645589,17.46306993518269,21.7927841747194,26.39434209435642,30.25222835194655,34.00835860948419,36.79967189388623,37.4207761377347,37.9407276,C4,C4: limit warming to 2°C (>50%)
MESSAGEix-GLOBIOM_1.1,EN_INDCi2030_1400f,12.369035492,15.4437416645589,17.44447664366883,20.75630117602167,24.51728329528745,29.44132049711752,33.72797312218099,36.82424481425697,37.4207761377347,37.9407276,C4,C4: limit warming to 2°C (>50%)
MESSAGEix-GLOBIOM_1.1,EN_INDCi2030_1400f_COV,12.369035492,15.4306525645589,16.18575356553139,20.24088826343683,23.09408918291714,26.49606264781079,31.34770042525936,35.83131030753332,37.27532486336858,37.9407276,C4,C4: limit warming to 2°C (>50%)
MESSAGEix-GLOBIOM_1.1,EN_INDCi2030_1400f_COV_NDCp,12.369035492,15.4306525645589,16.21733250285231,20.24828970293761,23.09408918291714,26.44910707932794,31.61488839889478,35.83131030753332,37.27532486336858,37.9407276,C4,C4: limit warming to 2°C (>50%)
MESSAGEix-GLOBIOM_1.1,EN_INDCi2030_1400f_NDCp,12.369035492,15.4437416645589,17.46306993518269,20.75630117602167,24.687851549716,29.3502168719422,33.95657216856655,36.82424481425697,37.4207761377347,37.9407276,C4,C4: limit warming to 2°C (>50%)
MESSAGEix-GLOBIOM_1.1,EN_INDCi2030_1600,12.369035492,15.4437416645589,17.44447664366883,20.24748746250568,24.5240595706817,29.09125061861263,34.0870072741746,36.81146814791019,37.40799947138792,37.9407276,C5,C5: limit warming to 2.5°C (>50%)
MESSAGEix-GLOBIOM_1.1,EN_INDCi2030_1600_COV,12.369035492,15.4306525645589,16.18575356553139,19.87192190614227,23.09408918291714,26.26954040569959,32.57784476223754,35.83131030753331,37.27532486336858,37.9407276,C4,C4: limit warming to 2°C (>50%)
MESSAGEix-GLOBIOM_1.1,EN_INDCi2030_1600_COV_NDCp,12.369035492,15.4306525645589,16.21733250285231,19.92260353931863,23.09408918291714,26.26868690357644,32.30707722162104,35.83131030753331,37.27532486336858,37.9407276,C4,C4: limit warming to 2°C (>50%)
MESSAGEix-GLOBIOM_1.1,EN_INDCi2030_1600_NDCp,12.369035492,15.4437416645589,17.46306993518269,20.24748746250568,24.29777126444001,29.07492133610261,34.0870072741746,36.82424481425697,37.4207761377347,37.9407276,C5,C5: limit warming to 2.5°C (>50%)
MESSAGEix-GLOBIOM_1.1,EN_INDCi2030_1600f,12.369035492,15.4437416645589,17.44447664366883,20.24748746250568,23.27056173974907,26.80882216559593,33.32412268282832,36.09304984025697,37.4207761377347,37.9407276,C5,C5: limit warming to 2.5°C (>50%)
MESSAGEix-GLOBIOM_1.1,EN_INDCi2030_1600f_COV,12.369035492,15.4306525645589,16.18575356553139,19.41579123662381,22.40421128395867,25.70222652464165,32.31286169013207,35.83131030753331,37.27532486336858,37.9407276,C5,C5: limit warming to 2.5°C (>50%)
MESSAGEix-GLOBIOM_1.1,EN_INDCi2030_1600f_COV_NDCp,12.369035492,15.4306525645589,16.21733250285231,19.48486416875863,22.42260258291714,25.70960144742913,32.32808534474168,35.81853364118653,37.2625481970218,37.9407276,C5,C5: limit warming to 2.5°C (>50%)
MESSAGEix-GLOBIOM_1.1,EN_INDCi2030_1600f_NDCp,12.369035492,15.4437416645589,17.46306993518269,20.18247546650961,23.27056173974907,27.09853314901193,33.2552881022734,36.09304984025697,37.4207761377347,37.9407276,C5,C5: limit warming to 2.5°C (>50%)
MESSAGEix-GLOBIOM_1.1,EN_INDCi2030_1800,12.369035492,15.4437416645589,17.44447664366883,20.05652500928699,22.50441098374906,26.23769752179842,33.35581230017461,36.07522112829999,37.40294742577772,37.9407276,C5,C5: limit warming to 2.5°C (>50%)
MESSAGEix-GLOBIOM_1.1,EN_INDCi2030_1800_COV,12.369035492,15.4306525645589,16.18575356553139,19.41579123662381,22.34997189232321,24.99257652464165,32.31286169013207,35.81853364118653,37.26254819702179,37.9407276,C5,C5: limit warming to 2.5°C (>50%)
MESSAGEix-GLOBIOM_1.1,EN_INDCi2030_1800_COV_NDCp,12.369035492,15.4306525645589,16.21733250285231,19.48486416875863,22.36836319128167,25.20093281966549,32.31286169013207,35.81853364118653,37.26254819702179,37.9407276,C5,C5: limit warming to 2.5°C (>50%)
MESSAGEix-GLOBIOM_1.1,EN_INDCi2030_1800_NDCp,12.369035492,15.4437416645589,17.46306993518269,20.05652500928699,22.50441098374907,26.23769752179842,33.35581230017461,36.08027317391019,37.40799947138791,37.9407276,C5,C5: limit warming to 2.5°C (>50%)
MESSAGEix-GLOBIOM_1.1,EN_INDCi2030_1800f,12.369035492,15.4437416645589,17.44447664366883,20.05652500928699,22.4501715921136,25.89388565095409,32.65312518742972,36.04899697847863,37.40799947138792,37.9407276,C5,C5: limit warming to 2.5°C (>50%)
MESSAGEix-GLOBIOM_1.1,EN_INDCi2030_1800f_COV,12.369035492,15.4306525645589,16.18575356553139,19.41579123662381,22.11540231146838,24.8979275028016,32.01923389766309,35.83131030753331,37.27532486336857,37.9407276,C5,C5: limit warming to 2.5°C (>50%)
MESSAGEix-GLOBIOM_1.1,EN_INDCi2030_1800f_COV_NDCp,12.369035492,15.4306525645589,16.21733250285231,19.48486416875863,22.29268258741013,24.88367647062742,31.97502320180634,35.83131030753331,37.27532486336857,37.9407276,C5,C5: limit warming to 2.5°C (>50%)
MESSAGEix-GLOBIOM_1.1,EN_INDCi2030_1800f_NDCp,12.369035492,15.4437416645589,17.46306993518269,20.05652500928698,22.4501715921136,25.87253446910177,32.61114082639702,36.08027317391019,37.40799947138791,37.9407276,C5,C5: limit warming to 2.5°C (>50%)
MESSAGEix-GLOBIOM_1.1,EN_INDCi2030_2000,12.369035492,15.4437416645589,17.44447664366883,19.95149680928698,22.25920913889491,25.09801075668403,32.47722552727458,36.08027317391019,37.40799947138791,37.9407276,C5,C5: limit warming to 2.5°C (>50%)
MESSAGEix-GLOBIOM_1.1,EN_INDCi2030_2000_COV,12.369035492,15.4306525645589,16.18575356553139,19.41241485435102,21.87741636408655,24.65709925092503,31.28683750399924,35.80754061444505,37.27532486336858,37.9407276,C5,C5: limit warming to 2.5°C (>50%)
MESSAGEix-GLOBIOM_1.1,EN_INDCi2030_2000_COV_NDCp,12.369035492,15.4306525645589,16.21733250285231,19.48486416875863,21.99542866303882,24.68458451900003,31.37786875008874,35.83131030753331,37.27532486336858,37.9407276,C5,C5: limit warming to 2.5°C (>50%)
MESSAGEix-GLOBIOM_1.1,EN_INDCi2030_2000_NDCp,12.369035492,15.4437416645589,17.46306993518269,19.95149680928698,22.25920913889491,25.09801075668403,32.47722552727458,36.08027317391019,37.40799947138791,37.9407276,C5,C5: limit warming to 2.5°C (>50%)
MESSAGEix-GLOBIOM_1.1,EN_INDCi2030_2000f,12.369035492,15.4437416645589,17.44447664366883,19.95149680928698,22.16206593889491,24.96866497475332,32.37732409289845,36.09304984025697,37.4207761377347,37.9407276,C5,C5: limit warming to 2.5°C (>50%)
MESSAGEix-GLOBIOM_1.1,EN_INDCi2030_2000f_COV,12.369035492,15.4306525645589,16.18575356553139,19.41241485435102,21.87741636408655,24.12589817482294,30.10738263518403,35.80754061444505,37.27532486336857,37.9407276,C5,C5: limit warming to 2.5°C (>50%)
MESSAGEix-GLOBIOM_1.1,EN_INDCi2030_2000f_COV_NDCp,12.369035492,15.4306525645589,16.21733250285231,19.48148778648584,21.98992889209672,24.11503589358328,29.43354487065061,35.80754061444505,37.27532486336857,37.9407276,C5,C5: limit warming to 2.5°C (>50%)
MESSAGEix-GLOBIOM_1.1,EN_INDCi2030_2000f_NDCp,12.369035492,15.4437416645589,17.46306993518269,19.93356022409101,22.1753741874636,24.97990866485237,32.43763203375229,36.02694942129528,37.40993500754959,37.9407276,C5,C5: limit warming to 2.5°C (>50%)
MESSAGEix-GLOBIOM_1.1,EN_INDCi2030_2500,12.369035492,15.4437416645589,17.44447664366883,19.71294640384033,21.48084195595946,23.8324470006587,28.19700723208177,35.17019105202178,37.37376812931445,37.9407276,C5,C5: limit warming to 2.5°C (>50%)
MESSAGEix-GLOBIOM_1.1,EN_INDCi2030_2500_COV,12.369035492,15.4306525645589,16.18575356553139,18.91968169578766,20.44356225929978,22.80867320395294,26.98951716263409,33.20781670714713,37.37106332563388,37.9407276,C5,C5: limit warming to 2.5°C (>50%)
MESSAGEix-GLOBIOM_1.1,EN_INDCi2030_2500_COV_NDCp,12.369035492,15.4306525645589,16.21733250285231,19.1086796920974,20.62431869278461,23.00588773188651,26.41107135992866,32.03012004217094,37.39169263677155,37.9407276,C5,C5: limit warming to 2.5°C (>50%)
MESSAGEix-GLOBIOM_1.1,EN_INDCi2030_2500_NDCp,12.369035492,15.4437416645589,17.46306993518269,19.71424558751005,21.67705833962919,23.83374618432843,27.94691208937924,35.06775871763356,37.29290103927059,37.9407276,C5,C5: limit warming to 2.5°C (>50%)
MESSAGEix-GLOBIOM_1.1,EN_INDCi2030_2500f,12.369035492,15.4437416645589,17.44447664366883,19.71424558751005,21.67705833962919,23.83374618432843,27.90442507308749,34.98061189342689,37.37376812931445,37.9407276,C5,C5: limit warming to 2.5°C (>50%)
MESSAGEix-GLOBIOM_1.1,EN_INDCi2030_2500f_COV,12.369035492,15.4306525645589,16.18575356553139,19.0963953280604,20.68704927025895,22.90743786416195,27.06885632238885,33.36900070307085,37.37106332563388,37.9407276,C5,C5: limit warming to 2.5°C (>50%)
MESSAGEix-GLOBIOM_1.1,EN_INDCi2030_2500f_COV_NDCp,12.369035492,15.4306525645589,16.21733250285231,19.34158619307149,21.04195196662992,23.62073602484503,26.60590331186065,32.41941920392738,37.37106332563388,37.9407276,C5,C5: limit warming to 2.5°C (>50%)
MESSAGEix-GLOBIOM_1.1,EN_INDCi2030_2500f_NDCp,12.369035492,15.4437416645589,17.46306993518269,19.71424558751005,21.67705833962919,23.83374618432843,27.8839832293559,34.93868280737612,37.37376812931445,37.9407276,C5,C5: limit warming to 2.5°C (>50%)
MESSAGEix-GLOBIOM_1.1,EN_INDCi2030_3000,12.369035492,15.4437416645589,17.44447664366883,18.6135960687642,20.57991058408801,22.32716846738876,25.75897632770563,30.21577184393869,37.35769845223918,37.9407276,C6,C6: limit warming to 3°C (>50%)
MESSAGEix-GLOBIOM_1.1,EN_INDCi2030_3000_COV,12.369035492,15.4306525645589,16.18575356553139,16.94609207413185,19.59609657562348,21.2810426086488,25.01149185341514,30.21618611979336,37.27639916963388,37.9407276,C6,C6: limit warming to 3°C (>50%)
MESSAGEix-GLOBIOM_1.1,EN_INDCi2030_3000_COV_NDCp,12.369035492,15.4306525645589,16.21733250285231,16.9964231949461,19.90135875060956,21.43261990515358,25.01149185341514,30.1357313828174,37.27639916963388,37.9407276,C6,C6: limit warming to 3°C (>50%)
MESSAGEix-GLOBIOM_1.1,EN_INDCi2030_3000_NDCp,12.369035492,15.4437416645589,17.46306993518269,18.78004997519983,20.57991058408801,22.32716846738876,25.75897632770563,29.89864685389609,37.28116278499441,37.9407276,C6,C6: limit warming to 3°C (>50%)
MESSAGEix-GLOBIOM_1.1,EN_INDCi2030_3000f,12.369035492,15.4437416645589,17.44447664366883,18.80640980553352,20.58449240559259,22.36283373641805,25.7931242409218,30.20703805796821,37.37864081223952,37.9407276,C6,C6: limit warming to 3°C (>50%)
MESSAGEix-GLOBIOM_1.1,EN_INDCi2030_3000f_COV,12.369035492,15.4306525645589,16.18575356553139,16.94609207413185,19.82532693882805,21.38023623761335,25.01149185341514,30.20571354418514,37.27639916963389,37.9407276,C6,C6: limit warming to 3°C (>50%)
MESSAGEix-GLOBIOM_1.1,EN_INDCi2030_3000f_COV_NDCp,12.369035492,15.4306525645589,16.21733250285231,16.9964231949461,19.90135875060956,21.47727423715358,25.01149185341514,30.0572202572548,37.27639916963388,37.9407276,C6,C6: limit warming to 3°C (>50%)
MESSAGEix-GLOBIOM_1.1,EN_INDCi2030_3000f_NDCp,12.369035492,15.4437416645589,17.46306993518269,18.90058961846069,20.57991058408801,22.35476192761397,25.77913162513945,30.13781892751775,37.37864081223952,37.9407276,C6,C6: limit warming to 3°C (>50%)
MESSAGEix-GLOBIOM_1.1,EN_INDCi2030_600f_COV,12.369035492,15.4306525645589,16.18575356553139,25.43544039573139,29.2275636988543,32.72632257236405,35.27568741341645,36.50711286285464,37.42077613773469,37.68290898372035,C2,C2: return warming to 1.5°C (>50%) after a high overshoot
MESSAGEix-GLOBIOM_1.1,EN_INDCi2030_600f_COV_NDCp,12.369035492,15.4306525645589,16.21733250285231,25.50144478684549,29.28880259036774,32.75169294908208,35.30105779013448,36.50711286285464,37.4207761377347,37.68290898372035,C2,C2: return warming to 1.5°C (>50%) after a high overshoot
MESSAGEix-GLOBIOM_1.1,EN_INDCi2030_700f,12.369035492,15.4437416645589,17.44447664366883,25.54099375373305,29.52746963763093,32.80077951818516,35.39068072824004,36.55707026147947,37.4207761377347,37.9407276,C2,C2: return warming to 1.5°C (>50%) after a high overshoot
MESSAGEix-GLOBIOM_1.1,EN_INDCi2030_700f_COV,12.369035492,15.4306525645589,16.18575356553139,25.21724485826632,28.67798520427124,31.98122321254774,34.4734735187256,36.73504342901894,37.4207761377347,37.86902323214995,C2,C2: return warming to 1.5°C (>50%) after a high overshoot
MESSAGEix-GLOBIOM_1.1,EN_INDCi2030_700f_COV_NDCp,12.369035492,15.4306525645589,16.21733250285231,25.2618643897618,28.46404708961209,31.88540042685027,34.45772450983402,36.73504342901893,37.4207761377347,37.7207804971986,C2,C2: return warming to 1.5°C (>50%) after a high overshoot
MESSAGEix-GLOBIOM_1.1,EN_INDCi2030_700f_NDCp,12.369035492,15.4437416645589,17.46306993518269,25.54099375373305,29.54683595964945,32.80077951818516,35.39068072824004,36.54429359513269,37.40799947138792,37.9407276,C2,C2: return warming to 1.5°C (>50%) after a high overshoot
MESSAGEix-GLOBIOM_1.1,EN_INDCi2030_800f,12.369035492,15.4437416645589,17.44447664366883,25.54099375373305,29.43088457724405,32.80077951818516,35.39068072824004,36.54429359513269,37.40799947138792,37.9407276,C3,C3: limit warming to 2°C (>67%)
MESSAGEix-GLOBIOM_1.1,EN_INDCi2030_800f_COV,12.369035492,15.4306525645589,16.18575356553139,24.63140317594072,28.20787390505477,31.1403682184266,34.6424178340928,36.74300693409378,37.4207761377347,37.93171948853716,C3,C3: limit warming to 2°C (>67%)
MESSAGEix-GLOBIOM_1.1,EN_INDCi2030_800f_COV_NDCp,12.369035492,15.4306525645589,16.21733250285231,24.82286251803052,28.08278533922768,30.65140632551261,34.44646309425944,36.78795785333638,37.4207761377347,37.68290898372035,C3,C3: limit warming to 2°C (>67%)
MESSAGEix-GLOBIOM_1.1,EN_INDCi2030_800f_NDCp,12.369035492,15.4437416645589,17.46306993518269,25.53268473690428,29.43643947052655,32.7731535979507,35.35157697430216,36.54238694221034,37.39208768010047,37.9407276,C3,C3: limit warming to 2°C (>67%)
MESSAGEix-GLOBIOM_1.1,EN_INDCi2030_900f,12.369035492,15.4437416645589,17.44447664366883,25.14520970120234,28.67173257654276,31.91951281570021,34.848271149429,36.75133603999952,37.4207761377347,37.9407276,C3,C3: limit warming to 2°C (>67%)
MESSAGEix-GLOBIOM_1.1,EN_INDCi2030_900f_COV,12.369035492,15.4306525645589,16.18575356553139,23.44412138184303,27.72251780131444,30.28517689424941,34.28189766366586,36.78348716015678,37.4207761377347,37.76488942587574,C3,C3: limit warming to 2°C (>67%)
MESSAGEix-GLOBIOM_1.1,EN_INDCi2030_900f_COV_NDCp,12.369035492,15.4306525645589,16.21733250285231,23.75840833914614,27.57805887090099,30.19979649643286,34.1867787529923,36.69435136318329,37.33824942053314,37.9407276,C3,C3: limit warming to 2°C (>67%)
MESSAGEix-GLOBIOM_1.1,EN_INDCi2030_900f_NDCp,12.369035492,15.4437416645589,17.46306993518269,24.93518046559247,28.68607455028775,31.86221876491191,34.848271149429,36.75133603999952,37.4207761377347,37.9407276,C3,C3: limit warming to 2°C (>67%)
MESSAGEix-GLOBIOM_1.1,EN_INDCi2030_950_COV,12.369035492,15.4306525645589,16.18575356553139,25.50845642810784,29.1947231445658,32.67330974108208,35.19032441285708,36.14082264821084,37.40799947138792,37.9407276,C3,C3: limit warming to 2°C (>67%)
MESSAGEix-GLOBIOM_1.1,EN_INDCi2030_950_COV_NDCp,12.369035492,15.4306525645589,16.21733250285231,25.50845642810784,29.17056271203761,32.71178082828425,35.26114566933665,36.17317281748823,37.40799947138791,37.9407276,C3,C3: limit warming to 2°C (>67%)
MESSAGEix-GLOBIOM_1.1,EN_INDCi2030_950f_COV,12.369035492,15.4306525645589,16.18575356553139,22.92672644428422,27.15580706302293,29.68282922440837,34.15645861045073,36.69435136318329,37.33824942053314,37.9407276,C3,C3: limit warming to 2°C (>67%)
MESSAGEix-GLOBIOM_1.1,EN_INDCi2030_950f_COV_NDCp,12.369035492,15.4306525645589,16.21733250285231,22.89399818728717,27.02867673311402,29.53650970164128,34.06492930784203,36.67182680360768,37.30911578118559,37.9407276,C3,C3: limit warming to 2°C (>67%)
MESSAGEix-GLOBIOM_1.1,EN_INDCi2100,12.369035492,15.4437416645589,17.44447664366883,19.10771947342329,19.64595223782787,20.46713336227527,22.0152863982749,24.53278860386566,29.13901587466233,29.95210359919203,C6,C6: limit warming to 3°C (>50%)
MESSAGEix-GLOBIOM_1.1,EN_INDCi2100_COV,12.369035492,15.4306525645589,16.18575356553139,18.94452079354033,19.52357831018734,20.34632020359476,22.1725991443154,24.83904770015216,29.86656969357285,30.31232123693936,C6,C6: limit warming to 3°C (>50%)
MESSAGEix-GLOBIOM_1.1,EN_INDCi2100_COV_NDCp,12.369035492,15.4306525645589,16.21733250285231,19.30913282217868,20.03041701566491,21.05663843868831,22.53742023927768,24.99591763222745,27.61101800957059,27.93132532756622,C6,C6: limit warming to 3°C (>50%)
MESSAGEix-GLOBIOM_1.1,EN_INDCi2100_NDCp,12.369035492,15.4437416645589,17.46306993518269,19.20315793005352,20.44868060206053,21.31244072650793,23.2105479746033,26.0368567378027,29.60148135994833,30.30812367447999,C6,C6: limit warming to 3°C (>50%)
MESSAGEix-GLOBIOM_1.1,EN_NPi2020_1000,12.369035492,15.4437416645589,20.19548920987383,23.42820118104382,28.03701241792051,30.86274688806897,34.51882923867222,36.70352618251463,37.41962354995163,37.9407276,C3,C3: limit warming to 2°C (>67%)
MESSAGEix-GLOBIOM_1.1,EN_NPi2020_1000_COV,12.369035492,15.4306525645589,19.42242988484289,22.39349066433237,26.54971780985982,28.74073739885082,33.84882781035815,36.48604353192299,37.41962354995163,37.9407276,C3,C3: limit warming to 2°C (>67%)
MESSAGEix-GLOBIOM_1.1,EN_NPi2020_1000_DR10p,12.369035492,15.38660962564995,16.25038900016574,20.04318111005873,22.70720936100921,23.81088512136675,25.09109483622876,26.006550545297,27.21805424053078,27.6296011747968,C3,C3: limit warming to 2°C (>67%)
MESSAGEix-GLOBIOM_1.1,EN_NPi2020_1000_DR1p,12.369035492,17.699266979868,23.82697934006333,28.68805860743236,31.02877385486139,33.21639196388652,35.73456294268094,36.87404479999999,37.5165146,37.9407276,C3,C3: limit warming to 2°C (>67%)
MESSAGEix-GLOBIOM_1.1,EN_NPi2020_1000_DR2p,12.369035492,16.99761300510696,23.79896992718158,28.46224926367016,31.00682021725408,33.19681631529896,35.71767940321105,36.87404479999999,37.5165146,37.9407276,C3,C3: limit warming to 2°C (>67%)
MESSAGEix-GLOBIOM_1.1,EN_NPi2020_1000_DR3p,12.369035492,16.70871594292181,22.9808620402885,28.27975088499965,30.99216113460916,33.17621457253972,35.69035000555346,36.83928388588957,37.5165146,37.9407276,C3,C3: limit warming to 2°C (>67%)
MESSAGEix-GLOBIOM_1.1,EN_NPi2020_1000_DR4p,12.369035492,15.99128998718818,21.20262540708776,26.10097419117509,30.11813728726236,32.35586068744249,34.57903084713572,35.89281890329865,37.33385245886466,37.9407276,C3,C3: limit warming to 2°C (>67%)
MESSAGEix-GLOBIOM_1.1,EN_NPi2020_1000f,12.369035492,15.4437416645589,19.42566995645682,21.62752178656144,25.90787453869476,29.27786098259804,33.64010219397559,36.7680117261238,37.49933761046629,37.9407276,C3,C3: limit warming to 2°C (>67%)
MESSAGEix-GLOBIOM_1.1,EN_NPi2020_1000f_COV,12.369035492,15.4306525645589,18.91205792851852,21.46598033587041,24.47306282074732,27.53766963294706,32.36478077969148,36.02864211939931,37.47215150610943,37.9407276,C3,C3: limit warming to 2°C (>67%)
MESSAGEix-GLOBIOM_1.1,EN_NPi2020_1000f_DR10p,12.369035492,15.38660962564995,15.91740679823558,16.53800202518199,20.1126232699789,22.42711985008418,27.835892565405,32.91938978850223,34.38652559946515,34.97861770148143,C4,C4: limit warming to 2°C (>50%)
MESSAGEix-GLOBIOM_1.1,EN_NPi2020_1000f_DR1p,12.369035492,17.699266979868,23.82697934006333,28.70915845288316,31.02877385486139,33.21639196388652,35.73456294268094,36.8740448,37.5165146,37.9407276,C3,C3: limit warming to 2°C (>67%)
MESSAGEix-GLOBIOM_1.1,EN_NPi2020_1000f_DR2p,12.369035492,16.99761300510696,23.79423025677028,28.49158639664383,30.99216113460916,33.17621457253971,35.69035000555346,36.83928388588956,37.5165146,37.9407276,C3,C3: limit warming to 2°C (>67%)
MESSAGEix-GLOBIOM_1.1,EN_NPi2020_1000f_DR3p,12.369035492,16.70871594292181,22.98255688819784,27.75064868868671,30.99216113460916,33.17621457253972,35.69035000555346,36.83928388588957,37.5165146,37.9407276,C3,C3: limit warming to 2°C (>67%)
MESSAGEix-GLOBIOM_1.1,EN_NPi2020_1000f_DR4p,12.369035492,15.99128998718818,20.63834983831885,23.66071352840464,28.45502345569639,31.11271052848937,34.60653064336951,36.79967189388622,37.5165146,37.9407276,C3,C3: limit warming to 2°C (>67%)
MESSAGEix-GLOBIOM_1.1,EN_NPi2020_1200,12.369035492,15.4437416645589,19.45646010753359,21.48837938620306,26.2033058666664,29.38168182339888,33.45699536727851,36.79967189388621,37.5165146,37.9407276,C3,C3: limit warming to 2°C (>67%)
MESSAGEix-GLOBIOM_1.1,EN_NPi2020_1200_COV,12.369035492,15.4306525645589,18.37557338848422,21.44925905307745,24.7464734845614,27.92069205231433,32.67912366730216,36.01392865734979,37.5165146,37.9407276,C3,C3: limit warming to 2°C (>67%)
MESSAGEix-GLOBIOM_1.1,EN_NPi2020_1200f,12.369035492,15.4437416645589,19.17951689786991,21.45435343268712,24.84970256984631,28.46426109674747,33.24911161027788,36.81133851674711,37.51576926132322,37.9407276,C4,C4: limit warming to 2°C (>50%)
MESSAGEix-GLOBIOM_1.1,EN_NPi2020_1200f_COV,12.369035492,15.4306525645589,18.33556611885373,21.2988021813221,23.78782675203131,26.71825113809573,31.7962066164588,36.01749515316094,37.41962354995162,37.9407276,C4,C4: limit warming to 2°C (>50%)
MESSAGEix-GLOBIOM_1.1,EN_NPi2020_1400,12.369035492,15.4437416645589,19.12542567100334,21.45245001476285,24.87969582636173,28.63642812944295,33.48509069954441,36.71519280537552,37.41962354995163,37.9407276,C4,C4: limit warming to 2°C (>50%)
MESSAGEix-GLOBIOM_1.1,EN_NPi2020_1400_COV,12.369035492,15.4306525645589,18.00405632174992,21.28924986822125,23.77827443893045,26.57689900875407,32.80940962444984,36.01472536319455,37.41962354995162,37.9407276,C4,C4: limit warming to 2°C (>50%)
MESSAGEix-GLOBIOM_1.1,EN_NPi2020_1400f,12.369035492,15.4437416645589,19.12392123794337,21.36508421476285,24.09646574974445,27.09880121672224,33.06423955998691,36.23576999819284,37.51576926132322,37.9407276,C4,C4: limit warming to 2°C (>50%)
MESSAGEix-GLOBIOM_1.1,EN_NPi2020_1400f_COV,12.369035492,15.4306525645589,17.96582106815913,20.91063943838791,23.2989596041483,25.62723618684189,31.92382640347124,35.80294277935372,37.25856422669646,37.9407276,C4,C4: limit warming to 2°C (>50%)
MESSAGEix-GLOBIOM_1.1,EN_NPi2020_1600,12.369035492,15.4437416645589,19.16242834251837,21.36508421476285,23.94083929429871,26.43394042000288,33.45524811393267,36.08014354274712,37.51576926132322,37.9407276,C4,C4: limit warming to 2°C (>50%)
MESSAGEix-GLOBIOM_1.1,EN_NPi2020_1600_COV,12.369035492,15.4306525645589,17.44942336672952,20.41857711918599,22.97175036382617,25.73209263630173,32.34208672096008,35.85928915577116,37.3149106031139,37.9407276,C4,C4: limit warming to 2°C (>50%)
MESSAGEix-GLOBIOM_1.1,EN_NPi2020_1600f,12.369035492,15.4437416645589,19.12247407397597,21.33375641628429,23.1383639542672,26.16352299673913,33.12447041708153,36.010876618183,37.41962354995163,37.9407276,C5,C5: limit warming to 2.5°C (>50%)
MESSAGEix-GLOBIOM_1.1,EN_NPi2020_1600f_COV,12.369035492,15.4306525645589,17.45997717706896,20.41857711918599,22.97175036382617,24.99583063602978,32.18174133170302,35.81478029228585,37.27040173962858,37.9407276,C4,C4: limit warming to 2°C (>50%)
MESSAGEix-GLOBIOM_1.1,EN_NPi2020_1800,12.369035492,15.4437416645589,18.53694961318738,20.94395334453893,23.0213254453748,25.70852417937833,32.60075574834865,35.97529507495094,37.42258741638794,37.9407276,C5,C5: limit warming to 2.5°C (>50%)
MESSAGEix-GLOBIOM_1.1,EN_NPi2020_1800_COV,12.369035492,15.4306525645589,17.08751781905028,20.4137379485168,22.8610359251183,24.91079361769671,32.12829686224347,35.73516459616172,37.27417227558551,37.9407276,C5,C5: limit warming to 2.5°C (>50%)
MESSAGEix-GLOBIOM_1.1,EN_NPi2020_1800f,12.369035492,15.4437416645589,18.36120761159266,20.81551512034095,22.98829713118295,25.1094532779738,32.51312179809862,35.92573044920066,37.37302279063766,37.9407276,C5,C5: limit warming to 2.5°C (>50%)
MESSAGEix-GLOBIOM_1.1,EN_NPi2020_1800f_COV,12.369035492,15.4306525645589,17.10146938141077,20.41117444298644,22.85434792860794,24.25078644490151,30.23525473747048,35.78913463503286,37.37231539321506,37.9407276,C5,C5: limit warming to 2.5°C (>50%)
MESSAGEix-GLOBIOM_1.1,EN_NPi2020_2000,12.369035492,15.4437416645589,17.96732654398972,20.440800452174,22.89115393118295,24.90677728927153,32.18572951049408,35.92573044920066,37.37302279063766,37.9407276,C5,C5: limit warming to 2.5°C (>50%)
MESSAGEix-GLOBIOM_1.1,EN_NPi2020_2000_COV,12.369035492,15.4306525645589,17.03782637504032,20.32800571904583,22.84490617308018,24.15982125279324,29.25793414865644,35.72886950035591,37.37524416336943,37.9407276,C5,C5: limit warming to 2.5°C (>50%)
MESSAGEix-GLOBIOM_1.1,EN_NPi2020_2000f,12.369035492,15.4437416645589,18.11604061182765,20.64861631420392,22.89115393118295,24.30609196135332,30.32223527277007,35.92573044920066,37.37302279063766,37.9407276,C5,C5: limit warming to 2.5°C (>50%)
MESSAGEix-GLOBIOM_1.1,EN_NPi2020_2000f_COV,12.369035492,15.4306525645589,17.02779657677241,20.30808334495727,22.79036698518233,24.0477971180149,28.84602974326317,35.46169840406657,37.39240440559823,37.9407276,C5,C5: limit warming to 2.5°C (>50%)
MESSAGEix-GLOBIOM_1.1,EN_NPi2020_200f,12.369035492,15.4437416645589,23.43592470556235,27.79864900732604,31.10767593405345,33.7210624364641,35.52857192233889,36.64105824920495,37.28278271052816,37.9407276,C2,C2: return warming to 1.5°C (>50%) after a high overshoot
MESSAGEix-GLOBIOM_1.1,EN_NPi2020_2500,12.369035492,15.4437416645589,17.1193994283008,19.91360146678692,21.72349375790127,23.7973406857113,27.72348453840431,34.61403998100691,37.40971884398555,37.9407276,C5,C5: limit warming to 2.5°C (>50%)
MESSAGEix-GLOBIOM_1.1,EN_NPi2020_2500_COV,12.369035492,15.4306525645589,16.41886673678184,18.57502515480388,20.84186689352745,22.6908289002733,26.32608654073329,31.84376951940277,37.40211704023366,37.9407276,C5,C5: limit warming to 2.5°C (>50%)
MESSAGEix-GLOBIOM_1.1,EN_NPi2020_2500f,12.369035492,15.4437416645589,17.16476448746839,19.95021059586401,22.29883880968442,23.80188233827057,27.69744276661277,34.55812399912534,37.40971884398555,37.9407276,C5,C5: limit warming to 2.5°C (>50%)
MESSAGEix-GLOBIOM_1.1,EN_NPi2020_2500f_COV,12.369035492,15.4306525645589,16.53319960286064,18.95020576425079,20.84186689352745,22.6908289002733,26.28622397013979,31.66734164509213,37.30745288423366,37.9407276,C5,C5: limit warming to 2.5°C (>50%)
MESSAGEix-GLOBIOM_1.1,EN_NPi2020_3000,12.369035492,15.4437416645589,16.57823542985509,18.11304388375752,20.67050112914404,21.94897010349861,25.80064310005606,30.45844789742506,37.37866309018348,37.9407276,C6,C6: limit warming to 3°C (>50%)
MESSAGEix-GLOBIOM_1.1,EN_NPi2020_3000_COV,12.369035492,15.4306525645589,16.30971064738697,17.21976617888274,20.50386676996692,22.00639002029097,25.06189546417791,30.09627871016843,37.30745288423367,37.9407276,C6,C6: limit warming to 3°C (>50%)
MESSAGEix-GLOBIOM_1.1,EN_NPi2020_3000f,12.369035492,15.4437416645589,16.59168386320212,17.74018900004867,20.67697530160846,22.0508307329356,25.82041484535705,30.50302944361178,37.39154818455614,37.9407276,C6,C6: limit warming to 3°C (>50%)
MESSAGEix-GLOBIOM_1.1,EN_NPi2020_3000f_COV,12.369035492,15.4306525645589,16.30971064738697,17.21976617888274,20.68274302510032,22.03307117409891,25.06189546417791,30.11751189164209,37.30745288423367,37.9407276,C6,C6: limit warming to 3°C (>50%)
MESSAGEix-GLOBIOM_1.1,EN_NPi2020_300f,12.369035492,15.4437416645589,22.69226450553139,27.20298559823266,30.73465083097148,33.19681631529896,35.71767940321105,36.64105824920495,37.28278271052816,37.9407276,C2,C2: return warming to 1.5°C (>50%) after a high overshoot
MESSAGEix-GLOBIOM_1.1,EN_NPi2020_400f,12.369035492,15.4437416645589,22.16541184539151,26.91984644805402,30.46200074514725,33.09783136453971,35.61196679755346,36.60629733509452,37.28278271052817,37.9407276,C2,C2: return warming to 1.5°C (>50%) after a high overshoot
MESSAGEix-GLOBIOM_1.1,EN_NPi2020_450,12.369035492,15.4437416645589,23.53219795055642,27.97649598163726,31.26784510513886,33.5289492103545,34.91007364981751,36.10680850058316,37.22399948392487,37.9407276,C1,C1: limit warming to 1.5°C (>50%) with no or limited overshoot
MESSAGEix-GLOBIOM_1.1,EN_NPi2020_450f,12.369035492,15.4437416645589,21.70165830454662,26.60784827417602,30.09958281384454,32.774249564895,35.61196679755346,36.60629733509451,37.28278271052816,37.9407276,C2,C2: return warming to 1.5°C (>50%) after a high overshoot
MESSAGEix-GLOBIOM_1.1,EN_NPi2020_500,12.369035492,15.4437416645589,23.6422472351642,28.19194915305235,31.60821087281609,33.80308947176427,35.53387347910861,36.33461673631356,37.41962354995163,37.9407276,C1,C1: limit warming to 1.5°C (>50%) with no or limited overshoot
MESSAGEix-GLOBIOM_1.1,EN_NPi2020_500f,12.369035492,15.4437416645589,21.07756005991934,25.87055776132943,29.51270501316809,31.83552453204049,34.96671138819651,36.77789908862841,37.41962354995163,37.94072759999999,C2,C2: return warming to 1.5°C (>50%) after a high overshoot
MESSAGEix-GLOBIOM_1.1,EN_NPi2020_600,12.369035492,15.4437416645589,23.477439886237,27.90401015529996,31.23607609940615,33.51865782911819,34.88520216747867,36.23152466197942,37.30885115205184,37.9407276,C2,C2: return warming to 1.5°C (>50%) after a high overshoot
MESSAGEix-GLOBIOM_1.1,EN_NPi2020_600_COV,12.369035492,15.4306525645589,22.15869035318545,26.59556492149763,30.71644371885449,33.0990430829245,35.12509392764306,36.74793000590272,37.41962354995162,37.9407276,C1,C1: limit warming to 1.5°C (>50%) with no or limited overshoot
MESSAGEix-GLOBIOM_1.1,EN_NPi2020_600_DR10p,12.369035492,15.38660962564995,20.03421889788349,25.14030176295087,27.49513092711709,28.43423613751596,29.32342017870955,30.22341617490424,30.66717205519773,31.02182607848445,C2,C2: return warming to 1.5°C (>50%) after a high overshoot
MESSAGEix-GLOBIOM_1.1,EN_NPi2020_600_DR1p,12.369035492,17.699266979868,24.05921435690032,29.12245492969255,31.60200081435858,34.02199997144642,35.91869819999999,36.87404479999999,37.5165146,37.9407276,C1,C1: limit warming to 1.5°C (>50%) with no or limited overshoot
MESSAGEix-GLOBIOM_1.1,EN_NPi2020_600_DR2p,12.369035492,16.99761300510696,23.9664743712997,28.97161978961499,31.37984532033604,33.7210624364641,35.52857192233888,36.8740448,37.5165146,37.9407276,C1,C1: limit warming to 1.5°C (>50%) with no or limited overshoot
MESSAGEix-GLOBIOM_1.1,EN_NPi2020_600_DR3p,12.369035492,16.70871594292181,24.04345457232828,29.05289771313899,31.50824548568874,33.5970410371182,35.2178185276234,36.8740448,37.51651460000001,37.9407276,C1,C1: limit warming to 1.5°C (>50%) with no or limited overshoot
MESSAGEix-GLOBIOM_1.1,EN_NPi2020_600_DR4p,12.369035492,15.99128998718818,23.51762792066437,27.95638604789003,31.23607609940615,33.30093957682972,34.66748391519019,36.08420128916572,37.00420709536016,37.9407276,C1,C1: limit warming to 1.5°C (>50%) with no or limited overshoot
MESSAGEix-GLOBIOM_1.1,EN_NPi2020_600f,12.369035492,15.4437416645589,20.85156628890545,24.95757416848586,29.12121261507247,31.58524280555238,34.87819268176127,36.80548841016564,37.51576926132321,37.9407276,C2,C2: return warming to 1.5°C (>50%) after a high overshoot
MESSAGEix-GLOBIOM_1.1,EN_NPi2020_600f_COV,12.369035492,15.4306525645589,20.3237878639777,23.255557428045,27.03992764509452,29.82854610627453,34.26675023658317,36.79134278798048,37.5165146,37.9407276,C2,C2: return warming to 1.5°C (>50%) after a high overshoot
MESSAGEix-GLOBIOM_1.1,EN_NPi2020_600f_DR10p,12.369035492,15.38660962564995,16.22412797608372,19.06370775392758,22.18823259097954,24.51914118680083,31.1754991226664,32.49414324090078,33.79861808706038,34.37198487316308,C2,C2: return warming to 1.5°C (>50%) after a high overshoot
MESSAGEix-GLOBIOM_1.1,EN_NPi2020_600f_DR1p,12.369035492,17.699266979868,23.99448378418144,28.9957261896603,31.40179895794336,33.74063808505166,35.54545546180878,36.87404479999999,37.5165146,37.9407276,C2,C2: return warming to 1.5°C (>50%) after a high overshoot
MESSAGEix-GLOBIOM_1.1,EN_NPi2020_600f_DR2p,12.369035492,16.99761300510696,23.96217610398073,28.97161978961499,31.37984532033604,33.7210624364641,35.52857192233888,36.8740448,37.5165146,37.9407276,C2,C2: return warming to 1.5°C (>50%) after a high overshoot
MESSAGEix-GLOBIOM_1.1,EN_NPi2020_600f_DR3p,12.369035492,16.70871594292181,23.7904766559754,28.70757391902814,31.00682021725407,33.15972671579809,35.68058980371018,36.8740448,37.5165146,37.9407276,C2,C2: return warming to 1.5°C (>50%) after a high overshoot
MESSAGEix-GLOBIOM_1.1,EN_NPi2020_600f_DR4p,12.369035492,15.99128998718818,22.35397313092346,26.835161062903,30.27123502147512,33.02616210736576,35.61196679755346,36.83928388588957,37.5165146,37.9407276,C2,C2: return warming to 1.5°C (>50%) after a high overshoot
MESSAGEix-GLOBIOM_1.1,EN_NPi2020_700,12.369035492,15.4437416645589,22.34197123688296,27.07430119098869,30.71999174832657,33.09783136453971,35.3677914543671,36.36212199190815,37.35767942487163,37.9407276,C2,C2: return warming to 1.5°C (>50%) after a high overshoot
MESSAGEix-GLOBIOM_1.1,EN_NPi2020_700_COV,12.369035492,15.4306525645589,21.18461916822666,25.78528162161033,28.86412249930746,31.36407369398873,34.56286944028329,36.79317664988275,37.4972572321926,37.9407276,C2,C2: return warming to 1.5°C (>50%) after a high overshoot
MESSAGEix-GLOBIOM_1.1,EN_NPi2020_700f,12.369035492,15.4437416645589,20.5959887505343,23.59182438711054,28.05015037777252,30.73492781569632,34.51882923867222,36.79967189388622,37.51576926132321,37.9407276,C2,C2: return warming to 1.5°C (>50%) after a high overshoot
MESSAGEix-GLOBIOM_1.1,EN_NPi2020_700f_COV,12.369035492,15.4306525645589,19.84236932506663,22.51332538321042,26.62267227822276,29.34387165760069,33.63978641715773,36.79134278798048,37.51576926132321,37.9407276,C2,C2: return warming to 1.5°C (>50%) after a high overshoot
MESSAGEix-GLOBIOM_1.1,EN_NPi2020_800,12.369035492,15.4437416645589,21.21894794979382,26.52740971660477,30.04272142798819,32.8204801329064,35.42727804459833,36.77645238347825,37.41962354995163,37.9407276,C3,C3: limit warming to 2°C (>67%)
MESSAGEix-GLOBIOM_1.1,EN_NPi2020_800_COV,12.369035492,15.4306525645589,20.57795448948376,24.59528211819946,28.04861471627189,30.44984662744067,34.50263229891983,36.55835623718543,37.41962354995162,37.9407276,C3,C3: limit warming to 2°C (>67%)
MESSAGEix-GLOBIOM_1.1,EN_NPi2020_800f,12.369035492,15.4437416645589,20.11313536099902,23.11688906152574,27.46493692340822,30.49294470599992,34.38209080359636,36.79967189388622,37.51576926132322,37.9407276,C3,C3: limit warming to 2°C (>67%)
MESSAGEix-GLOBIOM_1.1,EN_NPi2020_800f_COV,12.369035492,15.4306525645589,19.35668506408916,22.1374977516004,26.2601497641174,28.70253300653977,33.05099706822931,36.4397230095239,37.41962354995163,37.9407276,C3,C3: limit warming to 2°C (>67%)
MESSAGEix-GLOBIOM_1.1,EN_NPi2020_900,12.369035492,15.4437416645589,20.73513869304825,24.83627140133368,28.92113967653419,31.7955882629735,34.63492937925766,36.56668534309117,37.32350848331587,37.9407276,C3,C3: limit warming to 2°C (>67%)
MESSAGEix-GLOBIOM_1.1,EN_NPi2020_900_COV,12.369035492,15.4306525645589,19.64985355631696,23.32536464657624,27.320435279652,29.98965466859825,34.26675023658317,36.65587451693282,37.41962354995163,37.9407276,C3,C3: limit warming to 2°C (>67%)
MESSAGEix-GLOBIOM_1.1,EN_NPi2020_900f,12.369035492,15.4437416645589,19.9015148393033,22.59268957053468,26.91058039855507,30.14127205238374,34.22546303196617,36.79967189388622,37.5165146,37.9407276,C3,C3: limit warming to 2°C (>67%)
MESSAGEix-GLOBIOM_1.1,EN_NPi2020_900f_COV,12.369035492,15.4306525645589,19.38678503946582,21.58997851084419,25.17786898143853,27.70099278304334,32.42542057986195,36.091323683652,37.24291400749699,37.9407276,C3,C3: limit warming to 2°C (>67%)
MESSAGEix-GLOBIOM_1.1,EN_NPi2100,12.369035492,15.4437416645589,16.06522890959037,16.46391288518692,16.7378404495915,17.03572650886782,20.93008442817774,22.16201798757638,24.14889679852092,24.44485557159431,C7,C7: limit warming to 4°C (>50%)
MESSAGEix-GLOBIOM_1.1,EN_NPi2100_COV,12.369035492,15.4306525645589,15.9466163732821,16.35838944887865,16.63231701328323,16.93636001863238,20.83768818487024,22.07930122238105,24.08301416510877,24.3935440831044,C7,C7: limit warming to 4°C (>50%)
MESSAGEix-GLOBIOM_1.1,EN_NoPolicy,12.369035492,14.71519693266428,15.28723095016854,15.71124832814417,15.98517589254875,16.28306195182506,19.42689195307199,20.15059577885266,21.11740377807792,21.37740695115132,C7,C7: limit warming to 4°C (>50%)
MESSAGEix-GLOBIOM_1.1,NGFS2_Below 2°C,12.36903549,15.43065256,19.39964087,22.43463195,26.56667602,28.76631355,33.82522248,36.6077953,37.5165146,37.9407276,C3,C3: limit warming to 2°C (>67%)
MESSAGEix-GLOBIOM_1.1,NGFS2_Current Policies,12.36903549,15.43065256,15.94661637,16.35838945,16.63231701,16.98414958,21.20256764,22.96268116,25.87626193,26.15390066,C7,C7: limit warming to 4°C (>50%)
MESSAGEix-GLOBIOM_1.1,NGFS2_Delayed Transition,12.36903549,15.43065256,15.94661637,25.40489589,28.94291541,32.32840859,35.21603353,36.50362727,37.5165146,37.9407276,C3,C3: limit warming to 2°C (>67%)
MESSAGEix-GLOBIOM_1.1,NGFS2_Divergent Net Zero Policies,12.36903549,15.43065256,22.27799124,26.77834947,30.56833219,32.31700848,34.96086905,36.74793001,37.41962355,37.9407276,C1,C1: limit warming to 1.5°C (>50%) with no or limited overshoot
MESSAGEix-GLOBIOM_1.1,NGFS2_Nationally Determined Contributions (NDCs),12.36903549,15.43065256,16.21733033,20.62187289,22.76450292,24.98263426,26.86235983,32.5184311,35.7717034,37.2376416,C5,C5: limit warming to 2.5°C (>50%)
MESSAGEix-GLOBIOM_1.1,NGFS2_Net-Zero 2050,12.36903549,15.43065256,22.15873279,26.642801,30.71644372,32.95572551,35.464226,36.73724846,37.41962355,37.9407276,C1,C1: limit warming to 1.5°C (>50%) with no or limited overshoot
MESSAGEix-GLOBIOM_1.2,COV_GreenPush,12.369035492,14.6102384241711,15.1515888798715,15.5755261297284,15.8495338222517,16.0783094213375,19.1438998266656,19.7823303261303,20.6916287253479,20.8295026813479,C7,C7: limit warming to 4°C (>50%)
MESSAGEix-GLOBIOM_1.2,COV_GreenPush_1000,12.369035492,14.6102384241711,19.0110157092024,22.3034273251186,26.8501634851135,29.2303973717191,34.275992958142,35.8865556798472,37.5165146,37.9407276,C3,C3: limit warming to 2°C (>67%)
MESSAGEix-GLOBIOM_1.2,COV_GreenPush_550,12.369035492,14.6102384241711,22.8844534350205,27.8959525772916,31.3775925234685,33.3849920605638,35.1821764777987,36.3938623221262,37.3831997675055,37.9078232183771,C1,C1: limit warming to 1.5°C (>50%) with no or limited overshoot
MESSAGEix-GLOBIOM_1.2,COV_GreenPush_max_GDP,12.369035492,14.6102384241711,15.2421522592433,15.6660895091001,15.9400972016235,16.2094059069974,19.3208283623383,20.3395509107386,21.8512617928806,22.0352523492638,C7,C7: limit warming to 4°C (>50%)
MESSAGEix-GLOBIOM_1.2,COV_GreenPush_min_GDP,12.369035492,14.6102384241711,15.0483478302828,15.3936341765706,15.5986335220666,15.7975245302999,18.829282744292,19.4303414566557,20.2918580599004,20.4297320159004,C7,C7: limit warming to 4°C (>50%)
MESSAGEix-GLOBIOM_1.2,COV_NoPolicyNoCOVID,12.369035492,14.6480034127488,15.2690129519512,15.6929502018081,15.9669578943314,16.2099572363619,19.2915949970096,19.9449033844231,20.8704788763845,21.0083528323845,C7,C7: limit warming to 4°C (>50%)
MESSAGEix-GLOBIOM_1.2,COV_NoPolicyNoCOVID_1000,12.369035492,14.6480034127488,19.6873764830968,23.639639441751,28.0450912739233,31.5151469792729,35.4888111767106,36.7956861774398,37.5165146,37.9407276,C3,C3: limit warming to 2°C (>67%)
MESSAGEix-GLOBIOM_1.2,COV_NoPolicyNoCOVID_550,12.369035492,14.6480034127488,23.3593195093876,28.0942722316557,31.7008763292982,33.6763008167854,35.2322525314673,36.6114278640795,37.4329021321213,37.9407276,C1,C1: limit warming to 1.5°C (>50%) with no or limited overshoot
MESSAGEix-GLOBIOM_1.2,COV_Restore,12.369035492,14.6102384241711,15.1515888798715,15.5755261297284,15.8495338222517,16.0783094213375,19.1438998266656,19.7823303261303,20.6991654867969,20.8370394427969,C7,C7: limit warming to 4°C (>50%)
MESSAGEix-GLOBIOM_1.2,COV_Restore_1000,12.369035492,14.6102384241711,19.2772687827515,22.4838026188275,27.1204071175287,29.7170775160889,34.4987032075889,35.8193842780877,37.4332615789058,37.9407276,C3,C3: limit warming to 2°C (>67%)
MESSAGEix-GLOBIOM_1.2,COV_Restore_550,12.369035492,14.6102384241711,23.2616314511947,27.9286780923852,31.4525289970229,33.4905278093114,35.2612678061488,36.4438071617942,37.4332615789059,37.9407276,C1,C1: limit warming to 1.5°C (>50%) with no or limited overshoot
MESSAGEix-GLOBIOM_1.2,COV_SelfReliance,12.369035492,14.6102384241711,15.2421246238502,15.666061873707,15.9400695662304,16.1834168513444,19.2654761519575,19.9221290842016,20.8590931472953,21.0086053842839,C7,C7: limit warming to 4°C (>50%)
MESSAGEix-GLOBIOM_1.2,COV_SelfReliance_1000,12.369035492,14.6102384241711,19.6384048866812,22.7238324600568,27.3298262473119,30.6300409277395,34.8643844169352,36.0412351015045,37.5165146,37.9407276,C3,C3: limit warming to 2°C (>67%)
MESSAGEix-GLOBIOM_1.2,COV_SelfReliance_550,12.369035492,14.6102384241711,23.3011475248505,28.0064341029086,31.5354139506861,33.7206301182435,35.2265506614291,36.7698293596881,37.5165146,37.9407276,C1,C1: limit warming to 1.5°C (>50%) with no or limited overshoot
MESSAGEix-GLOBIOM_1.2,COV_SelfReliance_max_GDP,12.369035492,14.6102384241711,15.2683849125417,15.6923221623985,15.9663298549219,16.6538886684227,19.8450876191631,21.9133018073764,23.9612365400713,24.2370354754622,C7,C7: limit warming to 4°C (>50%)
MESSAGEix-GLOBIOM_1.2,COV_SelfReliance_min_GDP,12.369035492,14.6102384241711,15.0490297409447,15.4682706054879,15.7422782980113,15.9710538970971,19.0366443024252,19.6750748018898,20.63610987827,20.7915188404824,C7,C7: limit warming to 4°C (>50%)
MESSAGEix-GLOBIOM_1.2,COV_SmartUse,12.369035492,14.6102384241711,15.1933711048236,15.6173083546805,15.8913160472038,16.1258190558565,19.1978934320473,19.8434862691874,20.7682331065199,20.9061070625199,C7,C7: limit warming to 4°C (>50%)
MESSAGEix-GLOBIOM_1.2,COV_SmartUse_1000,12.369035492,14.6102384241711,19.4479786196524,22.4838026188275,27.1791468014871,29.898100927227,34.729173980906,36.0382214015925,37.5165146,37.9407276,C3,C3: limit warming to 2°C (>67%)
MESSAGEix-GLOBIOM_1.2,COV_SmartUse_550,12.369035492,14.6102384241711,23.2570983063457,27.9286780923852,31.4445640297427,33.6186672187702,35.465048060466,36.6341032870454,37.4332615789058,37.9407276,C1,C1: limit warming to 1.5°C (>50%) with no or limited overshoot
MESSAGEix-GLOBIOM_GEI 1.0,SSP2_int_lc_15,12.85671185875,13.7643838598315,19.7206606436928,21.6379746463938,23.4626774973521,29.1016803015784,32.9406479236746,35.8311855476595,37.2478144376044,37.8576011370869,C5,C5: limit warming to 2.5°C (>50%)
MESSAGEix-GLOBIOM_GEI 1.0,SSP2_int_lc_50,12.85671185875,13.7643838598315,19.9630092517098,24.4855441857874,27.7242424744926,32.2494229651413,35.718174352109,36.7329948346242,37.4424398662722,37.9407277052009,C3,C3: limit warming to 2°C (>67%)
MESSAGEix-GLOBIOM_GEI 1.0,SSP2_int_mc_15,12.85671185875,13.7643838598315,19.7004459785386,21.6269100303844,24.0615253789888,28.7542123057092,31.5087721008912,35.7320885199718,37.3593133507962,37.8610670389874,C5,C5: limit warming to 2.5°C (>50%)
MESSAGEix-GLOBIOM_GEI 1.0,SSP2_int_mc_50,12.85671185875,13.7643838598315,19.947539043286,24.3043239457851,27.8402722189829,32.3336558096097,35.781988160419,36.7944441659924,37.5038891750813,37.9407276356435,C2,C2: return warming to 1.5°C (>50%) after a high overshoot
MESSAGEix-GLOBIOM_GEI 1.0,SSP2_noint_lc_15,12.85671185875,13.7643838598315,19.68741865237791,21.58710207326792,23.20646584947206,28.88225763019599,32.92743625152946,35.74126247692718,37.24781466131612,37.85760135139898,C5,C5: limit warming to 2.5°C (>50%)
MESSAGEix-GLOBIOM_GEI 1.0,SSP2_noint_lc_50,12.85671185875,13.7643838598315,19.850871194578,24.3546214063143,27.5225337706188,32.4004564355127,35.7205387792326,36.7329947829261,37.442439818334,37.9407276647824,C3,C3: limit warming to 2°C (>67%)
MESSAGEix-GLOBIOM_GEI 1.0,SSP2_noint_mc_15,12.85671185875,13.7643838598315,19.6874186523779,21.5871020732679,23.8477555834112,28.5734154218248,31.6223686113918,35.7762351660956,37.3593132525699,37.8610669407611,C5,C5: limit warming to 2.5°C (>50%)
MESSAGEix-GLOBIOM_GEI 1.0,SSP2_noint_mc_50,12.85671185875,13.7643838598315,19.8508711973979,24.1237293682712,27.7524639206044,32.447142809929,35.7819879291876,36.7944439328811,37.5038889682889,37.9407274213314,C2,C2: return warming to 1.5°C (>50%) after a high overshoot
MESSAGEix-GLOBIOM_GEI 1.0,SSP2_openres_lc_100,12.85671185875,13.7643838598315,19.6106394996538,22.435911733558,24.4410191438214,25.316319935564,26.096619535564,26.642599013564,27.0686404392602,28.6936436884602,C2,C2: return warming to 1.5°C (>50%) after a high overshoot
MESSAGEix-GLOBIOM_GEI 1.0,SSP2_openres_lc_120,12.85671185875,13.7643838598315,20.5238474422202,23.2441166802425,25.2492240905059,26.0834949385059,26.6691927385058,27.1580627385059,27.4750397385059,29.2946447877058,C2,C2: return warming to 1.5°C (>50%) after a high overshoot
MESSAGEix-GLOBIOM_GEI 1.0,SSP2_openres_lc_15,12.85671185875,13.7643838598315,20.7186241971584,24.9885428903785,29.4827365338913,33.8434661345579,35.5259135588846,36.5381519234946,37.2478145495777,37.8576010779866,C5,C5: limit warming to 2.5°C (>50%)
MESSAGEix-GLOBIOM_GEI 1.0,SSP2_openres_lc_50,12.85671185875,13.7643838598315,17.8045162414665,22.0346442712424,24.0807816252483,24.9150524732483,25.8728830265078,26.4188625045078,26.9399320059078,28.6263846371078,C3,C3: limit warming to 2°C (>67%)
MESSAGEix-GLOBIOM_GEI 1.0,SSP2_openres_lc_80,12.85671185875,13.7643838598315,19.5457226410805,22.0763495937251,24.0814570039885,25.0503432837311,25.8750214189906,26.4210008969906,26.9533806423906,28.6680899595906,C2,C2: return warming to 1.5°C (>50%) after a high overshoot
MESSAGEix-GLOBIOM_GEI 1.0,SSP2_openres_lc_CB400,12.85671185875,13.7643838598315,21.6731980882924,24.0841699495125,26.0068627089759,26.8240798789759,27.3665678789759,27.8552202529759,28.1724148789759,29.5917274949759,C2,C2: return warming to 1.5°C (>50%) after a high overshoot
MESSAGEix-GLOBIOM_GEI 1.0,SSP2_openres_lc_CB450,12.85671185875,13.7643838598315,22.2549605775539,24.6529978847741,26.5761637442375,27.4058423682375,27.9483303682374,28.424028916116,28.741223542116,30.1734899842374,C2,C2: return warming to 1.5°C (>50%) after a high overshoot
MESSAGEix-GLOBIOM_GEI 1.0,SSP2_openres_lc_CB500,12.85671185875,13.7643838598315,21.5017116713562,23.8997489785763,25.8229148380397,26.6525934620397,27.1950814620397,27.6839514620397,28.0009284620397,29.4202410780397,C2,C2: return warming to 1.5°C (>50%) after a high overshoot
MESSAGEix-GLOBIOM_GEI 1.0,SSP2_openres_lc_CB550,12.85671185875,13.7643838598315,21.6876452056694,24.0856825128896,26.0088483723529,26.8385269963529,27.3810149963529,27.8698849963529,28.1868619963529,29.6061746123529,C2,C2: return warming to 1.5°C (>50%) after a high overshoot
MESSAGEix-GLOBIOM_GEI 1.0,SSP2_openres_lc_CB600,12.85671185875,13.7643838598315,21.8553465296583,24.2533838368785,26.1765496963418,27.0062283203418,27.5487163203418,28.0375863203418,28.3545633203418,29.8544634749226,C2,C2: return warming to 1.5°C (>50%) after a high overshoot
MESSAGEix-GLOBIOM_GEI 1.0,SSP2_openres_mc_15,12.85671185875,13.7643838598315,20.2957634597393,23.2556059343161,29.6867864223681,33.6134796284859,35.5259135706342,36.5381519352441,37.3593133668931,37.8610670137259,C5,C5: limit warming to 2.5°C (>50%)
MESSAGEix-GLOBIOM_GEI 1.0,SSP2_openres_mc_50,12.85671185875,13.7643838598315,22.6210704197748,27.7019069810235,32.1826357403228,34.1110291684206,35.7819881422072,36.7944441350911,37.50388914042,37.940727608502,C2,C2: return warming to 1.5°C (>50%) after a high overshoot
MUSE 1.0,PR_Baseline,12.197682082219373,16.3544,14.7896,12.2154,16.9831,18.4066,17.5019,16.1898,20.5766,22.0448,failed-vetting,failed-vetting
MUSE 1.0,PR_CP_Intensity,12.197682082219373,17.4074,16.4498,16.0155,17.445,18.2457,17.0266,16.0799,20.6666,22.2059,no-climate-assessment,no-climate-assessment
MUSE 1.0,PR_CP_Price,12.197682082219373,17.4074,16.4498,16.4322,19.3432,20.0401,20.1152,20.723,22.2992,22.8025,no-climate-assessment,no-climate-assessment
MUSE 1.0,PR_CP_PriceOnly,12.197682082219373,16.3544,14.8711,16.0103,19.8067,20.2248,19.2844,22.2452,24.99,25.8798,failed-vetting,failed-vetting
MUSE 1.0,PR_NDC_Intensity,12.197682082219373,17.4074,16.776,17.6764,21.2266,20.1291,18.4651,18.2747,22.639,24.2228,no-climate-assessment,no-climate-assessment
MUSE 1.0,PR_NDC_Price,12.197682082219373,17.4074,16.776,18.8272,18.842,20.4613,19.0716,18.529,21.5868,23.0653,no-climate-assessment,no-climate-assessment
MUSE 1.0,PR_NDC_PriceOnly,12.197682082219373,16.3544,15.2567,16.7518,17.9974,20.6696,19.8776,23.2387,25.9391,26.295,failed-vetting,failed-vetting
McKinsey 1.0,1.5C A,12.197682082219373,15.845398574799486,19.14967955155526,22.174943779768455,20.82936540484408,25.902376644156757,27.280806393032176,28.372420627857878,29.380657295549387,29.85272109512546,failed-vetting,failed-vetting
McKinsey 1.0,1.5C B,12.197682082219373,15.845398574799486,19.14967955155526,22.174943779768455,20.82936540484408,25.902376644156757,27.280806393032176,28.372420627857878,29.380657295549387,29.85272109512546,failed-vetting,failed-vetting
McKinsey 1.0,1.5C C,12.197682082219373,15.845398574799486,19.14967955155526,22.174943779768455,20.82936540484408,25.902376644156757,27.280806393032176,28.372420627857878,29.380657295549387,29.85272109512546,failed-vetting,failed-vetting
POLES ADVANCE,ADVANCE_2020_1.5C-2100,12.664684332918,16.70864501484,20.357446280868,21.281192525268,20.9066225148,20.72497882482,20.974224681,22.429583198388,23.707490980392,24.016765039704,C1,C1: limit warming to 1.5°C (>50%) with no or limited overshoot
POLES ADVANCE,ADVANCE_2020_Med2C,12.664684332918,16.708639613868,19.201081972752,20.420950909644,20.614055462208,20.98361337066,21.674592124452,22.2914317356,23.167719639036,24.079967214048,C3,C3: limit warming to 2°C (>67%)
POLES ADVANCE,ADVANCE_2020_WB2C,12.664684332918,16.708639613868,19.508318065296,20.755132451496,20.842460767764,21.3440562387,21.988903490316,22.699936053144,23.922107604432,24.882373421172,C2,C2: return warming to 1.5°C (>50%) after a high overshoot
POLES ADVANCE,ADVANCE_2030_1.5C-2100,12.664684332918,16.708639613868,19.029251848896,23.090366918052,22.352882194692,21.44580154956,21.775244638644,23.391858176712,24.11462885202,24.773461020468,C2,C2: return warming to 1.5°C (>50%) after a high overshoot
POLES ADVANCE,ADVANCE_2030_Med2C,12.664684332918,16.708639613868,19.028805368544,20.569283204652,20.817661304664,21.19885110648,21.708938705724,22.264889558868,23.010137279316,23.96898264042,C3,C3: limit warming to 2°C (>67%)
POLES ADVANCE,ADVANCE_2030_Price1.5C,12.664684332918,16.708639613868,19.028805368544,22.402702560744,21.669538614984,21.2494492125,21.48967544544,23.036686657344,23.8821530139,24.695110919988,C2,C2: return warming to 1.5°C (>50%) after a high overshoot
POLES ADVANCE,ADVANCE_2030_WB2C,12.664684332918,16.708639613868,19.028805368544,21.133342717092,20.972141706132,21.364317084996,22.026391636968,21.902911014456,23.823397639836,25.13725789212,C2,C2: return warming to 1.5°C (>50%) after a high overshoot
POLES ADVANCE,ADVANCE_INDC,12.664684332918,16.708639613868,19.028805368544,20.016203868288,20.393261926524,20.758288419468,21.210005913984,21.887896312296,22.603532303592,23.280684569064,C5,C5: limit warming to 2.5°C (>50%)
POLES ADVANCE,ADVANCE_NoPolicy,12.664684332918,16.67224246356,18.437553762408,19.3496123034,19.945283704956,20.288961955908,20.690641245168,21.16623823722,21.734440295184,22.40482514274,C7,C7: limit warming to 4°C (>50%)
POLES ADVANCE,ADVANCE_Reference,12.664684332918,16.7072767686,18.451256028372,19.351227194028,19.944037880748,20.290958515224,20.702964462948,21.169408607784,21.736363041216,22.402373101452,C7,C7: limit warming to 4°C (>50%)
POLES CD-LINKS,CD-LINKS_INDC2030i_1600,12.4778022766113,15.8488864898682,17.8323459625244,18.7588958740234,19.0173015594482,19.1109886169434,19.4815101623535,19.9694843292236,20.510570526123,21.2742328643799,failed-vetting,failed-vetting
POLES CD-LINKS,CD-LINKS_INDC2030i_400,12.4778022766113,15.8487682342529,17.8314113616943,20.6074562072754,21.0751209259033,20.5698337554932,20.6984386444092,21.25694465637211,21.8389797210693,22.7286949157715,failed-vetting,failed-vetting
POLES CD-LINKS,CD-LINKS_INDCi,12.4778022766113,15.8453493118286,17.8216896057129,18.22940444946289,18.5819664001465,18.8858127593994,19.2705574035645,19.6040859222412,20.0049686431885,20.3472576141357,failed-vetting,failed-vetting
POLES CD-LINKS,CD-LINKS_NDC2030i_1000,12.4778022766113,15.8488864898682,17.8323459625244,19.3427295684814,19.446798324585,19.2228374481201,19.5604400634766,19.9992713928223,20.6391468048096,21.4633483886719,failed-vetting,failed-vetting
POLES CD-LINKS,CD-LINKS_NPi,12.4778022766113,15.8411483764648,17.4951839447021,18.1310062408447,18.6502113342285,19.0551280975342,19.4435920715332,19.8356609344482,20.3347511291504,20.7607727050781,failed-vetting,failed-vetting
POLES CD-LINKS,CD-LINKS_NPi2020_1000,12.4778022766113,15.8419065475464,18.1714897155762,18.9263210296631,19.1594467163086,19.025239944458,19.3937530517578,19.8689098358154,20.5035800933838,21.3239784240723,failed-vetting,failed-vetting
POLES CD-LINKS,CD-LINKS_NPi2020_1600,12.4778022766113,15.8419065475464,17.9338779449463,18.4951553344727,19.0291271209717,19.1115436553955,19.5072937011719,19.9999885559082,20.5151653289795,21.2804908752441,failed-vetting,failed-vetting
POLES CD-LINKS,CD-LINKS_NPi2020_400,12.4778022766113,15.8419065475464,18.9278717041016,19.0994396209717,19.1798534393311,19.0600833892822,19.35409164428711,19.8700180053711,20.589714050293,21.7598781585693,failed-vetting,failed-vetting
POLES CD-LINKS,CD-LINKS_NoPolicy,12.4778022766113,15.950873374939,17.4722652435303,18.0656585693359,18.5851745605469,18.9663143157959,19.3166999816895,19.7439804077148,20.342960357666,20.7730693817139,C7,C7: limit warming to 4°C (>50%)
POLES EMF30,EMF30_BCOC-EndU,12.652711278156,14.995162343466,16.878156321384,18.299947797792,19.008526519008,19.325498763744,19.730026165572,20.147728338432,20.619202588524,21.172903036668,C7,C7: limit warming to 4°C (>50%)
POLES EMF30,EMF30_Baseline,12.652711278156,14.993587960128,16.875826702128,18.286461570708,18.99693783342,19.318887974016,19.734654798576,20.15492423346,20.63182105944,21.173606963352,C7,C7: limit warming to 4°C (>50%)
POLES EMF30,EMF30_CH4-Only,12.652711278156,14.993481741012,16.87257351666,18.283798891512,18.995013287064,19.317532330044,19.734609790476,20.155214085624,20.632449372516,21.171642809868,failed-vetting,failed-vetting
POLES EMF30,EMF30_ClimPolicy,12.652711278156,15.369799866084,18.452012164452,19.40054346936,19.519420663404,20.237719333896,21.048210796104,22.034626318944,22.370896236636,22.992807360492,failed-vetting,failed-vetting
POLES EMF30,EMF30_ClimPolicy+SLCF,12.652711278156,15.373639957176,18.448921008144,19.39046165496,19.551304401444,20.155579551396,20.876814550332,22.009029312312,22.256219198484,22.955027561352,failed-vetting,failed-vetting
POLES EMF30,EMF30_D_BCOC-Red,12.652711278156,14.993587960128,16.875826702128,18.286461570708,18.99693783342,19.318887974016,19.734654798576,20.15492423346,20.63182105944,21.173606963352,C7,C7: limit warming to 4°C (>50%)
POLES EMF30,EMF30_D_CH4-ClimPolicy,12.652711278156,14.993481741012,16.872571716336,18.283777287624,18.994979080908,19.317498123888,19.734561181728,20.155192481736,20.6319380805,21.174406307208,failed-vetting,failed-vetting
POLES EMF30,EMF30_D_CO2-Only,12.652711278156,15.369907885524,18.452282213052,19.399713519996,19.51697042244,20.218689909216,21.0384512397,22.030161515424,22.377575438676,23.04400317408,C4,C4: limit warming to 2°C (>50%)
POLES EMF30,EMF30_D_Frozen-CH4,12.652711278156,14.99358886029,16.87579609662,18.286418362932,18.996923430828,19.318873571424,19.7346115908,20.154866623092,20.632112711928,21.173378322204,C7,C7: limit warming to 4°C (>50%)
POLES EMF30,EMF30_D_Frozen-EF,12.652711278156,14.99358886029,16.87579609662,18.286418362932,18.996923430828,19.318873571424,19.7346115908,20.154866623092,20.632112711928,21.173378322204,C7,C7: limit warming to 4°C (>50%)
POLES EMF30,EMF30_D_Frozen-EF-EndU,12.652711278156,14.993587960128,16.875826702128,18.286461570708,18.99693783342,19.318887974016,19.734654798576,20.15492423346,20.63182105944,21.173606963352,C7,C7: limit warming to 4°C (>50%)
POLES EMF30,EMF30_D_Frozen-EF-SLCF,12.652711278156,14.99358886029,16.87579609662,18.286418362932,18.996923430828,19.318873571424,19.7346115908,20.154866623092,20.632112711928,21.173378322204,C7,C7: limit warming to 4°C (>50%)
POLES EMF30,EMF30_SLCF,12.652711278156,14.994951705558,16.875644869404,18.29734993026,19.00654256196,19.324987471728,19.730476246572,20.148858941904,20.619487039716,21.172515967008,failed-vetting,failed-vetting
POLES EMF30,EMF30_Slower-Action,12.652711278156,15.49053679482,18.404537620572,19.450270218564,20.004917637132,20.1738906468,20.401858473624,20.862788226048,21.40212568932,22.017723076908,failed-vetting,failed-vetting
POLES EMF30,EMF30_Slower-Action+SLCF,12.652711278156,15.491201114376,18.407515356468,19.455244513776,20.008529087076,20.171215365336,20.396322477324,20.863457946576,21.427497655452,22.010300341056,failed-vetting,failed-vetting
POLES EMF30,EMF30_Slower-to-faster,12.652711278156,15.49053679482,18.404537620572,20.9735495595,20.587412467332,21.107495465424,21.97461071808,22.901341899672,23.427068913504,23.87678804838,C2,C2: return warming to 1.5°C (>50%) after a high overshoot
POLES EMF30,EMF30_Slower-to-faster+SLCF,12.652711278156,15.491201114376,18.407515356468,20.968350223788,20.619024356448,21.166096011624,21.946250214108,22.885000358724,23.409116082576,23.875385595984,failed-vetting,failed-vetting
POLES EMF30,EMF30_Slower-to-faster+SLCF+HFC,12.652711278156,15.491201114376,18.407515356468,20.968350223788,20.619024356448,21.166096011624,21.946250214108,22.885000358724,23.409116082576,23.875385595984,failed-vetting,failed-vetting
POLES EMF33,EMF33_1.5C_cost100,12.4981365203857,15.0047426223755,20.9557800292969,21.1691722869873,21.5544109344482,21.0998001098633,21.6063861846924,22.4759922027588,23.0681076049805,24.0733242034912,failed-vetting,failed-vetting
POLES EMF33,EMF33_1.5C_full,12.4981365203857,15.0047464370728,20.6565570831299,21.050968170166,21.4765586853027,21.0237770080566,20.8544692993164,21.7906703948975,22.5908985137939,23.4343719482422,failed-vetting,failed-vetting
POLES EMF33,EMF33_1.5C_limbio,12.4981365203857,15.0146980285645,25.2631645202637,27.2985763549805,28.4480037689209,28.4298934936523,30.689151763916,32.9462585449219,37.078239440918,38.2831497192383,failed-vetting,failed-vetting
POLES EMF33,EMF33_1.5C_nofuel,12.4981365203857,15.004732131958,21.2003993988037,21.4001846313477,21.5396766662598,21.1919403076172,21.5297393798828,22.3093109130859,23.0852069854736,23.8657035827637,failed-vetting,failed-vetting
POLES EMF33,EMF33_Baseline,12.4981365203857,15.0047435760498,16.8297634124756,18.1465091705322,18.8496932983398,19.22279167175289,19.5920848846436,20.1878604888916,20.8293590545654,21.5014896392822,C7,C7: limit warming to 4°C (>50%)
POLES EMF33,EMF33_Med2C_cost100,12.4981365203857,15.0047426223755,18.0973262786865,19.2600898742676,19.94808578491211,20.2722682952881,20.7331619262695,21.3812580108643,22.1501312255859,22.7896518707275,C3,C3: limit warming to 2°C (>67%)
POLES EMF33,EMF33_Med2C_full,12.4981365203857,15.0047435760498,17.9976406097412,19.2542724609375,19.831335067749,20.1054840087891,20.5477542877197,21.2566814422607,22.0676441192627,22.7687606811523,C3,C3: limit warming to 2°C (>67%)
POLES EMF33,EMF33_Med2C_limbio,12.4981365203857,15.0047445297241,18.53287124633789,19.6436862945557,20.22649574279789,20.6667175292969,21.595193862915,23.1317310333252,23.8776721954346,24.6601905822754,C3,C3: limit warming to 2°C (>67%)
POLES EMF33,EMF33_Med2C_nobeccs,12.4981365203857,15.0047464370728,18.5259304046631,20.0829906463623,20.5654983520508,20.3690509796143,20.4069919586182,21.1653003692627,21.6526165008545,22.3012466430664,C3,C3: limit warming to 2°C (>67%)
POLES EMF33,EMF33_Med2C_nofuel,12.4981365203857,15.0047302246094,17.9982299804688,19.2372131347656,19.8072261810303,20.0718955993652,20.4699268341064,21.2168998718262,22.0507335662842,22.844934463501,C3,C3: limit warming to 2°C (>67%)
POLES EMF33,EMF33_Med2C_none,12.4981365203857,15.004732131958,18.5918102264404,20.078821182251,20.4872531890869,20.2436923980713,20.2427806854248,20.9251651763916,21.4091930389404,22.0762767791748,C3,C3: limit warming to 2°C (>67%)
POLES EMF33,EMF33_WB2C_cost100,12.4981365203857,15.0047426223755,18.725980758667,20.0790157318115,20.4851779937744,20.5961513519287,20.9672622680664,21.7987689971924,22.3982543945312,23.2110576629639,C1,C1: limit warming to 1.5°C (>50%) with no or limited overshoot
POLES EMF33,EMF33_WB2C_full,12.4981365203857,15.0047464370728,18.6784381866455,19.9697875976562,20.4074401855469,20.4661121368408,20.7588329315186,21.7404384613037,22.3891868591309,23.3017807006836,C1,C1: limit warming to 1.5°C (>50%) with no or limited overshoot
POLES EMF33,EMF33_WB2C_limbio,12.4981365203857,15.0047464370728,19.0813674926758,21.3847923278809,21.9591808319092,21.8873996734619,22.4485569000244,23.9177703857422,24.2334289550781,25.437370300293,failed-vetting,failed-vetting
POLES EMF33,EMF33_WB2C_nobeccs,12.4981365203857,15.0047464370728,19.7655410766602,21.0890159606934,20.8476219177246,20.43366050720211,20.6050033569336,21.3632831573486,22.05527305603031,22.8329906463623,failed-vetting,failed-vetting
POLES EMF33,EMF33_WB2C_nofuel,12.4981365203857,15.004732131958,18.7932109832764,20.0611763000488,20.387825012207,20.3726844787598,20.630916595459,21.3373241424561,22.02202033996581,23.109130859375,C1,C1: limit warming to 1.5°C (>50%) with no or limited overshoot
POLES EMF33,EMF33_WB2C_none,12.4981365203857,15.004732131958,19.76356315612789,21.152738571167,20.8710136413574,20.3843822479248,20.685583114624,21.4487495422363,22.1057071685791,22.7825660705566,failed-vetting,failed-vetting
POLES EMF33,EMF33_tax_hi_full,12.4981365203857,14.9941034317017,17.5832004547119,18.811336517334,19.6557235717773,20.2655982971191,20.8464050292969,21.6584396362305,22.8161430358887,24.1861896514893,C4,C4: limit warming to 2°C (>50%)
POLES EMF33,EMF33_tax_hi_none,12.4981365203857,14.9940900802612,17.5867137908936,18.8048362731934,19.6012134552002,20.0643978118896,20.5786304473877,21.5206642150879,22.5611457824707,23.4059753417969,C4,C4: limit warming to 2°C (>50%)
POLES EMF33,EMF33_tax_lo_full,12.4981365203857,14.9941034317017,17.2939205169678,18.5281162261963,19.2444648742676,19.72593879699711,20.2493324279785,21.00732421875,21.8486270904541,22.9716625213623,C5,C5: limit warming to 2.5°C (>50%)
POLES EMF33,EMF33_tax_lo_none,12.4981365203857,14.9940900802612,17.3061008453369,18.5207843780518,19.226490020752,19.661319732666,20.1936492919922,20.9561023712158,21.7177639007568,22.5806999206543,C5,C5: limit warming to 2.5°C (>50%)
POLES ENGAGE,EN_INDCi2030_1000,12.70845127105713,17.4927864074707,19.98848342895508,27.21242904663086,28.19198799133301,27.84161186218262,27.45063591003418,27.2081184387207,26.80565452575684,26.46107482910156,C4,C4: limit warming to 2°C (>50%)
POLES ENGAGE,EN_INDCi2030_1000_COV,12.70845127105713,17.4717960357666,19.85245895385743,24.99848747253418,26.09015274047852,26.34111976623535,26.58787155151367,26.79043579101562,26.92324447631836,26.9026927947998,C4,C4: limit warming to 2°C (>50%)
POLES ENGAGE,EN_INDCi2030_1000_COV_NDCp,12.70845127105713,17.47179794311523,20.01607322692871,24.89647102355957,26.06101226806641,26.38389778137207,26.63399505615234,26.8753433227539,26.96142387390137,26.97304534912109,C4,C4: limit warming to 2°C (>50%)
POLES ENGAGE,EN_INDCi2030_1000_NDCp,12.70845127105713,17.49345397949219,20.1063404083252,26.11295700073243,27.23910903930664,27.28388023376465,27.07714653015137,27.1613597869873,27.26361656188965,26.96881675720215,C4,C4: limit warming to 2°C (>50%)
POLES ENGAGE,EN_INDCi2030_1000f,12.70845127105713,17.4927864074707,19.98848342895508,24.1860466003418,25.61578941345215,26.22780799865723,26.72431564331055,26.9056339263916,27.03800582885743,27.02322769165039,C4,C4: limit warming to 2°C (>50%)
POLES ENGAGE,EN_INDCi2030_1000f_COV,12.70845127105713,17.4717960357666,19.85245895385743,23.50208473205566,24.89608955383301,25.55379676818848,26.36474990844727,26.80637741088867,27.24655151367188,27.46903038024902,C4,C4: limit warming to 2°C (>50%)
POLES ENGAGE,EN_INDCi2030_1000f_COV_NDCp,12.70845127105713,17.47179794311523,20.0161075592041,23.29442024230957,24.51118278503418,25.37736320495605,26.23102569580078,26.81230545043945,27.21943092346192,27.56822967529297,C4,C4: limit warming to 2°C (>50%)
POLES ENGAGE,EN_INDCi2030_1000f_NDCp,12.70845127105713,17.49345397949219,20.10633277893066,23.9481372833252,25.52228736877441,26.13865280151367,26.70627975463867,27.03680038452148,27.45253372192383,27.6363353729248,C4,C4: limit warming to 2°C (>50%)
POLES ENGAGE,EN_INDCi2030_1200,12.70845127105713,17.4927864074707,19.98848342895508,23.77827835083008,25.24384117126465,25.71861267089844,26.33012199401855,26.5948314666748,26.75256538391113,26.90420341491699,C4,C4: limit warming to 2°C (>50%)
POLES ENGAGE,EN_INDCi2030_1200f,12.70845127105713,17.4927864074707,19.98848342895508,23.07793235778809,24.27105522155762,25.12014579772949,26.01515388488769,26.63531684875488,27.11763763427734,27.5265064239502,C4,C4: limit warming to 2°C (>50%)
POLES ENGAGE,EN_INDCi2030_1400,12.70845127105713,17.4927864074707,19.98848342895508,22.49026107788086,23.6823844909668,24.4571475982666,25.22085380554199,25.76250839233398,26.29758453369141,26.42900657653809,C5,C5: limit warming to 2.5°C (>50%)
POLES ENGAGE,EN_INDCi2030_1400f,12.70845127105713,17.4927864074707,19.98848342895508,22.43136787414551,23.64261627197266,24.38918876647949,25.16794395446777,25.68970489501953,26.24933433532715,26.89053153991699,C5,C5: limit warming to 2.5°C (>50%)
POLES ENGAGE,EN_INDCi2030_1600,12.70845127105713,17.4927864074707,19.98848342895508,22.04413414001465,23.33444213867188,24.05910301208496,24.80412483215332,25.30356216430664,25.84207916259766,26.23237991333008,C5,C5: limit warming to 2.5°C (>50%)
POLES ENGAGE,EN_INDCi2030_1600f,12.70845127105713,17.4927864074707,19.98848342895508,22.04413414001465,23.33444213867188,24.05910301208496,24.80412483215332,25.30356216430664,25.84207916259766,26.23237991333008,C5,C5: limit warming to 2.5°C (>50%)
POLES ENGAGE,EN_INDCi2030_1800,12.70845127105713,17.4927864074707,19.98848342895508,21.81534004211425,23.15949440002441,24.06339263916016,24.66129684448243,25.33841133117676,25.71744346618652,26.02137184143066,C5,C5: limit warming to 2.5°C (>50%)
POLES ENGAGE,EN_INDCi2030_1800f,12.70845127105713,17.4927864074707,19.98848342895508,21.81534004211425,23.15949440002441,24.06339263916016,24.66129684448243,25.33841133117676,25.71744346618652,26.02137184143066,C5,C5: limit warming to 2.5°C (>50%)
POLES ENGAGE,EN_INDCi2030_2000,12.70845127105713,17.4927864074707,19.98848342895508,21.7539005279541,23.07253837585449,23.99490547180176,24.56808471679688,25.26936340332031,25.73514938354492,26.02108383178711,C5,C5: limit warming to 2.5°C (>50%)
POLES ENGAGE,EN_INDCi2030_2000f,12.70845127105713,17.4927864074707,19.98848342895508,21.7539005279541,23.07253837585449,23.99490547180176,24.56808471679688,25.26936340332031,25.73514938354492,26.02108383178711,C5,C5: limit warming to 2.5°C (>50%)
POLES ENGAGE,EN_INDCi2030_2500,12.70845127105713,17.4927864074707,19.98848342895508,21.45286178588867,22.70693016052246,23.70916557312012,24.55597305297852,25.1632251739502,25.4993839263916,25.88351631164551,C6,C6: limit warming to 3°C (>50%)
POLES ENGAGE,EN_INDCi2030_2500f,12.70845127105713,17.4927864074707,19.98848342895508,21.45286178588867,22.70693016052246,23.70916557312012,24.55597305297852,25.1632251739502,25.4993839263916,25.88351631164551,C6,C6: limit warming to 3°C (>50%)
POLES ENGAGE,EN_INDCi2030_3000,12.70845127105713,17.4927864074707,19.98848342895508,21.31282043457031,22.44558715820312,23.45946502685547,24.16872596740723,25.19149971008301,25.3015365600586,25.57711219787598,C6,C6: limit warming to 3°C (>50%)
POLES ENGAGE,EN_INDCi2030_3000f,12.70845127105713,17.4927864074707,19.98848342895508,21.31282043457031,22.44558715820312,23.45946502685547,24.16872596740723,25.19149971008301,25.3015365600586,25.57711219787598,C6,C6: limit warming to 3°C (>50%)
POLES ENGAGE,EN_INDCi2030_300f,12.70845127105713,17.4927864074707,19.98848342895508,30.80135917663575,32.40688705444336,34.57744979858398,34.04560470581055,34.13337326049805,34.49259185791016,34.83123779296875,C2,C2: return warming to 1.5°C (>50%) after a high overshoot
POLES ENGAGE,EN_INDCi2030_400f,12.70845127105713,17.4927864074707,19.98848342895508,29.89274024963379,31.37005805969238,33.01360702514648,32.18130111694336,31.89167404174805,31.29739761352539,31.36075210571289,C2,C2: return warming to 1.5°C (>50%) after a high overshoot
POLES ENGAGE,EN_INDCi2030_500f,12.70845127105713,17.4927864074707,19.98848342895508,28.60874938964844,30.13928985595703,31.05044937133789,30.31151962280273,29.56881332397461,29.24863052368164,28.45322227478028,C3,C3: limit warming to 2°C (>67%)
POLES ENGAGE,EN_INDCi2030_600f,12.70845127105713,17.4927864074707,19.98848342895508,27.8020133972168,29.38519096374512,29.70564079284668,29.3220157623291,28.75301361083984,28.61666488647461,28.27898216247558,C3,C3: limit warming to 2°C (>67%)
POLES ENGAGE,EN_INDCi2030_600f_COV,12.70845127105713,17.4717960357666,19.85245895385743,26.92607307434082,28.59949493408203,28.36685752868652,28.24335479736328,27.81196212768555,27.84884071350098,27.50109672546387,C3,C3: limit warming to 2°C (>67%)
POLES ENGAGE,EN_INDCi2030_600f_COV_NDCp,12.70845127105713,17.47179794311523,20.0161075592041,26.81771278381348,28.49919891357422,28.31341934204102,28.23215293884277,27.85103607177734,27.91405296325684,27.66143417358398,C3,C3: limit warming to 2°C (>67%)
POLES ENGAGE,EN_INDCi2030_600f_NDCp,12.70845127105713,17.49345397949219,20.1063404083252,27.74038314819336,29.46168518066406,29.66136741638184,29.40830993652344,28.82840156555176,29.20235252380371,29.19562911987305,C3,C3: limit warming to 2°C (>67%)
POLES ENGAGE,EN_INDCi2030_700f,12.70845127105713,17.4927864074707,19.98848342895508,26.66999244689941,28.31874656677246,28.01248359680176,28.03629875183105,27.70669937133789,27.68464660644531,27.31412506103516,C3,C3: limit warming to 2°C (>67%)
POLES ENGAGE,EN_INDCi2030_800f,12.70845127105713,17.4927864074707,19.98848342895508,25.86993217468262,27.24981689453125,27.42069625854492,26.80867958068848,26.97504997253418,27.44618034362793,27.6983470916748,C4,C4: limit warming to 2°C (>50%)
POLES ENGAGE,EN_INDCi2030_900,12.70845127105713,17.4927864074707,19.98848342895508,31.41840744018555,32.63285827636719,31.88697624206543,30.45223045349121,29.6226978302002,29.59088134765625,29.57745933532715,C3,C3: limit warming to 2°C (>67%)
POLES ENGAGE,EN_INDCi2030_900f,12.70845127105713,17.4927864074707,19.98848342895508,24.88057518005371,26.23783302307129,26.76533126831055,26.86415863037109,26.76423835754395,26.94173622131348,28.93032836914062,C4,C4: limit warming to 2°C (>50%)
POLES ENGAGE,EN_INDCi2100,12.70845127105713,17.49345016479492,19.96274375915528,21.33694458007812,22.4212417602539,23.43301773071289,24.13921165466309,24.70035552978516,25.24573707580566,25.95890045166016,C7,C7: limit warming to 4°C (>50%)
POLES ENGAGE,EN_INDCi2100_COV,12.70845127105713,17.46944046020508,19.87640953063965,21.2898998260498,22.3159008026123,23.3392105102539,24.14748001098633,24.71858024597168,25.20952987670898,25.7022590637207,C7,C7: limit warming to 4°C (>50%)
POLES ENGAGE,EN_INDCi2100_COV_NDCp,12.70845127105713,17.46944236755371,20.0053539276123,21.5390453338623,22.57267379760743,23.68341255187988,24.59442520141602,24.96949577331543,25.39809608459473,25.91180992126465,C6,C6: limit warming to 3°C (>50%)
POLES ENGAGE,EN_INDCi2100_NDCp,12.70845127105713,17.49345397949219,20.10633659362793,21.56114387512207,22.69167709350586,23.78671836853028,24.56648063659668,24.85701560974121,25.39474105834961,26.00841903686523,C6,C6: limit warming to 3°C (>50%)
POLES ENGAGE,EN_NPi2020_1000,12.70845127105713,17.50285530090332,20.79948043823243,23.03763771057129,24.26716232299805,24.93170547485352,25.56242370605469,25.83043670654297,25.96274757385254,25.83482551574707,C4,C4: limit warming to 2°C (>50%)
POLES ENGAGE,EN_NPi2020_1000_COV,12.70845127105713,17.47030067443848,20.5432357788086,22.90327453613281,24.11488723754883,24.75236511230469,25.35708618164062,25.64331245422364,25.93036460876465,25.97182655334473,C4,C4: limit warming to 2°C (>50%)
POLES ENGAGE,EN_NPi2020_1000f,12.70845127105713,17.50285530090332,20.1109790802002,22.33165168762207,24.00519943237305,25.2554874420166,26.19494247436523,26.64883232116699,26.88603973388672,27.27434349060058,C4,C4: limit warming to 2°C (>50%)
POLES ENGAGE,EN_NPi2020_1000f_COV,12.70845127105713,17.47030067443848,20.0206069946289,22.23734855651855,24.0467414855957,25.09457015991211,26.08544921875,26.79204368591309,27.25262069702148,27.6372013092041,C4,C4: limit warming to 2°C (>50%)
POLES ENGAGE,EN_NPi2020_1200,12.70845127105713,17.50285530090332,20.30240058898925,22.27092742919922,23.47922515869141,24.36587715148925,25.09129905700684,25.39309883117676,25.58250999450684,25.61386680603028,C4,C4: limit warming to 2°C (>50%)
POLES ENGAGE,EN_NPi2020_1200f,12.70845127105713,17.50285530090332,19.9416332244873,21.9499626159668,23.63188171386719,24.6395206451416,25.58977890014648,26.34727096557617,26.84823036193848,27.38614463806152,C4,C4: limit warming to 2°C (>50%)
POLES ENGAGE,EN_NPi2020_1400,12.70845127105713,17.50285530090332,19.83880233764648,21.73666572570801,23.3951416015625,24.30056762695312,25.18192672729492,25.60419082641602,25.82038879394531,25.79705429077148,C5,C5: limit warming to 2.5°C (>50%)
POLES ENGAGE,EN_NPi2020_1400f,12.70845127105713,17.50285530090332,19.82540130615234,21.68273735046387,23.32887458801269,24.23004531860352,25.06297492980957,25.54766273498535,26.0672550201416,26.55057334899902,C5,C5: limit warming to 2.5°C (>50%)
POLES ENGAGE,EN_NPi2020_1600,12.70845127105713,17.50285530090332,19.83880233764648,21.46452903747558,23.07294845581055,23.99200820922852,24.70863342285156,25.32990837097168,25.74760627746582,25.94659423828125,C5,C5: limit warming to 2.5°C (>50%)
POLES ENGAGE,EN_NPi2020_1600f,12.70845127105713,17.50285530090332,19.83880233764648,21.46452903747558,23.07295036315918,23.99200630187988,24.70864105224609,25.32991600036621,25.76186752319336,26.07305717468262,C5,C5: limit warming to 2.5°C (>50%)
POLES ENGAGE,EN_NPi2020_1800,12.70845127105713,17.50285530090332,19.83880233764648,21.32221984863281,22.85641670227051,23.86822700500488,24.4836483001709,25.21959114074707,25.62446403503418,25.95338439941406,C5,C5: limit warming to 2.5°C (>50%)
POLES ENGAGE,EN_NPi2020_1800f,12.70845127105713,17.50285530090332,19.83880233764648,21.32221984863281,22.85641670227051,23.86822700500488,24.4836483001709,25.21959114074707,25.62446403503418,25.95338439941406,C5,C5: limit warming to 2.5°C (>50%)
POLES ENGAGE,EN_NPi2020_2000,12.70845127105713,17.50285530090332,19.83880233764648,21.2379150390625,22.63884353637696,23.71463012695312,24.37198638916016,25.08146667480469,25.51382446289062,25.84015655517578,C5,C5: limit warming to 2.5°C (>50%)
POLES ENGAGE,EN_NPi2020_2000f,12.70845127105713,17.50285530090332,19.83880233764648,21.2379150390625,22.63884353637696,23.71463012695312,24.37198638916016,25.08146667480469,25.51382446289062,25.84015655517578,C5,C5: limit warming to 2.5°C (>50%)
POLES ENGAGE,EN_NPi2020_2500,12.70845127105713,17.50285530090332,19.67201232910156,21.10782623291016,22.42664337158203,23.35469436645508,24.15135765075684,24.91119194030762,25.26506423950196,25.57513046264648,C6,C6: limit warming to 3°C (>50%)
POLES ENGAGE,EN_NPi2020_2500f,12.70845127105713,17.50285530090332,19.67201232910156,21.10782623291016,22.42664337158203,23.35469436645508,24.15135765075684,24.91119194030762,25.26506423950196,25.57513046264648,C6,C6: limit warming to 3°C (>50%)
POLES ENGAGE,EN_NPi2020_3000,12.70845127105713,17.50285530090332,19.83880233764648,21.14762115478516,22.17457580566406,23.09693145751953,23.69154357910156,24.69833564758301,25.02852439880371,25.27372741699219,C6,C6: limit warming to 3°C (>50%)
POLES ENGAGE,EN_NPi2020_3000f,12.70845127105713,17.50285530090332,19.83880233764648,21.14762115478516,22.17457580566406,23.09693145751953,23.69154357910156,24.69833564758301,25.02852439880371,25.27372741699219,C6,C6: limit warming to 3°C (>50%)
POLES ENGAGE,EN_NPi2020_300f,12.70845127105713,17.50285530090332,22.25488090515137,24.73663139343262,26.2022590637207,26.7413272857666,26.97743606567383,27.19782447814941,26.88291931152344,26.74147987365723,C2,C2: return warming to 1.5°C (>50%) after a high overshoot
POLES ENGAGE,EN_NPi2020_400f,12.70845127105713,17.50285530090332,21.91852569580078,24.39967536926269,25.86123275756836,26.33481407165528,26.71871948242188,26.96492958068848,26.82887840270996,26.61688041687012,C2,C2: return warming to 1.5°C (>50%) after a high overshoot
POLES ENGAGE,EN_NPi2020_500,12.70845127105713,17.50285530090332,26.99802780151367,28.87481498718262,28.92026710510254,28.62306213378906,28.08441543579102,27.75000381469727,27.23051834106445,27.44543266296387,C3,C3: limit warming to 2°C (>67%)
POLES ENGAGE,EN_NPi2020_500f,12.70845127105713,17.50285530090332,21.46925735473633,23.89703941345215,25.37984275817871,26.05805397033692,26.28014183044434,26.45836448669434,26.59952163696289,26.44668579101562,C3,C3: limit warming to 2°C (>67%)
POLES ENGAGE,EN_NPi2020_600,12.70845127105713,17.50285530090332,24.99385452270508,27.74477386474609,27.97343254089355,27.55295753479004,27.36508178710937,27.39379119873047,27.06009483337402,27.23983383178711,C3,C3: limit warming to 2°C (>67%)
POLES ENGAGE,EN_NPi2020_600f,12.70845127105713,17.50285530090332,21.02733612060547,23.38962364196777,25.07567024230957,25.9892578125,26.25731658935547,26.00798988342285,26.73040199279785,27.31705284118652,C3,C3: limit warming to 2°C (>67%)
POLES ENGAGE,EN_NPi2020_600f_COV,12.70845127105713,17.47030067443848,20.99760627746582,23.46022987365723,25.09955787658692,25.99255752563477,26.32539939880371,25.76415061950684,26.62484550476075,26.93911361694336,C3,C3: limit warming to 2°C (>67%)
POLES ENGAGE,EN_NPi2020_700,12.70845127105713,17.50285530090332,22.5927619934082,25.18563270568848,26.01039886474609,25.9410457611084,25.99592208862305,25.99533081054688,25.74691772460937,25.693359375,C3,C3: limit warming to 2°C (>67%)
POLES ENGAGE,EN_NPi2020_700f,12.70845127105713,17.50285530090332,20.71564292907715,23.08157157897949,24.73926544189453,25.73103523254395,26.40853118896484,26.34364700317383,27.6380615234375,28.72708702087402,C3,C3: limit warming to 2°C (>67%)
POLES ENGAGE,EN_NPi2020_800,12.70845127105713,17.50285530090332,21.55522346496582,24.04846954345703,25.00054931640625,25.56424522399902,25.86908340454102,25.91958618164062,25.8230094909668,25.6241397857666,C3,C3: limit warming to 2°C (>67%)
POLES ENGAGE,EN_NPi2020_800f,12.70845127105713,17.50285530090332,20.46925354003906,22.85228729248047,24.57276153564453,25.6360912322998,26.42207908630371,26.51786804199219,26.86672401428223,26.97703552246094,C4,C4: limit warming to 2°C (>50%)
POLES ENGAGE,EN_NPi2020_900,12.70845127105713,17.50285530090332,21.0319709777832,23.39468383789062,24.57382774353028,25.26170349121094,25.90020179748535,26.13669013977051,26.12833213806152,25.86020469665528,C3,C3: limit warming to 2°C (>67%)
POLES ENGAGE,EN_NPi2020_900f,12.70845127105713,17.50285530090332,20.29438209533692,22.63037109375,24.34677696228028,25.52843856811523,26.3951301574707,26.65358352661133,26.87284088134766,27.15732192993164,C4,C4: limit warming to 2°C (>50%)
POLES ENGAGE,EN_NPi2100,12.70845127105713,17.48494911193848,19.61246299743652,21.02465629577637,22.23674964904785,23.19225883483887,23.9190673828125,24.56941413879395,25.3191146850586,25.85271072387696,C7,C7: limit warming to 4°C (>50%)
POLES ENGAGE,EN_NPi2100_COV,12.70845127105713,17.46108627319336,19.4955005645752,21.01364135742188,22.11686325073243,23.1529541015625,23.87664985656738,24.61104202270508,25.37384605407715,25.78338813781738,C7,C7: limit warming to 4°C (>50%)
POLES GECO2019,CO_2Deg2020,12.70845127105713,17.49361419677734,20.67930221557617,23.02237319946289,24.81700897216797,25.77967834472656,26.46664428710937,26.53660202026367,26.70163154602051,28.24538040161133,C3,C3: limit warming to 2°C (>67%)
POLES GECO2019,CO_2Deg2030,12.70845127105713,17.4936351776123,19.95906066894531,25.7541732788086,27.97814178466797,28.09117698669434,28.15015411376953,27.72896766662598,27.84794425964355,27.64503860473633,C3,C3: limit warming to 2°C (>67%)
POLES GECO2019,CO_BAU,12.70845127105713,17.48118209838867,19.58089256286621,21.03993034362793,22.22456359863281,23.25642204284668,24.02346801757812,24.74327850341797,25.51485824584961,26.00602722167969,C7,C7: limit warming to 4°C (>50%)
POLES GECO2019,CO_Bridge,12.70845127105713,17.5034008026123,20.5842342376709,22.40036392211914,23.27252960205078,24.53125381469727,24.00055694580078,23.63020706176757,23.64140701293945,24.03871917724609,C2,C2: return warming to 1.5°C (>50%) after a high overshoot
POLES GECO2019,CO_Bridge_notax,12.70845127105713,17.50340270996094,19.37759208679199,26.62906074523925,28.1744499206543,28.7262077331543,28.55585670471192,27.9898738861084,28.83226203918457,28.66784286499023,C4,C4: limit warming to 2°C (>50%)
POLES GECO2019,CO_CurPol,12.70845127105713,17.49199485778809,19.6530876159668,20.96604919433594,22.1329288482666,23.07556915283203,23.75675201416016,24.41160774230957,25.11316108703613,25.64453887939453,C7,C7: limit warming to 4°C (>50%)
POLES GECO2019,CO_GPP,12.70845127105713,17.5034008026123,20.5842342376709,21.84797477722168,22.66024589538575,23.40668106079102,24.06963157653809,24.7913990020752,25.16873550415039,25.57347679138184,C5,C5: limit warming to 2.5°C (>50%)
POLES GECO2019,CO_GPP_notax,12.70845127105713,17.5034065246582,19.3757266998291,20.91414642333984,21.92947196960449,22.91023254394531,23.74350166320801,23.94227981567383,24.39539337158203,25.01844787597656,C7,C7: limit warming to 4°C (>50%)
POLES GECO2019,CO_NDC_2050convergence,12.70845127105713,17.49942398071289,19.87126541137696,21.35972213745117,22.4312515258789,23.21138000488281,24.0182933807373,24.72939491271973,25.27840042114257,25.7343578338623,C6,C6: limit warming to 3°C (>50%)
POLES GECO2019,CO_NDCplus,12.70845127105713,17.49942398071289,19.87126541137696,21.16956329345703,22.22525787353516,23.23607635498047,24.05265045166016,24.92219352722168,25.56388664245605,25.99888229370117,C7,C7: limit warming to 4°C (>50%)
PROMETHEUS 1.0,CO_2Deg2020,12.89462880315389,16.57989072061092,21.08309733435618,24.93922226953003,26.62508809511164,25.902376644156757,27.280806393032176,28.372420627857878,29.380657295549387,29.85272109512546,no-climate-assessment,no-climate-assessment
PROMETHEUS 1.0,CO_2Deg2030,12.89462880315389,16.50207040906604,19.10080352033601,24.39687544979552,26.62508809511164,25.902376644156757,27.280806393032176,28.372420627857878,29.380657295549387,29.85272109512546,no-climate-assessment,no-climate-assessment
PROMETHEUS 1.0,CO_BAU,12.89462880315389,16.36640240730013,18.56828255889062,21.44290398112249,24.72464027917736,25.902376644156757,27.280806393032176,28.372420627857878,29.380657295549387,29.85272109512546,no-climate-assessment,no-climate-assessment
PROMETHEUS 1.0,CO_Bridge,12.89462880315389,16.51542340939146,20.51600080355547,25.43865104246647,26.73926047656761,25.902376644156757,27.280806393032176,28.372420627857878,29.380657295549387,29.85272109512546,no-climate-assessment,no-climate-assessment
PROMETHEUS 1.0,CO_CurPol,12.89462880315389,16.48309849689966,18.8050166970911,21.74741833183694,24.98855687618926,25.902376644156757,27.280806393032176,28.372420627857878,29.380657295549387,29.85272109512546,no-climate-assessment,no-climate-assessment
PROMETHEUS 1.0,CO_GPP,12.89462880315389,16.51542297941241,20.49299564112133,25.26200851111346,30.31194695111362,25.902376644156757,27.280806393032176,28.372420627857878,29.380657295549387,29.85272109512546,no-climate-assessment,no-climate-assessment
PROMETHEUS 1.0,CO_NDCplus,12.89462880315389,16.50207040906604,19.10080352033601,22.17154872562407,25.51996651653966,25.902376644156757,27.280806393032176,28.372420627857878,29.380657295549387,29.85272109512546,no-climate-assessment,no-climate-assessment
REMIND 1.6,EMF30_BCOC-EndU,11.4574439,16.8095368,21.986213,26.3771855,29.9003066,32.5249252,34.100258,35.2032206,35.6776556,36.0220282,C7,C7: limit warming to 4°C (>50%)
REMIND 1.6,EMF30_Baseline,11.4574439,16.9987785,22.3043681,26.8171573,30.2236804,32.5750135,34.0273216,35.1884654,35.6967756,36.0498751,C7,C7: limit warming to 4°C (>50%)
REMIND 1.6,EMF30_CH4-Only,11.4574439,17.0706868,22.4590965,26.5466007,29.6581146,32.1209306,33.7040175,34.7221318,35.16155379999999,35.7322333,C7,C7: limit warming to 4°C (>50%)
REMIND 1.6,EMF30_ClimPolicy,11.4574439,19.1324516,27.14860130000001,30.37529439999999,30.8735595,30.9690803,31.1656699,31.4969229,31.6259934,32.1415683,failed-vetting,failed-vetting
REMIND 1.6,EMF30_ClimPolicy+SLCF,11.4574439,19.3017735,28.0706701,32.5089503,34.3716539,35.2237709,35.6022336,35.6022336,35.15769479999999,35.05054439999999,failed-vetting,failed-vetting
REMIND 1.6,EMF30_D_BCOC-Red,11.4574439,16.9987785,22.3043681,26.8171573,30.2236804,32.5750135,34.0273216,35.1884654,35.6967756,36.0498751,C7,C7: limit warming to 4°C (>50%)
REMIND 1.6,EMF30_D_CH4-ClimPolicy,11.4574439,16.8988728,21.9872367,25.9873263,29.1371851,31.7111913,33.2235669,34.0960401,34.5521867,35.7276655,C7,C7: limit warming to 4°C (>50%)
REMIND 1.6,EMF30_D_CO2-Only,11.4574439,18.9899917,27.0114061,30.7273302,31.6808776,31.8385686,31.8292092,31.8292092,31.7081697,32.2264401,failed-vetting,failed-vetting
REMIND 1.6,EMF30_D_Frozen-CH4,11.4574439,16.8397547,22.0535598,26.4786416,30.0165696,32.6153001,34.1686758,35.2442744,35.6831861,36.0048847,C8,C8: exceed warming of 4°C (>=50%)
REMIND 1.6,EMF30_D_Frozen-EF,11.4601013,16.99853139999999,22.2953005,26.8026407,30.1906916,32.4872953,33.9294443,35.11131270000001,35.6595484,36.0583493,C8,C8: exceed warming of 4°C (>=50%)
REMIND 1.6,EMF30_D_Frozen-EF-EndU,11.4587176,17.0094871,22.3086417,26.8060909,30.218063,32.5696923,34.0098439,35.1659246,35.6967032,36.0514443,C7,C7: limit warming to 4°C (>50%)
REMIND 1.6,EMF30_D_Frozen-EF-SLCF,11.4574068,17.0024527,22.3138952,26.8276972,30.2414907,32.6151802,34.0900951,35.249921,35.7409221,36.0694686,C8,C8: exceed warming of 4°C (>=50%)
REMIND 1.6,EMF30_SLCF,11.4574439,17.1224956,22.7658713,27.2471786,30.6109835,32.8659681,34.2143802,35.1956191,35.6232269,35.9652703,C7,C7: limit warming to 4°C (>50%)
REMIND 1.6,EMF30_Slower-Action,11.4574439,17.13601289999999,23.0145906,27.5579695,30.2712836,31.5674112,31.9041147,32.020063,32.408708,34.2035441,C7,C7: limit warming to 4°C (>50%)
REMIND 1.6,EMF30_Slower-Action+SLCF,11.4574439,17.3185081,23.6563099,28.6369968,31.9477011,33.95355139999999,35.0440504,35.5445133,35.4957338,35.6792595,C6,C6: limit warming to 3°C (>50%)
REMIND 1.6,EMF30_Slower-to-faster,11.4574439,17.13601289999999,23.0145906,29.1204844,33.4695519,35.0776133,35.6463311,35.5793098,35.0658195,34.9944685,C3,C3: limit warming to 2°C (>67%)
REMIND 1.6,EMF30_Slower-to-faster+SLCF,11.4574439,17.3185081,23.6563099,29.8001822,33.6843811,35.0316665,35.4882217,35.2922035,34.6427703,34.5063094,C3,C3: limit warming to 2°C (>67%)
REMIND 1.6,EMF30_Slower-to-faster+SLCF+HFC,11.4574439,17.3185081,23.6563099,29.7546692,33.4464574,34.4971405,34.695667,34.376514,33.7976691,33.96211829999999,C3,C3: limit warming to 2°C (>67%)
REMIND 1.7,ADVANCE_2020_1.5C-2100,11.2635,16.4393,24.3005,30.2801,31.849,32.0946,32.0712,31.9379,31.6033,31.9487,C1,C1: limit warming to 1.5°C (>50%) with no or limited overshoot
REMIND 1.7,ADVANCE_2020_Med2C,11.2635,16.4393,22.596,27.7792,30.2912,31.1097,31.3863,31.5883,31.7067,32.4347,C3,C3: limit warming to 2°C (>67%)
REMIND 1.7,ADVANCE_2020_WB2C,11.2635,16.4393,23.3076,28.7343,30.1915,30.1622,30.0401,29.9452,29.7325,30.302,C2,C2: return warming to 1.5°C (>50%) after a high overshoot
REMIND 1.7,ADVANCE_2030_1.5C-2100,11.2635,16.4393,21.1241,26.9451,30.9215,31.7387,31.9024,31.8515,31.5671,31.998,C2,C2: return warming to 1.5°C (>50%) after a high overshoot
REMIND 1.7,ADVANCE_2030_Med2C,11.2635,16.4393,21.1241,25.7169,29.4005,30.6344,30.7668,30.8021,30.9199,31.7554,C4,C4: limit warming to 2°C (>50%)
REMIND 1.7,ADVANCE_2030_Price1.5C,11.2635,16.4393,21.1241,26.8984,31.1092,32.0179,32.1094,31.9502,31.5635,31.8998,C2,C2: return warming to 1.5°C (>50%) after a high overshoot
REMIND 1.7,ADVANCE_2030_WB2C,11.2635,16.4393,21.1241,26.4299,30.3967,31.2677,31.3422,31.3677,31.2611,31.6842,C2,C2: return warming to 1.5°C (>50%) after a high overshoot
REMIND 1.7,ADVANCE_INDC,11.2635,16.4393,21.1241,24.3391,26.4337,28.1128,29.8266,31.3414,32.3185,34.1531,C6,C6: limit warming to 3°C (>50%)
REMIND 1.7,ADVANCE_NoPolicy,11.2635,15.4687,19.5142,22.8089,25.4736,28.4446,31.1928,33.0755,33.8064,34.7871,C7,C7: limit warming to 4°C (>50%)
REMIND 1.7,ADVANCE_Reference,11.2635,16.4393,20.8097,23.9912,26.4079,28.8296,31.4003,33.3312,33.964,34.8308,C7,C7: limit warming to 4°C (>50%)
REMIND 1.7,CEMICS-1.5-CDR12,11.2649,16.3426,25.5161,31.4697,32.7667,32.8844,32.8612,32.9589,33.2563,34.896,C1,C1: limit warming to 1.5°C (>50%) with no or limited overshoot
REMIND 1.7,CEMICS-1.5-CDR20,11.2649,16.3426,24.5335,30.4224,32.4015,32.936,32.7313,32.3186,32.1387,33.2453,C1,C1: limit warming to 1.5°C (>50%) with no or limited overshoot
REMIND 1.7,CEMICS-1.5-CDR8,11.2649,16.3426,26.7703,33.2549,34.5913,34.5449,34.0761,33.4303,32.7972,33.3641,C1,C1: limit warming to 1.5°C (>50%) with no or limited overshoot
REMIND 1.7,CEMICS-2.0-CDR12,11.2649,16.3426,23.9959,29.7215,31.6842,31.9051,31.9671,32.334,33.1315,35.214,C2,C2: return warming to 1.5°C (>50%) after a high overshoot
REMIND 1.7,CEMICS-2.0-CDR20,11.2649,16.3426,23.5968,29.0488,31.2701,31.7374,31.9934,32.3309,32.8439,34.6151,C2,C2: return warming to 1.5°C (>50%) after a high overshoot
REMIND 1.7,CEMICS-2.0-CDR8,11.2649,16.3426,24.5443,30.3513,31.8475,31.8679,31.7913,31.9591,32.5081,34.4128,C1,C1: limit warming to 1.5°C (>50%) with no or limited overshoot
REMIND 1.7,CEMICS-Ref,11.2649,15.4296,19.4653,22.8515,25.4509,28.109,30.7036,32.4989,33.1228,34.4164,C7,C7: limit warming to 4°C (>50%)
REMIND 2.1,CEMICS_GDPgrowth_1p5,12.0142,18.4246,24.5522,29.4607,32.3146,33.6345,34.2425,34.513,34.742,34.9335,C1,C1: limit warming to 1.5°C (>50%) with no or limited overshoot
REMIND 2.1,CEMICS_GDPgrowth_2C,12.0142,18.4246,23.5848,27.4565,30.0785,31.5973,32.4908,32.9825,33.5088,33.9029,C3,C3: limit warming to 2°C (>67%)
REMIND 2.1,CEMICS_HotellingConst_1p5,12.0142,18.4246,24.3342,29.1771,32.3528,34.0541,34.8419,34.9844,35.1011,35.139,C1,C1: limit warming to 1.5°C (>50%) with no or limited overshoot
REMIND 2.1,CEMICS_HotellingConst_2C,12.0142,18.4246,23.2997,26.9772,29.6889,31.3265,32.414,33.1392,33.8148,34.3056,C3,C3: limit warming to 2°C (>67%)
REMIND 2.1,CEMICS_Linear_1p5,12.0142,18.4246,24.3873,29.1325,32.1087,33.6792,34.5499,34.8852,35.1134,35.2121,C1,C1: limit warming to 1.5°C (>50%) with no or limited overshoot
REMIND 2.1,CEMICS_Linear_2C,12.0142,18.4246,23.4082,27.269,30.0759,31.6512,32.7282,33.4473,34.0958,34.5443,C3,C3: limit warming to 2°C (>67%)
REMIND 2.1,CEMICS_NPI,12.0142,18.4246,22.5104,24.8753,26.2883,27.0835,27.5074,27.7476,28.4169,29.4756,C7,C7: limit warming to 4°C (>50%)
REMIND 2.1,CEMICS_opt_1p5,12.0142,18.4246,24.271,28.8267,31.5431,32.8035,33.5087,33.9717,34.4652,34.6891,C1,C1: limit warming to 1.5°C (>50%) with no or limited overshoot
REMIND 2.1,CEMICS_opt_2C,12.0142,18.4246,23.0705,26.3406,28.6406,30.1646,31.123,31.9006,32.7986,33.5009,C3,C3: limit warming to 2°C (>67%)
REMIND 2.1,LeastTotalCost_Base_brkLR15_SSP1_P50,12.078,17.4889,20.3087,22.0458,23.4417,24.4525,25.024,25.2723,25.4503,25.2567,C6,C6: limit warming to 3°C (>50%)
REMIND 2.1,LeastTotalCost_Base_brkLR15_SSP2_P50,11.8901,17.4218,20.4367,22.5933,24.4832,25.9148,27.0557,27.9041,29.0536,30.1813,C7,C7: limit warming to 4°C (>50%)
REMIND 2.1,LeastTotalCost_Base_brkLR15_SSP5_P50,11.9773,16.945,19.3924,21.4499,23.9612,27.06,30.0145,32.915,35.5888,37.1883,C8,C8: exceed warming of 4°C (>=50%)
REMIND 2.1,LeastTotalCost_Base_brkSR15_SSP1_P50,12.0577,17.4226,20.1543,21.927,23.3021,24.1895,24.7366,24.9627,25.1379,25.0261,C6,C6: limit warming to 3°C (>50%)
REMIND 2.1,LeastTotalCost_Base_brkSR15_SSP2_P50,11.8983,17.3709,20.3485,22.6044,24.4432,25.9545,27.0624,27.8808,28.9323,29.9093,C7,C7: limit warming to 4°C (>50%)
REMIND 2.1,LeastTotalCost_Base_brkSR15_SSP5_P50,11.832,16.8526,19.1497,21.1735,23.5971,26.2889,28.647,31.0932,33.6155,35.8593,C8,C8: exceed warming of 4°C (>=50%)
REMIND 2.1,LeastTotalCost_CBA_brkLR15_SSP2_P50,11.8724,18.4279,23.9808,28.2033,30.9771,32.3946,33.195,33.5452,33.9087,34.1781,C3,C3: limit warming to 2°C (>67%)
REMIND 2.1,LeastTotalCost_CBA_brkSR15_SSP2_P50,11.8724,18.4279,23.4052,27.0213,29.5046,30.9696,31.9976,32.7452,33.4432,33.8521,C3,C3: limit warming to 2°C (>67%)
REMIND 2.1,LeastTotalCost_CEA_brkLR15_SSP2_P50,11.8724,18.4279,23.381,27.1772,30.0059,31.7118,32.7229,33.1695,33.4599,33.5311,C3,C3: limit warming to 2°C (>67%)
REMIND 2.1,LeastTotalCost_CEA_brkSR15_SSP2_P50,11.8724,18.4279,23.3938,27.1926,30.042,31.8471,32.9786,33.5022,33.7924,33.9002,C3,C3: limit warming to 2°C (>67%)
REMIND 2.1,LeastTotalCost_LTC_brkLR15_SSP1_P50,11.8724,18.4279,23.4143,26.6511,28.4827,29.1903,29.3001,29.2013,29.1854,28.927,C1,C1: limit warming to 1.5°C (>50%) with no or limited overshoot
REMIND 2.1,LeastTotalCost_LTC_brkLR15_SSP2_P50,11.8724,18.4279,23.9857,28.214,30.9797,32.4023,33.2144,33.5749,33.9404,34.2021,C3,C3: limit warming to 2°C (>67%)
REMIND 2.1,LeastTotalCost_LTC_brkLR15_SSP5_P50,11.8724,18.4279,24.5453,30.7937,35.686,38.5723,40.4488,41.8665,43.2285,44.454,C3,C3: limit warming to 2°C (>67%)
REMIND 2.1,LeastTotalCost_LTC_brkSR15_SSP1_P50,11.8724,18.4279,22.9154,25.7026,27.3164,28.1361,28.3911,28.3612,28.4178,28.2245,C2,C2: return warming to 1.5°C (>50%) after a high overshoot
REMIND 2.1,LeastTotalCost_LTC_brkSR15_SSP2_P50,11.8724,18.4279,23.4883,27.2693,29.9487,31.5993,32.7024,33.3441,33.7684,34.0309,C3,C3: limit warming to 2°C (>67%)
REMIND 2.1,LeastTotalCost_LTC_brkSR15_SSP5_P50,11.8724,18.4279,24.384,30.5869,35.6844,38.6614,40.4821,41.6862,42.7738,43.8342,C3,C3: limit warming to 2°C (>67%)
REMIND 2.1,LeastTotalCost_NDC_brkLR15_SSP2_P50,11.8901,18.5518,23.3826,26.7749,28.8642,29.8258,30.5149,31.117,31.9063,32.6169,C5,C5: limit warming to 2.5°C (>50%)
REMIND 2.1,LeastTotalCost_NDC_brkSR15_SSP2_P50,11.8983,18.5183,23.3294,26.6186,28.5406,29.4116,30.0315,30.6583,31.5515,32.4132,C5,C5: limit warming to 2.5°C (>50%)
REMIND 2.1,LeastTotalCost_NPi_brkLR15_SSP1_P50,11.8901,18.5518,22.5268,24.5381,25.5963,26.0878,26.2147,26.0556,25.9287,25.658,C5,C5: limit warming to 2.5°C (>50%)
REMIND 2.1,LeastTotalCost_NPi_brkLR15_SSP2_P50,11.8901,18.5518,22.782,25.3208,26.873,27.8444,28.3248,28.8305,29.7267,30.8091,C7,C7: limit warming to 4°C (>50%)
REMIND 2.1,LeastTotalCost_NPi_brkLR15_SSP5_P50,11.8901,18.5518,22.6158,25.0395,27.173,29.3049,31.3962,33.6881,35.9075,37.4993,C8,C8: exceed warming of 4°C (>=50%)
REMIND 2.1,LeastTotalCost_NPi_brkSR15_SSP1_P50,11.8983,18.5183,22.4895,24.4985,25.5008,25.9613,26.0447,25.8445,25.7116,25.4451,C5,C5: limit warming to 2.5°C (>50%)
REMIND 2.1,LeastTotalCost_NPi_brkSR15_SSP2_P50,11.8983,18.5183,22.7561,25.259,26.7528,27.7156,28.1791,28.6239,29.3874,30.2365,C7,C7: limit warming to 4°C (>50%)
REMIND 2.1,LeastTotalCost_NPi_brkSR15_SSP5_P50,11.8983,18.5183,22.5994,25.027,26.9287,28.6527,30.2547,32.235,34.6776,37.227,C8,C8: exceed warming of 4°C (>=50%)
REMIND 2.1,R2p1_SSP1-Base,12.7412,19.2402,21.7835,22.8521,23.5214,23.8271,23.8208,23.7314,23.8663,23.8844,C6,C6: limit warming to 3°C (>50%)
REMIND 2.1,R2p1_SSP1-NDC,12.7231,19.6118,22.8437,24.2183,24.8266,24.8749,24.7222,24.5165,24.5636,24.5028,C5,C5: limit warming to 2.5°C (>50%)
REMIND 2.1,R2p1_SSP1-NPi,12.7231,19.6118,22.8003,24.0709,24.7029,24.8029,24.6632,24.4117,24.3561,24.2131,C5,C5: limit warming to 2.5°C (>50%)
REMIND 2.1,R2p1_SSP1-PkBudg1100,12.7231,19.6118,23.223,25.2857,26.4971,27.0258,27.0451,26.7518,26.5396,26.1007,C2,C2: return warming to 1.5°C (>50%) after a high overshoot
REMIND 2.1,R2p1_SSP1-PkBudg1300,12.7231,19.6118,22.9438,24.5336,25.3904,25.6736,25.6623,25.4962,25.4706,25.2694,C2,C2: return warming to 1.5°C (>50%) after a high overshoot
REMIND 2.1,R2p1_SSP1-PkBudg900,12.7231,19.6118,23.7414,26.7197,28.503,29.2242,29.2697,29.0388,28.8529,28.3563,C1,C1: limit warming to 1.5°C (>50%) with no or limited overshoot
REMIND 2.1,R2p1_SSP2-Base,12.7231,19.2233,22.0496,23.5893,24.8495,25.7535,26.4244,26.8555,27.2984,27.7107,C7,C7: limit warming to 4°C (>50%)
REMIND 2.1,R2p1_SSP2-NDC,12.7231,19.6118,23.3116,25.605,27.0212,27.7521,28.0213,28.0686,28.4622,29.0691,C5,C5: limit warming to 2.5°C (>50%)
REMIND 2.1,R2p1_SSP2-NPi,12.7231,19.6118,23.0246,24.8266,26.0692,26.7882,27.1174,27.1812,27.4086,27.7377,C7,C7: limit warming to 4°C (>50%)
REMIND 2.1,R2p1_SSP2-PkBudg1100,12.7231,19.6118,23.7292,26.9918,29.4824,31.0897,31.9541,32.4216,32.8297,33.1309,C3,C3: limit warming to 2°C (>67%)
REMIND 2.1,R2p1_SSP2-PkBudg1300,12.7231,19.6118,23.505,26.3672,28.515,29.9494,30.6977,31.2055,31.8744,32.4902,C3,C3: limit warming to 2°C (>67%)
REMIND 2.1,R2p1_SSP2-PkBudg900,12.7231,19.6118,24.2121,28.144,30.9355,32.2668,32.8948,33.1244,33.3682,33.5338,C1,C1: limit warming to 1.5°C (>50%) with no or limited overshoot
REMIND 2.1,R2p1_SSP5-Base,12.7052,18.9672,21.3144,22.6422,24.1298,25.9737,28.0934,30.2113,32.9358,35.8905,C8,C8: exceed warming of 4°C (>=50%)
REMIND 2.1,R2p1_SSP5-NDC,12.7231,19.6118,23.5126,26.6117,29.4833,32.1719,34.5424,36.5748,37.9665,39.2043,C7,C7: limit warming to 4°C (>50%)
REMIND 2.1,R2p1_SSP5-NPi,12.7231,19.6118,22.9538,24.7665,26.5136,28.2908,29.8108,31.6793,34.0827,36.5498,C8,C8: exceed warming of 4°C (>=50%)
REMIND 2.1,R2p1_SSP5-PkBudg1100,12.7231,19.6118,24.7543,30.6848,35.8519,38.7998,40.5911,41.7614,42.7756,43.6348,C2,C2: return warming to 1.5°C (>50%) after a high overshoot
REMIND 2.1,R2p1_SSP5-PkBudg1300,12.7231,19.6118,24.4273,29.8576,34.914,38.2047,40.023,41.2008,42.2764,43.2558,C3,C3: limit warming to 2°C (>67%)
REMIND 2.1,R2p1_SSP5-PkBudg900,12.7231,19.6118,25.3684,32.0641,37.0712,40.0095,41.8946,42.9889,43.7406,44.3276,C1,C1: limit warming to 1.5°C (>50%) with no or limited overshoot
REMIND 2.1,TechCost-SSP2-B1100-bioH,11.9218,18.3245,23.0943,26.7755,29.548,31.3,32.3592,33.0571,33.6843,34.0842,C3,C3: limit warming to 2°C (>67%)
REMIND 2.1,TechCost-SSP2-B1100-ccsH,11.9218,18.3417,23.1309,26.8309,29.5716,31.2792,32.2568,32.8652,33.4152,33.7458,C3,C3: limit warming to 2°C (>67%)
REMIND 2.1,TechCost-SSP2-B1100-coalH,11.9218,18.3055,23.1442,26.9978,29.9099,31.6793,32.7426,33.3617,33.9119,34.2309,C3,C3: limit warming to 2°C (>67%)
REMIND 2.1,TechCost-SSP2-B1100-elh2H,11.9218,18.3196,23.1435,26.9883,29.9025,31.6861,32.758,33.4283,34.0078,34.3413,C3,C3: limit warming to 2°C (>67%)
REMIND 2.1,TechCost-SSP2-B1100-gasH,11.9218,18.3306,23.1931,27.1059,30.0553,31.8675,32.8201,33.3071,33.7428,34.0607,C3,C3: limit warming to 2°C (>67%)
REMIND 2.1,TechCost-SSP2-B1100-nucH,11.9218,18.3111,23.0733,26.6856,29.2836,30.8684,31.9558,32.8724,33.743,34.4479,C3,C3: limit warming to 2°C (>67%)
REMIND 2.1,TechCost-SSP2-B1100-oilH,11.9218,18.3473,23.2639,27.1592,30.0987,31.814,32.8426,33.4076,33.9111,34.1861,C3,C3: limit warming to 2°C (>67%)
REMIND 2.1,TechCost-SSP2-B1100-spvH,11.9218,18.3132,22.9605,26.3875,28.8013,30.3633,31.2414,31.7749,32.2502,32.5096,C3,C3: limit warming to 2°C (>67%)
REMIND 2.1,TechCost-SSP2-B1100-windH,11.9218,18.2314,22.4375,25.1167,26.9595,28.2406,29.1177,29.6373,30.0867,30.4098,C3,C3: limit warming to 2°C (>67%)
REMIND-Buildings 2.0,BEG-Base,12.097,17.1459,20.0931,22.4668,24.469,26.1907,27.5604,28.8299,30.5318,32.2914,C7,C7: limit warming to 4°C (>50%)
REMIND-Buildings 2.0,BEG-Budg600,12.097,17.1459,21.9194,27.198,31.3555,33.9236,35.7254,36.8357,38.0298,39.1323,C2,C2: return warming to 1.5°C (>50%) after a high overshoot
REMIND-Buildings 2.0,BEG-Budg600-EG,12.097,17.1459,21.7381,26.5673,30.443,32.8999,34.5868,35.7616,36.9127,37.9578,C2,C2: return warming to 1.5°C (>50%) after a high overshoot
REMIND-Buildings 2.0,BEG-EG,12.097,17.1459,19.8938,21.9949,23.846,25.4879,27.0019,28.3129,30.057,31.855,C7,C7: limit warming to 4°C (>50%)
REMIND-H13 2.1,START_BAU,12.3438,17.4583,20.2124,22.1488,23.8311,25.1174,26.0874,26.7313,27.6416,28.7219,failed-vetting,failed-vetting
REMIND-H13 2.1,START_Current_Policies,12.3438,18.0751,21.7299,23.9489,25.4107,26.2953,26.8711,27.2202,27.9717,29.0714,failed-vetting,failed-vetting
REMIND-H13 2.1,START_Net-zero,12.3438,18.0751,22.2847,25.6332,27.961,29.5516,30.586,31.4345,32.3342,32.9661,failed-vetting,failed-vetting
REMIND-H13 2.1,START_Net-zero_noLandUse_CDRlim,12.3438,18.0751,22.368,25.7818,28.1576,29.7886,30.8555,31.7145,32.594,33.165,failed-vetting,failed-vetting
REMIND-H13 2.1,START_Net-zero_noNuc_lowVRE,12.3438,18.0751,22.4196,26.047,28.7114,30.5298,31.8875,33.0914,34.3498,35.5857,failed-vetting,failed-vetting
REMIND-MAgPIE 1.5,SSP1-19,11.88,14.13,19.59,27.99,32.79,34.53,34.94,34.9,34.85,35.01,C2,C2: return warming to 1.5°C (>50%) after a high overshoot
REMIND-MAgPIE 1.5,SSP1-26,11.88,14.13,17.42,22.99,28.76,31.91,33.46,34.45,34.83,34.78,C4,C4: limit warming to 2°C (>50%)
REMIND-MAgPIE 1.5,SSP1-34,11.88,14.13,16.52,20.45,26.18,30.44,32.64,33.81,34.4,34.86,C5,C5: limit warming to 2.5°C (>50%)
REMIND-MAgPIE 1.5,SSP1-45,11.88,14.13,15.84,18.06,22.27,27.63,31.01,32.58,33.18,33.5,C6,C6: limit warming to 3°C (>50%)
REMIND-MAgPIE 1.5,SSP1-Baseline,11.88,13.8,15.07,16.48,19.29,23.83,27.66,29.87,30.96,31.58,C7,C7: limit warming to 4°C (>50%)
REMIND-MAgPIE 1.5,SSP2-19,11.73,13.34,18.93,28.39,33.05,34.97,36.0,37.6,38.93,40.04,C1,C1: limit warming to 1.5°C (>50%) with no or limited overshoot
REMIND-MAgPIE 1.5,SSP2-26,11.73,13.34,17.05,24.13,30.26,33.18,34.77,36.17,38.07,40.26,C3,C3: limit warming to 2°C (>67%)
REMIND-MAgPIE 1.5,SSP2-34,11.73,13.34,15.92,20.55,26.28,30.71,33.23,34.84,35.91,37.11,C5,C5: limit warming to 2.5°C (>50%)
REMIND-MAgPIE 1.5,SSP2-45,11.73,13.34,15.38,18.79,23.94,28.93,31.87,33.37,34.36,35.66,C6,C6: limit warming to 3°C (>50%)
REMIND-MAgPIE 1.5,SSP2-60,11.73,13.34,14.75,16.25,19.43,24.42,28.36,30.47,32.13,33.76,C7,C7: limit warming to 4°C (>50%)
REMIND-MAgPIE 1.5,SSP2-Baseline,11.73,13.0,13.93,15.05,17.49,21.89,26.29,29.16,30.98,32.97,C7,C7: limit warming to 4°C (>50%)
REMIND-MAgPIE 1.5,SSP5-19,11.32,10.76,13.27,27.48,39.42,43.24,44.65,45.84,46.9,47.63,C2,C2: return warming to 1.5°C (>50%) after a high overshoot
REMIND-MAgPIE 1.5,SSP5-26,11.32,10.76,11.41,17.98,30.21,38.73,43.13,44.41,45.05,45.59,C4,C4: limit warming to 2°C (>50%)
REMIND-MAgPIE 1.5,SSP5-34,11.32,10.76,10.81,14.5,23.52,33.34,39.58,43.23,44.35,44.83,C5,C5: limit warming to 2.5°C (>50%)
REMIND-MAgPIE 1.5,SSP5-45,11.32,10.76,10.7,13.79,21.53,30.78,36.38,40.58,42.98,43.91,C6,C6: limit warming to 3°C (>50%)
REMIND-MAgPIE 1.5,SSP5-60,11.32,10.76,10.24,11.34,16.14,24.6,31.56,36.32,40.59,43.86,C7,C7: limit warming to 4°C (>50%)
REMIND-MAgPIE 1.5,SSP5-Baseline,11.32,10.57,9.51,8.862,9.919,14.0,20.79,28.27,32.76,35.99,C8,C8: exceed warming of 4°C (>=50%)
REMIND-MAgPIE 1.7-3.0,CD-LINKS_INDC2030i_1000,11.2961,16.6527,21.8147,27.5893,31.532,32.2278,32.114,31.9248,31.6721,31.9873,C2,C2: return warming to 1.5°C (>50%) after a high overshoot
REMIND-MAgPIE 1.7-3.0,CD-LINKS_INDC2030i_1600,11.2961,16.6527,21.8147,26.9868,31.0221,32.5025,32.8212,32.9637,33.3927,35.0363,C4,C4: limit warming to 2°C (>50%)
REMIND-MAgPIE 1.7-3.0,CD-LINKS_INDC2030i_400,11.2961,16.6527,21.8147,28.0528,31.7443,32.1521,32.1034,32.004,31.6679,31.976,C2,C2: return warming to 1.5°C (>50%) after a high overshoot
REMIND-MAgPIE 1.7-3.0,CD-LINKS_INDCi,11.2961,16.6527,21.8147,25.7151,28.5775,30.8509,32.546,33.6107,34.0036,35.0416,C7,C7: limit warming to 4°C (>50%)
REMIND-MAgPIE 1.7-3.0,CD-LINKS_NDC2030i_1000,11.2961,16.6527,21.8147,27.5893,31.532,32.2278,32.114,31.9248,31.6721,31.9873,C3,C3: limit warming to 2°C (>67%)
REMIND-MAgPIE 1.7-3.0,CD-LINKS_NPi,11.2961,16.6527,21.1378,24.0788,26.3181,28.7474,31.3284,33.3019,33.9602,34.8965,C7,C7: limit warming to 4°C (>50%)
REMIND-MAgPIE 1.7-3.0,CD-LINKS_NPi2020_1000,11.2961,16.6527,23.7645,29.5344,31.6297,32.0334,32.0418,32.1152,32.4997,34.337,C2,C2: return warming to 1.5°C (>50%) after a high overshoot
REMIND-MAgPIE 1.7-3.0,CD-LINKS_NPi2020_1600,11.2961,16.6527,22.9843,28.1412,30.7164,31.6726,31.9157,31.912,31.8216,32.5647,C4,C4: limit warming to 2°C (>50%)
REMIND-MAgPIE 1.7-3.0,CD-LINKS_NPi2020_400,11.2961,16.6527,24.4134,29.4758,30.2063,30.0204,29.8746,29.811,29.5384,30.0819,C1,C1: limit warming to 1.5°C (>50%) with no or limited overshoot
REMIND-MAgPIE 1.7-3.0,CD-LINKS_NoPolicy,11.2961,15.5548,19.5256,22.8327,25.5314,28.4682,31.3359,33.3218,33.9278,34.8957,C7,C7: limit warming to 4°C (>50%)
REMIND-MAgPIE 1.7-3.0,CO_2Deg2020,11.3089,16.9724,24.4159,29.8867,31.6967,31.9686,31.9065,31.8402,31.7279,32.2114,C2,C2: return warming to 1.5°C (>50%) after a high overshoot
REMIND-MAgPIE 1.7-3.0,CO_2Deg2030,11.3089,16.6538,21.6992,27.2836,31.3697,32.2022,32.1443,31.9652,31.6529,31.9415,C2,C2: return warming to 1.5°C (>50%) after a high overshoot
REMIND-MAgPIE 1.7-3.0,CO_BAU,11.3089,15.5643,19.4766,22.7899,25.4591,28.3,31.0899,33.0343,33.6612,34.7172,C7,C7: limit warming to 4°C (>50%)
REMIND-MAgPIE 1.7-3.0,CO_Bridge,11.3089,16.9038,23.5609,29.2459,31.9555,32.3683,32.2174,31.9763,31.6615,31.9152,C2,C2: return warming to 1.5°C (>50%) after a high overshoot
REMIND-MAgPIE 1.7-3.0,CO_CurPol,11.3089,16.6538,20.9543,23.7801,25.9517,28.3032,30.9204,33.0239,33.7481,34.7413,C7,C7: limit warming to 4°C (>50%)
REMIND-MAgPIE 1.7-3.0,CO_GPP,11.3089,16.9038,23.5609,28.7767,31.6291,32.6863,33.0857,33.3837,33.7144,34.8674,C5,C5: limit warming to 2.5°C (>50%)
REMIND-MAgPIE 1.7-3.0,CO_NDCplus,11.3089,16.6538,21.6992,25.6144,28.513,30.7464,32.4239,33.4502,33.7877,34.8568,C7,C7: limit warming to 4°C (>50%)
REMIND-MAgPIE 1.7-3.0,EMF33_1.5C_cost100,11.3527,16.3911,24.5203,32.2508,35.1478,35.709,35.9601,36.2985,36.3327,36.9241,C2,C2: return warming to 1.5°C (>50%) after a high overshoot
REMIND-MAgPIE 1.7-3.0,EMF33_1.5C_full,11.3527,16.3911,24.3562,31.6695,34.82880000000001,35.5601,35.86709999999999,36.3325,36.479,36.9551,C2,C2: return warming to 1.5°C (>50%) after a high overshoot
REMIND-MAgPIE 1.7-3.0,EMF33_1.5C_nofuel,11.3527,16.3911,24.863,32.37909999999999,34.7878,35.60210000000001,36.0978,36.6538,36.7469,36.8386,C1,C1: limit warming to 1.5°C (>50%) with no or limited overshoot
REMIND-MAgPIE 1.7-3.0,EMF33_Baseline,11.3527,16.0315,19.8257,22.7092,25.4774,28.8397,31.5244,33.418,34.9159,36.1849,C8,C8: exceed warming of 4°C (>=50%)
REMIND-MAgPIE 1.7-3.0,EMF33_Med2C_cost100,11.3527,16.3911,22.5338,28.946,33.2619,34.8395,35.4752,35.8351,35.9307,36.0455,C4,C4: limit warming to 2°C (>50%)
REMIND-MAgPIE 1.7-3.0,EMF33_Med2C_full,11.3527,16.3911,22.5044,28.919,33.3381,34.8607,35.5198,35.98840000000001,36.51739999999999,36.9551,C5,C5: limit warming to 2.5°C (>50%)
REMIND-MAgPIE 1.7-3.0,EMF33_Med2C_limbio,11.3527,16.3911,23.1212,29.8205,33.6355,35.1324,35.7747,36.29709999999999,36.58159999999999,36.94969999999999,C3,C3: limit warming to 2°C (>67%)
REMIND-MAgPIE 1.7-3.0,EMF33_Med2C_nobeccs,11.3527,16.3911,23.3526,30.2147,33.9295,35.2963,35.8597,36.34400000000001,36.587,36.9551,C4,C4: limit warming to 2°C (>50%)
REMIND-MAgPIE 1.7-3.0,EMF33_Med2C_nofuel,11.3527,16.3911,22.6478,29.1362,33.4289,34.8923,35.3218,35.48839999999999,35.745,36.6035,C4,C4: limit warming to 2°C (>50%)
REMIND-MAgPIE 1.7-3.0,EMF33_Med2C_none,11.3527,16.3911,23.8381,30.9895,34.43230000000001,35.5659,36.1157,36.61730000000001,36.7728,36.9507,C4,C4: limit warming to 2°C (>50%)
REMIND-MAgPIE 1.7-3.0,EMF33_WB2C_cost100,11.3527,16.3911,23.31,30.1742,34.033,35.4843,35.92190000000001,36.2257,36.4358,36.764,C3,C3: limit warming to 2°C (>67%)
REMIND-MAgPIE 1.7-3.0,EMF33_WB2C_full,11.3527,16.3911,23.1633,30.0257,34.0861,35.5089,35.89570000000001,36.1799,36.3752,36.82849999999999,C3,C3: limit warming to 2°C (>67%)
REMIND-MAgPIE 1.7-3.0,EMF33_WB2C_limbio,11.3527,16.3911,24.4076,32.0068,35.31740000000001,36.2227,36.682,36.9551,36.8319,36.92399999999999,C3,C3: limit warming to 2°C (>67%)
REMIND-MAgPIE 1.7-3.0,EMF33_WB2C_nobeccs,11.3527,16.3911,25.2444,33.36709999999999,36.04020000000001,36.6868,36.9551,36.94659999999999,36.7859,36.7745,C3,C3: limit warming to 2°C (>67%)
REMIND-MAgPIE 1.7-3.0,EMF33_WB2C_nofuel,11.3527,16.3911,23.0779,29.5485,32.9335,34.1447,34.8656,35.7057,36.2762,36.5399,C3,C3: limit warming to 2°C (>67%)
REMIND-MAgPIE 1.7-3.0,EMF33_WB2C_none,11.3527,16.3911,25.1511,33.0259,35.9548,36.7584,36.9551,36.9551,36.82859999999999,36.9303,C3,C3: limit warming to 2°C (>67%)
REMIND-MAgPIE 1.7-3.0,EMF33_tax_hi_full,11.3527,16.0315,22.4388,29.2508,33.2445,35.1524,35.8873,36.20270000000001,36.4627,36.9087,C3,C3: limit warming to 2°C (>67%)
REMIND-MAgPIE 1.7-3.0,EMF33_tax_hi_none,11.3527,16.0315,22.5099,29.3676,33.3676,35.1645,35.8302,36.2678,36.60600000000001,36.9551,C4,C4: limit warming to 2°C (>50%)
REMIND-MAgPIE 1.7-3.0,EMF33_tax_lo_full,11.3527,16.0315,21.5534,27.6341,32.4284,34.5122,35.3748,35.79080000000001,35.9837,36.7282,C5,C5: limit warming to 2.5°C (>50%)
REMIND-MAgPIE 1.7-3.0,EMF33_tax_lo_none,11.3527,16.0315,21.5312,27.5428,32.3818,34.4924,35.343,35.7826,36.0696,36.7144,C5,C5: limit warming to 2.5°C (>50%)
REMIND-MAgPIE 1.7-3.0,PEP_1p5C_full_NDC,11.3089,16.6538,21.6992,27.843,31.8039,32.298,32.2763,32.2063,31.9392,32.2518,C2,C2: return warming to 1.5°C (>50%) after a high overshoot
REMIND-MAgPIE 1.7-3.0,PEP_1p5C_full_eff,11.3089,16.9724,25.2585,30.4254,31.1826,31.0405,30.9031,30.8459,30.5936,31.0504,C1,C1: limit warming to 1.5°C (>50%) with no or limited overshoot
REMIND-MAgPIE 1.7-3.0,PEP_1p5C_full_goodpractice,11.3089,16.8436,22.9671,29.2422,32.2679,32.4513,32.3088,32.1723,31.7929,31.9854,C2,C2: return warming to 1.5°C (>50%) after a high overshoot
REMIND-MAgPIE 1.7-3.0,PEP_1p5C_full_netzero,11.3089,16.9724,23.7515,29.7848,32.1661,32.2221,32.0375,31.9036,31.5177,31.7654,C2,C2: return warming to 1.5°C (>50%) after a high overshoot
REMIND-MAgPIE 1.7-3.0,PEP_1p5C_red_eff,11.3089,16.9724,26.272,30.7517,31.6116,31.9532,32.0385,31.947,31.5262,31.9563,C1,C1: limit warming to 1.5°C (>50%) with no or limited overshoot
REMIND-MAgPIE 1.7-3.0,PEP_2C_full_NDC,11.3089,16.6538,21.6992,27.2836,31.3697,32.2022,32.1443,31.9652,31.6529,31.9415,C2,C2: return warming to 1.5°C (>50%) after a high overshoot
REMIND-MAgPIE 1.7-3.0,PEP_2C_full_eff,11.3089,16.9724,24.4159,29.8867,31.6967,31.9686,31.9065,31.8402,31.7279,32.2114,C2,C2: return warming to 1.5°C (>50%) after a high overshoot
REMIND-MAgPIE 1.7-3.0,PEP_2C_full_goodpractice,11.3089,16.8436,22.9671,28.6233,31.743,32.305,32.1767,31.9321,31.5356,31.8548,C2,C2: return warming to 1.5°C (>50%) after a high overshoot
REMIND-MAgPIE 1.7-3.0,PEP_2C_full_netzero,11.3089,16.9724,23.7515,29.342,31.7565,32.0776,31.9702,31.8558,31.6347,32.0384,C2,C2: return warming to 1.5°C (>50%) after a high overshoot
REMIND-MAgPIE 1.7-3.0,PEP_2C_red_NDC,11.3089,16.6538,21.6992,27.9341,31.9508,32.4995,32.4048,32.2351,31.8465,32.1251,C2,C2: return warming to 1.5°C (>50%) after a high overshoot
REMIND-MAgPIE 1.7-3.0,PEP_2C_red_eff,11.3089,16.9724,25.3859,31.0083,32.45,32.7787,32.852,32.9046,32.9419,33.9438,C1,C1: limit warming to 1.5°C (>50%) with no or limited overshoot
REMIND-MAgPIE 1.7-3.0,PEP_2C_red_goodpractice,11.3089,16.8436,22.9671,29.3406,32.5126,32.7741,32.5619,32.2658,31.7796,32.0773,C2,C2: return warming to 1.5°C (>50%) after a high overshoot
REMIND-MAgPIE 1.7-3.0,PEP_2C_red_netzero,11.3089,16.9724,23.7515,29.9503,32.6553,32.9438,32.762,32.4197,31.8905,32.1562,C2,C2: return warming to 1.5°C (>50%) after a high overshoot
REMIND-MAgPIE 1.7-3.0,PEP_NDC,11.3089,16.6538,21.6992,25.6144,28.513,30.7464,32.4239,33.4502,33.7877,34.8568,C7,C7: limit warming to 4°C (>50%)
REMIND-MAgPIE 1.7-3.0,PEP_NPi,11.3089,16.6538,20.9543,23.7801,25.9517,28.3032,30.9204,33.0239,33.7481,34.7413,C7,C7: limit warming to 4°C (>50%)
REMIND-MAgPIE 1.7-3.0,PEP_NoPolicy,11.3089,15.5643,19.4766,22.7899,25.4591,28.3,31.0899,33.0343,33.6612,34.7172,C7,C7: limit warming to 4°C (>50%)
REMIND-MAgPIE 1.7-3.0,PEP_goodpractice,11.3089,16.8436,22.9671,27.6852,30.3659,31.936,32.761,33.1655,33.4223,34.5646,C6,C6: limit warming to 3°C (>50%)
REMIND-MAgPIE 1.7-3.0,PEP_netzero,11.3089,16.9724,23.7515,29.0563,31.7902,32.7004,33.0097,33.2882,33.5615,34.5992,C5,C5: limit warming to 2.5°C (>50%)
REMIND-MAgPIE 1.7-3.0,SMP_1p5C_Def,11.2649,16.9349,25.7026,30.5365,31.6966,31.9064,31.9135,31.8616,31.6731,32.0157,failed-vetting,failed-vetting
REMIND-MAgPIE 1.7-3.0,SMP_1p5C_Sust,11.2649,17.2916,26.5954,30.6314,31.5451,31.8434,31.9559,31.9508,31.65,31.8674,failed-vetting,failed-vetting
REMIND-MAgPIE 1.7-3.0,SMP_1p5C_early,11.2649,17.5008,27.1561,30.7965,31.6267,31.9176,32.0557,32.1994,32.5093,34.0275,failed-vetting,failed-vetting
REMIND-MAgPIE 1.7-3.0,SMP_1p5C_lifesty,11.2649,16.711,24.6682,29.7727,31.37,31.748,31.8395,31.8294,31.5529,32.2568,failed-vetting,failed-vetting
REMIND-MAgPIE 1.7-3.0,SMP_1p5C_regul,11.2649,17.1014,26.5124,31.2632,32.5196,33.1104,33.3876,33.4814,33.4243,34.1085,failed-vetting,failed-vetting
REMIND-MAgPIE 1.7-3.0,SMP_2C_Def,11.2649,16.6153,24.179,29.4726,31.3831,31.7968,31.8382,31.8299,31.7024,32.1533,failed-vetting,failed-vetting
REMIND-MAgPIE 1.7-3.0,SMP_2C_Sust,11.2649,16.8274,24.8736,29.7949,31.3759,31.776,31.9395,32.09,32.2921,33.7115,failed-vetting,failed-vetting
REMIND-MAgPIE 1.7-3.0,SMP_2C_early,11.2649,17.0964,25.7966,30.2594,31.5078,31.7742,31.8442,31.9986,32.5167,34.5205,failed-vetting,failed-vetting
REMIND-MAgPIE 1.7-3.0,SMP_2C_lifesty,11.2649,16.3638,22.8635,28.0085,30.3411,31.2745,31.6926,31.8961,31.7788,32.5557,C1,C1: limit warming to 1.5°C (>50%) with no or limited overshoot
REMIND-MAgPIE 1.7-3.0,SMP_2C_regul,11.2649,16.7413,24.8489,30.2053,32.064,32.743,33.1977,33.5722,33.6881,34.2708,failed-vetting,failed-vetting
REMIND-MAgPIE 1.7-3.0,SMP_REF_Def,11.2649,15.4291,19.4649,22.8514,25.4503,28.1079,30.7027,32.4982,33.1221,34.416,C7,C7: limit warming to 4°C (>50%)
REMIND-MAgPIE 1.7-3.0,SMP_REF_Sust,11.1935,14.802,18.3519,21.2756,23.4196,25.7592,28.5953,30.9972,32.1079,33.5537,C7,C7: limit warming to 4°C (>50%)
REMIND-MAgPIE 2.0-4.1,Diff_1300Gt_hybrid_def,11.7953,16.6594,21.9267,25.9885,28.3952,29.5639,30.2216,30.6299,31.1822,31.574,C3,C3: limit warming to 2°C (>67%)
REMIND-MAgPIE 2.0-4.1,Diff_1300Gt_no-transfer_def,11.7953,16.6594,21.9571,25.8973,27.9694,28.8821,29.3476,29.7348,30.4024,31.0282,C3,C3: limit warming to 2°C (>67%)
REMIND-MAgPIE 2.0-4.1,Diff_1300Gt_uniform-pricing_def,11.7953,16.6594,21.9704,26.1166,28.6972,29.9587,30.6403,31.0108,31.4266,31.6183,C3,C3: limit warming to 2°C (>67%)
REMIND-MAgPIE 2.0-4.1,Diff_No-policy_baseline,11.7953,15.7107,18.7749,20.9983,22.6891,23.7345,24.2804,24.57,25.1158,25.6599,C7,C7: limit warming to 4°C (>50%)
REMIND-MAgPIE 2.1-4.2,CEMICS_SSP1-1p5C-fullCDR,12.0433,18.3776,23.3884,27.1017,29.2859,30.1474,30.3529,30.2694,30.184,29.8208,C1,C1: limit warming to 1.5°C (>50%) with no or limited overshoot
REMIND-MAgPIE 2.1-4.2,CEMICS_SSP1-1p5C-minCDR,12.0433,18.3776,23.7976,28.1851,30.8776,31.7695,31.9319,31.7069,31.4331,30.9113,C1,C1: limit warming to 1.5°C (>50%) with no or limited overshoot
REMIND-MAgPIE 2.1-4.2,CEMICS_SSP1-Npi,12.0433,18.3776,22.1015,24.0505,25.2338,25.8847,26.2104,26.2509,26.2648,26.1764,C6,C6: limit warming to 3°C (>50%)
REMIND-MAgPIE 2.1-4.2,CEMICS_SSP2-1p5C-fullCDR,11.903,18.3805,24.1372,29.0347,32.1368,33.5952,34.2951,34.4644,34.5294,34.4908,C1,C1: limit warming to 1.5°C (>50%) with no or limited overshoot
REMIND-MAgPIE 2.1-4.2,CEMICS_SSP2-1p5C-minCDR,11.903,18.3805,24.7726,30.4032,33.648,35.1649,35.8087,35.9089,35.9898,35.944,C1,C1: limit warming to 1.5°C (>50%) with no or limited overshoot
REMIND-MAgPIE 2.1-4.2,CEMICS_SSP2-2C-fullCDR,11.903,18.3805,23.2111,27.0104,29.9336,31.7732,32.8785,33.4778,33.9537,34.2292,C3,C3: limit warming to 2°C (>67%)
REMIND-MAgPIE 2.1-4.2,CEMICS_SSP2-2C-minCDR,11.903,18.3805,23.6753,28.1477,31.5129,33.4333,34.5465,34.9967,35.2796,35.349,C3,C3: limit warming to 2°C (>67%)
REMIND-MAgPIE 2.1-4.2,CEMICS_SSP2-Npi,11.903,18.3805,22.3965,24.7124,26.1523,27.0129,27.5127,27.791,28.4769,29.5307,C7,C7: limit warming to 4°C (>50%)
REMIND-MAgPIE 2.1-4.2,EN_INDCi2030_1000,12.7283,19.545,23.0645,25.4688,27.4408,29.0075,30.0701,30.8987,31.8204,32.5159,C3,C3: limit warming to 2°C (>67%)
REMIND-MAgPIE 2.1-4.2,EN_INDCi2030_1000_COV,12.741,19.5187,22.9475,25.0469,26.5776,27.8148,28.7349,29.4647,30.2907,30.9676,C3,C3: limit warming to 2°C (>67%)
REMIND-MAgPIE 2.1-4.2,EN_INDCi2030_1000_COV_NDCp,12.741,19.5187,22.9501,25.0527,26.6023,27.8512,28.7695,29.4886,30.3081,30.9848,C3,C3: limit warming to 2°C (>67%)
REMIND-MAgPIE 2.1-4.2,EN_INDCi2030_1000_NDCp,12.7283,19.545,23.0705,25.4729,27.4584,29.0213,30.0789,30.9016,31.8185,32.5085,C3,C3: limit warming to 2°C (>67%)
REMIND-MAgPIE 2.1-4.2,EN_INDCi2030_1000f,12.7283,19.545,23.0645,25.4506,27.389,28.9347,30.0266,30.9523,32.0268,32.8956,C3,C3: limit warming to 2°C (>67%)
REMIND-MAgPIE 2.1-4.2,EN_INDCi2030_1000f_COV,12.741,19.5187,22.9475,25.0445,26.5678,27.7989,28.733,29.5158,30.4379,31.2237,C3,C3: limit warming to 2°C (>67%)
REMIND-MAgPIE 2.1-4.2,EN_INDCi2030_1000f_COV_NDCp,12.741,19.5187,22.9501,25.0347,26.5433,27.7492,28.6754,29.4525,30.3738,31.1761,C3,C3: limit warming to 2°C (>67%)
REMIND-MAgPIE 2.1-4.2,EN_INDCi2030_1000f_NDCp,12.7283,19.545,23.0705,25.4493,27.3942,28.9345,30.0156,30.9278,31.9908,32.8592,C3,C3: limit warming to 2°C (>67%)
REMIND-MAgPIE 2.1-4.2,EN_INDCi2030_1200,12.7283,19.545,23.0645,25.324,27.0553,28.3951,29.3263,30.103,31.1741,32.2328,C3,C3: limit warming to 2°C (>67%)
REMIND-MAgPIE 2.1-4.2,EN_INDCi2030_1200f,12.7283,19.545,23.0645,25.327,27.0626,28.4022,29.3318,30.11,31.1897,32.2658,C3,C3: limit warming to 2°C (>67%)
REMIND-MAgPIE 2.1-4.2,EN_INDCi2030_1400,12.7283,19.545,23.0645,25.1724,26.6376,27.6861,28.4313,29.0352,29.9543,31.0284,C4,C4: limit warming to 2°C (>50%)
REMIND-MAgPIE 2.1-4.2,EN_INDCi2030_1400f,12.7283,19.545,23.0645,25.1724,26.6376,27.6861,28.4313,29.0352,29.9543,31.0284,C4,C4: limit warming to 2°C (>50%)
REMIND-MAgPIE 2.1-4.2,EN_INDCi2030_1600,12.7283,19.545,23.0645,25.0705,26.3744,27.2613,27.863,28.3141,29.0247,29.9052,C5,C5: limit warming to 2.5°C (>50%)
REMIND-MAgPIE 2.1-4.2,EN_INDCi2030_1600f,12.7283,19.545,23.0645,25.0705,26.3744,27.2613,27.863,28.3141,29.0247,29.9052,C5,C5: limit warming to 2.5°C (>50%)
REMIND-MAgPIE 2.1-4.2,EN_INDCi2030_1800,12.7283,19.545,23.0645,24.9984,26.1942,26.971,27.495,27.921,28.5494,29.3491,C5,C5: limit warming to 2.5°C (>50%)
REMIND-MAgPIE 2.1-4.2,EN_INDCi2030_1800f,12.7283,19.545,23.0645,24.9984,26.1942,26.971,27.495,27.921,28.5494,29.3491,C5,C5: limit warming to 2.5°C (>50%)
REMIND-MAgPIE 2.1-4.2,EN_INDCi2030_2000,12.7283,19.545,23.0645,24.9467,26.0757,26.8098,27.371,27.9701,28.9422,30.3685,C5,C5: limit warming to 2.5°C (>50%)
REMIND-MAgPIE 2.1-4.2,EN_INDCi2030_2000f,12.7283,19.545,23.0645,24.9616,26.1157,26.8724,27.4154,27.8959,28.6,29.5271,C5,C5: limit warming to 2.5°C (>50%)
REMIND-MAgPIE 2.1-4.2,EN_INDCi2030_2500,12.7283,19.545,23.0645,24.9163,25.9957,26.6678,27.115,27.45,27.9503,28.4442,C6,C6: limit warming to 3°C (>50%)
REMIND-MAgPIE 2.1-4.2,EN_INDCi2030_2500f,12.7283,19.545,23.0645,24.9162,25.9957,26.6678,27.1153,27.4507,27.9518,28.447,C6,C6: limit warming to 3°C (>50%)
REMIND-MAgPIE 2.1-4.2,EN_INDCi2030_3000,12.7283,19.545,23.0645,24.8788,25.9003,26.5074,26.887,27.1438,27.5682,27.9706,C6,C6: limit warming to 3°C (>50%)
REMIND-MAgPIE 2.1-4.2,EN_INDCi2030_3000f,12.7283,19.545,23.0645,24.8772,25.8957,26.4999,26.8774,27.134,27.5625,27.9687,C6,C6: limit warming to 3°C (>50%)
REMIND-MAgPIE 2.1-4.2,EN_INDCi2030_300f,12.7283,19.545,23.0645,25.7353,28.1889,30.1568,31.6026,32.8194,33.8218,34.3035,C2,C2: return warming to 1.5°C (>50%) after a high overshoot
REMIND-MAgPIE 2.1-4.2,EN_INDCi2030_400f,12.7283,19.545,23.0645,25.6905,28.0398,29.8784,31.2678,32.469,33.5708,34.1518,C2,C2: return warming to 1.5°C (>50%) after a high overshoot
REMIND-MAgPIE 2.1-4.2,EN_INDCi2030_500f,12.7283,19.545,23.0645,25.6559,27.9199,29.6516,30.9927,32.159,33.3343,34.0241,C2,C2: return warming to 1.5°C (>50%) after a high overshoot
REMIND-MAgPIE 2.1-4.2,EN_INDCi2030_600_COV,12.741,19.5187,22.9475,25.7346,27.8318,29.0108,29.683,30.0549,30.4856,30.7276,C2,C2: return warming to 1.5°C (>50%) after a high overshoot
REMIND-MAgPIE 2.1-4.2,EN_INDCi2030_600_COV_NDCp,12.741,19.5187,22.9501,25.7174,27.8109,28.9909,29.6662,30.0417,30.4684,30.7114,C2,C2: return warming to 1.5°C (>50%) after a high overshoot
REMIND-MAgPIE 2.1-4.2,EN_INDCi2030_600f,12.7283,19.545,23.0645,25.6332,27.8477,29.5132,30.7563,31.8083,32.9241,33.7513,C2,C2: return warming to 1.5°C (>50%) after a high overshoot
REMIND-MAgPIE 2.1-4.2,EN_INDCi2030_600f_COV,12.741,19.5187,22.9475,25.2492,27.2012,28.8248,29.947,30.7915,31.7208,32.4748,C2,C2: return warming to 1.5°C (>50%) after a high overshoot
REMIND-MAgPIE 2.1-4.2,EN_INDCi2030_600f_COV_NDCp,12.741,19.5187,22.9501,25.2454,27.202,28.8343,29.961,30.8012,31.7171,32.4591,C2,C2: return warming to 1.5°C (>50%) after a high overshoot
REMIND-MAgPIE 2.1-4.2,EN_INDCi2030_600f_NDCp,12.7283,19.545,23.0705,25.6368,27.8768,29.5644,30.8292,31.9021,33.0283,33.8202,C2,C2: return warming to 1.5°C (>50%) after a high overshoot
REMIND-MAgPIE 2.1-4.2,EN_INDCi2030_700,12.7283,19.545,23.0645,25.9698,28.2585,29.5419,30.2499,30.7166,31.2916,31.8127,C3,C3: limit warming to 2°C (>67%)
REMIND-MAgPIE 2.1-4.2,EN_INDCi2030_700f,12.7283,19.545,23.0645,25.6019,27.7874,29.4723,30.7259,31.7735,32.9078,33.7929,C3,C3: limit warming to 2°C (>67%)
REMIND-MAgPIE 2.1-4.2,EN_INDCi2030_800,12.7283,19.545,23.0645,25.7632,28.038,29.4721,30.2993,30.8647,31.5504,32.2111,C3,C3: limit warming to 2°C (>67%)
REMIND-MAgPIE 2.1-4.2,EN_INDCi2030_800f,12.7283,19.545,23.0645,25.5545,27.6637,29.3035,30.5014,31.4879,32.5691,33.4782,C3,C3: limit warming to 2°C (>67%)
REMIND-MAgPIE 2.1-4.2,EN_INDCi2030_900,12.7283,19.545,23.0645,25.6264,27.8423,29.4718,30.5378,31.2887,32.0809,32.7073,C3,C3: limit warming to 2°C (>67%)
REMIND-MAgPIE 2.1-4.2,EN_INDCi2030_900f,12.7283,19.545,23.0645,25.5069,27.54,29.1481,30.3053,31.2724,32.342,33.2709,C3,C3: limit warming to 2°C (>67%)
REMIND-MAgPIE 2.1-4.2,EN_INDCi2100,12.7283,19.545,23.0645,25.1004,26.4099,27.1932,27.6142,27.8671,28.3911,29.1762,C5,C5: limit warming to 2.5°C (>50%)
REMIND-MAgPIE 2.1-4.2,EN_INDCi2100_COV,12.741,19.5187,22.9475,24.8099,25.9085,26.6153,27.0578,27.3477,27.7965,28.1689,C5,C5: limit warming to 2.5°C (>50%)
REMIND-MAgPIE 2.1-4.2,EN_INDCi2100_COV_NDCp,12.741,19.5187,22.9501,24.7957,25.8824,26.5803,27.0266,27.3225,27.7772,28.1458,C5,C5: limit warming to 2.5°C (>50%)
REMIND-MAgPIE 2.1-4.2,EN_INDCi2100_NDCp,12.7283,19.545,23.0705,25.1059,26.4411,27.237,27.6613,27.894,28.3944,29.1598,C5,C5: limit warming to 2.5°C (>50%)
REMIND-MAgPIE 2.1-4.2,EN_NPi2020_1000,12.7283,19.545,23.3368,25.9933,28.0222,29.6201,30.6841,31.4671,32.3319,32.9369,C3,C3: limit warming to 2°C (>67%)
REMIND-MAgPIE 2.1-4.2,EN_NPi2020_1000_COV,12.741,19.5187,23.1038,25.3225,26.8811,28.1313,29.0821,29.8336,30.6479,31.3164,C3,C3: limit warming to 2°C (>67%)
REMIND-MAgPIE 2.1-4.2,EN_NPi2020_1000f,12.7283,19.545,23.3434,26.0049,28.0331,29.6229,30.6844,31.4595,32.3196,32.9277,C3,C3: limit warming to 2°C (>67%)
REMIND-MAgPIE 2.1-4.2,EN_NPi2020_1000f_COV,12.741,19.5187,23.1222,25.3572,26.9262,28.1809,29.1393,29.9088,30.7596,31.4841,C3,C3: limit warming to 2°C (>67%)
REMIND-MAgPIE 2.1-4.2,EN_NPi2020_1200,12.7283,19.545,23.1677,25.5186,27.2391,28.5534,29.5099,30.2383,31.22,32.1769,C3,C3: limit warming to 2°C (>67%)
REMIND-MAgPIE 2.1-4.2,EN_NPi2020_1200f,12.7283,19.545,23.2183,25.6438,27.4067,28.7482,29.6905,30.4011,31.3597,32.2882,C3,C3: limit warming to 2°C (>67%)
REMIND-MAgPIE 2.1-4.2,EN_NPi2020_1400,12.7283,19.545,23.041,25.1336,26.6251,27.7453,28.5614,29.2117,30.0845,31.0515,C4,C4: limit warming to 2°C (>50%)
REMIND-MAgPIE 2.1-4.2,EN_NPi2020_1400f,12.7283,19.545,23.041,25.1336,26.6251,27.7453,28.5614,29.2117,30.0845,31.0515,C4,C4: limit warming to 2°C (>50%)
REMIND-MAgPIE 2.1-4.2,EN_NPi2020_1600,12.7283,19.545,22.9304,24.7991,26.0878,27.016,27.7036,28.2786,29.0104,29.8546,C4,C4: limit warming to 2°C (>50%)
REMIND-MAgPIE 2.1-4.2,EN_NPi2020_1600f,12.7283,19.545,22.9304,24.7991,26.0878,27.016,27.7036,28.2786,29.0104,29.8546,C4,C4: limit warming to 2°C (>50%)
REMIND-MAgPIE 2.1-4.2,EN_NPi2020_1800,12.7283,19.545,22.8685,24.5943,25.7731,26.634,27.3614,28.1104,29.1393,30.5012,C5,C5: limit warming to 2.5°C (>50%)
REMIND-MAgPIE 2.1-4.2,EN_NPi2020_1800f,12.7283,19.545,22.872,24.6103,25.7978,26.6546,27.3273,27.9136,28.6137,29.4077,C5,C5: limit warming to 2.5°C (>50%)
REMIND-MAgPIE 2.1-4.2,EN_NPi2020_2000,12.7283,19.545,22.8283,24.4712,25.5733,26.3554,27.0257,27.7537,28.853,30.3217,C5,C5: limit warming to 2.5°C (>50%)
REMIND-MAgPIE 2.1-4.2,EN_NPi2020_2000f,12.7283,19.545,22.8322,24.4843,25.598,26.3879,27.0278,27.6262,28.4551,29.4125,C5,C5: limit warming to 2.5°C (>50%)
REMIND-MAgPIE 2.1-4.2,EN_NPi2020_200f,12.7283,19.545,23.9424,27.462,30.2374,32.0148,33.068,33.6287,33.9491,34.1656,C1,C1: limit warming to 1.5°C (>50%) with no or limited overshoot
REMIND-MAgPIE 2.1-4.2,EN_NPi2020_2500,12.7283,19.545,22.7957,24.3752,25.4239,26.1356,26.6903,27.1757,27.8626,28.501,C6,C6: limit warming to 3°C (>50%)
REMIND-MAgPIE 2.1-4.2,EN_NPi2020_2500f,12.7283,19.545,22.7952,24.3749,25.424,26.1358,26.6907,27.1761,27.8625,28.5005,C6,C6: limit warming to 3°C (>50%)
REMIND-MAgPIE 2.1-4.2,EN_NPi2020_3000,12.7283,19.545,22.7766,24.3035,25.3137,25.9845,26.4984,26.9214,27.4894,27.9441,C6,C6: limit warming to 3°C (>50%)
REMIND-MAgPIE 2.1-4.2,EN_NPi2020_3000f,12.7283,19.545,22.7756,24.3,25.3083,25.978,26.493,26.9188,27.4889,27.9438,C6,C6: limit warming to 3°C (>50%)
REMIND-MAgPIE 2.1-4.2,EN_NPi2020_300f,12.7283,19.545,23.8753,27.2972,30.0015,31.7939,32.8571,33.4679,33.8758,34.1591,C1,C1: limit warming to 1.5°C (>50%) with no or limited overshoot
REMIND-MAgPIE 2.1-4.2,EN_NPi2020_400,12.7283,19.545,24.6171,28.7974,31.359,32.4963,32.9316,32.9884,33.0648,33.108,C1,C1: limit warming to 1.5°C (>50%) with no or limited overshoot
REMIND-MAgPIE 2.1-4.2,EN_NPi2020_400f,12.7283,19.545,23.7839,27.0739,29.6634,31.4313,32.4485,33.0615,33.593,33.9657,C1,C1: limit warming to 1.5°C (>50%) with no or limited overshoot
REMIND-MAgPIE 2.1-4.2,EN_NPi2020_500,12.7283,19.545,24.3099,28.2172,30.89,32.1689,32.7143,32.8625,33.0134,33.1018,C1,C1: limit warming to 1.5°C (>50%) with no or limited overshoot
REMIND-MAgPIE 2.1-4.2,EN_NPi2020_500f,12.7283,19.545,23.7276,26.954,29.514,31.2829,32.3424,32.9625,33.493,33.8881,C2,C2: return warming to 1.5°C (>50%) after a high overshoot
REMIND-MAgPIE 2.1-4.2,EN_NPi2020_600,12.7283,19.545,24.0074,27.6107,30.3819,31.9456,32.7013,32.9705,33.1707,33.2663,C1,C1: limit warming to 1.5°C (>50%) with no or limited overshoot
REMIND-MAgPIE 2.1-4.2,EN_NPi2020_600_COV,12.741,19.5187,23.6462,26.6827,29.0212,30.5706,31.4303,31.794,32.1271,32.2715,C1,C1: limit warming to 1.5°C (>50%) with no or limited overshoot
REMIND-MAgPIE 2.1-4.2,EN_NPi2020_600f,12.7283,19.545,23.6495,26.7634,29.2332,30.9796,32.0894,32.749,33.3385,33.8012,C2,C2: return warming to 1.5°C (>50%) after a high overshoot
REMIND-MAgPIE 2.1-4.2,EN_NPi2020_600f_COV,12.741,19.5187,23.3985,26.0862,28.1888,29.837,30.8977,31.5415,32.1351,32.5202,C1,C1: limit warming to 1.5°C (>50%) with no or limited overshoot
REMIND-MAgPIE 2.1-4.2,EN_NPi2020_700,12.7283,19.545,23.7114,26.9039,29.4015,31.0839,32.0437,32.4974,32.8528,33.1245,C3,C3: limit warming to 2°C (>67%)
REMIND-MAgPIE 2.1-4.2,EN_NPi2020_700f,12.7283,19.545,23.5842,26.6088,29.0175,30.7476,31.8518,32.4949,33.089,33.591,C3,C3: limit warming to 2°C (>67%)
REMIND-MAgPIE 2.1-4.2,EN_NPi2020_800,12.7283,19.545,23.5432,26.5001,28.8267,30.5372,31.5908,32.1651,32.6779,33.0181,C3,C3: limit warming to 2°C (>67%)
REMIND-MAgPIE 2.1-4.2,EN_NPi2020_800f,12.7283,19.545,23.4927,26.3543,28.5694,30.2575,31.3445,32.0358,32.7167,33.2673,C3,C3: limit warming to 2°C (>67%)
REMIND-MAgPIE 2.1-4.2,EN_NPi2020_900,12.7283,19.545,23.4041,26.1629,28.2935,29.957,31.0541,31.7826,32.4935,32.9414,C3,C3: limit warming to 2°C (>67%)
REMIND-MAgPIE 2.1-4.2,EN_NPi2020_900f,12.7283,19.545,23.4105,26.1757,28.3099,29.9719,31.0666,31.7963,32.5096,32.9857,C3,C3: limit warming to 2°C (>67%)
REMIND-MAgPIE 2.1-4.2,EN_NPi2100,12.7283,19.545,22.9145,24.6552,25.8363,26.5648,26.9737,27.1538,27.4509,27.8299,C7,C7: limit warming to 4°C (>50%)
REMIND-MAgPIE 2.1-4.2,EN_NPi2100_COV,12.741,19.5187,22.8679,24.5364,25.5881,26.2441,26.6596,26.8937,27.2163,27.5369,C7,C7: limit warming to 4°C (>50%)
REMIND-MAgPIE 2.1-4.2,EN_NoPolicy,12.7283,19.2283,22.0949,23.6076,24.7706,25.5925,26.219,26.6596,27.1813,27.6575,C7,C7: limit warming to 4°C (>50%)
REMIND-MAgPIE 2.1-4.2,NGFS2_Below 2°C,12.7173,19.1848,22.2704,24.3429,25.8265,26.9629,27.8415,28.55,29.2907,29.7874,C3,C3: limit warming to 2°C (>67%)
REMIND-MAgPIE 2.1-4.2,NGFS2_Below 2°C - IPD-95th,12.7173,19.187,22.3556,24.4247,25.8087,26.8514,27.6748,28.3477,29.0576,29.5141,C3,C3: limit warming to 2°C (>67%)
REMIND-MAgPIE 2.1-4.2,NGFS2_Below 2°C - IPD-median,12.7173,19.184,22.3205,24.3836,25.7972,26.8721,27.7136,28.4075,29.1413,29.63,C3,C3: limit warming to 2°C (>67%)
REMIND-MAgPIE 2.1-4.2,NGFS2_Current Policies,12.7173,19.1848,21.9397,23.2745,24.0986,24.5895,25.0345,25.4937,26.1028,26.5177,C7,C7: limit warming to 4°C (>50%)
REMIND-MAgPIE 2.1-4.2,NGFS2_Current Policies - IPD-95th,12.7173,19.187,21.9462,23.2928,24.1344,24.6388,25.111,25.577,26.1399,26.4403,C7,C7: limit warming to 4°C (>50%)
REMIND-MAgPIE 2.1-4.2,NGFS2_Current Policies - IPD-median,12.7173,19.184,21.939,23.2839,24.1242,24.6187,25.0731,25.5261,26.1,26.4462,C7,C7: limit warming to 4°C (>50%)
REMIND-MAgPIE 2.1-4.2,NGFS2_Delayed Transition,12.7173,19.1848,21.9397,24.0766,26.0417,27.5746,28.7157,29.5889,30.5457,31.2829,C3,C3: limit warming to 2°C (>67%)
REMIND-MAgPIE 2.1-4.2,NGFS2_Divergent Net Zero Policies,12.7173,19.1848,22.7175,25.4846,27.455,28.776,29.5736,30.0617,30.6378,31.0516,C1,C1: limit warming to 1.5°C (>50%) with no or limited overshoot
REMIND-MAgPIE 2.1-4.2,NGFS2_Nationally Determined Contributions (NDCs),12.7173,19.1848,21.96,23.3878,24.2688,24.8115,25.3001,25.804,26.4806,26.9605,C5,C5: limit warming to 2.5°C (>50%)
REMIND-MAgPIE 2.1-4.2,NGFS2_Net-Zero 2050,12.7173,19.1848,22.8249,25.8204,28.0382,29.586,30.5518,31.1705,31.6763,31.8054,C1,C1: limit warming to 1.5°C (>50%) with no or limited overshoot
REMIND-MAgPIE 2.1-4.2,NGFS2_Net-Zero 2050 - IPD-95th,12.7173,19.187,22.8662,25.8527,28.0578,29.6049,30.5891,31.224,31.7383,31.8558,C1,C1: limit warming to 1.5°C (>50%) with no or limited overshoot
REMIND-MAgPIE 2.1-4.2,NGFS2_Net-Zero 2050 - IPD-median,12.7173,19.184,22.8582,25.8535,28.0623,29.6033,30.5749,31.1987,31.7078,31.831,C1,C1: limit warming to 1.5°C (>50%) with no or limited overshoot
REMIND-MAgPIE 2.1-4.2,SusDev_SDP-NPi,12.7283,19.5495,22.7097,23.8832,24.3535,24.3393,24.0917,23.7409,23.5833,23.3241,C5,C5: limit warming to 2.5°C (>50%)
REMIND-MAgPIE 2.1-4.2,SusDev_SDP-PkBudg1000,12.7283,19.5495,23.056,24.7255,25.4934,25.7149,25.5085,25.066,24.7693,24.3251,C1,C1: limit warming to 1.5°C (>50%) with no or limited overshoot
REMIND-MAgPIE 2.1-4.2,SusDev_SSP1-NDC,12.7283,19.5495,22.7303,23.9759,24.48,24.4654,24.29,24.104,24.195,24.2288,C5,C5: limit warming to 2.5°C (>50%)
REMIND-MAgPIE 2.1-4.2,SusDev_SSP1-NPi,12.7283,19.5495,22.6879,23.8955,24.4405,24.456,24.2766,24.0279,24.0169,23.9673,C5,C5: limit warming to 2.5°C (>50%)
REMIND-MAgPIE 2.1-4.2,SusDev_SSP1-PkBudg900,12.7283,19.5495,23.3212,25.6592,27.0803,27.7076,27.7891,27.578,27.4307,27.0764,C1,C1: limit warming to 1.5°C (>50%) with no or limited overshoot
REMIND-MAgPIE 2.1-4.2,SusDev_SSP2-NDC,12.7283,19.5495,23.0739,25.1119,26.4196,27.1986,27.6051,27.8217,28.2688,28.916,C5,C5: limit warming to 2.5°C (>50%)
REMIND-MAgPIE 2.1-4.2,SusDev_SSP2-NPi,12.7283,19.5495,22.9248,24.6701,25.852,26.5775,26.9804,27.1527,27.4432,27.8148,C7,C7: limit warming to 4°C (>50%)
REMIND-MAgPIE 2.1-4.2,SusDev_SSP2-PkBudg900,12.7283,19.5495,23.8521,27.3207,29.9481,31.5305,32.3256,32.7095,33.0561,33.3631,C1,C1: limit warming to 1.5°C (>50%) with no or limited overshoot
REMIND-MAgPIE 2.1-4.3,DeepElec_SSP2_ HighRE_Budg1100,12.8053,19.0874,22.0773,23.5,24.0611,24.0411,23.841,23.6185,23.5926,23.3487,C3,C3: limit warming to 2°C (>67%)
REMIND-MAgPIE 2.1-4.3,DeepElec_SSP2_ HighRE_Budg1300,12.8053,19.0874,21.9964,23.3355,23.878,23.8606,23.6939,23.5159,23.5381,23.3495,C3,C3: limit warming to 2°C (>67%)
REMIND-MAgPIE 2.1-4.3,DeepElec_SSP2_ HighRE_Budg900,12.8053,19.0874,22.2256,23.775,24.3729,24.3933,24.2016,23.961,23.8745,23.5194,C1,C1: limit warming to 1.5°C (>50%) with no or limited overshoot
REMIND-MAgPIE 2.1-4.3,DeepElec_SSP2_Base,12.8053,18.9656,21.528,22.908,23.8999,24.727,25.4378,26.0535,26.6908,26.9195,C7,C7: limit warming to 4°C (>50%)
REMIND-MAgPIE 2.1-4.3,DeepElec_SSP2_Npi,12.8053,19.0874,21.9554,23.5196,24.5343,25.2631,25.9134,26.4505,26.9499,27.1443,C7,C7: limit warming to 4°C (>50%)
REMIND-MAgPIE 2.1-4.3,DeepElec_SSP2_def_Budg1100,12.8053,19.0874,22.3491,24.578,26.2001,27.3933,28.2347,28.7427,29.2373,29.4034,C2,C2: return warming to 1.5°C (>50%) after a high overshoot
REMIND-MAgPIE 2.1-4.3,DeepElec_SSP2_def_Budg1300,12.8053,19.0874,22.2104,24.2403,25.6979,26.8483,27.7501,28.3841,29.0188,29.294,C3,C3: limit warming to 2°C (>67%)
REMIND-MAgPIE 2.1-4.3,DeepElec_SSP2_def_Budg900,12.8053,19.0874,22.569,25.0402,26.6482,27.6714,28.2224,28.5691,28.9729,29.1032,C1,C1: limit warming to 1.5°C (>50%) with no or limited overshoot
REMIND-Transport 2.1,Transport_Budg1100_Conv,12.3822,18.0975,23.101,27.3557,30.1417,31.4313,32.1352,32.5715,33.1792,33.6997,C3,C3: limit warming to 2°C (>67%)
REMIND-Transport 2.1,Transport_Budg1100_Conv-LowD,12.3822,18.0975,22.9582,27.1458,29.9921,31.38,32.1948,32.6945,33.3117,33.798,C3,C3: limit warming to 2°C (>67%)
REMIND-Transport 2.1,Transport_Budg1100_ConvSyn,12.3822,18.0975,23.296,27.8811,30.6659,32.1316,33.081,33.6424,34.311,34.7879,C3,C3: limit warming to 2°C (>67%)
REMIND-Transport 2.1,Transport_Budg1100_ElecPush,12.3822,18.0975,22.9696,27.2409,30.0896,31.4341,32.1897,32.6439,33.2279,33.7303,C3,C3: limit warming to 2°C (>67%)
REMIND-Transport 2.1,Transport_Budg1100_ElecPush-LowD,12.3822,18.0975,22.8891,27.1067,29.976,31.3645,32.1566,32.6509,33.2727,33.7841,C3,C3: limit warming to 2°C (>67%)
REMIND-Transport 2.1,Transport_Budg1100_H2Push,12.3822,18.0975,23.089,27.4284,30.2793,31.6164,32.3528,32.7701,33.3181,33.7609,C3,C3: limit warming to 2°C (>67%)
REMIND-Transport 2.1,Transport_NDC_Conv,12.3822,18.0975,22.1369,25.0344,26.7019,27.6199,28.1238,28.5692,29.4384,30.5114,C6,C6: limit warming to 3°C (>50%)
REMIND-Transport 2.1,Transport_NPi_Conv,12.3822,18.0975,21.8786,24.1705,25.67,26.5908,27.1819,27.5215,28.2359,29.3133,C7,C7: limit warming to 4°C (>50%)
REMIND_EU 2.0,Eff_1p5,12.4441583,18.0517016,22.3360328,25.9503501,28.9073258,31.0663267,32.4591842,33.3628915,33.9949869,34.2305125,failed-vetting,failed-vetting
REMIND_EU 2.0,Eff_Weak,12.4441583,18.0517016,21.8957662,24.8603151,27.2978131,29.1324473,30.3207663,31.3060144,32.333863300000004,33.080033199999995,failed-vetting,failed-vetting
REMIND_EU 2.0,Eff_min80,12.4441583,18.0517016,22.1553259,25.461953,28.1448806,30.063265,31.2986423,32.193198100000004,33.0013564,33.570359100000005,failed-vetting,failed-vetting
REMIND_EU 2.0,Incumb_1p5,12.4621487,18.183486,23.1470476,28.323396,32.1512025,34.1710661,35.327474499999994,35.8852439,36.351578800000006,36.5482604,failed-vetting,failed-vetting
REMIND_EU 2.0,Incumb_Weak,12.4621487,18.183486,22.7997346,27.4321246,31.1730638,33.196721700000005,34.3886708,35.0324389,35.5595274,35.8182748,failed-vetting,failed-vetting
REMIND_EU 2.0,Incumb_min80,12.4621487,18.183486,22.980535,27.8777434,31.6551783,33.663515700000005,34.837540000000004,35.5155095,36.1548417,36.6162478,failed-vetting,failed-vetting
REMIND_EU 2.0,NewPl_1p5,12.4453232,18.0534994,22.0844181,25.056218,27.3760179,28.9704573,29.9468032,30.5300997,31.159824,31.4230025,failed-vetting,failed-vetting
REMIND_EU 2.0,NewPl_Weak,12.4453232,18.0534994,21.6876301,24.2159373,26.1382501,27.389560600000003,28.1247904,28.4763269,28.8928621,29.1200405,failed-vetting,failed-vetting
REMIND_EU 2.0,NewPl_min80,12.4453232,18.0534994,21.8834116,24.6230095,26.729967,28.1508913,29.0503494,29.5369439,30.1861402,30.6770179,failed-vetting,failed-vetting
Reference,IEA Energy Statistics (r2017),12.3930756,15.845398574799486,19.300171674798015,22.174943779768455,24.379702891474604,25.902376644156757,27.280806393032176,28.372420627857878,29.380657295549387,29.85272109512546,failed-vetting,failed-vetting
TIAM-ECN 1.1,EN_INDCi2030_1000,10.9513001576264,15.14811371385022,13.44719978057738,14.20309470425787,14.42295117181562,14.90752530981773,14.71212903784621,14.28806380299575,13.80777377009803,11.95852319556388,C3,C3: limit warming to 2°C (>67%)
TIAM-ECN 1.1,EN_INDCi2030_1000_COV,10.95128383968895,15.14842720313265,13.33790877582669,14.19507223610667,14.86587872989794,15.78415361453262,16.30970413824546,16.60599940970678,17.25052202161075,17.42240869747907,C3,C3: limit warming to 2°C (>67%)
TIAM-ECN 1.1,EN_INDCi2030_1000_NDCp,10.9509724645336,15.14811384582991,13.45504376605673,14.42187218811316,14.51756532537667,15.00934868502261,14.78671626324507,14.46465189659036,13.9793556801682,12.13322429747957,C3,C3: limit warming to 2°C (>67%)
TIAM-ECN 1.1,EN_INDCi2030_1000f,10.9513001576264,15.14811371385022,13.44719978057738,13.8214727360434,13.81150529436069,13.93072976748859,14.08338159994228,15.76561533959318,16.05272173147094,14.60215431360905,C3,C3: limit warming to 2°C (>67%)
TIAM-ECN 1.1,EN_INDCi2030_1000f_COV,10.95128383968895,15.14842720313265,13.33790877582669,13.61396512834626,13.46996779192343,13.50498355006619,14.35381439543898,15.87958571078969,16.47531247342178,15.50627564212071,C3,C3: limit warming to 2°C (>67%)
TIAM-ECN 1.1,EN_INDCi2030_1000f_NDCp,10.9509724645336,15.14811384582991,13.45504376605673,13.97517542394321,13.9027141421826,14.10724164053203,14.53973357101541,16.18021385137628,16.53849721906106,15.6217315594131,C3,C3: limit warming to 2°C (>67%)
TIAM-ECN 1.1,EN_INDCi2030_1200,10.9513001576264,15.14811371385022,13.44719978057738,13.66404354694168,13.50214929919763,13.5769755395156,13.88147829002354,13.78569948875417,13.54813878408487,12.6451272512901,C3,C3: limit warming to 2°C (>67%)
TIAM-ECN 1.1,EN_INDCi2030_1200f,10.9513001576264,15.14811371385022,13.44719978057738,13.52396738528923,13.25081047862308,13.19945358743875,13.36048099227078,14.86632121021306,16.14470577668006,15.35581533463002,C3,C3: limit warming to 2°C (>67%)
TIAM-ECN 1.1,EN_INDCi2030_1400,10.9513001576264,15.14811371385022,13.44719978057738,13.53339355870424,12.78256379092563,12.72250247053347,12.88204045193296,13.38867895017345,13.17438519009428,12.38415713786898,C4,C4: limit warming to 2°C (>50%)
TIAM-ECN 1.1,EN_INDCi2030_1400f,10.9513001576264,15.14811371385022,13.44719978057738,13.53219086746882,12.76881494323567,12.70874298644652,12.87982905277396,12.99543858503556,13.90763052669691,13.72627373308091,C4,C4: limit warming to 2°C (>50%)
TIAM-ECN 1.1,EN_INDCi2030_1600,10.9513001576264,15.14811371385022,13.44719978057738,13.52027379219314,12.75040849310601,12.70239610506219,12.85826649602919,13.19351268837341,12.95915093643902,12.07368823949175,C4,C4: limit warming to 2°C (>50%)
TIAM-ECN 1.1,EN_INDCi2030_1600f,10.9513001576264,15.14811371385022,13.44719978057738,13.52091403295,12.75197637196992,12.69970298853066,12.6182704136332,12.98892758102822,13.48292032057519,13.16248763981831,C5,C5: limit warming to 2.5°C (>50%)
TIAM-ECN 1.1,EN_INDCi2030_2000,10.95130537034114,15.14815613678122,13.72268772022615,13.73346663827191,12.80554886767499,12.73992974657115,12.73785879238381,12.44697837517319,12.66847788075288,11.72801096926308,C5,C5: limit warming to 2.5°C (>50%)
TIAM-ECN 1.1,EN_INDCi2030_2000f,10.95130362462032,15.14815599640438,13.72266762576693,13.73343657793874,12.80551321744101,12.73988141650886,12.73779341248679,12.44689297114807,12.66836055508757,11.72782559412067,C5,C5: limit warming to 2.5°C (>50%)
TIAM-ECN 1.1,EN_INDCi2030_2500,10.9513001576264,15.14811371385022,13.44719978057738,13.42203499408423,12.4379266987399,12.37440196178767,12.37235272829072,12.3089925955508,11.9289621862203,10.68912241458593,C5,C5: limit warming to 2.5°C (>50%)
TIAM-ECN 1.1,EN_INDCi2030_2500f,10.9513001576264,15.14811371385022,13.44719978057738,13.42203500757209,12.43792664081734,12.37440182091462,12.37235249759399,12.30899200067072,11.92896148921468,10.68912273863492,C5,C5: limit warming to 2.5°C (>50%)
TIAM-ECN 1.1,EN_INDCi2030_3000,10.9513001576264,15.14811371385022,13.44719978057738,13.42338518427083,12.38276994047126,12.3149057713658,12.31792570483452,12.28457238241704,11.8626258731449,10.4034670669321,C6,C6: limit warming to 3°C (>50%)
TIAM-ECN 1.1,EN_INDCi2030_3000f,10.95,15.15,13.45,13.42,12.38,12.31,12.32,12.28,11.86,10.4,C6,C6: limit warming to 3°C (>50%)
TIAM-ECN 1.1,EN_INDCi2030_900,10.9513001576264,15.14811371385022,13.44719978057738,14.3293623076766,15.77508440077325,16.66881336399311,15.76292205110177,14.66424522334922,14.07696253311852,13.29277508159881,C3,C3: limit warming to 2°C (>67%)
TIAM-ECN 1.1,EN_INDCi2030_900f,10.9513001576264,15.14811371385022,13.44719978057738,13.72222477184215,13.98029225572747,14.50285706921737,15.38066053728098,15.6258038455811,15.7807976356216,14.98356079243911,C3,C3: limit warming to 2°C (>67%)
TIAM-ECN 1.1,EN_INDCi2100,10.9513001576264,15.14811371385022,13.44719978057738,13.43858458807299,12.38281333295781,12.31957441220217,12.31960756725933,12.31973575245985,11.86421787618445,10.40509873162102,C7,C7: limit warming to 4°C (>50%)
TIAM-ECN 1.1,EN_INDCi2100_COV,10.95,15.15,13.34,13.32,12.32,12.32,12.32,12.32,11.86,10.4,C7,C7: limit warming to 4°C (>50%)
TIAM-ECN 1.1,EN_INDCi2100_NDCp,10.9509724645336,15.14811384582991,13.45504376605673,13.47502254458474,12.38098528070073,12.31860580252774,12.31864715732888,12.31878251271189,11.86353315210092,10.40518402336942,C7,C7: limit warming to 4°C (>50%)
TIAM-ECN 1.1,EN_NPi2020_1000,11.06115966461393,15.15763414176498,14.49856108727233,15.08753469835941,14.50183333313722,14.54826539994335,14.48314894586076,14.22170947855391,13.76493273816288,12.06845522758582,C3,C3: limit warming to 2°C (>67%)
TIAM-ECN 1.1,EN_NPi2020_1000_COV,10.98733925911408,15.15216893043234,14.15559951249935,14.53209855907806,14.00071344857991,14.03367748177712,14.05266773838887,13.81760699899324,13.49659124001589,12.44852460449328,C3,C3: limit warming to 2°C (>67%)
TIAM-ECN 1.1,EN_NPi2020_1000f,10.98518347851209,15.15297201453468,14.11079825641568,14.50784415931059,13.70502857206088,13.72531174900103,13.99490015289478,15.47229371515242,15.6879742349924,14.16330829011029,C3,C3: limit warming to 2°C (>67%)
TIAM-ECN 1.1,EN_NPi2020_1000f_COV,10.98442195834869,15.1501584722542,14.05674285789743,14.44286346641622,13.51068597332492,13.53337663679806,13.84656952641583,15.28384628255409,15.7151014121335,14.16702740469007,C3,C3: limit warming to 2°C (>67%)
TIAM-ECN 1.1,EN_NPi2020_1200,10.98436625432381,15.15118626304958,14.10486660096849,14.4921764523729,13.49338735805064,13.51184557160866,13.42068606678143,13.21326768391846,12.80400533284708,11.26139600892599,C3,C3: limit warming to 2°C (>67%)
TIAM-ECN 1.1,EN_NPi2020_1200f,10.97794155586746,15.1503126444775,13.97044507644649,14.1999795752525,13.29359376187363,13.29957763620546,13.41442543230491,14.56747461869643,14.74074102901617,13.08471656469522,C3,C3: limit warming to 2°C (>67%)
TIAM-ECN 1.1,EN_NPi2020_1400,10.96412912757172,15.14798001204489,13.89728910331808,14.03446606014126,12.87948032486087,12.88323461786186,13.04287360494493,13.1334935035728,12.84390572411703,11.81323215168697,C4,C4: limit warming to 2°C (>50%)
TIAM-ECN 1.1,EN_NPi2020_1400f,10.96341878011664,15.14797980436533,13.84103999749291,13.96365430924388,12.81422113589072,12.81820690317419,12.9891328771077,13.09893885085744,13.28897785570328,13.0006744063166,C4,C4: limit warming to 2°C (>50%)
TIAM-ECN 1.1,EN_NPi2020_1600,10.96085814823694,15.14793742047262,13.75111710499952,13.81735470632981,12.79832465616874,12.80006807220232,12.77369578696193,13.04643436354947,12.58778830291875,11.06401309485093,C4,C4: limit warming to 2°C (>50%)
TIAM-ECN 1.1,EN_NPi2020_1600f,10.96088816720862,15.14793738070636,13.74388227598307,13.8100208650022,12.79810212592906,12.79915635497381,12.73977425390804,13.05824093822586,12.79835918438593,11.28943496935479,C5,C5: limit warming to 2.5°C (>50%)
TIAM-ECN 1.1,EN_NPi2020_2000,10.95556302761643,15.14807224560591,13.53339402297149,13.51520552957247,12.67911272765358,12.67917038252832,12.67673498085895,12.62056338438127,12.60538211660976,11.65395248915304,C5,C5: limit warming to 2.5°C (>50%)
TIAM-ECN 1.1,EN_NPi2020_2000f,10.95556207574189,15.14807253417656,13.53181152878199,13.51354847893711,12.67953261016444,12.67963058806592,12.67726381523548,12.62121173293921,12.60574089022707,11.65467565380088,C5,C5: limit warming to 2.5°C (>50%)
TIAM-ECN 1.1,EN_NPi2020_2500,10.95150864255429,15.1482081795588,13.12527688866596,13.10320585990525,12.37148971575396,12.37133657797346,12.36941697287788,12.30800189339602,11.92473882550709,10.66646703883718,C5,C5: limit warming to 2.5°C (>50%)
TIAM-ECN 1.1,EN_NPi2020_2500f,10.95150833500867,15.14820837994748,13.12520385918762,13.10311931766898,12.37145567643314,12.37129375268369,12.36936379081782,12.30795091182968,11.92470650572373,10.66633223495162,C5,C5: limit warming to 2.5°C (>50%)
TIAM-ECN 1.1,EN_NPi2020_3000,10.9515083246689,15.14820850521529,12.94187632688004,12.92308259920119,12.33264064182187,12.33189247215268,12.32905613826726,12.31204388330618,11.85773038138782,10.39912157955864,C6,C6: limit warming to 3°C (>50%)
TIAM-ECN 1.1,EN_NPi2020_3000f,10.95150850695112,15.14820838760532,12.94190732143968,12.92312798702654,12.33268607214992,12.3319473450153,12.32905112268072,12.3121340461233,11.8578802454523,10.39939973009308,C6,C6: limit warming to 3°C (>50%)
TIAM-ECN 1.1,EN_NPi2020_800,11.1,15.16,14.8,15.83,15.51,16.25,16.07,15.04,14.35,12.25,C3,C3: limit warming to 2°C (>67%)
TIAM-ECN 1.1,EN_NPi2020_800f,11.06,15.16,14.51,15.11,14.5,14.82,15.77,16.6,16.47,14.2,C3,C3: limit warming to 2°C (>67%)
TIAM-ECN 1.1,EN_NPi2020_900,11.07980379734873,15.15497232863836,14.59621549853634,15.64377095020814,14.67662255036103,14.98794729476173,14.61650493362921,14.3730211378777,13.87426170337287,12.05602839421891,C3,C3: limit warming to 2°C (>67%)
TIAM-ECN 1.1,EN_NPi2020_900f,11.04368445561302,15.15524922134788,14.4081580539036,14.86875993170424,14.27358009684594,14.41506665075421,14.78494882851402,16.281155906323,16.13752190713559,14.17620524161519,C3,C3: limit warming to 2°C (>67%)
TIAM-ECN 1.1,EN_NPi2100,10.95118249625226,15.14833342736492,12.88628033491096,12.86672824919026,12.31325294027849,12.31235166900361,12.31064691753392,12.30585031625813,11.8584530777872,10.39967505637608,C7,C7: limit warming to 4°C (>50%)
TIAM-ECN 1.1,EN_NPi2100_COV,10.93797073806698,15.14833037220704,12.80426041140176,12.77463817481927,12.27224468885778,12.27231301191375,12.272344053191,12.2646355828502,11.82715683261438,10.39859871111709,C7,C7: limit warming to 4°C (>50%)
TIAM-ECN AFR 1.1,2DC,10.81386921833807,11.56827814527308,13.14309454688175,14.7657492130345,22.23608123002785,25.902376644156757,27.280806393032176,28.372420627857878,29.380657295549387,29.85272109512546,failed-vetting,failed-vetting
TIAM-ECN AFR 1.1,CAP,10.63040991257467,11.33343803095195,12.26156653352015,12.54134547374988,12.86095633984925,25.902376644156757,27.280806393032176,28.372420627857878,29.380657295549387,29.85272109512546,failed-vetting,failed-vetting
TIAM-ECN AFR 1.1,REF,10.58584619997021,11.145868067864,11.44901716773377,11.45344423254201,11.48162004748854,25.902376644156757,27.280806393032176,28.372420627857878,29.380657295549387,29.85272109512546,failed-vetting,failed-vetting
TIAM-ECN AFR 1.1,TAX,10.63224230419124,11.30181849101513,12.46199809798264,12.78956840589706,13.25973726891158,25.902376644156757,27.280806393032176,28.372420627857878,29.380657295549387,29.85272109512546,failed-vetting,failed-vetting
TIAM-ECN ETH 1.1,RCP2.6,10.8202730871994,11.58362709696992,13.15930997466726,15.640256719742,23.48385340772013,25.902376644156757,27.280806393032176,28.372420627857878,29.380657295549387,29.85272109512546,failed-vetting,failed-vetting
TIAM-ECN ETH 1.1,baseline,10.58545623411441,11.12420154626351,11.41022624549452,11.42354313540988,11.44330303795077,25.902376644156757,27.280806393032176,28.372420627857878,29.380657295549387,29.85272109512546,failed-vetting,failed-vetting
TIAM-ECN KEN 1.1,CAP,10.63310530072903,11.36043047056866,12.5068147119169,13.0330389375671,14.24030762996664,25.902376644156757,27.280806393032176,28.372420627857878,29.380657295549387,29.85272109512546,failed-vetting,failed-vetting
TIAM-ECN KEN 1.1,NDC,10.63041381178325,11.33344908879848,12.24452072552839,12.54152162145412,12.84837447229577,25.902376644156757,27.280806393032176,28.372420627857878,29.380657295549387,29.85272109512546,failed-vetting,failed-vetting
TIAM-ECN KEN 1.1,REF,10.58637945378116,11.13531404877839,11.43345002888668,11.446822666015,11.47252897534676,25.902376644156757,27.280806393032176,28.372420627857878,29.380657295549387,29.85272109512546,failed-vetting,failed-vetting
TIAM-ECN KEN 1.1,TAX,10.6321705153805,11.30126521222466,12.46609394555133,12.79446504073466,13.2646551556657,25.902376644156757,27.280806393032176,28.372420627857878,29.380657295549387,29.85272109512546,failed-vetting,failed-vetting
TIAM-ECN MDG 1.1,NDC,10.63005535271959,11.46061162629029,12.08951429381915,12.18014582754257,12.23957097884755,25.902376644156757,27.280806393032176,28.372420627857878,29.380657295549387,29.85272109512546,failed-vetting,failed-vetting
TIAM-ECN MDG 1.1,NDC+,10.63289622786919,11.46462889281145,12.09814578081785,12.18430172890347,12.22692993772774,25.902376644156757,27.280806393032176,28.372420627857878,29.380657295549387,29.85272109512546,failed-vetting,failed-vetting
TIAM-ECN MDG 1.1,REF,10.60470995678337,11.3213062192117,11.57854362121795,11.58583975663601,11.60149318895838,25.902376644156757,27.280806393032176,28.372420627857878,29.380657295549387,29.85272109512546,failed-vetting,failed-vetting
TIAM-Grantham 1.0,Baseline,10.2931954469056,14.4161250319546,16.6523741345584,18.0201259574147,19.8156795260102,20.2271557932152,20.3788256154446,20.506014804564,20.6211718620286,20.6964545535383,failed-vetting,failed-vetting
TIAM-Grantham 3.2,CO_2Deg2020,10.299866358615,15.09414129609,17.31050631403,23.84157561234,28.44258928007,31.83443085179,36.85469722419001,42.01905618575,50.98670712347,55.40325408160001,no-climate-assessment,no-climate-assessment
TIAM-Grantham 3.2,CO_2Deg2030,10.299866358615,15.09414129609,16.69069350243,19.28242964386,32.61299030207,37.40053448229,42.05357359002001,46.29495641075,51.39617804419999,55.77082411590001,no-climate-assessment,no-climate-assessment
TIAM-Grantham 3.2,CO_BAU,10.299866358615,15.05973068562,16.39938214155,17.66810164105,19.94786753735,20.23520499225,20.53482702785,21.04519525755,21.57886301025,22.21709746485,failed-vetting,failed-vetting
TIAM-Grantham 3.2,CO_Bridge,10.299866358615,15.09414129609,16.95233068183,21.60749774634,32.11940629907,36.83864518819,41.75956608952001,46.01737004715,51.13481119747,55.66343134470001,no-climate-assessment,no-climate-assessment
TIAM-Grantham 3.2,CO_CurPol,10.299866358615,15.09414129609,16.69720426503,17.98488519826,20.52130612696,21.65461306826001,22.83121910315,24.54758403285,25.00647517645,27.03439866205,no-climate-assessment,no-climate-assessment
TIAM-Grantham 3.2,CO_GPP,10.299866358615,15.09414129609,16.95233068183,20.90087363434,25.50226585387,26.29396738959,29.17418767592,30.64435309865,31.12951695897,32.3922585355,no-climate-assessment,no-climate-assessment
TIAM-Grantham 3.2,CO_NDCplus,10.299866358615,15.09414129609,16.69069350243,18.08251600186,24.65031239957,25.72206429779,26.27691638022,26.83315458225001,28.68234142927,32.5191093574,no-climate-assessment,no-climate-assessment
TIAM-UCL 4.1.1,SSP2_1_75D-66,11.2825638775101,13.4060975729001,22.3088387999043,26.73410867640189,25.46999886314811,31.9594600929042,29.8321771741005,31.2574874886399,36.0928389171506,40.2940114415349,failed-vetting,failed-vetting
TIAM-UCL 4.1.1,SSP2_2D-66,11.2825638775101,13.4060975729001,20.5609781061683,24.3683518847743,22.6035734363737,28.86687503878361,26.59480451683789,23.7284693173375,25.2447950356233,37.6291762743358,failed-vetting,failed-vetting
TIAM-UCL 4.1.1,SSP2_BASE,11.2825638775101,13.4060975729001,17.3095459080883,19.946017153924,19.0206107365053,25.66980846676169,24.4445345551352,24.8957965895105,25.753615916956,29.5711446200678,failed-vetting,failed-vetting
TIAM-WORLD 1.0,20% abatement (FF&I),10.16445029925177,11.78837877384673,15.88461378946529,19.02215265166982,22.52491519090637,23.65511175134009,24.73073475877732,25.72458900634768,27.93057688609388,29.55406809227188,failed-vetting,failed-vetting
TIAM-WORLD 1.0,20% abatement (GHG),10.16445029925177,11.679079432780972,15.7760688984253,18.62386101031295,22.09697282640321,22.96735125142856,23.827739624572043,24.90637128091464,26.06641440227353,28.87949506455907,failed-vetting,failed-vetting
TIAM-WORLD 1.0,450 concentration,10.16445029925177,11.63546060686093,16.12072773919106,20.72907348314535,25.746462656637902,28.76016609474656,29.99416205088719,30.66634020106452,31.368008614534386,33.14104910238468,failed-vetting,failed-vetting
TIAM-WORLD 1.0,50% abatement (FF&I),10.16445029925177,11.8723069529287,16.69181025291621,20.29982946622864,23.43748547282273,25.246571998744823,26.76331430110781,27.589893884608312,28.448183973857702,30.5514547425083,failed-vetting,failed-vetting
TIAM-WORLD 1.0,50% abatement (GHG),10.16445029925177,11.691980618981573,16.31041989975229,20.058552293820803,23.88410726418323,25.04635017739095,26.54907429746923,27.72326527499973,28.43857278093321,30.56482484680367,failed-vetting,failed-vetting
TIAM-WORLD 1.0,550 concentration,10.16445029925177,11.35891709306716,14.82108541860522,18.46431882081696,22.254554151155,24.85992661639622,26.83677604476628,30.26856799459318,31.51650324148003,32.38850703667344,failed-vetting,failed-vetting
TIAM-WORLD 1.0,650 concentration,10.16445029925177,11.259403062877947,13.2230477412524,15.620049104363911,19.25795748380641,21.32276865575197,23.50728487512897,25.81585536146093,29.20876528097068,33.01121145950701,failed-vetting,failed-vetting
TIAM-WORLD 1.0,Core baseline,10.16445029925177,11.25940306287796,12.6412052148772,14.87313976183983,16.55442456097742,17.294775022524473,17.3527059141381,17.67182654366323,17.689552752753702,17.7121763866289,failed-vetting,failed-vetting
TIAM-WORLD 1.0,High CO2 price,10.16445029925177,11.61434194770825,15.92720120893771,19.32697654557325,23.10119582393304,25.72462955886913,29.12989397907315,30.9889456666842,31.71635068290617,32.944159049122945,failed-vetting,failed-vetting
TIAM-WORLD 1.0,Low CO2 price,10.16445029925177,11.259403062877947,13.50566886179149,16.29554845974071,19.81600578103828,22.06170431473296,23.224069370440137,24.87781510270961,27.93554824894782,31.701258225755225,failed-vetting,failed-vetting
TIAM-WORLD 1.0,Policy baseline,10.16291170206316,12.5129798563863,17.1653457579487,20.099275953456868,22.25775467849436,22.73285371257796,23.73799821528061,24.509525783952952,24.82107814562933,25.10962511792615,failed-vetting,failed-vetting
WEM 2020,SDS,12.413,15.717,19.877,24.086,27.606,25.902376644156757,27.280806393032176,28.372420627857878,29.380657295549387,29.85272109512546,no-climate-assessment,no-climate-assessment
WEM 2021,NZE,12.41276396484375,15.6751927734375,21.13286484375,26.8026486328125,30.45841171875,25.902376644156757,27.280806393032176,28.372420627857878,29.380657295549387,29.85272109512546,no-climate-assessment,no-climate-assessment
WITCH 4.6,DISCRATE_Ref_dr2p,12.2402265266448,18.8555511663549,23.25660892140353,26.56051873663224,29.0407906791312,30.90275097852933,32.30053970368085,33.34987105665991,34.1376126291393,34.72897662798546,C8,C8: exceed warming of 4°C (>=50%)
WITCH 4.6,DISCRATE_Ref_dr3p,12.2402265266448,18.8555511663549,23.25660892140353,26.56051873663224,29.0407906791312,30.90275097852933,32.30053970368085,33.34987105665991,34.1376126291393,34.72897662798546,C8,C8: exceed warming of 4°C (>=50%)
WITCH 4.6,DISCRATE_Ref_dr4p,12.2402265266448,18.8555511663549,23.25660892140352,26.56051873663224,29.0407906791312,30.90275097852933,32.30053970368085,33.34987105665991,34.1376126291393,34.72897662798546,C8,C8: exceed warming of 4°C (>=50%)
WITCH 4.6,DISCRATE_Ref_dr5p,12.2402265266448,18.8555511663549,23.25660892140352,26.56051873663224,29.0407906791312,30.90275097852933,32.30053970368085,33.34987105665991,34.1376126291393,34.72897662798546,C8,C8: exceed warming of 4°C (>=50%)
WITCH 4.6,DISCRATE_cb1000_cdrall_dr2p,12.2402265266448,18.8555511663549,23.25660892140353,26.56051873663224,29.0407906791312,30.90275097852933,32.30053970368085,33.34987105665991,34.1376126291393,34.72897662798546,failed-vetting,failed-vetting
WITCH 4.6,DISCRATE_cb1000_cdrall_dr3p,12.2402265266448,18.8555511663549,23.25660892140352,26.56051873663224,29.0407906791312,30.90275097852933,32.30053970368085,33.34987105665991,34.1376126291393,34.72897662798546,failed-vetting,failed-vetting
WITCH 4.6,DISCRATE_cb1000_cdrall_dr4p,12.2402265266448,18.8555511663549,23.25660892140352,26.56051873663224,29.0407906791312,30.90275097852933,32.30053970368085,33.34987105665991,34.1376126291393,34.72897662798546,failed-vetting,failed-vetting
WITCH 4.6,DISCRATE_cb1000_cdrall_dr5p,12.2402265266448,18.8555511663549,23.25660892140352,26.56051873663224,29.0407906791312,30.90275097852933,32.30053970368085,33.34987105665991,34.1376126291393,34.72897662798546,failed-vetting,failed-vetting
WITCH 4.6,DISCRATE_cb1000_cdrno_dr2p,12.2402265266448,18.8555511663549,23.25660892140353,26.56051873663224,29.0407906791312,30.90275097852933,32.30053970368085,33.34987105665991,34.1376126291393,34.72897662798546,failed-vetting,failed-vetting
WITCH 4.6,DISCRATE_cb1000_cdrno_dr3p,12.2402265266448,18.8555511663549,23.25660892140352,26.56051873663224,29.0407906791312,30.90275097852933,32.30053970368085,33.34987105665991,34.1376126291393,34.72897662798546,failed-vetting,failed-vetting
WITCH 4.6,DISCRATE_cb1000_cdrno_dr4p,12.2402265266448,18.8555511663549,23.25660892140352,26.56051873663224,29.0407906791312,30.90275097852933,32.30053970368085,33.34987105665991,34.1376126291393,34.72897662798546,failed-vetting,failed-vetting
WITCH 4.6,DISCRATE_cb1000_cdrno_dr5p,12.2402265266448,18.8555511663549,23.25660892140352,26.56051873663224,29.0407906791312,30.90275097852933,32.30053970368085,33.34987105665991,34.1376126291393,34.72897662798546,failed-vetting,failed-vetting
WITCH 4.6,DISCRATE_cb400_cdrall_dr2p,12.2402265266448,18.8555511663549,23.25660892140352,26.56051873663224,29.0407906791312,30.90275097852933,32.30053970368085,33.34987105665991,34.1376126291393,34.72897662798546,failed-vetting,failed-vetting
WITCH 4.6,DISCRATE_cb400_cdrall_dr3p,12.2402265266448,18.8555511663549,23.25660892140352,26.56051873663224,29.0407906791312,30.90275097852933,32.30053970368085,33.34987105665991,34.1376126291393,34.72897662798546,failed-vetting,failed-vetting
WITCH 4.6,DISCRATE_cb400_cdrall_dr4p,12.2402265266448,18.8555511663549,23.25660892140352,26.56051873663224,29.0407906791312,30.90275097852933,32.30053970368085,33.34987105665991,34.1376126291393,34.72897662798546,failed-vetting,failed-vetting
WITCH 4.6,DISCRATE_cb400_cdrall_dr5p,12.2402265266448,18.8555511663549,23.25660892140352,26.56051873663224,29.0407906791312,30.90275097852933,32.30053970368085,33.34987105665991,34.1376126291393,34.72897662798546,failed-vetting,failed-vetting
WITCH 4.6,DISCRATE_cb400_cdrno_dr2p,12.2402265266448,18.8555511663549,23.25660892140353,26.56051873663224,29.0407906791312,30.90275097852933,32.30053970368085,33.34987105665991,34.1376126291393,34.72897662798546,failed-vetting,failed-vetting
WITCH 4.6,DISCRATE_cb400_cdrno_dr3p,12.2402265266448,18.8555511663549,23.25660892140352,26.56051873663224,29.0407906791312,30.90275097852933,32.30053970368085,33.34987105665991,34.1376126291393,34.72897662798546,failed-vetting,failed-vetting
WITCH 4.6,DISCRATE_cb400_cdrno_dr4p,12.2402265266448,18.8555511663549,23.25660892140352,26.56051873663224,29.0407906791312,30.90275097852933,32.30053970368085,33.34987105665991,34.1376126291393,34.72897662798546,failed-vetting,failed-vetting
WITCH 4.6,DISCRATE_cb400_cdrno_dr5p,12.2402265266448,18.8555511663549,23.25660892140352,26.56051873663224,29.0407906791312,30.90275097852933,32.30053970368085,33.34987105665991,34.1376126291393,34.72897662798546,failed-vetting,failed-vetting
WITCH 4.6,DISCRATE_cb600_cdrall_dr2p,12.2402265266448,18.8555511663549,23.25660892140352,26.56051873663224,29.0407906791312,30.90275097852933,32.30053970368085,33.34987105665991,34.1376126291393,34.72897662798546,failed-vetting,failed-vetting
WITCH 4.6,DISCRATE_cb600_cdrall_dr3p,12.2402265266448,18.8555511663549,23.25660892140352,26.56051873663224,29.0407906791312,30.90275097852933,32.30053970368085,33.34987105665991,34.1376126291393,34.72897662798546,failed-vetting,failed-vetting
WITCH 4.6,DISCRATE_cb600_cdrall_dr4p,12.2402265266448,18.8555511663549,23.25660892140353,26.56051873663224,29.0407906791312,30.90275097852933,32.30053970368085,33.34987105665991,34.1376126291393,34.72897662798546,failed-vetting,failed-vetting
WITCH 4.6,DISCRATE_cb600_cdrall_dr5p,12.2402265266448,18.8555511663549,23.25660892140352,26.56051873663224,29.0407906791312,30.90275097852933,32.30053970368085,33.34987105665991,34.1376126291393,34.72897662798546,failed-vetting,failed-vetting
WITCH 4.6,DISCRATE_cb600_cdrno_dr2p,12.2402265266448,18.8555511663549,23.25660892140353,26.56051873663224,29.0407906791312,30.90275097852933,32.30053970368085,33.34987105665991,34.1376126291393,34.72897662798546,failed-vetting,failed-vetting
WITCH 4.6,DISCRATE_cb600_cdrno_dr3p,12.2402265266448,18.8555511663549,23.25660892140352,26.56051873663224,29.0407906791312,30.90275097852933,32.30053970368085,33.34987105665991,34.1376126291393,34.72897662798546,failed-vetting,failed-vetting
WITCH 4.6,DISCRATE_cb600_cdrno_dr4p,12.2402265266448,18.8555511663549,23.25660892140352,26.56051873663224,29.0407906791312,30.90275097852933,32.30053970368085,33.34987105665991,34.1376126291393,34.72897662798546,failed-vetting,failed-vetting
WITCH 4.6,DISCRATE_cb600_cdrno_dr5p,12.2402265266448,18.8555511663549,23.25660892140352,26.56051873663224,29.0407906791312,30.90275097852933,32.30053970368085,33.34987105665991,34.1376126291393,34.72897662798546,failed-vetting,failed-vetting
WITCH 5.0,CO_2Deg2020,12.543987342744,18.87438305626344,24.24404269112809,27.26044621107171,29.52488484171678,31.22481732026446,32.50097044383048,33.45898896241223,34.1781812481945,34.7180847405554,C3,C3: limit warming to 2°C (>67%)
WITCH 5.0,CO_2Deg2030,12.543987342744,18.87438305626344,22.85046120270885,27.42990315575277,29.65209754692344,31.32031693166399,32.57266277804069,33.51280898020276,34.2185843728365,34.7484156944988,C3,C3: limit warming to 2°C (>67%)
WITCH 5.0,CO_BAU,12.543987342744,17.47542867644625,22.17919267538504,25.71034652738482,28.36121241464147,30.35123897444185,31.84516808181337,32.96667280086382,33.8085955056603,34.44063372075759,C7,C7: limit warming to 4°C (>50%)
WITCH 5.0,CO_Bridge,12.527543739816,18.8850592351267,24.2520573853445,27.2664629071392,29.5294016243402,31.2282081056786,32.5035159339909,33.4608998825578,34.179615791474,31.4300484337836,C3,C3: limit warming to 2°C (>67%)
WITCH 5.0,CO_CurPol,12.543987342744,18.87438305626344,24.24404269112809,27.26044621107171,29.52488484171678,31.22481732026446,32.50097044383048,33.45898896241223,34.1781812481945,34.7180847405554,C7,C7: limit warming to 4°C (>50%)
WITCH 5.0,CO_GPP,12.543987342744,18.87438305626344,24.24404269112809,27.26044621107171,29.52488484171678,31.22481732026446,32.50097044383048,33.45898896241223,34.1781812481945,34.7180847405554,C5,C5: limit warming to 2.5°C (>50%)
WITCH 5.0,CO_NDC_2050convergence,12.543987342744,18.87438305626344,22.85046120270885,26.95410730564036,29.65209754692344,31.32031693166399,32.57266277804069,33.51280898020276,34.2185843728365,34.7484156944988,C5,C5: limit warming to 2.5°C (>50%)
WITCH 5.0,CO_NDCplus,12.543987342744,18.87438305626344,22.85046120270885,27.42990315575277,29.65209754692344,31.32031693166399,32.57266277804069,33.51280898020276,34.2185843728365,34.7484156944988,C6,C6: limit warming to 3°C (>50%)
WITCH 5.0,EN_INDCi2030_1000,12.527543739816,18.8850592351267,24.47778685201999,27.43591985182029,29.65661432954684,31.32370771707816,32.57520826820116,33.51471990034831,34.22001891611595,34.74949261779434,C3,C3: limit warming to 2°C (>67%)
WITCH 5.0,EN_INDCi2030_1000_NDCp,12.527543739816,18.8850592351267,24.47778685201999,27.43591985182029,29.65661432954684,31.32370771707816,32.57520826820116,33.51471990034832,34.22001891611595,34.74949261779434,C3,C3: limit warming to 2°C (>67%)
WITCH 5.0,EN_INDCi2030_1000f,12.527543739816,18.8850592351267,24.47778685201999,27.43591985182029,29.65661432954684,31.32370771707816,32.57520826820116,33.51471990034832,34.22001891611595,34.74949261779434,C3,C3: limit warming to 2°C (>67%)
WITCH 5.0,EN_INDCi2030_1000f_NDCp,12.527543739816,18.8850592351267,24.47778685201999,27.43591985182029,29.65661432954684,31.32370771707816,32.57520826820116,33.51471990034831,34.22001891611595,34.74949261779433,C3,C3: limit warming to 2°C (>67%)
WITCH 5.0,EN_INDCi2030_1200,12.527543739816,18.8850592351267,24.47778685201999,27.43591985182029,29.65661432954684,31.32370771707816,32.57520826820116,33.5147199003483,34.22001891611595,34.74949261779433,C4,C4: limit warming to 2°C (>50%)
WITCH 5.0,EN_INDCi2030_1200_NDCp,12.527543739816,18.8850592351267,24.47778685201999,27.43591985182029,29.65661432954684,31.32370771707816,32.57520826820116,33.51471990034831,34.22001891611595,34.74949261779434,C4,C4: limit warming to 2°C (>50%)
WITCH 5.0,EN_INDCi2030_1200f,12.527543739816,18.8850592351267,24.47778685201999,27.43591985182029,29.65661432954684,31.32370771707816,32.57520826820116,33.51471990034831,34.22001891611595,34.74949261779433,C4,C4: limit warming to 2°C (>50%)
WITCH 5.0,EN_INDCi2030_1200f_NDCp,12.527543739816,18.8850592351267,24.47778685201999,27.43591985182029,29.65661432954684,31.32370771707816,32.57520826820116,33.51471990034831,34.22001891611595,34.74949261779433,C4,C4: limit warming to 2°C (>50%)
WITCH 5.0,EN_INDCi2030_1400,12.527543739816,18.8850592351267,24.47778685201999,27.43591985182029,29.65661432954684,31.32370771707816,32.57520826820116,33.51471990034832,34.22001891611595,34.74949261779433,C4,C4: limit warming to 2°C (>50%)
WITCH 5.0,EN_INDCi2030_1400_NDCp,12.527543739816,18.8850592351267,24.47778685201999,27.43591985182029,29.65661432954684,31.32370771707816,32.57520826820116,33.51471990034831,34.22001891611595,34.74949261779434,C4,C4: limit warming to 2°C (>50%)
WITCH 5.0,EN_INDCi2030_1400f,12.527543739816,18.8850592351267,24.47778685201999,27.43591985182029,29.65661432954684,31.32370771707816,32.57520826820116,33.51471990034831,34.22001891611595,34.74949261779434,C4,C4: limit warming to 2°C (>50%)
WITCH 5.0,EN_INDCi2030_1400f_NDCp,12.527543739816,18.8850592351267,24.47778685201999,27.43591985182029,29.65661432954684,31.32370771707816,32.57520826820116,33.51471990034832,34.22001891611595,34.74949261779433,C4,C4: limit warming to 2°C (>50%)
WITCH 5.0,EN_INDCi2030_1600,12.527543739816,18.8850592351267,24.47778685201999,27.43591985182029,29.65661432954684,31.32370771707816,32.57520826820116,33.51471990034831,34.22001891611595,34.74949261779433,C5,C5: limit warming to 2.5°C (>50%)
WITCH 5.0,EN_INDCi2030_1600_NDCp,12.527543739816,18.8850592351267,24.47778685201999,27.43591985182029,29.65661432954684,31.32370771707816,32.57520826820116,33.51471990034831,34.22001891611595,34.74949261779433,C5,C5: limit warming to 2.5°C (>50%)
WITCH 5.0,EN_INDCi2030_1600f,12.527543739816,18.8850592351267,24.47778685201999,27.43591985182029,29.65661432954684,31.32370771707816,32.57520826820116,33.51471990034831,34.22001891611595,34.74949261779434,C5,C5: limit warming to 2.5°C (>50%)
WITCH 5.0,EN_INDCi2030_1600f_NDCp,12.527543739816,18.8850592351267,24.47778685201999,27.43591985182029,29.65661432954684,31.32370771707816,32.57520826820116,33.51471990034832,34.22001891611595,34.74949261779433,C5,C5: limit warming to 2.5°C (>50%)
WITCH 5.0,EN_INDCi2030_1800,12.527543739816,18.8850592351267,24.47778685201999,27.43591985182029,29.65661432954684,31.32370771707816,32.57520826820116,33.51471990034832,34.22001891611595,34.74949261779434,C5,C5: limit warming to 2.5°C (>50%)
WITCH 5.0,EN_INDCi2030_1800_NDCp,12.527543739816,18.8850592351267,24.47778685201999,27.43591985182029,29.65661432954684,31.32370771707816,32.57520826820116,33.51471990034832,34.22001891611595,34.74949261779433,C5,C5: limit warming to 2.5°C (>50%)
WITCH 5.0,EN_INDCi2030_1800f,12.527543739816,18.8850592351267,24.47778685201999,27.43591985182029,29.65661432954684,31.32370771707816,32.57520826820116,33.51471990034832,34.22001891611595,34.74949261779434,C5,C5: limit warming to 2.5°C (>50%)
WITCH 5.0,EN_INDCi2030_1800f_NDCp,12.527543739816,18.8850592351267,24.47778685201999,27.43591985182029,29.65661432954684,31.32370771707816,32.57520826820116,33.51471990034832,34.22001891611595,34.74949261779433,C5,C5: limit warming to 2.5°C (>50%)
WITCH 5.0,EN_INDCi2030_2000,12.527543739816,18.8850592351267,24.47778685201999,27.43591985182029,29.65661432954684,31.32370771707816,32.57520826820116,33.51471990034832,34.22001891611595,34.74949261779434,C5,C5: limit warming to 2.5°C (>50%)
WITCH 5.0,EN_INDCi2030_2000_NDCp,12.527543739816,18.8850592351267,24.47778685201999,27.43591985182029,29.65661432954684,31.32370771707816,32.57520826820116,33.51471990034832,34.22001891611595,34.74949261779434,C5,C5: limit warming to 2.5°C (>50%)
WITCH 5.0,EN_INDCi2030_2000f,12.527543739816,18.8850592351267,24.47778685201999,27.43591985182029,29.65661432954684,31.32370771707816,32.57520826820116,33.51471990034832,34.22001891611595,34.74949261779434,C5,C5: limit warming to 2.5°C (>50%)
WITCH 5.0,EN_INDCi2030_2000f_NDCp,12.527543739816,18.8850592351267,24.47778685201999,27.43591985182029,29.65661432954684,31.32370771707816,32.57520826820116,33.51471990034832,34.22001891611595,34.74949261779434,C5,C5: limit warming to 2.5°C (>50%)
WITCH 5.0,EN_INDCi2030_2500,12.527543739816,18.8850592351267,24.47778685201999,27.43591985182029,29.65661432954684,31.32370771707816,32.57520826820116,33.51471990034832,34.22001891611595,34.74949261779434,C5,C5: limit warming to 2.5°C (>50%)
WITCH 5.0,EN_INDCi2030_2500_NDCp,12.527543739816,18.8850592351267,24.47778685201999,27.43591985182029,29.65661432954684,31.32370771707816,32.57520826820116,33.51471990034831,34.22001891611595,34.74949261779433,C5,C5: limit warming to 2.5°C (>50%)
WITCH 5.0,EN_INDCi2030_2500f,12.527543739816,18.8850592351267,24.47778685201999,27.43591985182029,29.65661432954684,31.32370771707816,32.57520826820116,33.51471990034832,34.22001891611595,34.74949261779434,C5,C5: limit warming to 2.5°C (>50%)
WITCH 5.0,EN_INDCi2030_2500f_NDCp,12.527543739816,18.8850592351267,24.47778685201999,27.43591985182029,29.65661432954684,31.32370771707816,32.57520826820116,33.51471990034831,34.22001891611595,34.74949261779433,C5,C5: limit warming to 2.5°C (>50%)
WITCH 5.0,EN_INDCi2030_3000,12.527543739816,18.8850592351267,24.47778685201999,27.43591985182029,29.65661432954684,31.32370771707816,32.57520826820116,33.51471990034831,34.22001891611595,34.74949261779433,C6,C6: limit warming to 3°C (>50%)
WITCH 5.0,EN_INDCi2030_3000_NDCp,12.527543739816,18.8850592351267,24.47778685201999,27.43591985182029,29.65661432954684,31.32370771707816,32.57520826820116,33.51471990034832,34.22001891611595,34.74949261779433,C6,C6: limit warming to 3°C (>50%)
WITCH 5.0,EN_INDCi2030_3000f,12.527543739816,18.8850592351267,24.47778685201999,27.43591985182029,29.65661432954684,31.32370771707816,32.57520826820116,33.51471990034831,34.22001891611595,34.74949261779433,C6,C6: limit warming to 3°C (>50%)
WITCH 5.0,EN_INDCi2030_3000f_NDCp,12.527543739816,18.8850592351267,24.47778685201999,27.43591985182029,29.65661432954684,31.32370771707816,32.57520826820116,33.51471990034832,34.22001891611595,34.74949261779433,C6,C6: limit warming to 3°C (>50%)
WITCH 5.0,EN_INDCi2030_500f,12.527543739816,18.8850592351267,24.47778685201999,27.43591985182029,29.65661432954684,31.32370771707816,32.57520826820116,33.51471990034832,34.22001891611595,34.74949261779433,C2,C2: return warming to 1.5°C (>50%) after a high overshoot
WITCH 5.0,EN_INDCi2030_600f,12.527543739816,18.8850592351267,24.47778685201999,27.43591985182029,29.65661432954684,31.32370771707816,32.57520826820116,33.51471990034831,34.22001891611595,34.74949261779434,C3,C3: limit warming to 2°C (>67%)
WITCH 5.0,EN_INDCi2030_600f_NDCp,12.527543739816,18.8850592351267,24.47778685201999,27.43591985182029,29.65661432954684,31.32370771707816,32.57520826820116,33.51471990034831,34.22001891611595,34.74949261779433,C3,C3: limit warming to 2°C (>67%)
WITCH 5.0,EN_INDCi2030_700f,12.527543739816,18.8850592351267,24.47778685201999,27.43591985182029,29.65661432954684,31.32370771707816,32.57520826820116,33.51471990034831,34.22001891611595,34.74949261779433,C3,C3: limit warming to 2°C (>67%)
WITCH 5.0,EN_INDCi2030_700f_NDCp,12.527543739816,18.8850592351267,24.47778685201999,27.43591985182029,29.65661432954684,31.32370771707816,32.57520826820116,33.51471990034831,34.22001891611595,34.74949261779434,C3,C3: limit warming to 2°C (>67%)
WITCH 5.0,EN_INDCi2030_800,12.527543739816,18.8850592351267,24.47778685201999,27.43591985182029,29.65661432954684,31.32370771707816,32.57520826820116,33.51471990034832,34.22001891611595,34.74949261779433,C3,C3: limit warming to 2°C (>67%)
WITCH 5.0,EN_INDCi2030_800_NDCp,12.527543739816,18.8850592351267,24.47778685201999,27.43591985182029,29.65661432954684,31.32370771707816,32.57520826820116,33.51471990034831,34.22001891611595,34.74949261779433,C3,C3: limit warming to 2°C (>67%)
WITCH 5.0,EN_INDCi2030_800f,12.527543739816,18.8850592351267,24.47778685201999,27.43591985182029,29.65661432954684,31.32370771707816,32.57520826820116,33.51471990034831,34.22001891611595,34.74949261779434,C3,C3: limit warming to 2°C (>67%)
WITCH 5.0,EN_INDCi2030_800f_NDCp,12.527543739816,18.8850592351267,24.47778685201999,27.43591985182029,29.65661432954684,31.32370771707816,32.57520826820116,33.51471990034831,34.22001891611595,34.74949261779434,C3,C3: limit warming to 2°C (>67%)
WITCH 5.0,EN_INDCi2030_900,12.527543739816,18.8850592351267,24.47778685201999,27.43591985182029,29.65661432954684,31.32370771707816,32.57520826820116,33.51471990034832,34.22001891611595,34.74949261779433,C3,C3: limit warming to 2°C (>67%)
WITCH 5.0,EN_INDCi2030_900_NDCp,12.527543739816,18.8850592351267,24.47778685201999,27.43591985182029,29.65661432954684,31.32370771707816,32.57520826820116,33.51471990034831,34.22001891611595,34.74949261779433,C3,C3: limit warming to 2°C (>67%)
WITCH 5.0,EN_INDCi2030_900f,12.527543739816,18.8850592351267,24.47778685201999,27.43591985182029,29.65661432954684,31.32370771707816,32.57520826820116,33.51471990034832,34.22001891611595,34.74949261779434,C3,C3: limit warming to 2°C (>67%)
WITCH 5.0,EN_INDCi2030_900f_NDCp,12.527543739816,18.8850592351267,24.47778685201999,27.43591985182029,29.65661432954684,31.32370771707816,32.57520826820116,33.51471990034832,34.22001891611595,34.74949261779434,C3,C3: limit warming to 2°C (>67%)
WITCH 5.0,EN_INDCi2100,12.527543739816,18.8850592351267,24.47778685201999,26.68667041839707,29.65661432954684,28.56629598185926,32.57520826820116,33.51471990034831,30.93153564412594,34.74949261779433,C6,C6: limit warming to 3°C (>50%)
WITCH 5.0,EN_INDCi2100_NDCp,12.527543739816,18.8850592351267,24.47778685201999,27.43591985182029,29.65661432954684,31.32370771707816,32.57520826820116,33.51471990034831,34.22001891611595,34.74949261779434,C6,C6: limit warming to 3°C (>50%)
WITCH 5.0,EN_NPi2020_1000,12.527543739816,18.8850592351267,24.2520573853445,27.26646290713922,29.52940162434019,31.22820810567863,32.50351593399093,33.4608998825578,34.17961579147395,34.71916166385093,C3,C3: limit warming to 2°C (>67%)
WITCH 5.0,EN_NPi2020_1000f,12.527543739816,18.8850592351267,24.2520573853445,27.26646290713922,29.52940162434019,31.22820810567863,32.50351593399093,33.46089988255779,34.17961579147395,34.71916166385094,C3,C3: limit warming to 2°C (>67%)
WITCH 5.0,EN_NPi2020_1200,12.527543739816,18.8850592351267,24.2520573853445,27.26646290713922,29.52940162434019,31.22820810567863,32.50351593399093,33.46089988255779,34.17961579147395,34.71916166385093,C4,C4: limit warming to 2°C (>50%)
WITCH 5.0,EN_NPi2020_1200f,12.527543739816,18.8850592351267,24.2520573853445,27.26646290713922,29.52940162434019,31.22820810567863,32.50351593399093,33.46089988255779,34.17961579147395,34.71916166385093,C4,C4: limit warming to 2°C (>50%)
WITCH 5.0,EN_NPi2020_1400,12.527543739816,18.8850592351267,24.2520573853445,27.26646290713922,29.52940162434019,31.22820810567863,32.50351593399093,33.46089988255779,34.17961579147395,34.71916166385093,C4,C4: limit warming to 2°C (>50%)
WITCH 5.0,EN_NPi2020_1400f,12.527543739816,18.8850592351267,24.2520573853445,27.26646290713922,29.52940162434019,31.22820810567863,32.50351593399093,33.4608998825578,34.17961579147395,34.71916166385094,C4,C4: limit warming to 2°C (>50%)
WITCH 5.0,EN_NPi2020_1600,12.527543739816,18.8850592351267,24.2520573853445,27.26646290713922,29.52940162434019,31.22820810567863,32.50351593399093,33.46089988255779,34.17961579147395,34.71916166385094,C4,C4: limit warming to 2°C (>50%)
WITCH 5.0,EN_NPi2020_1600f,12.527543739816,18.8850592351267,24.2520573853445,27.26646290713922,29.52940162434019,31.22820810567863,32.50351593399093,33.46089988255779,34.17961579147395,34.71916166385094,C4,C4: limit warming to 2°C (>50%)
WITCH 5.0,EN_NPi2020_1800,12.527543739816,18.8850592351267,24.2520573853445,27.26646290713922,29.52940162434019,31.22820810567863,32.50351593399093,33.4608998825578,34.17961579147395,34.71916166385093,C5,C5: limit warming to 2.5°C (>50%)
WITCH 5.0,EN_NPi2020_1800f,12.527543739816,18.8850592351267,24.2520573853445,27.26646290713922,29.52940162434019,31.22820810567863,32.50351593399093,33.4608998825578,34.17961579147395,34.71916166385093,C5,C5: limit warming to 2.5°C (>50%)
WITCH 5.0,EN_NPi2020_2000,12.527543739816,18.8850592351267,24.2520573853445,27.26646290713922,29.52940162434019,31.22820810567863,32.50351593399093,33.4608998825578,34.17961579147395,34.71916166385093,C5,C5: limit warming to 2.5°C (>50%)
WITCH 5.0,EN_NPi2020_2000f,12.527543739816,18.8850592351267,24.2520573853445,27.26646290713922,29.52940162434019,31.22820810567863,32.50351593399093,33.4608998825578,34.17961579147395,34.71916166385093,C5,C5: limit warming to 2.5°C (>50%)
WITCH 5.0,EN_NPi2020_2500,12.527543739816,18.8850592351267,24.2520573853445,27.26646290713922,29.52940162434019,31.22820810567863,32.50351593399093,33.46089988255779,34.17961579147395,34.71916166385094,C5,C5: limit warming to 2.5°C (>50%)
WITCH 5.0,EN_NPi2020_2500f,12.527543739816,18.8850592351267,24.2520573853445,27.26646290713922,29.52940162434019,31.22820810567863,32.50351593399093,33.46089988255779,34.17961579147395,34.71916166385094,C5,C5: limit warming to 2.5°C (>50%)
WITCH 5.0,EN_NPi2020_3000,12.527543739816,18.8850592351267,24.2520573853445,27.26646290713922,29.52940162434019,31.22820810567863,32.50351593399093,33.46089988255779,34.17961579147395,34.71916166385093,C6,C6: limit warming to 3°C (>50%)
WITCH 5.0,EN_NPi2020_3000f,12.527543739816,18.8850592351267,24.2520573853445,27.26646290713922,29.52940162434019,31.22820810567863,32.50351593399093,33.46089988255779,34.17961579147395,34.71916166385093,C6,C6: limit warming to 3°C (>50%)
WITCH 5.0,EN_NPi2020_400f,12.527543739816,18.8850592351267,24.2520573853445,27.26646290713922,29.52940162434019,31.22820810567863,32.50351593399093,33.4608998825578,34.17961579147395,34.71916166385094,C1,C1: limit warming to 1.5°C (>50%) with no or limited overshoot
WITCH 5.0,EN_NPi2020_450,12.527543739816,18.8850592351267,24.2520573853445,27.26646290713922,29.52940162434019,31.22820810567863,32.50351593399093,33.46089988255779,34.17961579147395,34.71916166385093,C1,C1: limit warming to 1.5°C (>50%) with no or limited overshoot
WITCH 5.0,EN_NPi2020_450f,12.527543739816,18.8850592351267,24.2520573853445,27.26646290713922,29.52940162434019,31.22820810567863,32.50351593399093,33.46089988255779,34.17961579147395,34.71916166385094,C1,C1: limit warming to 1.5°C (>50%) with no or limited overshoot
WITCH 5.0,EN_NPi2020_500,12.527543739816,18.8850592351267,24.2520573853445,27.26646290713922,29.52940162434019,31.22820810567863,32.50351593399093,33.4608998825578,34.17961579147395,34.71916166385094,C1,C1: limit warming to 1.5°C (>50%) with no or limited overshoot
WITCH 5.0,EN_NPi2020_500f,12.527543739816,18.8850592351267,24.2520573853445,27.26646290713922,29.52940162434019,31.22820810567863,32.50351593399093,33.4608998825578,34.17961579147395,34.71916166385094,C1,C1: limit warming to 1.5°C (>50%) with no or limited overshoot
WITCH 5.0,EN_NPi2020_600,12.527543739816,18.8850592351267,24.2520573853445,27.26646290713922,29.52940162434019,31.22820810567863,32.50351593399093,33.46089988255779,34.17961579147395,34.71916166385093,C3,C3: limit warming to 2°C (>67%)
WITCH 5.0,EN_NPi2020_600f,12.527543739816,18.8850592351267,24.2520573853445,27.26646290713922,29.52940162434019,31.22820810567863,32.50351593399093,33.4608998825578,34.17961579147395,34.71916166385093,C3,C3: limit warming to 2°C (>67%)
WITCH 5.0,EN_NPi2020_700,12.527543739816,18.8850592351267,24.2520573853445,27.26646290713922,29.52940162434019,31.22820810567863,32.50351593399093,33.4608998825578,34.17961579147395,34.71916166385093,C3,C3: limit warming to 2°C (>67%)
WITCH 5.0,EN_NPi2020_700f,12.527543739816,18.8850592351267,24.2520573853445,27.26646290713922,29.52940162434019,31.22820810567863,32.50351593399093,33.46089988255779,34.17961579147395,34.71916166385093,C3,C3: limit warming to 2°C (>67%)
WITCH 5.0,EN_NPi2020_800,12.527543739816,18.8850592351267,24.25205738534451,27.26646290713922,29.52940162434019,31.22820810567863,32.50351593399093,33.46089988255779,34.17961579147395,34.71916166385092,C3,C3: limit warming to 2°C (>67%)
WITCH 5.0,EN_NPi2020_800f,12.527543739816,18.8850592351267,24.2520573853445,27.26646290713922,29.52940162434019,31.22820810567863,32.50351593399093,33.46089988255779,34.17961579147395,34.71916166385094,C3,C3: limit warming to 2°C (>67%)
WITCH 5.0,EN_NPi2020_900,12.527543739816,18.8850592351267,24.25205738534451,27.26646290713922,29.52940162434019,31.22820810567863,32.50351593399093,33.4608998825578,34.17961579147395,34.71916166385094,C3,C3: limit warming to 2°C (>67%)
WITCH 5.0,EN_NPi2020_900f,12.527543739816,18.8850592351267,24.2520573853445,27.26646290713922,29.52940162434019,31.22820810567863,32.50351593399093,33.46089988255779,34.17961579147395,34.71916166385093,C3,C3: limit warming to 2°C (>67%)
WITCH 5.0,EN_NPi2100,12.527543739816,18.8850592351267,24.2520573853445,27.26646290713922,29.52940162434019,31.22820810567863,32.50351593399093,33.46089988255779,34.17961579147395,34.71916166385094,C7,C7: limit warming to 4°C (>50%)
WITCH 5.0,EN_NoPolicy,12.527543739816,17.48610485530952,22.18720736960146,25.71636322345233,28.36572919726488,30.35462975985602,31.84771357197383,32.96858372100937,33.81003004893975,34.44171064405311,C7,C7: limit warming to 4°C (>50%)
WITCH-GLOBIOM 3.1,SSP1-19,11.3802376666605,12.7771263410682,14.4661225785674,16.1393069131498,17.6549722030611,18.9613879668403,20.053289269123,20.9474816919842,21.6695212619828,22.2467376926913,C1,C1: limit warming to 1.5°C (>50%) with no or limited overshoot
WITCH-GLOBIOM 3.1,SSP1-26,11.3802376666605,12.7771263410682,14.4661225785674,16.1393069131498,17.6549722030611,18.9613879668403,20.053289269123,20.9474816919842,21.6695212619828,22.2467376926913,failed-vetting,failed-vetting
WITCH-GLOBIOM 3.1,SSP1-34,11.3802376666605,12.7771263410682,14.4661225785674,16.1393069131498,17.6549722030611,18.9613879668403,20.053289269123,20.9474816919842,21.6695212619828,22.2467376926913,failed-vetting,failed-vetting
WITCH-GLOBIOM 3.1,SSP1-45,11.3802376666605,12.7771263410682,14.4661225785674,16.1393069131498,17.6549722030611,18.9613879668403,20.053289269123,20.9474816919842,21.6695212619828,22.2467376926913,failed-vetting,failed-vetting
WITCH-GLOBIOM 3.1,SSP1-Baseline,11.3802376666605,12.7771263410682,14.4661225785674,16.1393069131498,17.6549722030611,18.9613879668403,20.053289269123,20.9474816919842,21.6695212619828,22.2467376926913,C7,C7: limit warming to 4°C (>50%)
WITCH-GLOBIOM 3.1,SSP2-26,11.3802376666605,12.7771263410682,14.4661225785674,16.1393069131498,17.6549722030611,18.9613879668403,20.053289269123,20.9474816919842,21.6695212619828,22.2467376926913,failed-vetting,failed-vetting
WITCH-GLOBIOM 3.1,SSP2-34,11.3802376666605,12.7771263410682,14.4661225785674,16.1393069131498,17.6549722030611,18.9613879668403,20.053289269123,20.9474816919842,21.6695212619828,22.2467376926913,failed-vetting,failed-vetting
WITCH-GLOBIOM 3.1,SSP2-45,11.3802376666605,12.7771263410682,14.4661225785674,16.1393069131498,17.6549722030611,18.9613879668403,20.053289269123,20.9474816919842,21.6695212619828,22.2467376926913,failed-vetting,failed-vetting
WITCH-GLOBIOM 3.1,SSP2-60,11.3802376666605,12.7771263410682,14.4661225785674,16.1393069131498,17.6549722030611,18.9613879668403,20.053289269123,20.9474816919842,21.6695212619828,22.2467376926913,failed-vetting,failed-vetting
WITCH-GLOBIOM 3.1,SSP2-Baseline,11.3802376666605,12.7771263410682,14.4661225785674,16.1393069131498,17.6549722030611,18.9613879668403,20.053289269123,20.9474816919842,21.6695212619828,22.2467376926913,C8,C8: exceed warming of 4°C (>=50%)
WITCH-GLOBIOM 3.1,SSP3-34,11.3802376666605,12.7771263410682,14.4661225785674,16.1393069131498,17.6549722030611,18.9613879668403,20.053289269123,20.9474816919842,21.6695212619828,22.2467376926913,failed-vetting,failed-vetting
WITCH-GLOBIOM 3.1,SSP3-45,11.3802376666605,12.7771263410682,14.4661225785674,16.1393069131498,17.6549722030611,18.9613879668403,20.053289269123,20.9474816919842,21.6695212619828,22.2467376926913,failed-vetting,failed-vetting
WITCH-GLOBIOM 3.1,SSP3-60,11.3802376666605,12.7771263410682,14.4661225785674,16.1393069131498,17.6549722030611,18.9613879668403,20.053289269123,20.9474816919842,21.6695212619828,22.2467376926913,failed-vetting,failed-vetting
WITCH-GLOBIOM 3.1,SSP3-Baseline,11.3802376666605,12.7771263410682,14.4661225785674,16.1393069131498,17.6549722030611,18.9613879668403,20.053289269123,20.9474816919842,21.6695212619828,22.2467376926913,C8,C8: exceed warming of 4°C (>=50%)
WITCH-GLOBIOM 3.1,SSP4-19,11.3802376666605,12.7771263410682,14.4661225785674,16.1393069131498,17.6549722030611,18.9613879668403,20.053289269123,20.9474816919842,21.6695212619828,22.2467376926913,C1,C1: limit warming to 1.5°C (>50%) with no or limited overshoot
WITCH-GLOBIOM 3.1,SSP4-26,11.3802376666605,12.7771263410682,14.4661225785674,16.1393069131498,17.6549722030611,18.9613879668403,20.053289269123,20.9474816919842,21.6695212619828,22.2467376926913,failed-vetting,failed-vetting
WITCH-GLOBIOM 3.1,SSP4-34,11.3802376666605,12.7771263410682,14.4661225785674,16.1393069131498,17.6549722030611,18.9613879668403,20.053289269123,20.9474816919842,21.6695212619828,22.2467376926913,failed-vetting,failed-vetting
WITCH-GLOBIOM 3.1,SSP4-45,11.3802376666605,12.7771263410682,14.4661225785674,16.1393069131498,17.6549722030611,18.9613879668403,20.053289269123,20.9474816919842,21.6695212619828,22.2467376926913,failed-vetting,failed-vetting
WITCH-GLOBIOM 3.1,SSP4-60,11.3802376666605,12.7771263410682,14.4661225785674,16.1393069131498,17.6549722030611,18.9613879668403,20.053289269123,20.9474816919842,21.6695212619828,22.2467376926913,failed-vetting,failed-vetting
WITCH-GLOBIOM 3.1,SSP4-Baseline,11.3802376666605,12.7771263410682,14.4661225785674,16.1393069131498,17.6549722030611,18.9613879668403,20.053289269123,20.9474816919842,21.6695212619828,22.2467376926913,C7,C7: limit warming to 4°C (>50%)
WITCH-GLOBIOM 3.1,SSP5-34,11.3802376666605,12.7771263410682,14.4661225785674,16.1393069131498,17.6549722030611,18.9613879668403,20.053289269123,20.9474816919842,21.6695212619828,22.2467376926913,failed-vetting,failed-vetting
WITCH-GLOBIOM 3.1,SSP5-45,11.3802376666605,12.7771263410682,14.4661225785674,16.1393069131498,17.6549722030611,18.9613879668403,20.053289269123,20.9474816919842,21.6695212619828,22.2467376926913,failed-vetting,failed-vetting
WITCH-GLOBIOM 3.1,SSP5-60,11.3802376666605,12.7771263410682,14.4661225785674,16.1393069131498,17.6549722030611,18.9613879668403,20.053289269123,20.9474816919842,21.6695212619828,22.2467376926913,failed-vetting,failed-vetting
WITCH-GLOBIOM 3.1,SSP5-Baseline,11.3802376666605,12.7771263410682,14.4661225785674,16.1393069131498,17.6549722030611,18.9613879668403,20.053289269123,20.9474816919842,21.6695212619828,22.2467376926913,C8,C8: exceed warming of 4°C (>=50%)
WITCH-GLOBIOM 4.2,ADVANCE_2020_1.5C-2100,13.4351985244469,18.7389304141898,21.384499168757,23.3622424996779,24.8407407153262,25.9460191098978,26.7722901980717,27.3899842690905,27.8517527744064,28.1969562699652,failed-vetting,failed-vetting
WITCH-GLOBIOM 4.2,ADVANCE_2020_Med2C,13.4351985244469,18.7389304141898,21.384499168757,23.3622424996779,24.8407407153262,25.9460191098978,26.7722901980717,27.3899842690905,27.8517527744064,28.1969562699652,failed-vetting,failed-vetting
WITCH-GLOBIOM 4.2,ADVANCE_2020_WB2C,13.4351985244469,18.7389304141898,21.384499168757,23.3622424996779,24.8407407153262,25.9460191098978,26.7722901980717,27.3899842690905,27.8517527744064,28.1969562699652,failed-vetting,failed-vetting
WITCH-GLOBIOM 4.2,ADVANCE_2030_Med2C,13.4351985244469,18.7389304141898,21.384499168757,23.3622424996779,24.8407407153262,25.9460191098978,26.7722901980717,27.3899842690905,27.8517527744064,28.1969562699652,failed-vetting,failed-vetting
WITCH-GLOBIOM 4.2,ADVANCE_2030_Price1.5C,13.4351985244469,18.7389304141898,21.384499168757,23.3622424996779,24.8407407153262,25.9460191098978,26.7722901980717,27.3899842690905,27.8517527744064,28.1969562699652,failed-vetting,failed-vetting
WITCH-GLOBIOM 4.2,ADVANCE_2030_WB2C,13.4351985244469,18.7389304141898,21.384499168757,23.3622424996779,24.8407407153262,25.9460191098978,26.7722901980717,27.3899842690905,27.8517527744064,28.1969562699652,failed-vetting,failed-vetting
WITCH-GLOBIOM 4.2,ADVANCE_INDC,13.4351985244469,18.7389304141898,21.384499168757,23.3622424996779,24.8407407153262,25.9460191098978,26.7722901980717,27.3899842690905,27.8517527744064,28.1969562699652,failed-vetting,failed-vetting
WITCH-GLOBIOM 4.2,ADVANCE_NoPolicy,13.4351985244469,17.41959734724,20.3982075934883,22.624922185487,24.2895434230138,25.5339614882577,26.4642489832112,27.15970242240349,27.6796013662333,28.0682613347702,C8,C8: exceed warming of 4°C (>=50%)
WITCH-GLOBIOM 4.2,ADVANCE_Reference,13.4351985244469,18.7389304141898,21.384499168757,23.3622424996779,24.8407407153262,25.9460191098978,26.7722901980717,27.3899842690905,27.8517527744064,28.1969562699652,failed-vetting,failed-vetting
WITCH-GLOBIOM 4.2,EMF30_BCOC-EndU,13.4351985244469,17.41959734724,20.3982075934883,22.624922185487,24.2895434230138,25.5339614882576,26.4642489832112,27.15970242240349,27.6796013662333,28.0682613347702,C8,C8: exceed warming of 4°C (>=50%)
WITCH-GLOBIOM 4.2,EMF30_Baseline,13.4351985244469,17.41959734724,20.3982075934883,22.624922185487,24.2895434230138,25.5339614882576,26.4642489832112,27.15970242240349,27.6796013662333,28.0682613347702,C8,C8: exceed warming of 4°C (>=50%)
WITCH-GLOBIOM 4.2,EMF30_CH4-Only,13.4351985244469,17.41959734724,20.3982075934883,22.624922185487,24.2895434230138,25.5339614882576,26.4642489832112,27.15970242240349,27.6796013662333,28.0682613347702,C7,C7: limit warming to 4°C (>50%)
WITCH-GLOBIOM 4.2,EMF30_ClimPolicy,13.4351985244469,17.41959734724,20.3982075934883,22.624922185487,24.2895434230138,25.5339614882576,26.4642489832112,27.15970242240349,27.6796013662333,28.0682613347702,failed-vetting,failed-vetting
WITCH-GLOBIOM 4.2,EMF30_ClimPolicy+SLCF,13.4351985244469,17.41959734724,20.3982075934883,22.624922185487,24.2895434230138,25.5339614882576,26.4642489832112,27.15970242240349,27.6796013662333,28.0682613347702,failed-vetting,failed-vetting
WITCH-GLOBIOM 4.2,EMF30_D_BCOC-Red,13.4351985244469,17.41959734724,20.3982075934883,22.624922185487,24.2895434230138,25.5339614882576,26.4642489832112,27.15970242240349,27.6796013662333,28.0682613347702,C8,C8: exceed warming of 4°C (>=50%)
WITCH-GLOBIOM 4.2,EMF30_D_CH4-ClimPolicy,13.4351985244469,17.41959734724,20.3982075934883,22.624922185487,24.2895434230138,25.5339614882576,26.4642489832112,27.15970242240349,27.6796013662333,28.0682613347702,failed-vetting,failed-vetting
WITCH-GLOBIOM 4.2,EMF30_D_CO2-Only,13.4351985244469,17.41959734724,20.3982075934883,22.624922185487,24.2895434230138,25.5339614882576,26.4642489832112,27.15970242240349,27.6796013662333,28.0682613347702,failed-vetting,failed-vetting
WITCH-GLOBIOM 4.2,EMF30_D_Frozen-CH4,13.4351985244469,17.41959734724,20.3982075934883,22.624922185487,24.2895434230138,25.5339614882576,26.4642489832112,27.15970242240349,27.6796013662333,28.0682613347702,C8,C8: exceed warming of 4°C (>=50%)
WITCH-GLOBIOM 4.2,EMF30_D_Frozen-EF,13.4351985244469,17.41959734724,20.3982075934883,22.624922185487,24.2895434230138,25.5339614882576,26.4642489832112,27.15970242240349,27.6796013662333,28.0682613347702,C7,C7: limit warming to 4°C (>50%)
WITCH-GLOBIOM 4.2,EMF30_D_Frozen-EF-EndU,13.4351985244469,17.41959734724,20.3982075934883,22.624922185487,24.2895434230138,25.5339614882576,26.4642489832112,27.15970242240349,27.6796013662333,28.0682613347702,C8,C8: exceed warming of 4°C (>=50%)
WITCH-GLOBIOM 4.2,EMF30_D_Frozen-EF-SLCF,13.4351985244469,17.41959734724,20.3982075934883,22.624922185487,24.2895434230138,25.5339614882576,26.4642489832112,27.15970242240349,27.6796013662333,28.0682613347702,C8,C8: exceed warming of 4°C (>=50%)
WITCH-GLOBIOM 4.2,EMF30_SLCF,13.4351985244469,17.41959734724,20.3982075934883,22.624922185487,24.2895434230138,25.5339614882576,26.4642489832112,27.15970242240349,27.6796013662333,28.0682613347702,C7,C7: limit warming to 4°C (>50%)
WITCH-GLOBIOM 4.2,EMF30_Slower-Action,12.0818153794695,14.6415133175196,17.2332328297908,19.6072279820151,21.6669534682785,23.3957392780148,24.8155389579365,25.9642886039896,26.883948486555,27.614583419592,failed-vetting,failed-vetting
WITCH-GLOBIOM 4.2,EMF30_Slower-Action+SLCF,12.0818153794695,14.6415133175196,17.2332328297908,19.6072279820151,21.6669534682785,23.3957392780148,24.8155389579365,25.9642886039896,26.883948486555,27.614583419592,failed-vetting,failed-vetting
WITCH-GLOBIOM 4.2,EMF30_Slower-to-faster,12.0818153794695,14.6415133175196,17.2332328297908,19.6072279820151,21.6669534682785,23.3957392780148,24.8155389579365,25.9642886039896,26.883948486555,27.614583419592,failed-vetting,failed-vetting
WITCH-GLOBIOM 4.2,EMF30_Slower-to-faster+SLCF,12.0818153794695,14.6415133175196,17.2332328297908,19.6072279820151,21.6669534682785,23.3957392780148,24.8155389579365,25.9642886039896,26.883948486555,27.614583419592,failed-vetting,failed-vetting
WITCH-GLOBIOM 4.2,EMF30_Slower-to-faster+SLCF+HFC,12.0818153794695,14.6415133175196,17.2332328297908,19.6072279820151,21.6669534682785,23.3957392780148,24.8155389579365,25.9642886039896,26.883948486555,27.614583419592,failed-vetting,failed-vetting
WITCH-GLOBIOM 4.4,CD-LINKS_INDC2030i_1600,12.2404018591548,20.4094842902373,26.1765720499859,28.7385197239072,30.6617946584979,32.1056127784688,33.1894987721267,34.0031807941196,34.6140184991812,35.0725793274161,C3,C3: limit warming to 2°C (>67%)
WITCH-GLOBIOM 4.4,CD-LINKS_INDCi,12.2404018591548,20.4094842902373,26.1765720499859,28.7385197239072,30.6617946584979,32.1056127784688,33.1894987721267,34.0031807941196,34.6140184991812,35.0725793274161,C7,C7: limit warming to 4°C (>50%)
WITCH-GLOBIOM 4.4,CD-LINKS_NDC2030i_1000,12.2404018591548,20.4094842902373,26.1765720499859,28.7385197239072,30.6617946584979,32.1056127784688,33.1894987721267,34.0031807941196,34.6140184991812,35.0725793274161,C2,C2: return warming to 1.5°C (>50%) after a high overshoot
WITCH-GLOBIOM 4.4,CD-LINKS_NPi,12.2404018591548,20.4094842902373,24.4091200851814,27.4116791734136,29.6657246766872,31.3578549500731,32.6281508948314,33.5817723816928,34.2976637800367,34.835089269378,C7,C7: limit warming to 4°C (>50%)
WITCH-GLOBIOM 4.4,CD-LINKS_NPi2020_1000,12.2404018591548,20.4094842902373,24.4091200851814,27.4116791734136,29.6657246766872,31.3578549500731,32.6281508948314,33.5817723816928,34.2976637800367,34.835089269378,C1,C1: limit warming to 1.5°C (>50%) with no or limited overshoot
WITCH-GLOBIOM 4.4,CD-LINKS_NPi2020_1600,12.2404018591548,20.4094842902373,24.4091200851814,27.4116791734136,29.6657246766872,31.3578549500731,32.6281508948314,33.5817723816928,34.2976637800367,34.835089269378,C3,C3: limit warming to 2°C (>67%)
WITCH-GLOBIOM 4.4,CD-LINKS_NPi2020_400,12.2404018591548,20.4094842902373,24.4091200851814,27.4116791734136,29.6657246766872,31.3578549500731,32.6281508948314,33.5817723816928,34.2976637800367,34.835089269378,C1,C1: limit warming to 1.5°C (>50%) with no or limited overshoot
WITCH-GLOBIOM 4.4,CD-LINKS_NoPolicy,12.2404018591548,18.8416662973404,23.2321463794212,26.5281154496096,29.0024262102884,30.85991140205969,32.2543406275555,33.3011499768472,34.0869982606672,34.6769409523339,C7,C7: limit warming to 4°C (>50%)
